factor,factor_level,method,comparison_protocol,n_cases,n_seeds,failure_rate,SCNR_improvement_dB__mean,SCNR_improvement_dB__std,SCNR_improvement_dB__ci95_low,SCNR_improvement_dB__ci95_high,SCNR_improvement_dB__p05,SCNR_improvement_dB__p95,target_loss_dB__mean,target_loss_dB__std,target_loss_dB__ci95_low,target_loss_dB__ci95_high,target_loss_dB__p05,target_loss_dB__p95,residual_suppression_dB__mean,residual_suppression_dB__std,residual_suppression_dB__ci95_low,residual_suppression_dB__ci95_high,residual_suppression_dB__p05,residual_suppression_dB__p95,background_residual_p95_dB_over_input_median__mean,background_residual_p95_dB_over_input_median__std,background_residual_p95_dB_over_input_median__ci95_low,background_residual_p95_dB_over_input_median__ci95_high,background_residual_p95_dB_over_input_median__p05,background_residual_p95_dB_over_input_median__p95,background_residual_p99_dB_over_input_median__mean,background_residual_p99_dB_over_input_median__std,background_residual_p99_dB_over_input_median__ci95_low,background_residual_p99_dB_over_input_median__ci95_high,background_residual_p99_dB_over_input_median__p05,background_residual_p99_dB_over_input_median__p95,background_residual_cvar95_dB_over_input_median__mean,background_residual_cvar95_dB_over_input_median__std,background_residual_cvar95_dB_over_input_median__ci95_low,background_residual_cvar95_dB_over_input_median__ci95_high,background_residual_cvar95_dB_over_input_median__p05,background_residual_cvar95_dB_over_input_median__p95,high_tail_fraction_15dB__mean,high_tail_fraction_15dB__std,high_tail_fraction_15dB__ci95_low,high_tail_fraction_15dB__ci95_high,high_tail_fraction_15dB__p05,high_tail_fraction_15dB__p95,background_Pfa__mean,background_Pfa__std,background_Pfa__ci95_low,background_Pfa__ci95_high,background_Pfa__p05,background_Pfa__p95,Pd__mean,Pd__std,Pd__successes,Pd__trials,Pd__ci95_low,Pd__ci95_high,Pd__p05,Pd__p95,runtime_ms__mean,runtime_ms__std,runtime_ms__ci95_low,runtime_ms__ci95_high,runtime_ms__p05,runtime_ms__p95
azimuth_subcell_count,17,Corrected JDL physical,scientific_controlled,5,5,0.0,-1.0598900769959725,0.41347220718214295,-1.5732836309122953,-0.5464965230796498,-1.5159985991648324,-0.6609608052183159,1.3339130615384338,0.12675430507226879,1.1765268043127357,1.491299318764132,1.1860807853128272,1.4802157505850775,-2.3250954563809882,0.01893943216166642,-2.3486118674425707,-2.301579045319406,-2.3436245728049374,-2.30493195668919,25.83746369160255,0.02767789159603498,25.80309705006154,25.87183033314356,25.80312498588141,25.867197871483448,38.2767941598494,0.0567758854637691,38.20629758690284,38.34729073279596,38.22121249677336,38.34624475189902,36.999108537969654,0.08114589928518016,36.898352596225294,37.099864479714014,36.91469957408253,37.09764777984888,0.14633417864187095,0.00031275428695745996,0.14594584290347168,0.14672251438027023,0.14599830938292477,0.14671700948624025,0.0043661811561219845,4.980682000054864e-05,0.0043043378208622385,0.0044280244913817305,0.004305113032923684,0.0044192838719465935,1.0,0.0,5,5,0.5655085052479191,1.0,1.0,1.0,3680.630963599833,81.47690709457004,3579.4640213754324,3781.797905824234,3587.5478583995573,3757.141911800136
azimuth_subcell_count,17,Current legacy CSI [production replay],production_replay,5,5,0.0,17.29598807996681,2.7273735484667663,13.909506535179688,20.682469624753935,14.491196534823397,20.758010471091676,-6.969844648090094,0.03259156526973235,-7.010312421330661,-6.929376874849527,-7.0071425972315495,-6.940866773065097,20.34493284445004,0.10042017121709755,20.22024473315621,20.469620955743867,20.251401860490876,20.473867395127616,7.465976206405443,0.08549292486801607,7.359822719495604,7.572129693315283,7.3810776470101755,7.561467900707944,11.389268799026128,0.12908359567836317,11.228990345513486,11.54954725253877,11.226016982987819,11.503637232446362,10.41097970331072,0.10866464850157428,10.276054721388741,10.545904685232697,10.290498634829882,10.495416948190579,0.0011845590307128769,0.00021611148105393977,0.0009162211850894917,0.001452896876336262,0.0009888231426692965,0.001471963933502395,0.0020899711728114096,0.00015646048557611017,0.0018956998207299198,0.0022842425248928992,0.0018824912759824002,0.0022242451828250642,1.0,0.0,5,5,0.5655085052479191,1.0,1.0,1.0,207.22527359976084,4.45278292173105,201.69641335402642,212.75413384549526,201.98634959924675,211.50136820069747
azimuth_subcell_count,17,Current legacy CSI [scientific controlled],scientific_controlled,5,5,0.0,17.307085266510164,2.7480137027617224,13.894975585217601,20.719194947802727,14.514082886856079,20.816026037807458,-6.948369234251461,0.03220429923195088,-6.988356153195188,-6.908382315307735,-6.985569691292706,-6.919425525227049,20.34442893478252,0.10054959689665119,20.21958012028195,20.46927774928309,20.250576517336334,20.473478656558136,7.466649557015496,0.08514944147523847,7.36092256106845,7.572376552962543,7.381378155736002,7.561922343043848,11.389337855786698,0.12887021681548178,11.229324347126074,11.549351364447322,11.226802602441952,11.501630462767043,10.412410876740534,0.10888172925038274,10.277216353468056,10.547605400013012,10.2917692481996,10.496769729778634,0.0011875645721799567,0.00021723436561568843,0.0009178324812221083,0.0014572966631378052,0.0009918286841363764,0.0014768479383864,0.0020895918676983767,0.00015784744794925925,0.0018935983743712831,0.00228558536102547,0.0018768016992869066,0.0022181763010165377,1.0,0.0,5,5,0.5655085052479191,1.0,1.0,1.0,209.93443179904716,3.4764681814182414,205.61782641727578,214.25103718081854,206.13503839886107,213.48205959984625
azimuth_subcell_count,17,DL-SMI/MVDR global,scientific_controlled,5,5,0.0,-0.8541526155228354,0.17509771432159424,-1.0715651435638993,-0.6367400874817715,-1.017363799305389,-0.6255845710796628,-0.011215466668083892,0.00012791503395076045,-0.01137429416056969,-0.011056639175598095,-0.011313063861006212,-0.011045236171750728,-0.8018660717553399,0.00747900549860804,-0.8111524836253369,-0.7925796598853428,-0.8103575627912439,-0.7929961895085047,24.743939256623534,0.05086061647115308,24.680787460224803,24.807091053022265,24.703013732514194,24.811643209819643,36.544379158200215,0.07204115979183155,36.45492824369778,36.63383007270265,36.46365488323197,36.625497745106884,35.3984788539089,0.09099976558798235,35.28548772113323,35.51146998668457,35.31665986083549,35.514361201651774,0.1450391659622429,0.00028788210287819597,0.14468171311937156,0.14539661880511423,0.14475551798628722,0.14534836104066873,0.004410180549233804,3.6716264725626245e-05,0.004364591285175439,0.004455769813292169,0.004363526020330754,0.004439387042937339,1.0,0.0,5,5,0.5655085052479191,1.0,1.0,1.0,2199.329538600068,196.19437933691663,1955.7220411272926,2442.9370360728435,1996.3758327994583,2416.1975646005885
azimuth_subcell_count,17,DL-SMI/MVDR local,scientific_controlled,5,5,0.0,0.0013235628709165948,0.06382881713556927,-0.07793038141431428,0.08057750715614746,-0.07224273869753875,0.07563292206969996,-0.012278251614746983,9.503639417960706e-05,-0.012396254883918996,-0.01216024834557497,-0.012392936649570543,-0.012172058352501885,0.08590709998244701,0.00429020295022977,0.0805801094341549,0.09123409053073912,0.08050341392754908,0.09029343646461525,23.594521490112403,0.05247578764214051,23.52936419381972,23.659678786405085,23.550028006844133,23.665079351643705,35.461047706713565,0.07331723939246701,35.37001233011218,35.55208308331495,35.40540241785274,35.56113656695902,34.521601077707075,0.09258990205880421,34.40663552972335,34.6365666256908,34.43841804989352,34.64159026380717,0.13140077017000093,0.000342422808081027,0.13097559609704254,0.13182594424295932,0.13106677937447167,0.13182041889734197,0.004633970565923229,3.83689198892655e-05,0.0045863292594467255,0.004681611872399732,0.004588453952359278,0.004677211348808981,1.0,0.0,5,5,0.5655085052479191,1.0,1.0,1.0,1127.2018820000085,241.47236002889426,827.3743459905945,1427.0294180094224,965.4791034001391,1453.6151125998003
azimuth_subcell_count,17,MNEC physical,scientific_controlled,5,5,0.0,-0.22411555820945622,0.08557020824592525,-0.33036500510730493,-0.11786611131160753,-0.3097723788506937,-0.11395706856748264,-0.01162866223131907,4.219948243171194e-05,-0.0116810598093974,-0.011576264653240739,-0.011682554580129293,-0.011585660964797304,-0.22202081665221757,0.004598452981392945,-0.22773055016665048,-0.21631108313778466,-0.22697390815703516,-0.21696192289033728,24.082481926259852,0.056601695538932864,24.01220163867181,24.152762213847893,24.035550744548964,24.1575099389144,35.88172677837209,0.06731635874486129,35.79814247922836,35.96531107751582,35.82239572450531,35.97061854841964,34.81703118318063,0.09037386331254683,34.704817210726766,34.9292451556345,34.7389259380409,34.93491455385731,0.13830449891988356,0.00031105618599006963,0.13791827165232082,0.1386907261874463,0.13793782286089978,0.13863623555931248,0.004514110150204825,3.536397270611144e-05,0.004470199978462151,0.004558020321947499,0.004468972841753907,0.0045474890001517216,1.0,0.0,5,5,0.5655085052479191,1.0,1.0,1.0,2195.746295200297,90.17590055647553,2083.77812597363,2307.7144644269642,2103.671144400869,2308.9066564010864
azimuth_subcell_count,17,Phase-only CSI [production replay],production_replay,5,5,0.0,14.945970898325807,2.909501396192251,11.333347761947431,18.558594034704182,12.205294981923627,18.75989458571314,-6.72513896272798,0.021323959979787598,-6.751616156134041,-6.6986617693219195,-6.745377365494824,-6.697376742264671,18.6025258116382,0.1045753500180481,18.472678364421128,18.73237325885527,18.505014043926835,18.73426168073211,9.117198368808275,0.09250503665829857,9.002338195137055,9.232058542479495,9.016412816662282,9.216931637965565,13.219057497246027,0.1943511321357904,12.977738693462681,13.460376301029372,13.050564170098445,13.43076372689874,12.158427270074998,0.12016707433911414,12.009220140098526,12.307634400051471,12.027632698763814,12.262842200829237,0.0038685075608152534,0.00049113395074531,0.0032586842158787363,0.0044783309057517704,0.0032700291161829624,0.004365173288250212,0.0002518585950538613,0.00011212300202624644,0.00011263950006723276,0.0003910776900404899,0.00011151570323167957,0.00035806402670307997,1.0,0.0,5,5,0.5655085052479191,1.0,1.0,1.0,203.4916289998364,9.997367551927075,191.07825763378818,215.9050003658846,193.0361365997669,214.28253200028848
azimuth_subcell_count,17,Phase-only CSI [scientific controlled],scientific_controlled,5,5,0.0,14.962072472330217,2.9244366149926786,11.33090481246204,18.593240132198392,12.226948395274283,18.80476903927275,-6.703782284259584,0.02079212223582731,-6.729599113886083,-6.677965454633085,-6.72286598515163,-6.676379584496916,18.60198439716587,0.10466171973415646,18.472029707781775,18.731939086549968,18.50426025005141,18.733800482513953,9.118644649696114,0.09316094334752618,9.002970060302697,9.23431923908953,9.016855972862556,9.219157512044145,13.221669171107658,0.19620027719563807,12.978054350476041,13.465283991739275,13.051167437072458,13.436515373429348,12.15982957013113,0.12027805008524171,12.010484645566018,12.309174494696242,12.028810326493236,12.264212341416062,0.003878275570583263,0.00048782685894965946,0.003272558522468164,0.0044839926186983625,0.003284681130834977,0.0043741899126514515,0.0002526172052799272,0.0001116004985819941,0.00011404688400896474,0.0003911875265508896,0.00011227431345774541,0.00035844333181611285,1.0,0.0,5,5,0.5655085052479191,1.0,1.0,1.0,203.60162899996794,7.522451229814376,194.2612721296564,212.9419858702795,197.8554688004806,213.87835839959735
azimuth_subcell_count,17,Row complex LS / Wiener [scientific controlled],scientific_controlled,5,5,0.0,14.928704507523573,2.9821054176723427,11.225931571548482,18.631477443498664,12.249414360758626,18.880759805478363,-6.729018819147666,0.01845096001767493,-6.751928711933928,-6.706108926361404,-6.754326607451597,-6.7152780575433715,18.861821102752106,0.0979169159283255,18.740241193428663,18.98340101207555,18.758902861747643,18.979855571841412,8.833994551531791,0.0889318666953015,8.723571054363092,8.944418048700491,8.7332664993362,8.926304942719533,12.831716018341542,0.15776675957121913,12.635822712868535,13.027609323814549,12.661993262971388,12.996366591028737,11.812183608362968,0.11040276973991679,11.675100463874825,11.949266752851111,11.67748003020543,11.895045523599652,0.0030491218183525876,0.00030613594420176053,0.0026690038378808434,0.003429239798824332,0.0027125011740396355,0.0033782286089978396,0.00034934000910332276,6.712468181709234e-05,0.00026599370830009014,0.0004326863099065554,0.0002719617660446063,0.00041647701411015017,1.0,0.0,5,5,0.5655085052479191,1.0,1.0,1.0,201.51485780006624,2.2690583519784377,198.69744973458882,204.33226586554366,198.66817500114848,203.60157399954915
azimuth_subcell_count,17,Row complex LS / Wiener robust IRLS [scientific controlled],scientific_controlled,5,5,0.0,14.918441800623501,2.9826171267304824,11.215033493933365,18.621850107313637,12.255346582221954,18.878632170604448,-6.707806530822674,0.011709848040883385,-6.722346227559488,-6.693266834085861,-6.723020873106276,-6.696546042766636,18.85966281467163,0.09811765849794278,18.737833650526586,18.981491978816674,18.75675042240937,18.978134941828248,8.840883506815578,0.09099561862293773,8.727897523177106,8.95386949045405,8.738668648549176,8.935666558798744,12.850405928448092,0.16092995767137566,12.650584993774931,13.050226863121253,12.680968564096897,13.020201170762972,11.830648500726358,0.11137276669970136,11.692360945934881,11.968936055517835,11.69623789614803,11.914597007605101,0.003106978491593876,0.0003151090887377383,0.0027157188806011204,0.0034982381025866318,0.0027451864374941296,0.0034375880529726685,0.0003508572295554544,6.767966120488348e-05,0.00026682183082665583,0.00043489262828425295,0.0002677894098012441,0.0004134425732058868,1.0,0.0,5,5,0.5655085052479191,1.0,1.0,1.0,321.9792766001774,50.64336588170523,259.0972324369532,384.8613207634016,277.6899697997578,378.4334376006882
azimuth_subcell_count,17,SA-MNEC physical [approximate academic reference],scientific_controlled,5,5,0.0,-0.20188561841649463,0.07835981417735334,-0.2991821785865285,-0.10458905824646077,-0.28068908103116946,-0.1011966036142635,0.004973525459196995,0.0009099065350937284,0.0038437272728398847,0.006103323645554106,0.003949649674644246,0.0057390674709428355,-0.21984771350585985,0.004737917462089777,-0.22573061504500236,-0.21396481196671735,-0.22457682872903598,-0.21408046294820293,24.07767581340591,0.057693722611715015,24.006039595116533,24.14931203169529,24.03157607822904,24.154261626926615,35.87894367821927,0.06867173044564229,35.7936764628305,35.96421089360805,35.816986487782806,35.96977273115031,34.81432296019517,0.09069910145795365,34.70170515124531,34.926940769145034,34.735761063591504,34.93233990843587,0.13844651075420306,0.0002893839806780475,0.13808719308373796,0.13880582842466815,0.13809486240255472,0.1387560815253123,0.0045175238962221215,3.895963925082339e-05,0.00446914911478133,0.004565898677662913,0.004467076316188742,0.004554316492186314,1.0,0.0,5,5,0.5655085052479191,1.0,1.0,1.0,6496.691084200211,102.04127718230363,6369.990103992112,6623.392064408309,6370.748119600103,6602.889405000315
azimuth_subcell_count,17,Shrinkage-SMI/MVDR global,scientific_controlled,5,5,0.0,-0.6619590152631416,0.14806260212943473,-0.8458030178077748,-0.4781150127185084,-0.8008765469912708,-0.4678647574757701,-0.011215822831671695,0.00010416169855807615,-0.011345156662763114,-0.011086489000580277,-0.011291283766881596,-0.011074938046443127,-0.6172871849184081,0.005032657087675927,-0.6235360540394852,-0.6110383157973309,-0.6224628305816227,-0.6115030580535005,24.52894524593042,0.04849360135364891,24.4687324869863,24.589158004874538,24.496301638611627,24.595532572176918,36.339542867540814,0.06747515706894382,36.255761394235094,36.423324340846534,36.26748722602722,36.41703772951468,35.213903922324526,0.0890631772437026,35.103317381575295,35.32449046307376,35.135908317959036,35.3289473856522,0.14275495444726213,0.00022249524945277041,0.14247869010624503,0.14303121878827924,0.14254794777871702,0.14302921010613318,0.004445076619632832,4.696342633676584e-05,0.004386763823918129,0.004503389415347535,0.004385905021999697,0.004486800182066454,1.0,0.0,5,5,0.5655085052479191,1.0,1.0,1.0,3477.4212474003434,142.41013439952445,3300.595710536954,3654.246784263733,3323.3564119997027,3633.0539833998046
azimuth_subcell_count,17,Shrinkage-SMI/MVDR local,scientific_controlled,5,5,0.0,-0.13319426527688055,0.07793279978060999,-0.22996061704376308,-0.03642791350999802,-0.21527180684538094,-0.0352383438034199,-0.011737488640072208,0.00013066259836093722,-0.011899727684368871,-0.011575249595775544,-0.011867811102426708,-0.011569358840951758,-0.09823591822037563,0.005865434845245038,-0.10551881750153204,-0.09095301893921921,-0.10441473377570995,-0.09086575385224276,23.861094164215523,0.056676608038143034,23.7907208604742,23.931467467956846,23.81185892594889,23.934993948584705,35.696552298955545,0.07189570467816356,35.60728199083111,35.78582260707998,35.64256669117834,35.792548095911435,34.70285091570495,0.09324585978266553,34.58707088863117,34.81863094277873,34.62056085792665,34.823515121841275,0.1341876584953508,0.00029854392550536274,0.13381696725116807,0.13455834973953354,0.13385103785103786,0.13453930684699916,0.004586557426794114,4.757596075456523e-05,0.004527484069145168,0.0046456307844430595,0.0045357305416477015,0.004642315278409952,1.0,0.0,5,5,0.5655085052479191,1.0,1.0,1.0,1713.4667123998952,141.23486649094613,1538.1004633868329,1888.8329614129575,1577.9079936004564,1894.5100547996844
azimuth_subcell_count,5,Corrected JDL physical,scientific_controlled,5,5,0.0,-1.1738060816918456,0.4350435574197456,-1.713984004590865,-0.6336281587928262,-1.6195127868334127,-0.645658655380309,1.327024460087228,0.1293459324235536,1.1664202724826769,1.4876286476917793,1.1752524885566857,1.4753341021105297,-2.3687918540179242,0.01824024013278213,-2.3914401035094093,-2.346143604526439,-2.3878063941623586,-2.349686321595764,26.212984490067452,0.03720773475045494,26.16678498537306,26.259183994761845,26.176159460991443,26.260243032891246,37.561641066827335,0.05378104758059381,37.49486307626078,37.62841905739389,37.53053538776517,37.63614830687546,36.34875485549382,0.08124224669456095,36.247879282639914,36.44963042834773,36.27021238342951,36.45344091282108,0.16354879308725462,0.00035866207973446625,0.16310345529532708,0.16399413087918216,0.1631738517892364,0.1640003756926834,0.004281975421028676,5.812162436467275e-05,0.004209807892537882,0.00435414294951947,0.00421635563647398,0.004350629646487634,1.0,0.0,5,5,0.5655085052479191,1.0,1.0,1.0,3678.1318503995863,96.46979721733798,3558.348776280705,3797.9149245184676,3574.246097399009,3781.2891853998735
azimuth_subcell_count,5,Current legacy CSI [production replay],production_replay,5,5,0.0,16.913225995966567,2.7890492715760966,13.450163926231342,20.37628806570179,14.68593450691583,20.68148860256652,-6.933213993596804,0.049937806153401966,-6.995219969646811,-6.871208017546797,-6.981605708539802,-6.868465164720887,20.307036567263435,0.09394993148734107,20.1903823197018,20.42369081482507,20.2070439104679,20.41732698379283,6.752067288247052,0.08061321054790743,6.651972766930016,6.852161809564088,6.681980924301197,6.851996330839879,10.625433254219477,0.10048294513654729,10.500667198809843,10.75019930962911,10.500166380254239,10.716520284399396,9.658910299913305,0.08787140112078508,9.549803544669818,9.768017055156793,9.560757353025554,9.726191676907115,0.0006330421715037099,9.80946474247913e-05,0.0005112415793797582,0.0007548427636276616,0.0005455057762750071,0.0007543909082370621,0.002030040964952208,0.00011150538152643425,0.0018915887471047494,0.0021684931827996665,0.001948869670763162,0.002181383705052344,1.0,0.0,5,5,0.5655085052479191,1.0,1.0,1.0,207.5888903997111,6.484924498927811,199.53679311831644,215.64098768110574,198.7709435990837,212.614777399358
azimuth_subcell_count,5,Current legacy CSI [scientific controlled],scientific_controlled,5,5,0.0,16.908493930428904,2.8072465759474188,13.422836922991435,20.39415093786637,14.674416887138628,20.700824780992896,-6.915110812775927,0.049324007159828626,-6.97635465671348,-6.853866968838374,-6.963383905107442,-6.851415437231444,20.30702725365104,0.09407228520637564,20.190221083881433,20.423833423420646,20.206697545807252,20.417339614813454,6.751481427539543,0.08013357276987798,6.651982455183665,6.8509803998954215,6.68165492492395,6.851212944362219,10.624413918983247,0.1013483030365276,10.498573379823647,10.750254458142848,10.497900686766629,10.716383989161908,9.659751584348909,0.08799861194607805,9.550486876003474,9.769016292694344,9.561446530176323,9.727018982893188,0.0006379261763877148,0.00010061271714485882,0.0005129989877473857,0.0007628533650280439,0.0005500140884756269,0.0007630318399549169,0.002031937490517372,0.00011082591809745644,0.001894328937947772,0.002169546043086972,0.0019519041116674253,0.0021829009255044758,1.0,0.0,5,5,0.5655085052479191,1.0,1.0,1.0,203.01791580059216,6.6121910628962,194.80779620854275,211.22803539264157,197.44461640075315,211.3843948005524
azimuth_subcell_count,5,DL-SMI/MVDR global,scientific_controlled,5,5,0.0,-0.9571112424168877,0.0936221409893686,-1.073358484318236,-0.8408640005155394,-1.0653946222603012,-0.8517689852546241,-0.011192193880446075,0.00012054616493676053,-0.011341871713569703,-0.011042516047322447,-0.01128561629055959,-0.011030662469669276,-0.7930925921134249,0.008162802351837074,-0.803228049918162,-0.7829571343086877,-0.8030990408301882,-0.7843997762200686,24.77299760660537,0.04953169743530133,24.711495881129984,24.834499332080753,24.740476120201787,24.841244565388326,35.80312257753506,0.060745033469596005,35.72769765640612,35.878547498664005,35.74667228178955,35.882820286887366,34.70192651993078,0.0905026098362802,34.5895526875535,34.81430035230806,34.626077088860036,34.822503725758786,0.1571706584014276,0.0004945149045722042,0.15655663704784464,0.15778467975501057,0.1567431201277355,0.15781159011928242,0.00432407828857533,2.8193879432784353e-05,0.004289070963513916,0.004359085613636743,0.004292595964193597,0.004350250341374601,1.0,0.0,5,5,0.5655085052479191,1.0,1.0,1.0,2129.1967085999204,292.5517580298253,1765.9457230427786,2492.447694157062,1800.6360807994497,2432.827389200247
azimuth_subcell_count,5,DL-SMI/MVDR local,scientific_controlled,5,5,0.0,-0.047187912574690925,0.02795345357752265,-0.0818967095073886,-0.01247911564199325,-0.07733050957046324,-0.013150796769648393,-0.012268873155529075,8.921239444790454e-05,-0.01237964497390868,-0.01215810133714947,-0.012374638585432134,-0.01216830621235994,0.15672441601251985,0.005143797234850143,0.15033754817194128,0.16311128385309842,0.15041201482630473,0.1615006751807191,23.412451412362053,0.07603747755772088,23.31803841396433,23.506864410759775,23.365580069391374,23.51745736182167,34.68578290935437,0.07653709918215117,34.59074954877287,34.780816269935876,34.638324905326634,34.79001486792216,33.78314878322811,0.09260128534195058,33.66816910103152,33.89812846542469,33.71091511281199,33.90695034619458,0.13694937541091387,0.0004817205804287509,0.1363512403090012,0.13754751051282654,0.13645158260542875,0.1375316990701606,0.0045645577302382044,4.546522031558752e-05,0.004508105203001892,0.004621010257474517,0.004514489455317858,0.004619556971627977,1.0,0.0,5,5,0.5655085052479191,1.0,1.0,1.0,1162.3302779997175,229.38250168919444,877.5142838341043,1447.1462721653306,1002.6349603998824,1472.37999859899
azimuth_subcell_count,5,MNEC physical,scientific_controlled,5,5,0.0,-0.2980995935960915,0.024735606369600333,-0.32881290549898834,-0.26738628169319467,-0.33179288532845963,-0.2788359270852386,-0.011594190662945359,3.816453330692641e-05,-0.011641578189960856,-0.011546803135929862,-0.011644463640688956,-0.011558420700946249,-0.21077602004265317,0.005150904032382308,-0.21717171213786995,-0.20438032794743638,-0.21633823397672777,-0.2051255314190417,24.097866553831636,0.062337787805294184,24.020463966986075,24.175269140677198,24.05294466738408,24.183423917200447,35.143073378710156,0.06513424658422293,35.06219852967634,35.223948227743975,35.10533269547432,35.23236499494743,34.1208899741069,0.09070205351550928,34.00826849969345,34.23351144852035,34.04939769632269,34.24265574490938,0.14840274255658872,0.0006092572465542176,0.147646249767897,0.14915923534528044,0.14789630881938576,0.14917065840142765,0.0044363526020330755,3.908407444786774e-05,0.004387823313888004,0.004484881890178147,0.004394249734486421,0.004484145046275223,1.0,0.0,5,5,0.5655085052479191,1.0,1.0,1.0,2156.7895573996793,152.74554566239425,1967.1309124645445,2346.448202334814,1967.0589281991852,2304.8586138000246
azimuth_subcell_count,5,Phase-only CSI [production replay],production_replay,5,5,0.0,14.496544352931542,2.9533642394688404,10.829458303197727,18.163630402665355,11.943039257668701,18.45763730034034,-6.702830957941113,0.018011117850738233,-6.725194714543798,-6.680467201338428,-6.715859773802701,-6.68044123906329,18.58729430281044,0.09392471421000456,18.47067136663421,18.703917238986673,18.49357406215151,18.70022692910098,8.384122938352332,0.079950411990913,8.284851390141577,8.483394486563087,8.287826632694886,8.448245824835677,12.423112442765529,0.17970773191873432,12.199975821843006,12.646249063688051,12.287207634884787,12.645283635546818,11.370394148407652,0.0936537643083673,11.254107640969599,11.486680655845705,11.264846204903899,11.465864477805274,0.002189912651451113,0.00034886964990884123,0.0017567337670930097,0.0026230915358092166,0.0018694467925237158,0.002643749412980182,0.0002670307995751783,7.379897370491577e-05,0.00017539727082132526,0.0003586643283290313,0.00018396297982096798,0.0003508572295554544,1.0,0.0,5,5,0.5655085052479191,1.0,1.0,1.0,201.26089939985832,5.650363685088781,194.24504623532005,208.2767525643966,195.93968339977437,208.40862119875965
azimuth_subcell_count,5,Phase-only CSI [scientific controlled],scientific_controlled,5,5,0.0,14.500180339559833,2.96218665665401,10.822139812030052,18.178220867089614,11.94342092630597,18.475798713328466,-6.6848799566775625,0.017477993221929857,-6.7065817516221,-6.6631781617330255,-6.697727618396249,-6.662794668743645,18.587202719997638,0.09399536901544019,18.470492054293196,18.70391338570208,18.49325556305431,18.700146292240785,8.383924111854515,0.07960724689212677,8.285078659392365,8.482769564316666,8.287312333983756,8.44735293710708,12.423818211444072,0.17945680186741939,12.200993161332335,12.646643261555809,12.288355981966173,12.64533049031893,11.371222696642086,0.09368202626414351,11.254901097351027,11.487544295933144,11.265563016439234,11.466558445180244,0.002192542500234808,0.00034827998483590895,0.0017600957817687632,0.002624989218700853,0.0018754578754578755,0.002646754954447262,0.00026778940980124415,7.388421585268723e-05,0.0001760500389413737,0.0003595287806611146,0.0001854802002730997,0.000352753755120619,1.0,0.0,5,5,0.5655085052479191,1.0,1.0,1.0,199.63434639976185,9.478995822954515,187.86461854726602,211.4040742522577,190.350914798546,211.86745100021653
azimuth_subcell_count,5,Row complex LS / Wiener [scientific controlled],scientific_controlled,5,5,0.0,14.585651398828455,3.0406455872345486,10.810191241859172,18.361111555797738,11.978191869366526,18.67016533213272,-6.699865425086182,0.018809520976681347,-6.7232205301064045,-6.67651032006596,-6.715456543846345,-6.674854327569706,18.710062415342033,0.09275593811444874,18.594890706365614,18.825234124318452,18.61270712579885,18.81918317219722,8.255479295157112,0.07433159868387673,8.163184425142338,8.347774165171886,8.16925109391269,8.319619468918136,12.23707992430217,0.14582033473535186,12.056020064455119,12.418139784149222,12.105278657801023,12.41580084678754,11.2111169198321,0.08814465316490051,11.101670877362999,11.320562962301203,11.115215494525415,11.294896494555822,0.0019457124072508685,0.0002900885212541934,0.0015855199341170828,0.002305904880384654,0.0016958767727998497,0.0023285432516201745,0.00031444393870429374,5.58010550184125e-05,0.0002451577776260884,0.0003837300997824991,0.0002518585950538613,0.0003800637232589895,1.0,0.0,5,5,0.5655085052479191,1.0,1.0,1.0,198.64955700068094,6.498599262707392,190.58048025741724,206.71863374394465,191.1640870013798,204.07422100033727
azimuth_subcell_count,5,Row complex LS / Wiener robust IRLS [scientific controlled],scientific_controlled,5,5,0.0,14.578148884195297,3.0484662905835243,10.792978041436953,18.36331972695364,11.967361940593959,18.67537256235394,-6.678802796662079,0.012898482051627774,-6.694818377457075,-6.662787215867082,-6.687622255141157,-6.661036076627781,18.70866987571274,0.09289051621237256,18.593331065957184,18.824008685468296,18.611320947441907,18.818103981389697,8.257824395516474,0.07457735724746883,8.165224375941039,8.35042441509191,8.171811668459167,8.321686898360383,12.25195901458942,0.15223844785553833,12.062930014744627,12.440988014434215,12.111620984279734,12.437876565032452,11.223955306378338,0.08967321927907342,11.112611298396391,11.335299314360284,11.12564922155078,11.309888034142805,0.001975016436554898,0.000279533408292922,0.0016279298671821076,0.0023221030059276887,0.001724805109420494,0.0023424438809054194,0.000322788651191018,5.578493825898024e-05,0.0002535225017127674,0.0003920548006692686,0.000258306781975421,0.0003880291306326809,1.0,0.0,5,5,0.5655085052479191,1.0,1.0,1.0,322.16039879967866,54.58359021115386,254.38591994172765,389.93487765762967,276.43686159935896,386.1648722006066
azimuth_subcell_count,5,SA-MNEC physical [approximate academic reference],scientific_controlled,5,5,0.0,-0.20291918197817638,0.020095910571757598,-0.22787155064627004,-0.1779668133100827,-0.22854631205519133,-0.1827790689174927,0.0051064928267116096,0.0008680346520889007,0.004028685450018635,0.006184300203404584,0.0041298032752544915,0.005776756997234835,-0.2100638890511981,0.005560715585758772,-0.2169684293982908,-0.2031593487041054,-0.2156654936725771,-0.20323470022332177,24.10495311904187,0.06498873343065238,24.024258948452104,24.185647289631635,24.056980889633163,24.193837874584347,35.1383213245989,0.06326259198640001,35.059770441696266,35.21687220750153,35.103003685417534,35.22436517880571,34.11839359551705,0.09094792016605378,34.00546683733526,34.231320353698834,34.04551669892938,34.24023894171637,0.14872846811308352,0.0006338034112107283,0.1479414972354438,0.14951543899072323,0.14826373626373626,0.1495542406311637,0.004428007889546351,4.389545191464967e-05,0.004373504487219002,0.0044825112918736995,0.004376043089060841,0.004475421028675467,1.0,0.0,5,5,0.5655085052479191,1.0,1.0,1.0,6654.601651000121,170.29558864806197,6443.151749522736,6866.0515524775055,6457.093157800773,6847.636072399109
azimuth_subcell_count,5,Shrinkage-SMI/MVDR global,scientific_controlled,5,5,0.0,-0.7552297648033464,0.0718505276037131,-0.8444439781808936,-0.6660155514257992,-0.8403287902891695,-0.6766442753474191,-0.01118956568034353,9.791099736781268e-05,-0.011311138240803462,-0.011067993119883598,-0.011263163275286155,-0.011056956234490187,-0.6021318609237883,0.0057743676467106805,-0.6093016853431072,-0.5949620365044694,-0.6082256469462016,-0.595942486561224,24.53941216789442,0.05301633528381685,24.47358369305575,24.605240642733087,24.50561034666594,24.61145352971257,35.60293073769627,0.058052687000099676,35.530848806249196,35.67501266914334,35.54311188675768,35.67597611905281,34.513363588953794,0.08918306213758556,34.402628191447896,34.62409898645969,34.44094231634535,34.63246062076147,0.15381046304123228,0.0005124488139220782,0.1531741737980625,0.15444675228440205,0.1533491124260355,0.15446905231520616,0.004355939918070096,4.581983785784089e-05,0.004299047074998436,0.004412832761141757,0.004297526930663025,0.004397284175390684,1.0,0.0,5,5,0.5655085052479191,1.0,1.0,1.0,3604.205963800632,181.91453500292496,3378.3292349373423,3830.082692663922,3353.650856799868,3728.3832156012068
azimuth_subcell_count,5,Shrinkage-SMI/MVDR local,scientific_controlled,5,5,0.0,-0.1954685586900257,0.024071954642141295,-0.22535783813559027,-0.16557927924446111,-0.22780565042065018,-0.17617086410965435,-0.011717396834668157,0.0001276681647803086,-0.011875917798592739,-0.011558875870743576,-0.011841409058965694,-0.011551090839510402,-0.044800912993594975,0.006351635289635607,-0.05268750986246232,-0.036914316124727634,-0.051781741831152056,-0.03713235462999897,23.725892078591606,0.06938803979669654,23.63973544767005,23.812048709513164,23.675407659630853,23.820439323390644,34.93703471338601,0.07550244365415902,34.84328604732416,35.03078337944786,34.882501858340405,35.04009461100682,33.97688533979796,0.09335316077284735,33.8609720809477,34.09279859864822,33.90203310271615,34.10151211531719,0.14145919038226734,0.0005081884124400716,0.14082819112623568,0.142090189638299,0.14093998309382927,0.14209824363670517,0.004509558488848429,4.621066579819057e-05,0.004452180368793744,0.004566936608903114,0.004457972993475952,0.004562661204673039,1.0,0.0,5,5,0.5655085052479191,1.0,1.0,1.0,1583.2730689999153,230.0778874840033,1297.593639328025,1868.9524986718056,1350.204385199686,1869.6885477995238
channel_amp_mismatch_db,0.0,Corrected JDL physical,scientific_controlled,5,5,0.0,-1.1519193821917582,0.4515148808918636,-1.7125491544488916,-0.5912896099346249,-1.612101580967995,-0.5997450525175915,1.327688972120785,0.1291534185300031,1.1673238220870097,1.4880541221545602,1.176748194731742,1.4765079059257373,-2.3581624801850345,0.018473668480227856,-2.381100569251703,-2.335224391118366,-2.376811223821118,-2.33873958352431,26.1310706961712,0.03790812204153891,26.08400154579267,26.17813984654973,26.08692525277285,26.174294757211047,37.95339470550844,0.06156063181360216,37.87695708527875,38.02983232573813,37.88034206123492,38.023259719603566,36.71005880692072,0.07873890095857619,36.61229154834225,36.80782606549919,36.630578359572695,36.80815364176357,0.15555856109702262,0.00032878100762959926,0.15515032555655547,0.15596679663748977,0.15512538743307974,0.1558290598290598,0.004299423456228189,4.855624000338374e-05,0.004239132921127798,0.00435971399132858,0.004245562130177515,0.004358215748748293,1.0,0.0,5,5,0.5655085052479191,1.0,1.0,1.0,4075.6179548003274,359.3719160129207,3629.3987847212225,4521.837124879433,3666.3386596002965,4404.400838999572
channel_amp_mismatch_db,0.0,Current legacy CSI [production replay],production_replay,5,5,0.0,16.586730935262988,2.6607832615436413,13.282932152378432,19.890529718147544,14.349494161996029,20.149963312609735,-6.9276520555204275,0.04519826867091995,-6.983773118510294,-6.871530992530561,-6.9705859299677755,-6.868403809749935,20.34214175396672,0.09551966458466359,20.223538425331352,20.46074508260209,20.246753178774867,20.459210031485604,7.058152161332538,0.07495143027619257,6.965087668744636,7.15121665392044,6.984272821965028,7.146143133194799,10.963539624193944,0.11598095889294628,10.819530243059306,11.10754900532858,10.811954072854768,11.053932581107945,9.981949496216677,0.10357665513174791,9.853342092485116,10.110556899948238,9.86323382051811,10.064845968924663,0.000836667605898375,0.0001528300565870336,0.0006469040267906605,0.0010264311850060894,0.0007303465765004227,0.001043674274443505,0.0020156273706569564,0.00011767173174398204,0.0018695186177440468,0.002161736123569866,0.0019006979214079805,0.0021650735851919283,1.0,0.0,5,5,0.5655085052479191,1.0,1.0,1.0,217.38707540025644,20.08918616189559,192.4430561897976,242.33109461071527,203.0004350006493,244.99463080064743
channel_amp_mismatch_db,0.0,Current legacy CSI [scientific controlled],scientific_controlled,5,5,0.0,16.58409637896572,2.6826095835555686,13.253196637825733,19.914996120105712,14.338234824262235,20.176762529242364,-6.908567780747168,0.04520686696931794,-6.964699519934602,-6.852436041559734,-6.951792211087994,-6.849428760906861,20.341916200391474,0.09565406472503518,20.22314599194045,20.4606864088425,20.24617633403001,20.45906161526552,7.058808069093203,0.07551205333283177,6.965047471039309,7.152568667147097,6.98481096314572,7.148276232833929,10.965170036681183,0.11641896191776575,10.820616802959524,11.109723270402842,10.813044680717946,11.055256746702982,9.98303161808611,0.10370440907480354,9.854265586882828,10.111797649289393,9.864199405071526,10.065877313212154,0.000835916220531605,0.00015142326111630772,0.0006478994087127284,0.0010239330323504818,0.0007318493472339626,0.0010406687329764252,0.002018282506448187,0.00011685891306615662,0.0018731830012246014,0.002163382011671772,0.001903732362312244,0.002167349415870126,1.0,0.0,5,5,0.5655085052479191,1.0,1.0,1.0,206.42481600043538,11.344426990740597,192.33884942577052,220.51078257510025,197.16503540039412,221.8118028009485
channel_amp_mismatch_db,0.0,DL-SMI/MVDR global,scientific_controlled,5,5,0.0,-0.937301069325048,0.1093152913733695,-1.0730339310766233,-0.8015682075734727,-1.0601887301911022,-0.8100655054609532,-0.011196337125554675,0.0001214572563522144,-0.011347146228087945,-0.011045528023021405,-0.01129080821532247,-0.011034398482039793,-0.801788661402864,0.008237278506756875,-0.8120165935678898,-0.7915607292378382,-0.8115315672509966,-0.7924650968958382,24.862323468794493,0.058913284759853884,24.7891729640922,24.935473973496787,24.804124700278614,24.938003491838185,36.19601155035664,0.07677380082466793,36.1006842858673,36.29133881484597,36.09826174184596,36.27418118905079,35.075953721959394,0.09133205690310692,34.962549995020815,35.18935744889797,34.982233788927616,35.19030423268523,0.15182868413637643,0.0004589451732859069,0.15125882843755747,0.15239853983519538,0.15122118906734291,0.15221827744904667,0.004345319374905174,3.614361781086817e-05,0.004300441145904547,0.004390197603905801,0.004303595812471552,0.004379456835078137,1.0,0.0,5,5,0.5655085052479191,1.0,1.0,1.0,2223.6431032000837,333.96397034363457,1808.9720645268735,2638.314141873294,1969.895880400145,2603.37546999981
channel_amp_mismatch_db,0.0,DL-SMI/MVDR local,scientific_controlled,5,5,0.0,-0.027294219962153577,0.030349556544403144,-0.06497817168481834,0.010389731760511191,-0.06568980195417655,0.0033466147769370697,-0.01226773961392642,9.039026819406168e-05,-0.012379973955731058,-0.012155505272121782,-0.01237581877457938,-0.012166123561030985,0.12312298135322328,0.004792656557825825,0.11717211224961105,0.1290738504568355,0.11733082742508809,0.12804215044777978,23.610493915779436,0.06469699790307032,23.530161982691265,23.690825848867608,23.55634478802367,23.697559245948742,35.08221731193418,0.07992451932246067,34.98297791371766,35.1814567101507,34.99994209420804,35.183802424534036,34.17035848155874,0.09378034887545598,34.05391479862101,34.28680216449648,34.07489133403338,34.28914578452533,0.1351817413355875,0.0004191647060386397,0.13466127961078125,0.13570220306039374,0.1346907109984033,0.1356671362825209,0.004581247155211652,4.590218775482734e-05,0.004524252061237648,0.0046382422491856555,0.004531558185404339,0.004637763617053558,1.0,0.0,5,5,0.5655085052479191,1.0,1.0,1.0,1198.117783199632,119.0787428233549,1050.2619952843897,1345.9735711148742,1061.751060998722,1320.1008505991922
channel_amp_mismatch_db,0.0,MNEC physical,scientific_controlled,5,5,0.0,-0.27855351598548034,0.035965983469019615,-0.3232111828189892,-0.23389584915197148,-0.3249783128311197,-0.24278075342246153,-0.011592418125614972,3.912923805206731e-05,-0.011641003491781408,-0.011543832759448536,-0.011643548600077385,-0.01155491054147951,-0.2204208042111096,0.004769216557783604,-0.2263425687105515,-0.2144990397116677,-0.22570185069585477,-0.21514345359428105,24.191300082388796,0.06215652240427243,24.114122566265806,24.268477598511787,24.148476044240734,24.27551368551454,35.53486561831592,0.06950819554373429,35.448559794329086,35.62117144230275,35.46105992065017,35.6206533374441,34.494908963798686,0.09066463922263338,34.38233394536572,34.60748398223165,34.405381169808365,34.61138300603556,0.14399699445853292,0.0003949810502805532,0.14350656070842646,0.14448742820863938,0.143609655301963,0.14449591434206818,0.004441662873615536,3.898271277327872e-05,0.004393259442612599,0.004490066304618472,0.004399180700955849,0.004486800182066454,1.0,0.0,5,5,0.5655085052479191,1.0,1.0,1.0,2373.184197000228,244.52592146706817,2069.565163686727,2676.803230313729,2082.8668760004803,2616.2094462000823
channel_amp_mismatch_db,0.0,Phase-only CSI [production replay],production_replay,5,5,0.0,14.358062645867097,2.966515930738453,10.674646614568301,18.041478677165895,11.73506136960358,18.31178632696239,-6.69686243193931,0.018148599900183224,-6.71939689505319,-6.6743279688254304,-6.710607061975415,-6.673429219911815,18.615977678367607,0.09972910693482903,18.49214763671352,18.739807720021695,18.52177690736042,18.740626704027363,8.704335322730028,0.06442372200887816,8.624342706481253,8.784327938978803,8.622125846978848,8.764024073165375,12.763936234593325,0.21859318307202258,12.492516948919814,13.035355520266837,12.58487375544651,13.020828573358198,11.707769199209519,0.11634003993564737,11.563313960071723,11.852224438347315,11.575271317772884,11.818935901371043,0.0028312200619892923,0.0004625511626456169,0.0022568869360044797,0.003405553187974105,0.0023897811590119283,0.003418427726120034,0.00023441055985434686,9.6858440451827e-05,0.00011414492142305455,0.00035467619828563916,0.00010961917766651495,0.0003246851767561827,1.0,0.0,5,5,0.5655085052479191,1.0,1.0,1.0,209.64166760022636,17.60080455582552,187.78738224381965,231.49595295663306,197.02574300026754,233.8161718005722
channel_amp_mismatch_db,0.0,Phase-only CSI [scientific controlled],scientific_controlled,5,5,0.0,14.363194024368067,2.9784332243562788,10.664980718627982,18.061407330108153,11.735458928005553,18.335903547020447,-6.67793228730045,0.01784990203021489,-6.70009586802285,-6.65576870657805,-6.691426678774065,-6.6548931351304965,18.615697378473904,0.09981231929864516,18.49176401502346,18.739630741924348,18.521263291254648,18.740396975287364,8.70473533818856,0.06482422718392901,8.624245429082828,8.78522524729429,8.621559611200597,8.764451610534794,12.766294433539398,0.2178617527504491,12.495783338563381,13.036805528515416,12.587587256533256,13.02401747114616,11.708809222068387,0.11639875048730185,11.564281084152286,11.853337359984488,11.576155208238083,11.819835175655603,0.0028346012961397576,0.0004612880464965101,0.0022618365360028416,0.0034073660562766736,0.002395416549262703,0.003419179111486804,0.00023441055985434683,9.614093993620086e-05,0.00011503581598200085,0.0003537853037266928,0.00011113639811864664,0.00032544378698224854,1.0,0.0,5,5,0.5655085052479191,1.0,1.0,1.0,208.39473599990015,18.740688616383444,185.12509764337122,231.66437435642908,195.3861368001526,233.96077079960378
channel_amp_mismatch_db,0.0,Row complex LS / Wiener [scientific controlled],scientific_controlled,5,5,0.0,14.441164657802167,3.062857560447873,10.63812469336481,18.244204622239522,11.759019181832493,18.526913198384328,-6.69541884857262,0.01856048616420221,-6.718464736031888,-6.672372961113353,-6.712052555915241,-6.670761152992308,18.812999575881413,0.09594198602650825,18.693871865916034,18.932127285846793,18.712962655796943,18.927607000072925,8.495380621568929,0.07387301926896564,8.403655153103967,8.58710609003389,8.412868548930435,8.56625686857812,12.469914434090503,0.16172078573762028,12.269111556678716,12.67071731150229,12.307512629747768,12.642858961314829,11.45729835938673,0.1054766033361867,11.326331858371264,11.588264860402196,11.337157220877778,11.548862934000036,0.0023544660467737393,0.00032454662088503587,0.0019514881918817843,0.0027574439016656944,0.0020798346952193105,0.002783131398516014,0.00030382339553937187,6.915690290154525e-05,0.00021795375897918143,0.0003896930320995623,0.0002158246093157336,0.00037096040054619933,1.0,0.0,5,5,0.5655085052479191,1.0,1.0,1.0,210.70181300019613,13.929579463501435,193.40595567023414,227.99767033015812,201.81120600100257,229.97398160005105
channel_amp_mismatch_db,0.0,Row complex LS / Wiener robust IRLS [scientific controlled],scientific_controlled,5,5,0.0,14.432882533965719,3.068577482407855,10.622740348358114,18.243024719573324,11.750000571232372,18.529161369573156,-6.674252716633963,0.011980297765131884,-6.6891282210567,-6.659377212211226,-6.681584961262422,-6.657698310932398,18.81146951103965,0.09612718548830937,18.692111845570068,18.930827176509233,18.711356291716697,18.926421478388065,8.499637579011752,0.07638176614300159,8.404797089872693,8.594478068150812,8.413247809232491,8.572249131922131,12.482851958213239,0.1630255602400804,12.28042898927597,12.685274927150507,12.32124363433487,12.65627699049406,11.470824181574976,0.10694965560761205,11.338028644586608,11.603619718563344,11.350015445857908,11.564117696206555,0.0023863999248614634,0.0003222717371763412,0.001986246711170697,0.00278655313855223,0.0021076359537898,0.0028075514229360383,0.00030647853133060235,6.845380231173409e-05,0.00022148190945989697,0.0003914751532013077,0.0002177211348808982,0.0003698224852071006,1.0,0.0,5,5,0.5655085052479191,1.0,1.0,1.0,342.4625859999651,62.80366713045245,264.4815335688472,420.44363843108295,279.1755093992833,417.05547320016194
channel_amp_mismatch_db,0.0,SA-MNEC physical [approximate academic reference],scientific_controlled,5,5,0.0,-0.18311768452958327,0.026059822501067562,-0.21547522792876495,-0.1507601411304016,-0.2182324159712284,-0.16166353372345005,0.0052472475582492585,0.0008662594960213491,0.004171644328936557,0.00632285078756196,0.004293991331935151,0.006063927662314223,-0.217023193970196,0.005197479544695511,-0.22347671720225004,-0.21056967073814198,-0.2223458536218258,-0.21062166247229122,24.187241127452374,0.06107979886549952,24.111400540183496,24.263081714721253,24.143621723317906,24.270738235171912,35.52996057136377,0.06950290873575028,35.44366131181608,35.61625983091147,35.455122827858105,35.6157207770876,34.49093346680719,0.09087463205658784,34.378097707832424,34.60376922578196,34.40108135175943,34.607634028375564,0.14407025453179298,0.00042976065565714674,0.14353663619781862,0.14460387286576734,0.14366976613130458,0.14462740678125294,0.004444318009406767,4.371481142846547e-05,0.004390038901867732,0.004498597116945802,0.004397284175390684,0.004490972538309816,1.0,0.0,5,5,0.5655085052479191,1.0,1.0,1.0,7502.186568199613,683.9570657064883,6652.941703394105,8351.43143300512,6709.37127640027,8066.281272199194
channel_amp_mismatch_db,0.0,Shrinkage-SMI/MVDR global,scientific_controlled,5,5,0.0,-0.7354185813641333,0.08746902841352107,-0.8440257249031509,-0.6268114378251157,-0.834618062674919,-0.6331599371435976,-0.011192846038385596,9.851499315372484e-05,-0.011315168558667963,-0.01107052351810323,-0.011267468843001309,-0.011059716554850125,-0.6134268940584848,0.005682006719280272,-0.6204820372393727,-0.606371750877597,-0.6192143187967976,-0.6067176379238662,24.6391684314962,0.057746111865928734,24.56746716335597,24.710869699636426,24.58421805832643,24.712710204758586,35.99666035209836,0.07280003849817335,35.906267165227256,36.087053538969464,35.901771718294526,36.06564804912275,34.88865529068374,0.08969215800809818,34.77728776716379,35.00002281420368,34.79832137139558,35.00246183560245,0.14903503334272566,0.00042938279852418776,0.14850188418034976,0.14956818250510157,0.14850004696158542,0.14943852728468113,0.004377560309512972,4.4364107167996866e-05,0.0043224749948299725,0.004432645624195971,0.004322561068123199,0.004417766651494462,1.0,0.0,5,5,0.5655085052479191,1.0,1.0,1.0,4024.1520635998313,335.9046469273299,3607.0713566804875,4441.232770519175,3621.5900466002495,4348.0233345999295
channel_amp_mismatch_db,0.0,Shrinkage-SMI/MVDR local,scientific_controlled,5,5,0.0,-0.1761403453363099,0.03294975932073762,-0.21705287523438122,-0.13522781543823859,-0.2206678671551146,-0.14866627345477906,-0.011714419882274748,0.00012895369862017076,-0.01187453704728676,-0.011554302717262736,-0.011840396768678487,-0.011546874805713916,-0.07330831148893407,0.006018243746589074,-0.08078094808149461,-0.06583567489637354,-0.07966935425667523,-0.06581322431817113,23.906307326755133,0.06769539073659761,23.822252397233097,23.99036225627717,23.847676926425613,23.996306415262072,35.335038300968165,0.07876520171452008,35.23723838568791,35.43283821624842,35.25464429953694,35.43392842980884,34.361328200106925,0.09379565490321881,34.24486551222556,34.47779088798829,34.266972358674046,34.48078680288168,0.13896534234995775,0.00040922358950804726,0.1384572241516495,0.139473460548266,0.13848971541279234,0.13943833943833941,0.004523213472917615,5.0853769070671916e-05,0.004460070178689543,0.004586356767145686,0.00447200728265817,0.004586936731907146,1.0,0.0,5,5,0.5655085052479191,1.0,1.0,1.0,1579.912919200433,135.13223902971703,1412.1240830004344,1747.7017554004315,1426.885623799899,1740.3756644001987
channel_amp_mismatch_db,2.5,Corrected JDL physical,scientific_controlled,5,5,0.0,-1.313943822261784,0.47259836473191025,-1.900752197359835,-0.7271354471637332,-1.7903577444818568,-0.7327049232752697,1.741047295938431,0.12587870864028985,1.5847482352792779,1.8973463565975843,1.588648009116031,1.8788473333217561,-2.712038545361758,0.015853926225998453,-2.7317237947867747,-2.6923532959367416,-2.7295786015048,-2.695193428573514,26.519856768932705,0.03413910793257414,26.477467467682,26.56224607018341,26.48535308038203,26.562984445247494,38.32482674457559,0.06119550272642937,38.24884249198814,38.400810997163035,38.24691058943354,38.38650964280936,37.0612725442652,0.0799018704317888,36.96206126836083,37.160483820169574,36.98203715219684,37.16246234537217,0.1604136376444069,0.0003785334507449333,0.1599436262865007,0.16088364900231308,0.15990682821452054,0.16074762843993612,0.0042834926414808076,5.011638332774245e-05,0.004221264932582521,0.004345720350379094,0.004224700348960705,0.004335457441966318,1.0,0.0,5,5,0.5655085052479191,1.0,1.0,1.0,4205.829333200018,86.84756032022682,4097.993844218477,4313.6648221815585,4125.689330799287,4307.595799400588
channel_amp_mismatch_db,2.5,Current legacy CSI [production replay],production_replay,5,5,0.0,16.45756507775443,2.668169271273285,13.144595352498188,19.770534803010676,14.24509299146939,20.042972235738294,-6.787973286551247,0.07440313256827939,-6.880356977614935,-6.695589595487559,-6.883406469514358,-6.727511286642486,20.158320160845808,0.09733736954942226,20.03745985339634,20.279180468295277,20.060000010240927,20.27662218624085,7.221506783973797,0.0740462163216025,7.129566262963982,7.313447304983612,7.149419889206018,7.306355161206437,11.183530577994153,0.1191449554021818,11.035592576303554,11.331468579684753,11.039492396680727,11.288016518951977,10.212124987820356,0.10405318635241803,10.082925892428069,10.341324083212644,10.093974022644236,10.292415671720963,0.0010707241476472246,0.00019305724421052374,0.0008310119179183947,0.0013104363773760546,0.0009302150840612379,0.0013322062552831783,0.0020144894553178576,0.00011278667991380702,0.0018744462953918404,0.0021545326152438747,0.001897663480503717,0.002145729024427249,1.0,0.0,5,5,0.5655085052479191,1.0,1.0,1.0,231.8247347997385,24.06581514160664,201.94307855095477,261.7063910485222,205.51701959957427,252.192123200075
channel_amp_mismatch_db,2.5,Current legacy CSI [scientific controlled],scientific_controlled,5,5,0.0,16.45541551339802,2.688602093792054,13.117075088038513,19.793755938757528,14.236201741048417,20.069166397633815,-6.768933036699607,0.07463683932808435,-6.861606913033082,-6.676259160366133,-6.864669850971255,-6.708194518990684,20.158012981784715,0.0974681628395189,20.036990273015725,20.279035690553705,20.05935509994186,20.276384881631195,7.2225590774868635,0.07397149205974358,7.130711338902791,7.314406816070936,7.1506938380701675,7.307608041692286,11.18454641372119,0.11910503130331036,11.036657984346819,11.33243484309556,11.040103766558094,11.290098774708463,10.21331070518372,0.10416658968680562,10.083970800953846,10.342650609413592,10.095063196354321,10.29359407050313,0.0010741053817976895,0.00019222564971805802,0.0008354257130112596,0.0013127850505841193,0.0009335963182117027,0.0013340847187001033,0.002012972234865726,0.00010945433818593474,0.0018770667236929232,0.0021488777460385287,0.0018969048702776512,0.0021389015323926568,1.0,0.0,5,5,0.5655085052479191,1.0,1.0,1.0,226.59006579960987,15.18756140594963,207.73221758131828,245.44791401790147,214.15191239975684,246.69377600039297
channel_amp_mismatch_db,2.5,DL-SMI/MVDR global,scientific_controlled,5,5,0.0,-1.144547493760315,0.11790996220232254,-1.290952048856622,-0.9981429386640082,-1.2667083973871214,-1.0012633083694102,0.3299801899664471,0.01753256094036458,0.3082106402504656,0.3517497396824287,0.3064333157623748,0.34298392281236517,-1.1552019975292391,0.006978011335851767,-1.163866342984031,-1.1465376520744472,-1.162998949966951,-1.1473936796810964,25.234492078549238,0.05659557585913981,25.164219389547277,25.304764767551198,25.177781765471053,25.307276608359604,36.56096482489576,0.07409069809572476,36.46896907246845,36.65296057732308,36.467863648688216,36.638312057511975,35.42727711738129,0.09169475795180877,35.31342303760843,35.541131197154144,35.334493983144874,35.542952999617675,0.15732281393819852,0.00036426549207942957,0.15687051859089515,0.1577751092855019,0.15686296609373532,0.1576744622898469,0.00434873312092247,5.1171057363192296e-05,0.004285195861244525,0.004412270380600416,0.00430852677894098,0.004417008041268396,1.0,0.0,5,5,0.5655085052479191,1.0,1.0,1.0,2220.9278903999802,413.7739079728929,1707.1597254735534,2734.696055326407,1755.3220979996695,2642.6283272001456
channel_amp_mismatch_db,2.5,DL-SMI/MVDR local,scientific_controlled,5,5,0.0,-0.24187706445945092,0.04182962650551985,-0.2938154057497061,-0.18993872316919572,-0.2958777017404808,-0.2010837977076859,0.5929198372796609,0.007524249304397185,0.5835772478048737,0.6022624267544481,0.5841720098322932,0.601420519138039,-0.3844027568535636,0.004694116254621368,-0.3902312720103147,-0.37857424169681253,-0.3904042053120987,-0.380074562306553,24.119877623120225,0.06724065875293812,24.03638731793113,24.20336792830932,24.064543323096004,24.209309113151935,35.59722287784637,0.06946667975259219,35.51096860252276,35.68347715316998,35.517762843465036,35.678727983266704,34.67719033627726,0.09436826691858283,34.560016656671486,34.79436401588304,34.58057612239094,34.79626867455239,0.14226692965154503,0.00032798799666477053,0.14185967876424307,0.14267418053884698,0.14192580069503147,0.14264562787639712,0.004589591867698376,5.626004010844817e-05,0.004519735801358161,0.004659447934038592,0.004544833864360492,0.004666211500531027,1.0,0.0,5,5,0.5655085052479191,1.0,1.0,1.0,1185.965240400401,89.7405884153094,1074.537582587401,1297.392898213401,1089.05794000093,1293.9605012001266
channel_amp_mismatch_db,2.5,MNEC physical,scientific_controlled,5,5,0.0,-0.5270451334601697,0.05531245712770506,-0.5957246201278849,-0.4583656467924545,-0.5946400670336679,-0.4669946462593037,0.659017833832694,0.00038050955593431883,0.6585453688161175,0.6594902988492705,0.6585108397468082,0.6593372379610939,-0.727476402340773,0.00388289390088781,-0.7322976519063542,-0.7226551527751919,-0.7315632223852284,-0.7227707722628425,24.70340216376305,0.06141811800729777,24.6271414977959,24.779662829730203,24.661625453415905,24.78762725162494,36.055428192534805,0.08044317704886231,35.95554479569202,36.15531158937759,35.95995753609549,36.14734636348234,35.00211058895027,0.09128259441470904,34.888768277802804,35.11545290009774,34.9113481786612,35.118876003837606,0.151093453554992,0.0003835024649400831,0.15061727235105313,0.1515696347589309,0.15074518643749413,0.15157434018972482,0.004462145349719315,3.5919012611305784e-05,0.004417546004908794,0.004506744694529836,0.004431042330450614,0.004510317099074495,1.0,0.0,5,5,0.5655085052479191,1.0,1.0,1.0,2362.692830599917,289.1297914691818,2003.6907777241872,2721.694883475647,2109.84524879932,2699.0870230005385
channel_amp_mismatch_db,2.5,Phase-only CSI [production replay],production_replay,5,5,0.0,8.24944024439947,0.7395684892749015,7.331144677060148,9.16773581173879,7.470815934426223,9.085041230745324,-5.542593989053623,0.017042306967187563,-5.563754808061134,-5.521433170046112,-5.554481776722962,-5.519954841797064,13.385889514757256,0.04103067909909508,13.334943197698017,13.436835831816495,13.3474481871509,13.43723544551115,12.10175824142148,0.0899797069015905,11.99003367879276,12.213482804050201,12.017445844382372,12.208728238951362,20.13057486011364,0.03856630223086441,20.082688471089693,20.178461249137587,20.092731518683912,20.177226366707252,19.363801429503628,0.04737209946269212,19.30498119908143,19.422621659925827,19.3173502552299,19.41858339332493,0.02780651826805673,0.0004559743111100379,0.027240351381845183,0.028372685154268273,0.027423311731004037,0.028368554522400675,0.003778637536033986,8.868766769295203e-05,0.0036685172519749006,0.003888757820093071,0.00366636322257624,0.0038673949324836898,1.0,0.0,5,5,0.5655085052479191,1.0,1.0,1.0,224.57947400071134,21.500216296890148,197.88342947124778,251.2755185301749,202.56679820049612,250.46533520071534
channel_amp_mismatch_db,2.5,Phase-only CSI [scientific controlled],scientific_controlled,5,5,0.0,8.262099378252492,0.741613507824207,7.341264585004836,9.182934171500147,7.483422627906668,9.102084446034505,-5.525667455980748,0.016776950195494755,-5.546498791038168,-5.504836120923327,-5.53717183823086,-5.503380344796207,13.385793310637606,0.04106027118158971,13.334810250154902,13.43677637112031,13.3472690913694,13.43715795378781,12.102336635354856,0.09014450058842478,11.990407454338062,12.21426581637165,12.017557582132428,12.209608464124468,20.131920508294776,0.03812653912968593,20.0845801572813,20.17926085930825,20.09349532735451,20.17780498761629,19.363749149525404,0.04732093078826425,19.30499245340408,19.42250584564673,19.317304891719022,19.418486521821862,0.02780651826805673,0.00045256039506943617,0.027244590318485692,0.028368446217627765,0.027426692965154504,0.028362543439466516,0.003777499620694887,9.060153420521574e-05,0.0036650029574901545,0.0038899962838996197,0.003664087391898043,0.0038704293733879533,1.0,0.0,5,5,0.5655085052479191,1.0,1.0,1.0,223.35338079974463,16.420260586829983,202.96493438793743,243.74182721155182,203.79098479970708,237.88458399940282
channel_amp_mismatch_db,2.5,Row complex LS / Wiener [scientific controlled],scientific_controlled,5,5,0.0,14.45984505760332,3.0282819984940588,10.699736323661714,18.219953791544928,11.798379091876447,18.499512656927834,-6.696037672615111,0.01821097362508059,-6.71864958293763,-6.673425762292592,-6.712338454028941,-6.671879109372953,18.80712553824582,0.09591741174732919,18.68802834127818,18.92622273521346,18.707143218560358,18.921732724746164,8.50087548712335,0.07354812730505395,8.409553425313286,8.592197548933415,8.417827153036606,8.57241304883216,12.470292759262534,0.1573456597723733,12.274922318249406,12.665663200275663,12.315506661985438,12.634853756245041,11.463562510061319,0.10532272170026434,11.332787078333162,11.594337941789476,11.343527881093168,11.555132139064535,0.002363858363858364,0.00031970211210528095,0.0019668957611072174,0.0027608209666095105,0.002091481168404245,0.0027887667887667887,0.0005351995144894553,5.9512839272440474e-05,0.0004613045645339201,0.0006090944644449904,0.0004612350174480352,0.0005977848581398878,1.0,0.0,5,5,0.5655085052479191,1.0,1.0,1.0,222.07862539980852,16.568851888517038,201.5056785182501,242.65157228136692,203.95188779948512,241.7197031998512
channel_amp_mismatch_db,2.5,Row complex LS / Wiener robust IRLS [scientific controlled],scientific_controlled,5,5,0.0,14.451955490868432,3.0341649270991016,10.684542136273935,18.21936884546293,11.790936414462344,18.50262214044117,-6.6752102156649515,0.011950840755393231,-6.690049144379201,-6.660371286950702,-6.682770081935334,-6.658673928190621,18.805579357882984,0.09610873913565984,18.686244596585382,18.924914119180585,18.705508766408702,18.920534452914858,8.504719690953857,0.07639690234069395,8.409860407743054,8.599578974164661,8.416564671358442,8.577723880562615,12.484399208300196,0.15880597829894952,12.287215542346706,12.681582874253687,12.328978381051922,12.651255985051773,11.47723537483466,0.10685758142065335,11.344554163049402,11.609916586619917,11.356438880308502,11.570554042263598,0.0024051845590307127,0.0003252579883382394,0.0020013234247826203,0.002809045693278805,0.0021252935099088945,0.002830468676622523,0.0005401304809588833,5.596196732839647e-05,0.0004706445208585029,0.0006096164410592637,0.00047071764527385827,0.0005996813837050523,1.0,0.0,5,5,0.5655085052479191,1.0,1.0,1.0,371.5509965997626,64.2112758376649,291.82216711333945,451.2798260861857,296.60735659963393,440.2888458000234
channel_amp_mismatch_db,2.5,SA-MNEC physical [approximate academic reference],scientific_controlled,5,5,0.0,-0.18311768570394643,0.026059822223103223,-0.2154752287579898,-0.15076014264990306,-0.21823241666869642,-0.1616635333362213,0.00524724738549385,0.0008662581703119227,0.004171645802266816,0.006322848968720885,0.004293992614035561,0.006063928238800396,-0.21702319396683412,0.005197479552521609,-0.22347671720860554,-0.2105696707250627,-0.2223458536216721,-0.2106216624661923,24.187241123450164,0.061079798745898146,24.11140053632979,24.26308171057054,24.1436217194056,24.270738228801164,35.52996057273408,0.06950290389225164,35.44366131920039,35.61625982626778,35.45512283885922,35.615720774879044,34.49093346681699,0.09087463207282157,34.378097707822064,34.60376922581192,34.401081351759146,34.60763402840879,0.14407025453179298,0.00042976065565714674,0.14353663619781862,0.14460387286576734,0.14366976613130458,0.14462740678125294,0.004444318009406767,4.371481142846547e-05,0.004390038901867732,0.004498597116945802,0.004397284175390684,0.004490972538309816,1.0,0.0,5,5,0.5655085052479191,1.0,1.0,1.0,7811.68299259989,241.871869338334,7511.3594002639975,8112.0065849357825,7608.65937040071,8075.47523579924
channel_amp_mismatch_db,2.5,Shrinkage-SMI/MVDR global,scientific_controlled,5,5,0.0,-0.9302472590873346,0.09566888131949677,-1.0490358647702769,-0.8114586534043925,-1.0261783072549984,-0.8114965856556652,0.4355088833129967,0.018700426183669138,0.4122892373696493,0.4587285292563441,0.41174862931081346,0.4544492208076353,-1.0079540865696885,0.004635934087911406,-1.0137103590246983,-1.0021978141146788,-1.0116006832742912,-1.0019711056656047,25.041869430318158,0.06361390487409914,24.962882334850768,25.12085652578555,24.98495620469223,25.126310622851687,36.395884610705934,0.08327430794534625,36.29248590055478,36.49928332085709,36.29752134631697,36.48849999620571,35.28186890689408,0.09112825786278302,35.16871822988674,35.39501958390142,35.19052517757281,35.39765695346809,0.15488419273034656,0.00041277625428499774,0.15437166331608707,0.15539672214460606,0.1544258476566169,0.15532300178454025,0.004392353208921257,3.4321349322663e-05,0.004349737625097497,0.004434968792745016,0.004351388256713701,0.004427249279320285,1.0,0.0,5,5,0.5655085052479191,1.0,1.0,1.0,4118.859966600212,205.4630105371458,3863.7439434534745,4373.975989746949,3876.4717572001246,4290.625024000474
channel_amp_mismatch_db,2.5,Shrinkage-SMI/MVDR local,scientific_controlled,5,5,0.0,-0.41099737974534867,0.052806784142831985,-0.4765656624764727,-0.34542909701422464,-0.47548660211081073,-0.35496218049228573,0.6339717625596848,0.005713986735164539,0.6268769109444114,0.6410666141749581,0.6282076495649463,0.6411637505090844,-0.5793519336463668,0.004769223109636379,-0.5852737062810084,-0.5734301610117253,-0.5858158634651388,-0.5759551972933092,24.41472844119975,0.06842028650515695,24.32977343469944,24.499683447700058,24.361997648751338,24.50706809526928,35.84012142474745,0.07424233881570982,35.747937385497465,35.93230546399744,35.75439693531379,35.927250598103804,34.86655667920336,0.0942878677743158,34.7494828283205,34.983630530086224,34.77089046675556,34.98613445888474,0.1460550389781159,0.00036385404831278676,0.14560325450572487,0.14650682345050692,0.14569888231426695,0.14648708556400863,0.004538385677438932,4.537811452740639e-05,0.0044820413063238395,0.0045947300485540245,0.004495903504779244,0.004597557275072068,1.0,0.0,5,5,0.5655085052479191,1.0,1.0,1.0,1853.9365032003843,285.4285391632569,1499.5301620611933,2208.342844339575,1533.344004000537,2082.882193800833
channel_fixed_phase_mismatch_deg,0.0,Corrected JDL physical,scientific_controlled,5,5,0.0,-1.1519193821917582,0.4515148808918636,-1.7125491544488916,-0.5912896099346249,-1.612101580967995,-0.5997450525175915,1.327688972120785,0.1291534185300031,1.1673238220870097,1.4880541221545602,1.176748194731742,1.4765079059257373,-2.3581624801850345,0.018473668480227856,-2.381100569251703,-2.335224391118366,-2.376811223821118,-2.33873958352431,26.1310706961712,0.03790812204153891,26.08400154579267,26.17813984654973,26.08692525277285,26.174294757211047,37.95339470550844,0.06156063181360216,37.87695708527875,38.02983232573813,37.88034206123492,38.023259719603566,36.71005880692072,0.07873890095857619,36.61229154834225,36.80782606549919,36.630578359572695,36.80815364176357,0.15555856109702262,0.00032878100762959926,0.15515032555655547,0.15596679663748977,0.15512538743307974,0.1558290598290598,0.004299423456228189,4.855624000338374e-05,0.004239132921127798,0.00435971399132858,0.004245562130177515,0.004358215748748293,1.0,0.0,5,5,0.5655085052479191,1.0,1.0,1.0,3828.4577363996505,238.8705099561528,3531.860823954286,4125.0546488450145,3585.6010175990377,4107.520703600312
channel_fixed_phase_mismatch_deg,0.0,Current legacy CSI [production replay],production_replay,5,5,0.0,16.586730935262988,2.6607832615436413,13.282932152378432,19.890529718147544,14.349494161996029,20.149963312609735,-6.9276520555204275,0.04519826867091995,-6.983773118510294,-6.871530992530561,-6.9705859299677755,-6.868403809749935,20.34214175396672,0.09551966458466359,20.223538425331352,20.46074508260209,20.246753178774867,20.459210031485604,7.058152161332538,0.07495143027619257,6.965087668744636,7.15121665392044,6.984272821965028,7.146143133194799,10.963539624193944,0.11598095889294628,10.819530243059306,11.10754900532858,10.811954072854768,11.053932581107945,9.981949496216677,0.10357665513174791,9.853342092485116,10.110556899948238,9.86323382051811,10.064845968924663,0.000836667605898375,0.0001528300565870336,0.0006469040267906605,0.0010264311850060894,0.0007303465765004227,0.001043674274443505,0.0020156273706569564,0.00011767173174398204,0.0018695186177440468,0.002161736123569866,0.0019006979214079805,0.0021650735851919283,1.0,0.0,5,5,0.5655085052479191,1.0,1.0,1.0,223.504810400118,13.653549471408649,206.55168957376236,240.45793122647365,213.4661743995821,241.99982960017223
channel_fixed_phase_mismatch_deg,0.0,Current legacy CSI [scientific controlled],scientific_controlled,5,5,0.0,16.58409637896572,2.6826095835555686,13.253196637825733,19.914996120105712,14.338234824262235,20.176762529242364,-6.908567780747168,0.04520686696931794,-6.964699519934602,-6.852436041559734,-6.951792211087994,-6.849428760906861,20.341916200391474,0.09565406472503518,20.22314599194045,20.4606864088425,20.24617633403001,20.45906161526552,7.058808069093203,0.07551205333283177,6.965047471039309,7.152568667147097,6.98481096314572,7.148276232833929,10.965170036681183,0.11641896191776575,10.820616802959524,11.109723270402842,10.813044680717946,11.055256746702982,9.98303161808611,0.10370440907480354,9.854265586882828,10.111797649289393,9.864199405071526,10.065877313212154,0.000835916220531605,0.00015142326111630772,0.0006478994087127284,0.0010239330323504818,0.0007318493472339626,0.0010406687329764252,0.002018282506448187,0.00011685891306615662,0.0018731830012246014,0.002163382011671772,0.001903732362312244,0.002167349415870126,1.0,0.0,5,5,0.5655085052479191,1.0,1.0,1.0,234.2556562001846,25.341916377078416,202.78951098925097,265.72180141111824,207.2976130002644,264.0234601993143
channel_fixed_phase_mismatch_deg,0.0,DL-SMI/MVDR global,scientific_controlled,5,5,0.0,-0.937301069325048,0.1093152913733695,-1.0730339310766233,-0.8015682075734727,-1.0601887301911022,-0.8100655054609532,-0.011196337125554675,0.0001214572563522144,-0.011347146228087945,-0.011045528023021405,-0.01129080821532247,-0.011034398482039793,-0.801788661402864,0.008237278506756875,-0.8120165935678898,-0.7915607292378382,-0.8115315672509966,-0.7924650968958382,24.862323468794493,0.058913284759853884,24.7891729640922,24.935473973496787,24.804124700278614,24.938003491838185,36.19601155035664,0.07677380082466793,36.1006842858673,36.29133881484597,36.09826174184596,36.27418118905079,35.075953721959394,0.09133205690310692,34.962549995020815,35.18935744889797,34.982233788927616,35.19030423268523,0.15182868413637643,0.0004589451732859069,0.15125882843755747,0.15239853983519538,0.15122118906734291,0.15221827744904667,0.004345319374905174,3.614361781086817e-05,0.004300441145904547,0.004390197603905801,0.004303595812471552,0.004379456835078137,1.0,0.0,5,5,0.5655085052479191,1.0,1.0,1.0,2022.912890799853,462.568464762869,1448.5582813989554,2597.2675002007504,1607.1657578002487,2568.0481061997853
channel_fixed_phase_mismatch_deg,0.0,DL-SMI/MVDR local,scientific_controlled,5,5,0.0,-0.027294219962153577,0.030349556544403144,-0.06497817168481834,0.010389731760511191,-0.06568980195417655,0.0033466147769370697,-0.01226773961392642,9.039026819406168e-05,-0.012379973955731058,-0.012155505272121782,-0.01237581877457938,-0.012166123561030985,0.12312298135322328,0.004792656557825825,0.11717211224961105,0.1290738504568355,0.11733082742508809,0.12804215044777978,23.610493915779436,0.06469699790307032,23.530161982691265,23.690825848867608,23.55634478802367,23.697559245948742,35.08221731193418,0.07992451932246067,34.98297791371766,35.1814567101507,34.99994209420804,35.183802424534036,34.17035848155874,0.09378034887545598,34.05391479862101,34.28680216449648,34.07489133403338,34.28914578452533,0.1351817413355875,0.0004191647060386397,0.13466127961078125,0.13570220306039374,0.1346907109984033,0.1356671362825209,0.004581247155211652,4.590218775482734e-05,0.004524252061237648,0.0046382422491856555,0.004531558185404339,0.004637763617053558,1.0,0.0,5,5,0.5655085052479191,1.0,1.0,1.0,1189.2426202000934,87.7753604991473,1080.2551151388589,1298.2301252613279,1076.8979571999807,1277.9910473997006
channel_fixed_phase_mismatch_deg,0.0,MNEC physical,scientific_controlled,5,5,0.0,-0.27855351598548034,0.035965983469019615,-0.3232111828189892,-0.23389584915197148,-0.3249783128311197,-0.24278075342246153,-0.011592418125614972,3.912923805206731e-05,-0.011641003491781408,-0.011543832759448536,-0.011643548600077385,-0.01155491054147951,-0.2204208042111096,0.004769216557783604,-0.2263425687105515,-0.2144990397116677,-0.22570185069585477,-0.21514345359428105,24.191300082388796,0.06215652240427243,24.114122566265806,24.268477598511787,24.148476044240734,24.27551368551454,35.53486561831592,0.06950819554373429,35.448559794329086,35.62117144230275,35.46105992065017,35.6206533374441,34.494908963798686,0.09066463922263338,34.38233394536572,34.60748398223165,34.405381169808365,34.61138300603556,0.14399699445853292,0.0003949810502805532,0.14350656070842646,0.14448742820863938,0.143609655301963,0.14449591434206818,0.004441662873615536,3.898271277327872e-05,0.004393259442612599,0.004490066304618472,0.004399180700955849,0.004486800182066454,1.0,0.0,5,5,0.5655085052479191,1.0,1.0,1.0,2548.3451853993756,366.1808519302607,2093.6716047256264,3003.018766073125,2159.8195533999387,2926.1067471990827
channel_fixed_phase_mismatch_deg,0.0,Phase-only CSI [production replay],production_replay,5,5,0.0,14.358062645867097,2.966515930738453,10.674646614568301,18.041478677165895,11.73506136960358,18.31178632696239,-6.69686243193931,0.018148599900183224,-6.71939689505319,-6.6743279688254304,-6.710607061975415,-6.673429219911815,18.615977678367607,0.09972910693482903,18.49214763671352,18.739807720021695,18.52177690736042,18.740626704027363,8.704335322730028,0.06442372200887816,8.624342706481253,8.784327938978803,8.622125846978848,8.764024073165375,12.763936234593325,0.21859318307202258,12.492516948919814,13.035355520266837,12.58487375544651,13.020828573358198,11.707769199209519,0.11634003993564737,11.563313960071723,11.852224438347315,11.575271317772884,11.818935901371043,0.0028312200619892923,0.0004625511626456169,0.0022568869360044797,0.003405553187974105,0.0023897811590119283,0.003418427726120034,0.00023441055985434686,9.6858440451827e-05,0.00011414492142305455,0.00035467619828563916,0.00010961917766651495,0.0003246851767561827,1.0,0.0,5,5,0.5655085052479191,1.0,1.0,1.0,233.56239239983552,28.647499530118697,197.9918235946996,269.1329612049714,198.81634539960942,264.23443960011355
channel_fixed_phase_mismatch_deg,0.0,Phase-only CSI [scientific controlled],scientific_controlled,5,5,0.0,14.363194024368067,2.9784332243562788,10.664980718627982,18.061407330108153,11.735458928005553,18.335903547020447,-6.67793228730045,0.01784990203021489,-6.70009586802285,-6.65576870657805,-6.691426678774065,-6.6548931351304965,18.615697378473904,0.09981231929864516,18.49176401502346,18.739630741924348,18.521263291254648,18.740396975287364,8.70473533818856,0.06482422718392901,8.624245429082828,8.78522524729429,8.621559611200597,8.764451610534794,12.766294433539398,0.2178617527504491,12.495783338563381,13.036805528515416,12.587587256533256,13.02401747114616,11.708809222068387,0.11639875048730185,11.564281084152286,11.853337359984488,11.576155208238083,11.819835175655603,0.0028346012961397576,0.0004612880464965101,0.0022618365360028416,0.0034073660562766736,0.002395416549262703,0.003419179111486804,0.00023441055985434683,9.614093993620086e-05,0.00011503581598200085,0.0003537853037266928,0.00011113639811864664,0.00032544378698224854,1.0,0.0,5,5,0.5655085052479191,1.0,1.0,1.0,224.13593879973632,29.333718399358474,187.7133167297766,260.558560869696,194.85295080012293,261.12265399897296
channel_fixed_phase_mismatch_deg,0.0,Row complex LS / Wiener [scientific controlled],scientific_controlled,5,5,0.0,14.441164657802167,3.062857560447873,10.63812469336481,18.244204622239522,11.759019181832493,18.526913198384328,-6.69541884857262,0.01856048616420221,-6.718464736031888,-6.672372961113353,-6.712052555915241,-6.670761152992308,18.812999575881413,0.09594198602650825,18.693871865916034,18.932127285846793,18.712962655796943,18.927607000072925,8.495380621568929,0.07387301926896564,8.403655153103967,8.58710609003389,8.412868548930435,8.56625686857812,12.469914434090503,0.16172078573762028,12.269111556678716,12.67071731150229,12.307512629747768,12.642858961314829,11.45729835938673,0.1054766033361867,11.326331858371264,11.588264860402196,11.337157220877778,11.548862934000036,0.0023544660467737393,0.00032454662088503587,0.0019514881918817843,0.0027574439016656944,0.0020798346952193105,0.002783131398516014,0.00030382339553937187,6.915690290154525e-05,0.00021795375897918143,0.0003896930320995623,0.0002158246093157336,0.00037096040054619933,1.0,0.0,5,5,0.5655085052479191,1.0,1.0,1.0,219.23306780008716,12.861288150269164,203.26366933336055,235.20246626681376,205.3744232001918,232.8692992006836
channel_fixed_phase_mismatch_deg,0.0,Row complex LS / Wiener robust IRLS [scientific controlled],scientific_controlled,5,5,0.0,14.432882533965719,3.068577482407855,10.622740348358114,18.243024719573324,11.750000571232372,18.529161369573156,-6.674252716633963,0.011980297765131884,-6.6891282210567,-6.659377212211226,-6.681584961262422,-6.657698310932398,18.81146951103965,0.09612718548830937,18.692111845570068,18.930827176509233,18.711356291716697,18.926421478388065,8.499637579011752,0.07638176614300159,8.404797089872693,8.594478068150812,8.413247809232491,8.572249131922131,12.482851958213239,0.1630255602400804,12.28042898927597,12.685274927150507,12.32124363433487,12.65627699049406,11.470824181574976,0.10694965560761205,11.338028644586608,11.603619718563344,11.350015445857908,11.564117696206555,0.0023863999248614634,0.0003222717371763412,0.001986246711170697,0.00278655313855223,0.0021076359537898,0.0028075514229360383,0.00030647853133060235,6.845380231173409e-05,0.00022148190945989697,0.0003914751532013077,0.0002177211348808982,0.0003698224852071006,1.0,0.0,5,5,0.5655085052479191,1.0,1.0,1.0,343.53995339988614,59.24592744724957,269.97641824838564,417.10348855138665,288.32346759991196,412.7223829997092
channel_fixed_phase_mismatch_deg,0.0,SA-MNEC physical [approximate academic reference],scientific_controlled,5,5,0.0,-0.18311768452958327,0.026059822501067562,-0.21547522792876495,-0.1507601411304016,-0.2182324159712284,-0.16166353372345005,0.0052472475582492585,0.0008662594960213491,0.004171644328936557,0.00632285078756196,0.004293991331935151,0.006063927662314223,-0.217023193970196,0.005197479544695511,-0.22347671720225004,-0.21056967073814198,-0.2223458536218258,-0.21062166247229122,24.187241127452374,0.06107979886549952,24.111400540183496,24.263081714721253,24.143621723317906,24.270738235171912,35.52996057136377,0.06950290873575028,35.44366131181608,35.61625983091147,35.455122827858105,35.6157207770876,34.49093346680719,0.09087463205658784,34.378097707832424,34.60376922578196,34.40108135175943,34.607634028375564,0.14407025453179298,0.00042976065565714674,0.14353663619781862,0.14460387286576734,0.14366976613130458,0.14462740678125294,0.004444318009406767,4.371481142846547e-05,0.004390038901867732,0.004498597116945802,0.004397284175390684,0.004490972538309816,1.0,0.0,5,5,0.5655085052479191,1.0,1.0,1.0,7704.209368200463,372.2342707732761,7242.019475283288,8166.399261117639,7372.766702599984,8137.944150999829
channel_fixed_phase_mismatch_deg,0.0,Shrinkage-SMI/MVDR global,scientific_controlled,5,5,0.0,-0.7354185813641333,0.08746902841352107,-0.8440257249031509,-0.6268114378251157,-0.834618062674919,-0.6331599371435976,-0.011192846038385596,9.851499315372484e-05,-0.011315168558667963,-0.01107052351810323,-0.011267468843001309,-0.011059716554850125,-0.6134268940584848,0.005682006719280272,-0.6204820372393727,-0.606371750877597,-0.6192143187967976,-0.6067176379238662,24.6391684314962,0.057746111865928734,24.56746716335597,24.710869699636426,24.58421805832643,24.712710204758586,35.99666035209836,0.07280003849817335,35.906267165227256,36.087053538969464,35.901771718294526,36.06564804912275,34.88865529068374,0.08969215800809818,34.77728776716379,35.00002281420368,34.79832137139558,35.00246183560245,0.14903503334272566,0.00042938279852418776,0.14850188418034976,0.14956818250510157,0.14850004696158542,0.14943852728468113,0.004377560309512972,4.4364107167996866e-05,0.0043224749948299725,0.004432645624195971,0.004322561068123199,0.004417766651494462,1.0,0.0,5,5,0.5655085052479191,1.0,1.0,1.0,4157.684053400226,251.03610602137908,3845.9815583039685,4469.386548496483,3943.9487960000406,4432.739372400465
channel_fixed_phase_mismatch_deg,0.0,Shrinkage-SMI/MVDR local,scientific_controlled,5,5,0.0,-0.1761403453363099,0.03294975932073762,-0.21705287523438122,-0.13522781543823859,-0.2206678671551146,-0.14866627345477906,-0.011714419882274748,0.00012895369862017076,-0.01187453704728676,-0.011554302717262736,-0.011840396768678487,-0.011546874805713916,-0.07330831148893407,0.006018243746589074,-0.08078094808149461,-0.06583567489637354,-0.07966935425667523,-0.06581322431817113,23.906307326755133,0.06769539073659761,23.822252397233097,23.99036225627717,23.847676926425613,23.996306415262072,35.335038300968165,0.07876520171452008,35.23723838568791,35.43283821624842,35.25464429953694,35.43392842980884,34.361328200106925,0.09379565490321881,34.24486551222556,34.47779088798829,34.266972358674046,34.48078680288168,0.13896534234995775,0.00040922358950804726,0.1384572241516495,0.139473460548266,0.13848971541279234,0.13943833943833941,0.004523213472917615,5.0853769070671916e-05,0.004460070178689543,0.004586356767145686,0.00447200728265817,0.004586936731907146,1.0,0.0,5,5,0.5655085052479191,1.0,1.0,1.0,1668.554750599651,265.509907318417,1338.8806575156925,1998.2288436836095,1441.2159117990086,1999.1695599994273
channel_fixed_phase_mismatch_deg,18.0,Corrected JDL physical,scientific_controlled,5,5,0.0,-1.407893804413226,0.4204375295749647,-1.9299359483806051,-0.8858516604458472,-1.8752414203738756,-0.9047514216969478,0.2056056121721765,0.1510972536600313,0.017993592074904585,0.3932176322694484,0.02776574666899631,0.37932108035273443,-2.2017371129245484,0.022477311514243734,-2.229646381408218,-2.1738278444408787,-2.2252497184256983,-2.17776146480163,25.973019677370996,0.050288123396922124,25.91057872501176,26.03546062973023,25.909294417900803,26.023629373976163,37.828124757374475,0.06165924829711438,37.75156468860758,37.90468482614137,37.767608037387646,37.90028393790372,36.55965618105898,0.07693513275045748,36.46412859652564,36.65518376559233,36.48395057500567,36.65538557032668,0.15142819573588806,0.0003819646467658122,0.15095392398541196,0.15190246748636416,0.15096534234995773,0.15184408753639525,0.004275147928994083,5.489122956380961e-05,0.004206991465427508,0.004343304392560658,0.004214838416021848,0.004329009255044758,1.0,0.0,5,5,0.5655085052479191,1.0,1.0,1.0,3799.0787926002668,226.48531120560426,3517.860135554069,4080.2974496464644,3591.7185290007183,4060.096655200323
channel_fixed_phase_mismatch_deg,18.0,Current legacy CSI [production replay],production_replay,5,5,0.0,16.5867309512219,2.660783202126827,13.282932242113063,19.890529660330735,14.349494285627815,20.14996327618575,-6.927652012843159,0.045198263540804334,-6.983773069463146,-6.871530956223172,-6.970585900166862,-6.868403779764595,20.342141732495513,0.09551966496226862,20.223538403391284,20.46074506159974,20.246753157373558,20.45921001088127,7.058152349755828,0.07495140123432802,6.965087893228163,7.151216806283492,6.984272962957859,7.1461431627979035,10.96353956676921,0.11598098956372718,10.819530147551768,11.107548985986652,10.811953965080033,11.053932585627772,9.981949522096707,0.10357665620842599,9.853342117028275,10.11055692716514,9.863233844846357,10.064845997064301,0.000836667605898375,0.0001528300565870336,0.0006469040267906605,0.0010264311850060894,0.0007303465765004227,0.001043674274443505,0.0020156273706569564,0.00011767173174398204,0.0018695186177440468,0.002161736123569866,0.0019006979214079805,0.0021650735851919283,1.0,0.0,5,5,0.5655085052479191,1.0,1.0,1.0,230.62392079991696,10.435145882095705,217.66697584210416,243.58086575772975,219.27969039898016,240.56426520037348
channel_fixed_phase_mismatch_deg,18.0,Current legacy CSI [scientific controlled],scientific_controlled,5,5,0.0,16.584096394928977,2.6826095248866633,13.253196726636055,19.9149960632219,14.3382349468068,20.17676249396552,-6.908567737740232,0.04520686162248341,-6.964699470288694,-6.8524360051917705,-6.951792180166867,-6.8494287308867445,20.341916178885686,0.09565406512841788,20.223145969933796,20.460686387837576,20.246176312553036,20.459061594660007,7.058808071371928,0.07551208367553511,6.9650474356425915,7.152568707101264,6.984810948130083,7.148276279795251,10.965170040237627,0.11641901960590148,10.820616734886686,11.109723345588568,10.813044640576432,11.055256763108222,9.983031644028923,0.10370441007768164,9.854265611580404,10.111797676477442,9.864199429542552,10.06587734125735,0.000835916220531605,0.00015142326111630772,0.0006478994087127284,0.0010239330323504818,0.0007318493472339626,0.0010406687329764252,0.002018282506448187,0.00011685891306615662,0.0018731830012246014,0.002163382011671772,0.001903732362312244,0.002167349415870126,1.0,0.0,5,5,0.5655085052479191,1.0,1.0,1.0,245.58394719970238,11.052946664961004,231.85990125174303,259.3079931476617,231.75813519919757,257.1852493998449
channel_fixed_phase_mismatch_deg,18.0,DL-SMI/MVDR global,scientific_controlled,5,5,0.0,-0.9983533450224666,0.10541343411041096,-1.1292414110844926,-0.8674652789604407,-1.1241887694176096,-0.8818646873745414,-1.0091561584081652,0.016938014985539644,-1.0301874818167622,-0.988124834999568,-1.0239906796440688,-0.9881789015872638,-0.35495085070990195,0.011728432606670895,-0.36951362323297593,-0.340388078186828,-0.3675622173065938,-0.34060382188218197,24.392408233982017,0.06516551759709212,24.31149455685733,24.473321911106705,24.327996166224178,24.475671800253465,35.74086016424979,0.07659307105051978,35.64575730541442,35.83596302308516,35.66155667797406,35.83660313886539,34.63441483224518,0.09113535238239524,34.52125534622825,34.7475743182621,34.54132650749064,34.74821692087038,0.14450605804451958,0.00043246169023928275,0.1439690859331467,0.14504303015589246,0.14395416549262705,0.14491556306940923,0.0043312850857229555,6.608514019128625e-05,0.004249229546331121,0.00441334062511479,0.004258458504020634,0.004408284023668639,1.0,0.0,5,5,0.5655085052479191,1.0,1.0,1.0,2092.6474592004524,392.4197676171228,1605.3939615663965,2579.900956834508,1668.390816399915,2470.337770801052
channel_fixed_phase_mismatch_deg,18.0,DL-SMI/MVDR local,scientific_controlled,5,5,0.0,-0.2630426370142103,0.04328722433789705,-0.31679082505678957,-0.20929444897163108,-0.322076895386154,-0.2314630888212587,-1.0076421493734387,0.007886777658837866,-1.0174348772542632,-0.9978494214926141,-1.0166889121914038,-0.9986191286668761,0.7510229749844227,0.008941572607478241,0.7399205461903832,0.7621254037784623,0.7419292348107632,0.7616767994050168,23.03316673913414,0.06554084875917034,22.951787026818096,23.11454645145018,22.978258884492305,23.120679901662285,34.47964069707361,0.07510579751339122,34.386384532244776,34.57289686190245,34.40752307359198,34.576608083697195,33.541779947963306,0.09493561305522613,33.42390181508514,33.659658080841474,33.44519981924007,33.66140219180252,0.12724335493566263,0.0004222115544510753,0.12671911004887468,0.1277675998224506,0.12675983845214614,0.12774114774114773,0.004525109998482779,5.223198055651802e-05,0.00446025542867082,0.004589964568294739,0.004466317705962676,0.004583902291002882,1.0,0.0,5,5,0.5655085052479191,1.0,1.0,1.0,1141.8805295998027,51.58108226376515,1077.834156764448,1205.9269024351574,1071.1229609998554,1179.6053011999902
channel_fixed_phase_mismatch_deg,18.0,MNEC physical,scientific_controlled,5,5,0.0,-0.5478334008771608,0.0606298851524868,-0.6231153464862924,-0.47255145526802916,-0.6215591426419391,-0.49217616523049,-1.0357127874743022,0.005417983447461737,-1.0424401024638847,-1.0289854724847196,-1.0417966474870282,-1.0294163026870917,0.1696254292749661,0.008357607285549008,0.15924808919736616,0.18000276935256604,0.16070233275713156,0.1798703299162651,23.92227472836209,0.06301838495171275,23.84402706854254,24.00052238818164,23.863473491268934,24.004309770622058,35.211723206844326,0.06208558880483732,35.13463376641801,35.28881264727064,35.150108136587605,35.28780145864365,34.09565609814088,0.08932876157239653,33.98473979089222,34.20657240538954,34.00871532713968,34.2105708690645,0.1406856391471776,0.00040280668558851686,0.14018548858744617,0.14118578970690904,0.14033699633699634,0.14122287968441813,0.004329767865270824,6.979884015922447e-05,0.004243101158328667,0.0044164345722129805,0.004252768927325141,0.004401835836747079,1.0,0.0,5,5,0.5655085052479191,1.0,1.0,1.0,2306.4756332001707,465.02657221191265,1729.068880276077,2883.8823861242645,1917.6478052002494,2876.3342136000574
channel_fixed_phase_mismatch_deg,18.0,Phase-only CSI [production replay],production_replay,5,5,0.0,14.358062505620381,2.966515801139301,10.674646635240187,18.041478376000576,11.735061320822709,18.3117860184994,-6.69686237389634,0.018148604697210885,-6.719396842966517,-6.674327904826163,-6.710607014915039,-6.673429155871602,18.615977583282074,0.0997291078594681,18.492147540479895,18.739807626084254,18.52177681159737,18.74062661044094,8.704335437684062,0.06442350185420131,8.624343094793423,8.784327780574701,8.622126089075033,8.764024001708721,12.763936607056563,0.21859316221921496,12.492517347275232,13.035355866837893,12.584873670867744,13.020828772888404,11.707769328218186,0.11634004085373474,11.563314087940434,11.852224568495938,11.575271445084788,11.818936031114948,0.0028312200619892923,0.0004625511626456169,0.0022568869360044797,0.003405553187974105,0.0023897811590119283,0.003418427726120034,0.00023441055985434686,9.6858440451827e-05,0.00011414492142305455,0.00035467619828563916,0.00010961917766651495,0.0003246851767561827,1.0,0.0,5,5,0.5655085052479191,1.0,1.0,1.0,229.52569980006956,10.151983973607797,216.92034678968915,242.13105281044997,215.98440220041084,238.44646679935977
channel_fixed_phase_mismatch_deg,18.0,Phase-only CSI [scientific controlled],scientific_controlled,5,5,0.0,14.363193884394931,2.9784330944577255,10.664980739945204,18.06140702884466,11.735458878736267,18.335903238455987,-6.677932228942941,0.017849907216866162,-6.700095816105419,-6.655768641780464,-6.691426630796347,-6.6548930699166755,18.615697283361065,0.09981232023606529,18.49176391874666,18.73963064797547,18.52126319545075,18.74039688169594,8.704735183431628,0.06482407685117672,8.624245460988664,8.785224905874593,8.621559565287006,8.764451245877247,12.76629454607566,0.21786182700010653,12.495783358906516,13.036805733244803,12.587587338112735,13.024017692184831,11.708809351059847,0.11639875160777909,11.56428121175249,11.853337490367203,11.576155335108941,11.819835305503565,0.0028346012961397576,0.0004612880464965101,0.0022618365360028416,0.0034073660562766736,0.002395416549262703,0.003419179111486804,0.00023441055985434683,9.614093993620086e-05,0.00011503581598200085,0.0003537853037266928,0.00011113639811864664,0.00032544378698224854,1.0,0.0,5,5,0.5655085052479191,1.0,1.0,1.0,238.8274167999043,12.733843545780507,223.01626171033672,254.6385718894719,230.5538794000313,256.0743715996068
channel_fixed_phase_mismatch_deg,18.0,Row complex LS / Wiener [scientific controlled],scientific_controlled,5,5,0.0,14.441164683423903,3.0628575530636115,10.638124728155319,18.244204638692487,11.759019214665415,18.526913220042026,-6.695418847624123,0.018560487239747573,-6.7184647364188566,-6.672372958829389,-6.712052552519891,-6.6707611490614775,18.812999575312922,0.09594198658714968,18.693871864651417,18.932127285974428,18.712962654880435,18.927607000570397,8.495380702195542,0.07387294983002489,8.403655319950413,8.58710608444067,8.412868696756673,8.566256868812577,12.469914366222515,0.16172081508170028,12.26911145237524,12.67071728006979,12.307512544339245,12.642858931218864,11.457298359927545,0.10547660445398419,11.326331857524151,11.58826486233094,11.337157220194824,11.54886293639002,0.0023544660467737393,0.00032454662088503587,0.0019514881918817843,0.0027574439016656944,0.0020798346952193105,0.002783131398516014,0.00030382339553937187,6.915690290154525e-05,0.00021795375897918143,0.0003896930320995623,0.0002158246093157336,0.00037096040054619933,1.0,0.0,5,5,0.5655085052479191,1.0,1.0,1.0,236.1389251997025,4.250011603374701,230.8618387998397,241.4160115995653,230.58285319966672,239.58967919934366
channel_fixed_phase_mismatch_deg,18.0,Row complex LS / Wiener robust IRLS [scientific controlled],scientific_controlled,5,5,0.0,14.432882558500449,3.0685774763385303,10.622740380428905,18.243024736571993,11.75000060284901,18.52916139219884,-6.6742527154130284,0.011980298559809394,-6.689128220822488,-6.659377210003569,-6.681584954952707,-6.6576983082537255,18.811469510499304,0.09612718606824765,18.692111844309633,18.930827176688975,18.71135629081087,18.926421478926038,8.499637517950044,0.07638196419611798,8.40479678289556,8.594478253004528,8.41324763304596,8.572249560145545,12.482851909341518,0.1630254902078429,12.280429027360759,12.685274791322277,12.321243717360575,12.656276951539127,11.470824182066272,0.10694965685110701,11.3380286435339,11.603619720598644,11.350015444947495,11.564117698560239,0.0023863999248614634,0.0003222717371763412,0.001986246711170697,0.00278655313855223,0.0021076359537898,0.0028075514229360383,0.00030647853133060235,6.845380231173409e-05,0.00022148190945989697,0.0003914751532013077,0.0002177211348808982,0.0003698224852071006,1.0,0.0,5,5,0.5655085052479191,1.0,1.0,1.0,393.37339800040354,139.2438677170355,220.4793004853758,566.2674955154313,310.8853026009456,585.3949002001173
channel_fixed_phase_mismatch_deg,18.0,SA-MNEC physical [approximate academic reference],scientific_controlled,5,5,0.0,-0.3596151207408925,0.04180643684434177,-0.41152466826373235,-0.3077055732180527,-0.4102131798807793,-0.3237997794017339,-0.9856292738545178,0.002291573108305,-0.9884746376823543,-0.9827839100266813,-0.9885918016321757,-0.9834585188100554,0.17423405300109246,0.00917671645309821,0.16283965455954721,0.1856284514426377,0.16450518389004898,0.18570341960910644,23.904085717319226,0.06296433265157274,23.82590517229478,23.98226626234367,23.842765065432754,23.98537208503441,35.20156773654933,0.06221576836402328,35.12431665685107,35.278818816247586,35.14143611219322,35.27898272137331,34.09130743911284,0.08919628104466511,33.980555628165924,34.202059250059754,34.004728253178335,34.20614811836462,0.14056353902507748,0.00039494665420751566,0.1400731479833366,0.14105393006681838,0.14021902883441345,0.1410816192354654,0.004349491731148536,5.468114395313229e-05,0.004281596123321281,0.004417387338975792,0.004281975421028676,0.0044014565316340465,1.0,0.0,5,5,0.5655085052479191,1.0,1.0,1.0,7289.481868600342,584.3937766814428,6563.861155320087,8015.1025818805965,6697.108341599596,8030.476814000576
channel_fixed_phase_mismatch_deg,18.0,Shrinkage-SMI/MVDR global,scientific_controlled,5,5,0.0,-0.8592697997808681,0.09023691788152936,-0.9713137320233217,-0.7472258675384146,-0.9677844872574132,-0.761908721073519,-1.0142498705284209,0.01452565559866704,-1.032285854135607,-0.9962138869212347,-1.027492500309039,-0.9964654790932295,-0.17516048178188237,0.009560177715329524,-0.1870310102674464,-0.16328995329631835,-0.1837467900453596,-0.16274593585546962,24.203309214373533,0.06325363365432007,24.12476945470933,24.281848974037736,24.14489630702348,24.284503128451895,35.552404844249004,0.08244350476418645,35.45003771249749,35.65477197600052,35.47045163141135,35.6566155386737,34.45377505885187,0.08963611177328852,34.34247712592392,34.565072991779815,34.36420190642261,34.56753985862773,0.14227331642716257,0.0004097707670888257,0.14176451881815164,0.1427821140361735,0.141762374377759,0.1427106227106227,0.004345319374905174,6.33904981825165e-05,0.00426660967548368,0.004424029074326668,0.0042778030647853136,0.00442269761796389,1.0,0.0,5,5,0.5655085052479191,1.0,1.0,1.0,4376.6275524001685,160.37692678627454,4177.493296266932,4575.761808533405,4159.298949800359,4458.49335600069
channel_fixed_phase_mismatch_deg,18.0,Shrinkage-SMI/MVDR local,scientific_controlled,5,5,0.0,-0.41960763727834127,0.05422515897471424,-0.4869370649741732,-0.3522782095825093,-0.4866691395026951,-0.3706963796103652,-1.0022384597952634,0.003968514243563791,-1.0071660210578592,-0.9973108985326674,-1.0071596150954922,-0.9984300635059489,0.39945386942554234,0.010872143593840904,0.3859543201417577,0.412953418709327,0.3903267560588304,0.41377371322818035,23.521222885666795,0.06752327747688491,23.437381662982958,23.605064108350632,23.456294798772188,23.608076081062222,34.90681821297578,0.07956153888883535,34.80802951449574,35.005606911455814,34.83190831667259,35.00950408802786,33.886021917753,0.09514378440050765,33.76788530600993,34.00415852949607,33.791167591170755,34.006860510396855,0.13340772048464355,0.00040268095860469864,0.1329077260355815,0.1339077149337056,0.13295951911336526,0.13388785573400958,0.00443824912759824,6.594893257669405e-05,0.004356362712297727,0.0045201355428987535,0.004359732969200425,0.004495524199666211,1.0,0.0,5,5,0.5655085052479191,1.0,1.0,1.0,1800.6173882004077,206.07944709218452,1544.7359579761014,2056.498818424714,1572.1566467997036,2017.2867050012428
channel_phase_jitter_std_deg,0.0,Corrected JDL physical,scientific_controlled,5,5,0.0,-1.1519193821917582,0.4515148808918636,-1.7125491544488916,-0.5912896099346249,-1.612101580967995,-0.5997450525175915,1.327688972120785,0.1291534185300031,1.1673238220870097,1.4880541221545602,1.176748194731742,1.4765079059257373,-2.3581624801850345,0.018473668480227856,-2.381100569251703,-2.335224391118366,-2.376811223821118,-2.33873958352431,26.1310706961712,0.03790812204153891,26.08400154579267,26.17813984654973,26.08692525277285,26.174294757211047,37.95339470550844,0.06156063181360216,37.87695708527875,38.02983232573813,37.88034206123492,38.023259719603566,36.71005880692072,0.07873890095857619,36.61229154834225,36.80782606549919,36.630578359572695,36.80815364176357,0.15555856109702262,0.00032878100762959926,0.15515032555655547,0.15596679663748977,0.15512538743307974,0.1558290598290598,0.004299423456228189,4.855624000338374e-05,0.004239132921127798,0.00435971399132858,0.004245562130177515,0.004358215748748293,1.0,0.0,5,5,0.5655085052479191,1.0,1.0,1.0,3932.7661777995672,49.10997374161679,3871.788091451821,3993.7442641473135,3888.2378801990853,3996.7804468000395
channel_phase_jitter_std_deg,0.0,Current legacy CSI [production replay],production_replay,5,5,0.0,16.586730935262988,2.6607832615436413,13.282932152378432,19.890529718147544,14.349494161996029,20.149963312609735,-6.9276520555204275,0.04519826867091995,-6.983773118510294,-6.871530992530561,-6.9705859299677755,-6.868403809749935,20.34214175396672,0.09551966458466359,20.223538425331352,20.46074508260209,20.246753178774867,20.459210031485604,7.058152161332538,0.07495143027619257,6.965087668744636,7.15121665392044,6.984272821965028,7.146143133194799,10.963539624193944,0.11598095889294628,10.819530243059306,11.10754900532858,10.811954072854768,11.053932581107945,9.981949496216677,0.10357665513174791,9.853342092485116,10.110556899948238,9.86323382051811,10.064845968924663,0.000836667605898375,0.0001528300565870336,0.0006469040267906605,0.0010264311850060894,0.0007303465765004227,0.001043674274443505,0.0020156273706569564,0.00011767173174398204,0.0018695186177440468,0.002161736123569866,0.0019006979214079805,0.0021650735851919283,1.0,0.0,5,5,0.5655085052479191,1.0,1.0,1.0,218.08687900047516,27.63603110066818,183.77221412950865,252.40154387144167,189.80909179990704,247.11004920063715
channel_phase_jitter_std_deg,0.0,Current legacy CSI [scientific controlled],scientific_controlled,5,5,0.0,16.58409637896572,2.6826095835555686,13.253196637825733,19.914996120105712,14.338234824262235,20.176762529242364,-6.908567780747168,0.04520686696931794,-6.964699519934602,-6.852436041559734,-6.951792211087994,-6.849428760906861,20.341916200391474,0.09565406472503518,20.22314599194045,20.4606864088425,20.24617633403001,20.45906161526552,7.058808069093203,0.07551205333283177,6.965047471039309,7.152568667147097,6.98481096314572,7.148276232833929,10.965170036681183,0.11641896191776575,10.820616802959524,11.109723270402842,10.813044680717946,11.055256746702982,9.98303161808611,0.10370440907480354,9.854265586882828,10.111797649289393,9.864199405071526,10.065877313212154,0.000835916220531605,0.00015142326111630772,0.0006478994087127284,0.0010239330323504818,0.0007318493472339626,0.0010406687329764252,0.002018282506448187,0.00011685891306615662,0.0018731830012246014,0.002163382011671772,0.001903732362312244,0.002167349415870126,1.0,0.0,5,5,0.5655085052479191,1.0,1.0,1.0,232.07597340006032,33.49722357887422,190.48367684235689,273.66826995776375,193.8476666011411,268.5775253990869
channel_phase_jitter_std_deg,0.0,DL-SMI/MVDR global,scientific_controlled,5,5,0.0,-0.937301069325048,0.1093152913733695,-1.0730339310766233,-0.8015682075734727,-1.0601887301911022,-0.8100655054609532,-0.011196337125554675,0.0001214572563522144,-0.011347146228087945,-0.011045528023021405,-0.01129080821532247,-0.011034398482039793,-0.801788661402864,0.008237278506756875,-0.8120165935678898,-0.7915607292378382,-0.8115315672509966,-0.7924650968958382,24.862323468794493,0.058913284759853884,24.7891729640922,24.935473973496787,24.804124700278614,24.938003491838185,36.19601155035664,0.07677380082466793,36.1006842858673,36.29133881484597,36.09826174184596,36.27418118905079,35.075953721959394,0.09133205690310692,34.962549995020815,35.18935744889797,34.982233788927616,35.19030423268523,0.15182868413637643,0.0004589451732859069,0.15125882843755747,0.15239853983519538,0.15122118906734291,0.15221827744904667,0.004345319374905174,3.614361781086817e-05,0.004300441145904547,0.004390197603905801,0.004303595812471552,0.004379456835078137,1.0,0.0,5,5,0.5655085052479191,1.0,1.0,1.0,1977.9188690004958,456.9413837878361,1410.5512034612796,2545.286534539712,1569.4025070009957,2571.2450563998573
channel_phase_jitter_std_deg,0.0,DL-SMI/MVDR local,scientific_controlled,5,5,0.0,-0.027294219962153577,0.030349556544403144,-0.06497817168481834,0.010389731760511191,-0.06568980195417655,0.0033466147769370697,-0.01226773961392642,9.039026819406168e-05,-0.012379973955731058,-0.012155505272121782,-0.01237581877457938,-0.012166123561030985,0.12312298135322328,0.004792656557825825,0.11717211224961105,0.1290738504568355,0.11733082742508809,0.12804215044777978,23.610493915779436,0.06469699790307032,23.530161982691265,23.690825848867608,23.55634478802367,23.697559245948742,35.08221731193418,0.07992451932246067,34.98297791371766,35.1814567101507,34.99994209420804,35.183802424534036,34.17035848155874,0.09378034887545598,34.05391479862101,34.28680216449648,34.07489133403338,34.28914578452533,0.1351817413355875,0.0004191647060386397,0.13466127961078125,0.13570220306039374,0.1346907109984033,0.1356671362825209,0.004581247155211652,4.590218775482734e-05,0.004524252061237648,0.0046382422491856555,0.004531558185404339,0.004637763617053558,1.0,0.0,5,5,0.5655085052479191,1.0,1.0,1.0,1108.5374738002429,133.68731258748298,942.5427507436204,1274.5321968568653,938.4410869999556,1244.9049282007763
channel_phase_jitter_std_deg,0.0,MNEC physical,scientific_controlled,5,5,0.0,-0.27855351598548034,0.035965983469019615,-0.3232111828189892,-0.23389584915197148,-0.3249783128311197,-0.24278075342246153,-0.011592418125614972,3.912923805206731e-05,-0.011641003491781408,-0.011543832759448536,-0.011643548600077385,-0.01155491054147951,-0.2204208042111096,0.004769216557783604,-0.2263425687105515,-0.2144990397116677,-0.22570185069585477,-0.21514345359428105,24.191300082388796,0.06215652240427243,24.114122566265806,24.268477598511787,24.148476044240734,24.27551368551454,35.53486561831592,0.06950819554373429,35.448559794329086,35.62117144230275,35.46105992065017,35.6206533374441,34.494908963798686,0.09066463922263338,34.38233394536572,34.60748398223165,34.405381169808365,34.61138300603556,0.14399699445853292,0.0003949810502805532,0.14350656070842646,0.14448742820863938,0.143609655301963,0.14449591434206818,0.004441662873615536,3.898271277327872e-05,0.004393259442612599,0.004490066304618472,0.004399180700955849,0.004486800182066454,1.0,0.0,5,5,0.5655085052479191,1.0,1.0,1.0,2600.5713541995647,466.012461506774,2021.940458031826,3179.2022503673033,2057.8534929991292,2980.496842199136
channel_phase_jitter_std_deg,0.0,Phase-only CSI [production replay],production_replay,5,5,0.0,14.358062645867097,2.966515930738453,10.674646614568301,18.041478677165895,11.73506136960358,18.31178632696239,-6.69686243193931,0.018148599900183224,-6.71939689505319,-6.6743279688254304,-6.710607061975415,-6.673429219911815,18.615977678367607,0.09972910693482903,18.49214763671352,18.739807720021695,18.52177690736042,18.740626704027363,8.704335322730028,0.06442372200887816,8.624342706481253,8.784327938978803,8.622125846978848,8.764024073165375,12.763936234593325,0.21859318307202258,12.492516948919814,13.035355520266837,12.58487375544651,13.020828573358198,11.707769199209519,0.11634003993564737,11.563313960071723,11.852224438347315,11.575271317772884,11.818935901371043,0.0028312200619892923,0.0004625511626456169,0.0022568869360044797,0.003405553187974105,0.0023897811590119283,0.003418427726120034,0.00023441055985434686,9.6858440451827e-05,0.00011414492142305455,0.00035467619828563916,0.00010961917766651495,0.0003246851767561827,1.0,0.0,5,5,0.5655085052479191,1.0,1.0,1.0,212.5337554007274,23.32187008756127,183.57582894219428,241.4916818592605,187.17084560048534,233.82123980118195
channel_phase_jitter_std_deg,0.0,Phase-only CSI [scientific controlled],scientific_controlled,5,5,0.0,14.363194024368067,2.9784332243562788,10.664980718627982,18.061407330108153,11.735458928005553,18.335903547020447,-6.67793228730045,0.01784990203021489,-6.70009586802285,-6.65576870657805,-6.691426678774065,-6.6548931351304965,18.615697378473904,0.09981231929864516,18.49176401502346,18.739630741924348,18.521263291254648,18.740396975287364,8.70473533818856,0.06482422718392901,8.624245429082828,8.78522524729429,8.621559611200597,8.764451610534794,12.766294433539398,0.2178617527504491,12.495783338563381,13.036805528515416,12.587587256533256,13.02401747114616,11.708809222068387,0.11639875048730185,11.564281084152286,11.853337359984488,11.576155208238083,11.819835175655603,0.0028346012961397576,0.0004612880464965101,0.0022618365360028416,0.0034073660562766736,0.002395416549262703,0.003419179111486804,0.00023441055985434683,9.614093993620086e-05,0.00011503581598200085,0.0003537853037266928,0.00011113639811864664,0.00032544378698224854,1.0,0.0,5,5,0.5655085052479191,1.0,1.0,1.0,223.1510106001224,23.41702640216834,194.07493197153983,252.22708922870495,193.56467639954644,246.9232227998873
channel_phase_jitter_std_deg,0.0,Row complex LS / Wiener [scientific controlled],scientific_controlled,5,5,0.0,14.441164657802167,3.062857560447873,10.63812469336481,18.244204622239522,11.759019181832493,18.526913198384328,-6.69541884857262,0.01856048616420221,-6.718464736031888,-6.672372961113353,-6.712052555915241,-6.670761152992308,18.812999575881413,0.09594198602650825,18.693871865916034,18.932127285846793,18.712962655796943,18.927607000072925,8.495380621568929,0.07387301926896564,8.403655153103967,8.58710609003389,8.412868548930435,8.56625686857812,12.469914434090503,0.16172078573762028,12.269111556678716,12.67071731150229,12.307512629747768,12.642858961314829,11.45729835938673,0.1054766033361867,11.326331858371264,11.588264860402196,11.337157220877778,11.548862934000036,0.0023544660467737393,0.00032454662088503587,0.0019514881918817843,0.0027574439016656944,0.0020798346952193105,0.002783131398516014,0.00030382339553937187,6.915690290154525e-05,0.00021795375897918143,0.0003896930320995623,0.0002158246093157336,0.00037096040054619933,1.0,0.0,5,5,0.5655085052479191,1.0,1.0,1.0,228.76062200011802,27.131224542981073,195.07275725788926,262.44848674234674,191.9183794001583,249.65016060014023
channel_phase_jitter_std_deg,0.0,Row complex LS / Wiener robust IRLS [scientific controlled],scientific_controlled,5,5,0.0,14.432882533965719,3.068577482407855,10.622740348358114,18.243024719573324,11.750000571232372,18.529161369573156,-6.674252716633963,0.011980297765131884,-6.6891282210567,-6.659377212211226,-6.681584961262422,-6.657698310932398,18.81146951103965,0.09612718548830937,18.692111845570068,18.930827176509233,18.711356291716697,18.926421478388065,8.499637579011752,0.07638176614300159,8.404797089872693,8.594478068150812,8.413247809232491,8.572249131922131,12.482851958213239,0.1630255602400804,12.28042898927597,12.685274927150507,12.32124363433487,12.65627699049406,11.470824181574976,0.10694965560761205,11.338028644586608,11.603619718563344,11.350015445857908,11.564117696206555,0.0023863999248614634,0.0003222717371763412,0.001986246711170697,0.00278655313855223,0.0021076359537898,0.0028075514229360383,0.00030647853133060235,6.845380231173409e-05,0.00022148190945989697,0.0003914751532013077,0.0002177211348808982,0.0003698224852071006,1.0,0.0,5,5,0.5655085052479191,1.0,1.0,1.0,385.7280192001781,148.5981083005702,201.2190979220295,570.2369404783267,301.8266949991812,590.4457746011758
channel_phase_jitter_std_deg,0.0,SA-MNEC physical [approximate academic reference],scientific_controlled,5,5,0.0,-0.18311768452958327,0.026059822501067562,-0.21547522792876495,-0.1507601411304016,-0.2182324159712284,-0.16166353372345005,0.0052472475582492585,0.0008662594960213491,0.004171644328936557,0.00632285078756196,0.004293991331935151,0.006063927662314223,-0.217023193970196,0.005197479544695511,-0.22347671720225004,-0.21056967073814198,-0.2223458536218258,-0.21062166247229122,24.187241127452374,0.06107979886549952,24.111400540183496,24.263081714721253,24.143621723317906,24.270738235171912,35.52996057136377,0.06950290873575028,35.44366131181608,35.61625983091147,35.455122827858105,35.6157207770876,34.49093346680719,0.09087463205658784,34.378097707832424,34.60376922578196,34.40108135175943,34.607634028375564,0.14407025453179298,0.00042976065565714674,0.14353663619781862,0.14460387286576734,0.14366976613130458,0.14462740678125294,0.004444318009406767,4.371481142846547e-05,0.004390038901867732,0.004498597116945802,0.004397284175390684,0.004490972538309816,1.0,0.0,5,5,0.5655085052479191,1.0,1.0,1.0,7583.209851399442,715.9224248468535,6694.2747509596575,8472.144951839227,6690.956835399265,8307.25425679957
channel_phase_jitter_std_deg,0.0,Shrinkage-SMI/MVDR global,scientific_controlled,5,5,0.0,-0.7354185813641333,0.08746902841352107,-0.8440257249031509,-0.6268114378251157,-0.834618062674919,-0.6331599371435976,-0.011192846038385596,9.851499315372484e-05,-0.011315168558667963,-0.01107052351810323,-0.011267468843001309,-0.011059716554850125,-0.6134268940584848,0.005682006719280272,-0.6204820372393727,-0.606371750877597,-0.6192143187967976,-0.6067176379238662,24.6391684314962,0.057746111865928734,24.56746716335597,24.710869699636426,24.58421805832643,24.712710204758586,35.99666035209836,0.07280003849817335,35.906267165227256,36.087053538969464,35.901771718294526,36.06564804912275,34.88865529068374,0.08969215800809818,34.77728776716379,35.00002281420368,34.79832137139558,35.00246183560245,0.14903503334272566,0.00042938279852418776,0.14850188418034976,0.14956818250510157,0.14850004696158542,0.14943852728468113,0.004377560309512972,4.4364107167996866e-05,0.0043224749948299725,0.004432645624195971,0.004322561068123199,0.004417766651494462,1.0,0.0,5,5,0.5655085052479191,1.0,1.0,1.0,4453.161767399797,63.906702640203044,4373.8111154874805,4532.512419312114,4378.313218800395,4509.245041800023
channel_phase_jitter_std_deg,0.0,Shrinkage-SMI/MVDR local,scientific_controlled,5,5,0.0,-0.1761403453363099,0.03294975932073762,-0.21705287523438122,-0.13522781543823859,-0.2206678671551146,-0.14866627345477906,-0.011714419882274748,0.00012895369862017076,-0.01187453704728676,-0.011554302717262736,-0.011840396768678487,-0.011546874805713916,-0.07330831148893407,0.006018243746589074,-0.08078094808149461,-0.06583567489637354,-0.07966935425667523,-0.06581322431817113,23.906307326755133,0.06769539073659761,23.822252397233097,23.99036225627717,23.847676926425613,23.996306415262072,35.335038300968165,0.07876520171452008,35.23723838568791,35.43283821624842,35.25464429953694,35.43392842980884,34.361328200106925,0.09379565490321881,34.24486551222556,34.47779088798829,34.266972358674046,34.48078680288168,0.13896534234995775,0.00040922358950804726,0.1384572241516495,0.139473460548266,0.13848971541279234,0.13943833943833941,0.004523213472917615,5.0853769070671916e-05,0.004460070178689543,0.004586356767145686,0.00447200728265817,0.004586936731907146,1.0,0.0,5,5,0.5655085052479191,1.0,1.0,1.0,1740.4497247996915,252.45443280616314,1426.9861443970783,2053.9133052023044,1540.8506263989693,2024.0162744001282
channel_phase_jitter_std_deg,3.0,Corrected JDL physical,scientific_controlled,5,5,0.0,-1.1448535182901742,0.4387199189963231,-1.6895962470032133,-0.6001107895771352,-1.5902926187601256,-0.6051971272891362,1.3146002815031639,0.12911878318665573,1.1542781369282886,1.4749224260780391,1.1573639323184166,1.4559533024648867,-2.339178397166054,0.023090805546088108,-2.367849419102178,-2.3105073752299297,-2.362892415195622,-2.315515353086756,26.106816108321617,0.034144527020442794,26.064420078384604,26.14921213825863,26.06687123529472,26.144981057289865,37.93162528376289,0.053344854277572906,37.86538889871695,37.99786166880883,37.86843840027508,37.99258285848811,36.69058179510207,0.07634782122886,36.59578345414082,36.78538013606332,36.61472854837223,36.78566000627141,0.15554766600920447,0.0004186432933144147,0.1550278517038061,0.15606748031460285,0.15499013806706113,0.15591171221940453,0.004331664390835989,4.096231805957971e-05,0.004280802955218397,0.004382525826453582,0.004280837505689577,0.00437073281747838,1.0,0.0,5,5,0.5655085052479191,1.0,1.0,1.0,3480.1017754005443,369.34648542994455,3021.4975415787267,3938.706009222362,3067.57644360041,3897.4248952010385
channel_phase_jitter_std_deg,3.0,Current legacy CSI [production replay],production_replay,5,5,0.0,16.659766107885975,2.705631483138183,13.300280902863967,20.019251312907983,14.474861108470375,20.299164465690087,-6.937039408616039,0.04941239559922667,-6.99839300129665,-6.875685815935428,-6.980400379460736,-6.871447903995885,20.30139281077688,0.08090133281582958,20.20094053841268,20.401845083141076,20.220750282745446,20.400523960432185,7.092173578880244,0.07385278014161505,7.00047324061107,7.183873917149418,7.027539957613068,7.1824235307233,11.019788709031664,0.08653080212457316,10.912346527297801,11.127230890765526,10.903356413225318,11.091096596897607,10.037399266559454,0.0844136146313725,9.932585920313349,10.14221261280556,9.937528949907566,10.11091873080014,0.0008896402742556589,0.00012200327057356398,0.0007381532055212314,0.0010411273429900864,0.0008073635765943458,0.0010579505964121347,0.0022299347595205582,0.0001317669057977605,0.002066324536436642,0.0023935449826044744,0.00207707479896829,0.0023835533302988925,1.0,0.0,5,5,0.5655085052479191,1.0,1.0,1.0,225.00578060062253,29.76585806269495,188.04658626850158,261.9649749327435,194.30138360112323,259.50825460022315
channel_phase_jitter_std_deg,3.0,Current legacy CSI [scientific controlled],scientific_controlled,5,5,0.0,16.66126128044101,2.7320137116175363,13.269018212123779,20.053504348758242,14.463825787839957,20.335422377511936,-6.917941211540445,0.04937174300227699,-6.979244327354989,-6.8566380957259,-6.960993611151299,-6.8523565274709775,20.301182485308402,0.08103203791601317,20.200567921126925,20.40179704948988,20.220189553363994,20.40038440566023,7.093010605422757,0.07414134288056659,7.000951969189403,7.185069241656111,7.028147175075664,7.183629859787292,11.020160773222779,0.08794602109596435,10.910961365042564,11.129360181402994,10.901040934999688,11.090067433433054,10.038488883745858,0.08451152992723807,9.933553959602003,10.143423807889713,9.93852789892916,10.111842632671323,0.0008896402742556589,0.00012517249193885735,0.0007342180974496053,0.0010450624510617125,0.000802479571710341,0.0010617075232459848,0.0022299347595205582,0.00013174643163929307,0.0020663499584621047,0.002393519560579012,0.002082005765437718,0.00238582916097709,1.0,0.0,5,5,0.5655085052479191,1.0,1.0,1.0,232.4952798000595,38.712358606478645,184.42753783280313,280.5630217673159,192.53926039964426,277.7253420001216
channel_phase_jitter_std_deg,3.0,DL-SMI/MVDR global,scientific_controlled,5,5,0.0,-0.9372823625690841,0.11726830730724365,-1.0828901978828998,-0.7916745272552685,-1.065738498888001,-0.8002067269102743,-0.02019197920681924,0.00823809064527905,-0.030420919775009582,-0.009963038638628898,-0.027436360539827655,-0.009905325611012738,-0.7905543688600667,0.016934978138447892,-0.811581921524962,-0.7695268161951714,-0.8130156498241096,-0.775175830015134,24.84925158421455,0.06407281971517541,24.769694670710752,24.928808497718347,24.780483035395996,24.928645985748105,36.1846987742599,0.07931283474567472,36.08621888276063,36.283178665759166,36.0850597340283,36.266028979704984,35.065702616677584,0.09612032978114322,34.94635346369277,35.185051769662394,34.964230527094145,35.18522391008134,0.15139738893585047,0.00048615489708884573,0.15079374790258432,0.15200102996911663,0.15074030243261013,0.15174039635578096,0.004346836595357306,3.279399269039326e-05,0.004306117475276255,0.004387555715438357,0.004311561219845244,0.004380594750417236,1.0,0.0,5,5,0.5655085052479191,1.0,1.0,1.0,1842.7165777997288,368.65055972069126,1384.976449876516,2300.4567057229415,1422.1393679996254,2190.1834890002647
channel_phase_jitter_std_deg,3.0,DL-SMI/MVDR local,scientific_controlled,5,5,0.0,-0.02273987861244491,0.022635119719333817,-0.050845091862996135,0.005365334638106317,-0.05034711533415539,-0.0022708221157969905,-0.02047542544774881,0.00597893818348946,-0.027899257737679383,-0.013051593157818234,-0.026070263095370003,-0.013159331330016504,0.12066808818479968,0.011903490876416171,0.105887952110595,0.13544822425900435,0.1054001668026789,0.13117855434365797,23.624326834336884,0.07944848170718656,23.52567851488904,23.722975153784727,23.55373301910124,23.73033594028595,35.09180070477208,0.09085482243356993,34.978989542693036,35.20461186685113,35.00257076537722,35.207831961348155,34.17127956517565,0.09998006302892269,34.0471379203744,34.29542120997691,34.070127654026734,34.29770744127306,0.13555104724335493,0.0005854791089409271,0.13482407891208198,0.13627801557462788,0.13488231426692965,0.13624607870761718,0.004576695493855257,3.798736446231009e-05,0.004529527951015724,0.004623863036694789,0.004537627067212866,0.004624867243210438,1.0,0.0,5,5,0.5655085052479191,1.0,1.0,1.0,1031.9106853999983,172.1557560058237,818.1510810838457,1245.6702897161508,846.7800711994641,1199.4277222005621
channel_phase_jitter_std_deg,3.0,MNEC physical,scientific_controlled,5,5,0.0,-0.28428973568981325,0.036534046075856544,-0.3296527454109579,-0.23892672596866862,-0.32953152285217907,-0.24525539927604126,-0.020232185221604648,0.006010098062954709,-0.02769470761205562,-0.012769662831153675,-0.025657859351408845,-0.012740534043605313,-0.2174071793622986,0.0058974682137093734,-0.22472985332381842,-0.2100845054007788,-0.2244305141932208,-0.21128455615013061,24.186276342416257,0.06126785604439204,24.110202251318743,24.26235043351377,24.140127718961228,24.26809891985288,35.52999112304831,0.07111297919397795,35.441692696978066,35.61828954911856,35.454210573147954,35.617909796995754,34.49032878559217,0.09245157681027634,34.37553499108959,34.60512258009475,34.400013628799776,34.60945223453174,0.1441946088099934,0.0004575051545108255,0.14362654113064421,0.1447626764893426,0.14374978867286559,0.14478068939607402,0.004496282809892277,4.0038704637540955e-05,0.004446568191809089,0.004545997427975465,0.004446593840084965,0.004534971931421636,1.0,0.0,5,5,0.5655085052479191,1.0,1.0,1.0,2327.988618200834,411.7185158830756,1816.772559634528,2839.20467676714,1906.4036930012662,2843.4564462004346
channel_phase_jitter_std_deg,3.0,Phase-only CSI [production replay],production_replay,5,5,0.0,14.377469104064918,2.9671667521495717,10.693244971250676,18.06169323687916,11.731232873993957,18.33284896230718,-6.7004254151361256,0.017288836270905335,-6.721892340704565,-6.678958489567686,-6.717035176812316,-6.678875311818292,18.55051117381253,0.07664946348762353,18.45533829451824,18.645684053106823,18.477727716440576,18.645471001809323,8.771528387548331,0.058354192651743526,8.699072087388357,8.843984687708305,8.70368508470225,8.83351327583503,12.851561067219023,0.17262541420681063,12.637218305223243,13.065903829214804,12.711515953073391,13.059032312550046,11.800359076192288,0.0850744069107741,11.694725247962559,11.905992904422018,11.712212610360709,11.895146691199326,0.0030637738330046025,0.0003315501234411131,0.0026520999811274312,0.0034754476848817737,0.002772236310697849,0.003492814877430262,0.0003895463510848126,9.733999448563018e-05,0.00026868278434655663,0.0005104099178230686,0.00026854802002730996,0.0004927173418297679,1.0,0.0,5,5,0.5655085052479191,1.0,1.0,1.0,214.5478953996644,28.943934676036072,178.60925374604034,250.4865370532885,186.45257979915186,244.91765720049443
channel_phase_jitter_std_deg,3.0,Phase-only CSI [scientific controlled],scientific_controlled,5,5,0.0,14.385249925412026,2.9818426172504964,10.682803299259456,18.087696551564598,11.73215746872317,18.362889104956235,-6.6814961766772,0.017066435432962587,-6.702686955131996,-6.6603053982224045,-6.697888441477261,-6.660300010199827,18.55024050193282,0.07673156241856079,18.45496568335169,18.645515320513947,18.477227178311356,18.645248905425035,8.770902151018465,0.05888701482638267,8.697784264746796,8.844020037290134,8.702378221327312,8.8328314094662,12.852428248793771,0.17309525255762126,12.637502105432814,13.067354392154728,12.711698345656144,13.059859399607268,11.8013934898255,0.08509343422305671,11.695736036067126,11.907050943583874,11.713238374892434,11.896066089374939,0.0030630224476378325,0.00033333755442403436,0.0026491292070598923,0.0034769156882157727,0.002772236310697849,0.003493566262797032,0.0003872705204066151,9.87050005439448e-05,0.00026471207478841847,0.0005098289660248117,0.00026475496889698073,0.000492338036716735,1.0,0.0,5,5,0.5655085052479191,1.0,1.0,1.0,210.39945919947058,24.302502533595696,180.22391673722507,240.5750016617161,186.1415577994194,240.1629286003299
channel_phase_jitter_std_deg,3.0,Row complex LS / Wiener [scientific controlled],scientific_controlled,5,5,0.0,14.457061973115497,3.0533282496981387,10.665854210763792,18.248269735467204,11.753614771400029,18.528154888347792,-6.69322001600415,0.019418939003883078,-6.717331813448606,-6.669108218559694,-6.707719864422987,-6.667068729334259,18.751976284463602,0.07497867213496462,18.658877966640418,18.845074602286786,18.671370042536452,18.838757587616467,8.550243637601053,0.06456423570859152,8.47007655055009,8.630410724652016,8.482030707671331,8.612903789820919,12.555542139123112,0.11782404886172806,12.409244259528787,12.701840018717437,12.441729126522143,12.69306261981657,11.541413495245163,0.0785030345665,11.443939103474117,11.638887887016208,11.444765679203384,11.618731804659548,0.00253517422748192,0.00025731040762774613,0.002215681157967158,0.0028546672969966816,0.00231614539306847,0.0028763031839954913,0.0004616143225610681,8.027927976248234e-05,0.0003619344310781865,0.0005612942140439496,0.00036489151873767255,0.0005477165832195417,1.0,0.0,5,5,0.5655085052479191,1.0,1.0,1.0,212.93357179965824,27.015924670482907,179.38887075810806,246.47827284120842,185.21986940031638,243.47127499968337
channel_phase_jitter_std_deg,3.0,Row complex LS / Wiener robust IRLS [scientific controlled],scientific_controlled,5,5,0.0,14.452541972983738,3.0660166599443626,10.645579468434844,18.25950447753263,11.744095913443923,18.543516797601942,-6.672829642186362,0.014443101982679127,-6.6907631219406545,-6.6548961624320695,-6.682561968297222,-6.6529434854890575,18.750382374849558,0.07515267356878301,18.657068005710364,18.84369674398875,18.669701166760415,18.837496048468314,8.555658988249757,0.06448609372242343,8.475588927289767,8.635729049209747,8.488429062097842,8.618290133387694,12.57138463912898,0.1232410633418345,12.418360647676952,12.724408630581006,12.452241932421959,12.713936513614392,11.555396869916098,0.07949781280513563,11.45668729781994,11.654106442012257,11.458356602370626,11.633973234964692,0.002573119188503804,0.0002538234376149487,0.002257955764116753,0.0028882826128908555,0.0023608528223912836,0.002908612754766601,0.0004665452890304961,7.915580623088001e-05,0.0003682603741847411,0.0005648302038762512,0.00036906387498103477,0.0005473372781065089,1.0,0.0,5,5,0.5655085052479191,1.0,1.0,1.0,318.10796880017733,47.89037470941893,258.64421466295653,377.57172293739814,259.16028280043975,361.6732441994827
channel_phase_jitter_std_deg,3.0,SA-MNEC physical [approximate academic reference],scientific_controlled,5,5,0.0,-0.18867834411066778,0.026383873104796774,-0.22143824947809654,-0.15591843874323902,-0.22346295632707164,-0.16422728427608463,-0.0032882686754928782,0.006077124977640164,-0.010834015972819522,0.004257478621833765,-0.00827064782470595,0.004697743630342833,-0.21419415005330023,0.006280578914989691,-0.2219925187799268,-0.20639578132667366,-0.22176343593375553,-0.20814079777707817,24.182927451553766,0.06291687487957262,24.104805833136247,24.261049069971286,24.134565080742636,24.26761915410764,35.5254201380907,0.06678269624529043,35.44249846845988,35.60834180772152,35.4534699416442,35.60740612133228,34.486418966349035,0.09292302623724177,34.371039790066014,34.601798142632056,34.39559843214963,34.606158708706204,0.14424645440030054,0.000498286277784766,0.14362775026837574,0.14486515853222534,0.14375655114116653,0.14488212642058795,0.004511455014413595,5.302476559820672e-05,0.004445616071957055,0.004577293956870134,0.0044477317554240635,0.0045649370353512365,1.0,0.0,5,5,0.5655085052479191,1.0,1.0,1.0,7063.3509764003975,858.4776550690868,5997.410178837876,8129.291773962919,6089.859171799981,8055.859077000787
channel_phase_jitter_std_deg,3.0,Shrinkage-SMI/MVDR global,scientific_controlled,5,5,0.0,-0.737704698386516,0.09426568623881648,-0.8547510072553194,-0.6206583895177126,-0.8416255301777502,-0.6267543776031571,-0.02011834483032972,0.007461495285936073,-0.029383014899651005,-0.010853674761008436,-0.02678789092908584,-0.010843558707264844,-0.6064270812812292,0.01113621071868253,-0.6202545132070392,-0.5925996493554193,-0.6204749432090542,-0.5950699548336981,24.633283695125183,0.06315095994360712,24.554871421711134,24.71169596853923,24.570634829807656,24.714135429343578,35.99200523308271,0.07602234590161333,35.897611023117605,36.08639944304781,35.892212374633736,36.063688063825346,34.88227190931904,0.09405811942445935,34.76548332869084,34.99906048994723,34.78547099757308,35.00031972532092,0.14879797125950972,0.0004480531008769462,0.14824163985486682,0.14935430266415262,0.14820437681976142,0.14918042641119564,0.004382111970869368,4.5567948849110474e-05,0.0043255318893113915,0.004438692052427344,0.004323698983462298,0.004418525261720528,1.0,0.0,5,5,0.5655085052479191,1.0,1.0,1.0,4505.137080599889,376.53387298835815,4037.6085264056437,4972.665634794133,4051.3464993990056,4908.714007800154
channel_phase_jitter_std_deg,3.0,Shrinkage-SMI/MVDR local,scientific_controlled,5,5,0.0,-0.1785690785589375,0.030863249553660127,-0.21689086439732613,-0.14024729272054887,-0.21767375216441293,-0.1476150465054907,-0.020137264132318342,0.0060018533853222035,-0.02758954940337623,-0.012684978861260455,-0.02576257257214053,-0.012742263601687258,-0.07150670081222985,0.009168346611636157,-0.08289070672296098,-0.06012269490149871,-0.08325631298372227,-0.06257464935533313,23.90669489034942,0.0696757952627267,23.820180963825408,23.993208816873434,23.84169438136868,23.99799524801558,35.32753782414216,0.08243304556582354,35.225183679200704,35.42989196908362,35.24182640438265,35.42957714926502,34.3585754830287,0.09722630416576797,34.23785308146756,34.47929788458984,34.26139080611157,34.482483349288295,0.1391622053160515,0.0005056225472913192,0.13853439200239928,0.13979001862970372,0.1386009204470743,0.13977345731191884,0.0045300409649522075,4.673694725690627e-05,0.004472009380157313,0.004588072549747102,0.004481110605370961,0.0045884539523592775,1.0,0.0,5,5,0.5655085052479191,1.0,1.0,1.0,1593.0788327998016,165.85965288314196,1387.1368730600675,1799.0207925395357,1453.0545127989171,1813.2130372003303
support_edge_radial_speed_mps,1.8,Corrected JDL physical,scientific_controlled,5,5,0.0,1.5559940062761277,2.244231588333999,-1.2305875605920642,4.34257557314432,-0.5697903419293361,4.330099334924652,2.629789428276916,0.04775805458742922,2.5704899712714075,2.689088885282424,2.585640574824967,2.683221347512167,-2.3581624801850345,0.018473668480227856,-2.381100569251703,-2.335224391118366,-2.376811223821118,-2.33873958352431,26.1310706961712,0.03790812204153891,26.08400154579267,26.17813984654973,26.08692525277285,26.174294757211047,37.95339470550844,0.06156063181360216,37.87695708527875,38.02983232573813,37.88034206123492,38.023259719603566,36.71005880692072,0.07873890095857619,36.61229154834225,36.80782606549919,36.630578359572695,36.80815364176357,0.15555856109702262,0.00032878100762959926,0.15515032555655547,0.15596679663748977,0.15512538743307974,0.1558290598290598,0.004299423456228189,4.855624000338374e-05,0.004239132921127798,0.00435971399132858,0.004245562130177515,0.004358215748748293,1.0,0.0,5,5,0.5655085052479191,1.0,1.0,1.0,3188.390221199734,229.8835621682086,2902.9520782764052,3473.8283641230623,3004.4860747988423,3499.1034402006335
support_edge_radial_speed_mps,1.8,Current legacy CSI [production replay],production_replay,5,5,0.0,7.357509989266444,2.5072989590446197,4.244287139084491,10.470732839448397,5.131009317025388,10.476650279800817,3.4467040675096214,0.07313261308322513,3.3558979347495432,3.5375102002696996,3.3469859072106822,3.4992232640336987,20.34191582660848,0.09559070662420319,20.223224287630256,20.460607365586707,20.246404488979966,20.45905210416356,7.058816933584529,0.07485850406123651,6.965867824132228,7.15176604303683,6.985035839706032,7.147076052196078,10.964522242844811,0.11544535493732014,10.821177901859173,11.10786658383045,10.813669787939789,11.054121418375212,9.982925412072262,0.10371941050121344,9.854140754137886,10.11171007000664,9.864067035657948,10.06593835442662,0.0008344134497980651,0.00015225058979681738,0.0006453693737419174,0.0010234575258542128,0.0007299708838170377,0.0010406687329764252,0.002018282506448187,0.00012004722195478472,0.0018692241928624357,0.002167340820033938,0.001903353057199211,0.0021730389925656195,1.0,0.0,5,5,0.5655085052479191,1.0,1.0,1.0,205.00329520036757,30.108717550553287,167.61838458573,242.38820581500514,184.77333300106693,246.16871040016122
support_edge_radial_speed_mps,1.8,Current legacy CSI [scientific controlled],scientific_controlled,5,5,0.0,7.356841853772551,2.5062276566396653,4.24494920121802,10.468734506327081,5.132095124376737,10.474271732622798,3.448220063802794,0.07321023180618788,3.3573175546688265,3.539122572936762,3.3483777673236506,3.500644088231864,20.341916200391474,0.09565406472503518,20.22314599194045,20.4606864088425,20.24617633403001,20.45906161526552,7.058808069093203,0.07551205333283177,6.965047471039309,7.152568667147097,6.98481096314572,7.148276232833929,10.965170036681183,0.11641896191776575,10.820616802959524,11.109723270402842,10.813044680717946,11.055256746702982,9.98303161808611,0.10370440907480354,9.854265586882828,10.111797649289393,9.864199405071526,10.065877313212154,0.000835916220531605,0.00015142326111630772,0.0006478994087127284,0.0010239330323504818,0.0007318493472339626,0.0010406687329764252,0.002018282506448187,0.00011685891306615662,0.0018731830012246014,0.002163382011671772,0.001903732362312244,0.002167349415870126,1.0,0.0,5,5,0.5655085052479191,1.0,1.0,1.0,195.8416646000842,9.463124510884036,184.09164358439054,207.59168561577783,183.90617520017258,205.39841799945862
support_edge_radial_speed_mps,1.8,DL-SMI/MVDR global,scientific_controlled,5,5,0.0,-0.6598108072942737,0.4674079497358915,-1.240174430956026,-0.07944718363252135,-1.1319311995953925,-0.141217495316198,-0.01255431321518213,6.766673277516674e-05,-0.012638332561145197,-0.012470293869219063,-0.012613459657403353,-0.012466180651071553,-0.801788661402864,0.008237278506756875,-0.8120165935678898,-0.7915607292378382,-0.8115315672509966,-0.7924650968958382,24.862323468794493,0.058913284759853884,24.7891729640922,24.935473973496787,24.804124700278614,24.938003491838185,36.19601155035664,0.07677380082466793,36.1006842858673,36.29133881484597,36.09826174184596,36.27418118905079,35.075953721959394,0.09133205690310692,34.962549995020815,35.18935744889797,34.982233788927616,35.19030423268523,0.15182868413637643,0.0004589451732859069,0.15125882843755747,0.15239853983519538,0.15122118906734291,0.15221827744904667,0.004345319374905174,3.614361781086817e-05,0.004300441145904547,0.004390197603905801,0.004303595812471552,0.004379456835078137,1.0,0.0,5,5,0.5655085052479191,1.0,1.0,1.0,1589.0415850000863,294.6963547444503,1223.1277309117265,1954.9554390884462,1318.9858113997616,1925.5034256002546
support_edge_radial_speed_mps,1.8,DL-SMI/MVDR local,scientific_controlled,5,5,0.0,0.49006956827145204,1.1908673580507272,-0.9885875568573426,1.9687266934002465,-0.5514047006260334,1.7750358044443886,-0.01288560361651309,4.886248130087013e-05,-0.012946274400407333,-0.012824932832618846,-0.012950595407829306,-0.012843177459385267,0.12312298135322328,0.004792656557825825,0.11717211224961105,0.1290738504568355,0.11733082742508809,0.12804215044777978,23.610493915779436,0.06469699790307032,23.530161982691265,23.690825848867608,23.55634478802367,23.697559245948742,35.08221731193418,0.07992451932246067,34.98297791371766,35.1814567101507,34.99994209420804,35.183802424534036,34.17035848155874,0.09378034887545598,34.05391479862101,34.28680216449648,34.07489133403338,34.28914578452533,0.1351817413355875,0.0004191647060386397,0.13466127961078125,0.13570220306039374,0.1346907109984033,0.1356671362825209,0.004581247155211652,4.590218775482734e-05,0.004524252061237648,0.0046382422491856555,0.004531558185404339,0.004637763617053558,1.0,0.0,5,5,0.5655085052479191,1.0,1.0,1.0,853.42180560001,127.70658399993188,694.8531379135836,1011.9904732864363,719.9849071992503,990.6830226002057
support_edge_radial_speed_mps,1.8,MNEC physical,scientific_controlled,5,5,0.0,-0.6253234872397286,0.4560170624904869,-1.1915434563012524,-0.05910351817820492,-1.0725219332658689,-0.129004528607841,-0.010061333176451647,9.456288363718365e-05,-0.010178748504630363,-0.009943917848272931,-0.01015810574083602,-0.0099600102915182,-0.2204208042111096,0.004769216557783604,-0.2263425687105515,-0.2144990397116677,-0.22570185069585477,-0.21514345359428105,24.191300082388796,0.06215652240427243,24.114122566265806,24.268477598511787,24.148476044240734,24.27551368551454,35.53486561831592,0.06950819554373429,35.448559794329086,35.62117144230275,35.46105992065017,35.6206533374441,34.494908963798686,0.09066463922263338,34.38233394536572,34.60748398223165,34.405381169808365,34.61138300603556,0.14399699445853292,0.0003949810502805532,0.14350656070842646,0.14448742820863938,0.143609655301963,0.14449591434206818,0.004441662873615536,3.898271277327872e-05,0.004393259442612599,0.004490066304618472,0.004399180700955849,0.004486800182066454,1.0,0.0,5,5,0.5655085052479191,1.0,1.0,1.0,2281.4134254000237,414.21240276604055,1767.1007972755451,2795.7260535245023,1832.1623587999056,2684.1185756002233
support_edge_radial_speed_mps,1.8,Phase-only CSI [production replay],production_replay,5,5,0.0,3.9832990875718437,2.161050925617111,1.2999999549460237,6.666598220197663,1.8771482904396108,6.689915385600062,3.5216988594839442,0.00721588729815882,3.5127391520107176,3.530658566957171,3.515932345608923,3.530822153194473,18.615713135523823,0.09977658980329134,18.49182413610143,18.739602134946214,18.52143750511433,18.740409821857103,8.704617470810048,0.06475393484592387,8.624214841169767,8.785020100450328,8.62158830100999,8.764249520156836,12.765928890882474,0.21829141730972304,12.494884296891902,13.036973484873046,12.587607114239482,13.024568435903552,11.70870180121766,0.11643374932719426,11.564130206502087,11.853273395933234,11.576071453200178,11.819906985313494,0.0028327228327228323,0.00046095708671698685,0.0022603690134290044,0.0034050766520166602,0.002394665163895933,0.0034195548041701888,0.00023478986496737976,9.639127333610191e-05,0.00011510429112482846,0.0003544754388099311,0.00011113639811864664,0.0003258230920952815,1.0,0.0,5,5,0.5655085052479191,1.0,1.0,1.0,191.1166649999359,11.431837147212978,176.92216438090185,205.31116561896994,178.5719016002986,205.01929319943883
support_edge_radial_speed_mps,1.8,Phase-only CSI [scientific controlled],scientific_controlled,5,5,0.0,3.983374785897589,2.160410055473702,1.3008713986563647,6.665878173138814,1.8783899643848827,6.6891089396929955,3.523218931179776,0.007078573834975823,3.514429720890252,3.5320081414692996,3.5175670528452985,3.532199931145077,18.615697378473904,0.09981231929864516,18.49176401502346,18.739630741924348,18.521263291254648,18.740396975287364,8.70473533818856,0.06482422718392901,8.624245429082828,8.78522524729429,8.621559611200597,8.764451610534794,12.766294433539398,0.2178617527504491,12.495783338563381,13.036805528515416,12.587587256533256,13.02401747114616,11.708809222068387,0.11639875048730185,11.564281084152286,11.853337359984488,11.576155208238083,11.819835175655603,0.0028346012961397576,0.0004612880464965101,0.0022618365360028416,0.0034073660562766736,0.002395416549262703,0.003419179111486804,0.00023441055985434683,9.614093993620086e-05,0.00011503581598200085,0.0003537853037266928,0.00011113639811864664,0.00032544378698224854,1.0,0.0,5,5,0.5655085052479191,1.0,1.0,1.0,196.32238000012876,13.026398375002783,180.14797011161494,212.49678988864258,180.71021220057446,208.83932579963584
support_edge_radial_speed_mps,1.8,Row complex LS / Wiener [scientific controlled],scientific_controlled,5,5,0.0,3.9519357512454976,2.6062174137287584,0.7158894171242021,7.187982085366793,0.8002121142674845,6.773001668176704,1.678749814211433,0.08642868343036353,1.571434429583715,1.786065198839151,1.6140102581169056,1.7889866575008144,18.812999575881413,0.09594198602650825,18.693871865916034,18.932127285846793,18.712962655796943,18.927607000072925,8.495380621568929,0.07387301926896564,8.403655153103967,8.58710609003389,8.412868548930435,8.56625686857812,12.469914434090503,0.16172078573762028,12.269111556678716,12.67071731150229,12.307512629747768,12.642858961314829,11.45729835938673,0.1054766033361867,11.326331858371264,11.588264860402196,11.337157220877778,11.548862934000036,0.0023544660467737393,0.00032454662088503587,0.0019514881918817843,0.0027574439016656944,0.0020798346952193105,0.002783131398516014,0.00030382339553937187,6.915690290154525e-05,0.00021795375897918143,0.0003896930320995623,0.0002158246093157336,0.00037096040054619933,1.0,0.0,5,5,0.5655085052479191,1.0,1.0,1.0,198.48833620017103,15.715855755208564,178.97452390794962,218.00214849239245,181.18434560092282,217.6879177990486
support_edge_radial_speed_mps,1.8,Row complex LS / Wiener robust IRLS [scientific controlled],scientific_controlled,5,5,0.0,3.964701224622414,2.5872497127091445,0.7522064019858843,7.177196047258944,0.8555124926725661,6.814718666914652,1.7750749597177862,0.0690093663034804,1.6893885140398306,1.8607614053957418,1.7157943060066763,1.8528248369873417,18.81146951103965,0.09612718548830937,18.692111845570068,18.930827176509233,18.711356291716697,18.926421478388065,8.499637579011752,0.07638176614300159,8.404797089872693,8.594478068150812,8.413247809232491,8.572249131922131,12.482851958213239,0.1630255602400804,12.28042898927597,12.685274927150507,12.32124363433487,12.65627699049406,11.470824181574976,0.10694965560761205,11.338028644586608,11.603619718563344,11.350015445857908,11.564117696206555,0.0023863999248614634,0.0003222717371763412,0.001986246711170697,0.00278655313855223,0.0021076359537898,0.0028075514229360383,0.00030647853133060235,6.845380231173409e-05,0.00022148190945989697,0.0003914751532013077,0.0002177211348808982,0.0003698224852071006,1.0,0.0,5,5,0.5655085052479191,1.0,1.0,1.0,286.9704045999242,44.06345973502762,232.25839301059577,341.68241618925265,248.93005559970334,341.1578193990863
support_edge_radial_speed_mps,1.8,SA-MNEC physical [approximate academic reference],scientific_controlled,5,5,0.0,-0.7337333499997797,0.42509875004436926,-1.2615631636117133,-0.2059035363878461,-1.1835595009069948,-0.28382637793914967,0.009973815467317345,0.0008388558727277091,0.008932238330468722,0.011015392604165968,0.00905172499352206,0.010730586690161548,-0.217023193970196,0.005197479544695511,-0.22347671720225004,-0.21056967073814198,-0.2223458536218258,-0.21062166247229122,24.187241127452374,0.06107979886549952,24.111400540183496,24.263081714721253,24.143621723317906,24.270738235171912,35.52996057136377,0.06950290873575028,35.44366131181608,35.61625983091147,35.455122827858105,35.6157207770876,34.49093346680719,0.09087463205658784,34.378097707832424,34.60376922578196,34.40108135175943,34.607634028375564,0.14407025453179298,0.00042976065565714674,0.14353663619781862,0.14460387286576734,0.14366976613130458,0.14462740678125294,0.004444318009406767,4.371481142846547e-05,0.004390038901867732,0.004498597116945802,0.004397284175390684,0.004490972538309816,1.0,0.0,5,5,0.5655085052479191,1.0,1.0,1.0,6998.39821659989,1014.4274044606218,5738.820229688846,8257.976203510932,5956.629735599563,8235.450295400005
support_edge_radial_speed_mps,1.8,Shrinkage-SMI/MVDR global,scientific_controlled,5,5,0.0,-0.5494787433088923,0.5190445423205897,-1.193957664973031,0.09500017835524621,-1.0373362885380053,0.03838845302595357,-0.01252922879518317,6.597194460254447e-05,-0.012611143783687707,-0.012447313806678632,-0.012586832802912788,-0.012443210083299627,-0.6134268940584848,0.005682006719280272,-0.6204820372393727,-0.606371750877597,-0.6192143187967976,-0.6067176379238662,24.6391684314962,0.057746111865928734,24.56746716335597,24.710869699636426,24.58421805832643,24.712710204758586,35.99666035209836,0.07280003849817335,35.906267165227256,36.087053538969464,35.901771718294526,36.06564804912275,34.88865529068374,0.08969215800809818,34.77728776716379,35.00002281420368,34.79832137139558,35.00246183560245,0.14903503334272566,0.00042938279852418776,0.14850188418034976,0.14956818250510157,0.14850004696158542,0.14943852728468113,0.004377560309512972,4.4364107167996866e-05,0.0043224749948299725,0.004432645624195971,0.004322561068123199,0.004417766651494462,1.0,0.0,5,5,0.5655085052479191,1.0,1.0,1.0,3992.2031373997015,323.1986121292614,3590.8990564490564,4393.507218350347,3637.771395199161,4369.612469001004
support_edge_radial_speed_mps,1.8,Shrinkage-SMI/MVDR local,scientific_controlled,5,5,0.0,0.4434855444938194,1.1486096341786296,-0.9827016862569143,1.869672775244553,-0.5600507279731388,1.6823123578445767,-0.012708197455897685,6.36419587935569e-05,-0.012787219384906874,-0.012629175526888496,-0.012788775411901846,-0.01264411660223318,-0.07330831148893407,0.006018243746589074,-0.08078094808149461,-0.06583567489637354,-0.07966935425667523,-0.06581322431817113,23.906307326755133,0.06769539073659761,23.822252397233097,23.99036225627717,23.847676926425613,23.996306415262072,35.335038300968165,0.07876520171452008,35.23723838568791,35.43283821624842,35.25464429953694,35.43392842980884,34.361328200106925,0.09379565490321881,34.24486551222556,34.47779088798829,34.266972358674046,34.48078680288168,0.13896534234995775,0.00040922358950804726,0.1384572241516495,0.139473460548266,0.13848971541279234,0.13943833943833941,0.004523213472917615,5.0853769070671916e-05,0.004460070178689543,0.004586356767145686,0.00447200728265817,0.004586936731907146,1.0,0.0,5,5,0.5655085052479191,1.0,1.0,1.0,1608.1422632003523,206.59591817420036,1351.6195494273932,1864.6649769733115,1397.9310528000497,1848.214340400591
support_edge_radial_speed_mps,2.2,Corrected JDL physical,scientific_controlled,5,5,0.0,19.1813875595358,0.2548563889061323,18.864941556718588,19.497833562353012,18.86796036614784,19.451640930523066,2.9941384794603407,0.05277376588589177,2.9286111943101427,3.0596657646105387,2.940149065924926,3.0574016058257185,-2.3581624801850345,0.018473668480227856,-2.381100569251703,-2.335224391118366,-2.376811223821118,-2.33873958352431,26.1310706961712,0.03790812204153891,26.08400154579267,26.17813984654973,26.08692525277285,26.174294757211047,37.95339470550844,0.06156063181360216,37.87695708527875,38.02983232573813,37.88034206123492,38.023259719603566,36.71005880692072,0.07873890095857619,36.61229154834225,36.80782606549919,36.630578359572695,36.80815364176357,0.15555856109702262,0.00032878100762959926,0.15515032555655547,0.15596679663748977,0.15512538743307974,0.1558290598290598,0.004299423456228189,4.855624000338374e-05,0.004239132921127798,0.00435971399132858,0.004245562130177515,0.004358215748748293,1.0,0.0,5,5,0.5655085052479191,1.0,1.0,1.0,3476.816397999937,194.74525525924983,3235.008225723332,3718.6245702765423,3210.0020027999562,3622.883970800467
support_edge_radial_speed_mps,2.2,Current legacy CSI [production replay],production_replay,5,5,0.0,5.548645623362255,1.3795864222817127,3.8356628304029554,7.261628416321554,3.7662187483480194,6.903981415619339,4.462976138963731,0.02463370486457622,4.432389354490985,4.4935629234364765,4.431848633935173,4.484848871512051,20.341934399538786,0.09556376938405581,20.223276307561864,20.46059249151571,20.246457223234156,20.45904050051008,7.058621552045213,0.07501233607010348,6.96548143492573,7.151761669164696,6.98495277347658,7.147186176680733,10.964796609365182,0.1157476354274107,10.821076937577637,11.108516281152728,10.81363606228332,11.054936355159098,9.982927325349838,0.10367606477187596,9.854196488247055,10.11165816245262,9.864096273507066,10.065912906179197,0.0008344134497980651,0.00015016784797392978,0.0006479554392809523,0.001020871460315178,0.0007314736545505776,0.0010380388841927303,0.002017144591109088,0.00011874582595827054,0.0018697021740796164,0.0021645870081385596,0.0019048702776513428,0.0021707631618874223,1.0,0.0,5,5,0.5655085052479191,1.0,1.0,1.0,215.602910799862,23.195338411617882,186.8020941679803,244.4037274317437,192.42096499874606,241.32766879920382
support_edge_radial_speed_mps,2.2,Current legacy CSI [scientific controlled],scientific_controlled,5,5,0.0,5.549050351038398,1.379718834241474,3.835903146915731,7.262197555161064,3.766429862268487,6.904608245349805,4.463937794929438,0.024719886856293567,4.433244001380284,4.494631588478593,4.4325662039429545,4.4858415137367125,20.341916200391474,0.09565406472503518,20.22314599194045,20.4606864088425,20.24617633403001,20.45906161526552,7.058808069093203,0.07551205333283177,6.965047471039309,7.152568667147097,6.98481096314572,7.148276232833929,10.965170036681183,0.11641896191776575,10.820616802959524,11.109723270402842,10.813044680717946,11.055256746702982,9.98303161808611,0.10370440907480354,9.854265586882828,10.111797649289393,9.864199405071526,10.065877313212154,0.000835916220531605,0.00015142326111630772,0.0006478994087127284,0.0010239330323504818,0.0007318493472339626,0.0010406687329764252,0.002018282506448187,0.00011685891306615662,0.0018731830012246014,0.002163382011671772,0.001903732362312244,0.002167349415870126,1.0,0.0,5,5,0.5655085052479191,1.0,1.0,1.0,208.8249979999091,16.622493688882166,188.18544602603842,229.46454997377978,189.24251239914156,225.89922200022556
support_edge_radial_speed_mps,2.2,DL-SMI/MVDR global,scientific_controlled,5,5,0.0,-0.5197054327984404,0.4097786326983993,-1.0285128082536108,-0.010898057343269874,-0.9698451573225355,-0.05158042934667653,-0.012431482626764852,4.2510125487601726e-05,-0.012484265919141974,-0.012378699334387731,-0.012456996389471314,-0.012373377228855419,-0.801788661402864,0.008237278506756875,-0.8120165935678898,-0.7915607292378382,-0.8115315672509966,-0.7924650968958382,24.862323468794493,0.058913284759853884,24.7891729640922,24.935473973496787,24.804124700278614,24.938003491838185,36.19601155035664,0.07677380082466793,36.1006842858673,36.29133881484597,36.09826174184596,36.27418118905079,35.075953721959394,0.09133205690310692,34.962549995020815,35.18935744889797,34.982233788927616,35.19030423268523,0.15182868413637643,0.0004589451732859069,0.15125882843755747,0.15239853983519538,0.15122118906734291,0.15221827744904667,0.004345319374905174,3.614361781086817e-05,0.004300441145904547,0.004390197603905801,0.004303595812471552,0.004379456835078137,1.0,0.0,5,5,0.5655085052479191,1.0,1.0,1.0,1859.0741076000995,387.2190136384259,1378.2781989449118,2339.8700162552873,1406.399973799853,2212.736582600701
support_edge_radial_speed_mps,2.2,DL-SMI/MVDR local,scientific_controlled,5,5,0.0,-0.11003957702538543,0.7653181760809716,-1.0603076034368522,0.8402284493860813,-0.7780670242015943,0.8471681003874478,-0.012738496282689832,2.531934578714168e-05,-0.012769934402811822,-0.012707058162567841,-0.012768223398248162,-0.012709178119233824,0.12312298135322328,0.004792656557825825,0.11717211224961105,0.1290738504568355,0.11733082742508809,0.12804215044777978,23.610493915779436,0.06469699790307032,23.530161982691265,23.690825848867608,23.55634478802367,23.697559245948742,35.08221731193418,0.07992451932246067,34.98297791371766,35.1814567101507,34.99994209420804,35.183802424534036,34.17035848155874,0.09378034887545598,34.05391479862101,34.28680216449648,34.07489133403338,34.28914578452533,0.1351817413355875,0.0004191647060386397,0.13466127961078125,0.13570220306039374,0.1346907109984033,0.1356671362825209,0.004581247155211652,4.590218775482734e-05,0.004524252061237648,0.0046382422491856555,0.004531558185404339,0.004637763617053558,1.0,0.0,5,5,0.5655085052479191,1.0,1.0,1.0,1174.888887799898,384.2368286915841,697.7958508291917,1651.981924770604,752.0648571993661,1595.6633928002702
support_edge_radial_speed_mps,2.2,MNEC physical,scientific_controlled,5,5,0.0,-0.48948859481147977,0.41738234512415595,-1.0077372262384146,0.02876003661545501,-0.9366835187897081,-0.008548664852546795,-0.011745025032649879,4.8461135358769145e-05,-0.01180519747973699,-0.011684852585562767,-0.011792317470112466,-0.011684004659339095,-0.2204208042111096,0.004769216557783604,-0.2263425687105515,-0.2144990397116677,-0.22570185069585477,-0.21514345359428105,24.191300082388796,0.06215652240427243,24.114122566265806,24.268477598511787,24.148476044240734,24.27551368551454,35.53486561831592,0.06950819554373429,35.448559794329086,35.62117144230275,35.46105992065017,35.6206533374441,34.494908963798686,0.09066463922263338,34.38233394536572,34.60748398223165,34.405381169808365,34.61138300603556,0.14399699445853292,0.0003949810502805532,0.14350656070842646,0.14448742820863938,0.143609655301963,0.14449591434206818,0.004441662873615536,3.898271277327872e-05,0.004393259442612599,0.004490066304618472,0.004399180700955849,0.004486800182066454,1.0,0.0,5,5,0.5655085052479191,1.0,1.0,1.0,2412.070112800211,311.5712439359774,2025.2033163290375,2798.9369092713846,2178.56004100031,2789.1405068003223
support_edge_radial_speed_mps,2.2,Phase-only CSI [production replay],production_replay,5,5,0.0,3.1931845762998234,1.1162020857924364,1.8072366316503043,4.579132520949343,1.7256114827119085,4.244402603933239,4.506103486038446,0.012705376617999139,4.490327677308245,4.521879294768648,4.495199652255465,4.522946857400477,18.61571894931432,0.09975556198443943,18.49185605937756,18.73958183925108,18.521465376576312,18.74038758116276,8.704609511215835,0.06463109273151059,8.624359410206486,8.784859612225185,8.621750393370675,8.764148256300206,12.765537834347011,0.2178622300891626,12.495026146676699,13.036049522017324,12.587450780405328,13.023776340639353,11.708713884507421,0.1163982398102403,11.564186380680644,11.8532413883342,11.576147180918525,11.819899024507505,0.0028342256034563722,0.0004606592111143474,0.0022622416455742853,0.003406209561338459,0.002395040856579318,0.0034195548041701888,0.00023478986496737976,9.639127333610191e-05,0.00011510429112482846,0.0003544754388099311,0.00011113639811864664,0.0003258230920952815,1.0,0.0,5,5,0.5655085052479191,1.0,1.0,1.0,203.83305919967825,18.108286196459773,181.3486521603461,226.3174662390104,182.87958679902658,222.19269720008015
support_edge_radial_speed_mps,2.2,Phase-only CSI [scientific controlled],scientific_controlled,5,5,0.0,3.1935990758661923,1.1161766799235486,1.8076826767694143,4.57951547496297,1.726091261305396,4.244890507175431,4.507068495551955,0.012794060405444348,4.491182571355658,4.5229544197482525,4.496095762374815,4.524030997192273,18.615697378473904,0.09981231929864516,18.49176401502346,18.739630741924348,18.521263291254648,18.740396975287364,8.70473533818856,0.06482422718392901,8.624245429082828,8.78522524729429,8.621559611200597,8.764451610534794,12.766294433539398,0.2178617527504491,12.495783338563381,13.036805528515416,12.587587256533256,13.02401747114616,11.708809222068387,0.11639875048730185,11.564281084152286,11.853337359984488,11.576155208238083,11.819835175655603,0.0028346012961397576,0.0004612880464965101,0.0022618365360028416,0.0034073660562766736,0.002395416549262703,0.003419179111486804,0.00023441055985434683,9.614093993620086e-05,0.00011503581598200085,0.0003537853037266928,0.00011113639811864664,0.00032544378698224854,1.0,0.0,5,5,0.5655085052479191,1.0,1.0,1.0,203.32819699942775,18.30905225499003,180.5945059731571,226.06188802569838,183.52397899907373,225.73211379967688
support_edge_radial_speed_mps,2.2,Row complex LS / Wiener [scientific controlled],scientific_controlled,5,5,0.0,1.728503353894002,0.904207496766668,0.6057814582519916,2.8512252495360126,0.6685478393199368,2.7273421745949133,1.790492963447677,0.09855955563132932,1.668115111541197,1.912870815354157,1.7097886628474765,1.9121006133833638,18.812999575881413,0.09594198602650825,18.693871865916034,18.932127285846793,18.712962655796943,18.927607000072925,8.495380621568929,0.07387301926896564,8.403655153103967,8.58710609003389,8.412868548930435,8.56625686857812,12.469914434090503,0.16172078573762028,12.269111556678716,12.67071731150229,12.307512629747768,12.642858961314829,11.45729835938673,0.1054766033361867,11.326331858371264,11.588264860402196,11.337157220877778,11.548862934000036,0.0023544660467737393,0.00032454662088503587,0.0019514881918817843,0.0027574439016656944,0.0020798346952193105,0.002783131398516014,0.00030382339553937187,6.915690290154525e-05,0.00021795375897918143,0.0003896930320995623,0.0002158246093157336,0.00037096040054619933,1.0,0.0,5,5,0.5655085052479191,1.0,1.0,1.0,210.69266819977202,21.50293591078445,183.99324682364687,237.39208957589716,187.34516540025652,232.54902719927486
support_edge_radial_speed_mps,2.2,Row complex LS / Wiener robust IRLS [scientific controlled],scientific_controlled,5,5,0.0,1.7933225229951133,0.9455727081241807,0.6192389336323489,2.9674061123578777,0.660619503871056,2.8079257138159206,1.8981572761685843,0.08115692586551998,1.7973876431163962,1.9989269092207724,1.8326933372178962,1.9870223050229137,18.81146951103965,0.09612718548830937,18.692111845570068,18.930827176509233,18.711356291716697,18.926421478388065,8.499637579011752,0.07638176614300159,8.404797089872693,8.594478068150812,8.413247809232491,8.572249131922131,12.482851958213239,0.1630255602400804,12.28042898927597,12.685274927150507,12.32124363433487,12.65627699049406,11.470824181574976,0.10694965560761205,11.338028644586608,11.603619718563344,11.350015445857908,11.564117696206555,0.0023863999248614634,0.0003222717371763412,0.001986246711170697,0.00278655313855223,0.0021076359537898,0.0028075514229360383,0.00030647853133060235,6.845380231173409e-05,0.00022148190945989697,0.0003914751532013077,0.0002177211348808982,0.0003698224852071006,1.0,0.0,5,5,0.5655085052479191,1.0,1.0,1.0,330.81108939986734,58.57612081743779,258.079229026363,403.5429497733717,260.05684699921403,388.1976732005569
support_edge_radial_speed_mps,2.2,SA-MNEC physical [approximate academic reference],scientific_controlled,5,5,0.0,-0.6045767864143464,0.35509083836125765,-1.0454802964998626,-0.16367327632883027,-1.0246242777860814,-0.22789430232318042,0.006077717996507574,0.0008349140710720704,0.005041035252862822,0.0071144007401523265,0.005149862797716158,0.0068243296593514646,-0.217023193970196,0.005197479544695511,-0.22347671720225004,-0.21056967073814198,-0.2223458536218258,-0.21062166247229122,24.187241127452374,0.06107979886549952,24.111400540183496,24.263081714721253,24.143621723317906,24.270738235171912,35.52996057136377,0.06950290873575028,35.44366131181608,35.61625983091147,35.455122827858105,35.6157207770876,34.49093346680719,0.09087463205658784,34.378097707832424,34.60376922578196,34.40108135175943,34.607634028375564,0.14407025453179298,0.00042976065565714674,0.14353663619781862,0.14460387286576734,0.14366976613130458,0.14462740678125294,0.004444318009406767,4.371481142846547e-05,0.004390038901867732,0.004498597116945802,0.004397284175390684,0.004490972538309816,1.0,0.0,5,5,0.5655085052479191,1.0,1.0,1.0,7422.8926524006965,1139.584108488287,6007.912091964534,8837.87321283686,6489.672852600415,8686.953630601056
support_edge_radial_speed_mps,2.2,Shrinkage-SMI/MVDR global,scientific_controlled,5,5,0.0,-0.48000537626973666,0.43912662706801414,-1.0252530997531737,0.06524234721370042,-0.9436366327890369,0.033391887623961426,-0.012415190334973111,4.1384420264744015e-05,-0.012466575879702419,-0.012363804790243803,-0.012440969058134431,-0.012358585864559088,-0.6134268940584848,0.005682006719280272,-0.6204820372393727,-0.606371750877597,-0.6192143187967976,-0.6067176379238662,24.6391684314962,0.057746111865928734,24.56746716335597,24.710869699636426,24.58421805832643,24.712710204758586,35.99666035209836,0.07280003849817335,35.906267165227256,36.087053538969464,35.901771718294526,36.06564804912275,34.88865529068374,0.08969215800809818,34.77728776716379,35.00002281420368,34.79832137139558,35.00246183560245,0.14903503334272566,0.00042938279852418776,0.14850188418034976,0.14956818250510157,0.14850004696158542,0.14943852728468113,0.004377560309512972,4.4364107167996866e-05,0.0043224749948299725,0.004432645624195971,0.004322561068123199,0.004417766651494462,1.0,0.0,5,5,0.5655085052479191,1.0,1.0,1.0,4327.261523200286,595.1263625692771,3588.3145444154675,5066.208501985106,3633.425632800572,4907.641728000453
support_edge_radial_speed_mps,2.2,Shrinkage-SMI/MVDR local,scientific_controlled,5,5,0.0,-0.12180757328309824,0.7522282407818877,-1.055822298294863,0.8122071517286665,-0.779870489601764,0.8169031874162769,-0.012625083538966159,3.565835643479151e-05,-0.012669359236386391,-0.012580807841545926,-0.012661925031716302,-0.012580943381050296,-0.07330831148893407,0.006018243746589074,-0.08078094808149461,-0.06583567489637354,-0.07966935425667523,-0.06581322431817113,23.906307326755133,0.06769539073659761,23.822252397233097,23.99036225627717,23.847676926425613,23.996306415262072,35.335038300968165,0.07876520171452008,35.23723838568791,35.43283821624842,35.25464429953694,35.43392842980884,34.361328200106925,0.09379565490321881,34.24486551222556,34.47779088798829,34.266972358674046,34.48078680288168,0.13896534234995775,0.00040922358950804726,0.1384572241516495,0.139473460548266,0.13848971541279234,0.13943833943833941,0.004523213472917615,5.0853769070671916e-05,0.004460070178689543,0.004586356767145686,0.00447200728265817,0.004586936731907146,1.0,0.0,5,5,0.5655085052479191,1.0,1.0,1.0,1931.0373824006092,114.872896641326,1788.4038422715794,2073.670922529639,1852.1163448011066,2087.8004862002854
target_radial_speed_mps,0.0,Corrected JDL physical,scientific_controlled,5,5,0.0,0.6194485927833006,0.7813938389108358,-0.35078000541128695,1.5896771909778882,-0.3103867193078658,1.480378988360881,1.5817342794693505,0.03947113323107829,1.5327243943679774,1.6307441645707237,1.5405460078578046,1.6270319687722812,-2.3581624801850345,0.018473668480227856,-2.381100569251703,-2.335224391118366,-2.376811223821118,-2.33873958352431,26.1310706961712,0.03790812204153891,26.08400154579267,26.17813984654973,26.08692525277285,26.174294757211047,37.95339470550844,0.06156063181360216,37.87695708527875,38.02983232573813,37.88034206123492,38.023259719603566,36.71005880692072,0.07873890095857619,36.61229154834225,36.80782606549919,36.630578359572695,36.80815364176357,0.15555856109702262,0.00032878100762959926,0.15515032555655547,0.15596679663748977,0.15512538743307974,0.1558290598290598,0.004299423456228189,4.855624000338374e-05,0.004239132921127798,0.00435971399132858,0.004245562130177515,0.004358215748748293,1.0,0.0,5,5,0.5655085052479191,1.0,1.0,1.0,3534.052543400321,112.42232163609303,3394.4617940301896,3673.6432927704527,3405.8835092000663,3631.7492642003344
target_radial_speed_mps,0.0,Current legacy CSI [production replay],production_replay,5,5,0.0,-0.590471570787806,2.345655074374429,-3.502987028844822,2.3220438872692104,-3.1409721786197027,2.1894437353821603,-29.087513196810846,0.8522329839633611,-30.145700211080758,-28.029326182540935,-29.98726442062141,-28.1703433447077,20.341918658240058,0.09564421813598187,20.223160675944168,20.460676640535947,20.246196925081236,20.459055224996323,7.058840549745599,0.07553016701106632,6.965057460589566,7.152623638901632,6.984868025252619,7.148357614793744,10.965137290562234,0.11616962348584434,10.82089365139486,11.109380929729609,10.813387230793213,11.055406845813385,9.983042599003511,0.10367563619016386,9.85431229405521,10.111772903951811,9.864258302399168,10.06587483014124,0.000835916220531605,0.00015142326111630772,0.0006478994087127284,0.0010239330323504818,0.0007318493472339626,0.0010406687329764252,0.002017903201335154,0.0001171171719172222,0.0018724830253939828,0.002163323377276325,0.001903353057199211,0.002167349415870126,0.6,0.5477225575051662,3,5,0.23071993220883708,0.8823817688407467,0.0,1.0,209.31491740011552,21.56209093686258,182.5420453577963,236.08778944243474,188.12415600004897,235.7844838006713
target_radial_speed_mps,0.0,Current legacy CSI [scientific controlled],scientific_controlled,5,5,0.0,-0.5905096917470127,2.346201793128692,-3.50370399079834,2.322684607304315,-3.1414689774649585,2.1903184113066936,-29.087964978193746,0.8516436777986953,-30.145420272215073,-28.03050968417242,-29.987407465970268,-28.17129962084058,20.341916200391474,0.09565406472503518,20.22314599194045,20.4606864088425,20.24617633403001,20.45906161526552,7.058808069093203,0.07551205333283177,6.965047471039309,7.152568667147097,6.98481096314572,7.148276232833929,10.965170036681183,0.11641896191776575,10.820616802959524,11.109723270402842,10.813044680717946,11.055256746702982,9.98303161808611,0.10370440907480354,9.854265586882828,10.111797649289393,9.864199405071526,10.065877313212154,0.000835916220531605,0.00015142326111630772,0.0006478994087127284,0.0010239330323504818,0.0007318493472339626,0.0010406687329764252,0.002018282506448187,0.00011685891306615662,0.0018731830012246014,0.002163382011671772,0.001903732362312244,0.002167349415870126,0.6,0.5477225575051662,3,5,0.23071993220883708,0.8823817688407467,0.0,1.0,214.48114060003718,14.410141124573384,196.5885871566047,232.37369404346967,195.81917180003074,228.283581200958
target_radial_speed_mps,0.0,DL-SMI/MVDR global,scientific_controlled,5,5,0.0,-0.09947486263431127,0.040953200412714705,-0.15032497719804305,-0.04862474807057947,-0.14597690786452247,-0.051617417031896824,-0.012434955055992002,8.777824949538256e-05,-0.012543946148215853,-0.012325963963768151,-0.012495821138998178,-0.012314316619586955,-0.801788661402864,0.008237278506756875,-0.8120165935678898,-0.7915607292378382,-0.8115315672509966,-0.7924650968958382,24.862323468794493,0.058913284759853884,24.7891729640922,24.935473973496787,24.804124700278614,24.938003491838185,36.19601155035664,0.07677380082466793,36.1006842858673,36.29133881484597,36.09826174184596,36.27418118905079,35.075953721959394,0.09133205690310692,34.962549995020815,35.18935744889797,34.982233788927616,35.19030423268523,0.15182868413637643,0.0004589451732859069,0.15125882843755747,0.15239853983519538,0.15122118906734291,0.15221827744904667,0.004345319374905174,3.614361781086817e-05,0.004300441145904547,0.004390197603905801,0.004303595812471552,0.004379456835078137,1.0,0.0,5,5,0.5655085052479191,1.0,1.0,1.0,1684.1617373996996,367.74763107121197,1227.542743473493,2140.7807313259063,1354.4067085993447,2112.6342620002106
target_radial_speed_mps,0.0,DL-SMI/MVDR local,scientific_controlled,5,5,0.0,-0.011824898447617738,0.01045298397687698,-0.024803992325517006,0.0011541954302815311,-0.025721083572062264,-0.00316571267742154,-0.012604620577912331,4.410768862551825e-05,-0.012659387506922663,-0.012549853648902,-0.012645884310242933,-0.012547137541391506,0.12312298135322328,0.004792656557825825,0.11717211224961105,0.1290738504568355,0.11733082742508809,0.12804215044777978,23.610493915779436,0.06469699790307032,23.530161982691265,23.690825848867608,23.55634478802367,23.697559245948742,35.08221731193418,0.07992451932246067,34.98297791371766,35.1814567101507,34.99994209420804,35.183802424534036,34.17035848155874,0.09378034887545598,34.05391479862101,34.28680216449648,34.07489133403338,34.28914578452533,0.1351817413355875,0.0004191647060386397,0.13466127961078125,0.13570220306039374,0.1346907109984033,0.1356671362825209,0.004581247155211652,4.590218775482734e-05,0.004524252061237648,0.0046382422491856555,0.004531558185404339,0.004637763617053558,1.0,0.0,5,5,0.5655085052479191,1.0,1.0,1.0,1088.173908799945,375.44824624840214,621.993338244192,1554.3544793556978,761.4952011994319,1542.0032029996946
target_radial_speed_mps,0.0,MNEC physical,scientific_controlled,5,5,0.0,-0.029843668684160395,0.013761987803616134,-0.046931433483643425,-0.012755903884677369,-0.048413756947359096,-0.020167113455859042,-0.012635431550778014,9.06211502096093e-05,-0.012747952570469191,-0.012522910531086838,-0.012699934008671343,-0.012511228410350279,-0.2204208042111096,0.004769216557783604,-0.2263425687105515,-0.2144990397116677,-0.22570185069585477,-0.21514345359428105,24.191300082388796,0.06215652240427243,24.114122566265806,24.268477598511787,24.148476044240734,24.27551368551454,35.53486561831592,0.06950819554373429,35.448559794329086,35.62117144230275,35.46105992065017,35.6206533374441,34.494908963798686,0.09066463922263338,34.38233394536572,34.60748398223165,34.405381169808365,34.61138300603556,0.14399699445853292,0.0003949810502805532,0.14350656070842646,0.14448742820863938,0.143609655301963,0.14449591434206818,0.004441662873615536,3.898271277327872e-05,0.004393259442612599,0.004490066304618472,0.004399180700955849,0.004486800182066454,1.0,0.0,5,5,0.5655085052479191,1.0,1.0,1.0,2403.493786999752,238.08336829330872,2107.8742400186284,2699.1133339808757,2124.6721025992883,2639.53359080042
target_radial_speed_mps,0.0,Phase-only CSI [production replay],production_replay,5,5,0.0,-3.236430450953054,1.7833976145173394,-5.450811063383469,-1.0220498385226393,-5.264057318060122,-1.1286661369168958,-27.22609533940271,0.5659508888023984,-27.92881618278063,-26.523374496024793,-28.004246239930612,-26.837368191567936,18.615695936548228,0.09980492051948112,18.491771759895503,18.739620113200953,18.52127798751166,18.740389767441883,8.704553155098443,0.06489009026061207,8.623981466181585,8.785124844015302,8.621421016320761,8.764524722018542,12.766313409682684,0.21784830875926703,12.49581900762651,13.036807811738859,12.587789826334005,13.024041454823848,11.708822602305409,0.11637976008826886,11.564318044084098,11.85332716052672,11.576177942088425,11.819848544139003,0.0028346012961397576,0.0004607446115992324,0.00226251129955016,0.0034066912927293554,0.002396919319996243,0.003418803418803419,0.00023441055985434683,9.614093993620086e-05,0.00011503581598200085,0.0003537853037266928,0.00011113639811864664,0.00032544378698224854,0.6,0.5477225575051662,3,5,0.23071993220883708,0.8823817688407467,0.0,1.0,208.3982815998752,15.641447870264269,188.97685889957168,227.8197043001787,189.41467459917476,225.5792478012154
target_radial_speed_mps,0.0,Phase-only CSI [scientific controlled],scientific_controlled,5,5,0.0,-3.2362870369202037,1.7830471333328881,-5.450232469481837,-1.0223416043585702,-5.263452918519702,-1.1288498535581923,-27.226049583517216,0.5659716967365842,-27.928796263357892,-26.52330290367654,-28.004241106587884,-26.837365607202894,18.615697378473904,0.09981231929864516,18.49176401502346,18.739630741924348,18.521263291254648,18.740396975287364,8.70473533818856,0.06482422718392901,8.624245429082828,8.78522524729429,8.621559611200597,8.764451610534794,12.766294433539398,0.2178617527504491,12.495783338563381,13.036805528515416,12.587587256533256,13.02401747114616,11.708809222068387,0.11639875048730185,11.564281084152286,11.853337359984488,11.576155208238083,11.819835175655603,0.0028346012961397576,0.0004612880464965101,0.0022618365360028416,0.0034073660562766736,0.002395416549262703,0.003419179111486804,0.00023441055985434683,9.614093993620086e-05,0.00011503581598200085,0.0003537853037266928,0.00011113639811864664,0.00032544378698224854,0.6,0.5477225575051662,3,5,0.23071993220883708,0.8823817688407467,0.0,1.0,205.05315400005202,17.182754008503153,183.71794695768529,226.38836104241875,183.5518455998681,221.55881919970852
target_radial_speed_mps,0.0,Row complex LS / Wiener [scientific controlled],scientific_controlled,5,5,0.0,-3.0821724342945496,1.668662257986233,-5.1540902851991035,-1.010254583389996,-5.006227573707956,-1.1307962743353228,-27.4835274103904,0.5451261578185559,-28.160390935033384,-26.80666388574742,-28.220680761593517,-27.043629844096603,18.812999575881413,0.09594198602650825,18.693871865916034,18.932127285846793,18.712962655796943,18.927607000072925,8.495380621568929,0.07387301926896564,8.403655153103967,8.58710609003389,8.412868548930435,8.56625686857812,12.469914434090503,0.16172078573762028,12.269111556678716,12.67071731150229,12.307512629747768,12.642858961314829,11.45729835938673,0.1054766033361867,11.326331858371264,11.588264860402196,11.337157220877778,11.548862934000036,0.0023544660467737393,0.00032454662088503587,0.0019514881918817843,0.0027574439016656944,0.0020798346952193105,0.002783131398516014,0.00030382339553937187,6.915690290154525e-05,0.00021795375897918143,0.0003896930320995623,0.0002158246093157336,0.00037096040054619933,0.4,0.5477225575051662,2,5,0.1176182311592533,0.769280067791163,0.0,1.0,209.97493319991918,18.97056870792499,186.4198610098191,233.53000539001926,189.97436620047665,233.65028859952872
target_radial_speed_mps,0.0,Row complex LS / Wiener robust IRLS [scientific controlled],scientific_controlled,5,5,0.0,-3.1077040202026636,1.6698404743915496,-5.181084819999793,-1.034323220405534,-5.042086038087116,-1.165102005159214,-27.48415539271496,0.5396936049475836,-28.154273512039712,-26.81403727339021,-28.215033245244083,-27.046581760192574,18.81146951103965,0.09612718548830937,18.692111845570068,18.930827176509233,18.711356291716697,18.926421478388065,8.499637579011752,0.07638176614300159,8.404797089872693,8.594478068150812,8.413247809232491,8.572249131922131,12.482851958213239,0.1630255602400804,12.28042898927597,12.685274927150507,12.32124363433487,12.65627699049406,11.470824181574976,0.10694965560761205,11.338028644586608,11.603619718563344,11.350015445857908,11.564117696206555,0.0023863999248614634,0.0003222717371763412,0.001986246711170697,0.00278655313855223,0.0021076359537898,0.0028075514229360383,0.00030647853133060235,6.845380231173409e-05,0.00022148190945989697,0.0003914751532013077,0.0002177211348808982,0.0003698224852071006,0.4,0.5477225575051662,2,5,0.1176182311592533,0.769280067791163,0.0,1.0,303.56350419933733,42.964101026724315,250.216526739222,356.91048165945267,254.13385840001865,352.3295975992369
target_radial_speed_mps,0.0,SA-MNEC physical [approximate academic reference],scientific_controlled,5,5,0.0,-0.005678778446746402,0.009307423599683128,-0.01723547124651421,0.005877914353021406,-0.018152602680005913,0.002483784769527552,0.004731765321288328,0.0008737992557738081,0.003646800243735886,0.00581673039884077,0.003773540101182013,0.005481006114898875,-0.217023193970196,0.005197479544695511,-0.22347671720225004,-0.21056967073814198,-0.2223458536218258,-0.21062166247229122,24.187241127452374,0.06107979886549952,24.111400540183496,24.263081714721253,24.143621723317906,24.270738235171912,35.52996057136377,0.06950290873575028,35.44366131181608,35.61625983091147,35.455122827858105,35.6157207770876,34.49093346680719,0.09087463205658784,34.378097707832424,34.60376922578196,34.40108135175943,34.607634028375564,0.14407025453179298,0.00042976065565714674,0.14353663619781862,0.14460387286576734,0.14366976613130458,0.14462740678125294,0.004444318009406767,4.371481142846547e-05,0.004390038901867732,0.004498597116945802,0.004397284175390684,0.004490972538309816,1.0,0.0,5,5,0.5655085052479191,1.0,1.0,1.0,7642.9459545997815,991.751941960117,6411.523273118257,8874.368636081306,6615.017482398616,8643.3587411997
target_radial_speed_mps,0.0,Shrinkage-SMI/MVDR global,scientific_controlled,5,5,0.0,-0.07672202510396424,0.03381647103939501,-0.11871071973991462,-0.034733330468013864,-0.11495209127871564,-0.03762420732950878,-0.012411533961227208,8.82735714091557e-05,-0.012521140076838912,-0.012301927845615504,-0.012472634234742791,-0.012290126666234249,-0.6134268940584848,0.005682006719280272,-0.6204820372393727,-0.606371750877597,-0.6192143187967976,-0.6067176379238662,24.6391684314962,0.057746111865928734,24.56746716335597,24.710869699636426,24.58421805832643,24.712710204758586,35.99666035209836,0.07280003849817335,35.906267165227256,36.087053538969464,35.901771718294526,36.06564804912275,34.88865529068374,0.08969215800809818,34.77728776716379,35.00002281420368,34.79832137139558,35.00246183560245,0.14903503334272566,0.00042938279852418776,0.14850188418034976,0.14956818250510157,0.14850004696158542,0.14943852728468113,0.004377560309512972,4.4364107167996866e-05,0.0043224749948299725,0.004432645624195971,0.004322561068123199,0.004417766651494462,1.0,0.0,5,5,0.5655085052479191,1.0,1.0,1.0,4119.791337999777,644.4553768327623,3319.59429813706,4919.988377862494,3450.8417657987593,4803.8242854010605
target_radial_speed_mps,0.0,Shrinkage-SMI/MVDR local,scientific_controlled,5,5,0.0,-0.026783191061829005,0.013838523957778747,-0.0439659880484968,-0.009600394075161212,-0.04562149833908136,-0.01653239030815663,-0.012385533133534738,4.041593084180002e-05,-0.012435716139814933,-0.012335350127254542,-0.012418740978321414,-0.012331592356958864,-0.07330831148893407,0.006018243746589074,-0.08078094808149461,-0.06583567489637354,-0.07966935425667523,-0.06581322431817113,23.906307326755133,0.06769539073659761,23.822252397233097,23.99036225627717,23.847676926425613,23.996306415262072,35.335038300968165,0.07876520171452008,35.23723838568791,35.43283821624842,35.25464429953694,35.43392842980884,34.361328200106925,0.09379565490321881,34.24486551222556,34.47779088798829,34.266972358674046,34.48078680288168,0.13896534234995775,0.00040922358950804726,0.1384572241516495,0.139473460548266,0.13848971541279234,0.13943833943833941,0.004523213472917615,5.0853769070671916e-05,0.004460070178689543,0.004586356767145686,0.00447200728265817,0.004586936731907146,1.0,0.0,5,5,0.5655085052479191,1.0,1.0,1.0,1895.1076477998868,197.87339693334494,1649.415374625274,2140.7999209744994,1648.7292142006481,2072.7638246000424
target_radial_speed_mps,4.0,Corrected JDL physical,scientific_controlled,5,5,0.0,20.367244893039,0.34089934183313425,19.9439624532731,20.7905273328049,20.07543233965251,20.81061161140743,3.1131707366186907,0.03526091630275922,3.0693885263018434,3.156952946935538,3.079433077847692,3.151971529240597,-2.3581624801850345,0.018473668480227856,-2.381100569251703,-2.335224391118366,-2.376811223821118,-2.33873958352431,26.1310706961712,0.03790812204153891,26.08400154579267,26.17813984654973,26.08692525277285,26.174294757211047,37.95339470550844,0.06156063181360216,37.87695708527875,38.02983232573813,37.88034206123492,38.023259719603566,36.71005880692072,0.07873890095857619,36.61229154834225,36.80782606549919,36.630578359572695,36.80815364176357,0.15555856109702262,0.00032878100762959926,0.15515032555655547,0.15596679663748977,0.15512538743307974,0.1558290598290598,0.004299423456228189,4.855624000338374e-05,0.004239132921127798,0.00435971399132858,0.004245562130177515,0.004358215748748293,1.0,0.0,5,5,0.5655085052479191,1.0,1.0,1.0,3471.5249279997806,165.70651114536642,3265.773118842465,3677.2767371570962,3243.312327400781,3574.415266998767
target_radial_speed_mps,4.0,Current legacy CSI [production replay],production_replay,5,5,0.0,0.0,0.0,0.0,0.0,0.0,0.0,0.0,0.0,0.0,0.0,0.0,0.0,20.341881748367445,0.09574570907706649,20.222997748423865,20.460765748311026,20.245887309138954,20.45907012843636,7.0584598774207805,0.07544570315573258,6.964781663993064,7.152138090848497,6.984746217192114,7.147785336176137,10.965046941894432,0.11640624049909953,10.820509503900336,11.109584379888528,10.812941356194218,11.054122934817617,9.983039814969706,0.10374177132130341,9.854227392410053,10.111852237529359,9.864162593031864,10.06577225745343,0.0008377946839485302,0.0001532589019903264,0.0006474986229427515,0.001028090744954309,0.0007288438057668826,0.00104555273786043,0.0020194204217872857,0.0001203987562880757,0.0018699256206757542,0.002168915222898817,0.001904111667425277,0.0021745562130177512,1.0,0.0,5,5,0.5655085052479191,1.0,1.0,1.0,223.19988220006053,3.6560615880216125,218.66028215099482,227.73948224912624,219.0508981999301,226.6716929996619
target_radial_speed_mps,4.0,Current legacy CSI [scientific controlled],scientific_controlled,5,5,0.0,0.0,0.0,0.0,0.0,0.0,0.0,0.0,0.0,0.0,0.0,0.0,0.0,20.341916200391474,0.09565406472503518,20.22314599194045,20.4606864088425,20.24617633403001,20.45906161526552,7.058808069093203,0.07551205333283177,6.965047471039309,7.152568667147097,6.98481096314572,7.148276232833929,10.965170036681183,0.11641896191776575,10.820616802959524,11.109723270402842,10.813044680717946,11.055256746702982,9.98303161808611,0.10370440907480354,9.854265586882828,10.111797649289393,9.864199405071526,10.065877313212154,0.000835916220531605,0.00015142326111630772,0.0006478994087127284,0.0010239330323504818,0.0007318493472339626,0.0010406687329764252,0.002018282506448187,0.00011685891306615662,0.0018731830012246014,0.002163382011671772,0.001903732362312244,0.002167349415870126,1.0,0.0,5,5,0.5655085052479191,1.0,1.0,1.0,228.48988820005616,12.527746875519401,212.93463592610166,244.04514047401065,217.36898119997932,245.09430599900952
target_radial_speed_mps,4.0,DL-SMI/MVDR global,scientific_controlled,5,5,0.0,-0.2974629151019883,0.48376820973572593,-0.8981404846068043,0.3032146544028277,-0.7082012659476618,0.3428409901415661,-0.011763700225667563,4.721932600890856e-05,-0.011822330762792318,-0.011705069688542808,-0.011812270585351727,-0.011711830080910111,-0.801788661402864,0.008237278506756875,-0.8120165935678898,-0.7915607292378382,-0.8115315672509966,-0.7924650968958382,24.862323468794493,0.058913284759853884,24.7891729640922,24.935473973496787,24.804124700278614,24.938003491838185,36.19601155035664,0.07677380082466793,36.1006842858673,36.29133881484597,36.09826174184596,36.27418118905079,35.075953721959394,0.09133205690310692,34.962549995020815,35.18935744889797,34.982233788927616,35.19030423268523,0.15182868413637643,0.0004589451732859069,0.15125882843755747,0.15239853983519538,0.15122118906734291,0.15221827744904667,0.004345319374905174,3.614361781086817e-05,0.004300441145904547,0.004390197603905801,0.004303595812471552,0.004379456835078137,1.0,0.0,5,5,0.5655085052479191,1.0,1.0,1.0,1915.0429520002945,352.6386755399862,1477.1842042076873,2352.9016997929016,1508.9489164012775,2197.5534237993998
target_radial_speed_mps,4.0,DL-SMI/MVDR local,scientific_controlled,5,5,0.0,-0.2559706048449094,0.5711428008303733,-0.9651380584698105,0.45319684877999167,-0.721381486642305,0.5096692635346185,-0.012044252359393794,2.753611119094914e-05,-0.012078442957310158,-0.01201006176147743,-0.012080485508188746,-0.012019331651340589,0.12312298135322328,0.004792656557825825,0.11717211224961105,0.1290738504568355,0.11733082742508809,0.12804215044777978,23.610493915779436,0.06469699790307032,23.530161982691265,23.690825848867608,23.55634478802367,23.697559245948742,35.08221731193418,0.07992451932246067,34.98297791371766,35.1814567101507,34.99994209420804,35.183802424534036,34.17035848155874,0.09378034887545598,34.05391479862101,34.28680216449648,34.07489133403338,34.28914578452533,0.1351817413355875,0.0004191647060386397,0.13466127961078125,0.13570220306039374,0.1346907109984033,0.1356671362825209,0.004581247155211652,4.590218775482734e-05,0.004524252061237648,0.0046382422491856555,0.004531558185404339,0.004637763617053558,1.0,0.0,5,5,0.5655085052479191,1.0,1.0,1.0,1168.8355232003232,363.5758583749085,717.3964692398101,1620.2745771608363,792.2206362003635,1574.8383514001034
target_radial_speed_mps,4.0,MNEC physical,scientific_controlled,5,5,0.0,-0.3005580049363239,0.4858339204349488,-0.9038004930470712,0.3026844831744234,-0.7125742859935386,0.34236931232810675,-0.011853153820849538,4.8120473020536606e-05,-0.01191290327977572,-0.011793404361923355,-0.011907784608498829,-0.011802293934118486,-0.2204208042111096,0.004769216557783604,-0.2263425687105515,-0.2144990397116677,-0.22570185069585477,-0.21514345359428105,24.191300082388796,0.06215652240427243,24.114122566265806,24.268477598511787,24.148476044240734,24.27551368551454,35.53486561831592,0.06950819554373429,35.448559794329086,35.62117144230275,35.46105992065017,35.6206533374441,34.494908963798686,0.09066463922263338,34.38233394536572,34.60748398223165,34.405381169808365,34.61138300603556,0.14399699445853292,0.0003949810502805532,0.14350656070842646,0.14448742820863938,0.143609655301963,0.14449591434206818,0.004441662873615536,3.898271277327872e-05,0.004393259442612599,0.004490066304618472,0.004399180700955849,0.004486800182066454,1.0,0.0,5,5,0.5655085052479191,1.0,1.0,1.0,2358.709522799836,369.9021595305886,1899.4153284525137,2818.0037171471586,1995.2667645993643,2757.4636438002926
target_radial_speed_mps,4.0,Phase-only CSI [production replay],production_replay,5,5,0.0,0.0,0.0,0.0,0.0,0.0,0.0,0.0,0.0,0.0,0.0,0.0,0.0,18.61568869087224,0.09986745530610965,18.49168686702632,18.73969051471816,18.52107889139218,18.740414983415985,8.704654517142476,0.064834076032628,8.624152379075893,8.78515665520906,8.621383189423236,8.764158983837092,12.766215315704681,0.21719255618017155,12.496535138017698,13.035895493391664,12.588743890382442,13.023140573266037,11.70878978386144,0.11639232233884275,11.564269627545855,11.853309940177024,11.576089386857257,11.819647275495155,0.002834976988823142,0.0004630124638351194,0.002260071081758995,0.003409882895887289,0.002395040856579318,0.0034214332675871137,0.00023403125474131392,9.567214903687024e-05,0.00011523859165135281,0.000352823917831275,0.00011037778789258079,0.0003239265665301168,1.0,0.0,5,5,0.5655085052479191,1.0,1.0,1.0,219.47680519951973,18.166693034504355,196.91987649213866,242.0337339069008,203.76528299893835,243.70383340028638
target_radial_speed_mps,4.0,Phase-only CSI [scientific controlled],scientific_controlled,5,5,0.0,0.0,0.0,0.0,0.0,0.0,0.0,0.0,0.0,0.0,0.0,0.0,0.0,18.615697378473904,0.09981231929864516,18.49176401502346,18.739630741924348,18.521263291254648,18.740396975287364,8.70473533818856,0.06482422718392901,8.624245429082828,8.78522524729429,8.621559611200597,8.764451610534794,12.766294433539398,0.2178617527504491,12.495783338563381,13.036805528515416,12.587587256533256,13.02401747114616,11.708809222068387,0.11639875048730185,11.564281084152286,11.853337359984488,11.576155208238083,11.819835175655603,0.0028346012961397576,0.0004612880464965101,0.0022618365360028416,0.0034073660562766736,0.002395416549262703,0.003419179111486804,0.00023441055985434683,9.614093993620086e-05,0.00011503581598200085,0.0003537853037266928,0.00011113639811864664,0.00032544378698224854,1.0,0.0,5,5,0.5655085052479191,1.0,1.0,1.0,226.4175084004819,9.445855834589324,214.68892927844004,238.14608752252374,214.93722560044262,235.02285460053827
target_radial_speed_mps,4.0,Row complex LS / Wiener [scientific controlled],scientific_controlled,5,5,0.0,0.0,0.0,0.0,0.0,0.0,0.0,0.0,0.0,0.0,0.0,0.0,0.0,18.812999575881413,0.09594198602650825,18.693871865916034,18.932127285846793,18.712962655796943,18.927607000072925,8.495380621568929,0.07387301926896564,8.403655153103967,8.58710609003389,8.412868548930435,8.56625686857812,12.469914434090503,0.16172078573762028,12.269111556678716,12.67071731150229,12.307512629747768,12.642858961314829,11.45729835938673,0.1054766033361867,11.326331858371264,11.588264860402196,11.337157220877778,11.548862934000036,0.0023544660467737393,0.00032454662088503587,0.0019514881918817843,0.0027574439016656944,0.0020798346952193105,0.002783131398516014,0.00030382339553937187,6.915690290154525e-05,0.00021795375897918143,0.0003896930320995623,0.0002158246093157336,0.00037096040054619933,1.0,0.0,5,5,0.5655085052479191,1.0,1.0,1.0,221.59836540049582,11.991764150061949,206.7086235804015,236.48810722059014,209.45240020046185,234.40967120041023
target_radial_speed_mps,4.0,Row complex LS / Wiener robust IRLS [scientific controlled],scientific_controlled,5,5,0.0,0.0,0.0,0.0,0.0,0.0,0.0,0.0,0.0,0.0,0.0,0.0,0.0,18.81146951103965,0.09612718548830937,18.692111845570068,18.930827176509233,18.711356291716697,18.926421478388065,8.499637579011752,0.07638176614300159,8.404797089872693,8.594478068150812,8.413247809232491,8.572249131922131,12.482851958213239,0.1630255602400804,12.28042898927597,12.685274927150507,12.32124363433487,12.65627699049406,11.470824181574976,0.10694965560761205,11.338028644586608,11.603619718563344,11.350015445857908,11.564117696206555,0.0023863999248614634,0.0003222717371763412,0.001986246711170697,0.00278655313855223,0.0021076359537898,0.0028075514229360383,0.00030647853133060235,6.845380231173409e-05,0.00022148190945989697,0.0003914751532013077,0.0002177211348808982,0.0003698224852071006,1.0,0.0,5,5,0.5655085052479191,1.0,1.0,1.0,333.4978372004116,54.2057890681693,266.1924604201851,400.8032139806381,266.1934302002919,375.5742236004153
target_radial_speed_mps,4.0,SA-MNEC physical [approximate academic reference],scientific_controlled,5,5,0.0,-0.33482672626950605,0.4631800609986986,-0.9099407326978706,0.24028728015885847,-0.7379746674032333,0.278474986448917,0.005194525436860168,0.0008469142233904945,0.004142942536108655,0.006246108337611681,0.004275278929544559,0.005949507978123841,-0.217023193970196,0.005197479544695511,-0.22347671720225004,-0.21056967073814198,-0.2223458536218258,-0.21062166247229122,24.187241127452374,0.06107979886549952,24.111400540183496,24.263081714721253,24.143621723317906,24.270738235171912,35.52996057136377,0.06950290873575028,35.44366131181608,35.61625983091147,35.455122827858105,35.6157207770876,34.49093346680719,0.09087463205658784,34.378097707832424,34.60376922578196,34.40108135175943,34.607634028375564,0.14407025453179298,0.00042976065565714674,0.14353663619781862,0.14460387286576734,0.14366976613130458,0.14462740678125294,0.004444318009406767,4.371481142846547e-05,0.004390038901867732,0.004498597116945802,0.004397284175390684,0.004490972538309816,1.0,0.0,5,5,0.5655085052479191,1.0,1.0,1.0,7279.757328800406,1226.569759718994,5756.769816870679,8802.744840730133,6054.24877780024,8601.900596400446
target_radial_speed_mps,4.0,Shrinkage-SMI/MVDR global,scientific_controlled,5,5,0.0,-0.29177417512219395,0.49459682294734686,-0.905897243802364,0.32234889355797613,-0.7090743779652868,0.3644932274014705,-0.011749795357228603,4.7208348728373204e-05,-0.011808412264259318,-0.011691178450197888,-0.011798514400209998,-0.011697606608810859,-0.6134268940584848,0.005682006719280272,-0.6204820372393727,-0.606371750877597,-0.6192143187967976,-0.6067176379238662,24.6391684314962,0.057746111865928734,24.56746716335597,24.710869699636426,24.58421805832643,24.712710204758586,35.99666035209836,0.07280003849817335,35.906267165227256,36.087053538969464,35.901771718294526,36.06564804912275,34.88865529068374,0.08969215800809818,34.77728776716379,35.00002281420368,34.79832137139558,35.00246183560245,0.14903503334272566,0.00042938279852418776,0.14850188418034976,0.14956818250510157,0.14850004696158542,0.14943852728468113,0.004377560309512972,4.4364107167996866e-05,0.0043224749948299725,0.004432645624195971,0.004322561068123199,0.004417766651494462,1.0,0.0,5,5,0.5655085052479191,1.0,1.0,1.0,4449.860269000783,466.8644714332501,3870.1714627812257,5029.54907522034,3892.7200984009687,4919.536210600563
target_radial_speed_mps,4.0,Shrinkage-SMI/MVDR local,scientific_controlled,5,5,0.0,-0.25852912795399446,0.5662393219281303,-0.9616081083600239,0.444549852452035,-0.7212764259571742,0.5000718542723431,-0.01195018554194685,3.322636676342321e-05,-0.01199144152534814,-0.011908929558545561,-0.011994913388652988,-0.011924440286683151,-0.07330831148893407,0.006018243746589074,-0.08078094808149461,-0.06583567489637354,-0.07966935425667523,-0.06581322431817113,23.906307326755133,0.06769539073659761,23.822252397233097,23.99036225627717,23.847676926425613,23.996306415262072,35.335038300968165,0.07876520171452008,35.23723838568791,35.43283821624842,35.25464429953694,35.43392842980884,34.361328200106925,0.09379565490321881,34.24486551222556,34.47779088798829,34.266972358674046,34.48078680288168,0.13896534234995775,0.00040922358950804726,0.1384572241516495,0.139473460548266,0.13848971541279234,0.13943833943833941,0.004523213472917615,5.0853769070671916e-05,0.004460070178689543,0.004586356767145686,0.00447200728265817,0.004586936731907146,1.0,0.0,5,5,0.5655085052479191,1.0,1.0,1.0,1818.7392733998422,146.96871970994658,1636.2535052737564,2001.225041525928,1653.8541723995877,1979.9271619995125
target_snr_db,-6.0,Corrected JDL physical,scientific_controlled,5,5,0.0,-1.1519193757840447,0.4515148827755475,-1.7125491503800805,-0.591289601188009,-1.6121015307019615,-0.599745017664844,1.3276889785284975,0.12915341776490868,1.1673238294447126,1.4880541276122825,1.1767481719557789,1.476507879686086,-2.3581624801850345,0.018473668480227856,-2.381100569251703,-2.335224391118366,-2.376811223821118,-2.33873958352431,26.1310706961712,0.03790812204153891,26.08400154579267,26.17813984654973,26.08692525277285,26.174294757211047,37.95339470550844,0.06156063181360216,37.87695708527875,38.02983232573813,37.88034206123492,38.023259719603566,36.71005880692072,0.07873890095857619,36.61229154834225,36.80782606549919,36.630578359572695,36.80815364176357,0.15555856109702262,0.00032878100762959926,0.15515032555655547,0.15596679663748977,0.15512538743307974,0.1558290598290598,0.004299423456228189,4.855624000338374e-05,0.004239132921127798,0.00435971399132858,0.004245562130177515,0.004358215748748293,1.0,0.0,5,5,0.5655085052479191,1.0,1.0,1.0,3538.560232999953,208.00293425487237,3280.2904780147283,3796.8299879851775,3266.2021481999545,3726.9639292000647
target_snr_db,-6.0,Current legacy CSI [production replay],production_replay,5,5,0.0,15.882375667395095,3.0003160633600205,12.156991228285554,19.60776010650464,13.369922711453183,19.86680125401022,-7.610888734774844,0.43090855670310224,-8.145932376151457,-7.0758450933982315,-8.146256725417231,-7.1591234645702375,20.34192591762514,0.09565226077522039,20.223157949073656,20.460693886176625,20.24619073784066,20.459070804301955,7.058847363589145,0.07547030286265063,6.965138605590982,7.152556121587307,6.98489207006917,7.14825072904256,10.964871783718275,0.11622859288237244,10.820554924374235,11.109188643062314,10.813117258954653,11.054806746120112,9.983001044227782,0.10370687214527585,9.85423195471857,10.111770133736995,9.864164350668611,10.065853678415687,0.0008355405278482201,0.000151623534960136,0.0006472750432076797,0.0010238060124887604,0.0007326007326007326,0.0010406687329764252,0.0020182825064481865,0.00011712792034498737,0.001872848984571222,0.0021637160283251512,0.001903353057199211,0.002167349415870126,1.0,0.0,5,5,0.5655085052479191,1.0,1.0,1.0,219.136812600118,24.20530851221734,189.0819524550587,249.19167274517727,191.30495520003024,242.62409759940056
target_snr_db,-6.0,Current legacy CSI [scientific controlled],scientific_controlled,5,5,0.0,15.882313017578932,3.0010773143420555,12.1559833605314,19.608642674626466,13.36884000935158,19.8677181357788,-7.610351142133959,0.4309097830371824,-8.145396306205448,-7.075305978062469,-8.145645940628585,-7.158473154370419,20.341916200391474,0.09565406472503518,20.22314599194045,20.4606864088425,20.24617633403001,20.45906161526552,7.058808069093203,0.07551205333283177,6.965047471039309,7.152568667147097,6.98481096314572,7.148276232833929,10.965170036681183,0.11641896191776575,10.820616802959524,11.109723270402842,10.813044680717946,11.055256746702982,9.98303161808611,0.10370440907480354,9.854265586882828,10.111797649289393,9.864199405071526,10.065877313212154,0.000835916220531605,0.00015142326111630772,0.0006478994087127284,0.0010239330323504818,0.0007318493472339626,0.0010406687329764252,0.002018282506448187,0.00011685891306615662,0.0018731830012246014,0.002163382011671772,0.001903732362312244,0.002167349415870126,1.0,0.0,5,5,0.5655085052479191,1.0,1.0,1.0,216.8953454001894,21.777402351435803,189.85512892599206,243.93556187438674,196.1470301997906,245.28063040088455
target_snr_db,-6.0,DL-SMI/MVDR global,scientific_controlled,5,5,0.0,-0.9373010656739797,0.10931528722369438,-1.0730339222730527,-0.8015682090749067,-1.060188682041033,-0.8100654721531065,-0.011196333474487096,0.00012144896794978825,-0.011347132285609471,-0.011045534663364722,-0.011290815332668784,-0.011034421513598264,-0.801788661402864,0.008237278506756875,-0.8120165935678898,-0.7915607292378382,-0.8115315672509966,-0.7924650968958382,24.862323468794493,0.058913284759853884,24.7891729640922,24.935473973496787,24.804124700278614,24.938003491838185,36.19601155035664,0.07677380082466793,36.1006842858673,36.29133881484597,36.09826174184596,36.27418118905079,35.075953721959394,0.09133205690310692,34.962549995020815,35.18935744889797,34.982233788927616,35.19030423268523,0.15182868413637643,0.0004589451732859069,0.15125882843755747,0.15239853983519538,0.15122118906734291,0.15221827744904667,0.004345319374905174,3.614361781086817e-05,0.004300441145904547,0.004390197603905801,0.004303595812471552,0.004379456835078137,1.0,0.0,5,5,0.5655085052479191,1.0,1.0,1.0,1792.6248709998617,405.6478343291055,1288.9465591636863,2296.303182836037,1414.607281199278,2233.6381422006525
target_snr_db,-6.0,DL-SMI/MVDR local,scientific_controlled,5,5,0.0,-0.027294216522404824,0.030349525290557736,-0.06497812943829495,0.010389696393485297,-0.06568975236040017,0.003346593221811741,-0.012267736174177982,9.043257873182707e-05,-0.012380023051454109,-0.012155449296901856,-0.01237585792280187,-0.012166063060929154,0.12312298135322328,0.004792656557825825,0.11717211224961105,0.1290738504568355,0.11733082742508809,0.12804215044777978,23.610493915779436,0.06469699790307032,23.530161982691265,23.690825848867608,23.55634478802367,23.697559245948742,35.08221731193418,0.07992451932246067,34.98297791371766,35.1814567101507,34.99994209420804,35.183802424534036,34.17035848155874,0.09378034887545598,34.05391479862101,34.28680216449648,34.07489133403338,34.28914578452533,0.1351817413355875,0.0004191647060386397,0.13466127961078125,0.13570220306039374,0.1346907109984033,0.1356671362825209,0.004581247155211652,4.590218775482734e-05,0.004524252061237648,0.0046382422491856555,0.004531558185404339,0.004637763617053558,1.0,0.0,5,5,0.5655085052479191,1.0,1.0,1.0,975.1519361998362,209.7272573451202,714.7411513121775,1235.562721087495,807.4827692002145,1219.3736487999558
target_snr_db,-6.0,MNEC physical,scientific_controlled,5,5,0.0,-0.27855351058430744,0.0359659690779576,-0.32321115954895274,-0.23389586161966217,-0.324978266158854,-0.24278071845897423,-0.01159241272444294,3.910348001683381e-05,-0.01164096610778436,-0.011543859341101519,-0.011643518884881597,-0.011554943863583184,-0.2204208042111096,0.004769216557783604,-0.2263425687105515,-0.2144990397116677,-0.22570185069585477,-0.21514345359428105,24.191300082388796,0.06215652240427243,24.114122566265806,24.268477598511787,24.148476044240734,24.27551368551454,35.53486561831592,0.06950819554373429,35.448559794329086,35.62117144230275,35.46105992065017,35.6206533374441,34.494908963798686,0.09066463922263338,34.38233394536572,34.60748398223165,34.405381169808365,34.61138300603556,0.14399699445853292,0.0003949810502805532,0.14350656070842646,0.14448742820863938,0.143609655301963,0.14449591434206818,0.004441662873615536,3.898271277327872e-05,0.004393259442612599,0.004490066304618472,0.004399180700955849,0.004486800182066454,1.0,0.0,5,5,0.5655085052479191,1.0,1.0,1.0,2506.7645530001755,336.1063750524135,2089.43336753049,2924.095738469861,2176.7533233989525,2912.2334545998456
target_snr_db,-6.0,Phase-only CSI [production replay],production_replay,5,5,0.0,14.36305563040392,2.978004178505471,10.665375055450362,18.06073620535748,11.73547307976734,18.335086132491597,-6.678459390241,0.01788571799173417,-6.700667442353379,-6.65625133812862,-6.691908083220774,-6.655316196155017,18.615706664318395,0.09981148203905839,18.491774340463035,18.739638988173756,18.521274799884342,18.74040635103383,8.704727199465456,0.06467990288983383,8.624416492639769,8.785037906291143,8.621815782130856,8.76444772814093,12.766125500674008,0.21811557067935053,12.495299249113575,13.03695175223444,12.58701381576178,13.024128965619985,11.708781815710186,0.1164014772226601,11.564250292104958,11.853313339315413,11.576128417919055,11.81981394972344,0.002834976988823142,0.00046088129602252134,0.002262717276106031,0.0034072367015402535,0.002395792241946088,0.003418803418803419,0.00023441055985434683,9.614093993620086e-05,0.00011503581598200085,0.0003537853037266928,0.00011113639811864664,0.00032544378698224854,1.0,0.0,5,5,0.5655085052479191,1.0,1.0,1.0,202.94530959981785,17.47754167347431,181.24407532674158,224.6465438728941,184.32451959997707,220.06463280013122
target_snr_db,-6.0,Phase-only CSI [scientific controlled],scientific_controlled,5,5,0.0,14.36319400358417,2.9784332031277363,10.6649807242028,18.061407282965536,11.735458927017078,18.335903504959468,-6.677932308084349,0.017849853293370837,-6.700095828291964,-6.655768787876735,-6.69142661926875,-6.654893210532584,18.615697378473904,0.09981231929864516,18.49176401502346,18.739630741924348,18.521263291254648,18.740396975287364,8.70473533818856,0.06482422718392901,8.624245429082828,8.78522524729429,8.621559611200597,8.764451610534794,12.766294433539398,0.2178617527504491,12.495783338563381,13.036805528515416,12.587587256533256,13.02401747114616,11.708809222068387,0.11639875048730185,11.564281084152286,11.853337359984488,11.576155208238083,11.819835175655603,0.0028346012961397576,0.0004612880464965101,0.0022618365360028416,0.0034073660562766736,0.002395416549262703,0.003419179111486804,0.00023441055985434683,9.614093993620086e-05,0.00011503581598200085,0.0003537853037266928,0.00011113639811864664,0.00032544378698224854,1.0,0.0,5,5,0.5655085052479191,1.0,1.0,1.0,208.64334539983247,17.381228357090954,187.06169990425713,230.2249908954078,185.25434820039663,223.5836453997763
target_snr_db,-6.0,Row complex LS / Wiener [scientific controlled],scientific_controlled,5,5,0.0,14.44116463742229,3.062857537219587,10.63812470182666,18.244204573017917,11.759019181828247,18.526913155580946,-6.695418868952501,0.018560458827718812,-6.718464722469041,-6.672373015435961,-6.712052583783147,-6.670761225158903,18.812999575881413,0.09594198602650825,18.693871865916034,18.932127285846793,18.712962655796943,18.927607000072925,8.495380621568929,0.07387301926896564,8.403655153103967,8.58710609003389,8.412868548930435,8.56625686857812,12.469914434090503,0.16172078573762028,12.269111556678716,12.67071731150229,12.307512629747768,12.642858961314829,11.45729835938673,0.1054766033361867,11.326331858371264,11.588264860402196,11.337157220877778,11.548862934000036,0.0023544660467737393,0.00032454662088503587,0.0019514881918817843,0.0027574439016656944,0.0020798346952193105,0.002783131398516014,0.00030382339553937187,6.915690290154525e-05,0.00021795375897918143,0.0003896930320995623,0.0002158246093157336,0.00037096040054619933,1.0,0.0,5,5,0.5655085052479191,1.0,1.0,1.0,203.48928499952308,17.056558447874448,182.31077044152227,224.6677995575239,191.33373639851925,226.76174940024794
target_snr_db,-6.0,Row complex LS / Wiener robust IRLS [scientific controlled],scientific_controlled,5,5,0.0,14.43288251358462,3.0685774593812907,10.622740356568269,18.24302467060097,11.750000571175814,18.529161326799073,-6.674252737015062,0.011980272545840512,-6.689128210123913,-6.659377263906212,-6.681585005805414,-6.6576983662710685,18.81146951103965,0.09612718548830937,18.692111845570068,18.930827176509233,18.711356291716697,18.926421478388065,8.499637579011752,0.07638176614300159,8.404797089872693,8.594478068150812,8.413247809232491,8.572249131922131,12.482851958213239,0.1630255602400804,12.28042898927597,12.685274927150507,12.32124363433487,12.65627699049406,11.470824181574976,0.10694965560761205,11.338028644586608,11.603619718563344,11.350015445857908,11.564117696206555,0.0023863999248614634,0.0003222717371763412,0.001986246711170697,0.00278655313855223,0.0021076359537898,0.0028075514229360383,0.00030647853133060235,6.845380231173409e-05,0.00022148190945989697,0.0003914751532013077,0.0002177211348808982,0.0003698224852071006,1.0,0.0,5,5,0.5655085052479191,1.0,1.0,1.0,299.2960483999923,55.67654266837753,230.16448982415722,368.42760697582736,250.8694206004293,361.83263399907446
target_snr_db,-6.0,SA-MNEC physical [approximate academic reference],scientific_controlled,5,5,0.0,-0.18311767985559513,0.02605980134095011,-0.21547519698102077,-0.15076016273016948,-0.21823237048134986,-0.16166349923647835,0.00524725223223747,0.0008662929093225024,0.004171607514831666,0.0063228969496432735,0.004293974826243991,0.006063989697365683,-0.217023193970196,0.005197479544695511,-0.22347671720225004,-0.21056967073814198,-0.2223458536218258,-0.21062166247229122,24.187241127452374,0.06107979886549952,24.111400540183496,24.263081714721253,24.143621723317906,24.270738235171912,35.52996057136377,0.06950290873575028,35.44366131181608,35.61625983091147,35.455122827858105,35.6157207770876,34.49093346680719,0.09087463205658784,34.378097707832424,34.60376922578196,34.40108135175943,34.607634028375564,0.14407025453179298,0.00042976065565714674,0.14353663619781862,0.14460387286576734,0.14366976613130458,0.14462740678125294,0.004444318009406767,4.371481142846547e-05,0.004390038901867732,0.004498597116945802,0.004397284175390684,0.004490972538309816,1.0,0.0,5,5,0.5655085052479191,1.0,1.0,1.0,7747.45614559979,799.7219123862446,6754.470238414336,8740.442052785244,6899.224750198846,8563.389613399704
target_snr_db,-6.0,Shrinkage-SMI/MVDR global,scientific_controlled,5,5,0.0,-0.7354185770855782,0.08746902406976563,-0.844025715231111,-0.6268114389400454,-0.8346180151275349,-0.6331599082676785,-0.011192841759830435,9.850311345940968e-05,-0.011315149529524062,-0.011070533990136808,-0.011267473634582154,-0.011059737486988025,-0.6134268940584848,0.005682006719280272,-0.6204820372393727,-0.606371750877597,-0.6192143187967976,-0.6067176379238662,24.6391684314962,0.057746111865928734,24.56746716335597,24.710869699636426,24.58421805832643,24.712710204758586,35.99666035209836,0.07280003849817335,35.906267165227256,36.087053538969464,35.901771718294526,36.06564804912275,34.88865529068374,0.08969215800809818,34.77728776716379,35.00002281420368,34.79832137139558,35.00246183560245,0.14903503334272566,0.00042938279852418776,0.14850188418034976,0.14956818250510157,0.14850004696158542,0.14943852728468113,0.004377560309512972,4.4364107167996866e-05,0.0043224749948299725,0.004432645624195971,0.004322561068123199,0.004417766651494462,1.0,0.0,5,5,0.5655085052479191,1.0,1.0,1.0,4443.431295999835,616.1546538293994,3678.3742450135587,5208.4883469861115,3767.655576999823,5131.333102199642
target_snr_db,-6.0,Shrinkage-SMI/MVDR local,scientific_controlled,5,5,0.0,-0.17614034094287376,0.03294973799030158,-0.2170528443557106,-0.13522783753003692,-0.22066782181255604,-0.1486662395420474,-0.01171441548883948,0.0001289975351334826,-0.011874587084071877,-0.011554243893607083,-0.011840435219593092,-0.011546812885428866,-0.07330831148893407,0.006018243746589074,-0.08078094808149461,-0.06583567489637354,-0.07966935425667523,-0.06581322431817113,23.906307326755133,0.06769539073659761,23.822252397233097,23.99036225627717,23.847676926425613,23.996306415262072,35.335038300968165,0.07876520171452008,35.23723838568791,35.43283821624842,35.25464429953694,35.43392842980884,34.361328200106925,0.09379565490321881,34.24486551222556,34.47779088798829,34.266972358674046,34.48078680288168,0.13896534234995775,0.00040922358950804726,0.1384572241516495,0.139473460548266,0.13848971541279234,0.13943833943833941,0.004523213472917615,5.0853769070671916e-05,0.004460070178689543,0.004586356767145686,0.00447200728265817,0.004586936731907146,1.0,0.0,5,5,0.5655085052479191,1.0,1.0,1.0,1707.7748086005158,128.73413451656805,1547.9302684312456,1867.619348769786,1582.0289920004143,1856.957513600355
target_snr_db,10.0,Corrected JDL physical,scientific_controlled,5,5,0.0,-1.1519193821917582,0.4515148808918636,-1.7125491544488916,-0.5912896099346249,-1.612101580967995,-0.5997450525175915,1.327688972120785,0.1291534185300031,1.1673238220870097,1.4880541221545602,1.176748194731742,1.4765079059257373,-2.3581624801850345,0.018473668480227856,-2.381100569251703,-2.335224391118366,-2.376811223821118,-2.33873958352431,26.1310706961712,0.03790812204153891,26.08400154579267,26.17813984654973,26.08692525277285,26.174294757211047,37.95339470550844,0.06156063181360216,37.87695708527875,38.02983232573813,37.88034206123492,38.023259719603566,36.71005880692072,0.07873890095857619,36.61229154834225,36.80782606549919,36.630578359572695,36.80815364176357,0.15555856109702262,0.00032878100762959926,0.15515032555655547,0.15596679663748977,0.15512538743307974,0.1558290598290598,0.004299423456228189,4.855624000338374e-05,0.004239132921127798,0.00435971399132858,0.004245562130177515,0.004358215748748293,1.0,0.0,5,5,0.5655085052479191,1.0,1.0,1.0,3465.439547600181,175.0774179561596,3248.0522208253715,3682.8268743749904,3228.3034329990187,3560.7797836004465
target_snr_db,10.0,Current legacy CSI [production replay],production_replay,5,5,0.0,16.586730935262988,2.6607832615436413,13.282932152378432,19.890529718147544,14.349494161996029,20.149963312609735,-6.9276520555204275,0.04519826867091995,-6.983773118510294,-6.871530992530561,-6.9705859299677755,-6.868403809749935,20.34214175396672,0.09551966458466359,20.223538425331352,20.46074508260209,20.246753178774867,20.459210031485604,7.058152161332538,0.07495143027619257,6.965087668744636,7.15121665392044,6.984272821965028,7.146143133194799,10.963539624193944,0.11598095889294628,10.819530243059306,11.10754900532858,10.811954072854768,11.053932581107945,9.981949496216677,0.10357665513174791,9.853342092485116,10.110556899948238,9.86323382051811,10.064845968924663,0.000836667605898375,0.0001528300565870336,0.0006469040267906605,0.0010264311850060894,0.0007303465765004227,0.001043674274443505,0.0020156273706569564,0.00011767173174398204,0.0018695186177440468,0.002161736123569866,0.0019006979214079805,0.0021650735851919283,1.0,0.0,5,5,0.5655085052479191,1.0,1.0,1.0,232.71429819978948,18.466430312924437,209.7851965048743,255.64339989470466,208.61068239973974,247.68784959960612
target_snr_db,10.0,Current legacy CSI [scientific controlled],scientific_controlled,5,5,0.0,16.58409637896572,2.6826095835555686,13.253196637825733,19.914996120105712,14.338234824262235,20.176762529242364,-6.908567780747168,0.04520686696931794,-6.964699519934602,-6.852436041559734,-6.951792211087994,-6.849428760906861,20.341916200391474,0.09565406472503518,20.22314599194045,20.4606864088425,20.24617633403001,20.45906161526552,7.058808069093203,0.07551205333283177,6.965047471039309,7.152568667147097,6.98481096314572,7.148276232833929,10.965170036681183,0.11641896191776575,10.820616802959524,11.109723270402842,10.813044680717946,11.055256746702982,9.98303161808611,0.10370440907480354,9.854265586882828,10.111797649289393,9.864199405071526,10.065877313212154,0.000835916220531605,0.00015142326111630772,0.0006478994087127284,0.0010239330323504818,0.0007318493472339626,0.0010406687329764252,0.002018282506448187,0.00011685891306615662,0.0018731830012246014,0.002163382011671772,0.001903732362312244,0.002167349415870126,1.0,0.0,5,5,0.5655085052479191,1.0,1.0,1.0,214.95228040002985,23.18691915741015,186.16191765298964,243.74264314707005,190.52024679986062,239.72726540014264
target_snr_db,10.0,DL-SMI/MVDR global,scientific_controlled,5,5,0.0,-0.937301069325048,0.1093152913733695,-1.0730339310766233,-0.8015682075734727,-1.0601887301911022,-0.8100655054609532,-0.011196337125554675,0.0001214572563522144,-0.011347146228087945,-0.011045528023021405,-0.01129080821532247,-0.011034398482039793,-0.801788661402864,0.008237278506756875,-0.8120165935678898,-0.7915607292378382,-0.8115315672509966,-0.7924650968958382,24.862323468794493,0.058913284759853884,24.7891729640922,24.935473973496787,24.804124700278614,24.938003491838185,36.19601155035664,0.07677380082466793,36.1006842858673,36.29133881484597,36.09826174184596,36.27418118905079,35.075953721959394,0.09133205690310692,34.962549995020815,35.18935744889797,34.982233788927616,35.19030423268523,0.15182868413637643,0.0004589451732859069,0.15125882843755747,0.15239853983519538,0.15122118906734291,0.15221827744904667,0.004345319374905174,3.614361781086817e-05,0.004300441145904547,0.004390197603905801,0.004303595812471552,0.004379456835078137,1.0,0.0,5,5,0.5655085052479191,1.0,1.0,1.0,1862.269871400349,340.1267482959506,1439.946733214818,2284.5930095858803,1485.4778278000595,2201.6615942004137
target_snr_db,10.0,DL-SMI/MVDR local,scientific_controlled,5,5,0.0,-0.027294219962153577,0.030349556544403144,-0.06497817168481834,0.010389731760511191,-0.06568980195417655,0.0033466147769370697,-0.01226773961392642,9.039026819406168e-05,-0.012379973955731058,-0.012155505272121782,-0.01237581877457938,-0.012166123561030985,0.12312298135322328,0.004792656557825825,0.11717211224961105,0.1290738504568355,0.11733082742508809,0.12804215044777978,23.610493915779436,0.06469699790307032,23.530161982691265,23.690825848867608,23.55634478802367,23.697559245948742,35.08221731193418,0.07992451932246067,34.98297791371766,35.1814567101507,34.99994209420804,35.183802424534036,34.17035848155874,0.09378034887545598,34.05391479862101,34.28680216449648,34.07489133403338,34.28914578452533,0.1351817413355875,0.0004191647060386397,0.13466127961078125,0.13570220306039374,0.1346907109984033,0.1356671362825209,0.004581247155211652,4.590218775482734e-05,0.004524252061237648,0.0046382422491856555,0.004531558185404339,0.004637763617053558,1.0,0.0,5,5,0.5655085052479191,1.0,1.0,1.0,1201.7694800000754,396.50711560511655,709.440869521193,1694.0980904789578,823.0437504011206,1629.5981271996425
target_snr_db,10.0,MNEC physical,scientific_controlled,5,5,0.0,-0.27855351598548034,0.035965983469019615,-0.3232111828189892,-0.23389584915197148,-0.3249783128311197,-0.24278075342246153,-0.011592418125614972,3.912923805206731e-05,-0.011641003491781408,-0.011543832759448536,-0.011643548600077385,-0.01155491054147951,-0.2204208042111096,0.004769216557783604,-0.2263425687105515,-0.2144990397116677,-0.22570185069585477,-0.21514345359428105,24.191300082388796,0.06215652240427243,24.114122566265806,24.268477598511787,24.148476044240734,24.27551368551454,35.53486561831592,0.06950819554373429,35.448559794329086,35.62117144230275,35.46105992065017,35.6206533374441,34.494908963798686,0.09066463922263338,34.38233394536572,34.60748398223165,34.405381169808365,34.61138300603556,0.14399699445853292,0.0003949810502805532,0.14350656070842646,0.14448742820863938,0.143609655301963,0.14449591434206818,0.004441662873615536,3.898271277327872e-05,0.004393259442612599,0.004490066304618472,0.004399180700955849,0.004486800182066454,1.0,0.0,5,5,0.5655085052479191,1.0,1.0,1.0,2314.7343275999447,326.1347871762653,1909.7845038010075,2719.684151398882,1983.8587728001585,2659.4862748002924
target_snr_db,10.0,Phase-only CSI [production replay],production_replay,5,5,0.0,14.358062645867097,2.966515930738453,10.674646614568301,18.041478677165895,11.73506136960358,18.31178632696239,-6.69686243193931,0.018148599900183224,-6.71939689505319,-6.6743279688254304,-6.710607061975415,-6.673429219911815,18.615977678367607,0.09972910693482903,18.49214763671352,18.739807720021695,18.52177690736042,18.740626704027363,8.704335322730028,0.06442372200887816,8.624342706481253,8.784327938978803,8.622125846978848,8.764024073165375,12.763936234593325,0.21859318307202258,12.492516948919814,13.035355520266837,12.58487375544651,13.020828573358198,11.707769199209519,0.11634003993564737,11.563313960071723,11.852224438347315,11.575271317772884,11.818935901371043,0.0028312200619892923,0.0004625511626456169,0.0022568869360044797,0.003405553187974105,0.0023897811590119283,0.003418427726120034,0.00023441055985434686,9.6858440451827e-05,0.00011414492142305455,0.00035467619828563916,0.00010961917766651495,0.0003246851767561827,1.0,0.0,5,5,0.5655085052479191,1.0,1.0,1.0,211.89642999997886,14.357546629892745,194.0691812470951,229.72367875286264,197.519157599163,230.2115843998763
target_snr_db,10.0,Phase-only CSI [scientific controlled],scientific_controlled,5,5,0.0,14.363194024368067,2.9784332243562788,10.664980718627982,18.061407330108153,11.735458928005553,18.335903547020447,-6.67793228730045,0.01784990203021489,-6.70009586802285,-6.65576870657805,-6.691426678774065,-6.6548931351304965,18.615697378473904,0.09981231929864516,18.49176401502346,18.739630741924348,18.521263291254648,18.740396975287364,8.70473533818856,0.06482422718392901,8.624245429082828,8.78522524729429,8.621559611200597,8.764451610534794,12.766294433539398,0.2178617527504491,12.495783338563381,13.036805528515416,12.587587256533256,13.02401747114616,11.708809222068387,0.11639875048730185,11.564281084152286,11.853337359984488,11.576155208238083,11.819835175655603,0.0028346012961397576,0.0004612880464965101,0.0022618365360028416,0.0034073660562766736,0.002395416549262703,0.003419179111486804,0.00023441055985434683,9.614093993620086e-05,0.00011503581598200085,0.0003537853037266928,0.00011113639811864664,0.00032544378698224854,1.0,0.0,5,5,0.5655085052479191,1.0,1.0,1.0,212.52331320029043,17.789187225555764,190.43511986499396,234.6115065355869,196.7637151992676,232.99982600110525
target_snr_db,10.0,Row complex LS / Wiener [scientific controlled],scientific_controlled,5,5,0.0,14.441164657802167,3.062857560447873,10.63812469336481,18.244204622239522,11.759019181832493,18.526913198384328,-6.69541884857262,0.01856048616420221,-6.718464736031888,-6.672372961113353,-6.712052555915241,-6.670761152992308,18.812999575881413,0.09594198602650825,18.693871865916034,18.932127285846793,18.712962655796943,18.927607000072925,8.495380621568929,0.07387301926896564,8.403655153103967,8.58710609003389,8.412868548930435,8.56625686857812,12.469914434090503,0.16172078573762028,12.269111556678716,12.67071731150229,12.307512629747768,12.642858961314829,11.45729835938673,0.1054766033361867,11.326331858371264,11.588264860402196,11.337157220877778,11.548862934000036,0.0023544660467737393,0.00032454662088503587,0.0019514881918817843,0.0027574439016656944,0.0020798346952193105,0.002783131398516014,0.00030382339553937187,6.915690290154525e-05,0.00021795375897918143,0.0003896930320995623,0.0002158246093157336,0.00037096040054619933,1.0,0.0,5,5,0.5655085052479191,1.0,1.0,1.0,222.01761339965742,12.248772979651925,206.8087529686405,237.22647383067434,210.31784459919436,237.31771020029555
target_snr_db,10.0,Row complex LS / Wiener robust IRLS [scientific controlled],scientific_controlled,5,5,0.0,14.432882533965719,3.068577482407855,10.622740348358114,18.243024719573324,11.750000571232372,18.529161369573156,-6.674252716633963,0.011980297765131884,-6.6891282210567,-6.659377212211226,-6.681584961262422,-6.657698310932398,18.81146951103965,0.09612718548830937,18.692111845570068,18.930827176509233,18.711356291716697,18.926421478388065,8.499637579011752,0.07638176614300159,8.404797089872693,8.594478068150812,8.413247809232491,8.572249131922131,12.482851958213239,0.1630255602400804,12.28042898927597,12.685274927150507,12.32124363433487,12.65627699049406,11.470824181574976,0.10694965560761205,11.338028644586608,11.603619718563344,11.350015445857908,11.564117696206555,0.0023863999248614634,0.0003222717371763412,0.001986246711170697,0.00278655313855223,0.0021076359537898,0.0028075514229360383,0.00030647853133060235,6.845380231173409e-05,0.00022148190945989697,0.0003914751532013077,0.0002177211348808982,0.0003698224852071006,1.0,0.0,5,5,0.5655085052479191,1.0,1.0,1.0,329.4677163994493,41.78559923606141,277.5840421846199,381.35139061427867,286.08293459910783,377.60413399992103
target_snr_db,10.0,SA-MNEC physical [approximate academic reference],scientific_controlled,5,5,0.0,-0.18311768452958327,0.026059822501067562,-0.21547522792876495,-0.1507601411304016,-0.2182324159712284,-0.16166353372345005,0.0052472475582492585,0.0008662594960213491,0.004171644328936557,0.00632285078756196,0.004293991331935151,0.006063927662314223,-0.217023193970196,0.005197479544695511,-0.22347671720225004,-0.21056967073814198,-0.2223458536218258,-0.21062166247229122,24.187241127452374,0.06107979886549952,24.111400540183496,24.263081714721253,24.143621723317906,24.270738235171912,35.52996057136377,0.06950290873575028,35.44366131181608,35.61625983091147,35.455122827858105,35.6157207770876,34.49093346680719,0.09087463205658784,34.378097707832424,34.60376922578196,34.40108135175943,34.607634028375564,0.14407025453179298,0.00042976065565714674,0.14353663619781862,0.14460387286576734,0.14366976613130458,0.14462740678125294,0.004444318009406767,4.371481142846547e-05,0.004390038901867732,0.004498597116945802,0.004397284175390684,0.004490972538309816,1.0,0.0,5,5,0.5655085052479191,1.0,1.0,1.0,7252.141246400424,1110.3978832898285,5873.400171036683,8630.882321764166,6258.310004799932,8498.580284200216
target_snr_db,10.0,Shrinkage-SMI/MVDR global,scientific_controlled,5,5,0.0,-0.7354185813641333,0.08746902841352107,-0.8440257249031509,-0.6268114378251157,-0.834618062674919,-0.6331599371435976,-0.011192846038385596,9.851499315372484e-05,-0.011315168558667963,-0.01107052351810323,-0.011267468843001309,-0.011059716554850125,-0.6134268940584848,0.005682006719280272,-0.6204820372393727,-0.606371750877597,-0.6192143187967976,-0.6067176379238662,24.6391684314962,0.057746111865928734,24.56746716335597,24.710869699636426,24.58421805832643,24.712710204758586,35.99666035209836,0.07280003849817335,35.906267165227256,36.087053538969464,35.901771718294526,36.06564804912275,34.88865529068374,0.08969215800809818,34.77728776716379,35.00002281420368,34.79832137139558,35.00246183560245,0.14903503334272566,0.00042938279852418776,0.14850188418034976,0.14956818250510157,0.14850004696158542,0.14943852728468113,0.004377560309512972,4.4364107167996866e-05,0.0043224749948299725,0.004432645624195971,0.004322561068123199,0.004417766651494462,1.0,0.0,5,5,0.5655085052479191,1.0,1.0,1.0,4310.970053200072,579.7092657155654,3591.1659285353426,5030.774177864801,3656.3703896001243,4874.043670800893
target_snr_db,10.0,Shrinkage-SMI/MVDR local,scientific_controlled,5,5,0.0,-0.1761403453363099,0.03294975932073762,-0.21705287523438122,-0.13522781543823859,-0.2206678671551146,-0.14866627345477906,-0.011714419882274748,0.00012895369862017076,-0.01187453704728676,-0.011554302717262736,-0.011840396768678487,-0.011546874805713916,-0.07330831148893407,0.006018243746589074,-0.08078094808149461,-0.06583567489637354,-0.07966935425667523,-0.06581322431817113,23.906307326755133,0.06769539073659761,23.822252397233097,23.99036225627717,23.847676926425613,23.996306415262072,35.335038300968165,0.07876520171452008,35.23723838568791,35.43283821624842,35.25464429953694,35.43392842980884,34.361328200106925,0.09379565490321881,34.24486551222556,34.47779088798829,34.266972358674046,34.48078680288168,0.13896534234995775,0.00040922358950804726,0.1384572241516495,0.139473460548266,0.13848971541279234,0.13943833943833941,0.004523213472917615,5.0853769070671916e-05,0.004460070178689543,0.004586356767145686,0.00447200728265817,0.004586936731907146,1.0,0.0,5,5,0.5655085052479191,1.0,1.0,1.0,1859.366492400295,223.32807096844067,1582.0680668902667,2136.6649179103233,1694.880828800524,2140.784956000789
texture_sigma,0.4,Corrected JDL physical,scientific_controlled,5,5,0.0,-1.1519193821917582,0.4515148808918636,-1.7125491544488916,-0.5912896099346249,-1.612101580967995,-0.5997450525175915,1.327688972120785,0.1291534185300031,1.1673238220870097,1.4880541221545602,1.176748194731742,1.4765079059257373,-2.3581624801850345,0.018473668480227856,-2.381100569251703,-2.335224391118366,-2.376811223821118,-2.33873958352431,26.1310706961712,0.03790812204153891,26.08400154579267,26.17813984654973,26.08692525277285,26.174294757211047,37.95339470550844,0.06156063181360216,37.87695708527875,38.02983232573813,37.88034206123492,38.023259719603566,36.71005880692072,0.07873890095857619,36.61229154834225,36.80782606549919,36.630578359572695,36.80815364176357,0.15555856109702262,0.00032878100762959926,0.15515032555655547,0.15596679663748977,0.15512538743307974,0.1558290598290598,0.004299423456228189,4.855624000338374e-05,0.004239132921127798,0.00435971399132858,0.004245562130177515,0.004358215748748293,1.0,0.0,5,5,0.5655085052479191,1.0,1.0,1.0,3910.9106668001914,367.8580147993452,3454.154613372774,4367.6667202276085,3624.8112289991695,4321.394771201085
texture_sigma,0.4,Current legacy CSI [production replay],production_replay,5,5,0.0,16.586730935262988,2.6607832615436413,13.282932152378432,19.890529718147544,14.349494161996029,20.149963312609735,-6.9276520555204275,0.04519826867091995,-6.983773118510294,-6.871530992530561,-6.9705859299677755,-6.868403809749935,20.34214175396672,0.09551966458466359,20.223538425331352,20.46074508260209,20.246753178774867,20.459210031485604,7.058152161332538,0.07495143027619257,6.965087668744636,7.15121665392044,6.984272821965028,7.146143133194799,10.963539624193944,0.11598095889294628,10.819530243059306,11.10754900532858,10.811954072854768,11.053932581107945,9.981949496216677,0.10357665513174791,9.853342092485116,10.110556899948238,9.86323382051811,10.064845968924663,0.000836667605898375,0.0001528300565870336,0.0006469040267906605,0.0010264311850060894,0.0007303465765004227,0.001043674274443505,0.0020156273706569564,0.00011767173174398204,0.0018695186177440468,0.002161736123569866,0.0019006979214079805,0.0021650735851919283,1.0,0.0,5,5,0.5655085052479191,1.0,1.0,1.0,301.2982481996005,121.08669707671345,150.94925577792094,451.64724062128005,205.22983459886746,436.1511671999324
texture_sigma,0.4,Current legacy CSI [scientific controlled],scientific_controlled,5,5,0.0,16.58409637896572,2.6826095835555686,13.253196637825733,19.914996120105712,14.338234824262235,20.176762529242364,-6.908567780747168,0.04520686696931794,-6.964699519934602,-6.852436041559734,-6.951792211087994,-6.849428760906861,20.341916200391474,0.09565406472503518,20.22314599194045,20.4606864088425,20.24617633403001,20.45906161526552,7.058808069093203,0.07551205333283177,6.965047471039309,7.152568667147097,6.98481096314572,7.148276232833929,10.965170036681183,0.11641896191776575,10.820616802959524,11.109723270402842,10.813044680717946,11.055256746702982,9.98303161808611,0.10370440907480354,9.854265586882828,10.111797649289393,9.864199405071526,10.065877313212154,0.000835916220531605,0.00015142326111630772,0.0006478994087127284,0.0010239330323504818,0.0007318493472339626,0.0010406687329764252,0.002018282506448187,0.00011685891306615662,0.0018731830012246014,0.002163382011671772,0.001903732362312244,0.002167349415870126,1.0,0.0,5,5,0.5655085052479191,1.0,1.0,1.0,221.1292226005753,15.65517619706625,201.69075393112618,240.56769127002443,204.49668380097137,239.98203620103595
texture_sigma,0.4,DL-SMI/MVDR global,scientific_controlled,5,5,0.0,-0.937301069325048,0.1093152913733695,-1.0730339310766233,-0.8015682075734727,-1.0601887301911022,-0.8100655054609532,-0.011196337125554675,0.0001214572563522144,-0.011347146228087945,-0.011045528023021405,-0.01129080821532247,-0.011034398482039793,-0.801788661402864,0.008237278506756875,-0.8120165935678898,-0.7915607292378382,-0.8115315672509966,-0.7924650968958382,24.862323468794493,0.058913284759853884,24.7891729640922,24.935473973496787,24.804124700278614,24.938003491838185,36.19601155035664,0.07677380082466793,36.1006842858673,36.29133881484597,36.09826174184596,36.27418118905079,35.075953721959394,0.09133205690310692,34.962549995020815,35.18935744889797,34.982233788927616,35.19030423268523,0.15182868413637643,0.0004589451732859069,0.15125882843755747,0.15239853983519538,0.15122118906734291,0.15221827744904667,0.004345319374905174,3.614361781086817e-05,0.004300441145904547,0.004390197603905801,0.004303595812471552,0.004379456835078137,1.0,0.0,5,5,0.5655085052479191,1.0,1.0,1.0,2234.9042348003422,210.67554200496411,1973.3159989905055,2496.4924706101788,2010.4384828002367,2455.3663360002247
texture_sigma,0.4,DL-SMI/MVDR local,scientific_controlled,5,5,0.0,-0.027294219962153577,0.030349556544403144,-0.06497817168481834,0.010389731760511191,-0.06568980195417655,0.0033466147769370697,-0.01226773961392642,9.039026819406168e-05,-0.012379973955731058,-0.012155505272121782,-0.01237581877457938,-0.012166123561030985,0.12312298135322328,0.004792656557825825,0.11717211224961105,0.1290738504568355,0.11733082742508809,0.12804215044777978,23.610493915779436,0.06469699790307032,23.530161982691265,23.690825848867608,23.55634478802367,23.697559245948742,35.08221731193418,0.07992451932246067,34.98297791371766,35.1814567101507,34.99994209420804,35.183802424534036,34.17035848155874,0.09378034887545598,34.05391479862101,34.28680216449648,34.07489133403338,34.28914578452533,0.1351817413355875,0.0004191647060386397,0.13466127961078125,0.13570220306039374,0.1346907109984033,0.1356671362825209,0.004581247155211652,4.590218775482734e-05,0.004524252061237648,0.0046382422491856555,0.004531558185404339,0.004637763617053558,1.0,0.0,5,5,0.5655085052479191,1.0,1.0,1.0,1362.3216837993823,236.95667536465595,1068.1011108647983,1656.5422567339663,1080.9779071994853,1594.211137599632
texture_sigma,0.4,MNEC physical,scientific_controlled,5,5,0.0,-0.27855351598548034,0.035965983469019615,-0.3232111828189892,-0.23389584915197148,-0.3249783128311197,-0.24278075342246153,-0.011592418125614972,3.912923805206731e-05,-0.011641003491781408,-0.011543832759448536,-0.011643548600077385,-0.01155491054147951,-0.2204208042111096,0.004769216557783604,-0.2263425687105515,-0.2144990397116677,-0.22570185069585477,-0.21514345359428105,24.191300082388796,0.06215652240427243,24.114122566265806,24.268477598511787,24.148476044240734,24.27551368551454,35.53486561831592,0.06950819554373429,35.448559794329086,35.62117144230275,35.46105992065017,35.6206533374441,34.494908963798686,0.09066463922263338,34.38233394536572,34.60748398223165,34.405381169808365,34.61138300603556,0.14399699445853292,0.0003949810502805532,0.14350656070842646,0.14448742820863938,0.143609655301963,0.14449591434206818,0.004441662873615536,3.898271277327872e-05,0.004393259442612599,0.004490066304618472,0.004399180700955849,0.004486800182066454,1.0,0.0,5,5,0.5655085052479191,1.0,1.0,1.0,2271.3619381996978,88.61221668036855,2161.3353389465656,2381.38853745283,2189.879786000529,2369.4680623997556
texture_sigma,0.4,Phase-only CSI [production replay],production_replay,5,5,0.0,14.358062645867097,2.966515930738453,10.674646614568301,18.041478677165895,11.73506136960358,18.31178632696239,-6.69686243193931,0.018148599900183224,-6.71939689505319,-6.6743279688254304,-6.710607061975415,-6.673429219911815,18.615977678367607,0.09972910693482903,18.49214763671352,18.739807720021695,18.52177690736042,18.740626704027363,8.704335322730028,0.06442372200887816,8.624342706481253,8.784327938978803,8.622125846978848,8.764024073165375,12.763936234593325,0.21859318307202258,12.492516948919814,13.035355520266837,12.58487375544651,13.020828573358198,11.707769199209519,0.11634003993564737,11.563313960071723,11.852224438347315,11.575271317772884,11.818935901371043,0.0028312200619892923,0.0004625511626456169,0.0022568869360044797,0.003405553187974105,0.0023897811590119283,0.003418427726120034,0.00023441055985434686,9.6858440451827e-05,0.00011414492142305455,0.00035467619828563916,0.00010961917766651495,0.0003246851767561827,1.0,0.0,5,5,0.5655085052479191,1.0,1.0,1.0,213.8272850002977,16.596034629054817,193.220586288441,234.4339837121544,193.89682740074932,231.26326040073764
texture_sigma,0.4,Phase-only CSI [scientific controlled],scientific_controlled,5,5,0.0,14.363194024368067,2.9784332243562788,10.664980718627982,18.061407330108153,11.735458928005553,18.335903547020447,-6.67793228730045,0.01784990203021489,-6.70009586802285,-6.65576870657805,-6.691426678774065,-6.6548931351304965,18.615697378473904,0.09981231929864516,18.49176401502346,18.739630741924348,18.521263291254648,18.740396975287364,8.70473533818856,0.06482422718392901,8.624245429082828,8.78522524729429,8.621559611200597,8.764451610534794,12.766294433539398,0.2178617527504491,12.495783338563381,13.036805528515416,12.587587256533256,13.02401747114616,11.708809222068387,0.11639875048730185,11.564281084152286,11.853337359984488,11.576155208238083,11.819835175655603,0.0028346012961397576,0.0004612880464965101,0.0022618365360028416,0.0034073660562766736,0.002395416549262703,0.003419179111486804,0.00023441055985434683,9.614093993620086e-05,0.00011503581598200085,0.0003537853037266928,0.00011113639811864664,0.00032544378698224854,1.0,0.0,5,5,0.5655085052479191,1.0,1.0,1.0,219.58922900048492,17.825466183022805,197.45598938980925,241.7224686111606,203.14087900078448,240.26280260077328
texture_sigma,0.4,Row complex LS / Wiener [scientific controlled],scientific_controlled,5,5,0.0,14.441164657802167,3.062857560447873,10.63812469336481,18.244204622239522,11.759019181832493,18.526913198384328,-6.69541884857262,0.01856048616420221,-6.718464736031888,-6.672372961113353,-6.712052555915241,-6.670761152992308,18.812999575881413,0.09594198602650825,18.693871865916034,18.932127285846793,18.712962655796943,18.927607000072925,8.495380621568929,0.07387301926896564,8.403655153103967,8.58710609003389,8.412868548930435,8.56625686857812,12.469914434090503,0.16172078573762028,12.269111556678716,12.67071731150229,12.307512629747768,12.642858961314829,11.45729835938673,0.1054766033361867,11.326331858371264,11.588264860402196,11.337157220877778,11.548862934000036,0.0023544660467737393,0.00032454662088503587,0.0019514881918817843,0.0027574439016656944,0.0020798346952193105,0.002783131398516014,0.00030382339553937187,6.915690290154525e-05,0.00021795375897918143,0.0003896930320995623,0.0002158246093157336,0.00037096040054619933,1.0,0.0,5,5,0.5655085052479191,1.0,1.0,1.0,212.1648536005523,12.992263224489347,196.03282809950431,228.2968791016003,200.43242540086794,229.19325000075332
texture_sigma,0.4,Row complex LS / Wiener robust IRLS [scientific controlled],scientific_controlled,5,5,0.0,14.432882533965719,3.068577482407855,10.622740348358114,18.243024719573324,11.750000571232372,18.529161369573156,-6.674252716633963,0.011980297765131884,-6.6891282210567,-6.659377212211226,-6.681584961262422,-6.657698310932398,18.81146951103965,0.09612718548830937,18.692111845570068,18.930827176509233,18.711356291716697,18.926421478388065,8.499637579011752,0.07638176614300159,8.404797089872693,8.594478068150812,8.413247809232491,8.572249131922131,12.482851958213239,0.1630255602400804,12.28042898927597,12.685274927150507,12.32124363433487,12.65627699049406,11.470824181574976,0.10694965560761205,11.338028644586608,11.603619718563344,11.350015445857908,11.564117696206555,0.0023863999248614634,0.0003222717371763412,0.001986246711170697,0.00278655313855223,0.0021076359537898,0.0028075514229360383,0.00030647853133060235,6.845380231173409e-05,0.00022148190945989697,0.0003914751532013077,0.0002177211348808982,0.0003698224852071006,1.0,0.0,5,5,0.5655085052479191,1.0,1.0,1.0,303.25432199970237,14.997458679070602,284.63251749333705,321.8761265060677,283.01151679879695,314.6183294007642
texture_sigma,0.4,SA-MNEC physical [approximate academic reference],scientific_controlled,5,5,0.0,-0.18311768452958327,0.026059822501067562,-0.21547522792876495,-0.1507601411304016,-0.2182324159712284,-0.16166353372345005,0.0052472475582492585,0.0008662594960213491,0.004171644328936557,0.00632285078756196,0.004293991331935151,0.006063927662314223,-0.217023193970196,0.005197479544695511,-0.22347671720225004,-0.21056967073814198,-0.2223458536218258,-0.21062166247229122,24.187241127452374,0.06107979886549952,24.111400540183496,24.263081714721253,24.143621723317906,24.270738235171912,35.52996057136377,0.06950290873575028,35.44366131181608,35.61625983091147,35.455122827858105,35.6157207770876,34.49093346680719,0.09087463205658784,34.378097707832424,34.60376922578196,34.40108135175943,34.607634028375564,0.14407025453179298,0.00042976065565714674,0.14353663619781862,0.14460387286576734,0.14366976613130458,0.14462740678125294,0.004444318009406767,4.371481142846547e-05,0.004390038901867732,0.004498597116945802,0.004397284175390684,0.004490972538309816,1.0,0.0,5,5,0.5655085052479191,1.0,1.0,1.0,6758.416150600169,256.66967563619414,6439.718654931816,7077.113646268523,6543.6335007994785,7044.040634200792
texture_sigma,0.4,Shrinkage-SMI/MVDR global,scientific_controlled,5,5,0.0,-0.7354185813641333,0.08746902841352107,-0.8440257249031509,-0.6268114378251157,-0.834618062674919,-0.6331599371435976,-0.011192846038385596,9.851499315372484e-05,-0.011315168558667963,-0.01107052351810323,-0.011267468843001309,-0.011059716554850125,-0.6134268940584848,0.005682006719280272,-0.6204820372393727,-0.606371750877597,-0.6192143187967976,-0.6067176379238662,24.6391684314962,0.057746111865928734,24.56746716335597,24.710869699636426,24.58421805832643,24.712710204758586,35.99666035209836,0.07280003849817335,35.906267165227256,36.087053538969464,35.901771718294526,36.06564804912275,34.88865529068374,0.08969215800809818,34.77728776716379,35.00002281420368,34.79832137139558,35.00246183560245,0.14903503334272566,0.00042938279852418776,0.14850188418034976,0.14956818250510157,0.14850004696158542,0.14943852728468113,0.004377560309512972,4.4364107167996866e-05,0.0043224749948299725,0.004432645624195971,0.004322561068123199,0.004417766651494462,1.0,0.0,5,5,0.5655085052479191,1.0,1.0,1.0,3632.990536599391,255.05861462797023,3316.2934373838607,3949.687635814921,3328.27678179965,3877.7112297986605
texture_sigma,0.4,Shrinkage-SMI/MVDR local,scientific_controlled,5,5,0.0,-0.1761403453363099,0.03294975932073762,-0.21705287523438122,-0.13522781543823859,-0.2206678671551146,-0.14866627345477906,-0.011714419882274748,0.00012895369862017076,-0.01187453704728676,-0.011554302717262736,-0.011840396768678487,-0.011546874805713916,-0.07330831148893407,0.006018243746589074,-0.08078094808149461,-0.06583567489637354,-0.07966935425667523,-0.06581322431817113,23.906307326755133,0.06769539073659761,23.822252397233097,23.99036225627717,23.847676926425613,23.996306415262072,35.335038300968165,0.07876520171452008,35.23723838568791,35.43283821624842,35.25464429953694,35.43392842980884,34.361328200106925,0.09379565490321881,34.24486551222556,34.47779088798829,34.266972358674046,34.48078680288168,0.13896534234995775,0.00040922358950804726,0.1384572241516495,0.139473460548266,0.13848971541279234,0.13943833943833941,0.004523213472917615,5.0853769070671916e-05,0.004460070178689543,0.004586356767145686,0.00447200728265817,0.004586936731907146,1.0,0.0,5,5,0.5655085052479191,1.0,1.0,1.0,1852.1472711996466,266.1538269989397,1521.6736462306476,2182.6208961686457,1573.5841979989345,2131.675844798883
texture_sigma,1.1,Corrected JDL physical,scientific_controlled,5,5,0.0,-1.2226148428595913,0.9611636100204101,-2.4160570938064456,-0.0291725919127368,-2.2455015546934605,-0.03933103479184455,1.1981794910142718,0.5134913842764487,0.5605957257698844,1.8357632562586592,0.7171385395529175,1.857917768293638,-2.361536504197242,0.0729064845102285,-2.452061861249265,-2.271011147145219,-2.43959165781686,-2.2818722561208924,26.27175497386579,0.054064360965385146,26.204625203269124,26.338884744462455,26.20347475935131,26.321895572384378,37.925063632243145,0.021936124262779497,37.897826336485906,37.95230092800038,37.89795454789323,37.947358795082195,38.85974061811404,0.20551387513566535,38.60456143822654,39.11491979800154,38.62183483061204,39.07126095778211,0.15631520616136002,0.0005436936457016823,0.15564012133543956,0.15699029098728048,0.1556325725556495,0.15685958485958487,0.004099150356546807,0.00014473733428560414,0.003919435219368246,0.004278865493725368,0.003997496586253983,0.004293733879532696,1.0,0.0,5,5,0.5655085052479191,1.0,1.0,1.0,3663.931968999168,122.65596273563942,3511.634475905181,3816.2294620931552,3546.2719891991583,3805.638332599119
texture_sigma,1.1,Current legacy CSI [production replay],production_replay,5,5,0.0,15.736198954436611,4.920043180506492,9.627158467588902,21.84523944128432,11.065120859252222,21.691907973962167,-6.934173761734025,0.09242091404208341,-7.048929483381255,-6.819418040086794,-7.055474774352443,-6.854812928957007,20.662572297599436,0.17851385669653783,20.440918068558663,20.88422652664021,20.477606281982762,20.882041844674596,8.692095437816715,0.0704853252265385,8.604576347081169,8.77961452855226,8.602694691035044,8.755169145023482,13.744478859781632,0.18898282248489198,13.509825692823021,13.979132026740242,13.549761575468914,13.96500819932814,13.052633208375749,0.282934450528885,12.701323687302189,13.403942729449309,12.740153162624019,13.386466945921521,0.006323283554052784,0.0005629068806640076,0.005624342345990548,0.007022224762115021,0.005691744153282615,0.006949563257255565,0.004947655894401456,0.00017984723035567091,0.004724346063291983,0.00517096572551093,0.004754210286754666,0.005145653163404643,1.0,0.0,5,5,0.5655085052479191,1.0,1.0,1.0,203.29168619937263,5.070294405760814,196.99608417544047,209.5872882233048,197.49189939975622,209.2855717997736
texture_sigma,1.1,Current legacy CSI [scientific controlled],scientific_controlled,5,5,0.0,15.738155133190393,4.937210562930765,9.607798525643048,21.868511740737738,11.070410095659726,21.734797927695993,-6.914438957992519,0.0902863956680318,-7.026544325021183,-6.802333590963855,-7.03331546328995,-6.837086608029028,20.6628221650296,0.1786186580947824,20.441037807865666,20.884606522193533,20.478179684957638,20.882570503801293,8.69249253363417,0.07045673353424771,8.605008944173589,8.77997612309475,8.603470391715124,8.755955023268857,13.74398278643277,0.19078500651712313,13.5070919124432,13.980873660422342,13.544475234382498,13.966338238497467,13.052421134104577,0.2835196199634935,12.700385029211214,13.40445723899794,12.739205462529652,13.38670913999076,0.0063191509345355504,0.0005742678036518063,0.005606103277412988,0.007032198591658113,0.00567108105569644,0.0069529444914060295,0.0049450007586102265,0.00017901131913293703,0.004722728848371717,0.005167272668848736,0.004753830981641632,0.005139584281596116,1.0,0.0,5,5,0.5655085052479191,1.0,1.0,1.0,204.3793368004117,5.418175776457142,197.65178300283978,211.1068905979836,197.67544920105138,208.649993400104
texture_sigma,1.1,DL-SMI/MVDR global,scientific_controlled,5,5,0.0,-0.9139480506743498,0.31695561046622894,-1.3075004212192753,-0.5203956801294243,-1.2407995134912264,-0.5171053065966981,-0.011030408100764891,0.00022852072367694206,-0.011314154056198247,-0.010746662145331536,-0.011284976080853819,-0.01076355880159016,-0.7949583000676224,0.042262220874703264,-0.8474337782119187,-0.742482821923326,-0.8454388250748085,-0.748718933772883,25.082828006640298,0.05334802531181027,25.016587684235308,25.14906832904529,25.014073887620036,25.128010014945684,36.19765123583236,0.03785849033429522,36.15064371135789,36.244658760306834,36.14910440230692,36.22867148867889,37.238445334838204,0.24369714215270183,36.93585536696181,37.5410353027146,36.967733586341694,37.49798594743253,0.15610068563914717,0.0006425462529323991,0.15530285908969965,0.15689851218859469,0.15541241664318586,0.1567686672302057,0.004170459717796995,0.0001945349022697643,0.003928912733254349,0.004412006702339641,0.004038082233348506,0.00443559399180701,1.0,0.0,5,5,0.5655085052479191,1.0,1.0,1.0,2170.3803754000546,322.57353848865637,1769.8524258851753,2570.908324914934,1803.8409618002333,2422.3634879999736
texture_sigma,1.1,DL-SMI/MVDR local,scientific_controlled,5,5,0.0,0.004067047785091838,0.0638527091352387,-0.07521656233597367,0.08335065790615735,-0.059123417790476654,0.08154717193735567,-0.012230655615625382,0.0002137310840969295,-0.012496037808045812,-0.011965273423204952,-0.012510920349248117,-0.012027850356484182,0.09723551681399001,0.013380150251301659,0.08062186595637849,0.11384916767160153,0.08756457676995695,0.11548510559364768,23.866649974153514,0.054324175434696004,23.799197601284092,23.934102347022936,23.79567474159069,23.918013953670016,35.1130967628442,0.06939237058894242,35.026934754533826,35.199258771154575,35.03777933386447,35.19631227032948,36.35765341695712,0.2905857632459146,35.99684353634382,36.71846329757042,36.03146719688797,36.64848711670493,0.13993387808772426,0.0005567915766761801,0.1392425300324618,0.14062522614298673,0.13925237156006387,0.14051883159575465,0.004281975421028675,0.00015580046976323612,0.0040885235868202766,0.004475427255237073,0.0041617357001972385,0.004494386284327113,1.0,0.0,5,5,0.5655085052479191,1.0,1.0,1.0,1039.7630452000158,68.9335115846152,954.170785595569,1125.3553048044625,970.0775364002766,1114.655115399728
texture_sigma,1.1,MNEC physical,scientific_controlled,5,5,0.0,-0.2580006681103745,0.1006513423566076,-0.38297581628555505,-0.1330255199351939,-0.35398016941665966,-0.12853962146048092,-0.011479668981542119,0.00021055178604682757,-0.011741103554034174,-0.011218234409050063,-0.011706593599235952,-0.011259384847715865,-0.21976136822126832,0.020431447792991997,-0.2451303613770264,-0.19439237506551024,-0.24674760632765647,-0.20154202112641803,24.42918010786351,0.05932444579364384,24.355519079308092,24.502841136418926,24.35327531200012,24.489148981396127,35.55536475148743,0.0670177813291268,35.4721511851715,35.638578317803365,35.480781235378956,35.63588165540357,36.66281652352491,0.26997184709423916,36.327602200459154,36.998030846590666,36.36329924284733,36.93743618764587,0.14831896308819387,0.0005716713862634353,0.14760913930906674,0.149028786867321,0.14760026298487836,0.1488911430449892,0.004215597026247914,0.00017361963893632547,0.004000019771199371,0.004431174281296457,0.004115460476407222,0.004455317857684721,1.0,0.0,5,5,0.5655085052479191,1.0,1.0,1.0,2095.9886178003217,109.3891235334039,1960.164081313722,2231.8131542869214,1984.917059000145,2207.739612199657
texture_sigma,1.1,Phase-only CSI [production replay],production_replay,5,5,0.0,13.222586612895526,5.726448113029355,6.112262153359445,20.332911072431607,7.47197318403654,20.26713319049108,-6.733807706424839,0.03508475662148113,-6.777371185607508,-6.690244227242171,-6.775250210587229,-6.697472554537639,18.81000789570549,0.1865068209718963,18.578429090685066,19.04158670072591,18.640846720332586,19.05533057135862,10.528335127547527,0.07181637995556142,10.439163314075312,10.617506941019741,10.455766172085594,10.61116118490658,15.682332816356118,0.15250489581976082,15.492972977666755,15.87169265504548,15.50288938882988,15.841612872381958,14.909329723377956,0.3334068067288474,14.495350494706337,15.323308952049576,14.574302012950504,15.327527327380324,0.012544754390908238,0.0005355966655750388,0.011879723293705203,0.013209785488111274,0.011980088287780596,0.013117310040386963,0.002729858898497952,0.0003086871375374589,0.0023465731931088113,0.003113144603887093,0.0023691397360036414,0.0030795782127143075,1.0,0.0,5,5,0.5655085052479191,1.0,1.0,1.0,194.75724940020882,4.763785594907273,188.84222833184606,200.67227046857158,189.12082300012116,200.13264040026115
texture_sigma,1.1,Phase-only CSI [scientific controlled],scientific_controlled,5,5,0.0,13.233104254489135,5.737448327816886,6.109121224278857,20.35708728469941,7.485647009528787,20.304802796096244,-6.714185112937488,0.034688905281388016,-6.757257077762523,-6.671113148112454,-6.753721402896631,-6.676228522210864,18.810028519392873,0.1866337374413688,18.57829212676153,19.041764912024217,18.641072038396082,19.05559648035315,10.52876848187427,0.07123436746223392,10.440319332361526,10.617217631387014,10.456945830489829,10.61064974891195,15.68275910290601,0.15244839205801375,15.49346942290337,15.87204878290865,15.503475847671785,15.841673750009337,14.909372525227251,0.33373686029606126,14.494983480923743,15.32376156953076,14.573912389338583,15.328027408430303,0.012548511317742086,0.0005439642154456826,0.01187309053511149,0.013223932100372683,0.011978585517047056,0.013122945430637738,0.0027306175087240176,0.0003019480741009002,0.0023556994557856694,0.003105535561662366,0.0023771051433773326,0.003071612805340616,1.0,0.0,5,5,0.5655085052479191,1.0,1.0,1.0,194.67517060038517,3.7505468140204106,190.0182516478345,199.33208955293586,190.7996196005115,198.7324294001155
texture_sigma,1.1,Row complex LS / Wiener [scientific controlled],scientific_controlled,5,5,0.0,13.220456715481467,5.784153025578927,6.038482143513028,20.402431287449904,7.584908716940026,20.49250128518056,-6.710508931064657,0.059404891371497834,-6.78426984599791,-6.6367480161314045,-6.774856953639864,-6.647482405652552,19.02763958315898,0.1762308984042258,18.808820021239175,19.246459145078784,18.877875738845855,19.259775987751944,10.298718178249,0.06864088191515545,10.213489266369928,10.383947090128073,10.231521225148176,10.376398790593555,15.382311894139926,0.17293421620492716,15.167585703820512,15.59703808445934,15.169495341610666,15.56887281781258,14.669524864338479,0.35142420757662246,14.233174077692954,15.105875650984004,14.294295540319638,15.098682920166182,0.011420306189536957,0.0006275833544638962,0.010641058532426566,0.012199553846647348,0.010668545130083591,0.012105945336714568,0.002869443180094068,0.00032946912425075247,0.002460353229991861,0.003278533130196275,0.002508344712486724,0.003261265361857078,1.0,0.0,5,5,0.5655085052479191,1.0,1.0,1.0,197.35518079978647,6.893797478407191,188.79540065993356,205.91496093963937,189.2707180006255,204.5444913987012
texture_sigma,1.1,Row complex LS / Wiener robust IRLS [scientific controlled],scientific_controlled,5,5,0.0,13.21652541926199,5.781869725356304,6.037385938977076,20.3956648995469,7.584698846981846,20.486334902331485,-6.698391318801808,0.05474101128037964,-6.766361261733976,-6.63042137586964,-6.757220147812956,-6.639402882838395,19.02397248568472,0.17675802034793134,18.80449841542475,19.24344655594469,18.875051726548037,19.25747593632101,10.297000661156,0.06984700521645987,10.210274149396302,10.383727172915698,10.227107094658908,10.375080477269863,15.390953817589704,0.16524215369247888,15.185778584363936,15.596129050815472,15.189301903256627,15.571397252986248,14.682957183533299,0.35610594439856497,14.240793252826897,15.1251211142397,14.306858811612535,15.12059286054987,0.011440969287123135,0.0006028661954146648,0.010692412036542075,0.012189526537704195,0.010723771954541184,0.012109326570865032,0.0028789258079198908,0.0003263925456601567,0.002473655934691274,0.0032841956811485076,0.0025170687300864816,0.0032665756334395385,1.0,0.0,5,5,0.5655085052479191,1.0,1.0,1.0,344.1782295994926,54.24086610187453,276.82929892935056,411.5271602696347,283.27899319956487,390.7560851996095
texture_sigma,1.1,SA-MNEC physical [approximate academic reference],scientific_controlled,5,5,0.0,-0.16837098475969894,0.05779904599297832,-0.2401379792997607,-0.0966039902196372,-0.22878205738111496,-0.09746475429114947,-0.005469476745622428,0.0015155712590054367,-0.007351307014643327,-0.00358764647660153,-0.007207435936454115,-0.0038219740122725837,-0.2030487592240558,0.021005122340278376,-0.2291300634118658,-0.1769674550362458,-0.2314623213615525,-0.1871694777269636,24.415129983237648,0.0609547543703673,24.33944465921655,24.490815307258746,24.335963439119872,24.474662327592455,35.5395057668771,0.06549496631046306,35.458183025145765,35.62082850860843,35.46593449872801,35.61450980987609,36.64574631451496,0.27008206092910536,36.310395142898344,36.981097486131574,36.34787024261611,36.91991221362259,0.14819197896120975,0.0005719666627230515,0.14748178854793323,0.14890216937448628,0.14748830656522965,0.14877167277167277,0.004209528144439386,0.0001755213662386066,0.003991589583065198,0.004427466705813575,0.004099529661659839,0.004451524806554392,1.0,0.0,5,5,0.5655085052479191,1.0,1.0,1.0,6570.096540000668,211.3065641108081,6307.7247867599335,6832.4682932414025,6353.509371200198,6836.849335599982
texture_sigma,1.1,Shrinkage-SMI/MVDR global,scientific_controlled,5,5,0.0,-0.49957044765176273,0.17375337524754464,-0.7153137582631994,-0.283827137040326,-0.6628565040721381,-0.27685404368554783,-0.010997807205247567,0.00022995698528431474,-0.011283336515010801,-0.010712277895484333,-0.011234200014309727,-0.01073611140225459,-0.3906621822990596,0.04206915737361438,-0.4428979404446865,-0.33842642415343266,-0.44375964442367016,-0.34934476866447917,24.611081677408116,0.06959454664533872,24.524668634367217,24.697494720449015,24.51788844063617,24.66424708553749,35.758402367573574,0.057056206581193925,35.687557729987574,35.82924700515957,35.69406895172799,35.81869666829869,36.835468643588584,0.24367769518367757,36.5329028223135,37.138034464863665,36.56496879592794,37.08214429732462,0.14991190006574623,0.0006837046888083549,0.1490629685682491,0.15076083156324335,0.14906358598666292,0.15057387057387056,0.004200045516613564,0.0001735585141961814,0.003984544157954257,0.004415546875272871,0.004093460779851312,0.004438628432711273,1.0,0.0,5,5,0.5655085052479191,1.0,1.0,1.0,3654.1479132003587,73.31488429285294,3563.1154608413763,3745.180365559341,3554.1724230006366,3710.780255998907
texture_sigma,1.1,Shrinkage-SMI/MVDR local,scientific_controlled,5,5,0.0,-0.1716584569094147,0.07208229900681988,-0.26116045249401304,-0.08215646132481637,-0.22590600595938035,-0.07313149991828427,-0.010954305679067747,0.0006854279044635424,-0.011805376831405054,-0.010103234526730441,-0.011632963325407765,-0.010078520318595541,-0.11144066641345292,0.01740468733260757,-0.133051440074362,-0.08982989275254383,-0.12995693545708686,-0.0918385517081371,24.22649434851046,0.05046072541038293,24.163839082445094,24.289149614575827,24.160344544880232,24.27438692388226,35.411083239709605,0.05218454926404794,35.34628756362589,35.47587891579332,35.35427352821856,35.4729103119165,36.56075123353219,0.27088893598945424,36.22439819420209,36.897104272862286,36.25229308720359,36.832903547296276,0.14454663285432515,0.0005692993225396085,0.14383975438132535,0.14525351132732495,0.14384333615102846,0.14512670235747158,0.0042592171142467,0.00016174705938158364,0.0040583816137971015,0.004460052614696298,0.0041435290547716585,0.004479972690031862,1.0,0.0,5,5,0.5655085052479191,1.0,1.0,1.0,1510.0401808002061,161.06173808859836,1310.0556191273106,1710.0247424731017,1321.5157214006467,1648.6027004004427
valid_sample_fraction,0.4,Corrected JDL physical,scientific_controlled,5,5,0.0,-0.6898710707925867,0.2530798199921594,-1.00411117194899,-0.3756309696361834,-0.9393105783664498,-0.39029307361317206,-0.469240296652349,0.25561442810829627,-0.786627529456117,-0.151853063848581,-0.785990860111864,-0.19964963921734585,-1.0095712075461305,0.18455241631659464,-1.2387232986681411,-0.7804191164241199,-1.1976097341542133,-0.7896055413414366,24.99877258064625,0.19451534847505442,24.757249875346524,25.240295285945976,24.738285682591496,25.162337094103716,36.69600880623509,0.1961283894452801,36.45248324603501,36.939534366435176,36.44143417606859,36.860335609417355,35.34594581881329,0.22945949965296858,35.061034219048125,35.63085741857846,35.037578545734554,35.51954296080202,0.14210162487085562,0.00199269263909861,0.13962737016139926,0.14457587958031198,0.139454494223725,0.14375880529726684,0.004322181763010166,0.00013801051851552778,0.004150819070795865,0.004493544455224467,0.004201562737065696,0.004502351691700804,1.0,0.0,5,5,0.5655085052479191,1.0,1.0,1.0,3460.9291496002697,122.7389984081892,3308.528554101111,3613.3297450994287,3304.061939000894,3551.4110590011114
valid_sample_fraction,0.4,Current legacy CSI [production replay],production_replay,5,5,0.0,11.02046693792474,2.217264277512806,8.26736971003162,13.77356416581786,8.000245895872279,12.722589043687266,-10.098183644372812,0.2442520322738413,-10.401462599335586,-9.794904689410037,-10.429211672371995,-9.936676111229879,17.72716251815343,0.4563975916571348,17.160470059725412,18.29385497658145,17.130815717525962,18.13645796345789,9.488539776886409,0.5036101510783709,8.86322518316194,10.113854370610877,9.011227595905009,10.142541636839686,14.626517584922436,0.7029776832813429,13.75365550405061,15.499379665794262,14.014764248286886,15.550397521771721,13.578299779132431,0.6624921540393004,12.755707122368715,14.400892435896147,13.01212357281547,14.450200914435083,0.00885507654738424,0.0025184597631165975,0.005727995728595095,0.011982157366173385,0.0068394853010237625,0.012205879590494973,0.0049154149597936585,0.0007119216963054808,0.004031447419950287,0.00579938249963703,0.0041788044302837205,0.005803368229403732,1.0,0.0,5,5,0.5655085052479191,1.0,1.0,1.0,253.63523199957854,38.4370345723573,205.90934997333113,301.36111402582594,205.19126020008116,283.9867921989935
valid_sample_fraction,0.4,Current legacy CSI [scientific controlled],scientific_controlled,5,5,0.0,11.028131731122041,2.216130226097964,8.276442614042844,13.779820848201238,8.008676492447082,12.728320058501678,-10.079135488526562,0.24344356874816087,-10.381410603435636,-9.776860373617488,-10.409028485799817,-9.917794647822454,17.72709275780784,0.4563868766683024,17.160413603795696,18.29377191181998,17.13076548127446,18.136370197706825,9.488436085295294,0.5034553179820291,8.863313742252284,10.113558428338305,9.011645237923782,10.142165871980712,14.627926513969308,0.7047777488092457,13.752829356537077,15.50302367140154,14.014297557507147,15.554158875204568,13.578565702328623,0.6626233322421734,12.75581016631305,14.401321238344195,13.012220093531443,14.450579498984713,0.008851319620550389,0.0025127279781520327,0.005731355752797196,0.01197128348830358,0.006836479759556683,0.012191978961209729,0.004914277044454559,0.0007118358028063889,0.004030416155476689,0.005798137933432429,0.004176907904718556,0.005801471703838567,1.0,0.0,5,5,0.5655085052479191,1.0,1.0,1.0,224.6312653998757,23.51857901181524,195.42909255197085,253.83343824778055,193.37628520042927,245.48990139919624
valid_sample_fraction,0.4,DL-SMI/MVDR global,scientific_controlled,5,5,0.0,-0.3197544250186759,0.06467702716727454,-0.4000615611631913,-0.2394472888741605,-0.4037618230639784,-0.25848361195011016,-1.4357696361195929,0.33257745915922005,-1.8487190937720073,-1.0228201784671784,-1.819526403003044,-1.0889379999112678,0.602275092078979,0.2406708991798025,0.3034427011518529,0.9011074830061051,0.36937984913489563,0.9091058304677483,23.56628306996121,0.242058808964741,23.26572736142137,23.866838778501048,23.260246698393946,23.816121000244433,34.8170346639516,0.28874400500535785,34.458511628238995,35.17555769966421,34.460870446495804,35.121026717046625,33.64573805231432,0.3292504822689609,33.2369195820894,34.054556522539244,33.240728204415475,34.00212751984028,0.13714323283554053,0.0024004996383154694,0.1341626188569407,0.14012384681414036,0.1342331173100404,0.13970733539964308,0.004274389318768017,8.204966676231435e-05,0.004172511201484554,0.00437626743605148,0.004199666211500531,0.004373008648156577,1.0,0.0,5,5,0.5655085052479191,1.0,1.0,1.0,1933.4792001998721,368.9677841606138,1475.3451861102567,2391.6132142894876,1506.0888505995536,2235.0923254001827
valid_sample_fraction,0.4,DL-SMI/MVDR local,scientific_controlled,5,5,0.0,0.20584516066163167,0.08630125536166824,0.09868799887917348,0.3130023224440899,0.1537751372759942,0.32445544813723665,-1.108782509918662,0.28498598375122763,-1.4626393459355254,-0.7549256739017984,-1.4728760242529935,-0.8204305061665212,0.7033351258611499,0.15029238291889863,0.5167224847863507,0.889947766935949,0.5649095337140164,0.8959644622446159,23.37947689510467,0.16253032352174365,23.17766884377115,23.58128494643819,23.175445938893844,23.54910860001998,34.67605291253371,0.20543472196695453,34.42097201428614,34.93113381078128,34.42588286261911,34.90058518999987,33.54945343660059,0.23640996371049935,33.25591169584437,33.842995177356805,33.261584132736765,33.808197613173,0.13514830468676622,0.0014445453293940153,0.13335466475748287,0.13694194461604958,0.13339231708462476,0.13673222503991736,0.004410180549233804,6.945790240050374e-05,0.004323937172432279,0.0044964239260353285,0.004335457441966318,0.004486041571840388,1.0,0.0,5,5,0.5655085052479191,1.0,1.0,1.0,1023.9287123997201,140.8592593573196,849.0288412419507,1198.8285835574895,863.2845233991247,1164.0367279997008
valid_sample_fraction,0.4,MNEC physical,scientific_controlled,5,5,0.0,0.3467064815788446,0.16304973784979385,0.14425349217403305,0.5491594709836561,0.1765890378664098,0.547274041229362,-2.961642689663578,0.32995949215259346,-3.3713415119353765,-2.55194386739178,-3.4154333678124518,-2.733097878914036,2.1876757224045575,0.26511376778428564,1.8584935015183954,2.5168579432907197,2.0135936004510837,2.5531046905028227,21.94559519597409,0.28790176756009916,21.588117936175202,22.303072455772977,21.553357851083916,22.17012789126655,33.04070313451769,0.358053426672054,32.59612108518516,33.48528518385022,32.56560092681485,33.35791088334281,32.02624173477128,0.3428641951445352,31.600519607386865,32.4519638621557,31.56356293692732,32.316936078785254,0.12111317742086972,0.0037802849060713226,0.11641933375004412,0.1258070210916953,0.11667925237156006,0.1251537522306753,0.0043513882567137,4.813963211336154e-05,0.004291615008631718,0.004411161504795682,0.004304354422697618,0.0044135942952510995,1.0,0.0,5,5,0.5655085052479191,1.0,1.0,1.0,2352.8012187995046,488.1477746929798,1746.6857011594673,2958.9167364395416,1908.0945447996783,2897.711772799448
valid_sample_fraction,0.4,Phase-only CSI [production replay],production_replay,5,5,0.0,3.3708908729952802,0.5198150031632721,2.7254552978407567,4.016326448149804,2.7212943614457155,3.857526453107529,-6.084898251394202,0.14509717282181908,-6.265060187128348,-5.904736315660057,-6.199958012720491,-5.890488078874791,8.949001089025726,0.44653566689629276,8.39455382752625,9.503448350525202,8.363632925000438,9.34717989653609,16.686818789767873,0.5073315613970968,16.056883454828096,17.31675412470765,16.127072446547572,17.262050905935173,25.042827543836218,0.5339231719371381,24.37987436343459,25.705780724237847,24.602648650539088,25.76138877269707,24.19255438604579,0.4917575921349907,23.581956688047914,24.803152084043663,23.777910426560368,24.849036936765902,0.06774077204846436,0.006321323776738951,0.05989181189389192,0.0755897322030368,0.061053442284211515,0.07539363200901662,0.005899332423001062,0.0006241825509180877,0.005124307421218469,0.006674357424783656,0.0051031709907449554,0.006528978910635715,1.0,0.0,5,5,0.5655085052479191,1.0,1.0,1.0,226.38128500038874,26.528344387977267,193.44199484186032,259.32057515891717,195.4747016006877,255.30155320011545
valid_sample_fraction,0.4,Phase-only CSI [scientific controlled],scientific_controlled,5,5,0.0,3.3813787001468176,0.5205094885569391,2.7350808074816984,4.027676592811937,2.730735747064818,3.868951511441052,-6.0734730971459125,0.14481724687921632,-6.253287458914965,-5.89365873537686,-6.188141643430105,-5.879410245252815,8.948988254079525,0.4465382442187396,8.394537792411555,9.503438715747496,8.363619766580685,9.347169447873078,16.687021290751463,0.5074634540094708,16.056922189503272,17.317120391999655,16.127671229988113,17.262748873432844,25.043200608098033,0.5335739541814429,24.380681038811183,25.705720177384883,24.603481136357196,25.76124397782814,24.192526179926517,0.4917445765286529,23.58194464293845,24.803107716914585,23.77789618801324,24.848995469237867,0.06774528036066498,0.006323324921184153,0.059893835457079714,0.07559672526425024,0.061056447825678595,0.07540377571146802,0.0058985738127749964,0.0006239502817112384,0.005123837211304439,0.006673310414245554,0.0051031709907449554,0.006528978910635715,1.0,0.0,5,5,0.5655085052479191,1.0,1.0,1.0,216.25800880028692,25.049524358115857,185.1549162326615,247.36110136791234,188.10629060062638,239.1323182000633
valid_sample_fraction,0.4,Row complex LS / Wiener [scientific controlled],scientific_controlled,5,5,0.0,8.719207551812772,2.3396343997472697,5.814167748685205,11.62424735494034,5.698351420555497,11.037697259841398,-6.655422006460169,0.0725255424113177,-6.745474361422574,-6.565369651497764,-6.7446081160223,-6.597095636734023,13.68416079538037,0.6185186969230196,12.916168397194541,14.452153193566199,12.945633598898556,14.27912769106657,13.87509707148258,0.7270256896400872,12.972375446886502,14.777818696078658,13.090083862987,14.736247505838623,19.303722432587683,0.8295890477546622,18.273651578685758,20.33379328648961,18.398635160523504,20.283413899242053,18.074614581400674,0.8204387626986266,17.055905307026137,19.09332385577521,17.203130217308193,19.050399948231966,0.03826655395886165,0.007175289316534541,0.02935725553781754,0.047175852379905764,0.031347421808960274,0.04704949751103597,0.0037911546047640723,0.00043380301791824585,0.0032525170151024158,0.004329792194425729,0.003348884842967683,0.004318768016992869,1.0,0.0,5,5,0.5655085052479191,1.0,1.0,1.0,218.54336660035187,20.733811536652755,192.79893926972784,244.2877939309759,193.409321800209,236.2699278000946
valid_sample_fraction,0.4,Row complex LS / Wiener robust IRLS [scientific controlled],scientific_controlled,5,5,0.0,8.721270600539118,2.339924255462386,5.815870894005417,11.626670307072818,5.7047655635214625,11.047670128329885,-6.634643081687868,0.0631702183958881,-6.713079267628773,-6.556206895746962,-6.7093361228223385,-6.582071951298992,13.677016303062626,0.619492198229623,12.907815143352181,14.44621746277307,12.937336019762215,14.273479604327845,13.852668694437801,0.7182194195640329,12.96088149835363,14.744455890521973,13.080430719148556,14.706351431353037,19.349845432179496,0.8335182072084562,18.314895882440588,20.384794981918404,18.43708397841317,20.334723033379973,18.112989251642148,0.8223524530306514,17.091903816878624,19.134074686405672,17.239217877418405,19.086119553027736,0.038171879402648635,0.006996445670994314,0.029484644697579512,0.04685911410771776,0.03141354372123603,0.04674255658871043,0.0038639811864663934,0.00040782267684481415,0.0033576024509766973,0.0043703599219560895,0.0034334698831740254,0.004359732969200425,1.0,0.0,5,5,0.5655085052479191,1.0,1.0,1.0,337.4823861999175,44.62728183885231,282.0702970028779,392.89447539695715,288.5418719997688,376.6015339992009
valid_sample_fraction,0.4,SA-MNEC physical [approximate academic reference],scientific_controlled,5,5,0.0,0.11699634167833714,0.2292573214341275,-0.16766422067127337,0.4016569040279476,-0.14026651297645146,0.3916414245185043,-1.3862730803842027,0.20549922623902822,-1.641434071264137,-1.1311120895042683,-1.658669429548274,-1.2092135284217016,0.8743210195225852,0.1589051388317908,0.6770142295054228,1.0716278095397476,0.7563725908446066,1.092472290773563,23.4480647325845,0.10365071408185468,23.319365372520846,23.57676409264815,23.31428299886309,23.53909773399001,34.31512868342451,0.25533796752312493,33.99808472177627,34.63217264507275,33.983292465706235,34.56189736086532,33.322347138735,0.2489677061129562,33.01321290133892,33.63148137613108,32.99912230904716,33.56369612809746,0.14507222691838076,0.002424743178815354,0.1420615106083532,0.14808294322840831,0.14249873203719357,0.14780313703390627,0.004413973600364133,6.032620962824538e-05,0.0043390687177205884,0.004488878483007678,0.004359353664087392,0.00449400697921408,1.0,0.0,5,5,0.5655085052479191,1.0,1.0,1.0,7060.433841199847,903.6885051290747,5938.356358789606,8182.511323610088,6216.663742999299,8198.94668559973
valid_sample_fraction,0.4,Shrinkage-SMI/MVDR global,scientific_controlled,5,5,0.0,-0.17494155959330496,0.048146873009832794,-0.23472379843575036,-0.11515932075085956,-0.23566886465572984,-0.12498134394089125,-1.6359114956426608,0.33174898022695315,-2.0478322608316084,-1.2239907304537132,-2.02977521025806,-1.304424974950685,0.7933782784988613,0.24189180418050374,0.49302993378713633,1.0937266232105864,0.5626238778931997,1.103526702264212,23.38747374842188,0.24233506027900714,23.086575028570657,23.6883724682731,23.07808047754663,23.633888344050234,34.6203673934114,0.29455854564434375,34.25462465192127,34.98611013490153,34.255514623961176,34.93055452418938,33.45053322515395,0.33046275954219634,33.040209513883006,33.86085693642489,33.04177413843615,33.805183034544484,0.13526702357471587,0.0024488404453859424,0.13222638655633245,0.1383076605930993,0.13235878651263266,0.13790626467549544,0.0042732514034289175,9.279806373466558e-05,0.004158027388586474,0.004388475418271361,0.00419435593991807,0.004381353360643301,1.0,0.0,5,5,0.5655085052479191,1.0,1.0,1.0,4683.76323880002,380.747608557393,4211.00264085175,5156.523836748291,4265.866690800249,5132.688412999778
valid_sample_fraction,0.4,Shrinkage-SMI/MVDR local,scientific_controlled,5,5,0.0,0.30715335071715333,0.19826927336653755,0.06096953202770755,0.5533371694065992,0.1633227119943852,0.5771087076274222,-2.031061923938794,0.3251678432766963,-2.4348111283093528,-1.6273127195682355,-2.4548977245649213,-1.7184454673758969,1.3777489537865233,0.2100306939176981,1.116961402630956,1.6385365049420906,1.1868454298104623,1.6528938545906449,22.782684262706788,0.21563691659671722,22.514935666684764,23.05043285872881,22.507154193681544,23.002508788687575,34.01527082828877,0.28166642351064225,33.665535770712516,34.365005885865024,33.66775658032212,34.31459433489664,32.85738016272008,0.29757233301554703,32.487895309952876,33.22686501548728,32.484281073778675,33.171236228586295,0.12863229078613697,0.002373731800713293,0.12568491346779753,0.1315796681044764,0.12584051845590308,0.1311761059453367,0.004341905628887878,4.966580073462716e-05,0.00428023739217368,0.004403573865602075,0.004289182218176302,0.004399180700955849,1.0,0.0,5,5,0.5655085052479191,1.0,1.0,1.0,1670.1699692006514,174.82609290960988,1453.09470368799,1887.2452347133128,1502.3940086011862,1868.175227400934
valid_sample_fraction,1.0,Corrected JDL physical,scientific_controlled,5,5,0.0,-1.1519193821917582,0.4515148808918636,-1.7125491544488916,-0.5912896099346249,-1.612101580967995,-0.5997450525175915,1.327688972120785,0.1291534185300031,1.1673238220870097,1.4880541221545602,1.176748194731742,1.4765079059257373,-2.3581624801850345,0.018473668480227856,-2.381100569251703,-2.335224391118366,-2.376811223821118,-2.33873958352431,26.1310706961712,0.03790812204153891,26.08400154579267,26.17813984654973,26.08692525277285,26.174294757211047,37.95339470550844,0.06156063181360216,37.87695708527875,38.02983232573813,37.88034206123492,38.023259719603566,36.71005880692072,0.07873890095857619,36.61229154834225,36.80782606549919,36.630578359572695,36.80815364176357,0.15555856109702262,0.00032878100762959926,0.15515032555655547,0.15596679663748977,0.15512538743307974,0.1558290598290598,0.004299423456228189,4.855624000338374e-05,0.004239132921127798,0.00435971399132858,0.004245562130177515,0.004358215748748293,1.0,0.0,5,5,0.5655085052479191,1.0,1.0,1.0,3446.412576399962,216.62444540839059,3177.4378014052927,3715.387351394631,3168.2338259997778,3651.562894599192
valid_sample_fraction,1.0,Current legacy CSI [production replay],production_replay,5,5,0.0,16.586730935262988,2.6607832615436413,13.282932152378432,19.890529718147544,14.349494161996029,20.149963312609735,-6.9276520555204275,0.04519826867091995,-6.983773118510294,-6.871530992530561,-6.9705859299677755,-6.868403809749935,20.34214175396672,0.09551966458466359,20.223538425331352,20.46074508260209,20.246753178774867,20.459210031485604,7.058152161332538,0.07495143027619257,6.965087668744636,7.15121665392044,6.984272821965028,7.146143133194799,10.963539624193944,0.11598095889294628,10.819530243059306,11.10754900532858,10.811954072854768,11.053932581107945,9.981949496216677,0.10357665513174791,9.853342092485116,10.110556899948238,9.86323382051811,10.064845968924663,0.000836667605898375,0.0001528300565870336,0.0006469040267906605,0.0010264311850060894,0.0007303465765004227,0.001043674274443505,0.0020156273706569564,0.00011767173174398204,0.0018695186177440468,0.002161736123569866,0.0019006979214079805,0.0021650735851919283,1.0,0.0,5,5,0.5655085052479191,1.0,1.0,1.0,229.23004200019932,41.48360177120833,177.7213471650271,280.7387368353715,185.9873694003909,281.65369360067416
valid_sample_fraction,1.0,Current legacy CSI [scientific controlled],scientific_controlled,5,5,0.0,16.58409637896572,2.6826095835555686,13.253196637825733,19.914996120105712,14.338234824262235,20.176762529242364,-6.908567780747168,0.04520686696931794,-6.964699519934602,-6.852436041559734,-6.951792211087994,-6.849428760906861,20.341916200391474,0.09565406472503518,20.22314599194045,20.4606864088425,20.24617633403001,20.45906161526552,7.058808069093203,0.07551205333283177,6.965047471039309,7.152568667147097,6.98481096314572,7.148276232833929,10.965170036681183,0.11641896191776575,10.820616802959524,11.109723270402842,10.813044680717946,11.055256746702982,9.98303161808611,0.10370440907480354,9.854265586882828,10.111797649289393,9.864199405071526,10.065877313212154,0.000835916220531605,0.00015142326111630772,0.0006478994087127284,0.0010239330323504818,0.0007318493472339626,0.0010406687329764252,0.002018282506448187,0.00011685891306615662,0.0018731830012246014,0.002163382011671772,0.001903732362312244,0.002167349415870126,1.0,0.0,5,5,0.5655085052479191,1.0,1.0,1.0,211.7976881996583,27.397799812791725,177.77882654209395,245.81654985722264,185.44053619916667,247.27222660003463
valid_sample_fraction,1.0,DL-SMI/MVDR global,scientific_controlled,5,5,0.0,-0.937301069325048,0.1093152913733695,-1.0730339310766233,-0.8015682075734727,-1.0601887301911022,-0.8100655054609532,-0.011196337125554675,0.0001214572563522144,-0.011347146228087945,-0.011045528023021405,-0.01129080821532247,-0.011034398482039793,-0.801788661402864,0.008237278506756875,-0.8120165935678898,-0.7915607292378382,-0.8115315672509966,-0.7924650968958382,24.862323468794493,0.058913284759853884,24.7891729640922,24.935473973496787,24.804124700278614,24.938003491838185,36.19601155035664,0.07677380082466793,36.1006842858673,36.29133881484597,36.09826174184596,36.27418118905079,35.075953721959394,0.09133205690310692,34.962549995020815,35.18935744889797,34.982233788927616,35.19030423268523,0.15182868413637643,0.0004589451732859069,0.15125882843755747,0.15239853983519538,0.15122118906734291,0.15221827744904667,0.004345319374905174,3.614361781086817e-05,0.004300441145904547,0.004390197603905801,0.004303595812471552,0.004379456835078137,1.0,0.0,5,5,0.5655085052479191,1.0,1.0,1.0,1721.5431497999816,364.4613807873211,1269.0045745403722,2174.081725059591,1363.916692800558,2186.2797913996474
valid_sample_fraction,1.0,DL-SMI/MVDR local,scientific_controlled,5,5,0.0,-0.027294219962153577,0.030349556544403144,-0.06497817168481834,0.010389731760511191,-0.06568980195417655,0.0033466147769370697,-0.01226773961392642,9.039026819406168e-05,-0.012379973955731058,-0.012155505272121782,-0.01237581877457938,-0.012166123561030985,0.12312298135322328,0.004792656557825825,0.11717211224961105,0.1290738504568355,0.11733082742508809,0.12804215044777978,23.610493915779436,0.06469699790307032,23.530161982691265,23.690825848867608,23.55634478802367,23.697559245948742,35.08221731193418,0.07992451932246067,34.98297791371766,35.1814567101507,34.99994209420804,35.183802424534036,34.17035848155874,0.09378034887545598,34.05391479862101,34.28680216449648,34.07489133403338,34.28914578452533,0.1351817413355875,0.0004191647060386397,0.13466127961078125,0.13570220306039374,0.1346907109984033,0.1356671362825209,0.004581247155211652,4.590218775482734e-05,0.004524252061237648,0.0046382422491856555,0.004531558185404339,0.004637763617053558,1.0,0.0,5,5,0.5655085052479191,1.0,1.0,1.0,958.8312126004894,148.88548069621254,773.9654713645939,1143.6969538363849,807.0242642013909,1146.3515112005553
valid_sample_fraction,1.0,MNEC physical,scientific_controlled,5,5,0.0,-0.27855351598548034,0.035965983469019615,-0.3232111828189892,-0.23389584915197148,-0.3249783128311197,-0.24278075342246153,-0.011592418125614972,3.912923805206731e-05,-0.011641003491781408,-0.011543832759448536,-0.011643548600077385,-0.01155491054147951,-0.2204208042111096,0.004769216557783604,-0.2263425687105515,-0.2144990397116677,-0.22570185069585477,-0.21514345359428105,24.191300082388796,0.06215652240427243,24.114122566265806,24.268477598511787,24.148476044240734,24.27551368551454,35.53486561831592,0.06950819554373429,35.448559794329086,35.62117144230275,35.46105992065017,35.6206533374441,34.494908963798686,0.09066463922263338,34.38233394536572,34.60748398223165,34.405381169808365,34.61138300603556,0.14399699445853292,0.0003949810502805532,0.14350656070842646,0.14448742820863938,0.143609655301963,0.14449591434206818,0.004441662873615536,3.898271277327872e-05,0.004393259442612599,0.004490066304618472,0.004399180700955849,0.004486800182066454,1.0,0.0,5,5,0.5655085052479191,1.0,1.0,1.0,2523.4368694000295,350.86390736977626,2087.781787349532,2959.091951450527,2171.1902170005487,2922.707596199325
valid_sample_fraction,1.0,Phase-only CSI [production replay],production_replay,5,5,0.0,14.358062645867097,2.966515930738453,10.674646614568301,18.041478677165895,11.73506136960358,18.31178632696239,-6.69686243193931,0.018148599900183224,-6.71939689505319,-6.6743279688254304,-6.710607061975415,-6.673429219911815,18.615977678367607,0.09972910693482903,18.49214763671352,18.739807720021695,18.52177690736042,18.740626704027363,8.704335322730028,0.06442372200887816,8.624342706481253,8.784327938978803,8.622125846978848,8.764024073165375,12.763936234593325,0.21859318307202258,12.492516948919814,13.035355520266837,12.58487375544651,13.020828573358198,11.707769199209519,0.11634003993564737,11.563313960071723,11.852224438347315,11.575271317772884,11.818935901371043,0.0028312200619892923,0.0004625511626456169,0.0022568869360044797,0.003405553187974105,0.0023897811590119283,0.003418427726120034,0.00023441055985434686,9.6858440451827e-05,0.00011414492142305455,0.00035467619828563916,0.00010961917766651495,0.0003246851767561827,1.0,0.0,5,5,0.5655085052479191,1.0,1.0,1.0,210.64969959988957,25.527877555729763,178.95265308836082,242.34674611141833,183.05718560040987,242.23419059926528
valid_sample_fraction,1.0,Phase-only CSI [scientific controlled],scientific_controlled,5,5,0.0,14.363194024368067,2.9784332243562788,10.664980718627982,18.061407330108153,11.735458928005553,18.335903547020447,-6.67793228730045,0.01784990203021489,-6.70009586802285,-6.65576870657805,-6.691426678774065,-6.6548931351304965,18.615697378473904,0.09981231929864516,18.49176401502346,18.739630741924348,18.521263291254648,18.740396975287364,8.70473533818856,0.06482422718392901,8.624245429082828,8.78522524729429,8.621559611200597,8.764451610534794,12.766294433539398,0.2178617527504491,12.495783338563381,13.036805528515416,12.587587256533256,13.02401747114616,11.708809222068387,0.11639875048730185,11.564281084152286,11.853337359984488,11.576155208238083,11.819835175655603,0.0028346012961397576,0.0004612880464965101,0.0022618365360028416,0.0034073660562766736,0.002395416549262703,0.003419179111486804,0.00023441055985434683,9.614093993620086e-05,0.00011503581598200085,0.0003537853037266928,0.00011113639811864664,0.00032544378698224854,1.0,0.0,5,5,0.5655085052479191,1.0,1.0,1.0,202.02049639992765,21.702594581589903,175.07316604033397,228.96782675952133,175.15970559979905,224.643311399268
valid_sample_fraction,1.0,Row complex LS / Wiener [scientific controlled],scientific_controlled,5,5,0.0,14.441164657802167,3.062857560447873,10.63812469336481,18.244204622239522,11.759019181832493,18.526913198384328,-6.69541884857262,0.01856048616420221,-6.718464736031888,-6.672372961113353,-6.712052555915241,-6.670761152992308,18.812999575881413,0.09594198602650825,18.693871865916034,18.932127285846793,18.712962655796943,18.927607000072925,8.495380621568929,0.07387301926896564,8.403655153103967,8.58710609003389,8.412868548930435,8.56625686857812,12.469914434090503,0.16172078573762028,12.269111556678716,12.67071731150229,12.307512629747768,12.642858961314829,11.45729835938673,0.1054766033361867,11.326331858371264,11.588264860402196,11.337157220877778,11.548862934000036,0.0023544660467737393,0.00032454662088503587,0.0019514881918817843,0.0027574439016656944,0.0020798346952193105,0.002783131398516014,0.00030382339553937187,6.915690290154525e-05,0.00021795375897918143,0.0003896930320995623,0.0002158246093157336,0.00037096040054619933,1.0,0.0,5,5,0.5655085052479191,1.0,1.0,1.0,206.6318549997959,22.29048158258132,178.9545665160586,234.3091434835332,180.91239019959175,231.81597700058774
valid_sample_fraction,1.0,Row complex LS / Wiener robust IRLS [scientific controlled],scientific_controlled,5,5,0.0,14.432882533965719,3.068577482407855,10.622740348358114,18.243024719573324,11.750000571232372,18.529161369573156,-6.674252716633963,0.011980297765131884,-6.6891282210567,-6.659377212211226,-6.681584961262422,-6.657698310932398,18.81146951103965,0.09612718548830937,18.692111845570068,18.930827176509233,18.711356291716697,18.926421478388065,8.499637579011752,0.07638176614300159,8.404797089872693,8.594478068150812,8.413247809232491,8.572249131922131,12.482851958213239,0.1630255602400804,12.28042898927597,12.685274927150507,12.32124363433487,12.65627699049406,11.470824181574976,0.10694965560761205,11.338028644586608,11.603619718563344,11.350015445857908,11.564117696206555,0.0023863999248614634,0.0003222717371763412,0.001986246711170697,0.00278655313855223,0.0021076359537898,0.0028075514229360383,0.00030647853133060235,6.845380231173409e-05,0.00022148190945989697,0.0003914751532013077,0.0002177211348808982,0.0003698224852071006,1.0,0.0,5,5,0.5655085052479191,1.0,1.0,1.0,297.37335900026665,44.616203927980635,241.9750248463317,352.7716931542016,248.27380259994243,349.30279580003116
valid_sample_fraction,1.0,SA-MNEC physical [approximate academic reference],scientific_controlled,5,5,0.0,-0.18311768452958327,0.026059822501067562,-0.21547522792876495,-0.1507601411304016,-0.2182324159712284,-0.16166353372345005,0.0052472475582492585,0.0008662594960213491,0.004171644328936557,0.00632285078756196,0.004293991331935151,0.006063927662314223,-0.217023193970196,0.005197479544695511,-0.22347671720225004,-0.21056967073814198,-0.2223458536218258,-0.21062166247229122,24.187241127452374,0.06107979886549952,24.111400540183496,24.263081714721253,24.143621723317906,24.270738235171912,35.52996057136377,0.06950290873575028,35.44366131181608,35.61625983091147,35.455122827858105,35.6157207770876,34.49093346680719,0.09087463205658784,34.378097707832424,34.60376922578196,34.40108135175943,34.607634028375564,0.14407025453179298,0.00042976065565714674,0.14353663619781862,0.14460387286576734,0.14366976613130458,0.14462740678125294,0.004444318009406767,4.371481142846547e-05,0.004390038901867732,0.004498597116945802,0.004397284175390684,0.004490972538309816,1.0,0.0,5,5,0.5655085052479191,1.0,1.0,1.0,7631.087878200196,822.4170374979692,6609.9222512287615,8652.253505171631,6820.675505599866,8485.94257900113
valid_sample_fraction,1.0,Shrinkage-SMI/MVDR global,scientific_controlled,5,5,0.0,-0.7354185813641333,0.08746902841352107,-0.8440257249031509,-0.6268114378251157,-0.834618062674919,-0.6331599371435976,-0.011192846038385596,9.851499315372484e-05,-0.011315168558667963,-0.01107052351810323,-0.011267468843001309,-0.011059716554850125,-0.6134268940584848,0.005682006719280272,-0.6204820372393727,-0.606371750877597,-0.6192143187967976,-0.6067176379238662,24.6391684314962,0.057746111865928734,24.56746716335597,24.710869699636426,24.58421805832643,24.712710204758586,35.99666035209836,0.07280003849817335,35.906267165227256,36.087053538969464,35.901771718294526,36.06564804912275,34.88865529068374,0.08969215800809818,34.77728776716379,35.00002281420368,34.79832137139558,35.00246183560245,0.14903503334272566,0.00042938279852418776,0.14850188418034976,0.14956818250510157,0.14850004696158542,0.14943852728468113,0.004377560309512972,4.4364107167996866e-05,0.0043224749948299725,0.004432645624195971,0.004322561068123199,0.004417766651494462,1.0,0.0,5,5,0.5655085052479191,1.0,1.0,1.0,4463.500190599734,446.0615813503053,3909.6415840547807,5017.358797144688,3957.06519499945,4992.566247999639
valid_sample_fraction,1.0,Shrinkage-SMI/MVDR local,scientific_controlled,5,5,0.0,-0.1761403453363099,0.03294975932073762,-0.21705287523438122,-0.13522781543823859,-0.2206678671551146,-0.14866627345477906,-0.011714419882274748,0.00012895369862017076,-0.01187453704728676,-0.011554302717262736,-0.011840396768678487,-0.011546874805713916,-0.07330831148893407,0.006018243746589074,-0.08078094808149461,-0.06583567489637354,-0.07966935425667523,-0.06581322431817113,23.906307326755133,0.06769539073659761,23.822252397233097,23.99036225627717,23.847676926425613,23.996306415262072,35.335038300968165,0.07876520171452008,35.23723838568791,35.43283821624842,35.25464429953694,35.43392842980884,34.361328200106925,0.09379565490321881,34.24486551222556,34.47779088798829,34.266972358674046,34.48078680288168,0.13896534234995775,0.00040922358950804726,0.1384572241516495,0.139473460548266,0.13848971541279234,0.13943833943833941,0.004523213472917615,5.0853769070671916e-05,0.004460070178689543,0.004586356767145686,0.00447200728265817,0.004586936731907146,1.0,0.0,5,5,0.5655085052479191,1.0,1.0,1.0,1575.6734580001648,197.48884095804743,1330.4586741353735,1820.8882418649562,1384.9138155997935,1822.2633931996825
