case_id,factor,factor_family,factor_level,seed,scenario_label,valid_pulse_fraction,texture_sigma_config,azimuth_subcell_count_config,texture_nonuniformity_cv,p38_slope_rad_per_hz,p38_intercept_rad,p38_rmse_rad,p38_inlier_ratio,p38_accepted_sample_count,coherence_mean,coherence_p10,F1_F2_energy_ratio_dB,phase_variance_rad2,distance_to_clutter_ridge_hz,distance_to_clutter_ridge_mps,clutter_ridge_angle_deg_diagnostic,target_beam_hypothesis_angle_deg,distance_to_support_edge_rows,distance_to_support_edge_hz,target_fd_truth_hz,fa_ctr_hz,target_row_truth,target_range_bin_truth,dynamic_support_row_start,dynamic_support_row_end,target_bin_bytes,background_bin_bytes,target_input_sha256,background_input_sha256,best_strict_expert,best_strict_SCNR_improvement_dB,best_adaptive_expert,best_adaptive_SCNR_improvement_dB,best_overall_expert,best_overall_SCNR_improvement_dB,current_SCNR_improvement_dB,current_target_loss_dB,current_Pfa,current_failure,phase_only_SCNR_improvement_dB,phase_only_target_loss_dB,phase_only_Pfa,phase_only_failure,row_ls_SCNR_improvement_dB,row_ls_target_loss_dB,row_ls_Pfa,row_ls_failure,robust_row_ls_SCNR_improvement_dB,robust_row_ls_target_loss_dB,robust_row_ls_Pfa,robust_row_ls_failure,dl_mvdr_SCNR_improvement_dB,dl_mvdr_target_loss_dB,dl_mvdr_Pfa,dl_mvdr_failure,shrinkage_mvdr_SCNR_improvement_dB,shrinkage_mvdr_target_loss_dB,shrinkage_mvdr_Pfa,shrinkage_mvdr_failure,jdl_SCNR_improvement_dB,jdl_target_loss_dB,jdl_Pfa,jdl_failure,current_residual_p95_dB_over_input_median,current_residual_p99_dB_over_input_median,current_residual_cvar95_dB_over_input_median,dl_global_covariance_condition_number,dl_global_covariance_condition_number_p95,dl_global_estimated_clutter_rank,jdl_covariance_condition_number,jdl_estimated_clutter_rank,adaptive_failure
baseline_v2_texturesigma0p4_s20260981,texture_sigma,texture_sigma,0.4,20260981,Baseline V2 controlled single-target case,1.0,0.4,9.0,0.9374864762229235,0.0008660372687760726,-0.006703163609681044,0.004053316743882672,1.0,34.0,0.7243728871843109,0.36001528680967665,-0.06547817155448127,0.059730458130790066,52.33753393301666,0.490324935732421,-0.46823103519675885,0.0,18,180.0,-53.2468982695,-0.909364336483343,60,2200,42,88,49204480,49204480,3a9d33df22337a3dc15e50322868de0bf2066c6a5bb888279011df358f56c9e3,f41c259410380f0c3eeabbb2e73a7f58f663b20fb6daa34527d738bbdc17f356,Current legacy CSI [scientific controlled],20.905546570289026,DL-SMI/MVDR local,-0.07503321433317023,Current legacy CSI [scientific controlled],20.905546570289026,20.872187457568003,-6.856554695563542,0.0019401456531634045,0,19.271237096470216,-6.685192616169226,0.000288271885905022,0,19.54408837197486,-6.664862819274625,0.00034516765285996055,0,19.545669035563108,-6.653275903303103,0.0003546502806857836,0,-1.074184371686171,-0.011140844761173562,0.00437338795326961,0,-0.846842175660834,-0.011158261529726994,0.004413214990138067,0,-1.6400520680632749,1.3133665405788606,0.004291837353967531,0,6.989646112069834,10.897856210871065,9.879366025354168,16804.766238819397,84543.18339058201,1.0,2990672.3418755713,4.091826923076923,0
baseline_v2_texturesigma0p4_s20260982,texture_sigma,texture_sigma,0.4,20260982,Baseline V2 controlled single-target case,1.0,0.4,9.0,0.9204673807179431,0.0008771508748916763,-0.007431996843085408,0.00412725651449224,1.0,34.0,0.7180324241775414,0.3333769661078824,-0.0703287447481799,0.06787389835998729,52.95309009155092,0.4960917824137967,-0.4737381541943029,0.0,18,180.0,-53.2468982695,-0.2938081779490834,60,2200,42,88,49204480,49204480,0e22ea09a6a89be291d318904c9f448700ec5548a8177ed5d8716f563eccd83e,a37d7f15aaaa94b4277388d38718c5197e3ba92bc404e5ffb8c2f556b97f1cc6,Current legacy CSI [scientific controlled],17.26162636505572,DL-SMI/MVDR local,-0.028316152438201847,Current legacy CSI [scientific controlled],17.26162636505572,17.261066732776662,-6.91580026649551,0.0021999696555909574,0,14.473983248931095,-6.710962900933945,0.00018396297982096798,0,14.458212504022214,-6.7010788254988665,0.0002674101046882112,0,14.463130705613356,-6.680338546195726,0.0002768927325140343,0,-0.9113482317044941,-0.011296385094315827,0.004358215748748293,0,-0.7197662437301391,-0.011269314171790026,0.004392353208921256,0,-1.5002996325868758,1.3745161865833242,0.004320285237445,0,7.158244716912688,11.047438274235024,10.052956627981759,16200.267322385887,80767.32263741616,1.0,2873841.091911468,4.115384615384615,0
baseline_v2_texturesigma0p4_s20260983,texture_sigma,texture_sigma,0.4,20260983,Baseline V2 controlled single-target case,1.0,0.4,9.0,0.9429692908249396,0.0008759740454186451,-0.006090913320070214,0.00379067540451676,1.0,34.0,0.7200595713042833,0.3396529205579475,-0.06906037393156458,0.06721082744050139,51.58450234451542,0.4832701485177825,-0.4614939879084037,0.0,18,180.0,-53.2468982695,-1.6623959249845826,60,2200,42,88,49204480,49204480,1a60a802d8b036f2ae74b80599b61844d70e9bc1e713639d1bb59acbe1987952,54bfe1990b57e71a0b364b4840d315c289edd733137202c20e0296ca508bfd99,Current legacy CSI [production replay],14.257530393828183,DL-SMI/MVDR local,-0.027129674272774906,Current legacy CSI [production replay],14.257530393828183,14.257530393828183,-6.9470892809670755,0.0018908359884691245,0,11.371977963775002,-6.7091837061412924,9.103322712790169e-05,0,11.414296500197903,-6.702309887110031,0.00020292823547261418,0,11.411449848333422,-6.6753879414495785,0.00020292823547261418,0,-0.9120217551236802,-0.01100778691225635,0.004301319981793355,0,-0.7110839403585834,-0.011035080311130908,0.004346836595357306,0,-1.0440830436911064,1.1450615586594368,0.004236838112577758,0,7.108402296518893,11.057211364819972,10.068986292989003,15606.118624222816,77461.20225040294,1.0,3006657.329027821,4.115384615384615,0
baseline_v2_texturesigma0p4_s20260984,texture_sigma,texture_sigma,0.4,20260984,Baseline V2 controlled single-target case,1.0,0.4,9.0,0.9351500256271462,0.000871333869147571,-0.006475508467507702,0.004185967597499532,1.0,34.0,0.7175222286205658,0.3409447305489836,-0.06929769682746595,0.0630896829101874,52.34707749348388,0.4904143447152503,-0.46831641733780577,0.0,18,180.0,-53.2468982695,-0.8998207760161177,60,2200,42,88,49204480,49204480,3c8354347d2e8a3971296355e51921dd9e2bf7b226ecdd8d67beb9e635e0376e,5f1818c6eb5040d1e3569f684b0e6d08ed2bf0a2548de65be2fd22cdfb45980d,Current legacy CSI [production replay],15.825520857474682,DL-SMI/MVDR local,0.007575044217102089,Current legacy CSI [production replay],15.825520857474682,15.825520857474682,-6.976460092217951,0.0020254893035958127,0,13.485719927241277,-6.670488370847462,0.00033378849946897286,0,13.651316004445013,-6.694354487863039,0.00037740858746775904,0,13.63995961749055,-6.680373320857841,0.0003736155363374298,0,-1.0042061642108266,-0.011268168160678594,0.004312699135184343,0,-0.785721610731259,-0.011241486651433605,0.004316492186314672,0,-1.0865016118933224,1.5020058357613406,0.004280458200576544,0,7.05414504404991,11.031502535300184,10.053441394104755,16039.41904368452,80749.21624207006,1.0,2948403.061340421,4.092307692307692,0
baseline_v2_texturesigma0p4_s20260985,texture_sigma,texture_sigma,0.4,20260985,Baseline V2 controlled single-target case,1.0,0.4,9.0,0.9540488947829402,0.0008685289174449178,-0.008626281630926035,0.0038359396342842788,1.0,34.0,0.7218752740343771,0.3454309806364051,-0.06782194274622322,0.06350656118797272,53.164082101697815,0.49806846408068106,-0.47562581092507694,0.0,18,180.0,-53.2468982695,-0.08281616780218845,60,2200,42,88,49204480,49204480,b1407d02d4202ca3a0b474f5b1d99dc41f77bc7d5d5acf5118bed5dd97f8c2fc,a4bd916f120fe7f372dd7892414187e55d83c37fffc28493171e3341a21a224c,Current legacy CSI [production replay],14.717349234667413,DL-SMI/MVDR local,-0.01356710298372299,Current legacy CSI [production replay],14.717349234667413,14.717349234667413,-6.942355942358061,0.0020216962524654833,0,13.187394992917888,-6.708484565604622,0.00027499620694886967,0,13.137909908370847,-6.714488223116543,0.00032620239720831435,0,13.104203462828167,-6.681887871363567,0.00032430587164314974,0,-0.7847448239000681,-0.011268500699349036,0.004380974055530269,0,-0.6136789363398512,-0.011260087527846439,0.0044189045668335605,0,-0.48866055472421266,1.3034947390209624,0.004367698376574116,0,6.983602175914692,10.791841798179666,9.860407750000865,16468.357222599065,81426.59806231507,1.0,2996697.191924321,4.109615384615385,0
baseline_v2_texturesigma1p1_s20260981,texture_sigma,texture_sigma,1.1,20260981,Baseline V2 controlled single-target case,1.0,1.1,9.0,0.9872405092863915,0.0008654724673763348,-0.0037087649177567827,0.004408111342993848,1.0,34.0,0.687981123669584,0.27562498030970684,-0.06148194062903467,0.07559224302657126,48.370789951834226,0.4531624379706901,-0.43274236640790786,0.0,18,180.0,-53.2468982695,-4.876108317665777,60,2200,42,88,49204480,49204480,a47b35f16608cce51e471f79a3ea4d98a61b424808cbfa9aa125adc236fe33b4,b4c0229d5b79da8744a82c637af7dd89641385673565c76688e71c9de019effa,Current legacy CSI [scientific controlled],22.541181146629775,DL-SMI/MVDR local,-0.003407605080889553,Current legacy CSI [scientific controlled],22.541181146629775,22.490336867615156,-6.848682629295872,0.00474700348960704,0,21.470050745527182,-6.711395611212191,0.003119784554695797,0,21.76897577091627,-6.638755601686563,0.003311333636777424,0,21.76696767685192,-6.632353268987794,0.0033170232134729174,0,-1.2744710635277112,-0.010880303833176973,0.0040851160673645885,0,-0.6704750868062019,-0.010808593328468187,0.004111667425276893,0,-2.3664021443064964,0.849219404370895,0.004058564709452283,0,8.649973484796226,13.766035650337514,13.056508748489136,22254.015751607727,122452.89620301036,1.0,25353365.881426368,4.210096153846154,0
baseline_v2_texturesigma1p1_s20260982,texture_sigma,texture_sigma,1.1,20260982,Baseline V2 controlled single-target case,1.0,1.1,9.0,0.874485818093843,0.0008762211741628061,-0.007061429791927008,0.004126679949338635,1.0,34.0,0.6810764878819332,0.23063006511246664,-0.07060738032223768,0.08836057794652394,51.518216119367516,0.4826491450687628,-0.46090095408473153,0.0,18,180.0,-53.2468982695,-1.7286821501324856,60,2200,42,88,49204480,49204480,49f432e44aafd947eaaaef99388127599084137b69ff269d5cf2351b1aa6347a,c48b92a99397b684d226fc01c0ab1500ab9ae99bdb53fde732d1600d60894615,Current legacy CSI [scientific controlled],18.509265051960863,DL-SMI/MVDR local,-0.04902246901527718,Current legacy CSI [scientific controlled],18.509265051960863,18.498192399350206,-6.879334127601549,0.005012517068730087,0,15.455462970346684,-6.760386723472758,0.002315657715065999,0,15.38660334223772,-6.776686188903637,0.002444621453497193,0,15.363803804249745,-6.751021047268663,0.002456000606888181,0,-0.9034683936435588,-0.011322989253413313,0.00409839174632074,0,-0.5007496800963791,-0.011247223360399667,0.004124943104233045,0,-0.7540003052134008,2.0151765287052017,0.004050978607191625,0,8.757622003024403,13.57644703685259,12.66962132957591,18653.757050095184,95969.18371425236,1.0,20263215.080202293,4.2057692307692305,0
baseline_v2_texturesigma1p1_s20260983,texture_sigma,texture_sigma,1.1,20260983,Baseline V2 controlled single-target case,1.0,1.1,9.0,0.9095414300361697,0.000867431653887485,0.0010124718583125738,0.003408370618718935,1.0,34.0,0.6881716784991594,0.25909984890968846,-0.06684207975220396,0.08212034616236892,45.374421474506974,0.4250909170053259,-0.405935320270125,0.0,18,180.0,-53.2468982695,-7.8724767949930285,60,2200,42,88,49204480,49204480,61d5458550722edfdb353bc248a4bbbc45cade012a3c667e9df3e1a07f6037a7,8953a67f8c7de37b2c12ee82152fd0bca31bca40a239a9f95d7b6404b62846fa,Current legacy CSI [scientific controlled],11.067062869929822,DL-SMI/MVDR local,-0.06164865498427652,Current legacy CSI [scientific controlled],11.067062869929822,11.06185307815541,-6.888363503561857,0.004783037475345167,0,8.543634606465732,-6.724298324704405,0.0025830678197542103,0,8.603068797512014,-6.682389621516506,0.002763237748444849,0,8.59870631297615,-6.667601338240797,0.0027954786830526475,0,-0.8524077994790922,-0.010734372543693457,0.004026323774844485,0,-0.4642369914845528,-0.01071799092070119,0.004088909118494917,0,-1.7618991962413162,0.6841183233484232,0.003984600212410864,0,8.713735457658702,13.844034884115908,13.017541994344617,17812.101326087555,95562.26809379864,1.0,22485332.104714602,4.222596153846154,0
baseline_v2_texturesigma1p1_s20260984,texture_sigma,texture_sigma,1.1,20260984,Baseline V2 controlled single-target case,1.0,1.1,9.0,0.9414041607623596,0.0008721795967194503,-0.005499096906515615,0.00423053599781124,1.0,34.0,0.6790860284346306,0.24589243310165435,-0.06798862056101851,0.08273345441603433,50.077450929479795,0.4691513157663479,-0.4480110710639536,0.0,18,180.0,-53.2468982695,-3.169447340020208,60,2200,42,88,49204480,49204480,1c131a7945caf38beaa64772b7724bd3f43fec237eef9a4b5791694ef47598f6,2e6bcaad0d2e42841ed026d87996d2d26256997159c10022c24d21275773157a,Current legacy CSI [scientific controlled],11.083798998579345,DL-SMI/MVDR local,0.09110729722695865,Current legacy CSI [scientific controlled],11.083798998579345,11.078191983639469,-6.980193440360382,0.00501820664542558,0,7.204057828429242,-6.693991790369001,0.002918752844788348,0,7.330368696797029,-6.68717323063181,0.003060992262175694,0,7.33119698048327,-6.682211016562753,0.0030647853133060235,0,-1.1061133133452872,-0.011081451482924875,0.004130632680928539,0,-0.6323821731358832,-0.01103312178671883,0.004168563192231831,0,-1.3701088513502881,1.2135004719994544,0.004049082081626461,0,8.74928710424667,13.996914077092857,13.049174360247054,19583.530848494,115341.23291224432,1.0,21984156.88234576,4.207692307692308,0
baseline_v2_texturesigma1p1_s20260985,texture_sigma,texture_sigma,1.1,20260985,Baseline V2 controlled single-target case,1.0,1.1,9.0,1.1829687891212117,0.0008648404151590193,-0.006565439008131074,0.004228723542801143,1.0,34.0,0.682457371657685,0.26383514652976403,-0.06551408837091074,0.07767215732476276,60.44124384604939,0.5662446580370162,-0.5407318448473014,0.0,18,180.0,-53.2468982695,7.1943455765493916,60,2200,42,88,49204480,49204480,39e74ea6137cfb1e0e041f19a480dddfccf81d7ec6be94804edca1b88ed513d5,0e5471fab68fac47af1cf9e3a96454b43bca95cd1db899cf0c813b0529cd576f,Current legacy CSI [production replay],15.552420443422825,Corrected JDL physical,0.1393362828135447,Current legacy CSI [production replay],15.552420443422825,15.552420443422825,-7.074295107850458,0.005177514792899409,0,13.4397269137088,-6.778966082365847,0.0027120315581854043,0,13.013266969944297,-6.767540012584767,0.0027670307995751784,0,13.021952321748874,-6.758769922949029,0.0027613412228796844,0,-0.43327968337609946,-0.011132923390615841,0.0045118343195266275,0,-0.23000830673579653,-0.011182106629949963,0.0045061447428311335,0,0.1393362828135447,1.2288827266473847,0.004352526172052799,0,8.59184461844485,13.536482283764975,13.469259237866165,20476.517415427308,99650.4860386169,1.0,29273231.09073693,4.215865384615385,0
baseline_v2_azimuthsubcellcount5_s20260981,azimuth_subcell_count,azimuth_subcell_count,5,20260981,Baseline V2 controlled single-target case,1.0,0.4,5.0,0.9064656400143658,0.000874541428610395,-0.0034153084875781876,0.004991196724485803,1.0,38.0,0.7333250381254381,0.3596297763869949,-0.06566131293982277,0.036371805012621376,51.774880760474424,0.4850537114324855,-0.4631972204872161,0.0,18,180.0,-53.2468982695,-1.4720175090255772,60,2200,42,88,49204480,49204480,c4d9f2fd6c898fcb12096ab902ec443539b41ac017fe1fdfcb0145f67fd26ea8,cc59c7ad95a32747f78a2501d6f498de25ebc5d39fbdc132bee7021510a4d214,Current legacy CSI [scientific controlled],21.45776654138807,DL-SMI/MVDR local,-0.08092652424238178,Current legacy CSI [scientific controlled],21.45776654138807,21.43379764907793,-6.85641307165322,0.001953421332119557,0,19.381878361126745,-6.688599464863612,0.000288271885905022,0,19.651783525167986,-6.667915017311627,0.0003299954483386436,0,19.657323568248273,-6.656539018017252,0.0003394780761644667,0,-1.077235798444855,-0.011141201899807298,0.004341147018661812,0,-0.8506207837771491,-0.011158616752961502,0.004386663632225762,0,-1.6458685200319416,1.3136740283378865,0.004286147777272037,0,6.68462991032047,10.552815407238374,9.566854040720434,16573.060251481515,83699.93217829514,1.0,3021524.239609378,4.06875,0
baseline_v2_azimuthsubcellcount5_s20260982,azimuth_subcell_count,azimuth_subcell_count,5,20260982,Baseline V2 controlled single-target case,1.0,0.4,5.0,0.8878136843731227,0.000883864048173915,-0.004461645783259908,0.004686639687558166,1.0,38.0,0.7284142519119127,0.33961442407262465,-0.07011574870561549,0.039143137467029215,52.454158586669685,0.4914175354693597,-0.4692744260091114,0.0,18,180.0,-53.2468982695,-0.7927396828303129,60,2200,42,88,49204480,49204480,a2fee7ffc98ba7c9945c0d763e26921ae0fafb7178fdc239f47d640350524c5f,c577d04eed15bb288c63893d8312d584fcecaf50c6dceb5231ec4ef3b488764d,Current legacy CSI [scientific controlled],17.67305773941219,DL-SMI/MVDR local,-0.04207788148168046,Current legacy CSI [scientific controlled],17.67305773941219,17.67225241652089,-6.916673536991556,0.0022208314368077683,0,14.76067305719473,-6.715653353877292,0.0002143073888636019,0,14.74369255999165,-6.705084202633154,0.0002806857836443635,0,14.747568538776598,-6.686561957089284,0.0002977545137308451,0,-0.9238026021035566,-0.011290104817888145,0.004339250493096647,0,-0.7320318827964334,-0.01126414228483928,0.004375284478834775,0,-1.5140898540392973,1.3732204317512564,0.004305113032923684,0,6.862149473531564,10.724592361376864,9.717910753993237,15981.762365173625,80122.80385881977,1.0,2906126.4102358725,4.099519230769231,0
baseline_v2_azimuthsubcellcount5_s20260983,azimuth_subcell_count,azimuth_subcell_count,5,20260983,Baseline V2 controlled single-target case,1.0,0.4,5.0,0.9107011844320064,0.0008832606222494182,-0.002936084007925378,0.004254381121511468,1.0,38.0,0.7294760263372522,0.3375927832368376,-0.0687734297122365,0.03873080475499114,51.0045269496338,0.4778366407299362,-0.45630520374320366,0.0,18,180.0,-53.2468982695,-2.2423713198662014,60,2200,42,88,49204480,49204480,047853b95aac1b956a21e0bf59c0db79001da80ed0c32429dad0688ca78a7501,3dcf1e7f31f86c9cfe01242b8dfda44a9f44ae3bceab23c1be35dea7d0209347,Current legacy CSI [production replay],14.607767017783559,DL-SMI/MVDR local,-0.044069680674962974,Current legacy CSI [production replay],14.607767017783559,14.607767017783559,-6.952857439073688,0.0019477317554240632,0,11.59341679462495,-6.715911378784053,0.0001763768775603095,0,11.644190742097209,-6.705860876101565,0.0002446517979062358,0,11.639112032787931,-6.6790243110698935,0.000248444849036565,0,-0.9327273129715499,-0.01100302761213477,0.004295630405097861,0,-0.7313733292288322,-0.01103154110487236,0.004327871339705659,0,-1.0693959172985021,1.1429657073789263,0.0042083902291002884,0,6.807466827684841,10.676939319350225,9.727065479991788,15323.69233157255,76568.17540314121,1.0,3038028.587878971,4.084615384615384,0
baseline_v2_azimuthsubcellcount5_s20260984,azimuth_subcell_count,azimuth_subcell_count,5,20260984,Baseline V2 controlled single-target case,1.0,0.4,5.0,0.9037159410200845,0.0008785320371615704,-0.0033938675966646717,0.0046811980958893435,1.0,38.0,0.7277326095421511,0.3502970836794389,-0.06907453156696437,0.03673664891322799,51.83421764400581,0.48560960987510843,-0.46372808176454494,0.0,18,180.0,-53.2468982695,-1.4126806254941904,60,2200,42,88,49204480,49204480,7d63b08a10976278bb854ba2f3e57e1b78b2b86b051ff496c2b13a89fb8c5226,9c18f08df9ddc8daec60564239e71be86649d913675e5eea16ab9a2a585c6efa,Current legacy CSI [production replay],15.85370843300553,DL-SMI/MVDR local,-0.00591902559164037,Current legacy CSI [production replay],15.85370843300553,15.85370843300553,-6.98879277590633,0.0020046275223790017,0,13.405224441867587,-6.6784016826132095,0.00036602943407677136,0,13.574393788441634,-6.702611568602026,0.000392580791989076,0,13.56637870934562,-6.687887329654126,0.00040016689424973446,0,-1.0180299175220862,-0.01125897289115479,0.004291837353967531,0,-0.7991608163372512,-0.011234281021970854,0.004289940828402367,0,-1.0999517771887266,1.500862519700348,0.004248217265968746,0,6.722249747586022,10.683550500302083,9.726832994498789,15802.53885862691,80003.75893200775,1.0,2979484.389824755,4.069230769230769,0
baseline_v2_azimuthsubcellcount5_s20260985,azimuth_subcell_count,azimuth_subcell_count,5,20260985,Baseline V2 controlled single-target case,1.0,0.4,5.0,0.9227009998335334,0.0008758134217166953,-0.005519394960174262,0.004287220827815179,1.0,38.0,0.7320132448239972,0.3564614416189379,-0.06762073926414795,0.03769626148885653,52.61278951691229,0.4929036716097427,-0.4706936292318154,0.0,18,180.0,-53.2468982695,-0.6341087525877165,60,2200,42,88,49204480,49204480,4a24f2b8d7952e073382496d7cef5888baa3cfab40e0e93835d2c2427218a5fd,7a307ca3edc255051a08c4393f8bdaa14846ac78e2d6acaaf39eb5df998948e9,Current legacy CSI [production replay],14.998604463444915,DL-SMI/MVDR local,-0.06294645088278905,Current legacy CSI [production replay],14.998604463444915,14.998604463444915,-6.951333144359227,0.002023592778030648,0,13.341529109843703,-6.7155889095674,0.00029016841147018664,0,13.314196378443798,-6.71785546078254,0.00032430587164314974,0,13.280361571818064,-6.684001367479837,0.00032809892277347897,0,-0.8337605810423909,-0.011267662181245372,0.004352526172052799,0,-0.6629620118770658,-0.011259247237073656,0.004399939311181915,0,-0.5397243399007605,1.3043996132677236,0.004362008799878622,0,6.68091117857482,10.484172006648693,9.560094652540295,16148.869709862367,80124.67184281796,1.0,3027176.7141988776,4.092788461538461,0
baseline_v2_azimuthsubcellcount17_s20260981,azimuth_subcell_count,azimuth_subcell_count,17,20260981,Baseline V2 controlled single-target case,1.0,0.4,17.0,0.982589391599092,0.000861758592774016,-0.0061412543169075354,0.0035553583352728115,1.0,30.0,0.7144545282525292,0.3457187483908835,-0.0662249794586503,0.07917846132810419,54.34299266918936,0.5091131046053831,-0.4861730372537285,0.0,18,180.0,-53.2468982695,1.0960943996893575,60,2200,42,88,49204480,49204480,d92599065273b49e4d624c5309ac112930ed5207c90aea63357efa5b0c66a1d2,df42d1fec3af70f0e036c263a21e012984b778e59c58609ca517d00cbf8bf826,Current legacy CSI [scientific controlled],21.477830593279403,DL-SMI/MVDR local,-0.08491908304547868,Current legacy CSI [scientific controlled],21.477830593279403,21.40533916229778,-6.948808306492998,0.002046351084812623,0,19.660809736116367,-6.727056818437119,0.0002996510392960097,0,19.857163698662404,-6.714198937488252,0.0003906842664239114,0,19.855056069512504,-6.704519446740944,0.0003906842664239114,0,-1.0317723047792855,-0.011154143231126793,0.004439766348050372,0,-0.814309143359826,-0.011176980650236503,0.004477696859353664,0,-1.4761874686350254,1.319883729931504,0.004350629646487635,0,7.387642983340714,11.302254509412105,10.295930601462544,17006.751944060456,85999.05330482668,1.0,2938436.287994128,4.069230769230769,0
baseline_v2_azimuthsubcellcount17_s20260982,azimuth_subcell_count,azimuth_subcell_count,17,20260982,Baseline V2 controlled single-target case,1.0,0.4,17.0,0.9660718302311051,0.0008738936176430448,-0.006486220542512703,0.003891363824992307,1.0,30.0,0.7079966302952484,0.31961648203101506,-0.07130333743252011,0.09075338632808647,54.92990520952198,0.514611603139675,-0.4914239076625179,0.0,18,180.0,-53.2468982695,1.6830069400219838,60,2200,42,88,49204480,49204480,f5f848fd88068953c927cc904f16ac8342bc342fc534cffba0645a147bdc3547,ae599a68b301a10d88c42e6cd4e2767eacdd67fca75a3a8ebf6b26c830e3a394,Current legacy CSI [scientific controlled],18.168807815919678,DL-SMI/MVDR local,-0.02153736130577899,Current legacy CSI [scientific controlled],18.168807815919678,18.168695706267265,-6.938881389708122,0.0022284175390684265,0,15.156233984100236,-6.736772066501571,0.00017827340312547414,0,14.975144232742199,-6.731393821478669,0.00029016841147018664,0,14.972936574972223,-6.709098224164642,0.0002996510392960097,0,-0.8677039530688777,-0.011316513588776932,0.0044302837202245485,0,-0.6827183272798298,-0.011292883549986685,0.004466317705962676,0,-1.525951381797284,1.378008606833098,0.00439804278561675,0,7.568330142527725,11.486033667971949,10.496868767847698,16421.057081846113,82077.89323746515,1.0,2823058.079116659,4.085096153846154,0
baseline_v2_azimuthsubcellcount17_s20260983,azimuth_subcell_count,azimuth_subcell_count,17,20260983,Baseline V2 controlled single-target case,1.0,0.4,17.0,0.9887417201947882,0.0008725117271633924,-0.005097138286651388,0.003539856842696486,1.0,30.0,0.7113655387830669,0.3240165801454399,-0.06992879515566591,0.08866899561099566,53.585817809776096,0.5020195010979047,-0.47939890439105487,0.0,18,180.0,-53.2468982695,0.3389195402760972,60,2200,42,88,49204480,49204480,add60439a7d1f6f95b50946cbc8d0c801081319eea5eacd57aada6277ae22650,49a5a0c23b21322bd4a6219a5569beb785014d8dcbdccf761d3e711b1ccc6c2c,Current legacy CSI [scientific controlled],14.165767562933448,DL-SMI/MVDR local,0.009848571021569441,Current legacy CSI [scientific controlled],14.165767562933448,14.141714258724152,-6.951376538627737,0.0018415263237748444,0,11.850787172767065,-6.723488414169649,9.482627825823093e-05,0,11.866196705070946,-6.719846995062735,0.0002674101046882112,0,11.877746019913799,-6.694605588655692,0.0002598240024275527,0,-0.8394351046755091,-0.011018009406906712,0.004384767106660597,0,-0.6410539964190534,-0.011049427395494782,0.004413214990138067,0,-0.7700158870711515,1.1548328307198805,0.004293733879532696,0,7.536291145108337,11.505529661465816,10.49637357750238,15827.233746143102,78954.19808001023,1.0,2954562.29454501,4.092307692307692,0
baseline_v2_azimuthsubcellcount17_s20260984,azimuth_subcell_count,azimuth_subcell_count,17,20260984,Baseline V2 controlled single-target case,1.0,0.4,17.0,0.9798536366376692,0.0008668792013579097,-0.0062796237549431495,0.0036008731265130584,1.0,30.0,0.7089965847368733,0.3334806855634833,-0.07027299391187572,0.08354736140143824,54.510320285219294,0.510680715771036,-0.48767004970761957,0.0,18,180.0,-53.2468982695,1.2634220157192957,60,2200,42,88,49204480,49204480,35793d2f9392c5cbf800922398e5a73fae606f9accc23758a1a547aec9a9a90c,b4dfa53a3164198a8029c467f59befe080cf67e05c5b2f1a75104e847f14b12e,Current legacy CSI [scientific controlled],15.9073441825466,DL-SMI/MVDR local,0.011579380129528305,Current legacy CSI [scientific controlled],15.9073441825466,15.889125639220376,-7.0085186601787095,0.002126005158549537,0,13.623326218549874,-6.690848824288427,0.00036792595964193597,0,13.782284983509346,-6.719594537763848,0.0004229252010317099,0,13.765748831454571,-6.704307859210411,0.00041913214990138065,0,-0.959729777409803,-0.011299264949923333,0.004358215748748293,0,-0.7471461615170498,-0.01127493792817927,0.004379077529965104,0,-0.8935986127212945,1.5057675365230723,0.004363905325443787,0,7.461171565265888,11.444931814384203,10.482152527006194,16176.553918829997,81438.1054449719,1.0,2898965.8096604557,4.0875,0
baseline_v2_azimuthsubcellcount17_s20260985,azimuth_subcell_count,azimuth_subcell_count,17,20260985,Baseline V2 controlled single-target case,1.0,0.4,17.0,0.999160410271457,0.0008652267004659116,-0.007739055748988835,0.0034664993882329615,1.0,30.0,0.7137910926483698,0.33369144258527805,-0.06847586976802461,0.08289441761570997,55.10533704676349,0.5162551388177402,-0.49299342654091405,0.0,18,180.0,-53.2468982695,1.8584387772634878,60,2200,42,88,49204480,49204480,a93824dd68d2c4dcb58353916233579f233ec43f2c6b894fd3ad35523d2eb038,68da4514611647840a18fd36ba8ede9402485c85376e7b85cb1abb7e2ec1bb47,Current legacy CSI [production replay],16.87506563332449,DL-SMI/MVDR local,0.0916463075547429,Current legacy CSI [production replay],16.87506563332449,16.87506563332449,-7.00163834544291,0.002207555757851616,0,14.43869738009551,-6.747528690243137,0.0003186162949476559,0,14.162732917632981,-6.76005980394483,0.0003755120619025944,0,14.120721507264408,-6.726501535341685,0.00038499468972841755,0,-0.5721219376807012,-0.011289402163685697,0.004437869822485207,0,-0.42456744773994926,-0.011284884634461242,0.0044890760127446515,0,-0.633697034755107,1.311072603684614,0.0044245941435290545,0,7.379811948834823,11.207939625699414,10.290728909883864,16730.17400087307,82886.21656971803,1.0,2945736.2870450853,4.0875,0
baseline_v2_channelampmismatchdb0p0_s20260981,channel_amp_mismatch_db,channel_amp_mismatch_db,0.0,20260981,Baseline V2 controlled single-target case,1.0,0.4,9.0,0.9374864762229235,0.0008660372687760726,-0.006703163609681044,0.004053316743882672,1.0,34.0,0.7243728871843109,0.36001528680967665,-0.06547817155448127,0.059730458130790066,52.33753393301666,0.490324935732421,-0.46823103519675885,0.0,18,180.0,-53.2468982695,-0.909364336483343,60,2200,42,88,49204480,49204480,3a9d33df22337a3dc15e50322868de0bf2066c6a5bb888279011df358f56c9e3,f41c259410380f0c3eeabbb2e73a7f58f663b20fb6daa34527d738bbdc17f356,Current legacy CSI [scientific controlled],20.905546570289026,DL-SMI/MVDR local,-0.07503321433317023,Current legacy CSI [scientific controlled],20.905546570289026,20.872187457568003,-6.856554695563542,0.0019401456531634045,0,19.271237096470216,-6.685192616169226,0.000288271885905022,0,19.54408837197486,-6.664862819274625,0.00034516765285996055,0,19.545669035563108,-6.653275903303103,0.0003546502806857836,0,-1.074184371686171,-0.011140844761173562,0.00437338795326961,0,-0.846842175660834,-0.011158261529726994,0.004413214990138067,0,-1.6400520680632749,1.3133665405788606,0.004291837353967531,0,6.989646112069834,10.897856210871065,9.879366025354168,16804.766238819397,84543.18339058201,1.0,2990672.3418755713,4.091826923076923,0
baseline_v2_channelampmismatchdb0p0_s20260982,channel_amp_mismatch_db,channel_amp_mismatch_db,0.0,20260982,Baseline V2 controlled single-target case,1.0,0.4,9.0,0.9204673807179431,0.0008771508748916763,-0.007431996843085408,0.00412725651449224,1.0,34.0,0.7180324241775414,0.3333769661078824,-0.0703287447481799,0.06787389835998729,52.95309009155092,0.4960917824137967,-0.4737381541943029,0.0,18,180.0,-53.2468982695,-0.2938081779490834,60,2200,42,88,49204480,49204480,0e22ea09a6a89be291d318904c9f448700ec5548a8177ed5d8716f563eccd83e,a37d7f15aaaa94b4277388d38718c5197e3ba92bc404e5ffb8c2f556b97f1cc6,Current legacy CSI [scientific controlled],17.26162636505572,DL-SMI/MVDR local,-0.028316152438201847,Current legacy CSI [scientific controlled],17.26162636505572,17.261066732776662,-6.91580026649551,0.0021999696555909574,0,14.473983248931095,-6.710962900933945,0.00018396297982096798,0,14.458212504022214,-6.7010788254988665,0.0002674101046882112,0,14.463130705613356,-6.680338546195726,0.0002768927325140343,0,-0.9113482317044941,-0.011296385094315827,0.004358215748748293,0,-0.7197662437301391,-0.011269314171790026,0.004392353208921256,0,-1.5002996325868758,1.3745161865833242,0.004320285237445,0,7.158244716912688,11.047438274235024,10.052956627981759,16200.267322385887,80767.32263741616,1.0,2873841.091911468,4.115384615384615,0
baseline_v2_channelampmismatchdb0p0_s20260983,channel_amp_mismatch_db,channel_amp_mismatch_db,0.0,20260983,Baseline V2 controlled single-target case,1.0,0.4,9.0,0.9429692908249396,0.0008759740454186451,-0.006090913320070214,0.00379067540451676,1.0,34.0,0.7200595713042833,0.3396529205579475,-0.06906037393156458,0.06721082744050139,51.58450234451542,0.4832701485177825,-0.4614939879084037,0.0,18,180.0,-53.2468982695,-1.6623959249845826,60,2200,42,88,49204480,49204480,1a60a802d8b036f2ae74b80599b61844d70e9bc1e713639d1bb59acbe1987952,54bfe1990b57e71a0b364b4840d315c289edd733137202c20e0296ca508bfd99,Current legacy CSI [production replay],14.257530393828183,DL-SMI/MVDR local,-0.027129674272774906,Current legacy CSI [production replay],14.257530393828183,14.257530393828183,-6.9470892809670755,0.0018908359884691245,0,11.371977963775002,-6.7091837061412924,9.103322712790169e-05,0,11.414296500197903,-6.702309887110031,0.00020292823547261418,0,11.411449848333422,-6.6753879414495785,0.00020292823547261418,0,-0.9120217551236802,-0.01100778691225635,0.004301319981793355,0,-0.7110839403585834,-0.011035080311130908,0.004346836595357306,0,-1.0440830436911064,1.1450615586594368,0.004236838112577758,0,7.108402296518893,11.057211364819972,10.068986292989003,15606.118624222816,77461.20225040294,1.0,3006657.329027821,4.115384615384615,0
baseline_v2_channelampmismatchdb0p0_s20260984,channel_amp_mismatch_db,channel_amp_mismatch_db,0.0,20260984,Baseline V2 controlled single-target case,1.0,0.4,9.0,0.9351500256271462,0.000871333869147571,-0.006475508467507702,0.004185967597499532,1.0,34.0,0.7175222286205658,0.3409447305489836,-0.06929769682746595,0.0630896829101874,52.34707749348388,0.4904143447152503,-0.46831641733780577,0.0,18,180.0,-53.2468982695,-0.8998207760161177,60,2200,42,88,49204480,49204480,3c8354347d2e8a3971296355e51921dd9e2bf7b226ecdd8d67beb9e635e0376e,5f1818c6eb5040d1e3569f684b0e6d08ed2bf0a2548de65be2fd22cdfb45980d,Current legacy CSI [production replay],15.825520857474682,DL-SMI/MVDR local,0.007575044217102089,Current legacy CSI [production replay],15.825520857474682,15.825520857474682,-6.976460092217951,0.0020254893035958127,0,13.485719927241277,-6.670488370847462,0.00033378849946897286,0,13.651316004445013,-6.694354487863039,0.00037740858746775904,0,13.63995961749055,-6.680373320857841,0.0003736155363374298,0,-1.0042061642108266,-0.011268168160678594,0.004312699135184343,0,-0.785721610731259,-0.011241486651433605,0.004316492186314672,0,-1.0865016118933224,1.5020058357613406,0.004280458200576544,0,7.05414504404991,11.031502535300184,10.053441394104755,16039.41904368452,80749.21624207006,1.0,2948403.061340421,4.092307692307692,0
baseline_v2_channelampmismatchdb0p0_s20260985,channel_amp_mismatch_db,channel_amp_mismatch_db,0.0,20260985,Baseline V2 controlled single-target case,1.0,0.4,9.0,0.9540488947829402,0.0008685289174449178,-0.008626281630926035,0.0038359396342842788,1.0,34.0,0.7218752740343771,0.3454309806364051,-0.06782194274622322,0.06350656118797272,53.164082101697815,0.49806846408068106,-0.47562581092507694,0.0,18,180.0,-53.2468982695,-0.08281616780218845,60,2200,42,88,49204480,49204480,b1407d02d4202ca3a0b474f5b1d99dc41f77bc7d5d5acf5118bed5dd97f8c2fc,a4bd916f120fe7f372dd7892414187e55d83c37fffc28493171e3341a21a224c,Current legacy CSI [production replay],14.717349234667413,DL-SMI/MVDR local,-0.01356710298372299,Current legacy CSI [production replay],14.717349234667413,14.717349234667413,-6.942355942358061,0.0020216962524654833,0,13.187394992917888,-6.708484565604622,0.00027499620694886967,0,13.137909908370847,-6.714488223116543,0.00032620239720831435,0,13.104203462828167,-6.681887871363567,0.00032430587164314974,0,-0.7847448239000681,-0.011268500699349036,0.004380974055530269,0,-0.6136789363398512,-0.011260087527846439,0.0044189045668335605,0,-0.48866055472421266,1.3034947390209624,0.004367698376574116,0,6.983602175914692,10.791841798179666,9.860407750000865,16468.357222599065,81426.59806231507,1.0,2996697.191924321,4.109615384615385,0
baseline_v2_channelampmismatchdb2p5_s20260981,channel_amp_mismatch_db,channel_amp_mismatch_db,2.5,20260981,Baseline V2 controlled single-target case,1.0,0.4,9.0,0.9374864762229235,0.0008660678953355675,-0.006707513921342668,0.004050704580308997,1.0,34.0,0.724370334947405,0.36002303622871523,-1.4053898991776408,0.0597403286600093,52.33753393301666,0.490324935732421,-0.46823103519675885,0.0,18,180.0,-53.2468982695,-0.909364336483343,60,2200,42,88,49204480,49204480,1a3f10b5a1c134702f0cb68626f0185b83d833c260407cb1f35c2a79714ded75,8a75077b9692d449a0d307cc68c4a68044d9e5c1f505009da5509385665f57b5,Current legacy CSI [scientific controlled],20.773354771921582,SA-MNEC physical [approximate academic reference],-0.2267199381924616,Current legacy CSI [scientific controlled],20.773354771921582,20.74069994677928,-6.742682603119824,0.0019173873463814292,0,9.143523452022494,-5.5339352649881235,0.003812016385980883,0,19.494048014128026,-6.665971564635758,0.0006049916552875133,0,19.497346056009818,-6.654534909285821,0.0006068881808526779,0,-1.275237200919701,0.3446174520195472,0.004322181763010165,0,-1.0317859017791227,0.4579061597118512,0.004388560157790927,0,-1.8160249055863362,1.7323081141046368,0.004259596419359733,0,7.151076652126802,11.0920994157785,10.106660982231457,17906.539565288364,89778.01283780896,1.0,3315786.4745704294,4.084134615384615,0
baseline_v2_channelampmismatchdb2p5_s20260982,channel_amp_mismatch_db,channel_amp_mismatch_db,2.5,20260982,Baseline V2 controlled single-target case,1.0,0.4,9.0,0.9204673807179431,0.0008768515958690269,-0.007429778460390513,0.004144548951909528,1.0,34.0,0.7180362739419534,0.3333889533528876,-1.4102424289681226,0.06786260648706906,52.95309009155092,0.4960917824137967,-0.4737381541943029,0.0,18,180.0,-53.2468982695,-0.2938081779490834,60,2200,42,88,49204480,49204480,176f08e97889dddbfeb4775dec3ecbfcf5a526309a5c9b4bc9adbc373f51e792,0a0516f1cdf4156c5771ab65122b0ac0a317e16b65026bbd1c6cd2b9e677a5f5,Current legacy CSI [scientific controlled],17.252412900482756,SA-MNEC physical [approximate academic reference],-0.16695800722236687,Current legacy CSI [scientific controlled],17.252412900482756,17.25206139157435,-6.724017275824048,0.0021601426187225,0,8.851112345636643,-5.5542120855109545,0.003815809437111212,0,14.521371228127062,-6.701364987619422,0.0005082688514641177,0,14.523726478166576,-6.68112884240019,0.0005177514792899408,0,-1.125561276761836,0.33516780479330704,0.0043714914277044456,0,-0.9225453154202565,0.43365401498686607,0.00442269761796389,0,-1.6876891000639391,1.7886356476665475,0.004327871339705659,0,7.3151580468819315,11.2860708240631,10.284768615494064,17266.117521905097,85695.21339989957,1.0,3185251.1121681407,4.1,0
baseline_v2_channelampmismatchdb2p5_s20260983,channel_amp_mismatch_db,channel_amp_mismatch_db,2.5,20260983,Baseline V2 controlled single-target case,1.0,0.4,9.0,0.9429692908249396,0.0008757256669045246,-0.006097507107280878,0.0037989810027478166,1.0,34.0,0.7200573931699646,0.3396436248446858,-1.4089803227701594,0.06721342933592324,51.58450234451542,0.4832701485177825,-0.4614939879084037,0.0,18,180.0,-53.2468982695,-1.6623959249845826,60,2200,42,88,49204480,49204480,de3ab8736da49c51f90e258efedf8f602956bd4c7c5fa22c4702a2b6dd393e9c,753e8cf4e87981afdecef1d7a75badaac7daa0c7a60d8cc6e1e786c58ba471e3,Current legacy CSI [production replay],14.134771450424495,SA-MNEC physical [approximate academic reference],-0.1772882376665832,Current legacy CSI [production replay],14.134771450424495,14.134771450424495,-6.836561516004233,0.0018927325140342891,0,7.419651969200573,-5.5538136592437715,0.0037361553633742982,0,11.451192627727089,-6.702559273283288,0.0004494765589440146,0,11.450302036817625,-6.67523000380982,0.00045895918676983765,0,-1.1170222298686294,0.33416565644370116,0.004314595660749507,0,-0.9050485560122823,0.4390904937836942,0.00437718100439994,0,-1.1859765384053187,1.5534491941315811,0.004215976331360947,0,7.277408020933704,11.291105762369805,10.295003391402538,16634.870983385044,82349.27332626579,1.0,3334101.2346231104,4.105769230769231,0
baseline_v2_channelampmismatchdb2p5_s20260984,channel_amp_mismatch_db,channel_amp_mismatch_db,2.5,20260984,Baseline V2 controlled single-target case,1.0,0.4,9.0,0.9351500256271462,0.0008711886414212084,-0.006481126276829455,0.004205064113697636,1.0,34.0,0.717530644446131,0.3409795060529868,-1.4092172701989194,0.06307954779185952,52.34707749348388,0.4904143447152503,-0.46831641733780577,0.0,18,180.0,-53.2468982695,-0.8998207760161177,60,2200,42,88,49204480,49204480,64cd25c63dd884b079b258acec89e0b7e3135cda989dd2f0a34b0f1b007f4eb4,a15c8ca7026b94dfadf9f0c720a446b92f9fa3442f685363fad7d57ec2d614d3,Current legacy CSI [production replay],15.473913444345037,SA-MNEC physical [approximate academic reference],-0.18428233057363563,Current legacy CSI [production replay],15.473913444345037,15.473913444345037,-6.895117707891889,0.002088074647246245,0,7.675471795328821,-5.5164597359993,0.0036489151873767257,0,13.645488469560544,-6.695509288321736,0.0005443028372022454,0,13.634928958306913,-6.682259627213013,0.0005461993627674101,0,-1.2325931832568027,0.2995002305920432,0.004307009558488849,0,-1.003747929158501,0.4062722828918003,0.004344940069792141,0,-1.2606415477605695,1.9014002547355582,0.004276665149446215,0,7.218554532935872,11.22635121214155,10.287956786905497,17089.904796232964,85709.08338405575,1.0,3252938.3705119006,4.091826923076923,0
baseline_v2_channelampmismatchdb2p5_s20260985,channel_amp_mismatch_db,channel_amp_mismatch_db,2.5,20260985,Baseline V2 controlled single-target case,1.0,0.4,9.0,0.9540488947829402,0.0008684737929763588,-0.00863293392379922,0.003852175748404477,1.0,34.0,0.7218900643091558,0.3454657939090405,-1.40773823300688,0.06350104571613688,53.164082101697815,0.49806846408068106,-0.47562581092507694,0.0,18,180.0,-53.2468982695,-0.08281616780218845,60,2200,42,88,49204480,49204480,faf9bba925eac63352bbce54ee6ea07c8fb7c9137c4db180c665b553e0613a65,98f83754c447f3a7c539069c3b25c1757681a236d6c55d65ecf4e37b6ca93dd9,Current legacy CSI [production replay],14.686379155648972,SA-MNEC physical [approximate academic reference],-0.1603399148646849,Current legacy CSI [production replay],14.686379155648972,14.686379155648972,-6.7414873299162394,0.0020141101502048247,0,8.157441659808818,-5.554549199525964,0.003880291306326809,0,13.18712494847388,-6.714783249215354,0.0005689576695493855,0,13.153473925041219,-6.682897695615914,0.0005708541951145501,0,-0.9723235779946053,0.33644980598363716,0.004428387194659384,0,-0.7881085930665108,0.4406214651907716,0.004428387194659384,0,-0.6193870194927573,1.7294432690538315,0.004337353967531482,0,7.150598134556009,11.027104854252991,10.092163749885037,17551.843751247994,86438.01637267189,1.0,3333353.5081567927,4.097596153846154,0
baseline_v2_channelfixedphasemismatchdeg0p0_s20260981,channel_fixed_phase_mismatch_deg,channel_fixed_phase_mismatch_deg,0.0,20260981,Baseline V2 controlled single-target case,1.0,0.4,9.0,0.9374864762229235,0.0008660372687760726,-0.006703163609681044,0.004053316743882672,1.0,34.0,0.7243728871843109,0.36001528680967665,-0.06547817155448127,0.059730458130790066,52.33753393301666,0.490324935732421,-0.46823103519675885,0.0,18,180.0,-53.2468982695,-0.909364336483343,60,2200,42,88,49204480,49204480,3a9d33df22337a3dc15e50322868de0bf2066c6a5bb888279011df358f56c9e3,f41c259410380f0c3eeabbb2e73a7f58f663b20fb6daa34527d738bbdc17f356,Current legacy CSI [scientific controlled],20.905546570289026,DL-SMI/MVDR local,-0.07503321433317023,Current legacy CSI [scientific controlled],20.905546570289026,20.872187457568003,-6.856554695563542,0.0019401456531634045,0,19.271237096470216,-6.685192616169226,0.000288271885905022,0,19.54408837197486,-6.664862819274625,0.00034516765285996055,0,19.545669035563108,-6.653275903303103,0.0003546502806857836,0,-1.074184371686171,-0.011140844761173562,0.00437338795326961,0,-0.846842175660834,-0.011158261529726994,0.004413214990138067,0,-1.6400520680632749,1.3133665405788606,0.004291837353967531,0,6.989646112069834,10.897856210871065,9.879366025354168,16804.766238819397,84543.18339058201,1.0,2990672.3418755713,4.091826923076923,0
baseline_v2_channelfixedphasemismatchdeg0p0_s20260982,channel_fixed_phase_mismatch_deg,channel_fixed_phase_mismatch_deg,0.0,20260982,Baseline V2 controlled single-target case,1.0,0.4,9.0,0.9204673807179431,0.0008771508748916763,-0.007431996843085408,0.00412725651449224,1.0,34.0,0.7180324241775414,0.3333769661078824,-0.0703287447481799,0.06787389835998729,52.95309009155092,0.4960917824137967,-0.4737381541943029,0.0,18,180.0,-53.2468982695,-0.2938081779490834,60,2200,42,88,49204480,49204480,0e22ea09a6a89be291d318904c9f448700ec5548a8177ed5d8716f563eccd83e,a37d7f15aaaa94b4277388d38718c5197e3ba92bc404e5ffb8c2f556b97f1cc6,Current legacy CSI [scientific controlled],17.26162636505572,DL-SMI/MVDR local,-0.028316152438201847,Current legacy CSI [scientific controlled],17.26162636505572,17.261066732776662,-6.91580026649551,0.0021999696555909574,0,14.473983248931095,-6.710962900933945,0.00018396297982096798,0,14.458212504022214,-6.7010788254988665,0.0002674101046882112,0,14.463130705613356,-6.680338546195726,0.0002768927325140343,0,-0.9113482317044941,-0.011296385094315827,0.004358215748748293,0,-0.7197662437301391,-0.011269314171790026,0.004392353208921256,0,-1.5002996325868758,1.3745161865833242,0.004320285237445,0,7.158244716912688,11.047438274235024,10.052956627981759,16200.267322385887,80767.32263741616,1.0,2873841.091911468,4.115384615384615,0
baseline_v2_channelfixedphasemismatchdeg0p0_s20260983,channel_fixed_phase_mismatch_deg,channel_fixed_phase_mismatch_deg,0.0,20260983,Baseline V2 controlled single-target case,1.0,0.4,9.0,0.9429692908249396,0.0008759740454186451,-0.006090913320070214,0.00379067540451676,1.0,34.0,0.7200595713042833,0.3396529205579475,-0.06906037393156458,0.06721082744050139,51.58450234451542,0.4832701485177825,-0.4614939879084037,0.0,18,180.0,-53.2468982695,-1.6623959249845826,60,2200,42,88,49204480,49204480,1a60a802d8b036f2ae74b80599b61844d70e9bc1e713639d1bb59acbe1987952,54bfe1990b57e71a0b364b4840d315c289edd733137202c20e0296ca508bfd99,Current legacy CSI [production replay],14.257530393828183,DL-SMI/MVDR local,-0.027129674272774906,Current legacy CSI [production replay],14.257530393828183,14.257530393828183,-6.9470892809670755,0.0018908359884691245,0,11.371977963775002,-6.7091837061412924,9.103322712790169e-05,0,11.414296500197903,-6.702309887110031,0.00020292823547261418,0,11.411449848333422,-6.6753879414495785,0.00020292823547261418,0,-0.9120217551236802,-0.01100778691225635,0.004301319981793355,0,-0.7110839403585834,-0.011035080311130908,0.004346836595357306,0,-1.0440830436911064,1.1450615586594368,0.004236838112577758,0,7.108402296518893,11.057211364819972,10.068986292989003,15606.118624222816,77461.20225040294,1.0,3006657.329027821,4.115384615384615,0
baseline_v2_channelfixedphasemismatchdeg0p0_s20260984,channel_fixed_phase_mismatch_deg,channel_fixed_phase_mismatch_deg,0.0,20260984,Baseline V2 controlled single-target case,1.0,0.4,9.0,0.9351500256271462,0.000871333869147571,-0.006475508467507702,0.004185967597499532,1.0,34.0,0.7175222286205658,0.3409447305489836,-0.06929769682746595,0.0630896829101874,52.34707749348388,0.4904143447152503,-0.46831641733780577,0.0,18,180.0,-53.2468982695,-0.8998207760161177,60,2200,42,88,49204480,49204480,3c8354347d2e8a3971296355e51921dd9e2bf7b226ecdd8d67beb9e635e0376e,5f1818c6eb5040d1e3569f684b0e6d08ed2bf0a2548de65be2fd22cdfb45980d,Current legacy CSI [production replay],15.825520857474682,DL-SMI/MVDR local,0.007575044217102089,Current legacy CSI [production replay],15.825520857474682,15.825520857474682,-6.976460092217951,0.0020254893035958127,0,13.485719927241277,-6.670488370847462,0.00033378849946897286,0,13.651316004445013,-6.694354487863039,0.00037740858746775904,0,13.63995961749055,-6.680373320857841,0.0003736155363374298,0,-1.0042061642108266,-0.011268168160678594,0.004312699135184343,0,-0.785721610731259,-0.011241486651433605,0.004316492186314672,0,-1.0865016118933224,1.5020058357613406,0.004280458200576544,0,7.05414504404991,11.031502535300184,10.053441394104755,16039.41904368452,80749.21624207006,1.0,2948403.061340421,4.092307692307692,0
baseline_v2_channelfixedphasemismatchdeg0p0_s20260985,channel_fixed_phase_mismatch_deg,channel_fixed_phase_mismatch_deg,0.0,20260985,Baseline V2 controlled single-target case,1.0,0.4,9.0,0.9540488947829402,0.0008685289174449178,-0.008626281630926035,0.0038359396342842788,1.0,34.0,0.7218752740343771,0.3454309806364051,-0.06782194274622322,0.06350656118797272,53.164082101697815,0.49806846408068106,-0.47562581092507694,0.0,18,180.0,-53.2468982695,-0.08281616780218845,60,2200,42,88,49204480,49204480,b1407d02d4202ca3a0b474f5b1d99dc41f77bc7d5d5acf5118bed5dd97f8c2fc,a4bd916f120fe7f372dd7892414187e55d83c37fffc28493171e3341a21a224c,Current legacy CSI [production replay],14.717349234667413,DL-SMI/MVDR local,-0.01356710298372299,Current legacy CSI [production replay],14.717349234667413,14.717349234667413,-6.942355942358061,0.0020216962524654833,0,13.187394992917888,-6.708484565604622,0.00027499620694886967,0,13.137909908370847,-6.714488223116543,0.00032620239720831435,0,13.104203462828167,-6.681887871363567,0.00032430587164314974,0,-0.7847448239000681,-0.011268500699349036,0.004380974055530269,0,-0.6136789363398512,-0.011260087527846439,0.0044189045668335605,0,-0.48866055472421266,1.3034947390209624,0.004367698376574116,0,6.983602175914692,10.791841798179666,9.860407750000865,16468.357222599065,81426.59806231507,1.0,2996697.191924321,4.109615384615385,0
baseline_v2_channelfixedphasemismatchdeg18p0_s20260981,channel_fixed_phase_mismatch_deg,channel_fixed_phase_mismatch_deg,18.0,20260981,Baseline V2 controlled single-target case,1.0,0.4,9.0,0.9374864762229235,0.00086603726883256,-0.006703163612330416,0.004053316728527668,1.0,34.0,0.7243728873095067,0.36001528720099985,-0.06547828082652615,0.05973045823362221,52.33753393301666,0.490324935732421,-0.46823103519675885,0.0,18,180.0,-53.2468982695,-0.909364336483343,60,2200,42,88,49204480,49204480,88f5c605f152a7f4b03f5cfeb562709b4a71b5488c9c3a00082cbe2a66f0e137,5ea428bebc698fc629e0f51e323688a1b23fc17a7b6c369828696eb2feef9bd2,Current legacy CSI [scientific controlled],20.905546532462857,DL-SMI/MVDR local,-0.3368091728349052,Current legacy CSI [scientific controlled],20.905546532462857,20.872187418221635,-6.856554664161235,0.0019401456531634045,0,19.27123668671372,-6.685192555980967,0.000288271885905022,0,19.544088376614773,-6.664862816575421,0.00034516765285996055,0,19.545669041869722,-6.6532759008109155,0.0003546502806857836,0,-1.1409234631710086,-1.0146982874015038,0.00442269761796389,0,-0.981841117362392,-1.0187066079047842,0.004434076771354878,0,-1.9318381445860355,0.19531895571278513,0.004329767865270824,0,6.989646074018518,10.89785603780815,9.879366051163199,16804.766285442,84543.18463613329,1.0,2990672.206092177,4.091826923076923,0
baseline_v2_channelfixedphasemismatchdeg18p0_s20260982,channel_fixed_phase_mismatch_deg,channel_fixed_phase_mismatch_deg,18.0,20260982,Baseline V2 controlled single-target case,1.0,0.4,9.0,0.9204673807179431,0.0008771508746822577,-0.007431996857445911,0.004127256500768334,1.0,34.0,0.7180324241326439,0.33337696614077117,-0.07032885373677578,0.06787389834770331,52.95309009155092,0.4960917824137967,-0.4737381541943029,0.0,18,180.0,-53.2468982695,-0.2938081779490834,60,2200,42,88,49204480,49204480,16706ac5b43bbf3ca2beda0dbad8b6f78da8d490bd24c893b4788348acd89fa2,b216db165b035786757f87f18973b08c3339af26cd6f7fc664e307612010c150,Current legacy CSI [scientific controlled],17.261626339976168,DL-SMI/MVDR local,-0.2631477855911495,Current legacy CSI [scientific controlled],17.261626339976168,17.261066708042225,-6.915800242178031,0.0021999696555909574,0,14.473983345642118,-6.710962857298741,0.00018396297982096798,0,14.458212593751039,-6.701078838781242,0.0002674101046882112,0,14.463130793515315,-6.680338560392649,0.0002768927325140343,0,-0.9581279514827257,-0.9973548825268173,0.004346836595357306,0,-0.8275620485598845,-1.003764180785756,0.004339250493096647,0,-1.6488545235252365,0.273533375909481,0.004282354726141709,0,7.158244775614341,11.047438313321607,10.052956653846293,16200.267306067959,80767.32152789873,1.0,2873841.0817521517,4.115384615384615,0
baseline_v2_channelfixedphasemismatchdeg18p0_s20260983,channel_fixed_phase_mismatch_deg,channel_fixed_phase_mismatch_deg,18.0,20260983,Baseline V2 controlled single-target case,1.0,0.4,9.0,0.9429692908249396,0.0008759740448690824,-0.0060909133422019784,0.0037906753627524733,1.0,34.0,0.7200595713246531,0.3396529202455973,-0.06906048292321446,0.06721082748947232,51.58450234451542,0.4832701485177825,-0.4614939879084037,0.0,18,180.0,-53.2468982695,-1.6623959249845826,60,2200,42,88,49204480,49204480,ea248978e586b22e2065c527793d41227138d1fdb40dea2e108fe87dadd33fef,f0953520685b2caa63d2cc2fb89e5a54fade070c88b5c9d7d4e28998e50c4df0,Current legacy CSI [production replay],14.25753051511887,DL-SMI/MVDR local,-0.23344585412239915,Current legacy CSI [production replay],14.25753051511887,14.25753051511887,-6.947089243945369,0.0018908359884691245,0,11.371977906447476,-6.709183645380236,9.103322712790169e-05,0,11.41429652605477,-6.702309884144512,0.00020292823547261418,0,11.411449873312876,-6.675387938024966,0.00020292823547261418,0,-0.9726664447070892,-1.0238058216067245,0.004284251251706873,0,-0.8298924769426383,-1.0263628465268901,0.004305113032923684,0,-1.281659696138143,-0.004859663143362323,0.00422545895918677,0,7.108402296518893,11.057211375554875,10.068986321763003,15606.118617556147,77461.2036032807,1.0,3006657.1962264087,4.115384615384615,0
baseline_v2_channelfixedphasemismatchdeg18p0_s20260984,channel_fixed_phase_mismatch_deg,channel_fixed_phase_mismatch_deg,18.0,20260984,Baseline V2 controlled single-target case,1.0,0.4,9.0,0.9351500256271462,0.0008713338691314774,-0.006475508483547065,0.004185967611460902,1.0,34.0,0.7175222287742943,0.34094473070038606,-0.06929780558131808,0.06308968284461922,52.34707749348388,0.4904143447152503,-0.46831641733780577,0.0,18,180.0,-53.2468982695,-0.8998207760161177,60,2200,42,88,49204480,49204480,c398fc211bb23ba6705cefc40c154bb9be914d34ef1ef94e26af2b2f76209f1b,ed719ad5e3dc28f3c75f931b7cce26265c2dbfd7e1ebab56f1a3e3f4fc7b7162,Current legacy CSI [production replay],15.825520747063173,DL-SMI/MVDR local,-0.2508429750266241,Current legacy CSI [production replay],15.825520747063173,15.825520747063173,-6.976460064222235,0.0020254893035958127,0,13.485719610974954,-6.670488305844261,0.00033378849946897286,0,13.651315951590936,-6.694354479005705,0.00037740858746775904,0,13.639959562810796,-6.680373312194305,0.0003736155363374298,0,-1.057249994404014,-0.9858849063523755,0.004252010317099074,0,-0.9115579668374978,-0.9946408036700978,0.004270975572750721,0,-1.3665923047300663,0.4057680064635478,0.004212183280230618,0,7.05414504404991,11.031502683234997,10.053441419234737,16039.419109925348,80749.21557630203,1.0,2948403.00345441,4.092307692307692,0
baseline_v2_channelfixedphasemismatchdeg18p0_s20260985,channel_fixed_phase_mismatch_deg,channel_fixed_phase_mismatch_deg,18.0,20260985,Baseline V2 controlled single-target case,1.0,0.4,9.0,0.9540488947829402,0.0008685289172784818,-0.008626281633622888,0.0038359396143518567,1.0,34.0,0.7218752742499606,0.3454309809915545,-0.06782205205841053,0.06350656116947052,53.164082101697815,0.49806846408068106,-0.47562581092507694,0.0,18,180.0,-53.2468982695,-0.08281616780218845,60,2200,42,88,49204480,49204480,4609559fe09e3c8f35cd70cc20ae28dac47cfc2e54479966b9cf0a1ed79e529b,acabefb94ec86e8698529fccdf5cb9ce3c0a9527f7f25fbf1b9369cf3f151b96,Current legacy CSI [production replay],14.717349367663594,DL-SMI/MVDR local,-0.23096739749597361,Current legacy CSI [production replay],14.717349367663594,14.717349367663594,-6.942355849708922,0.0020216962524654833,0,13.187394978323638,-6.708484504977497,0.00027499620694886967,0,13.137909969107998,-6.714488219613735,0.00032620239720831435,0,13.104203520993543,-6.681887865642308,0.00032430587164314974,0,-0.8627988713474952,-1.0240368941534048,0.004350629646487635,0,-0.7454953892019276,-1.0277749137545762,0.00437718100439994,0,-0.8105243530866488,0.15826738591843081,0.004325974814140494,0,6.983602166657975,10.791841791268503,9.86040777413739,16468.357272373378,81426.5963108065,1.0,2996697.377606739,4.109615384615385,0
baseline_v2_channelphasejitterstddeg0p0_s20260981,channel_phase_jitter_std_deg,channel_phase_jitter_std_deg,0.0,20260981,Baseline V2 controlled single-target case,1.0,0.4,9.0,0.9374864762229235,0.0008660372687760726,-0.006703163609681044,0.004053316743882672,1.0,34.0,0.7243728871843109,0.36001528680967665,-0.06547817155448127,0.059730458130790066,52.33753393301666,0.490324935732421,-0.46823103519675885,0.0,18,180.0,-53.2468982695,-0.909364336483343,60,2200,42,88,49204480,49204480,3a9d33df22337a3dc15e50322868de0bf2066c6a5bb888279011df358f56c9e3,f41c259410380f0c3eeabbb2e73a7f58f663b20fb6daa34527d738bbdc17f356,Current legacy CSI [scientific controlled],20.905546570289026,DL-SMI/MVDR local,-0.07503321433317023,Current legacy CSI [scientific controlled],20.905546570289026,20.872187457568003,-6.856554695563542,0.0019401456531634045,0,19.271237096470216,-6.685192616169226,0.000288271885905022,0,19.54408837197486,-6.664862819274625,0.00034516765285996055,0,19.545669035563108,-6.653275903303103,0.0003546502806857836,0,-1.074184371686171,-0.011140844761173562,0.00437338795326961,0,-0.846842175660834,-0.011158261529726994,0.004413214990138067,0,-1.6400520680632749,1.3133665405788606,0.004291837353967531,0,6.989646112069834,10.897856210871065,9.879366025354168,16804.766238819397,84543.18339058201,1.0,2990672.3418755713,4.091826923076923,0
baseline_v2_channelphasejitterstddeg0p0_s20260982,channel_phase_jitter_std_deg,channel_phase_jitter_std_deg,0.0,20260982,Baseline V2 controlled single-target case,1.0,0.4,9.0,0.9204673807179431,0.0008771508748916763,-0.007431996843085408,0.00412725651449224,1.0,34.0,0.7180324241775414,0.3333769661078824,-0.0703287447481799,0.06787389835998729,52.95309009155092,0.4960917824137967,-0.4737381541943029,0.0,18,180.0,-53.2468982695,-0.2938081779490834,60,2200,42,88,49204480,49204480,0e22ea09a6a89be291d318904c9f448700ec5548a8177ed5d8716f563eccd83e,a37d7f15aaaa94b4277388d38718c5197e3ba92bc404e5ffb8c2f556b97f1cc6,Current legacy CSI [scientific controlled],17.26162636505572,DL-SMI/MVDR local,-0.028316152438201847,Current legacy CSI [scientific controlled],17.26162636505572,17.261066732776662,-6.91580026649551,0.0021999696555909574,0,14.473983248931095,-6.710962900933945,0.00018396297982096798,0,14.458212504022214,-6.7010788254988665,0.0002674101046882112,0,14.463130705613356,-6.680338546195726,0.0002768927325140343,0,-0.9113482317044941,-0.011296385094315827,0.004358215748748293,0,-0.7197662437301391,-0.011269314171790026,0.004392353208921256,0,-1.5002996325868758,1.3745161865833242,0.004320285237445,0,7.158244716912688,11.047438274235024,10.052956627981759,16200.267322385887,80767.32263741616,1.0,2873841.091911468,4.115384615384615,0
baseline_v2_channelphasejitterstddeg0p0_s20260983,channel_phase_jitter_std_deg,channel_phase_jitter_std_deg,0.0,20260983,Baseline V2 controlled single-target case,1.0,0.4,9.0,0.9429692908249396,0.0008759740454186451,-0.006090913320070214,0.00379067540451676,1.0,34.0,0.7200595713042833,0.3396529205579475,-0.06906037393156458,0.06721082744050139,51.58450234451542,0.4832701485177825,-0.4614939879084037,0.0,18,180.0,-53.2468982695,-1.6623959249845826,60,2200,42,88,49204480,49204480,1a60a802d8b036f2ae74b80599b61844d70e9bc1e713639d1bb59acbe1987952,54bfe1990b57e71a0b364b4840d315c289edd733137202c20e0296ca508bfd99,Current legacy CSI [production replay],14.257530393828183,DL-SMI/MVDR local,-0.027129674272774906,Current legacy CSI [production replay],14.257530393828183,14.257530393828183,-6.9470892809670755,0.0018908359884691245,0,11.371977963775002,-6.7091837061412924,9.103322712790169e-05,0,11.414296500197903,-6.702309887110031,0.00020292823547261418,0,11.411449848333422,-6.6753879414495785,0.00020292823547261418,0,-0.9120217551236802,-0.01100778691225635,0.004301319981793355,0,-0.7110839403585834,-0.011035080311130908,0.004346836595357306,0,-1.0440830436911064,1.1450615586594368,0.004236838112577758,0,7.108402296518893,11.057211364819972,10.068986292989003,15606.118624222816,77461.20225040294,1.0,3006657.329027821,4.115384615384615,0
baseline_v2_channelphasejitterstddeg0p0_s20260984,channel_phase_jitter_std_deg,channel_phase_jitter_std_deg,0.0,20260984,Baseline V2 controlled single-target case,1.0,0.4,9.0,0.9351500256271462,0.000871333869147571,-0.006475508467507702,0.004185967597499532,1.0,34.0,0.7175222286205658,0.3409447305489836,-0.06929769682746595,0.0630896829101874,52.34707749348388,0.4904143447152503,-0.46831641733780577,0.0,18,180.0,-53.2468982695,-0.8998207760161177,60,2200,42,88,49204480,49204480,3c8354347d2e8a3971296355e51921dd9e2bf7b226ecdd8d67beb9e635e0376e,5f1818c6eb5040d1e3569f684b0e6d08ed2bf0a2548de65be2fd22cdfb45980d,Current legacy CSI [production replay],15.825520857474682,DL-SMI/MVDR local,0.007575044217102089,Current legacy CSI [production replay],15.825520857474682,15.825520857474682,-6.976460092217951,0.0020254893035958127,0,13.485719927241277,-6.670488370847462,0.00033378849946897286,0,13.651316004445013,-6.694354487863039,0.00037740858746775904,0,13.63995961749055,-6.680373320857841,0.0003736155363374298,0,-1.0042061642108266,-0.011268168160678594,0.004312699135184343,0,-0.785721610731259,-0.011241486651433605,0.004316492186314672,0,-1.0865016118933224,1.5020058357613406,0.004280458200576544,0,7.05414504404991,11.031502535300184,10.053441394104755,16039.41904368452,80749.21624207006,1.0,2948403.061340421,4.092307692307692,0
baseline_v2_channelphasejitterstddeg0p0_s20260985,channel_phase_jitter_std_deg,channel_phase_jitter_std_deg,0.0,20260985,Baseline V2 controlled single-target case,1.0,0.4,9.0,0.9540488947829402,0.0008685289174449178,-0.008626281630926035,0.0038359396342842788,1.0,34.0,0.7218752740343771,0.3454309806364051,-0.06782194274622322,0.06350656118797272,53.164082101697815,0.49806846408068106,-0.47562581092507694,0.0,18,180.0,-53.2468982695,-0.08281616780218845,60,2200,42,88,49204480,49204480,b1407d02d4202ca3a0b474f5b1d99dc41f77bc7d5d5acf5118bed5dd97f8c2fc,a4bd916f120fe7f372dd7892414187e55d83c37fffc28493171e3341a21a224c,Current legacy CSI [production replay],14.717349234667413,DL-SMI/MVDR local,-0.01356710298372299,Current legacy CSI [production replay],14.717349234667413,14.717349234667413,-6.942355942358061,0.0020216962524654833,0,13.187394992917888,-6.708484565604622,0.00027499620694886967,0,13.137909908370847,-6.714488223116543,0.00032620239720831435,0,13.104203462828167,-6.681887871363567,0.00032430587164314974,0,-0.7847448239000681,-0.011268500699349036,0.004380974055530269,0,-0.6136789363398512,-0.011260087527846439,0.0044189045668335605,0,-0.48866055472421266,1.3034947390209624,0.004367698376574116,0,6.983602175914692,10.791841798179666,9.860407750000865,16468.357222599065,81426.59806231507,1.0,2996697.191924321,4.109615384615385,0
baseline_v2_channelphasejitterstddeg3p0_s20260981,channel_phase_jitter_std_deg,channel_phase_jitter_std_deg,3.0,20260981,Baseline V2 controlled single-target case,1.0,0.4,9.0,0.9374864762229235,0.0008656730162094649,-0.006611379967918089,0.003950518222230368,1.0,34.0,0.7056247598274911,0.3477502580728853,-0.062247317283007475,0.05959367976256784,52.33753393301666,0.490324935732421,-0.46823103519675885,0.0,18,180.0,-53.2468982695,-0.909364336483343,60,2200,42,88,49204480,49204480,8996ca77effa427f9404b3519b712d1be8ce1e700e443b97201c359779567193,a8f245fcf049e62eb53f7a125c75ee51842772ccfa20da1ca9f877a52965dec2,Current legacy CSI [scientific controlled],21.107305374147543,DL-SMI/MVDR local,-0.052759924765808375,Current legacy CSI [scientific controlled],21.107305374147543,21.064122350268143,-6.859655783639958,0.0021772113488089818,0,19.264967561707692,-6.689446668398138,0.0003944773175542406,0,19.510723308178555,-6.6594994056784795,0.0004874070702473069,0,19.527702278470258,-6.648500309175215,0.0004987862236382946,0,-1.0759401184896293,-0.00873106178367333,0.004382870581095434,0,-0.8509641216532486,-0.009814606429140851,0.004417008041268397,0,-1.6206199368173402,1.3123664399211727,0.004327871339705659,0,7.031143028604703,10.99873397003423,9.962147221994236,4433.372273412203,25040.611733637346,1.0,2453226.212144867,4.592788461538461,0
baseline_v2_channelphasejitterstddeg3p0_s20260982,channel_phase_jitter_std_deg,channel_phase_jitter_std_deg,3.0,20260982,Baseline V2 controlled single-target case,1.0,0.4,9.0,0.9204673807179431,0.0008775460907158912,-0.0075645243764245265,0.0041239100741973875,1.0,34.0,0.6970902677217057,0.32032892532164386,-0.06771844757350123,0.06790633583687078,52.95309009155092,0.4960917824137967,-0.4737381541943029,0.0,18,180.0,-53.2468982695,-0.2938081779490834,60,2200,42,88,49204480,49204480,a76f2a78cb6466379fb54e9bb79e1b963b3d2ab8174392d51a73b3bd85903ea5,834570c5070604cd9c6619d1ae8c1c5410ce84bce7d3ecf712f57f2607412a95,Current legacy CSI [scientific controlled],17.24789039096951,DL-SMI/MVDR local,-0.04069587760754345,Current legacy CSI [scientific controlled],17.24789039096951,17.239332927377863,-6.918616385419592,0.002406690942193901,0,14.604374564705143,-6.718152174490869,0.0004229252010317099,0,14.597881209024749,-6.70083145198403,0.0004930966469428008,0,14.606774874128675,-6.682537277370454,0.0004987862236382946,0,-0.9162890222873372,-0.02306780244666488,0.0043544226976179636,0,-0.7273440630233434,-0.022700558778000778,0.004405628887877409,0,-1.4689833465312674,1.360925997529216,0.004367698376574116,0,7.192068197554207,11.09274445376931,10.092239477206455,6479.3149904579695,36460.270413424856,1.0,2352314.500766778,4.6379807692307695,0
baseline_v2_channelphasejitterstddeg3p0_s20260983,channel_phase_jitter_std_deg,channel_phase_jitter_std_deg,3.0,20260983,Baseline V2 controlled single-target case,1.0,0.4,9.0,0.9429692908249396,0.0008758152974256511,-0.00597857980274797,0.0037699942292076898,1.0,34.0,0.7023263193597488,0.31889627042489954,-0.06630259553877524,0.06801922169831882,51.58450234451542,0.4832701485177825,-0.4614939879084037,0.0,18,180.0,-53.2468982695,-1.6623959249845826,60,2200,42,88,49204480,49204480,ebcaf20ee9fb316a84848e42a009c4ee3f14f27446a1fb966bfa92a3336290f2,020d45f635a4244efbdf9c02720b1011362462019737aba2e0b34d069fb8fb88,Current legacy CSI [production replay],14.42904345884336,DL-SMI/MVDR local,-0.00913587219653067,Current legacy CSI [production replay],14.42904345884336,14.42904345884336,-6.963337793160332,0.002052040661508117,0,11.397729212140618,-6.712567186098105,0.00024085874677590654,0,11.439220326189577,-6.698981230868137,0.000352753755120619,0,11.435739779648106,-6.670716190744431,0.0003565468062509483,0,-0.8919896572654995,-0.014602380920370372,0.004310802609619178,0,-0.69666822796838,-0.01495936781976081,0.004352526172052799,0,-1.0623919605738816,1.122273606741819,0.004270975572750721,0,7.149876508719632,11.079359352088032,10.116743421537539,5385.700953552363,29461.372956660056,1.0,2469333.426262722,4.638461538461539,0
baseline_v2_channelphasejitterstddeg3p0_s20260984,channel_phase_jitter_std_deg,channel_phase_jitter_std_deg,3.0,20260984,Baseline V2 controlled single-target case,1.0,0.4,9.0,0.9351500256271462,0.0008712340323139368,-0.00639574581225178,0.004200861398958415,1.0,34.0,0.6975953950858879,0.3359763362269972,-0.06659577878406032,0.06384075362530424,52.34707749348388,0.4904143447152503,-0.46831641733780577,0.0,18,180.0,-53.2468982695,-0.8998207760161177,60,2200,42,88,49204480,49204480,b170d356a5bb589af4dab4f5ec92b2065f1f6026a627cb3296105b2794651e83,8bc0dbe5cb7e82113a9ea25d9a544112be3bd4699daf90738a1e13bd7cdfc7db,Current legacy CSI [scientific controlled],15.90863289744252,DL-SMI/MVDR local,-0.0005545595956135685,Current legacy CSI [scientific controlled],15.90863289744252,15.908200095962084,-6.958921054824472,0.0022910028827188593,0,13.555026660363826,-6.67623247267333,0.0005101653770292824,0,13.72629246994277,-6.697346023957376,0.000561371567288727,0,13.714972484044463,-6.682568141028914,0.0005594750417235625,0,-1.0249320204814871,-0.027541050605250215,0.004314595660749507,0,-0.8042711642757563,-0.026940754506894347,0.004316492186314672,0,-1.0813739285604327,1.4797101286988044,0.004320285237445,0,7.06456708054184,11.053348413981269,10.088691229828166,6890.441238333102,40422.10402552304,1.0,2403266.8003009185,4.615384615384615,0
baseline_v2_channelphasejitterstddeg3p0_s20260985,channel_phase_jitter_std_deg,channel_phase_jitter_std_deg,3.0,20260985,Baseline V2 controlled single-target case,1.0,0.4,9.0,0.9540488947829402,0.0008675997414347687,-0.008455031727562639,0.0036737173304279597,1.0,34.0,0.7067931056406407,0.34260299903769237,-0.06533731538027086,0.06298956495563765,53.164082101697815,0.49806846408068106,-0.47562581092507694,0.0,18,180.0,-53.2468982695,-0.08281616780218845,60,2200,42,88,49204480,49204480,0841d03010d5fdb72721b60937517694f5b601b3ece0c2393d44d28e58ae5b17,6c718b3f8ef0a3a0b11dea5635d78dee0864952d3c99655f561d28043131aa8f,Current legacy CSI [production replay],14.65813170697843,DL-SMI/MVDR local,-0.010553158896728476,Current legacy CSI [production replay],14.65813170697843,14.65813170697843,-6.984666026035837,0.002222727962372933,0,13.065247521407311,-6.705728574020183,0.0003793051130329237,0,13.011192552241837,-6.709441967532727,0.0004134425732058868,0,12.977520448627192,-6.6798262926128,0.00041913214990138065,0,-0.7772609943214679,-0.027017600278137415,0.0043714914277044456,0,-0.6092759150118514,-0.026176436617851816,0.0044189045668335605,0,-0.4908984189679497,1.2977252346248072,0.0043714914277044456,0,7.027398211693404,10.876617676241052,9.93262306816289,5100.854795869892,27500.45610421077,1.0,2469790.930714732,4.617307692307692,0
baseline_v2_validsamplefraction1p0_s20260981,valid_sample_fraction,valid_sample_fraction,1.0,20260981,Baseline V2 controlled single-target case,1.0,0.4,9.0,0.9374864762229235,0.0008660372687760726,-0.006703163609681044,0.004053316743882672,1.0,34.0,0.7243728871843109,0.36001528680967665,-0.06547817155448127,0.059730458130790066,52.33753393301666,0.490324935732421,-0.46823103519675885,0.0,18,180.0,-53.2468982695,-0.909364336483343,60,2200,42,88,49204480,49204480,3a9d33df22337a3dc15e50322868de0bf2066c6a5bb888279011df358f56c9e3,f41c259410380f0c3eeabbb2e73a7f58f663b20fb6daa34527d738bbdc17f356,Current legacy CSI [scientific controlled],20.905546570289026,DL-SMI/MVDR local,-0.07503321433317023,Current legacy CSI [scientific controlled],20.905546570289026,20.872187457568003,-6.856554695563542,0.0019401456531634045,0,19.271237096470216,-6.685192616169226,0.000288271885905022,0,19.54408837197486,-6.664862819274625,0.00034516765285996055,0,19.545669035563108,-6.653275903303103,0.0003546502806857836,0,-1.074184371686171,-0.011140844761173562,0.00437338795326961,0,-0.846842175660834,-0.011158261529726994,0.004413214990138067,0,-1.6400520680632749,1.3133665405788606,0.004291837353967531,0,6.989646112069834,10.897856210871065,9.879366025354168,16804.766238819397,84543.18339058201,1.0,2990672.3418755713,4.091826923076923,0
baseline_v2_validsamplefraction1p0_s20260982,valid_sample_fraction,valid_sample_fraction,1.0,20260982,Baseline V2 controlled single-target case,1.0,0.4,9.0,0.9204673807179431,0.0008771508748916763,-0.007431996843085408,0.00412725651449224,1.0,34.0,0.7180324241775414,0.3333769661078824,-0.0703287447481799,0.06787389835998729,52.95309009155092,0.4960917824137967,-0.4737381541943029,0.0,18,180.0,-53.2468982695,-0.2938081779490834,60,2200,42,88,49204480,49204480,0e22ea09a6a89be291d318904c9f448700ec5548a8177ed5d8716f563eccd83e,a37d7f15aaaa94b4277388d38718c5197e3ba92bc404e5ffb8c2f556b97f1cc6,Current legacy CSI [scientific controlled],17.26162636505572,DL-SMI/MVDR local,-0.028316152438201847,Current legacy CSI [scientific controlled],17.26162636505572,17.261066732776662,-6.91580026649551,0.0021999696555909574,0,14.473983248931095,-6.710962900933945,0.00018396297982096798,0,14.458212504022214,-6.7010788254988665,0.0002674101046882112,0,14.463130705613356,-6.680338546195726,0.0002768927325140343,0,-0.9113482317044941,-0.011296385094315827,0.004358215748748293,0,-0.7197662437301391,-0.011269314171790026,0.004392353208921256,0,-1.5002996325868758,1.3745161865833242,0.004320285237445,0,7.158244716912688,11.047438274235024,10.052956627981759,16200.267322385887,80767.32263741616,1.0,2873841.091911468,4.115384615384615,0
baseline_v2_validsamplefraction1p0_s20260983,valid_sample_fraction,valid_sample_fraction,1.0,20260983,Baseline V2 controlled single-target case,1.0,0.4,9.0,0.9429692908249396,0.0008759740454186451,-0.006090913320070214,0.00379067540451676,1.0,34.0,0.7200595713042833,0.3396529205579475,-0.06906037393156458,0.06721082744050139,51.58450234451542,0.4832701485177825,-0.4614939879084037,0.0,18,180.0,-53.2468982695,-1.6623959249845826,60,2200,42,88,49204480,49204480,1a60a802d8b036f2ae74b80599b61844d70e9bc1e713639d1bb59acbe1987952,54bfe1990b57e71a0b364b4840d315c289edd733137202c20e0296ca508bfd99,Current legacy CSI [production replay],14.257530393828183,DL-SMI/MVDR local,-0.027129674272774906,Current legacy CSI [production replay],14.257530393828183,14.257530393828183,-6.9470892809670755,0.0018908359884691245,0,11.371977963775002,-6.7091837061412924,9.103322712790169e-05,0,11.414296500197903,-6.702309887110031,0.00020292823547261418,0,11.411449848333422,-6.6753879414495785,0.00020292823547261418,0,-0.9120217551236802,-0.01100778691225635,0.004301319981793355,0,-0.7110839403585834,-0.011035080311130908,0.004346836595357306,0,-1.0440830436911064,1.1450615586594368,0.004236838112577758,0,7.108402296518893,11.057211364819972,10.068986292989003,15606.118624222816,77461.20225040294,1.0,3006657.329027821,4.115384615384615,0
baseline_v2_validsamplefraction1p0_s20260984,valid_sample_fraction,valid_sample_fraction,1.0,20260984,Baseline V2 controlled single-target case,1.0,0.4,9.0,0.9351500256271462,0.000871333869147571,-0.006475508467507702,0.004185967597499532,1.0,34.0,0.7175222286205658,0.3409447305489836,-0.06929769682746595,0.0630896829101874,52.34707749348388,0.4904143447152503,-0.46831641733780577,0.0,18,180.0,-53.2468982695,-0.8998207760161177,60,2200,42,88,49204480,49204480,3c8354347d2e8a3971296355e51921dd9e2bf7b226ecdd8d67beb9e635e0376e,5f1818c6eb5040d1e3569f684b0e6d08ed2bf0a2548de65be2fd22cdfb45980d,Current legacy CSI [production replay],15.825520857474682,DL-SMI/MVDR local,0.007575044217102089,Current legacy CSI [production replay],15.825520857474682,15.825520857474682,-6.976460092217951,0.0020254893035958127,0,13.485719927241277,-6.670488370847462,0.00033378849946897286,0,13.651316004445013,-6.694354487863039,0.00037740858746775904,0,13.63995961749055,-6.680373320857841,0.0003736155363374298,0,-1.0042061642108266,-0.011268168160678594,0.004312699135184343,0,-0.785721610731259,-0.011241486651433605,0.004316492186314672,0,-1.0865016118933224,1.5020058357613406,0.004280458200576544,0,7.05414504404991,11.031502535300184,10.053441394104755,16039.41904368452,80749.21624207006,1.0,2948403.061340421,4.092307692307692,0
baseline_v2_validsamplefraction1p0_s20260985,valid_sample_fraction,valid_sample_fraction,1.0,20260985,Baseline V2 controlled single-target case,1.0,0.4,9.0,0.9540488947829402,0.0008685289174449178,-0.008626281630926035,0.0038359396342842788,1.0,34.0,0.7218752740343771,0.3454309806364051,-0.06782194274622322,0.06350656118797272,53.164082101697815,0.49806846408068106,-0.47562581092507694,0.0,18,180.0,-53.2468982695,-0.08281616780218845,60,2200,42,88,49204480,49204480,b1407d02d4202ca3a0b474f5b1d99dc41f77bc7d5d5acf5118bed5dd97f8c2fc,a4bd916f120fe7f372dd7892414187e55d83c37fffc28493171e3341a21a224c,Current legacy CSI [production replay],14.717349234667413,DL-SMI/MVDR local,-0.01356710298372299,Current legacy CSI [production replay],14.717349234667413,14.717349234667413,-6.942355942358061,0.0020216962524654833,0,13.187394992917888,-6.708484565604622,0.00027499620694886967,0,13.137909908370847,-6.714488223116543,0.00032620239720831435,0,13.104203462828167,-6.681887871363567,0.00032430587164314974,0,-0.7847448239000681,-0.011268500699349036,0.004380974055530269,0,-0.6136789363398512,-0.011260087527846439,0.0044189045668335605,0,-0.48866055472421266,1.3034947390209624,0.004367698376574116,0,6.983602175914692,10.791841798179666,9.860407750000865,16468.357222599065,81426.59806231507,1.0,2996697.191924321,4.109615384615385,0
baseline_v2_validsamplefraction0p4_s20260981,valid_sample_fraction,valid_sample_fraction,0.4,20260981,Baseline V2 controlled single-target case,0.3923076923076923,0.4,9.0,0.9374864762229235,0.0009430678487354639,-0.007840696992991794,0.008481401229187136,1.0,34.0,0.39640659437415615,0.09120236515169723,2.5779054043532312,0.22719086778685335,52.33753393301666,0.490324935732421,-0.46823103519675885,0.0,18,180.0,-53.2468982695,-0.909364336483343,60,2200,42,88,49204480,49204480,4fc83c776b8ce1f5c41ebd250140715f9fc00d8f60b285610f0a8e4d6121a5ad,76b129bf3eb71ba22297f36eea909a5088e45a18e86dc1452fa6c24a57d6d939,Current legacy CSI [scientific controlled],12.312618539872068,MNEC physical,0.3223831492525244,Current legacy CSI [scientific controlled],12.312618539872068,12.291989379846223,-9.933262390544435,0.0060214686693976635,0,3.876986963540107,-6.196080281099792,0.004929069943862843,0,9.915602432297545,-6.611397869836219,0.003318919739038082,0,9.908588910205632,-6.593143997164179,0.0033928842360795024,0,-0.3195256821319057,-1.0716663256198968,0.004380974055530269,0,-0.17213148652421228,-1.2952817366609781,0.004386663632225762,0,-0.9318031572024554,-0.34165118388316007,0.004343043544226976,0,10.284524247790706,15.773454179997401,14.652369606372586,2448.8047623194934,5033.476578657776,0.9846153846153847,2049376.9497100855,4.490865384615384,0
baseline_v2_validsamplefraction0p4_s20260982,valid_sample_fraction,valid_sample_fraction,0.4,20260982,Baseline V2 controlled single-target case,0.2846153846153846,0.4,9.0,0.9204673807179431,0.0009521717801119185,-0.008020932351829331,0.006790718564435143,1.0,34.0,0.44100771407616685,0.1686362789729619,3.259588640782964,0.07191723429781015,52.95309009155092,0.4960917824137967,-0.4737381541943029,0.0,18,180.0,-53.2468982695,-0.2938081779490834,60,2200,42,88,49204480,49204480,cf3c05ac718aca4ae1623888e8ccac4337b46ba6548fe9b0f20d430f5577c821,6165e4a0b945372f80d92776c4c4da3bb412462ddac05898e27bd9ed42077437,Current legacy CSI [scientific controlled],12.832245438159081,MNEC physical,0.3485227963018964,Current legacy CSI [scientific controlled],12.832245438159081,12.830238959647527,-10.525924861979231,0.004735624336216052,1,3.0497083848209687,-5.854030415091716,0.006070778334091944,0,9.068690391597059,-6.714353060593878,0.003468745258686087,0,9.043344488654391,-6.692578402493683,0.0035958124715521167,0,-0.2504590918570222,-1.856628171726547,0.004210286754665453,0,-0.11777909819188181,-2.076347035995951,0.004198907601274465,0,-0.9411874336574484,-0.8576919029080344,0.004542178728569261,0,9.449520753433676,14.584148839666057,13.529987466235333,2486.810623724979,5395.689004464339,0.9923076923076923,1894778.275846789,4.506730769230769,0
baseline_v2_validsamplefraction0p4_s20260983,valid_sample_fraction,valid_sample_fraction,0.4,20260983,Baseline V2 controlled single-target case,0.4,0.4,9.0,0.9429692908249396,0.0008578945740261883,-0.0062822043815041395,0.005875105438977605,1.0,34.0,0.49518053934426437,0.25271519143697635,2.5081720514679717,0.017568981220706582,51.58450234451542,0.4832701485177825,-0.4614939879084037,0.0,18,180.0,-53.2468982695,-1.6623959249845826,60,2200,42,88,49204480,49204480,42bb102e7724d4aac932f049466d7a40a0ea64e5068f4bb0cb886d40e34912a4,477e04243013094d44dfd9fea96f5fd185e01e44b896780de8019a2c7d44d08b,Current legacy CSI [scientific controlled],7.392689041013932,MNEC physical,0.3255240998586926,Current legacy CSI [scientific controlled],7.392689041013932,7.38601065087357,-10.03904106142568,0.004930966469428008,1,2.6391908556019024,-6.137134381146755,0.006053709604005462,0,5.066077711445197,-6.7521718798794055,0.004054771658321954,0,5.067282882210901,-6.713525552904502,0.004092702169625246,0,-0.31338480048499306,-1.4214096580657365,0.004242527689273252,0,-0.15379032693692896,-1.6234428701403663,0.004227355484751934,0,-0.6397381561251967,-0.4991866889271826,0.004198907601274465,0,9.572732368740734,14.676977656033232,13.643419069433214,2920.167068127394,5627.959464828607,1.0,2071490.9503393678,4.469711538461539,0
baseline_v2_validsamplefraction0p4_s20260984,valid_sample_fraction,valid_sample_fraction,0.4,20260984,Baseline V2 controlled single-target case,0.35384615384615387,0.4,9.0,0.9351500256271462,0.0007979375550991077,-0.006900359373613193,0.00785278939928537,1.0,34.0,0.39242998916161165,0.10057307985813861,2.8053829063255975,0.028127058375113565,52.34707749348388,0.4904143447152503,-0.46831641733780577,0.0,18,180.0,-53.2468982695,-0.8998207760161177,60,2200,42,88,49204480,49204480,1dbc21251f95953f1870c3c6e019fdad551a3b2e10cdce2b4d710eed77c69a8f,1c41f179495a274e4c46cb4ef5589e1c842ded48211b400bcd2840e59f806ccb,Current legacy CSI [production replay],12.136908823389259,Shrinkage-SMI/MVDR local,0.6435082309732907,Current legacy CSI [production replay],12.136908823389259,12.136908823389259,-10.042358913943053,0.004039599453800637,1,3.7796844113772172,-6.036318734007087,0.005799575178273403,0,11.318220966727361,-6.603756901431755,0.00372856926111364,0,11.332440432860949,-6.579303939832695,0.003812016385980883,0,-0.42482085829699656,-1.6711193281090329,0.0041970110757093,0,-0.2491124789883825,-1.8434879073064971,0.004193218024578971,0,-0.5983470199484902,-0.48352245449247566,0.004212183280230618,0,9.16112867880884,14.116239929687886,13.069036336916913,2603.958485469305,5268.093553534207,0.9923076923076923,1985918.5607441491,4.492307692307692,0
baseline_v2_validsamplefraction0p4_s20260985,valid_sample_fraction,valid_sample_fraction,0.4,20260985,Baseline V2 controlled single-target case,0.38461538461538464,0.4,9.0,0.9540488947829402,0.000803462671738779,-0.0075207252867141115,0.007140808138224303,1.0,34.0,0.39266022741138445,0.06305831945180554,2.614028819776612,0.04291867119043111,53.164082101697815,0.49806846408068106,-0.47562581092507694,0.0,18,180.0,-53.2468982695,-0.08281616780218845,60,2200,42,88,49204480,49204480,50c5a3f7cbb3dae7da9d7222c342eedffbbe59a62385b4d634a68ec5b6ba438c,898ee4e740987f09b3092d4be68a52f95540209795bbfb99c1494c9610411e17,Current legacy CSI [scientific controlled],10.472626298179684,Shrinkage-SMI/MVDR local,0.16313809294561388,Current legacy CSI [scientific controlled],10.472626298179684,10.457186875867116,-9.950330993971654,0.004849415870125929,0,3.5088837496362055,-6.200927445625666,0.006643529054771658,0,8.227446256996696,-6.595430320559591,0.004384767106660597,0,8.254696288763707,-6.5946635160442835,0.004426490669094219,0,-0.290581692322462,-1.1580246970767523,0.004341147018661812,0,-0.1818944073251192,-1.3409979281095126,0.0043601122743134576,0,-0.33827958702934247,-0.16414925305089226,0.004314595660749507,0,8.974274377702518,13.988811964461963,12.998016032685076,2985.9116407866222,5761.6041582602875,0.9769230769230769,2066525.488927414,4.523076923076923,0
baseline_v2_targetsnrdbm6p0_s20260981,target_snr_db,target_snr_db,-6.0,20260981,Baseline V2 controlled single-target case,1.0,0.4,9.0,0.9374864762229235,0.0008660372687760726,-0.006703163609681044,0.004053316743882672,1.0,34.0,0.7243728871843109,0.36001528680967665,-0.06547817155448127,0.059730458130790066,52.33753393301666,0.490324935732421,-0.46823103519675885,0.0,18,180.0,-53.2468982695,-0.909364336483343,60,2200,42,88,49204480,49204480,586ce2cded1d83f6a6b1f3eeb199944d851da3d0e6af80cb784893addb3e9675,f41c259410380f0c3eeabbb2e73a7f58f663b20fb6daa34527d738bbdc17f356,Current legacy CSI [scientific controlled],20.676575289769847,DL-SMI/MVDR local,-0.07503314980950648,Current legacy CSI [scientific controlled],20.676575289769847,20.675428489848798,-7.067333109990409,0.001953421332119557,0,19.298105014503754,-6.667120647332952,0.00028447883477469274,0,19.54408830042877,-6.664862890820718,0.00034516765285996055,0,19.5456689640932,-6.653275974773014,0.0003546502806857836,0,-1.0741843040258452,-0.01114077710085125,0.00437338795326961,0,-0.8468421081746627,-0.011158194043557154,0.004413214990138067,0,-1.6400520001951353,1.3133666084469984,0.004291837353967531,0,6.989646112069834,10.897856210871065,9.879366025354168,16804.766238819397,84543.18339058201,1.0,2990672.3418755713,4.091826923076923,0
baseline_v2_targetsnrdbm6p0_s20260982,target_snr_db,target_snr_db,-6.0,20260982,Baseline V2 controlled single-target case,1.0,0.4,9.0,0.9204673807179431,0.0008771508748916763,-0.007431996843085408,0.00412725651449224,1.0,34.0,0.7180324241775414,0.3333769661078824,-0.0703287447481799,0.06787389835998729,52.95309009155092,0.4960917824137967,-0.4737381541943029,0.0,18,180.0,-53.2468982695,-0.2938081779490834,60,2200,42,88,49204480,49204480,8b860f0a8a7c7978cfca7ef8fab215a55666055cacc15d3ae4a8fc5f76073704,a37d7f15aaaa94b4277388d38718c5197e3ba92bc404e5ffb8c2f556b97f1cc6,Current legacy CSI [production replay],16.632292310655906,DL-SMI/MVDR local,-0.028316162563974956,Current legacy CSI [production replay],16.632292310655906,16.632292310655906,-7.526284882889551,0.0022037627067212867,0,14.483010604442978,-6.692133580802895,0.00018396297982096798,0,14.458212576189666,-6.701078753331416,0.0002674101046882112,0,14.463130777622572,-6.680338474186508,0.0002768927325140343,0,-0.9113482522969072,-0.01129640568672652,0.004358215748748293,0,-0.7197662614331346,-0.011269331874785689,0.004392353208921256,0,-1.5002996527292662,1.374516166440932,0.004320285237445,0,7.158244716912688,11.047438274235024,10.052956627981759,16200.267322385887,80767.32263741616,1.0,2873841.091911468,4.115384615384615,0
baseline_v2_targetsnrdbm6p0_s20260983,target_snr_db,target_snr_db,-6.0,20260983,Baseline V2 controlled single-target case,1.0,0.4,9.0,0.9429692908249396,0.0008759740454186451,-0.006090913320070214,0.00379067540451676,1.0,34.0,0.7200595713042833,0.3396529205579475,-0.06906037393156458,0.06721082744050139,51.58450234451542,0.4832701485177825,-0.4614939879084037,0.0,18,180.0,-53.2468982695,-1.6623959249845826,60,2200,42,88,49204480,49204480,56efa67cb3b0b2ee8a725e81a4a8dbadefce471c574aa5147edba0e3098b8d32,54bfe1990b57e71a0b364b4840d315c289edd733137202c20e0296ca508bfd99,Current legacy CSI [production replay],13.523605050554465,DL-SMI/MVDR local,-0.027129717832409028,Current legacy CSI [production replay],13.523605050554465,13.523605050554465,-7.659297293765244,0.0018908359884691245,0,11.37857237964075,-6.691006092892292,9.29297526930663e-05,0,11.414296509481545,-6.702309877826391,0.00020292823547261418,0,11.411449857519715,-6.675387932263286,0.00020292823547261418,0,-0.9120218008282066,-0.011007832616785018,0.004301319981793355,0,-0.7110839833952962,-0.011035123347845743,0.004346836595357306,0,-1.0440830856766379,1.1450615166739035,0.004236838112577758,0,7.108402296518893,11.057211364819972,10.068986292989003,15606.118624222816,77461.20225040294,1.0,3006657.329027821,4.115384615384615,0
baseline_v2_targetsnrdbm6p0_s20260984,target_snr_db,target_snr_db,-6.0,20260984,Baseline V2 controlled single-target case,1.0,0.4,9.0,0.9351500256271462,0.000871333869147571,-0.006475508467507702,0.004185967597499532,1.0,34.0,0.7175222286205658,0.3409447305489836,-0.06929769682746595,0.0630896829101874,52.34707749348388,0.4904143447152503,-0.46831641733780577,0.0,18,180.0,-53.2468982695,-0.8998207760161177,60,2200,42,88,49204480,49204480,521a6e48c8b160061a3bd083a83337c2d15205526426a1d773d36f826e9d978b,5f1818c6eb5040d1e3569f684b0e6d08ed2bf0a2548de65be2fd22cdfb45980d,Current legacy CSI [production replay],15.249050359238442,DL-SMI/MVDR local,0.0075750061717307915,Current legacy CSI [production replay],15.249050359238442,15.249050359238442,-7.533531803898782,0.0020216962524654833,0,13.49251427315842,-6.652365083360533,0.0003356850250341375,0,13.651315929796407,-6.694354562511643,0.00037740858746775904,0,13.639959542887405,-6.680373395460987,0.0003736155363374298,0,-1.0042061941017835,-0.01126819805163486,0.004312699135184343,0,-0.7857216429390235,-0.011241518859195583,0.004316492186314672,0,-1.086501639657289,1.5020058079973744,0.004280458200576544,0,7.05414504404991,11.031502535300184,10.053441394104755,16039.41904368452,80749.21624207006,1.0,2948403.061340421,4.092307692307692,0
baseline_v2_targetsnrdbm6p0_s20260985,target_snr_db,target_snr_db,-6.0,20260985,Baseline V2 controlled single-target case,1.0,0.4,9.0,0.9540488947829402,0.0008685289174449178,-0.008626281630926035,0.0038359396342842788,1.0,34.0,0.7218752740343771,0.3454309806364051,-0.06782194274622322,0.06350656118797272,53.164082101697815,0.49806846408068106,-0.47562581092507694,0.0,18,180.0,-53.2468982695,-0.08281616780218845,60,2200,42,88,49204480,49204480,003d9e0945e934da38a07eb2031636dd64f324520cde922b6d8fccb255ea5c4d,a4bd916f120fe7f372dd7892414187e55d83c37fffc28493171e3341a21a224c,Current legacy CSI [production replay],13.331502126677863,DL-SMI/MVDR local,-0.013567058577864444,Current legacy CSI [production replay],13.331502126677863,13.331502126677863,-8.267996583330229,0.0020216962524654833,0,13.1630758802737,-6.689671546816327,0.00027499620694886967,0,13.137909871215053,-6.714488260272336,0.00032620239720831435,0,13.104203425800211,-6.681887908391521,0.00032430587164314974,0,-0.7847447771171563,-0.01126845391643784,0.004380974055530269,0,-0.6136788894857741,-0.011260040673768013,0.0044189045668335605,0,-0.48866050066189537,1.3034947930832796,0.004367698376574116,0,6.983602175914692,10.791841798179666,9.860407750000865,16468.357222599065,81426.59806231507,1.0,2996697.191924321,4.109615384615385,0
baseline_v2_targetsnrdb10p0_s20260981,target_snr_db,target_snr_db,10.0,20260981,Baseline V2 controlled single-target case,1.0,0.4,9.0,0.9374864762229235,0.0008660372687760726,-0.006703163609681044,0.004053316743882672,1.0,34.0,0.7243728871843109,0.36001528680967665,-0.06547817155448127,0.059730458130790066,52.33753393301666,0.490324935732421,-0.46823103519675885,0.0,18,180.0,-53.2468982695,-0.909364336483343,60,2200,42,88,49204480,49204480,3a9d33df22337a3dc15e50322868de0bf2066c6a5bb888279011df358f56c9e3,f41c259410380f0c3eeabbb2e73a7f58f663b20fb6daa34527d738bbdc17f356,Current legacy CSI [scientific controlled],20.905546570289026,DL-SMI/MVDR local,-0.07503321433317023,Current legacy CSI [scientific controlled],20.905546570289026,20.872187457568003,-6.856554695563542,0.0019401456531634045,0,19.271237096470216,-6.685192616169226,0.000288271885905022,0,19.54408837197486,-6.664862819274625,0.00034516765285996055,0,19.545669035563108,-6.653275903303103,0.0003546502806857836,0,-1.074184371686171,-0.011140844761173562,0.00437338795326961,0,-0.846842175660834,-0.011158261529726994,0.004413214990138067,0,-1.6400520680632749,1.3133665405788606,0.004291837353967531,0,6.989646112069834,10.897856210871065,9.879366025354168,16804.766238819397,84543.18339058201,1.0,2990672.3418755713,4.091826923076923,0
baseline_v2_targetsnrdb10p0_s20260982,target_snr_db,target_snr_db,10.0,20260982,Baseline V2 controlled single-target case,1.0,0.4,9.0,0.9204673807179431,0.0008771508748916763,-0.007431996843085408,0.00412725651449224,1.0,34.0,0.7180324241775414,0.3333769661078824,-0.0703287447481799,0.06787389835998729,52.95309009155092,0.4960917824137967,-0.4737381541943029,0.0,18,180.0,-53.2468982695,-0.2938081779490834,60,2200,42,88,49204480,49204480,0e22ea09a6a89be291d318904c9f448700ec5548a8177ed5d8716f563eccd83e,a37d7f15aaaa94b4277388d38718c5197e3ba92bc404e5ffb8c2f556b97f1cc6,Current legacy CSI [scientific controlled],17.26162636505572,DL-SMI/MVDR local,-0.028316152438201847,Current legacy CSI [scientific controlled],17.26162636505572,17.261066732776662,-6.91580026649551,0.0021999696555909574,0,14.473983248931095,-6.710962900933945,0.00018396297982096798,0,14.458212504022214,-6.7010788254988665,0.0002674101046882112,0,14.463130705613356,-6.680338546195726,0.0002768927325140343,0,-0.9113482317044941,-0.011296385094315827,0.004358215748748293,0,-0.7197662437301391,-0.011269314171790026,0.004392353208921256,0,-1.5002996325868758,1.3745161865833242,0.004320285237445,0,7.158244716912688,11.047438274235024,10.052956627981759,16200.267322385887,80767.32263741616,1.0,2873841.091911468,4.115384615384615,0
baseline_v2_targetsnrdb10p0_s20260983,target_snr_db,target_snr_db,10.0,20260983,Baseline V2 controlled single-target case,1.0,0.4,9.0,0.9429692908249396,0.0008759740454186451,-0.006090913320070214,0.00379067540451676,1.0,34.0,0.7200595713042833,0.3396529205579475,-0.06906037393156458,0.06721082744050139,51.58450234451542,0.4832701485177825,-0.4614939879084037,0.0,18,180.0,-53.2468982695,-1.6623959249845826,60,2200,42,88,49204480,49204480,1a60a802d8b036f2ae74b80599b61844d70e9bc1e713639d1bb59acbe1987952,54bfe1990b57e71a0b364b4840d315c289edd733137202c20e0296ca508bfd99,Current legacy CSI [production replay],14.257530393828183,DL-SMI/MVDR local,-0.027129674272774906,Current legacy CSI [production replay],14.257530393828183,14.257530393828183,-6.9470892809670755,0.0018908359884691245,0,11.371977963775002,-6.7091837061412924,9.103322712790169e-05,0,11.414296500197903,-6.702309887110031,0.00020292823547261418,0,11.411449848333422,-6.6753879414495785,0.00020292823547261418,0,-0.9120217551236802,-0.01100778691225635,0.004301319981793355,0,-0.7110839403585834,-0.011035080311130908,0.004346836595357306,0,-1.0440830436911064,1.1450615586594368,0.004236838112577758,0,7.108402296518893,11.057211364819972,10.068986292989003,15606.118624222816,77461.20225040294,1.0,3006657.329027821,4.115384615384615,0
baseline_v2_targetsnrdb10p0_s20260984,target_snr_db,target_snr_db,10.0,20260984,Baseline V2 controlled single-target case,1.0,0.4,9.0,0.9351500256271462,0.000871333869147571,-0.006475508467507702,0.004185967597499532,1.0,34.0,0.7175222286205658,0.3409447305489836,-0.06929769682746595,0.0630896829101874,52.34707749348388,0.4904143447152503,-0.46831641733780577,0.0,18,180.0,-53.2468982695,-0.8998207760161177,60,2200,42,88,49204480,49204480,3c8354347d2e8a3971296355e51921dd9e2bf7b226ecdd8d67beb9e635e0376e,5f1818c6eb5040d1e3569f684b0e6d08ed2bf0a2548de65be2fd22cdfb45980d,Current legacy CSI [production replay],15.825520857474682,DL-SMI/MVDR local,0.007575044217102089,Current legacy CSI [production replay],15.825520857474682,15.825520857474682,-6.976460092217951,0.0020254893035958127,0,13.485719927241277,-6.670488370847462,0.00033378849946897286,0,13.651316004445013,-6.694354487863039,0.00037740858746775904,0,13.63995961749055,-6.680373320857841,0.0003736155363374298,0,-1.0042061642108266,-0.011268168160678594,0.004312699135184343,0,-0.785721610731259,-0.011241486651433605,0.004316492186314672,0,-1.0865016118933224,1.5020058357613406,0.004280458200576544,0,7.05414504404991,11.031502535300184,10.053441394104755,16039.41904368452,80749.21624207006,1.0,2948403.061340421,4.092307692307692,0
baseline_v2_targetsnrdb10p0_s20260985,target_snr_db,target_snr_db,10.0,20260985,Baseline V2 controlled single-target case,1.0,0.4,9.0,0.9540488947829402,0.0008685289174449178,-0.008626281630926035,0.0038359396342842788,1.0,34.0,0.7218752740343771,0.3454309806364051,-0.06782194274622322,0.06350656118797272,53.164082101697815,0.49806846408068106,-0.47562581092507694,0.0,18,180.0,-53.2468982695,-0.08281616780218845,60,2200,42,88,49204480,49204480,b1407d02d4202ca3a0b474f5b1d99dc41f77bc7d5d5acf5118bed5dd97f8c2fc,a4bd916f120fe7f372dd7892414187e55d83c37fffc28493171e3341a21a224c,Current legacy CSI [production replay],14.717349234667413,DL-SMI/MVDR local,-0.01356710298372299,Current legacy CSI [production replay],14.717349234667413,14.717349234667413,-6.942355942358061,0.0020216962524654833,0,13.187394992917888,-6.708484565604622,0.00027499620694886967,0,13.137909908370847,-6.714488223116543,0.00032620239720831435,0,13.104203462828167,-6.681887871363567,0.00032430587164314974,0,-0.7847448239000681,-0.011268500699349036,0.004380974055530269,0,-0.6136789363398512,-0.011260087527846439,0.0044189045668335605,0,-0.48866055472421266,1.3034947390209624,0.004367698376574116,0,6.983602175914692,10.791841798179666,9.860407750000865,16468.357222599065,81426.59806231507,1.0,2996697.191924321,4.109615384615385,0
baseline_v2_targetradialspeedmps0p0_s20260981,target_radial_speed_mps,target_radial_speed_mps,0.0,20260981,Baseline V2 controlled single-target case,1.0,0.4,9.0,0.9374864762229235,0.0008660372687760726,-0.006703163609681044,0.004053316743882672,1.0,34.0,0.7243728871843109,0.36001528680967665,-0.06547817155448127,0.059730458130790066,0.9093643364841264,0.008519392801628604,0.008135420886460762,0.0,23,230.0,7.83355978204e-13,-0.909364336483343,65,2200,42,88,49204480,49204480,b33ae2ed200705e8608dd3654da03f7c3f7910dc35d08709ba5d855ceafe13b4,f41c259410380f0c3eeabbb2e73a7f58f663b20fb6daa34527d738bbdc17f356,Current legacy CSI [production replay],-0.2269260333645775,Corrected JDL physical,1.5705654941602916,Corrected JDL physical,1.5705654941602916,-0.2269260333645775,-30.09881846767825,0.001953421332119557,1,-0.7523047529494744,-26.808070763284817,0.00028447883477469274,1,-0.7290147730121674,-26.99767358405903,0.00034516765285996055,1,-0.766341493837496,-27.00335640583998,0.0003546502806857836,1,-0.09362723054420563,-0.01249270764219022,0.00437338795326961,0,-0.06950538969532971,-0.01246955552254396,0.004413214990138067,0,1.5705654941602916,1.6329954894861798,0.004291837353967531,0,6.989646112069834,10.897856210871065,9.879366025354168,16804.766238819397,84543.18339058201,1.0,2990672.3418755713,4.091826923076923,0
baseline_v2_targetradialspeedmps0p0_s20260982,target_radial_speed_mps,target_radial_speed_mps,0.0,20260982,Baseline V2 controlled single-target case,1.0,0.4,9.0,0.9204673807179431,0.0008771508748916763,-0.007431996843085408,0.00412725651449224,1.0,34.0,0.7180324241775414,0.3333769661078824,-0.0703287447481799,0.06787389835998729,0.2938081779498668,0.002752546120252874,0.0026284879276819604,0.0,23,230.0,7.83355978204e-13,-0.2938081779490834,65,2200,42,88,49204480,49204480,d8c51045045334e2dc29a0f348d1c25c27f8f95582ba1b5d70e623b27f425654,a37d7f15aaaa94b4277388d38718c5197e3ba92bc404e5ffb8c2f556b97f1cc6,Current legacy CSI [scientific controlled],2.6791141900871103,SA-MNEC physical [approximate academic reference],0.003414160202779737,Current legacy CSI [scientific controlled],2.6791141900871103,2.677849417489355,-28.150618690635042,0.0022037627067212867,1,-3.521193460890901,-27.179313580321182,0.00018396297982096798,1,-3.0913468766252192,-27.45874526269318,0.0002674101046882112,1,-3.11132875699422,-27.47975760998846,0.0002768927325140343,1,-0.08496117957975047,-0.012467564943373522,0.004358215748748293,0,-0.0657191872359233,-0.012445745241399174,0.004392353208921256,0,-0.44382421997933386,1.6031778859166863,0.004320285237445,0,7.158244716912688,11.047438274235024,10.052956627981759,16200.267322385887,80767.32263741616,1.0,2873841.091911468,4.115384615384615,0
baseline_v2_targetradialspeedmps0p0_s20260983,target_radial_speed_mps,target_radial_speed_mps,0.0,20260983,Baseline V2 controlled single-target case,1.0,0.4,9.0,0.9429692908249396,0.0008759740454186451,-0.006090913320070214,0.00379067540451676,1.0,34.0,0.7200595713042833,0.3396529205579475,-0.06906037393156458,0.06721082744050139,1.662395924985366,0.015574180016267076,0.014872246572157959,0.0,23,230.0,7.83355978204e-13,-1.6623959249845826,65,2200,42,88,49204480,49204480,4dc06b18e00b68d9cff6a2b475378ef5fef789dbb37a4e411162e27db7c0d3e2,54bfe1990b57e71a0b364b4840d315c289edd733137202c20e0296ca508bfd99,Current legacy CSI [scientific controlled],-2.2837701589141277,Corrected JDL physical,1.11963296516324,Corrected JDL physical,1.11963296516324,-2.2838493623234193,-29.54104823239406,0.0018908359884691245,1,-3.5926276274175546,-26.978055043874182,9.29297526930663e-05,1,-3.4597250334299634,-27.227454884246903,0.00020292823547261418,1,-3.464131002835498,-27.219483177602942,0.00020292823547261418,1,-0.043281476394933405,-0.01243334320894988,0.004301319981793355,0,-0.030600462352905144,-0.012408409062143463,0.004346836595357306,0,1.11963296516324,1.587639467087133,0.004236838112577758,0,7.108402296518893,11.057211364819972,10.068986292989003,15606.118624222816,77461.20225040294,1.0,3006657.329027821,4.115384615384615,0
baseline_v2_targetradialspeedmps0p0_s20260984,target_radial_speed_mps,target_radial_speed_mps,0.0,20260984,Baseline V2 controlled single-target case,1.0,0.4,9.0,0.9351500256271462,0.000871333869147571,-0.006475508467507702,0.004185967597499532,1.0,34.0,0.7175222286205658,0.3409447305489836,-0.06929769682746595,0.0630896829101874,0.899820776016901,0.008429983818799194,0.008050041596164376,0.0,23,230.0,7.83355978204e-13,-0.8998207760161177,65,2200,42,88,49204480,49204480,76689974a1912d22d1026d2173f6d013e97936aa37177e3a72d01e1b9df2bd1d,5f1818c6eb5040d1e3569f684b0e6d08ed2bf0a2548de65be2fd22cdfb45980d,Current legacy CSI [production replay],-3.3552528826937733,Corrected JDL physical,0.6275054411942984,Corrected JDL physical,0.6275054411942984,-3.3552528826937733,-28.249241960998333,0.0020216962524654833,1,-5.681914740720763,-26.95455790470041,0.0003356850250341375,1,-5.392853208777454,-27.322598684634283,0.00037740858746775904,1,-5.436574796900021,-27.319327616085438,0.0003736155363374298,1,-0.1514600375566485,-0.012496599513200169,0.004312699135184343,0,-0.11899179005263838,-0.012473403912792499,0.004316492186314672,0,0.6275054411942984,1.5392904948107564,0.004280458200576544,0,7.05414504404991,11.031502535300184,10.053441394104755,16039.41904368452,80749.21624207006,1.0,2948403.061340421,4.092307692307692,0
baseline_v2_targetradialspeedmps0p0_s20260985,target_radial_speed_mps,target_radial_speed_mps,0.0,20260985,Baseline V2 controlled single-target case,1.0,0.4,9.0,0.9540488947829402,0.0008685289174449178,-0.008626281630926035,0.0038359396342842788,1.0,34.0,0.7218752740343771,0.3454309806364051,-0.06782194274622322,0.06350656118797272,0.08281616780297181,0.000775864453368543,0.0007408959775580176,0.0,23,230.0,7.83355978204e-13,-0.08281616780218845,65,2200,42,88,49204480,49204480,9faad29065a1ec6d3080a2640d2bc65b8f9e313a9e53048515724889c43d4114,a4bd916f120fe7f372dd7892414187e55d83c37fffc28493171e3341a21a224c,Current legacy CSI [production replay],0.23582100695338526,Corrected JDL physical,0.22336328337800626,Current legacy CSI [production replay],0.23582100695338526,0.23582100695338526,-29.397838632348567,0.0020197997269003187,1,-2.634111672786579,-28.21047940483297,0.00027499620694886967,1,-2.7379222796279423,-28.4111646363186,0.00032620239720831435,1,-2.760144050446084,-28.398852154057987,0.00032430587164314974,1,-0.12404438909601834,-0.012284559972246223,0.004380974055530269,0,-0.09879329618302468,-0.012260556067256945,0.0044189045668335605,0,0.22336328337800626,1.5455680600459976,0.004367698376574116,0,6.983602175914692,10.791841798179666,9.860407750000865,16468.357222599065,81426.59806231507,1.0,2996697.191924321,4.109615384615385,0
baseline_v2_targetradialspeedmps4p0_s20260981,target_radial_speed_mps,target_radial_speed_mps,4.0,20260981,Baseline V2 controlled single-target case,1.0,0.4,9.0,0.9374864762229235,0.0008660372687760726,-0.006703163609681044,0.004053316743882672,1.0,34.0,0.7243728871843109,0.36001528680967665,-0.06547817155448127,0.059730458130790066,425.06582181951666,3.9822352354707165,-3.805551972913327,0.0,-20,-200.0,-425.975186156,-0.909364336483343,22,2200,42,88,49204480,49204480,c509a9cb8a914dd117f6ca16997a98d21fb9cfbd6cc39457263582a3823eb3af,f41c259410380f0c3eeabbb2e73a7f58f663b20fb6daa34527d738bbdc17f356,Current legacy CSI [production replay],0.0,Corrected JDL physical,20.916658300459765,Corrected JDL physical,20.916658300459765,0.0,0.0,0.0019572143832498863,0,0.0,0.0,0.00028447883477469274,0,0.0,0.0,0.00034516765285996055,0,0.0,0.0,0.0003546502806857836,0,0.5144881141157924,-0.011799074965449937,0.00437338795326961,0,0.5386459972681195,-0.011785680827166089,0.004413214990138067,0,20.916658300459765,3.0788681404505382,0.004291837353967531,0,6.989646112069834,10.897856210871065,9.879366025354168,16804.766238819397,84543.18339058201,1.0,2990672.3418755713,4.091826923076923,0
baseline_v2_targetradialspeedmps4p0_s20260982,target_radial_speed_mps,target_radial_speed_mps,4.0,20260982,Baseline V2 controlled single-target case,1.0,0.4,9.0,0.9204673807179431,0.0008771508748916763,-0.007431996843085408,0.00412725651449224,1.0,34.0,0.7180324241775414,0.3333769661078824,-0.0703287447481799,0.06787389835998729,425.68137797805093,3.988002082152092,-3.8110710929265554,0.0,-20,-200.0,-425.975186156,-0.2938081779490834,22,2200,42,88,49204480,49204480,36ca8c0286f7e9401e2d30fc0dde7af64182c5255a8e7910cd947ad0e750d383,a37d7f15aaaa94b4277388d38718c5197e3ba92bc404e5ffb8c2f556b97f1cc6,Current legacy CSI [production replay],0.0,Corrected JDL physical,20.070838668194547,Corrected JDL physical,20.070838668194547,0.0,0.0,0.0022132453345471096,0,0.0,0.0,0.0001877560309512972,0,0.0,0.0,0.0002674101046882112,0,0.0,0.0,0.0002768927325140343,0,-0.3437475057553385,-0.011774585234339057,0.004358215748748293,0,-0.33211785206512445,-0.011759661801169082,0.004392353208921256,0,20.070838668194547,3.105173998036098,0.004320285237445,0,7.158244716912688,11.047438274235024,10.052956627981759,16200.267322385887,80767.32263741616,1.0,2873841.091911468,4.115384615384615,0
baseline_v2_targetradialspeedmps4p0_s20260983,target_radial_speed_mps,target_radial_speed_mps,4.0,20260983,Baseline V2 controlled single-target case,1.0,0.4,9.0,0.9429692908249396,0.0008759740454186451,-0.006090913320070214,0.00379067540451676,1.0,34.0,0.7200595713042833,0.3396529205579475,-0.06906037393156458,0.06721082744050139,424.3127902310154,3.975180448256078,-3.798800286567195,0.0,-20,-200.0,-425.975186156,-1.6623959249845826,22,2200,42,88,49204480,49204480,b4a5f3a262d1599ff3b1d2a0c952db381bc5f7cc204a9aa0ec6c86d720413e90,54bfe1990b57e71a0b364b4840d315c289edd733137202c20e0296ca508bfd99,Current legacy CSI [production replay],0.0,Corrected JDL physical,20.093807025484367,Corrected JDL physical,20.093807025484367,0.0,0.0,0.0018908359884691245,0,0.0,0.0,9.103322712790169e-05,0,0.0,0.0,0.00020292823547261418,0,0.0,0.0,0.00020292823547261418,0,-0.7428788685054002,-0.011719311782778677,0.004301319981793355,0,-0.7419377019554361,-0.011706537471097723,0.004346836595357306,0,20.093807025484367,3.0816928274363087,0.004236838112577758,0,7.108402296518893,11.057211364819972,10.068986292989003,15606.118624222816,77461.20225040294,1.0,3006657.329027821,4.115384615384615,0
baseline_v2_targetradialspeedmps4p0_s20260984,target_radial_speed_mps,target_radial_speed_mps,4.0,20260984,Baseline V2 controlled single-target case,1.0,0.4,9.0,0.9351500256271462,0.000871333869147571,-0.006475508467507702,0.004185967597499532,1.0,34.0,0.7175222286205658,0.3409447305489836,-0.06929769682746595,0.0630896829101874,425.0753653799839,3.982324644453546,-3.805637540880818,0.0,-20,-200.0,-425.975186156,-0.8998207760161177,22,2200,42,88,49204480,49204480,2ee7f1fb56b8c5be8215275b222149c83cb5616d460932adf0d343cf97cec308,5f1818c6eb5040d1e3569f684b0e6d08ed2bf0a2548de65be2fd22cdfb45980d,Current legacy CSI [production replay],0.0,Corrected JDL physical,20.386424855198094,Corrected JDL physical,20.386424855198094,0.0,0.0,0.0020160066757699893,0,0.0,0.0,0.00033378849946897286,0,0.0,0.0,0.00037740858746775904,0,0.0,0.0,0.0003736155363374298,0,-0.5694908557167082,-0.01170995965544297,0.004312699135184343,0,-0.5776210820046899,-0.011695373893239143,0.004316492186314672,0,20.386424855198094,3.153246309677492,0.004280458200576544,0,7.05414504404991,11.031502535300184,10.053441394104755,16039.41904368452,80749.21624207006,1.0,2948403.061340421,4.092307692307692,0
baseline_v2_targetradialspeedmps4p0_s20260985,target_radial_speed_mps,target_radial_speed_mps,4.0,20260985,Baseline V2 controlled single-target case,1.0,0.4,9.0,0.9540488947829402,0.0008685289174449178,-0.008626281630926035,0.0038359396342842788,1.0,34.0,0.7218752740343771,0.3454309806364051,-0.06782194274622322,0.06350656118797272,425.8923699881978,3.9899787638189763,-3.812962870345757,0.0,-20,-200.0,-425.975186156,-0.08281616780218845,22,2200,42,88,49204480,49204480,3efe31ab6ad4bcceb96838d9687c62e30cbd5e1cf1db049475ea6d3921e08818,a4bd916f120fe7f372dd7892414187e55d83c37fffc28493171e3341a21a224c,Current legacy CSI [production replay],0.0,Corrected JDL physical,20.368495615858237,Corrected JDL physical,20.368495615858237,0.0,0.0,0.0020197997269003187,0,0.0,0.0,0.00027309968138370506,0,0.0,0.0,0.00032620239720831435,0,0.0,0.0,0.00032430587164314974,0,-0.345685459648287,-0.011815569490327174,0.004380974055530269,0,-0.3458402368538387,-0.011801722793470975,0.0044189045668335605,0,20.368495615858237,3.146872407493018,0.004367698376574116,0,6.983602175914692,10.791841798179666,9.860407750000865,16468.357222599065,81426.59806231507,1.0,2996697.191924321,4.109615384615385,0
baseline_v2_supportedgeradialspeedmps1p8_s20260981,support_edge_radial_speed_mps,support_edge_radial_speed_mps,1.8,20260981,Baseline V2 controlled single-target case,1.0,0.4,9.0,0.9374864762229235,0.0008660372687760726,-0.006703163609681044,0.004053316743882672,1.0,34.0,0.7243728871843109,0.36001528680967665,-0.06547817155448127,0.059730458130790066,190.77946943351665,1.787320189919057,-1.7070175800832394,0.0,4,40.0,-191.68883377,-0.909364336483343,46,2200,42,88,49204480,49204480,e6582133bfdc083e8aedca01c82641651da175601a31b7266dd8105956b949ab,f41c259410380f0c3eeabbb2e73a7f58f663b20fb6daa34527d738bbdc17f356,Current legacy CSI [scientific controlled],9.201615292665942,Corrected JDL physical,1.9923771224263973,Current legacy CSI [scientific controlled],9.201615292665942,9.201371049719839,3.321845436210014,0.0019458352298588986,0,5.287368325067632,3.5268816834137295,0.0002863753603398574,0,5.638285779714707,1.801519579845782,0.00034516765285996055,0,5.5133615380521235,1.854644835759217,0.0003546502806857836,0,-0.2741368574419596,-0.012554601932925088,0.00437338795326961,0,-0.0863727206655085,-0.012530396820269196,0.004413214990138067,0,1.9923771224263973,2.589063576512201,0.004291837353967531,0,6.989646112069834,10.897856210871065,9.879366025354168,16804.766238819397,84543.18339058201,1.0,2990672.3418755713,4.091826923076923,0
baseline_v2_supportedgeradialspeedmps1p8_s20260982,support_edge_radial_speed_mps,support_edge_radial_speed_mps,1.8,20260982,Baseline V2 controlled single-target case,1.0,0.4,9.0,0.9204673807179431,0.0008771508748916763,-0.007431996843085408,0.00412725651449224,1.0,34.0,0.7180324241775414,0.3333769661078824,-0.0703287447481799,0.06787389835998729,191.39502559205093,1.7930870366004328,-1.7125269658747586,0.0,4,40.0,-191.68883377,-0.2938081779490834,46,2200,42,88,49204480,49204480,d16c835c775dfcebca705df9c6c585ceb214e0ac92cf84f9341475e0b9d4640b,a37d7f15aaaa94b4277388d38718c5197e3ba92bc404e5ffb8c2f556b97f1cc6,Current legacy CSI [production replay],10.79547008732106,DL-SMI/MVDR local,1.7770678326832083,Current legacy CSI [production replay],10.79547008732106,10.79547008732106,3.497685831492018,0.0022094522834167803,0,7.04055215073317,3.51726526187743,0.00018396297982096798,0,7.056680640292203,1.6228239805425462,0.0002674101046882112,0,7.140057949130284,1.7338058994662073,0.0002768927325140343,0,-0.10798765478475758,-0.01260502260287006,0.004358215748748293,0,0.06957874644881912,-0.012579710585969142,0.004392353208921256,0,-0.6092061758704759,2.6140236525397453,0.004320285237445,0,7.158244716912688,11.047438274235024,10.052956627981759,16200.267322385887,80767.32263741616,1.0,2873841.091911468,4.115384615384615,0
baseline_v2_supportedgeradialspeedmps1p8_s20260983,support_edge_radial_speed_mps,support_edge_radial_speed_mps,1.8,20260983,Baseline V2 controlled single-target case,1.0,0.4,9.0,0.9429692908249396,0.0008759740454186451,-0.006090913320070214,0.00379067540451676,1.0,34.0,0.7200595713042833,0.3396529205579475,-0.06906037393156458,0.06721082744050139,190.0264378450154,1.7802654027044185,-1.7002777753335414,0.0,4,40.0,-191.68883377,-1.6623959249845826,46,2200,42,88,49204480,49204480,97cc147f4dd1c7e8c74d0e7226603b8138af398457733f434dc5d2de7ab63087,54bfe1990b57e71a0b364b4840d315c289edd733137202c20e0296ca508bfd99,Current legacy CSI [production replay],6.022382343464752,Corrected JDL physical,1.8943962029402783,Current legacy CSI [production replay],6.022382343464752,6.022382343464752,3.4475477912133554,0.0018927325140342891,0,2.9806163044782963,3.5168328659703336,9.29297526930663e-05,0,3.1488534083398925,1.6173836265356811,0.00020292823547261418,0,3.1769786907964352,1.728848451940427,0.00020292823547261418,0,-1.1415424974214474,-0.012444843545426312,0.004301319981793355,0,-1.023866058159694,-0.01242287573465644,0.004346836595357306,0,1.8943962029402783,2.5847848244031586,0.004236838112577758,0,7.108402296518893,11.057211364819972,10.068986292989003,15606.118624222816,77461.20225040294,1.0,3006657.329027821,4.115384615384615,0
baseline_v2_supportedgeradialspeedmps1p8_s20260984,support_edge_radial_speed_mps,support_edge_radial_speed_mps,1.8,20260984,Baseline V2 controlled single-target case,1.0,0.4,9.0,0.9351500256271462,0.000871333869147571,-0.006475508467507702,0.004185967597499532,1.0,34.0,0.7175222286205658,0.3409447305489836,-0.06929769682746595,0.0630896829101874,190.78901299398387,1.7874095989018863,-1.7071029972811014,0.0,4,40.0,-191.68883377,-0.8998207760161177,46,2200,42,88,49204480,49204480,b1f9d28246433e8dfdc30c4dea9a133679a682094190e7ad536eb0748aa4c0b1,5f1818c6eb5040d1e3569f684b0e6d08ed2bf0a2548de65be2fd22cdfb45980d,Current legacy CSI [scientific controlled],4.963921928558339,Corrected JDL physical,-0.41212700616477704,Current legacy CSI [scientific controlled],4.963921928558339,4.96224003976679,3.499607622169119,0.0020160066757699893,0,1.6012812869299395,3.531807270639659,0.0003356850250341375,0,0.21305179074938252,1.738854968120944,0.00037740858746775904,0,0.2751459431415988,1.8455448418998408,0.0003736155363374298,0,-1.0934860082911726,-0.012615568921036676,0.004312699135184343,0,-1.0407038461325833,-0.0125886133571487,0.004316492186314672,0,-0.41212700616477704,2.6760645380523536,0.004280458200576544,0,7.05414504404991,11.031502535300184,10.053441394104755,16039.41904368452,80749.21624207006,1.0,2948403.061340421,4.092307692307692,0
baseline_v2_supportedgeradialspeedmps1p8_s20260985,support_edge_radial_speed_mps,support_edge_radial_speed_mps,1.8,20260985,Baseline V2 controlled single-target case,1.0,0.4,9.0,0.9540488947829402,0.0008685289174449178,-0.008626281630926035,0.0038359396342842788,1.0,34.0,0.7218752740343771,0.3454309806364051,-0.06782194274622322,0.06350656118797272,191.60601760219782,1.7950637182673173,-1.7144154022242781,0.0,4,40.0,-191.68883377,-0.08281616780218845,46,2200,42,88,49204480,49204480,d0247aa0f3a96384f122663b178b964a0d9329e1b7d0312783308b066837fbc8,a4bd916f120fe7f372dd7892414187e55d83c37fffc28493171e3341a21a224c,Current legacy CSI [production replay],5.806086426059778,Corrected JDL physical,4.914529888049216,Current legacy CSI [production replay],5.806086426059778,5.806086426059778,3.4668336564635984,0.002027385829160977,0,3.0066773706501806,3.5157072155185705,0.00027499620694886967,0,3.702807137131302,1.6131669160122117,0.00032620239720831435,0,3.7179620019916264,1.7125307695232386,0.00032430587164314974,0,-0.6819010185320309,-0.012551529073652513,0.004380974055530269,0,-0.6660298380354952,-0.012524547477872376,0.0044189045668335605,0,4.914529888049216,2.6850105498771204,0.004367698376574116,0,6.983602175914692,10.791841798179666,9.860407750000865,16468.357222599065,81426.59806231507,1.0,2996697.191924321,4.109615384615385,0
baseline_v2_supportedgeradialspeedmps2p2_s20260981,support_edge_radial_speed_mps,support_edge_radial_speed_mps,2.2,20260981,Baseline V2 controlled single-target case,1.0,0.4,9.0,0.9374864762229235,0.0008660372687760726,-0.006703163609681044,0.004053316743882672,1.0,34.0,0.7243728871843109,0.36001528680967665,-0.06547817155448127,0.059730458130790066,233.37698804951665,2.186395652750038,-2.088316396336135,0.0,0,0.0,-234.286352386,-0.909364336483343,42,2200,42,88,49204480,49204480,8b2381fdbe61a0bdae21c3ecc5c4f5460189142fb974313e9086929f4118b20e,f41c259410380f0c3eeabbb2e73a7f58f663b20fb6daa34527d738bbdc17f356,Current legacy CSI [scientific controlled],3.352464079753261,Corrected JDL physical,19.500914812918033,Corrected JDL physical,19.500914812918033,3.3520827584030926,4.428197387109068,0.0019458352298588986,0,1.394633112120573,4.497887768247921,0.0002863753603398574,0,0.5062345282683509,1.9232613060086305,0.00034516765285996055,0,0.4734428782372433,1.9863310254337234,0.0003546502806857836,0,0.0022904795954801216,-0.012449500515304981,0.00437338795326961,0,0.091848875019366,-0.012434420137788539,0.004413214990138067,0,19.500914812918033,2.95093758981821,0.004291837353967531,0,6.989646112069834,10.897856210871065,9.879366025354168,16804.766238819397,84543.18339058201,1.0,2990672.3418755713,4.091826923076923,0
baseline_v2_supportedgeradialspeedmps2p2_s20260982,support_edge_radial_speed_mps,support_edge_radial_speed_mps,2.2,20260982,Baseline V2 controlled single-target case,1.0,0.4,9.0,0.9204673807179431,0.0008771508748916763,-0.007431996843085408,0.00412725651449224,1.0,34.0,0.7180324241775414,0.3333769661078824,-0.0703287447481799,0.06787389835998729,233.99254420805093,2.192162499431414,-2.093826998826165,0.0,0,0.0,-234.286352386,-0.2938081779490834,42,2200,42,88,49204480,49204480,4c82774d3e8fc64e48793bf86a26369b47ec3cd53df91132a788a3419dec6e8d,a37d7f15aaaa94b4277388d38718c5197e3ba92bc404e5ffb8c2f556b97f1cc6,Current legacy CSI [scientific controlled],7.104750799550121,Corrected JDL physical,19.254545400943204,Corrected JDL physical,19.254545400943204,7.104273797413665,4.477202676289181,0.002207555757851616,0,4.3882302275184095,4.504782091259925,0.00018396297982096798,0,2.373099110109159,1.709484321296729,0.0002674101046882112,0,2.486876751602445,1.8319679267561528,0.0002768927325140343,0,-0.2670640651153029,-0.012458517312761012,0.004358215748748293,0,-0.20043606195765662,-0.012442606288220904,0.004392353208921256,0,19.254545400943204,2.991552836880233,0.004320285237445,0,7.158244716912688,11.047438274235024,10.052956627981759,16200.267322385887,80767.32263741616,1.0,2873841.091911468,4.115384615384615,0
baseline_v2_supportedgeradialspeedmps2p2_s20260983,support_edge_radial_speed_mps,support_edge_radial_speed_mps,2.2,20260983,Baseline V2 controlled single-target case,1.0,0.4,9.0,0.9429692908249396,0.0008759740454186451,-0.006090913320070214,0.00379067540451676,1.0,34.0,0.7200595713042833,0.3396529205579475,-0.06906037393156458,0.06721082744050139,232.6239564610154,2.1793408655353996,-2.0815751079675646,0.0,0,0.0,-234.286352386,-1.6623959249845826,42,2200,42,88,49204480,49204480,19ab7c6dbd673197f4f9e9802e34baa0ac3d3dbd46f2f7894b47ab7acb19ef12,54bfe1990b57e71a0b364b4840d315c289edd733137202c20e0296ca508bfd99,Current legacy CSI [scientific controlled],5.761705855010675,Corrected JDL physical,18.79112209833618,Corrected JDL physical,18.79112209833618,5.761296964424751,4.476266589863045,0.0018946290395994538,0,3.04952496507725,4.494527623257351,9.29297526930663e-05,0,1.6294791068498675,1.711006029050467,0.00020292823547261418,0,1.7087790243602825,1.8355949790648693,0.00020292823547261418,0,-1.0028336361910455,-0.01235613451161045,0.004301319981793355,0,-0.9712235537279419,-0.012342039530396505,0.004346836595357306,0,18.79112209833618,2.937451934951605,0.004236838112577758,0,7.108402296518893,11.057211364819972,10.068986292989003,15606.118624222816,77461.20225040294,1.0,3006657.329027821,4.115384615384615,0
baseline_v2_supportedgeradialspeedmps2p2_s20260984,support_edge_radial_speed_mps,support_edge_radial_speed_mps,2.2,20260984,Baseline V2 controlled single-target case,1.0,0.4,9.0,0.9351500256271462,0.000871333869147571,-0.006475508467507702,0.004185967597499532,1.0,34.0,0.7175222286205658,0.3409447305489836,-0.06929769682746595,0.0630896829101874,233.38653160998388,2.1864850617328675,-2.0884018323706455,0.0,0,0.0,-234.286352386,-0.8998207760161177,42,2200,42,88,49204480,49204480,8759dcaa9acdec3d9398abdfc95745a93e44b4c1e722bef18b427d1907e3a5a0,5f1818c6eb5040d1e3569f684b0e6d08ed2bf0a2548de65be2fd22cdfb45980d,Current legacy CSI [scientific controlled],6.1040380285485405,Corrected JDL physical,19.175313437394472,Corrected JDL physical,19.175313437394472,6.102811888442037,4.4867604203177684,0.0020141101502048247,0,3.6690921095925617,4.527138113191782,0.0003356850250341375,0,1.3178010835262803,1.8674578428822968,0.00037740858746775904,0,1.4093260064063067,1.987195124920211,0.0003736155363374298,0,-0.8378912418484958,-0.012450912696312526,0.004312699135184343,0,-0.8332889490334168,-0.012432114517250186,0.004316492186314672,0,19.175313437394472,3.065419331158979,0.004280458200576544,0,7.05414504404991,11.031502535300184,10.053441394104755,16039.41904368452,80749.21624207006,1.0,2948403.061340421,4.092307692307692,0
baseline_v2_supportedgeradialspeedmps2p2_s20260985,support_edge_radial_speed_mps,support_edge_radial_speed_mps,2.2,20260985,Baseline V2 controlled single-target case,1.0,0.4,9.0,0.9540488947829402,0.0008685289174449178,-0.008626281630926035,0.0038359396342842788,1.0,34.0,0.7218752740343771,0.3454309806364051,-0.06782194274622322,0.06350656118797272,234.20353621819783,2.1941391810982984,-2.0957158530333304,0.0,0,0.0,-234.286352386,-0.08281616780218845,42,2200,42,88,49204480,49204480,d7f24387afd0de9a9d156e4ad78ce6aba054491a57e68c0dd658a223819ae858,a4bd916f120fe7f372dd7892414187e55d83c37fffc28493171e3341a21a224c,Current legacy CSI [production replay],5.422762708127728,Corrected JDL physical,19.185042048087112,Corrected JDL physical,19.185042048087112,5.422762708127728,4.446453621239593,0.002023592778030648,0,3.464442467190324,4.506181834235256,0.00027499620694886967,0,2.8159029407163523,1.7412553180002615,0.00032620239720831435,0,2.8881879543692897,1.8496973246679649,0.00032430587164314974,0,-0.49302870043283775,-0.01244234809783529,0.004380974055530269,0,-0.4869271916490341,-0.012424771201209417,0.0044189045668335605,0,19.185042048087112,3.025330704492677,0.004367698376574116,0,6.983602175914692,10.791841798179666,9.860407750000865,16468.357222599065,81426.59806231507,1.0,2996697.191924321,4.109615384615385,0
