case_id,scene,condition,case_value_deg,yaw_true_deg,yaw_reported_deg,yaw_true_minus_reported_deg,servo_true_minus_reported_deg,pitch_deg,roll_deg,seed,texture,range_center_m,branch,status,decision,estimate_deg,applied_correction_deg,correction_source,known_yaw_error_used,target_truth_used,input_role,input_paths,causal_data_sources
yaw_target_free_baseline_p0p000deg_seed_101,target_free,baseline,0.0,0.0,0.0,0.0,0.0,0.0,0.0,101,low_texture,7500.0,A0_Current,CURRENT,KEEP_CURRENT,,0.0,reported_geometry_current,False,False,reported_geometry_current,['/home/shy/AIR/SAR+AI/project/PGRCC/.worktrees/unknown-system-error-next-stage/outputs/yaw_error_formal_compact_20260915/cases/case_001/off/data/stage2_statistical_newprotocol_period_0000.bin'],reported geometry
yaw_target_free_baseline_p0p000deg_seed_101,target_free,baseline,0.0,0.0,0.0,0.0,0.0,0.0,0.0,101,low_texture,7500.0,AK_Known_Correction,KNOWN_EVALUATION,NO_CORRECTION_NEEDED,0.0,0.0,known_yaw_or_servo_error_evaluation_only,True,False,evaluation_only_known_attitude_error,['/home/shy/AIR/SAR+AI/project/PGRCC/.worktrees/unknown-system-error-next-stage/outputs/yaw_error_formal_compact_20260915/cases/case_001/off/data/stage2_statistical_newprotocol_period_0000.bin'],known attitude error
yaw_target_free_baseline_p0p000deg_seed_101,target_free,baseline,0.0,0.0,0.0,0.0,0.0,0.0,0.0,101,low_texture,7500.0,A1_Blind_Deterministic,FALLBACK_MODEL_MISMATCH,KEEP_CURRENT,,0.0,fallback_current,False,False,OFF_C_PLUS_N_TARGET_FREE_ONLY,['/home/shy/AIR/SAR+AI/project/PGRCC/.worktrees/unknown-system-error-next-stage/outputs/yaw_error_formal_compact_20260915/cases/case_001/off/data/stage2_statistical_newprotocol_period_0000.bin'],"['six_pair_clutter_phase', 'doppler_ridge_displacement', 'p38_phase_slope', 'multi_beam_power_secondary', 'reported_angle_geometry_platform']"
yaw_target_free_baseline_p0p000deg_seed_101,target_free,baseline,0.0,0.0,0.0,0.0,0.0,0.0,0.0,101,low_texture,10000.0,A0_Current,CURRENT,KEEP_CURRENT,,0.0,reported_geometry_current,False,False,reported_geometry_current,['/home/shy/AIR/SAR+AI/project/PGRCC/.worktrees/unknown-system-error-next-stage/outputs/yaw_error_formal_compact_20260915/cases/case_002/off/data/stage2_statistical_newprotocol_period_0000.bin'],reported geometry
yaw_target_free_baseline_p0p000deg_seed_101,target_free,baseline,0.0,0.0,0.0,0.0,0.0,0.0,0.0,101,low_texture,10000.0,AK_Known_Correction,KNOWN_EVALUATION,NO_CORRECTION_NEEDED,0.0,0.0,known_yaw_or_servo_error_evaluation_only,True,False,evaluation_only_known_attitude_error,['/home/shy/AIR/SAR+AI/project/PGRCC/.worktrees/unknown-system-error-next-stage/outputs/yaw_error_formal_compact_20260915/cases/case_002/off/data/stage2_statistical_newprotocol_period_0000.bin'],known attitude error
yaw_target_free_baseline_p0p000deg_seed_101,target_free,baseline,0.0,0.0,0.0,0.0,0.0,0.0,0.0,101,low_texture,10000.0,A1_Blind_Deterministic,FALLBACK_MODEL_MISMATCH,KEEP_CURRENT,,0.0,fallback_current,False,False,OFF_C_PLUS_N_TARGET_FREE_ONLY,['/home/shy/AIR/SAR+AI/project/PGRCC/.worktrees/unknown-system-error-next-stage/outputs/yaw_error_formal_compact_20260915/cases/case_002/off/data/stage2_statistical_newprotocol_period_0000.bin'],"['six_pair_clutter_phase', 'doppler_ridge_displacement', 'p38_phase_slope', 'multi_beam_power_secondary', 'reported_angle_geometry_platform']"
yaw_target_free_baseline_p0p000deg_seed_101,target_free,baseline,0.0,0.0,0.0,0.0,0.0,0.0,0.0,101,high_texture,7500.0,A0_Current,CURRENT,KEEP_CURRENT,,0.0,reported_geometry_current,False,False,reported_geometry_current,['/home/shy/AIR/SAR+AI/project/PGRCC/.worktrees/unknown-system-error-next-stage/outputs/yaw_error_formal_compact_20260915/cases/case_003/off/data/stage2_statistical_newprotocol_period_0000.bin'],reported geometry
yaw_target_free_baseline_p0p000deg_seed_101,target_free,baseline,0.0,0.0,0.0,0.0,0.0,0.0,0.0,101,high_texture,7500.0,AK_Known_Correction,KNOWN_EVALUATION,NO_CORRECTION_NEEDED,0.0,0.0,known_yaw_or_servo_error_evaluation_only,True,False,evaluation_only_known_attitude_error,['/home/shy/AIR/SAR+AI/project/PGRCC/.worktrees/unknown-system-error-next-stage/outputs/yaw_error_formal_compact_20260915/cases/case_003/off/data/stage2_statistical_newprotocol_period_0000.bin'],known attitude error
yaw_target_free_baseline_p0p000deg_seed_101,target_free,baseline,0.0,0.0,0.0,0.0,0.0,0.0,0.0,101,high_texture,7500.0,A1_Blind_Deterministic,FALLBACK_MODEL_MISMATCH,KEEP_CURRENT,,0.0,fallback_current,False,False,OFF_C_PLUS_N_TARGET_FREE_ONLY,['/home/shy/AIR/SAR+AI/project/PGRCC/.worktrees/unknown-system-error-next-stage/outputs/yaw_error_formal_compact_20260915/cases/case_003/off/data/stage2_statistical_newprotocol_period_0000.bin'],"['six_pair_clutter_phase', 'doppler_ridge_displacement', 'p38_phase_slope', 'multi_beam_power_secondary', 'reported_angle_geometry_platform']"
yaw_target_free_baseline_p0p000deg_seed_101,target_free,baseline,0.0,0.0,0.0,0.0,0.0,0.0,0.0,101,high_texture,10000.0,A0_Current,CURRENT,KEEP_CURRENT,,0.0,reported_geometry_current,False,False,reported_geometry_current,['/home/shy/AIR/SAR+AI/project/PGRCC/.worktrees/unknown-system-error-next-stage/outputs/yaw_error_formal_compact_20260915/cases/case_004/off/data/stage2_statistical_newprotocol_period_0000.bin'],reported geometry
yaw_target_free_baseline_p0p000deg_seed_101,target_free,baseline,0.0,0.0,0.0,0.0,0.0,0.0,0.0,101,high_texture,10000.0,AK_Known_Correction,KNOWN_EVALUATION,NO_CORRECTION_NEEDED,0.0,0.0,known_yaw_or_servo_error_evaluation_only,True,False,evaluation_only_known_attitude_error,['/home/shy/AIR/SAR+AI/project/PGRCC/.worktrees/unknown-system-error-next-stage/outputs/yaw_error_formal_compact_20260915/cases/case_004/off/data/stage2_statistical_newprotocol_period_0000.bin'],known attitude error
yaw_target_free_baseline_p0p000deg_seed_101,target_free,baseline,0.0,0.0,0.0,0.0,0.0,0.0,0.0,101,high_texture,10000.0,A1_Blind_Deterministic,FALLBACK_MODEL_MISMATCH,KEEP_CURRENT,,0.0,fallback_current,False,False,OFF_C_PLUS_N_TARGET_FREE_ONLY,['/home/shy/AIR/SAR+AI/project/PGRCC/.worktrees/unknown-system-error-next-stage/outputs/yaw_error_formal_compact_20260915/cases/case_004/off/data/stage2_statistical_newprotocol_period_0000.bin'],"['six_pair_clutter_phase', 'doppler_ridge_displacement', 'p38_phase_slope', 'multi_beam_power_secondary', 'reported_angle_geometry_platform']"
yaw_target_free_baseline_p0p000deg_seed_202,target_free,baseline,0.0,0.0,0.0,0.0,0.0,0.0,0.0,202,low_texture,7500.0,A0_Current,CURRENT,KEEP_CURRENT,,0.0,reported_geometry_current,False,False,reported_geometry_current,['/home/shy/AIR/SAR+AI/project/PGRCC/.worktrees/unknown-system-error-next-stage/outputs/yaw_error_formal_compact_20260915/cases/case_005/off/data/stage2_statistical_newprotocol_period_0000.bin'],reported geometry
yaw_target_free_baseline_p0p000deg_seed_202,target_free,baseline,0.0,0.0,0.0,0.0,0.0,0.0,0.0,202,low_texture,7500.0,AK_Known_Correction,KNOWN_EVALUATION,NO_CORRECTION_NEEDED,0.0,0.0,known_yaw_or_servo_error_evaluation_only,True,False,evaluation_only_known_attitude_error,['/home/shy/AIR/SAR+AI/project/PGRCC/.worktrees/unknown-system-error-next-stage/outputs/yaw_error_formal_compact_20260915/cases/case_005/off/data/stage2_statistical_newprotocol_period_0000.bin'],known attitude error
yaw_target_free_baseline_p0p000deg_seed_202,target_free,baseline,0.0,0.0,0.0,0.0,0.0,0.0,0.0,202,low_texture,7500.0,A1_Blind_Deterministic,FALLBACK_MODEL_MISMATCH,KEEP_CURRENT,,0.0,fallback_current,False,False,OFF_C_PLUS_N_TARGET_FREE_ONLY,['/home/shy/AIR/SAR+AI/project/PGRCC/.worktrees/unknown-system-error-next-stage/outputs/yaw_error_formal_compact_20260915/cases/case_005/off/data/stage2_statistical_newprotocol_period_0000.bin'],"['six_pair_clutter_phase', 'doppler_ridge_displacement', 'p38_phase_slope', 'multi_beam_power_secondary', 'reported_angle_geometry_platform']"
yaw_target_free_baseline_p0p000deg_seed_202,target_free,baseline,0.0,0.0,0.0,0.0,0.0,0.0,0.0,202,low_texture,10000.0,A0_Current,CURRENT,KEEP_CURRENT,,0.0,reported_geometry_current,False,False,reported_geometry_current,['/home/shy/AIR/SAR+AI/project/PGRCC/.worktrees/unknown-system-error-next-stage/outputs/yaw_error_formal_compact_20260915/cases/case_006/off/data/stage2_statistical_newprotocol_period_0000.bin'],reported geometry
yaw_target_free_baseline_p0p000deg_seed_202,target_free,baseline,0.0,0.0,0.0,0.0,0.0,0.0,0.0,202,low_texture,10000.0,AK_Known_Correction,KNOWN_EVALUATION,NO_CORRECTION_NEEDED,0.0,0.0,known_yaw_or_servo_error_evaluation_only,True,False,evaluation_only_known_attitude_error,['/home/shy/AIR/SAR+AI/project/PGRCC/.worktrees/unknown-system-error-next-stage/outputs/yaw_error_formal_compact_20260915/cases/case_006/off/data/stage2_statistical_newprotocol_period_0000.bin'],known attitude error
yaw_target_free_baseline_p0p000deg_seed_202,target_free,baseline,0.0,0.0,0.0,0.0,0.0,0.0,0.0,202,low_texture,10000.0,A1_Blind_Deterministic,FALLBACK_MODEL_MISMATCH,KEEP_CURRENT,,0.0,fallback_current,False,False,OFF_C_PLUS_N_TARGET_FREE_ONLY,['/home/shy/AIR/SAR+AI/project/PGRCC/.worktrees/unknown-system-error-next-stage/outputs/yaw_error_formal_compact_20260915/cases/case_006/off/data/stage2_statistical_newprotocol_period_0000.bin'],"['six_pair_clutter_phase', 'doppler_ridge_displacement', 'p38_phase_slope', 'multi_beam_power_secondary', 'reported_angle_geometry_platform']"
yaw_target_free_baseline_p0p000deg_seed_202,target_free,baseline,0.0,0.0,0.0,0.0,0.0,0.0,0.0,202,high_texture,7500.0,A0_Current,CURRENT,KEEP_CURRENT,,0.0,reported_geometry_current,False,False,reported_geometry_current,['/home/shy/AIR/SAR+AI/project/PGRCC/.worktrees/unknown-system-error-next-stage/outputs/yaw_error_formal_compact_20260915/cases/case_007/off/data/stage2_statistical_newprotocol_period_0000.bin'],reported geometry
yaw_target_free_baseline_p0p000deg_seed_202,target_free,baseline,0.0,0.0,0.0,0.0,0.0,0.0,0.0,202,high_texture,7500.0,AK_Known_Correction,KNOWN_EVALUATION,NO_CORRECTION_NEEDED,0.0,0.0,known_yaw_or_servo_error_evaluation_only,True,False,evaluation_only_known_attitude_error,['/home/shy/AIR/SAR+AI/project/PGRCC/.worktrees/unknown-system-error-next-stage/outputs/yaw_error_formal_compact_20260915/cases/case_007/off/data/stage2_statistical_newprotocol_period_0000.bin'],known attitude error
yaw_target_free_baseline_p0p000deg_seed_202,target_free,baseline,0.0,0.0,0.0,0.0,0.0,0.0,0.0,202,high_texture,7500.0,A1_Blind_Deterministic,FALLBACK_MODEL_MISMATCH,KEEP_CURRENT,,0.0,fallback_current,False,False,OFF_C_PLUS_N_TARGET_FREE_ONLY,['/home/shy/AIR/SAR+AI/project/PGRCC/.worktrees/unknown-system-error-next-stage/outputs/yaw_error_formal_compact_20260915/cases/case_007/off/data/stage2_statistical_newprotocol_period_0000.bin'],"['six_pair_clutter_phase', 'doppler_ridge_displacement', 'p38_phase_slope', 'multi_beam_power_secondary', 'reported_angle_geometry_platform']"
yaw_target_free_baseline_p0p000deg_seed_202,target_free,baseline,0.0,0.0,0.0,0.0,0.0,0.0,0.0,202,high_texture,10000.0,A0_Current,CURRENT,KEEP_CURRENT,,0.0,reported_geometry_current,False,False,reported_geometry_current,['/home/shy/AIR/SAR+AI/project/PGRCC/.worktrees/unknown-system-error-next-stage/outputs/yaw_error_formal_compact_20260915/cases/case_008/off/data/stage2_statistical_newprotocol_period_0000.bin'],reported geometry
yaw_target_free_baseline_p0p000deg_seed_202,target_free,baseline,0.0,0.0,0.0,0.0,0.0,0.0,0.0,202,high_texture,10000.0,AK_Known_Correction,KNOWN_EVALUATION,NO_CORRECTION_NEEDED,0.0,0.0,known_yaw_or_servo_error_evaluation_only,True,False,evaluation_only_known_attitude_error,['/home/shy/AIR/SAR+AI/project/PGRCC/.worktrees/unknown-system-error-next-stage/outputs/yaw_error_formal_compact_20260915/cases/case_008/off/data/stage2_statistical_newprotocol_period_0000.bin'],known attitude error
yaw_target_free_baseline_p0p000deg_seed_202,target_free,baseline,0.0,0.0,0.0,0.0,0.0,0.0,0.0,202,high_texture,10000.0,A1_Blind_Deterministic,FALLBACK_MODEL_MISMATCH,KEEP_CURRENT,,0.0,fallback_current,False,False,OFF_C_PLUS_N_TARGET_FREE_ONLY,['/home/shy/AIR/SAR+AI/project/PGRCC/.worktrees/unknown-system-error-next-stage/outputs/yaw_error_formal_compact_20260915/cases/case_008/off/data/stage2_statistical_newprotocol_period_0000.bin'],"['six_pair_clutter_phase', 'doppler_ridge_displacement', 'p38_phase_slope', 'multi_beam_power_secondary', 'reported_angle_geometry_platform']"
yaw_target_free_baseline_m0p500deg_seed_101,target_free,baseline,-0.5,0.0,0.0,0.0,0.0,0.0,0.0,101,low_texture,7500.0,A0_Current,CURRENT,KEEP_CURRENT,,0.0,reported_geometry_current,False,False,reported_geometry_current,['/home/shy/AIR/SAR+AI/project/PGRCC/.worktrees/unknown-system-error-next-stage/outputs/yaw_error_formal_compact_20260915/cases/case_009/off/data/stage2_statistical_newprotocol_period_0000.bin'],reported geometry
yaw_target_free_baseline_m0p500deg_seed_101,target_free,baseline,-0.5,0.0,0.0,0.0,0.0,0.0,0.0,101,low_texture,7500.0,AK_Known_Correction,KNOWN_EVALUATION,NO_CORRECTION_NEEDED,0.0,0.0,known_yaw_or_servo_error_evaluation_only,True,False,evaluation_only_known_attitude_error,['/home/shy/AIR/SAR+AI/project/PGRCC/.worktrees/unknown-system-error-next-stage/outputs/yaw_error_formal_compact_20260915/cases/case_009/off/data/stage2_statistical_newprotocol_period_0000.bin'],known attitude error
yaw_target_free_baseline_m0p500deg_seed_101,target_free,baseline,-0.5,0.0,0.0,0.0,0.0,0.0,0.0,101,low_texture,7500.0,A1_Blind_Deterministic,FALLBACK_MODEL_MISMATCH,KEEP_CURRENT,,0.0,fallback_current,False,False,OFF_C_PLUS_N_TARGET_FREE_ONLY,['/home/shy/AIR/SAR+AI/project/PGRCC/.worktrees/unknown-system-error-next-stage/outputs/yaw_error_formal_compact_20260915/cases/case_009/off/data/stage2_statistical_newprotocol_period_0000.bin'],"['six_pair_clutter_phase', 'doppler_ridge_displacement', 'p38_phase_slope', 'multi_beam_power_secondary', 'reported_angle_geometry_platform']"
yaw_target_free_baseline_m0p500deg_seed_101,target_free,baseline,-0.5,0.0,0.0,0.0,0.0,0.0,0.0,101,low_texture,10000.0,A0_Current,CURRENT,KEEP_CURRENT,,0.0,reported_geometry_current,False,False,reported_geometry_current,['/home/shy/AIR/SAR+AI/project/PGRCC/.worktrees/unknown-system-error-next-stage/outputs/yaw_error_formal_compact_20260915/cases/case_010/off/data/stage2_statistical_newprotocol_period_0000.bin'],reported geometry
yaw_target_free_baseline_m0p500deg_seed_101,target_free,baseline,-0.5,0.0,0.0,0.0,0.0,0.0,0.0,101,low_texture,10000.0,AK_Known_Correction,KNOWN_EVALUATION,NO_CORRECTION_NEEDED,0.0,0.0,known_yaw_or_servo_error_evaluation_only,True,False,evaluation_only_known_attitude_error,['/home/shy/AIR/SAR+AI/project/PGRCC/.worktrees/unknown-system-error-next-stage/outputs/yaw_error_formal_compact_20260915/cases/case_010/off/data/stage2_statistical_newprotocol_period_0000.bin'],known attitude error
yaw_target_free_baseline_m0p500deg_seed_101,target_free,baseline,-0.5,0.0,0.0,0.0,0.0,0.0,0.0,101,low_texture,10000.0,A1_Blind_Deterministic,FALLBACK_MODEL_MISMATCH,KEEP_CURRENT,,0.0,fallback_current,False,False,OFF_C_PLUS_N_TARGET_FREE_ONLY,['/home/shy/AIR/SAR+AI/project/PGRCC/.worktrees/unknown-system-error-next-stage/outputs/yaw_error_formal_compact_20260915/cases/case_010/off/data/stage2_statistical_newprotocol_period_0000.bin'],"['six_pair_clutter_phase', 'doppler_ridge_displacement', 'p38_phase_slope', 'multi_beam_power_secondary', 'reported_angle_geometry_platform']"
yaw_target_free_baseline_m0p500deg_seed_101,target_free,baseline,-0.5,0.0,0.0,0.0,0.0,0.0,0.0,101,high_texture,7500.0,A0_Current,CURRENT,KEEP_CURRENT,,0.0,reported_geometry_current,False,False,reported_geometry_current,['/home/shy/AIR/SAR+AI/project/PGRCC/.worktrees/unknown-system-error-next-stage/outputs/yaw_error_formal_compact_20260915/cases/case_011/off/data/stage2_statistical_newprotocol_period_0000.bin'],reported geometry
yaw_target_free_baseline_m0p500deg_seed_101,target_free,baseline,-0.5,0.0,0.0,0.0,0.0,0.0,0.0,101,high_texture,7500.0,AK_Known_Correction,KNOWN_EVALUATION,NO_CORRECTION_NEEDED,0.0,0.0,known_yaw_or_servo_error_evaluation_only,True,False,evaluation_only_known_attitude_error,['/home/shy/AIR/SAR+AI/project/PGRCC/.worktrees/unknown-system-error-next-stage/outputs/yaw_error_formal_compact_20260915/cases/case_011/off/data/stage2_statistical_newprotocol_period_0000.bin'],known attitude error
yaw_target_free_baseline_m0p500deg_seed_101,target_free,baseline,-0.5,0.0,0.0,0.0,0.0,0.0,0.0,101,high_texture,7500.0,A1_Blind_Deterministic,FALLBACK_MODEL_MISMATCH,KEEP_CURRENT,,0.0,fallback_current,False,False,OFF_C_PLUS_N_TARGET_FREE_ONLY,['/home/shy/AIR/SAR+AI/project/PGRCC/.worktrees/unknown-system-error-next-stage/outputs/yaw_error_formal_compact_20260915/cases/case_011/off/data/stage2_statistical_newprotocol_period_0000.bin'],"['six_pair_clutter_phase', 'doppler_ridge_displacement', 'p38_phase_slope', 'multi_beam_power_secondary', 'reported_angle_geometry_platform']"
yaw_target_free_baseline_m0p500deg_seed_101,target_free,baseline,-0.5,0.0,0.0,0.0,0.0,0.0,0.0,101,high_texture,10000.0,A0_Current,CURRENT,KEEP_CURRENT,,0.0,reported_geometry_current,False,False,reported_geometry_current,['/home/shy/AIR/SAR+AI/project/PGRCC/.worktrees/unknown-system-error-next-stage/outputs/yaw_error_formal_compact_20260915/cases/case_012/off/data/stage2_statistical_newprotocol_period_0000.bin'],reported geometry
yaw_target_free_baseline_m0p500deg_seed_101,target_free,baseline,-0.5,0.0,0.0,0.0,0.0,0.0,0.0,101,high_texture,10000.0,AK_Known_Correction,KNOWN_EVALUATION,NO_CORRECTION_NEEDED,0.0,0.0,known_yaw_or_servo_error_evaluation_only,True,False,evaluation_only_known_attitude_error,['/home/shy/AIR/SAR+AI/project/PGRCC/.worktrees/unknown-system-error-next-stage/outputs/yaw_error_formal_compact_20260915/cases/case_012/off/data/stage2_statistical_newprotocol_period_0000.bin'],known attitude error
yaw_target_free_baseline_m0p500deg_seed_101,target_free,baseline,-0.5,0.0,0.0,0.0,0.0,0.0,0.0,101,high_texture,10000.0,A1_Blind_Deterministic,FALLBACK_MODEL_MISMATCH,KEEP_CURRENT,,0.0,fallback_current,False,False,OFF_C_PLUS_N_TARGET_FREE_ONLY,['/home/shy/AIR/SAR+AI/project/PGRCC/.worktrees/unknown-system-error-next-stage/outputs/yaw_error_formal_compact_20260915/cases/case_012/off/data/stage2_statistical_newprotocol_period_0000.bin'],"['six_pair_clutter_phase', 'doppler_ridge_displacement', 'p38_phase_slope', 'multi_beam_power_secondary', 'reported_angle_geometry_platform']"
yaw_target_free_baseline_m0p500deg_seed_202,target_free,baseline,-0.5,0.0,0.0,0.0,0.0,0.0,0.0,202,low_texture,7500.0,A0_Current,CURRENT,KEEP_CURRENT,,0.0,reported_geometry_current,False,False,reported_geometry_current,['/home/shy/AIR/SAR+AI/project/PGRCC/.worktrees/unknown-system-error-next-stage/outputs/yaw_error_formal_compact_20260915/cases/case_013/off/data/stage2_statistical_newprotocol_period_0000.bin'],reported geometry
yaw_target_free_baseline_m0p500deg_seed_202,target_free,baseline,-0.5,0.0,0.0,0.0,0.0,0.0,0.0,202,low_texture,7500.0,AK_Known_Correction,KNOWN_EVALUATION,NO_CORRECTION_NEEDED,0.0,0.0,known_yaw_or_servo_error_evaluation_only,True,False,evaluation_only_known_attitude_error,['/home/shy/AIR/SAR+AI/project/PGRCC/.worktrees/unknown-system-error-next-stage/outputs/yaw_error_formal_compact_20260915/cases/case_013/off/data/stage2_statistical_newprotocol_period_0000.bin'],known attitude error
yaw_target_free_baseline_m0p500deg_seed_202,target_free,baseline,-0.5,0.0,0.0,0.0,0.0,0.0,0.0,202,low_texture,7500.0,A1_Blind_Deterministic,FALLBACK_MODEL_MISMATCH,KEEP_CURRENT,,0.0,fallback_current,False,False,OFF_C_PLUS_N_TARGET_FREE_ONLY,['/home/shy/AIR/SAR+AI/project/PGRCC/.worktrees/unknown-system-error-next-stage/outputs/yaw_error_formal_compact_20260915/cases/case_013/off/data/stage2_statistical_newprotocol_period_0000.bin'],"['six_pair_clutter_phase', 'doppler_ridge_displacement', 'p38_phase_slope', 'multi_beam_power_secondary', 'reported_angle_geometry_platform']"
yaw_target_free_baseline_m0p500deg_seed_202,target_free,baseline,-0.5,0.0,0.0,0.0,0.0,0.0,0.0,202,low_texture,10000.0,A0_Current,CURRENT,KEEP_CURRENT,,0.0,reported_geometry_current,False,False,reported_geometry_current,['/home/shy/AIR/SAR+AI/project/PGRCC/.worktrees/unknown-system-error-next-stage/outputs/yaw_error_formal_compact_20260915/cases/case_014/off/data/stage2_statistical_newprotocol_period_0000.bin'],reported geometry
yaw_target_free_baseline_m0p500deg_seed_202,target_free,baseline,-0.5,0.0,0.0,0.0,0.0,0.0,0.0,202,low_texture,10000.0,AK_Known_Correction,KNOWN_EVALUATION,NO_CORRECTION_NEEDED,0.0,0.0,known_yaw_or_servo_error_evaluation_only,True,False,evaluation_only_known_attitude_error,['/home/shy/AIR/SAR+AI/project/PGRCC/.worktrees/unknown-system-error-next-stage/outputs/yaw_error_formal_compact_20260915/cases/case_014/off/data/stage2_statistical_newprotocol_period_0000.bin'],known attitude error
yaw_target_free_baseline_m0p500deg_seed_202,target_free,baseline,-0.5,0.0,0.0,0.0,0.0,0.0,0.0,202,low_texture,10000.0,A1_Blind_Deterministic,FALLBACK_MODEL_MISMATCH,KEEP_CURRENT,,0.0,fallback_current,False,False,OFF_C_PLUS_N_TARGET_FREE_ONLY,['/home/shy/AIR/SAR+AI/project/PGRCC/.worktrees/unknown-system-error-next-stage/outputs/yaw_error_formal_compact_20260915/cases/case_014/off/data/stage2_statistical_newprotocol_period_0000.bin'],"['six_pair_clutter_phase', 'doppler_ridge_displacement', 'p38_phase_slope', 'multi_beam_power_secondary', 'reported_angle_geometry_platform']"
yaw_target_free_baseline_m0p500deg_seed_202,target_free,baseline,-0.5,0.0,0.0,0.0,0.0,0.0,0.0,202,high_texture,7500.0,A0_Current,CURRENT,KEEP_CURRENT,,0.0,reported_geometry_current,False,False,reported_geometry_current,['/home/shy/AIR/SAR+AI/project/PGRCC/.worktrees/unknown-system-error-next-stage/outputs/yaw_error_formal_compact_20260915/cases/case_015/off/data/stage2_statistical_newprotocol_period_0000.bin'],reported geometry
yaw_target_free_baseline_m0p500deg_seed_202,target_free,baseline,-0.5,0.0,0.0,0.0,0.0,0.0,0.0,202,high_texture,7500.0,AK_Known_Correction,KNOWN_EVALUATION,NO_CORRECTION_NEEDED,0.0,0.0,known_yaw_or_servo_error_evaluation_only,True,False,evaluation_only_known_attitude_error,['/home/shy/AIR/SAR+AI/project/PGRCC/.worktrees/unknown-system-error-next-stage/outputs/yaw_error_formal_compact_20260915/cases/case_015/off/data/stage2_statistical_newprotocol_period_0000.bin'],known attitude error
yaw_target_free_baseline_m0p500deg_seed_202,target_free,baseline,-0.5,0.0,0.0,0.0,0.0,0.0,0.0,202,high_texture,7500.0,A1_Blind_Deterministic,FALLBACK_MODEL_MISMATCH,KEEP_CURRENT,,0.0,fallback_current,False,False,OFF_C_PLUS_N_TARGET_FREE_ONLY,['/home/shy/AIR/SAR+AI/project/PGRCC/.worktrees/unknown-system-error-next-stage/outputs/yaw_error_formal_compact_20260915/cases/case_015/off/data/stage2_statistical_newprotocol_period_0000.bin'],"['six_pair_clutter_phase', 'doppler_ridge_displacement', 'p38_phase_slope', 'multi_beam_power_secondary', 'reported_angle_geometry_platform']"
yaw_target_free_baseline_m0p500deg_seed_202,target_free,baseline,-0.5,0.0,0.0,0.0,0.0,0.0,0.0,202,high_texture,10000.0,A0_Current,CURRENT,KEEP_CURRENT,,0.0,reported_geometry_current,False,False,reported_geometry_current,['/home/shy/AIR/SAR+AI/project/PGRCC/.worktrees/unknown-system-error-next-stage/outputs/yaw_error_formal_compact_20260915/cases/case_016/off/data/stage2_statistical_newprotocol_period_0000.bin'],reported geometry
yaw_target_free_baseline_m0p500deg_seed_202,target_free,baseline,-0.5,0.0,0.0,0.0,0.0,0.0,0.0,202,high_texture,10000.0,AK_Known_Correction,KNOWN_EVALUATION,NO_CORRECTION_NEEDED,0.0,0.0,known_yaw_or_servo_error_evaluation_only,True,False,evaluation_only_known_attitude_error,['/home/shy/AIR/SAR+AI/project/PGRCC/.worktrees/unknown-system-error-next-stage/outputs/yaw_error_formal_compact_20260915/cases/case_016/off/data/stage2_statistical_newprotocol_period_0000.bin'],known attitude error
yaw_target_free_baseline_m0p500deg_seed_202,target_free,baseline,-0.5,0.0,0.0,0.0,0.0,0.0,0.0,202,high_texture,10000.0,A1_Blind_Deterministic,FALLBACK_MODEL_MISMATCH,KEEP_CURRENT,,0.0,fallback_current,False,False,OFF_C_PLUS_N_TARGET_FREE_ONLY,['/home/shy/AIR/SAR+AI/project/PGRCC/.worktrees/unknown-system-error-next-stage/outputs/yaw_error_formal_compact_20260915/cases/case_016/off/data/stage2_statistical_newprotocol_period_0000.bin'],"['six_pair_clutter_phase', 'doppler_ridge_displacement', 'p38_phase_slope', 'multi_beam_power_secondary', 'reported_angle_geometry_platform']"
yaw_target_free_baseline_p0p500deg_seed_101,target_free,baseline,0.5,0.0,0.0,0.0,0.0,0.0,0.0,101,low_texture,7500.0,A0_Current,CURRENT,KEEP_CURRENT,,0.0,reported_geometry_current,False,False,reported_geometry_current,['/home/shy/AIR/SAR+AI/project/PGRCC/.worktrees/unknown-system-error-next-stage/outputs/yaw_error_formal_compact_20260915/cases/case_017/off/data/stage2_statistical_newprotocol_period_0000.bin'],reported geometry
yaw_target_free_baseline_p0p500deg_seed_101,target_free,baseline,0.5,0.0,0.0,0.0,0.0,0.0,0.0,101,low_texture,7500.0,AK_Known_Correction,KNOWN_EVALUATION,NO_CORRECTION_NEEDED,0.0,0.0,known_yaw_or_servo_error_evaluation_only,True,False,evaluation_only_known_attitude_error,['/home/shy/AIR/SAR+AI/project/PGRCC/.worktrees/unknown-system-error-next-stage/outputs/yaw_error_formal_compact_20260915/cases/case_017/off/data/stage2_statistical_newprotocol_period_0000.bin'],known attitude error
yaw_target_free_baseline_p0p500deg_seed_101,target_free,baseline,0.5,0.0,0.0,0.0,0.0,0.0,0.0,101,low_texture,7500.0,A1_Blind_Deterministic,FALLBACK_MODEL_MISMATCH,KEEP_CURRENT,,0.0,fallback_current,False,False,OFF_C_PLUS_N_TARGET_FREE_ONLY,['/home/shy/AIR/SAR+AI/project/PGRCC/.worktrees/unknown-system-error-next-stage/outputs/yaw_error_formal_compact_20260915/cases/case_017/off/data/stage2_statistical_newprotocol_period_0000.bin'],"['six_pair_clutter_phase', 'doppler_ridge_displacement', 'p38_phase_slope', 'multi_beam_power_secondary', 'reported_angle_geometry_platform']"
yaw_target_free_baseline_p0p500deg_seed_101,target_free,baseline,0.5,0.0,0.0,0.0,0.0,0.0,0.0,101,low_texture,10000.0,A0_Current,CURRENT,KEEP_CURRENT,,0.0,reported_geometry_current,False,False,reported_geometry_current,['/home/shy/AIR/SAR+AI/project/PGRCC/.worktrees/unknown-system-error-next-stage/outputs/yaw_error_formal_compact_20260915/cases/case_018/off/data/stage2_statistical_newprotocol_period_0000.bin'],reported geometry
yaw_target_free_baseline_p0p500deg_seed_101,target_free,baseline,0.5,0.0,0.0,0.0,0.0,0.0,0.0,101,low_texture,10000.0,AK_Known_Correction,KNOWN_EVALUATION,NO_CORRECTION_NEEDED,0.0,0.0,known_yaw_or_servo_error_evaluation_only,True,False,evaluation_only_known_attitude_error,['/home/shy/AIR/SAR+AI/project/PGRCC/.worktrees/unknown-system-error-next-stage/outputs/yaw_error_formal_compact_20260915/cases/case_018/off/data/stage2_statistical_newprotocol_period_0000.bin'],known attitude error
yaw_target_free_baseline_p0p500deg_seed_101,target_free,baseline,0.5,0.0,0.0,0.0,0.0,0.0,0.0,101,low_texture,10000.0,A1_Blind_Deterministic,FALLBACK_MODEL_MISMATCH,KEEP_CURRENT,,0.0,fallback_current,False,False,OFF_C_PLUS_N_TARGET_FREE_ONLY,['/home/shy/AIR/SAR+AI/project/PGRCC/.worktrees/unknown-system-error-next-stage/outputs/yaw_error_formal_compact_20260915/cases/case_018/off/data/stage2_statistical_newprotocol_period_0000.bin'],"['six_pair_clutter_phase', 'doppler_ridge_displacement', 'p38_phase_slope', 'multi_beam_power_secondary', 'reported_angle_geometry_platform']"
yaw_target_free_baseline_p0p500deg_seed_101,target_free,baseline,0.5,0.0,0.0,0.0,0.0,0.0,0.0,101,high_texture,7500.0,A0_Current,CURRENT,KEEP_CURRENT,,0.0,reported_geometry_current,False,False,reported_geometry_current,['/home/shy/AIR/SAR+AI/project/PGRCC/.worktrees/unknown-system-error-next-stage/outputs/yaw_error_formal_compact_20260915/cases/case_019/off/data/stage2_statistical_newprotocol_period_0000.bin'],reported geometry
yaw_target_free_baseline_p0p500deg_seed_101,target_free,baseline,0.5,0.0,0.0,0.0,0.0,0.0,0.0,101,high_texture,7500.0,AK_Known_Correction,KNOWN_EVALUATION,NO_CORRECTION_NEEDED,0.0,0.0,known_yaw_or_servo_error_evaluation_only,True,False,evaluation_only_known_attitude_error,['/home/shy/AIR/SAR+AI/project/PGRCC/.worktrees/unknown-system-error-next-stage/outputs/yaw_error_formal_compact_20260915/cases/case_019/off/data/stage2_statistical_newprotocol_period_0000.bin'],known attitude error
yaw_target_free_baseline_p0p500deg_seed_101,target_free,baseline,0.5,0.0,0.0,0.0,0.0,0.0,0.0,101,high_texture,7500.0,A1_Blind_Deterministic,FALLBACK_MODEL_MISMATCH,KEEP_CURRENT,,0.0,fallback_current,False,False,OFF_C_PLUS_N_TARGET_FREE_ONLY,['/home/shy/AIR/SAR+AI/project/PGRCC/.worktrees/unknown-system-error-next-stage/outputs/yaw_error_formal_compact_20260915/cases/case_019/off/data/stage2_statistical_newprotocol_period_0000.bin'],"['six_pair_clutter_phase', 'doppler_ridge_displacement', 'p38_phase_slope', 'multi_beam_power_secondary', 'reported_angle_geometry_platform']"
yaw_target_free_baseline_p0p500deg_seed_101,target_free,baseline,0.5,0.0,0.0,0.0,0.0,0.0,0.0,101,high_texture,10000.0,A0_Current,CURRENT,KEEP_CURRENT,,0.0,reported_geometry_current,False,False,reported_geometry_current,['/home/shy/AIR/SAR+AI/project/PGRCC/.worktrees/unknown-system-error-next-stage/outputs/yaw_error_formal_compact_20260915/cases/case_020/off/data/stage2_statistical_newprotocol_period_0000.bin'],reported geometry
yaw_target_free_baseline_p0p500deg_seed_101,target_free,baseline,0.5,0.0,0.0,0.0,0.0,0.0,0.0,101,high_texture,10000.0,AK_Known_Correction,KNOWN_EVALUATION,NO_CORRECTION_NEEDED,0.0,0.0,known_yaw_or_servo_error_evaluation_only,True,False,evaluation_only_known_attitude_error,['/home/shy/AIR/SAR+AI/project/PGRCC/.worktrees/unknown-system-error-next-stage/outputs/yaw_error_formal_compact_20260915/cases/case_020/off/data/stage2_statistical_newprotocol_period_0000.bin'],known attitude error
yaw_target_free_baseline_p0p500deg_seed_101,target_free,baseline,0.5,0.0,0.0,0.0,0.0,0.0,0.0,101,high_texture,10000.0,A1_Blind_Deterministic,FALLBACK_MODEL_MISMATCH,KEEP_CURRENT,,0.0,fallback_current,False,False,OFF_C_PLUS_N_TARGET_FREE_ONLY,['/home/shy/AIR/SAR+AI/project/PGRCC/.worktrees/unknown-system-error-next-stage/outputs/yaw_error_formal_compact_20260915/cases/case_020/off/data/stage2_statistical_newprotocol_period_0000.bin'],"['six_pair_clutter_phase', 'doppler_ridge_displacement', 'p38_phase_slope', 'multi_beam_power_secondary', 'reported_angle_geometry_platform']"
yaw_target_free_baseline_p0p500deg_seed_202,target_free,baseline,0.5,0.0,0.0,0.0,0.0,0.0,0.0,202,low_texture,7500.0,A0_Current,CURRENT,KEEP_CURRENT,,0.0,reported_geometry_current,False,False,reported_geometry_current,['/home/shy/AIR/SAR+AI/project/PGRCC/.worktrees/unknown-system-error-next-stage/outputs/yaw_error_formal_compact_20260915/cases/case_021/off/data/stage2_statistical_newprotocol_period_0000.bin'],reported geometry
yaw_target_free_baseline_p0p500deg_seed_202,target_free,baseline,0.5,0.0,0.0,0.0,0.0,0.0,0.0,202,low_texture,7500.0,AK_Known_Correction,KNOWN_EVALUATION,NO_CORRECTION_NEEDED,0.0,0.0,known_yaw_or_servo_error_evaluation_only,True,False,evaluation_only_known_attitude_error,['/home/shy/AIR/SAR+AI/project/PGRCC/.worktrees/unknown-system-error-next-stage/outputs/yaw_error_formal_compact_20260915/cases/case_021/off/data/stage2_statistical_newprotocol_period_0000.bin'],known attitude error
yaw_target_free_baseline_p0p500deg_seed_202,target_free,baseline,0.5,0.0,0.0,0.0,0.0,0.0,0.0,202,low_texture,7500.0,A1_Blind_Deterministic,FALLBACK_MODEL_MISMATCH,KEEP_CURRENT,,0.0,fallback_current,False,False,OFF_C_PLUS_N_TARGET_FREE_ONLY,['/home/shy/AIR/SAR+AI/project/PGRCC/.worktrees/unknown-system-error-next-stage/outputs/yaw_error_formal_compact_20260915/cases/case_021/off/data/stage2_statistical_newprotocol_period_0000.bin'],"['six_pair_clutter_phase', 'doppler_ridge_displacement', 'p38_phase_slope', 'multi_beam_power_secondary', 'reported_angle_geometry_platform']"
yaw_target_free_baseline_p0p500deg_seed_202,target_free,baseline,0.5,0.0,0.0,0.0,0.0,0.0,0.0,202,low_texture,10000.0,A0_Current,CURRENT,KEEP_CURRENT,,0.0,reported_geometry_current,False,False,reported_geometry_current,['/home/shy/AIR/SAR+AI/project/PGRCC/.worktrees/unknown-system-error-next-stage/outputs/yaw_error_formal_compact_20260915/cases/case_022/off/data/stage2_statistical_newprotocol_period_0000.bin'],reported geometry
yaw_target_free_baseline_p0p500deg_seed_202,target_free,baseline,0.5,0.0,0.0,0.0,0.0,0.0,0.0,202,low_texture,10000.0,AK_Known_Correction,KNOWN_EVALUATION,NO_CORRECTION_NEEDED,0.0,0.0,known_yaw_or_servo_error_evaluation_only,True,False,evaluation_only_known_attitude_error,['/home/shy/AIR/SAR+AI/project/PGRCC/.worktrees/unknown-system-error-next-stage/outputs/yaw_error_formal_compact_20260915/cases/case_022/off/data/stage2_statistical_newprotocol_period_0000.bin'],known attitude error
yaw_target_free_baseline_p0p500deg_seed_202,target_free,baseline,0.5,0.0,0.0,0.0,0.0,0.0,0.0,202,low_texture,10000.0,A1_Blind_Deterministic,FALLBACK_MODEL_MISMATCH,KEEP_CURRENT,,0.0,fallback_current,False,False,OFF_C_PLUS_N_TARGET_FREE_ONLY,['/home/shy/AIR/SAR+AI/project/PGRCC/.worktrees/unknown-system-error-next-stage/outputs/yaw_error_formal_compact_20260915/cases/case_022/off/data/stage2_statistical_newprotocol_period_0000.bin'],"['six_pair_clutter_phase', 'doppler_ridge_displacement', 'p38_phase_slope', 'multi_beam_power_secondary', 'reported_angle_geometry_platform']"
yaw_target_free_baseline_p0p500deg_seed_202,target_free,baseline,0.5,0.0,0.0,0.0,0.0,0.0,0.0,202,high_texture,7500.0,A0_Current,CURRENT,KEEP_CURRENT,,0.0,reported_geometry_current,False,False,reported_geometry_current,['/home/shy/AIR/SAR+AI/project/PGRCC/.worktrees/unknown-system-error-next-stage/outputs/yaw_error_formal_compact_20260915/cases/case_023/off/data/stage2_statistical_newprotocol_period_0000.bin'],reported geometry
yaw_target_free_baseline_p0p500deg_seed_202,target_free,baseline,0.5,0.0,0.0,0.0,0.0,0.0,0.0,202,high_texture,7500.0,AK_Known_Correction,KNOWN_EVALUATION,NO_CORRECTION_NEEDED,0.0,0.0,known_yaw_or_servo_error_evaluation_only,True,False,evaluation_only_known_attitude_error,['/home/shy/AIR/SAR+AI/project/PGRCC/.worktrees/unknown-system-error-next-stage/outputs/yaw_error_formal_compact_20260915/cases/case_023/off/data/stage2_statistical_newprotocol_period_0000.bin'],known attitude error
yaw_target_free_baseline_p0p500deg_seed_202,target_free,baseline,0.5,0.0,0.0,0.0,0.0,0.0,0.0,202,high_texture,7500.0,A1_Blind_Deterministic,FALLBACK_MODEL_MISMATCH,KEEP_CURRENT,,0.0,fallback_current,False,False,OFF_C_PLUS_N_TARGET_FREE_ONLY,['/home/shy/AIR/SAR+AI/project/PGRCC/.worktrees/unknown-system-error-next-stage/outputs/yaw_error_formal_compact_20260915/cases/case_023/off/data/stage2_statistical_newprotocol_period_0000.bin'],"['six_pair_clutter_phase', 'doppler_ridge_displacement', 'p38_phase_slope', 'multi_beam_power_secondary', 'reported_angle_geometry_platform']"
yaw_target_free_baseline_p0p500deg_seed_202,target_free,baseline,0.5,0.0,0.0,0.0,0.0,0.0,0.0,202,high_texture,10000.0,A0_Current,CURRENT,KEEP_CURRENT,,0.0,reported_geometry_current,False,False,reported_geometry_current,['/home/shy/AIR/SAR+AI/project/PGRCC/.worktrees/unknown-system-error-next-stage/outputs/yaw_error_formal_compact_20260915/cases/case_024/off/data/stage2_statistical_newprotocol_period_0000.bin'],reported geometry
yaw_target_free_baseline_p0p500deg_seed_202,target_free,baseline,0.5,0.0,0.0,0.0,0.0,0.0,0.0,202,high_texture,10000.0,AK_Known_Correction,KNOWN_EVALUATION,NO_CORRECTION_NEEDED,0.0,0.0,known_yaw_or_servo_error_evaluation_only,True,False,evaluation_only_known_attitude_error,['/home/shy/AIR/SAR+AI/project/PGRCC/.worktrees/unknown-system-error-next-stage/outputs/yaw_error_formal_compact_20260915/cases/case_024/off/data/stage2_statistical_newprotocol_period_0000.bin'],known attitude error
yaw_target_free_baseline_p0p500deg_seed_202,target_free,baseline,0.5,0.0,0.0,0.0,0.0,0.0,0.0,202,high_texture,10000.0,A1_Blind_Deterministic,FALLBACK_MODEL_MISMATCH,KEEP_CURRENT,,0.0,fallback_current,False,False,OFF_C_PLUS_N_TARGET_FREE_ONLY,['/home/shy/AIR/SAR+AI/project/PGRCC/.worktrees/unknown-system-error-next-stage/outputs/yaw_error_formal_compact_20260915/cases/case_024/off/data/stage2_statistical_newprotocol_period_0000.bin'],"['six_pair_clutter_phase', 'doppler_ridge_displacement', 'p38_phase_slope', 'multi_beam_power_secondary', 'reported_angle_geometry_platform']"
yaw_target_free_baseline_m1p000deg_seed_101,target_free,baseline,-1.0,0.0,0.0,0.0,0.0,0.0,0.0,101,low_texture,7500.0,A0_Current,CURRENT,KEEP_CURRENT,,0.0,reported_geometry_current,False,False,reported_geometry_current,['/home/shy/AIR/SAR+AI/project/PGRCC/.worktrees/unknown-system-error-next-stage/outputs/yaw_error_formal_compact_20260915/cases/case_025/off/data/stage2_statistical_newprotocol_period_0000.bin'],reported geometry
yaw_target_free_baseline_m1p000deg_seed_101,target_free,baseline,-1.0,0.0,0.0,0.0,0.0,0.0,0.0,101,low_texture,7500.0,AK_Known_Correction,KNOWN_EVALUATION,NO_CORRECTION_NEEDED,0.0,0.0,known_yaw_or_servo_error_evaluation_only,True,False,evaluation_only_known_attitude_error,['/home/shy/AIR/SAR+AI/project/PGRCC/.worktrees/unknown-system-error-next-stage/outputs/yaw_error_formal_compact_20260915/cases/case_025/off/data/stage2_statistical_newprotocol_period_0000.bin'],known attitude error
yaw_target_free_baseline_m1p000deg_seed_101,target_free,baseline,-1.0,0.0,0.0,0.0,0.0,0.0,0.0,101,low_texture,7500.0,A1_Blind_Deterministic,FALLBACK_MODEL_MISMATCH,KEEP_CURRENT,,0.0,fallback_current,False,False,OFF_C_PLUS_N_TARGET_FREE_ONLY,['/home/shy/AIR/SAR+AI/project/PGRCC/.worktrees/unknown-system-error-next-stage/outputs/yaw_error_formal_compact_20260915/cases/case_025/off/data/stage2_statistical_newprotocol_period_0000.bin'],"['six_pair_clutter_phase', 'doppler_ridge_displacement', 'p38_phase_slope', 'multi_beam_power_secondary', 'reported_angle_geometry_platform']"
yaw_target_free_baseline_m1p000deg_seed_101,target_free,baseline,-1.0,0.0,0.0,0.0,0.0,0.0,0.0,101,low_texture,10000.0,A0_Current,CURRENT,KEEP_CURRENT,,0.0,reported_geometry_current,False,False,reported_geometry_current,['/home/shy/AIR/SAR+AI/project/PGRCC/.worktrees/unknown-system-error-next-stage/outputs/yaw_error_formal_compact_20260915/cases/case_026/off/data/stage2_statistical_newprotocol_period_0000.bin'],reported geometry
yaw_target_free_baseline_m1p000deg_seed_101,target_free,baseline,-1.0,0.0,0.0,0.0,0.0,0.0,0.0,101,low_texture,10000.0,AK_Known_Correction,KNOWN_EVALUATION,NO_CORRECTION_NEEDED,0.0,0.0,known_yaw_or_servo_error_evaluation_only,True,False,evaluation_only_known_attitude_error,['/home/shy/AIR/SAR+AI/project/PGRCC/.worktrees/unknown-system-error-next-stage/outputs/yaw_error_formal_compact_20260915/cases/case_026/off/data/stage2_statistical_newprotocol_period_0000.bin'],known attitude error
yaw_target_free_baseline_m1p000deg_seed_101,target_free,baseline,-1.0,0.0,0.0,0.0,0.0,0.0,0.0,101,low_texture,10000.0,A1_Blind_Deterministic,FALLBACK_MODEL_MISMATCH,KEEP_CURRENT,,0.0,fallback_current,False,False,OFF_C_PLUS_N_TARGET_FREE_ONLY,['/home/shy/AIR/SAR+AI/project/PGRCC/.worktrees/unknown-system-error-next-stage/outputs/yaw_error_formal_compact_20260915/cases/case_026/off/data/stage2_statistical_newprotocol_period_0000.bin'],"['six_pair_clutter_phase', 'doppler_ridge_displacement', 'p38_phase_slope', 'multi_beam_power_secondary', 'reported_angle_geometry_platform']"
yaw_target_free_baseline_m1p000deg_seed_101,target_free,baseline,-1.0,0.0,0.0,0.0,0.0,0.0,0.0,101,high_texture,7500.0,A0_Current,CURRENT,KEEP_CURRENT,,0.0,reported_geometry_current,False,False,reported_geometry_current,['/home/shy/AIR/SAR+AI/project/PGRCC/.worktrees/unknown-system-error-next-stage/outputs/yaw_error_formal_compact_20260915/cases/case_027/off/data/stage2_statistical_newprotocol_period_0000.bin'],reported geometry
yaw_target_free_baseline_m1p000deg_seed_101,target_free,baseline,-1.0,0.0,0.0,0.0,0.0,0.0,0.0,101,high_texture,7500.0,AK_Known_Correction,KNOWN_EVALUATION,NO_CORRECTION_NEEDED,0.0,0.0,known_yaw_or_servo_error_evaluation_only,True,False,evaluation_only_known_attitude_error,['/home/shy/AIR/SAR+AI/project/PGRCC/.worktrees/unknown-system-error-next-stage/outputs/yaw_error_formal_compact_20260915/cases/case_027/off/data/stage2_statistical_newprotocol_period_0000.bin'],known attitude error
yaw_target_free_baseline_m1p000deg_seed_101,target_free,baseline,-1.0,0.0,0.0,0.0,0.0,0.0,0.0,101,high_texture,7500.0,A1_Blind_Deterministic,FALLBACK_MODEL_MISMATCH,KEEP_CURRENT,,0.0,fallback_current,False,False,OFF_C_PLUS_N_TARGET_FREE_ONLY,['/home/shy/AIR/SAR+AI/project/PGRCC/.worktrees/unknown-system-error-next-stage/outputs/yaw_error_formal_compact_20260915/cases/case_027/off/data/stage2_statistical_newprotocol_period_0000.bin'],"['six_pair_clutter_phase', 'doppler_ridge_displacement', 'p38_phase_slope', 'multi_beam_power_secondary', 'reported_angle_geometry_platform']"
yaw_target_free_baseline_m1p000deg_seed_101,target_free,baseline,-1.0,0.0,0.0,0.0,0.0,0.0,0.0,101,high_texture,10000.0,A0_Current,CURRENT,KEEP_CURRENT,,0.0,reported_geometry_current,False,False,reported_geometry_current,['/home/shy/AIR/SAR+AI/project/PGRCC/.worktrees/unknown-system-error-next-stage/outputs/yaw_error_formal_compact_20260915/cases/case_028/off/data/stage2_statistical_newprotocol_period_0000.bin'],reported geometry
yaw_target_free_baseline_m1p000deg_seed_101,target_free,baseline,-1.0,0.0,0.0,0.0,0.0,0.0,0.0,101,high_texture,10000.0,AK_Known_Correction,KNOWN_EVALUATION,NO_CORRECTION_NEEDED,0.0,0.0,known_yaw_or_servo_error_evaluation_only,True,False,evaluation_only_known_attitude_error,['/home/shy/AIR/SAR+AI/project/PGRCC/.worktrees/unknown-system-error-next-stage/outputs/yaw_error_formal_compact_20260915/cases/case_028/off/data/stage2_statistical_newprotocol_period_0000.bin'],known attitude error
yaw_target_free_baseline_m1p000deg_seed_101,target_free,baseline,-1.0,0.0,0.0,0.0,0.0,0.0,0.0,101,high_texture,10000.0,A1_Blind_Deterministic,FALLBACK_MODEL_MISMATCH,KEEP_CURRENT,,0.0,fallback_current,False,False,OFF_C_PLUS_N_TARGET_FREE_ONLY,['/home/shy/AIR/SAR+AI/project/PGRCC/.worktrees/unknown-system-error-next-stage/outputs/yaw_error_formal_compact_20260915/cases/case_028/off/data/stage2_statistical_newprotocol_period_0000.bin'],"['six_pair_clutter_phase', 'doppler_ridge_displacement', 'p38_phase_slope', 'multi_beam_power_secondary', 'reported_angle_geometry_platform']"
yaw_target_free_baseline_m1p000deg_seed_202,target_free,baseline,-1.0,0.0,0.0,0.0,0.0,0.0,0.0,202,low_texture,7500.0,A0_Current,CURRENT,KEEP_CURRENT,,0.0,reported_geometry_current,False,False,reported_geometry_current,['/home/shy/AIR/SAR+AI/project/PGRCC/.worktrees/unknown-system-error-next-stage/outputs/yaw_error_formal_compact_20260915/cases/case_029/off/data/stage2_statistical_newprotocol_period_0000.bin'],reported geometry
yaw_target_free_baseline_m1p000deg_seed_202,target_free,baseline,-1.0,0.0,0.0,0.0,0.0,0.0,0.0,202,low_texture,7500.0,AK_Known_Correction,KNOWN_EVALUATION,NO_CORRECTION_NEEDED,0.0,0.0,known_yaw_or_servo_error_evaluation_only,True,False,evaluation_only_known_attitude_error,['/home/shy/AIR/SAR+AI/project/PGRCC/.worktrees/unknown-system-error-next-stage/outputs/yaw_error_formal_compact_20260915/cases/case_029/off/data/stage2_statistical_newprotocol_period_0000.bin'],known attitude error
yaw_target_free_baseline_m1p000deg_seed_202,target_free,baseline,-1.0,0.0,0.0,0.0,0.0,0.0,0.0,202,low_texture,7500.0,A1_Blind_Deterministic,FALLBACK_MODEL_MISMATCH,KEEP_CURRENT,,0.0,fallback_current,False,False,OFF_C_PLUS_N_TARGET_FREE_ONLY,['/home/shy/AIR/SAR+AI/project/PGRCC/.worktrees/unknown-system-error-next-stage/outputs/yaw_error_formal_compact_20260915/cases/case_029/off/data/stage2_statistical_newprotocol_period_0000.bin'],"['six_pair_clutter_phase', 'doppler_ridge_displacement', 'p38_phase_slope', 'multi_beam_power_secondary', 'reported_angle_geometry_platform']"
yaw_target_free_baseline_m1p000deg_seed_202,target_free,baseline,-1.0,0.0,0.0,0.0,0.0,0.0,0.0,202,low_texture,10000.0,A0_Current,CURRENT,KEEP_CURRENT,,0.0,reported_geometry_current,False,False,reported_geometry_current,['/home/shy/AIR/SAR+AI/project/PGRCC/.worktrees/unknown-system-error-next-stage/outputs/yaw_error_formal_compact_20260915/cases/case_030/off/data/stage2_statistical_newprotocol_period_0000.bin'],reported geometry
yaw_target_free_baseline_m1p000deg_seed_202,target_free,baseline,-1.0,0.0,0.0,0.0,0.0,0.0,0.0,202,low_texture,10000.0,AK_Known_Correction,KNOWN_EVALUATION,NO_CORRECTION_NEEDED,0.0,0.0,known_yaw_or_servo_error_evaluation_only,True,False,evaluation_only_known_attitude_error,['/home/shy/AIR/SAR+AI/project/PGRCC/.worktrees/unknown-system-error-next-stage/outputs/yaw_error_formal_compact_20260915/cases/case_030/off/data/stage2_statistical_newprotocol_period_0000.bin'],known attitude error
yaw_target_free_baseline_m1p000deg_seed_202,target_free,baseline,-1.0,0.0,0.0,0.0,0.0,0.0,0.0,202,low_texture,10000.0,A1_Blind_Deterministic,FALLBACK_MODEL_MISMATCH,KEEP_CURRENT,,0.0,fallback_current,False,False,OFF_C_PLUS_N_TARGET_FREE_ONLY,['/home/shy/AIR/SAR+AI/project/PGRCC/.worktrees/unknown-system-error-next-stage/outputs/yaw_error_formal_compact_20260915/cases/case_030/off/data/stage2_statistical_newprotocol_period_0000.bin'],"['six_pair_clutter_phase', 'doppler_ridge_displacement', 'p38_phase_slope', 'multi_beam_power_secondary', 'reported_angle_geometry_platform']"
yaw_target_free_baseline_m1p000deg_seed_202,target_free,baseline,-1.0,0.0,0.0,0.0,0.0,0.0,0.0,202,high_texture,7500.0,A0_Current,CURRENT,KEEP_CURRENT,,0.0,reported_geometry_current,False,False,reported_geometry_current,['/home/shy/AIR/SAR+AI/project/PGRCC/.worktrees/unknown-system-error-next-stage/outputs/yaw_error_formal_compact_20260915/cases/case_031/off/data/stage2_statistical_newprotocol_period_0000.bin'],reported geometry
yaw_target_free_baseline_m1p000deg_seed_202,target_free,baseline,-1.0,0.0,0.0,0.0,0.0,0.0,0.0,202,high_texture,7500.0,AK_Known_Correction,KNOWN_EVALUATION,NO_CORRECTION_NEEDED,0.0,0.0,known_yaw_or_servo_error_evaluation_only,True,False,evaluation_only_known_attitude_error,['/home/shy/AIR/SAR+AI/project/PGRCC/.worktrees/unknown-system-error-next-stage/outputs/yaw_error_formal_compact_20260915/cases/case_031/off/data/stage2_statistical_newprotocol_period_0000.bin'],known attitude error
yaw_target_free_baseline_m1p000deg_seed_202,target_free,baseline,-1.0,0.0,0.0,0.0,0.0,0.0,0.0,202,high_texture,7500.0,A1_Blind_Deterministic,FALLBACK_MODEL_MISMATCH,KEEP_CURRENT,,0.0,fallback_current,False,False,OFF_C_PLUS_N_TARGET_FREE_ONLY,['/home/shy/AIR/SAR+AI/project/PGRCC/.worktrees/unknown-system-error-next-stage/outputs/yaw_error_formal_compact_20260915/cases/case_031/off/data/stage2_statistical_newprotocol_period_0000.bin'],"['six_pair_clutter_phase', 'doppler_ridge_displacement', 'p38_phase_slope', 'multi_beam_power_secondary', 'reported_angle_geometry_platform']"
yaw_target_free_baseline_m1p000deg_seed_202,target_free,baseline,-1.0,0.0,0.0,0.0,0.0,0.0,0.0,202,high_texture,10000.0,A0_Current,CURRENT,KEEP_CURRENT,,0.0,reported_geometry_current,False,False,reported_geometry_current,['/home/shy/AIR/SAR+AI/project/PGRCC/.worktrees/unknown-system-error-next-stage/outputs/yaw_error_formal_compact_20260915/cases/case_032/off/data/stage2_statistical_newprotocol_period_0000.bin'],reported geometry
yaw_target_free_baseline_m1p000deg_seed_202,target_free,baseline,-1.0,0.0,0.0,0.0,0.0,0.0,0.0,202,high_texture,10000.0,AK_Known_Correction,KNOWN_EVALUATION,NO_CORRECTION_NEEDED,0.0,0.0,known_yaw_or_servo_error_evaluation_only,True,False,evaluation_only_known_attitude_error,['/home/shy/AIR/SAR+AI/project/PGRCC/.worktrees/unknown-system-error-next-stage/outputs/yaw_error_formal_compact_20260915/cases/case_032/off/data/stage2_statistical_newprotocol_period_0000.bin'],known attitude error
yaw_target_free_baseline_m1p000deg_seed_202,target_free,baseline,-1.0,0.0,0.0,0.0,0.0,0.0,0.0,202,high_texture,10000.0,A1_Blind_Deterministic,FALLBACK_MODEL_MISMATCH,KEEP_CURRENT,,0.0,fallback_current,False,False,OFF_C_PLUS_N_TARGET_FREE_ONLY,['/home/shy/AIR/SAR+AI/project/PGRCC/.worktrees/unknown-system-error-next-stage/outputs/yaw_error_formal_compact_20260915/cases/case_032/off/data/stage2_statistical_newprotocol_period_0000.bin'],"['six_pair_clutter_phase', 'doppler_ridge_displacement', 'p38_phase_slope', 'multi_beam_power_secondary', 'reported_angle_geometry_platform']"
yaw_target_free_baseline_p1p000deg_seed_101,target_free,baseline,1.0,0.0,0.0,0.0,0.0,0.0,0.0,101,low_texture,7500.0,A0_Current,CURRENT,KEEP_CURRENT,,0.0,reported_geometry_current,False,False,reported_geometry_current,['/home/shy/AIR/SAR+AI/project/PGRCC/.worktrees/unknown-system-error-next-stage/outputs/yaw_error_formal_compact_20260915/cases/case_033/off/data/stage2_statistical_newprotocol_period_0000.bin'],reported geometry
yaw_target_free_baseline_p1p000deg_seed_101,target_free,baseline,1.0,0.0,0.0,0.0,0.0,0.0,0.0,101,low_texture,7500.0,AK_Known_Correction,KNOWN_EVALUATION,NO_CORRECTION_NEEDED,0.0,0.0,known_yaw_or_servo_error_evaluation_only,True,False,evaluation_only_known_attitude_error,['/home/shy/AIR/SAR+AI/project/PGRCC/.worktrees/unknown-system-error-next-stage/outputs/yaw_error_formal_compact_20260915/cases/case_033/off/data/stage2_statistical_newprotocol_period_0000.bin'],known attitude error
yaw_target_free_baseline_p1p000deg_seed_101,target_free,baseline,1.0,0.0,0.0,0.0,0.0,0.0,0.0,101,low_texture,7500.0,A1_Blind_Deterministic,FALLBACK_MODEL_MISMATCH,KEEP_CURRENT,,0.0,fallback_current,False,False,OFF_C_PLUS_N_TARGET_FREE_ONLY,['/home/shy/AIR/SAR+AI/project/PGRCC/.worktrees/unknown-system-error-next-stage/outputs/yaw_error_formal_compact_20260915/cases/case_033/off/data/stage2_statistical_newprotocol_period_0000.bin'],"['six_pair_clutter_phase', 'doppler_ridge_displacement', 'p38_phase_slope', 'multi_beam_power_secondary', 'reported_angle_geometry_platform']"
yaw_target_free_baseline_p1p000deg_seed_101,target_free,baseline,1.0,0.0,0.0,0.0,0.0,0.0,0.0,101,low_texture,10000.0,A0_Current,CURRENT,KEEP_CURRENT,,0.0,reported_geometry_current,False,False,reported_geometry_current,['/home/shy/AIR/SAR+AI/project/PGRCC/.worktrees/unknown-system-error-next-stage/outputs/yaw_error_formal_compact_20260915/cases/case_034/off/data/stage2_statistical_newprotocol_period_0000.bin'],reported geometry
yaw_target_free_baseline_p1p000deg_seed_101,target_free,baseline,1.0,0.0,0.0,0.0,0.0,0.0,0.0,101,low_texture,10000.0,AK_Known_Correction,KNOWN_EVALUATION,NO_CORRECTION_NEEDED,0.0,0.0,known_yaw_or_servo_error_evaluation_only,True,False,evaluation_only_known_attitude_error,['/home/shy/AIR/SAR+AI/project/PGRCC/.worktrees/unknown-system-error-next-stage/outputs/yaw_error_formal_compact_20260915/cases/case_034/off/data/stage2_statistical_newprotocol_period_0000.bin'],known attitude error
yaw_target_free_baseline_p1p000deg_seed_101,target_free,baseline,1.0,0.0,0.0,0.0,0.0,0.0,0.0,101,low_texture,10000.0,A1_Blind_Deterministic,FALLBACK_MODEL_MISMATCH,KEEP_CURRENT,,0.0,fallback_current,False,False,OFF_C_PLUS_N_TARGET_FREE_ONLY,['/home/shy/AIR/SAR+AI/project/PGRCC/.worktrees/unknown-system-error-next-stage/outputs/yaw_error_formal_compact_20260915/cases/case_034/off/data/stage2_statistical_newprotocol_period_0000.bin'],"['six_pair_clutter_phase', 'doppler_ridge_displacement', 'p38_phase_slope', 'multi_beam_power_secondary', 'reported_angle_geometry_platform']"
yaw_target_free_baseline_p1p000deg_seed_101,target_free,baseline,1.0,0.0,0.0,0.0,0.0,0.0,0.0,101,high_texture,7500.0,A0_Current,CURRENT,KEEP_CURRENT,,0.0,reported_geometry_current,False,False,reported_geometry_current,['/home/shy/AIR/SAR+AI/project/PGRCC/.worktrees/unknown-system-error-next-stage/outputs/yaw_error_formal_compact_20260915/cases/case_035/off/data/stage2_statistical_newprotocol_period_0000.bin'],reported geometry
yaw_target_free_baseline_p1p000deg_seed_101,target_free,baseline,1.0,0.0,0.0,0.0,0.0,0.0,0.0,101,high_texture,7500.0,AK_Known_Correction,KNOWN_EVALUATION,NO_CORRECTION_NEEDED,0.0,0.0,known_yaw_or_servo_error_evaluation_only,True,False,evaluation_only_known_attitude_error,['/home/shy/AIR/SAR+AI/project/PGRCC/.worktrees/unknown-system-error-next-stage/outputs/yaw_error_formal_compact_20260915/cases/case_035/off/data/stage2_statistical_newprotocol_period_0000.bin'],known attitude error
yaw_target_free_baseline_p1p000deg_seed_101,target_free,baseline,1.0,0.0,0.0,0.0,0.0,0.0,0.0,101,high_texture,7500.0,A1_Blind_Deterministic,FALLBACK_MODEL_MISMATCH,KEEP_CURRENT,,0.0,fallback_current,False,False,OFF_C_PLUS_N_TARGET_FREE_ONLY,['/home/shy/AIR/SAR+AI/project/PGRCC/.worktrees/unknown-system-error-next-stage/outputs/yaw_error_formal_compact_20260915/cases/case_035/off/data/stage2_statistical_newprotocol_period_0000.bin'],"['six_pair_clutter_phase', 'doppler_ridge_displacement', 'p38_phase_slope', 'multi_beam_power_secondary', 'reported_angle_geometry_platform']"
yaw_target_free_baseline_p1p000deg_seed_101,target_free,baseline,1.0,0.0,0.0,0.0,0.0,0.0,0.0,101,high_texture,10000.0,A0_Current,CURRENT,KEEP_CURRENT,,0.0,reported_geometry_current,False,False,reported_geometry_current,['/home/shy/AIR/SAR+AI/project/PGRCC/.worktrees/unknown-system-error-next-stage/outputs/yaw_error_formal_compact_20260915/cases/case_036/off/data/stage2_statistical_newprotocol_period_0000.bin'],reported geometry
yaw_target_free_baseline_p1p000deg_seed_101,target_free,baseline,1.0,0.0,0.0,0.0,0.0,0.0,0.0,101,high_texture,10000.0,AK_Known_Correction,KNOWN_EVALUATION,NO_CORRECTION_NEEDED,0.0,0.0,known_yaw_or_servo_error_evaluation_only,True,False,evaluation_only_known_attitude_error,['/home/shy/AIR/SAR+AI/project/PGRCC/.worktrees/unknown-system-error-next-stage/outputs/yaw_error_formal_compact_20260915/cases/case_036/off/data/stage2_statistical_newprotocol_period_0000.bin'],known attitude error
yaw_target_free_baseline_p1p000deg_seed_101,target_free,baseline,1.0,0.0,0.0,0.0,0.0,0.0,0.0,101,high_texture,10000.0,A1_Blind_Deterministic,FALLBACK_MODEL_MISMATCH,KEEP_CURRENT,,0.0,fallback_current,False,False,OFF_C_PLUS_N_TARGET_FREE_ONLY,['/home/shy/AIR/SAR+AI/project/PGRCC/.worktrees/unknown-system-error-next-stage/outputs/yaw_error_formal_compact_20260915/cases/case_036/off/data/stage2_statistical_newprotocol_period_0000.bin'],"['six_pair_clutter_phase', 'doppler_ridge_displacement', 'p38_phase_slope', 'multi_beam_power_secondary', 'reported_angle_geometry_platform']"
yaw_target_free_baseline_p1p000deg_seed_202,target_free,baseline,1.0,0.0,0.0,0.0,0.0,0.0,0.0,202,low_texture,7500.0,A0_Current,CURRENT,KEEP_CURRENT,,0.0,reported_geometry_current,False,False,reported_geometry_current,['/home/shy/AIR/SAR+AI/project/PGRCC/.worktrees/unknown-system-error-next-stage/outputs/yaw_error_formal_compact_20260915/cases/case_037/off/data/stage2_statistical_newprotocol_period_0000.bin'],reported geometry
yaw_target_free_baseline_p1p000deg_seed_202,target_free,baseline,1.0,0.0,0.0,0.0,0.0,0.0,0.0,202,low_texture,7500.0,AK_Known_Correction,KNOWN_EVALUATION,NO_CORRECTION_NEEDED,0.0,0.0,known_yaw_or_servo_error_evaluation_only,True,False,evaluation_only_known_attitude_error,['/home/shy/AIR/SAR+AI/project/PGRCC/.worktrees/unknown-system-error-next-stage/outputs/yaw_error_formal_compact_20260915/cases/case_037/off/data/stage2_statistical_newprotocol_period_0000.bin'],known attitude error
yaw_target_free_baseline_p1p000deg_seed_202,target_free,baseline,1.0,0.0,0.0,0.0,0.0,0.0,0.0,202,low_texture,7500.0,A1_Blind_Deterministic,FALLBACK_MODEL_MISMATCH,KEEP_CURRENT,,0.0,fallback_current,False,False,OFF_C_PLUS_N_TARGET_FREE_ONLY,['/home/shy/AIR/SAR+AI/project/PGRCC/.worktrees/unknown-system-error-next-stage/outputs/yaw_error_formal_compact_20260915/cases/case_037/off/data/stage2_statistical_newprotocol_period_0000.bin'],"['six_pair_clutter_phase', 'doppler_ridge_displacement', 'p38_phase_slope', 'multi_beam_power_secondary', 'reported_angle_geometry_platform']"
yaw_target_free_baseline_p1p000deg_seed_202,target_free,baseline,1.0,0.0,0.0,0.0,0.0,0.0,0.0,202,low_texture,10000.0,A0_Current,CURRENT,KEEP_CURRENT,,0.0,reported_geometry_current,False,False,reported_geometry_current,['/home/shy/AIR/SAR+AI/project/PGRCC/.worktrees/unknown-system-error-next-stage/outputs/yaw_error_formal_compact_20260915/cases/case_038/off/data/stage2_statistical_newprotocol_period_0000.bin'],reported geometry
yaw_target_free_baseline_p1p000deg_seed_202,target_free,baseline,1.0,0.0,0.0,0.0,0.0,0.0,0.0,202,low_texture,10000.0,AK_Known_Correction,KNOWN_EVALUATION,NO_CORRECTION_NEEDED,0.0,0.0,known_yaw_or_servo_error_evaluation_only,True,False,evaluation_only_known_attitude_error,['/home/shy/AIR/SAR+AI/project/PGRCC/.worktrees/unknown-system-error-next-stage/outputs/yaw_error_formal_compact_20260915/cases/case_038/off/data/stage2_statistical_newprotocol_period_0000.bin'],known attitude error
yaw_target_free_baseline_p1p000deg_seed_202,target_free,baseline,1.0,0.0,0.0,0.0,0.0,0.0,0.0,202,low_texture,10000.0,A1_Blind_Deterministic,FALLBACK_MODEL_MISMATCH,KEEP_CURRENT,,0.0,fallback_current,False,False,OFF_C_PLUS_N_TARGET_FREE_ONLY,['/home/shy/AIR/SAR+AI/project/PGRCC/.worktrees/unknown-system-error-next-stage/outputs/yaw_error_formal_compact_20260915/cases/case_038/off/data/stage2_statistical_newprotocol_period_0000.bin'],"['six_pair_clutter_phase', 'doppler_ridge_displacement', 'p38_phase_slope', 'multi_beam_power_secondary', 'reported_angle_geometry_platform']"
yaw_target_free_baseline_p1p000deg_seed_202,target_free,baseline,1.0,0.0,0.0,0.0,0.0,0.0,0.0,202,high_texture,7500.0,A0_Current,CURRENT,KEEP_CURRENT,,0.0,reported_geometry_current,False,False,reported_geometry_current,['/home/shy/AIR/SAR+AI/project/PGRCC/.worktrees/unknown-system-error-next-stage/outputs/yaw_error_formal_compact_20260915/cases/case_039/off/data/stage2_statistical_newprotocol_period_0000.bin'],reported geometry
yaw_target_free_baseline_p1p000deg_seed_202,target_free,baseline,1.0,0.0,0.0,0.0,0.0,0.0,0.0,202,high_texture,7500.0,AK_Known_Correction,KNOWN_EVALUATION,NO_CORRECTION_NEEDED,0.0,0.0,known_yaw_or_servo_error_evaluation_only,True,False,evaluation_only_known_attitude_error,['/home/shy/AIR/SAR+AI/project/PGRCC/.worktrees/unknown-system-error-next-stage/outputs/yaw_error_formal_compact_20260915/cases/case_039/off/data/stage2_statistical_newprotocol_period_0000.bin'],known attitude error
yaw_target_free_baseline_p1p000deg_seed_202,target_free,baseline,1.0,0.0,0.0,0.0,0.0,0.0,0.0,202,high_texture,7500.0,A1_Blind_Deterministic,FALLBACK_MODEL_MISMATCH,KEEP_CURRENT,,0.0,fallback_current,False,False,OFF_C_PLUS_N_TARGET_FREE_ONLY,['/home/shy/AIR/SAR+AI/project/PGRCC/.worktrees/unknown-system-error-next-stage/outputs/yaw_error_formal_compact_20260915/cases/case_039/off/data/stage2_statistical_newprotocol_period_0000.bin'],"['six_pair_clutter_phase', 'doppler_ridge_displacement', 'p38_phase_slope', 'multi_beam_power_secondary', 'reported_angle_geometry_platform']"
yaw_target_free_baseline_p1p000deg_seed_202,target_free,baseline,1.0,0.0,0.0,0.0,0.0,0.0,0.0,202,high_texture,10000.0,A0_Current,CURRENT,KEEP_CURRENT,,0.0,reported_geometry_current,False,False,reported_geometry_current,['/home/shy/AIR/SAR+AI/project/PGRCC/.worktrees/unknown-system-error-next-stage/outputs/yaw_error_formal_compact_20260915/cases/case_040/off/data/stage2_statistical_newprotocol_period_0000.bin'],reported geometry
yaw_target_free_baseline_p1p000deg_seed_202,target_free,baseline,1.0,0.0,0.0,0.0,0.0,0.0,0.0,202,high_texture,10000.0,AK_Known_Correction,KNOWN_EVALUATION,NO_CORRECTION_NEEDED,0.0,0.0,known_yaw_or_servo_error_evaluation_only,True,False,evaluation_only_known_attitude_error,['/home/shy/AIR/SAR+AI/project/PGRCC/.worktrees/unknown-system-error-next-stage/outputs/yaw_error_formal_compact_20260915/cases/case_040/off/data/stage2_statistical_newprotocol_period_0000.bin'],known attitude error
yaw_target_free_baseline_p1p000deg_seed_202,target_free,baseline,1.0,0.0,0.0,0.0,0.0,0.0,0.0,202,high_texture,10000.0,A1_Blind_Deterministic,FALLBACK_MODEL_MISMATCH,KEEP_CURRENT,,0.0,fallback_current,False,False,OFF_C_PLUS_N_TARGET_FREE_ONLY,['/home/shy/AIR/SAR+AI/project/PGRCC/.worktrees/unknown-system-error-next-stage/outputs/yaw_error_formal_compact_20260915/cases/case_040/off/data/stage2_statistical_newprotocol_period_0000.bin'],"['six_pair_clutter_phase', 'doppler_ridge_displacement', 'p38_phase_slope', 'multi_beam_power_secondary', 'reported_angle_geometry_platform']"
yaw_target_free_yaw_p0p000deg_seed_101,target_free,yaw,0.0,0.0,0.0,0.0,0.0,0.0,0.0,101,low_texture,7500.0,A0_Current,CURRENT,KEEP_CURRENT,,0.0,reported_geometry_current,False,False,reported_geometry_current,['/home/shy/AIR/SAR+AI/project/PGRCC/.worktrees/unknown-system-error-next-stage/outputs/yaw_error_formal_compact_20260915/cases/case_041/off/data/stage2_statistical_newprotocol_period_0000.bin'],reported geometry
yaw_target_free_yaw_p0p000deg_seed_101,target_free,yaw,0.0,0.0,0.0,0.0,0.0,0.0,0.0,101,low_texture,7500.0,AK_Known_Correction,KNOWN_EVALUATION,NO_CORRECTION_NEEDED,0.0,0.0,known_yaw_or_servo_error_evaluation_only,True,False,evaluation_only_known_attitude_error,['/home/shy/AIR/SAR+AI/project/PGRCC/.worktrees/unknown-system-error-next-stage/outputs/yaw_error_formal_compact_20260915/cases/case_041/off/data/stage2_statistical_newprotocol_period_0000.bin'],known attitude error
yaw_target_free_yaw_p0p000deg_seed_101,target_free,yaw,0.0,0.0,0.0,0.0,0.0,0.0,0.0,101,low_texture,7500.0,A1_Blind_Deterministic,FALLBACK_MODEL_MISMATCH,KEEP_CURRENT,,0.0,fallback_current,False,False,OFF_C_PLUS_N_TARGET_FREE_ONLY,['/home/shy/AIR/SAR+AI/project/PGRCC/.worktrees/unknown-system-error-next-stage/outputs/yaw_error_formal_compact_20260915/cases/case_041/off/data/stage2_statistical_newprotocol_period_0000.bin'],"['six_pair_clutter_phase', 'doppler_ridge_displacement', 'p38_phase_slope', 'multi_beam_power_secondary', 'reported_angle_geometry_platform']"
yaw_target_free_yaw_p0p000deg_seed_101,target_free,yaw,0.0,0.0,0.0,0.0,0.0,0.0,0.0,101,low_texture,10000.0,A0_Current,CURRENT,KEEP_CURRENT,,0.0,reported_geometry_current,False,False,reported_geometry_current,['/home/shy/AIR/SAR+AI/project/PGRCC/.worktrees/unknown-system-error-next-stage/outputs/yaw_error_formal_compact_20260915/cases/case_042/off/data/stage2_statistical_newprotocol_period_0000.bin'],reported geometry
yaw_target_free_yaw_p0p000deg_seed_101,target_free,yaw,0.0,0.0,0.0,0.0,0.0,0.0,0.0,101,low_texture,10000.0,AK_Known_Correction,KNOWN_EVALUATION,NO_CORRECTION_NEEDED,0.0,0.0,known_yaw_or_servo_error_evaluation_only,True,False,evaluation_only_known_attitude_error,['/home/shy/AIR/SAR+AI/project/PGRCC/.worktrees/unknown-system-error-next-stage/outputs/yaw_error_formal_compact_20260915/cases/case_042/off/data/stage2_statistical_newprotocol_period_0000.bin'],known attitude error
yaw_target_free_yaw_p0p000deg_seed_101,target_free,yaw,0.0,0.0,0.0,0.0,0.0,0.0,0.0,101,low_texture,10000.0,A1_Blind_Deterministic,FALLBACK_MODEL_MISMATCH,KEEP_CURRENT,,0.0,fallback_current,False,False,OFF_C_PLUS_N_TARGET_FREE_ONLY,['/home/shy/AIR/SAR+AI/project/PGRCC/.worktrees/unknown-system-error-next-stage/outputs/yaw_error_formal_compact_20260915/cases/case_042/off/data/stage2_statistical_newprotocol_period_0000.bin'],"['six_pair_clutter_phase', 'doppler_ridge_displacement', 'p38_phase_slope', 'multi_beam_power_secondary', 'reported_angle_geometry_platform']"
yaw_target_free_yaw_p0p000deg_seed_101,target_free,yaw,0.0,0.0,0.0,0.0,0.0,0.0,0.0,101,high_texture,7500.0,A0_Current,CURRENT,KEEP_CURRENT,,0.0,reported_geometry_current,False,False,reported_geometry_current,['/home/shy/AIR/SAR+AI/project/PGRCC/.worktrees/unknown-system-error-next-stage/outputs/yaw_error_formal_compact_20260915/cases/case_043/off/data/stage2_statistical_newprotocol_period_0000.bin'],reported geometry
yaw_target_free_yaw_p0p000deg_seed_101,target_free,yaw,0.0,0.0,0.0,0.0,0.0,0.0,0.0,101,high_texture,7500.0,AK_Known_Correction,KNOWN_EVALUATION,NO_CORRECTION_NEEDED,0.0,0.0,known_yaw_or_servo_error_evaluation_only,True,False,evaluation_only_known_attitude_error,['/home/shy/AIR/SAR+AI/project/PGRCC/.worktrees/unknown-system-error-next-stage/outputs/yaw_error_formal_compact_20260915/cases/case_043/off/data/stage2_statistical_newprotocol_period_0000.bin'],known attitude error
yaw_target_free_yaw_p0p000deg_seed_101,target_free,yaw,0.0,0.0,0.0,0.0,0.0,0.0,0.0,101,high_texture,7500.0,A1_Blind_Deterministic,FALLBACK_MODEL_MISMATCH,KEEP_CURRENT,,0.0,fallback_current,False,False,OFF_C_PLUS_N_TARGET_FREE_ONLY,['/home/shy/AIR/SAR+AI/project/PGRCC/.worktrees/unknown-system-error-next-stage/outputs/yaw_error_formal_compact_20260915/cases/case_043/off/data/stage2_statistical_newprotocol_period_0000.bin'],"['six_pair_clutter_phase', 'doppler_ridge_displacement', 'p38_phase_slope', 'multi_beam_power_secondary', 'reported_angle_geometry_platform']"
yaw_target_free_yaw_p0p000deg_seed_101,target_free,yaw,0.0,0.0,0.0,0.0,0.0,0.0,0.0,101,high_texture,10000.0,A0_Current,CURRENT,KEEP_CURRENT,,0.0,reported_geometry_current,False,False,reported_geometry_current,['/home/shy/AIR/SAR+AI/project/PGRCC/.worktrees/unknown-system-error-next-stage/outputs/yaw_error_formal_compact_20260915/cases/case_044/off/data/stage2_statistical_newprotocol_period_0000.bin'],reported geometry
yaw_target_free_yaw_p0p000deg_seed_101,target_free,yaw,0.0,0.0,0.0,0.0,0.0,0.0,0.0,101,high_texture,10000.0,AK_Known_Correction,KNOWN_EVALUATION,NO_CORRECTION_NEEDED,0.0,0.0,known_yaw_or_servo_error_evaluation_only,True,False,evaluation_only_known_attitude_error,['/home/shy/AIR/SAR+AI/project/PGRCC/.worktrees/unknown-system-error-next-stage/outputs/yaw_error_formal_compact_20260915/cases/case_044/off/data/stage2_statistical_newprotocol_period_0000.bin'],known attitude error
yaw_target_free_yaw_p0p000deg_seed_101,target_free,yaw,0.0,0.0,0.0,0.0,0.0,0.0,0.0,101,high_texture,10000.0,A1_Blind_Deterministic,FALLBACK_MODEL_MISMATCH,KEEP_CURRENT,,0.0,fallback_current,False,False,OFF_C_PLUS_N_TARGET_FREE_ONLY,['/home/shy/AIR/SAR+AI/project/PGRCC/.worktrees/unknown-system-error-next-stage/outputs/yaw_error_formal_compact_20260915/cases/case_044/off/data/stage2_statistical_newprotocol_period_0000.bin'],"['six_pair_clutter_phase', 'doppler_ridge_displacement', 'p38_phase_slope', 'multi_beam_power_secondary', 'reported_angle_geometry_platform']"
yaw_target_free_yaw_p0p000deg_seed_202,target_free,yaw,0.0,0.0,0.0,0.0,0.0,0.0,0.0,202,low_texture,7500.0,A0_Current,CURRENT,KEEP_CURRENT,,0.0,reported_geometry_current,False,False,reported_geometry_current,['/home/shy/AIR/SAR+AI/project/PGRCC/.worktrees/unknown-system-error-next-stage/outputs/yaw_error_formal_compact_20260915/cases/case_045/off/data/stage2_statistical_newprotocol_period_0000.bin'],reported geometry
yaw_target_free_yaw_p0p000deg_seed_202,target_free,yaw,0.0,0.0,0.0,0.0,0.0,0.0,0.0,202,low_texture,7500.0,AK_Known_Correction,KNOWN_EVALUATION,NO_CORRECTION_NEEDED,0.0,0.0,known_yaw_or_servo_error_evaluation_only,True,False,evaluation_only_known_attitude_error,['/home/shy/AIR/SAR+AI/project/PGRCC/.worktrees/unknown-system-error-next-stage/outputs/yaw_error_formal_compact_20260915/cases/case_045/off/data/stage2_statistical_newprotocol_period_0000.bin'],known attitude error
yaw_target_free_yaw_p0p000deg_seed_202,target_free,yaw,0.0,0.0,0.0,0.0,0.0,0.0,0.0,202,low_texture,7500.0,A1_Blind_Deterministic,FALLBACK_MODEL_MISMATCH,KEEP_CURRENT,,0.0,fallback_current,False,False,OFF_C_PLUS_N_TARGET_FREE_ONLY,['/home/shy/AIR/SAR+AI/project/PGRCC/.worktrees/unknown-system-error-next-stage/outputs/yaw_error_formal_compact_20260915/cases/case_045/off/data/stage2_statistical_newprotocol_period_0000.bin'],"['six_pair_clutter_phase', 'doppler_ridge_displacement', 'p38_phase_slope', 'multi_beam_power_secondary', 'reported_angle_geometry_platform']"
yaw_target_free_yaw_p0p000deg_seed_202,target_free,yaw,0.0,0.0,0.0,0.0,0.0,0.0,0.0,202,low_texture,10000.0,A0_Current,CURRENT,KEEP_CURRENT,,0.0,reported_geometry_current,False,False,reported_geometry_current,['/home/shy/AIR/SAR+AI/project/PGRCC/.worktrees/unknown-system-error-next-stage/outputs/yaw_error_formal_compact_20260915/cases/case_046/off/data/stage2_statistical_newprotocol_period_0000.bin'],reported geometry
yaw_target_free_yaw_p0p000deg_seed_202,target_free,yaw,0.0,0.0,0.0,0.0,0.0,0.0,0.0,202,low_texture,10000.0,AK_Known_Correction,KNOWN_EVALUATION,NO_CORRECTION_NEEDED,0.0,0.0,known_yaw_or_servo_error_evaluation_only,True,False,evaluation_only_known_attitude_error,['/home/shy/AIR/SAR+AI/project/PGRCC/.worktrees/unknown-system-error-next-stage/outputs/yaw_error_formal_compact_20260915/cases/case_046/off/data/stage2_statistical_newprotocol_period_0000.bin'],known attitude error
yaw_target_free_yaw_p0p000deg_seed_202,target_free,yaw,0.0,0.0,0.0,0.0,0.0,0.0,0.0,202,low_texture,10000.0,A1_Blind_Deterministic,FALLBACK_MODEL_MISMATCH,KEEP_CURRENT,,0.0,fallback_current,False,False,OFF_C_PLUS_N_TARGET_FREE_ONLY,['/home/shy/AIR/SAR+AI/project/PGRCC/.worktrees/unknown-system-error-next-stage/outputs/yaw_error_formal_compact_20260915/cases/case_046/off/data/stage2_statistical_newprotocol_period_0000.bin'],"['six_pair_clutter_phase', 'doppler_ridge_displacement', 'p38_phase_slope', 'multi_beam_power_secondary', 'reported_angle_geometry_platform']"
yaw_target_free_yaw_p0p000deg_seed_202,target_free,yaw,0.0,0.0,0.0,0.0,0.0,0.0,0.0,202,high_texture,7500.0,A0_Current,CURRENT,KEEP_CURRENT,,0.0,reported_geometry_current,False,False,reported_geometry_current,['/home/shy/AIR/SAR+AI/project/PGRCC/.worktrees/unknown-system-error-next-stage/outputs/yaw_error_formal_compact_20260915/cases/case_047/off/data/stage2_statistical_newprotocol_period_0000.bin'],reported geometry
yaw_target_free_yaw_p0p000deg_seed_202,target_free,yaw,0.0,0.0,0.0,0.0,0.0,0.0,0.0,202,high_texture,7500.0,AK_Known_Correction,KNOWN_EVALUATION,NO_CORRECTION_NEEDED,0.0,0.0,known_yaw_or_servo_error_evaluation_only,True,False,evaluation_only_known_attitude_error,['/home/shy/AIR/SAR+AI/project/PGRCC/.worktrees/unknown-system-error-next-stage/outputs/yaw_error_formal_compact_20260915/cases/case_047/off/data/stage2_statistical_newprotocol_period_0000.bin'],known attitude error
yaw_target_free_yaw_p0p000deg_seed_202,target_free,yaw,0.0,0.0,0.0,0.0,0.0,0.0,0.0,202,high_texture,7500.0,A1_Blind_Deterministic,FALLBACK_MODEL_MISMATCH,KEEP_CURRENT,,0.0,fallback_current,False,False,OFF_C_PLUS_N_TARGET_FREE_ONLY,['/home/shy/AIR/SAR+AI/project/PGRCC/.worktrees/unknown-system-error-next-stage/outputs/yaw_error_formal_compact_20260915/cases/case_047/off/data/stage2_statistical_newprotocol_period_0000.bin'],"['six_pair_clutter_phase', 'doppler_ridge_displacement', 'p38_phase_slope', 'multi_beam_power_secondary', 'reported_angle_geometry_platform']"
yaw_target_free_yaw_p0p000deg_seed_202,target_free,yaw,0.0,0.0,0.0,0.0,0.0,0.0,0.0,202,high_texture,10000.0,A0_Current,CURRENT,KEEP_CURRENT,,0.0,reported_geometry_current,False,False,reported_geometry_current,['/home/shy/AIR/SAR+AI/project/PGRCC/.worktrees/unknown-system-error-next-stage/outputs/yaw_error_formal_compact_20260915/cases/case_048/off/data/stage2_statistical_newprotocol_period_0000.bin'],reported geometry
yaw_target_free_yaw_p0p000deg_seed_202,target_free,yaw,0.0,0.0,0.0,0.0,0.0,0.0,0.0,202,high_texture,10000.0,AK_Known_Correction,KNOWN_EVALUATION,NO_CORRECTION_NEEDED,0.0,0.0,known_yaw_or_servo_error_evaluation_only,True,False,evaluation_only_known_attitude_error,['/home/shy/AIR/SAR+AI/project/PGRCC/.worktrees/unknown-system-error-next-stage/outputs/yaw_error_formal_compact_20260915/cases/case_048/off/data/stage2_statistical_newprotocol_period_0000.bin'],known attitude error
yaw_target_free_yaw_p0p000deg_seed_202,target_free,yaw,0.0,0.0,0.0,0.0,0.0,0.0,0.0,202,high_texture,10000.0,A1_Blind_Deterministic,FALLBACK_MODEL_MISMATCH,KEEP_CURRENT,,0.0,fallback_current,False,False,OFF_C_PLUS_N_TARGET_FREE_ONLY,['/home/shy/AIR/SAR+AI/project/PGRCC/.worktrees/unknown-system-error-next-stage/outputs/yaw_error_formal_compact_20260915/cases/case_048/off/data/stage2_statistical_newprotocol_period_0000.bin'],"['six_pair_clutter_phase', 'doppler_ridge_displacement', 'p38_phase_slope', 'multi_beam_power_secondary', 'reported_angle_geometry_platform']"
yaw_target_free_yaw_m0p500deg_seed_101,target_free,yaw,-0.5,-0.5,0.0,-0.5,0.0,0.0,0.0,101,low_texture,7500.0,A0_Current,CURRENT,KEEP_CURRENT,,0.0,reported_geometry_current,False,False,reported_geometry_current,['/home/shy/AIR/SAR+AI/project/PGRCC/.worktrees/unknown-system-error-next-stage/outputs/yaw_error_formal_compact_20260915/cases/case_049/off/data/stage2_statistical_newprotocol_period_0000.bin'],reported geometry
yaw_target_free_yaw_m0p500deg_seed_101,target_free,yaw,-0.5,-0.5,0.0,-0.5,0.0,0.0,0.0,101,low_texture,7500.0,AK_Known_Correction,KNOWN_EVALUATION,APPLY_KNOWN_ERROR_CORRECTION,-0.5,-0.5,known_yaw_or_servo_error_evaluation_only,True,False,evaluation_only_known_attitude_error,['/home/shy/AIR/SAR+AI/project/PGRCC/.worktrees/unknown-system-error-next-stage/outputs/yaw_error_formal_compact_20260915/cases/case_049/off/data/stage2_statistical_newprotocol_period_0000.bin'],known attitude error
yaw_target_free_yaw_m0p500deg_seed_101,target_free,yaw,-0.5,-0.5,0.0,-0.5,0.0,0.0,0.0,101,low_texture,7500.0,A1_Blind_Deterministic,FALLBACK_MODEL_MISMATCH,KEEP_CURRENT,,0.0,fallback_current,False,False,OFF_C_PLUS_N_TARGET_FREE_ONLY,['/home/shy/AIR/SAR+AI/project/PGRCC/.worktrees/unknown-system-error-next-stage/outputs/yaw_error_formal_compact_20260915/cases/case_049/off/data/stage2_statistical_newprotocol_period_0000.bin'],"['six_pair_clutter_phase', 'doppler_ridge_displacement', 'p38_phase_slope', 'multi_beam_power_secondary', 'reported_angle_geometry_platform']"
yaw_target_free_yaw_m0p500deg_seed_101,target_free,yaw,-0.5,-0.5,0.0,-0.5,0.0,0.0,0.0,101,low_texture,10000.0,A0_Current,CURRENT,KEEP_CURRENT,,0.0,reported_geometry_current,False,False,reported_geometry_current,['/home/shy/AIR/SAR+AI/project/PGRCC/.worktrees/unknown-system-error-next-stage/outputs/yaw_error_formal_compact_20260915/cases/case_050/off/data/stage2_statistical_newprotocol_period_0000.bin'],reported geometry
yaw_target_free_yaw_m0p500deg_seed_101,target_free,yaw,-0.5,-0.5,0.0,-0.5,0.0,0.0,0.0,101,low_texture,10000.0,AK_Known_Correction,KNOWN_EVALUATION,APPLY_KNOWN_ERROR_CORRECTION,-0.5,-0.5,known_yaw_or_servo_error_evaluation_only,True,False,evaluation_only_known_attitude_error,['/home/shy/AIR/SAR+AI/project/PGRCC/.worktrees/unknown-system-error-next-stage/outputs/yaw_error_formal_compact_20260915/cases/case_050/off/data/stage2_statistical_newprotocol_period_0000.bin'],known attitude error
yaw_target_free_yaw_m0p500deg_seed_101,target_free,yaw,-0.5,-0.5,0.0,-0.5,0.0,0.0,0.0,101,low_texture,10000.0,A1_Blind_Deterministic,FALLBACK_MODEL_MISMATCH,KEEP_CURRENT,,0.0,fallback_current,False,False,OFF_C_PLUS_N_TARGET_FREE_ONLY,['/home/shy/AIR/SAR+AI/project/PGRCC/.worktrees/unknown-system-error-next-stage/outputs/yaw_error_formal_compact_20260915/cases/case_050/off/data/stage2_statistical_newprotocol_period_0000.bin'],"['six_pair_clutter_phase', 'doppler_ridge_displacement', 'p38_phase_slope', 'multi_beam_power_secondary', 'reported_angle_geometry_platform']"
yaw_target_free_yaw_m0p500deg_seed_101,target_free,yaw,-0.5,-0.5,0.0,-0.5,0.0,0.0,0.0,101,high_texture,7500.0,A0_Current,CURRENT,KEEP_CURRENT,,0.0,reported_geometry_current,False,False,reported_geometry_current,['/home/shy/AIR/SAR+AI/project/PGRCC/.worktrees/unknown-system-error-next-stage/outputs/yaw_error_formal_compact_20260915/cases/case_051/off/data/stage2_statistical_newprotocol_period_0000.bin'],reported geometry
yaw_target_free_yaw_m0p500deg_seed_101,target_free,yaw,-0.5,-0.5,0.0,-0.5,0.0,0.0,0.0,101,high_texture,7500.0,AK_Known_Correction,KNOWN_EVALUATION,APPLY_KNOWN_ERROR_CORRECTION,-0.5,-0.5,known_yaw_or_servo_error_evaluation_only,True,False,evaluation_only_known_attitude_error,['/home/shy/AIR/SAR+AI/project/PGRCC/.worktrees/unknown-system-error-next-stage/outputs/yaw_error_formal_compact_20260915/cases/case_051/off/data/stage2_statistical_newprotocol_period_0000.bin'],known attitude error
yaw_target_free_yaw_m0p500deg_seed_101,target_free,yaw,-0.5,-0.5,0.0,-0.5,0.0,0.0,0.0,101,high_texture,7500.0,A1_Blind_Deterministic,FALLBACK_MODEL_MISMATCH,KEEP_CURRENT,,0.0,fallback_current,False,False,OFF_C_PLUS_N_TARGET_FREE_ONLY,['/home/shy/AIR/SAR+AI/project/PGRCC/.worktrees/unknown-system-error-next-stage/outputs/yaw_error_formal_compact_20260915/cases/case_051/off/data/stage2_statistical_newprotocol_period_0000.bin'],"['six_pair_clutter_phase', 'doppler_ridge_displacement', 'p38_phase_slope', 'multi_beam_power_secondary', 'reported_angle_geometry_platform']"
yaw_target_free_yaw_m0p500deg_seed_101,target_free,yaw,-0.5,-0.5,0.0,-0.5,0.0,0.0,0.0,101,high_texture,10000.0,A0_Current,CURRENT,KEEP_CURRENT,,0.0,reported_geometry_current,False,False,reported_geometry_current,['/home/shy/AIR/SAR+AI/project/PGRCC/.worktrees/unknown-system-error-next-stage/outputs/yaw_error_formal_compact_20260915/cases/case_052/off/data/stage2_statistical_newprotocol_period_0000.bin'],reported geometry
yaw_target_free_yaw_m0p500deg_seed_101,target_free,yaw,-0.5,-0.5,0.0,-0.5,0.0,0.0,0.0,101,high_texture,10000.0,AK_Known_Correction,KNOWN_EVALUATION,APPLY_KNOWN_ERROR_CORRECTION,-0.5,-0.5,known_yaw_or_servo_error_evaluation_only,True,False,evaluation_only_known_attitude_error,['/home/shy/AIR/SAR+AI/project/PGRCC/.worktrees/unknown-system-error-next-stage/outputs/yaw_error_formal_compact_20260915/cases/case_052/off/data/stage2_statistical_newprotocol_period_0000.bin'],known attitude error
yaw_target_free_yaw_m0p500deg_seed_101,target_free,yaw,-0.5,-0.5,0.0,-0.5,0.0,0.0,0.0,101,high_texture,10000.0,A1_Blind_Deterministic,FALLBACK_MODEL_MISMATCH,KEEP_CURRENT,,0.0,fallback_current,False,False,OFF_C_PLUS_N_TARGET_FREE_ONLY,['/home/shy/AIR/SAR+AI/project/PGRCC/.worktrees/unknown-system-error-next-stage/outputs/yaw_error_formal_compact_20260915/cases/case_052/off/data/stage2_statistical_newprotocol_period_0000.bin'],"['six_pair_clutter_phase', 'doppler_ridge_displacement', 'p38_phase_slope', 'multi_beam_power_secondary', 'reported_angle_geometry_platform']"
yaw_target_free_yaw_m0p500deg_seed_202,target_free,yaw,-0.5,-0.5,0.0,-0.5,0.0,0.0,0.0,202,low_texture,7500.0,A0_Current,CURRENT,KEEP_CURRENT,,0.0,reported_geometry_current,False,False,reported_geometry_current,['/home/shy/AIR/SAR+AI/project/PGRCC/.worktrees/unknown-system-error-next-stage/outputs/yaw_error_formal_compact_20260915/cases/case_053/off/data/stage2_statistical_newprotocol_period_0000.bin'],reported geometry
yaw_target_free_yaw_m0p500deg_seed_202,target_free,yaw,-0.5,-0.5,0.0,-0.5,0.0,0.0,0.0,202,low_texture,7500.0,AK_Known_Correction,KNOWN_EVALUATION,APPLY_KNOWN_ERROR_CORRECTION,-0.5,-0.5,known_yaw_or_servo_error_evaluation_only,True,False,evaluation_only_known_attitude_error,['/home/shy/AIR/SAR+AI/project/PGRCC/.worktrees/unknown-system-error-next-stage/outputs/yaw_error_formal_compact_20260915/cases/case_053/off/data/stage2_statistical_newprotocol_period_0000.bin'],known attitude error
yaw_target_free_yaw_m0p500deg_seed_202,target_free,yaw,-0.5,-0.5,0.0,-0.5,0.0,0.0,0.0,202,low_texture,7500.0,A1_Blind_Deterministic,FALLBACK_MODEL_MISMATCH,KEEP_CURRENT,,0.0,fallback_current,False,False,OFF_C_PLUS_N_TARGET_FREE_ONLY,['/home/shy/AIR/SAR+AI/project/PGRCC/.worktrees/unknown-system-error-next-stage/outputs/yaw_error_formal_compact_20260915/cases/case_053/off/data/stage2_statistical_newprotocol_period_0000.bin'],"['six_pair_clutter_phase', 'doppler_ridge_displacement', 'p38_phase_slope', 'multi_beam_power_secondary', 'reported_angle_geometry_platform']"
yaw_target_free_yaw_m0p500deg_seed_202,target_free,yaw,-0.5,-0.5,0.0,-0.5,0.0,0.0,0.0,202,low_texture,10000.0,A0_Current,CURRENT,KEEP_CURRENT,,0.0,reported_geometry_current,False,False,reported_geometry_current,['/home/shy/AIR/SAR+AI/project/PGRCC/.worktrees/unknown-system-error-next-stage/outputs/yaw_error_formal_compact_20260915/cases/case_054/off/data/stage2_statistical_newprotocol_period_0000.bin'],reported geometry
yaw_target_free_yaw_m0p500deg_seed_202,target_free,yaw,-0.5,-0.5,0.0,-0.5,0.0,0.0,0.0,202,low_texture,10000.0,AK_Known_Correction,KNOWN_EVALUATION,APPLY_KNOWN_ERROR_CORRECTION,-0.5,-0.5,known_yaw_or_servo_error_evaluation_only,True,False,evaluation_only_known_attitude_error,['/home/shy/AIR/SAR+AI/project/PGRCC/.worktrees/unknown-system-error-next-stage/outputs/yaw_error_formal_compact_20260915/cases/case_054/off/data/stage2_statistical_newprotocol_period_0000.bin'],known attitude error
yaw_target_free_yaw_m0p500deg_seed_202,target_free,yaw,-0.5,-0.5,0.0,-0.5,0.0,0.0,0.0,202,low_texture,10000.0,A1_Blind_Deterministic,FALLBACK_MODEL_MISMATCH,KEEP_CURRENT,,0.0,fallback_current,False,False,OFF_C_PLUS_N_TARGET_FREE_ONLY,['/home/shy/AIR/SAR+AI/project/PGRCC/.worktrees/unknown-system-error-next-stage/outputs/yaw_error_formal_compact_20260915/cases/case_054/off/data/stage2_statistical_newprotocol_period_0000.bin'],"['six_pair_clutter_phase', 'doppler_ridge_displacement', 'p38_phase_slope', 'multi_beam_power_secondary', 'reported_angle_geometry_platform']"
yaw_target_free_yaw_m0p500deg_seed_202,target_free,yaw,-0.5,-0.5,0.0,-0.5,0.0,0.0,0.0,202,high_texture,7500.0,A0_Current,CURRENT,KEEP_CURRENT,,0.0,reported_geometry_current,False,False,reported_geometry_current,['/home/shy/AIR/SAR+AI/project/PGRCC/.worktrees/unknown-system-error-next-stage/outputs/yaw_error_formal_compact_20260915/cases/case_055/off/data/stage2_statistical_newprotocol_period_0000.bin'],reported geometry
yaw_target_free_yaw_m0p500deg_seed_202,target_free,yaw,-0.5,-0.5,0.0,-0.5,0.0,0.0,0.0,202,high_texture,7500.0,AK_Known_Correction,KNOWN_EVALUATION,APPLY_KNOWN_ERROR_CORRECTION,-0.5,-0.5,known_yaw_or_servo_error_evaluation_only,True,False,evaluation_only_known_attitude_error,['/home/shy/AIR/SAR+AI/project/PGRCC/.worktrees/unknown-system-error-next-stage/outputs/yaw_error_formal_compact_20260915/cases/case_055/off/data/stage2_statistical_newprotocol_period_0000.bin'],known attitude error
yaw_target_free_yaw_m0p500deg_seed_202,target_free,yaw,-0.5,-0.5,0.0,-0.5,0.0,0.0,0.0,202,high_texture,7500.0,A1_Blind_Deterministic,FALLBACK_MODEL_MISMATCH,KEEP_CURRENT,,0.0,fallback_current,False,False,OFF_C_PLUS_N_TARGET_FREE_ONLY,['/home/shy/AIR/SAR+AI/project/PGRCC/.worktrees/unknown-system-error-next-stage/outputs/yaw_error_formal_compact_20260915/cases/case_055/off/data/stage2_statistical_newprotocol_period_0000.bin'],"['six_pair_clutter_phase', 'doppler_ridge_displacement', 'p38_phase_slope', 'multi_beam_power_secondary', 'reported_angle_geometry_platform']"
yaw_target_free_yaw_m0p500deg_seed_202,target_free,yaw,-0.5,-0.5,0.0,-0.5,0.0,0.0,0.0,202,high_texture,10000.0,A0_Current,CURRENT,KEEP_CURRENT,,0.0,reported_geometry_current,False,False,reported_geometry_current,['/home/shy/AIR/SAR+AI/project/PGRCC/.worktrees/unknown-system-error-next-stage/outputs/yaw_error_formal_compact_20260915/cases/case_056/off/data/stage2_statistical_newprotocol_period_0000.bin'],reported geometry
yaw_target_free_yaw_m0p500deg_seed_202,target_free,yaw,-0.5,-0.5,0.0,-0.5,0.0,0.0,0.0,202,high_texture,10000.0,AK_Known_Correction,KNOWN_EVALUATION,APPLY_KNOWN_ERROR_CORRECTION,-0.5,-0.5,known_yaw_or_servo_error_evaluation_only,True,False,evaluation_only_known_attitude_error,['/home/shy/AIR/SAR+AI/project/PGRCC/.worktrees/unknown-system-error-next-stage/outputs/yaw_error_formal_compact_20260915/cases/case_056/off/data/stage2_statistical_newprotocol_period_0000.bin'],known attitude error
yaw_target_free_yaw_m0p500deg_seed_202,target_free,yaw,-0.5,-0.5,0.0,-0.5,0.0,0.0,0.0,202,high_texture,10000.0,A1_Blind_Deterministic,FALLBACK_MODEL_MISMATCH,KEEP_CURRENT,,0.0,fallback_current,False,False,OFF_C_PLUS_N_TARGET_FREE_ONLY,['/home/shy/AIR/SAR+AI/project/PGRCC/.worktrees/unknown-system-error-next-stage/outputs/yaw_error_formal_compact_20260915/cases/case_056/off/data/stage2_statistical_newprotocol_period_0000.bin'],"['six_pair_clutter_phase', 'doppler_ridge_displacement', 'p38_phase_slope', 'multi_beam_power_secondary', 'reported_angle_geometry_platform']"
yaw_target_free_yaw_p0p500deg_seed_101,target_free,yaw,0.5,0.5,0.0,0.5,0.0,0.0,0.0,101,low_texture,7500.0,A0_Current,CURRENT,KEEP_CURRENT,,0.0,reported_geometry_current,False,False,reported_geometry_current,['/home/shy/AIR/SAR+AI/project/PGRCC/.worktrees/unknown-system-error-next-stage/outputs/yaw_error_formal_compact_20260915/cases/case_057/off/data/stage2_statistical_newprotocol_period_0000.bin'],reported geometry
yaw_target_free_yaw_p0p500deg_seed_101,target_free,yaw,0.5,0.5,0.0,0.5,0.0,0.0,0.0,101,low_texture,7500.0,AK_Known_Correction,KNOWN_EVALUATION,APPLY_KNOWN_ERROR_CORRECTION,0.5,0.5,known_yaw_or_servo_error_evaluation_only,True,False,evaluation_only_known_attitude_error,['/home/shy/AIR/SAR+AI/project/PGRCC/.worktrees/unknown-system-error-next-stage/outputs/yaw_error_formal_compact_20260915/cases/case_057/off/data/stage2_statistical_newprotocol_period_0000.bin'],known attitude error
yaw_target_free_yaw_p0p500deg_seed_101,target_free,yaw,0.5,0.5,0.0,0.5,0.0,0.0,0.0,101,low_texture,7500.0,A1_Blind_Deterministic,FALLBACK_MODEL_MISMATCH,KEEP_CURRENT,,0.0,fallback_current,False,False,OFF_C_PLUS_N_TARGET_FREE_ONLY,['/home/shy/AIR/SAR+AI/project/PGRCC/.worktrees/unknown-system-error-next-stage/outputs/yaw_error_formal_compact_20260915/cases/case_057/off/data/stage2_statistical_newprotocol_period_0000.bin'],"['six_pair_clutter_phase', 'doppler_ridge_displacement', 'p38_phase_slope', 'multi_beam_power_secondary', 'reported_angle_geometry_platform']"
yaw_target_free_yaw_p0p500deg_seed_101,target_free,yaw,0.5,0.5,0.0,0.5,0.0,0.0,0.0,101,low_texture,10000.0,A0_Current,CURRENT,KEEP_CURRENT,,0.0,reported_geometry_current,False,False,reported_geometry_current,['/home/shy/AIR/SAR+AI/project/PGRCC/.worktrees/unknown-system-error-next-stage/outputs/yaw_error_formal_compact_20260915/cases/case_058/off/data/stage2_statistical_newprotocol_period_0000.bin'],reported geometry
yaw_target_free_yaw_p0p500deg_seed_101,target_free,yaw,0.5,0.5,0.0,0.5,0.0,0.0,0.0,101,low_texture,10000.0,AK_Known_Correction,KNOWN_EVALUATION,APPLY_KNOWN_ERROR_CORRECTION,0.5,0.5,known_yaw_or_servo_error_evaluation_only,True,False,evaluation_only_known_attitude_error,['/home/shy/AIR/SAR+AI/project/PGRCC/.worktrees/unknown-system-error-next-stage/outputs/yaw_error_formal_compact_20260915/cases/case_058/off/data/stage2_statistical_newprotocol_period_0000.bin'],known attitude error
yaw_target_free_yaw_p0p500deg_seed_101,target_free,yaw,0.5,0.5,0.0,0.5,0.0,0.0,0.0,101,low_texture,10000.0,A1_Blind_Deterministic,FALLBACK_MODEL_MISMATCH,KEEP_CURRENT,,0.0,fallback_current,False,False,OFF_C_PLUS_N_TARGET_FREE_ONLY,['/home/shy/AIR/SAR+AI/project/PGRCC/.worktrees/unknown-system-error-next-stage/outputs/yaw_error_formal_compact_20260915/cases/case_058/off/data/stage2_statistical_newprotocol_period_0000.bin'],"['six_pair_clutter_phase', 'doppler_ridge_displacement', 'p38_phase_slope', 'multi_beam_power_secondary', 'reported_angle_geometry_platform']"
yaw_target_free_yaw_p0p500deg_seed_101,target_free,yaw,0.5,0.5,0.0,0.5,0.0,0.0,0.0,101,high_texture,7500.0,A0_Current,CURRENT,KEEP_CURRENT,,0.0,reported_geometry_current,False,False,reported_geometry_current,['/home/shy/AIR/SAR+AI/project/PGRCC/.worktrees/unknown-system-error-next-stage/outputs/yaw_error_formal_compact_20260915/cases/case_059/off/data/stage2_statistical_newprotocol_period_0000.bin'],reported geometry
yaw_target_free_yaw_p0p500deg_seed_101,target_free,yaw,0.5,0.5,0.0,0.5,0.0,0.0,0.0,101,high_texture,7500.0,AK_Known_Correction,KNOWN_EVALUATION,APPLY_KNOWN_ERROR_CORRECTION,0.5,0.5,known_yaw_or_servo_error_evaluation_only,True,False,evaluation_only_known_attitude_error,['/home/shy/AIR/SAR+AI/project/PGRCC/.worktrees/unknown-system-error-next-stage/outputs/yaw_error_formal_compact_20260915/cases/case_059/off/data/stage2_statistical_newprotocol_period_0000.bin'],known attitude error
yaw_target_free_yaw_p0p500deg_seed_101,target_free,yaw,0.5,0.5,0.0,0.5,0.0,0.0,0.0,101,high_texture,7500.0,A1_Blind_Deterministic,FALLBACK_MODEL_MISMATCH,KEEP_CURRENT,,0.0,fallback_current,False,False,OFF_C_PLUS_N_TARGET_FREE_ONLY,['/home/shy/AIR/SAR+AI/project/PGRCC/.worktrees/unknown-system-error-next-stage/outputs/yaw_error_formal_compact_20260915/cases/case_059/off/data/stage2_statistical_newprotocol_period_0000.bin'],"['six_pair_clutter_phase', 'doppler_ridge_displacement', 'p38_phase_slope', 'multi_beam_power_secondary', 'reported_angle_geometry_platform']"
yaw_target_free_yaw_p0p500deg_seed_101,target_free,yaw,0.5,0.5,0.0,0.5,0.0,0.0,0.0,101,high_texture,10000.0,A0_Current,CURRENT,KEEP_CURRENT,,0.0,reported_geometry_current,False,False,reported_geometry_current,['/home/shy/AIR/SAR+AI/project/PGRCC/.worktrees/unknown-system-error-next-stage/outputs/yaw_error_formal_compact_20260915/cases/case_060/off/data/stage2_statistical_newprotocol_period_0000.bin'],reported geometry
yaw_target_free_yaw_p0p500deg_seed_101,target_free,yaw,0.5,0.5,0.0,0.5,0.0,0.0,0.0,101,high_texture,10000.0,AK_Known_Correction,KNOWN_EVALUATION,APPLY_KNOWN_ERROR_CORRECTION,0.5,0.5,known_yaw_or_servo_error_evaluation_only,True,False,evaluation_only_known_attitude_error,['/home/shy/AIR/SAR+AI/project/PGRCC/.worktrees/unknown-system-error-next-stage/outputs/yaw_error_formal_compact_20260915/cases/case_060/off/data/stage2_statistical_newprotocol_period_0000.bin'],known attitude error
yaw_target_free_yaw_p0p500deg_seed_101,target_free,yaw,0.5,0.5,0.0,0.5,0.0,0.0,0.0,101,high_texture,10000.0,A1_Blind_Deterministic,FALLBACK_MODEL_MISMATCH,KEEP_CURRENT,,0.0,fallback_current,False,False,OFF_C_PLUS_N_TARGET_FREE_ONLY,['/home/shy/AIR/SAR+AI/project/PGRCC/.worktrees/unknown-system-error-next-stage/outputs/yaw_error_formal_compact_20260915/cases/case_060/off/data/stage2_statistical_newprotocol_period_0000.bin'],"['six_pair_clutter_phase', 'doppler_ridge_displacement', 'p38_phase_slope', 'multi_beam_power_secondary', 'reported_angle_geometry_platform']"
yaw_target_free_yaw_p0p500deg_seed_202,target_free,yaw,0.5,0.5,0.0,0.5,0.0,0.0,0.0,202,low_texture,7500.0,A0_Current,CURRENT,KEEP_CURRENT,,0.0,reported_geometry_current,False,False,reported_geometry_current,['/home/shy/AIR/SAR+AI/project/PGRCC/.worktrees/unknown-system-error-next-stage/outputs/yaw_error_formal_compact_20260915/cases/case_061/off/data/stage2_statistical_newprotocol_period_0000.bin'],reported geometry
yaw_target_free_yaw_p0p500deg_seed_202,target_free,yaw,0.5,0.5,0.0,0.5,0.0,0.0,0.0,202,low_texture,7500.0,AK_Known_Correction,KNOWN_EVALUATION,APPLY_KNOWN_ERROR_CORRECTION,0.5,0.5,known_yaw_or_servo_error_evaluation_only,True,False,evaluation_only_known_attitude_error,['/home/shy/AIR/SAR+AI/project/PGRCC/.worktrees/unknown-system-error-next-stage/outputs/yaw_error_formal_compact_20260915/cases/case_061/off/data/stage2_statistical_newprotocol_period_0000.bin'],known attitude error
yaw_target_free_yaw_p0p500deg_seed_202,target_free,yaw,0.5,0.5,0.0,0.5,0.0,0.0,0.0,202,low_texture,7500.0,A1_Blind_Deterministic,FALLBACK_MODEL_MISMATCH,KEEP_CURRENT,,0.0,fallback_current,False,False,OFF_C_PLUS_N_TARGET_FREE_ONLY,['/home/shy/AIR/SAR+AI/project/PGRCC/.worktrees/unknown-system-error-next-stage/outputs/yaw_error_formal_compact_20260915/cases/case_061/off/data/stage2_statistical_newprotocol_period_0000.bin'],"['six_pair_clutter_phase', 'doppler_ridge_displacement', 'p38_phase_slope', 'multi_beam_power_secondary', 'reported_angle_geometry_platform']"
yaw_target_free_yaw_p0p500deg_seed_202,target_free,yaw,0.5,0.5,0.0,0.5,0.0,0.0,0.0,202,low_texture,10000.0,A0_Current,CURRENT,KEEP_CURRENT,,0.0,reported_geometry_current,False,False,reported_geometry_current,['/home/shy/AIR/SAR+AI/project/PGRCC/.worktrees/unknown-system-error-next-stage/outputs/yaw_error_formal_compact_20260915/cases/case_062/off/data/stage2_statistical_newprotocol_period_0000.bin'],reported geometry
yaw_target_free_yaw_p0p500deg_seed_202,target_free,yaw,0.5,0.5,0.0,0.5,0.0,0.0,0.0,202,low_texture,10000.0,AK_Known_Correction,KNOWN_EVALUATION,APPLY_KNOWN_ERROR_CORRECTION,0.5,0.5,known_yaw_or_servo_error_evaluation_only,True,False,evaluation_only_known_attitude_error,['/home/shy/AIR/SAR+AI/project/PGRCC/.worktrees/unknown-system-error-next-stage/outputs/yaw_error_formal_compact_20260915/cases/case_062/off/data/stage2_statistical_newprotocol_period_0000.bin'],known attitude error
yaw_target_free_yaw_p0p500deg_seed_202,target_free,yaw,0.5,0.5,0.0,0.5,0.0,0.0,0.0,202,low_texture,10000.0,A1_Blind_Deterministic,FALLBACK_MODEL_MISMATCH,KEEP_CURRENT,,0.0,fallback_current,False,False,OFF_C_PLUS_N_TARGET_FREE_ONLY,['/home/shy/AIR/SAR+AI/project/PGRCC/.worktrees/unknown-system-error-next-stage/outputs/yaw_error_formal_compact_20260915/cases/case_062/off/data/stage2_statistical_newprotocol_period_0000.bin'],"['six_pair_clutter_phase', 'doppler_ridge_displacement', 'p38_phase_slope', 'multi_beam_power_secondary', 'reported_angle_geometry_platform']"
yaw_target_free_yaw_p0p500deg_seed_202,target_free,yaw,0.5,0.5,0.0,0.5,0.0,0.0,0.0,202,high_texture,7500.0,A0_Current,CURRENT,KEEP_CURRENT,,0.0,reported_geometry_current,False,False,reported_geometry_current,['/home/shy/AIR/SAR+AI/project/PGRCC/.worktrees/unknown-system-error-next-stage/outputs/yaw_error_formal_compact_20260915/cases/case_063/off/data/stage2_statistical_newprotocol_period_0000.bin'],reported geometry
yaw_target_free_yaw_p0p500deg_seed_202,target_free,yaw,0.5,0.5,0.0,0.5,0.0,0.0,0.0,202,high_texture,7500.0,AK_Known_Correction,KNOWN_EVALUATION,APPLY_KNOWN_ERROR_CORRECTION,0.5,0.5,known_yaw_or_servo_error_evaluation_only,True,False,evaluation_only_known_attitude_error,['/home/shy/AIR/SAR+AI/project/PGRCC/.worktrees/unknown-system-error-next-stage/outputs/yaw_error_formal_compact_20260915/cases/case_063/off/data/stage2_statistical_newprotocol_period_0000.bin'],known attitude error
yaw_target_free_yaw_p0p500deg_seed_202,target_free,yaw,0.5,0.5,0.0,0.5,0.0,0.0,0.0,202,high_texture,7500.0,A1_Blind_Deterministic,FALLBACK_MODEL_MISMATCH,KEEP_CURRENT,,0.0,fallback_current,False,False,OFF_C_PLUS_N_TARGET_FREE_ONLY,['/home/shy/AIR/SAR+AI/project/PGRCC/.worktrees/unknown-system-error-next-stage/outputs/yaw_error_formal_compact_20260915/cases/case_063/off/data/stage2_statistical_newprotocol_period_0000.bin'],"['six_pair_clutter_phase', 'doppler_ridge_displacement', 'p38_phase_slope', 'multi_beam_power_secondary', 'reported_angle_geometry_platform']"
yaw_target_free_yaw_p0p500deg_seed_202,target_free,yaw,0.5,0.5,0.0,0.5,0.0,0.0,0.0,202,high_texture,10000.0,A0_Current,CURRENT,KEEP_CURRENT,,0.0,reported_geometry_current,False,False,reported_geometry_current,['/home/shy/AIR/SAR+AI/project/PGRCC/.worktrees/unknown-system-error-next-stage/outputs/yaw_error_formal_compact_20260915/cases/case_064/off/data/stage2_statistical_newprotocol_period_0000.bin'],reported geometry
yaw_target_free_yaw_p0p500deg_seed_202,target_free,yaw,0.5,0.5,0.0,0.5,0.0,0.0,0.0,202,high_texture,10000.0,AK_Known_Correction,KNOWN_EVALUATION,APPLY_KNOWN_ERROR_CORRECTION,0.5,0.5,known_yaw_or_servo_error_evaluation_only,True,False,evaluation_only_known_attitude_error,['/home/shy/AIR/SAR+AI/project/PGRCC/.worktrees/unknown-system-error-next-stage/outputs/yaw_error_formal_compact_20260915/cases/case_064/off/data/stage2_statistical_newprotocol_period_0000.bin'],known attitude error
yaw_target_free_yaw_p0p500deg_seed_202,target_free,yaw,0.5,0.5,0.0,0.5,0.0,0.0,0.0,202,high_texture,10000.0,A1_Blind_Deterministic,FALLBACK_MODEL_MISMATCH,KEEP_CURRENT,,0.0,fallback_current,False,False,OFF_C_PLUS_N_TARGET_FREE_ONLY,['/home/shy/AIR/SAR+AI/project/PGRCC/.worktrees/unknown-system-error-next-stage/outputs/yaw_error_formal_compact_20260915/cases/case_064/off/data/stage2_statistical_newprotocol_period_0000.bin'],"['six_pair_clutter_phase', 'doppler_ridge_displacement', 'p38_phase_slope', 'multi_beam_power_secondary', 'reported_angle_geometry_platform']"
yaw_target_free_yaw_m1p000deg_seed_101,target_free,yaw,-1.0,-1.0,0.0,-1.0,0.0,0.0,0.0,101,low_texture,7500.0,A0_Current,CURRENT,KEEP_CURRENT,,0.0,reported_geometry_current,False,False,reported_geometry_current,['/home/shy/AIR/SAR+AI/project/PGRCC/.worktrees/unknown-system-error-next-stage/outputs/yaw_error_formal_compact_20260915/cases/case_065/off/data/stage2_statistical_newprotocol_period_0000.bin'],reported geometry
yaw_target_free_yaw_m1p000deg_seed_101,target_free,yaw,-1.0,-1.0,0.0,-1.0,0.0,0.0,0.0,101,low_texture,7500.0,AK_Known_Correction,KNOWN_EVALUATION,APPLY_KNOWN_ERROR_CORRECTION,-1.0,-1.0,known_yaw_or_servo_error_evaluation_only,True,False,evaluation_only_known_attitude_error,['/home/shy/AIR/SAR+AI/project/PGRCC/.worktrees/unknown-system-error-next-stage/outputs/yaw_error_formal_compact_20260915/cases/case_065/off/data/stage2_statistical_newprotocol_period_0000.bin'],known attitude error
yaw_target_free_yaw_m1p000deg_seed_101,target_free,yaw,-1.0,-1.0,0.0,-1.0,0.0,0.0,0.0,101,low_texture,7500.0,A1_Blind_Deterministic,FALLBACK_MODEL_MISMATCH,KEEP_CURRENT,,0.0,fallback_current,False,False,OFF_C_PLUS_N_TARGET_FREE_ONLY,['/home/shy/AIR/SAR+AI/project/PGRCC/.worktrees/unknown-system-error-next-stage/outputs/yaw_error_formal_compact_20260915/cases/case_065/off/data/stage2_statistical_newprotocol_period_0000.bin'],"['six_pair_clutter_phase', 'doppler_ridge_displacement', 'p38_phase_slope', 'multi_beam_power_secondary', 'reported_angle_geometry_platform']"
yaw_target_free_yaw_m1p000deg_seed_101,target_free,yaw,-1.0,-1.0,0.0,-1.0,0.0,0.0,0.0,101,low_texture,10000.0,A0_Current,CURRENT,KEEP_CURRENT,,0.0,reported_geometry_current,False,False,reported_geometry_current,['/home/shy/AIR/SAR+AI/project/PGRCC/.worktrees/unknown-system-error-next-stage/outputs/yaw_error_formal_compact_20260915/cases/case_066/off/data/stage2_statistical_newprotocol_period_0000.bin'],reported geometry
yaw_target_free_yaw_m1p000deg_seed_101,target_free,yaw,-1.0,-1.0,0.0,-1.0,0.0,0.0,0.0,101,low_texture,10000.0,AK_Known_Correction,KNOWN_EVALUATION,APPLY_KNOWN_ERROR_CORRECTION,-1.0,-1.0,known_yaw_or_servo_error_evaluation_only,True,False,evaluation_only_known_attitude_error,['/home/shy/AIR/SAR+AI/project/PGRCC/.worktrees/unknown-system-error-next-stage/outputs/yaw_error_formal_compact_20260915/cases/case_066/off/data/stage2_statistical_newprotocol_period_0000.bin'],known attitude error
yaw_target_free_yaw_m1p000deg_seed_101,target_free,yaw,-1.0,-1.0,0.0,-1.0,0.0,0.0,0.0,101,low_texture,10000.0,A1_Blind_Deterministic,FALLBACK_MODEL_MISMATCH,KEEP_CURRENT,,0.0,fallback_current,False,False,OFF_C_PLUS_N_TARGET_FREE_ONLY,['/home/shy/AIR/SAR+AI/project/PGRCC/.worktrees/unknown-system-error-next-stage/outputs/yaw_error_formal_compact_20260915/cases/case_066/off/data/stage2_statistical_newprotocol_period_0000.bin'],"['six_pair_clutter_phase', 'doppler_ridge_displacement', 'p38_phase_slope', 'multi_beam_power_secondary', 'reported_angle_geometry_platform']"
yaw_target_free_yaw_m1p000deg_seed_101,target_free,yaw,-1.0,-1.0,0.0,-1.0,0.0,0.0,0.0,101,high_texture,7500.0,A0_Current,CURRENT,KEEP_CURRENT,,0.0,reported_geometry_current,False,False,reported_geometry_current,['/home/shy/AIR/SAR+AI/project/PGRCC/.worktrees/unknown-system-error-next-stage/outputs/yaw_error_formal_compact_20260915/cases/case_067/off/data/stage2_statistical_newprotocol_period_0000.bin'],reported geometry
yaw_target_free_yaw_m1p000deg_seed_101,target_free,yaw,-1.0,-1.0,0.0,-1.0,0.0,0.0,0.0,101,high_texture,7500.0,AK_Known_Correction,KNOWN_EVALUATION,APPLY_KNOWN_ERROR_CORRECTION,-1.0,-1.0,known_yaw_or_servo_error_evaluation_only,True,False,evaluation_only_known_attitude_error,['/home/shy/AIR/SAR+AI/project/PGRCC/.worktrees/unknown-system-error-next-stage/outputs/yaw_error_formal_compact_20260915/cases/case_067/off/data/stage2_statistical_newprotocol_period_0000.bin'],known attitude error
yaw_target_free_yaw_m1p000deg_seed_101,target_free,yaw,-1.0,-1.0,0.0,-1.0,0.0,0.0,0.0,101,high_texture,7500.0,A1_Blind_Deterministic,FALLBACK_MODEL_MISMATCH,KEEP_CURRENT,,0.0,fallback_current,False,False,OFF_C_PLUS_N_TARGET_FREE_ONLY,['/home/shy/AIR/SAR+AI/project/PGRCC/.worktrees/unknown-system-error-next-stage/outputs/yaw_error_formal_compact_20260915/cases/case_067/off/data/stage2_statistical_newprotocol_period_0000.bin'],"['six_pair_clutter_phase', 'doppler_ridge_displacement', 'p38_phase_slope', 'multi_beam_power_secondary', 'reported_angle_geometry_platform']"
yaw_target_free_yaw_m1p000deg_seed_101,target_free,yaw,-1.0,-1.0,0.0,-1.0,0.0,0.0,0.0,101,high_texture,10000.0,A0_Current,CURRENT,KEEP_CURRENT,,0.0,reported_geometry_current,False,False,reported_geometry_current,['/home/shy/AIR/SAR+AI/project/PGRCC/.worktrees/unknown-system-error-next-stage/outputs/yaw_error_formal_compact_20260915/cases/case_068/off/data/stage2_statistical_newprotocol_period_0000.bin'],reported geometry
yaw_target_free_yaw_m1p000deg_seed_101,target_free,yaw,-1.0,-1.0,0.0,-1.0,0.0,0.0,0.0,101,high_texture,10000.0,AK_Known_Correction,KNOWN_EVALUATION,APPLY_KNOWN_ERROR_CORRECTION,-1.0,-1.0,known_yaw_or_servo_error_evaluation_only,True,False,evaluation_only_known_attitude_error,['/home/shy/AIR/SAR+AI/project/PGRCC/.worktrees/unknown-system-error-next-stage/outputs/yaw_error_formal_compact_20260915/cases/case_068/off/data/stage2_statistical_newprotocol_period_0000.bin'],known attitude error
yaw_target_free_yaw_m1p000deg_seed_101,target_free,yaw,-1.0,-1.0,0.0,-1.0,0.0,0.0,0.0,101,high_texture,10000.0,A1_Blind_Deterministic,FALLBACK_MODEL_MISMATCH,KEEP_CURRENT,,0.0,fallback_current,False,False,OFF_C_PLUS_N_TARGET_FREE_ONLY,['/home/shy/AIR/SAR+AI/project/PGRCC/.worktrees/unknown-system-error-next-stage/outputs/yaw_error_formal_compact_20260915/cases/case_068/off/data/stage2_statistical_newprotocol_period_0000.bin'],"['six_pair_clutter_phase', 'doppler_ridge_displacement', 'p38_phase_slope', 'multi_beam_power_secondary', 'reported_angle_geometry_platform']"
yaw_target_free_yaw_m1p000deg_seed_202,target_free,yaw,-1.0,-1.0,0.0,-1.0,0.0,0.0,0.0,202,low_texture,7500.0,A0_Current,CURRENT,KEEP_CURRENT,,0.0,reported_geometry_current,False,False,reported_geometry_current,['/home/shy/AIR/SAR+AI/project/PGRCC/.worktrees/unknown-system-error-next-stage/outputs/yaw_error_formal_compact_20260915/cases/case_069/off/data/stage2_statistical_newprotocol_period_0000.bin'],reported geometry
yaw_target_free_yaw_m1p000deg_seed_202,target_free,yaw,-1.0,-1.0,0.0,-1.0,0.0,0.0,0.0,202,low_texture,7500.0,AK_Known_Correction,KNOWN_EVALUATION,APPLY_KNOWN_ERROR_CORRECTION,-1.0,-1.0,known_yaw_or_servo_error_evaluation_only,True,False,evaluation_only_known_attitude_error,['/home/shy/AIR/SAR+AI/project/PGRCC/.worktrees/unknown-system-error-next-stage/outputs/yaw_error_formal_compact_20260915/cases/case_069/off/data/stage2_statistical_newprotocol_period_0000.bin'],known attitude error
yaw_target_free_yaw_m1p000deg_seed_202,target_free,yaw,-1.0,-1.0,0.0,-1.0,0.0,0.0,0.0,202,low_texture,7500.0,A1_Blind_Deterministic,FALLBACK_MODEL_MISMATCH,KEEP_CURRENT,,0.0,fallback_current,False,False,OFF_C_PLUS_N_TARGET_FREE_ONLY,['/home/shy/AIR/SAR+AI/project/PGRCC/.worktrees/unknown-system-error-next-stage/outputs/yaw_error_formal_compact_20260915/cases/case_069/off/data/stage2_statistical_newprotocol_period_0000.bin'],"['six_pair_clutter_phase', 'doppler_ridge_displacement', 'p38_phase_slope', 'multi_beam_power_secondary', 'reported_angle_geometry_platform']"
yaw_target_free_yaw_m1p000deg_seed_202,target_free,yaw,-1.0,-1.0,0.0,-1.0,0.0,0.0,0.0,202,low_texture,10000.0,A0_Current,CURRENT,KEEP_CURRENT,,0.0,reported_geometry_current,False,False,reported_geometry_current,['/home/shy/AIR/SAR+AI/project/PGRCC/.worktrees/unknown-system-error-next-stage/outputs/yaw_error_formal_compact_20260915/cases/case_070/off/data/stage2_statistical_newprotocol_period_0000.bin'],reported geometry
yaw_target_free_yaw_m1p000deg_seed_202,target_free,yaw,-1.0,-1.0,0.0,-1.0,0.0,0.0,0.0,202,low_texture,10000.0,AK_Known_Correction,KNOWN_EVALUATION,APPLY_KNOWN_ERROR_CORRECTION,-1.0,-1.0,known_yaw_or_servo_error_evaluation_only,True,False,evaluation_only_known_attitude_error,['/home/shy/AIR/SAR+AI/project/PGRCC/.worktrees/unknown-system-error-next-stage/outputs/yaw_error_formal_compact_20260915/cases/case_070/off/data/stage2_statistical_newprotocol_period_0000.bin'],known attitude error
yaw_target_free_yaw_m1p000deg_seed_202,target_free,yaw,-1.0,-1.0,0.0,-1.0,0.0,0.0,0.0,202,low_texture,10000.0,A1_Blind_Deterministic,FALLBACK_MODEL_MISMATCH,KEEP_CURRENT,,0.0,fallback_current,False,False,OFF_C_PLUS_N_TARGET_FREE_ONLY,['/home/shy/AIR/SAR+AI/project/PGRCC/.worktrees/unknown-system-error-next-stage/outputs/yaw_error_formal_compact_20260915/cases/case_070/off/data/stage2_statistical_newprotocol_period_0000.bin'],"['six_pair_clutter_phase', 'doppler_ridge_displacement', 'p38_phase_slope', 'multi_beam_power_secondary', 'reported_angle_geometry_platform']"
yaw_target_free_yaw_m1p000deg_seed_202,target_free,yaw,-1.0,-1.0,0.0,-1.0,0.0,0.0,0.0,202,high_texture,7500.0,A0_Current,CURRENT,KEEP_CURRENT,,0.0,reported_geometry_current,False,False,reported_geometry_current,['/home/shy/AIR/SAR+AI/project/PGRCC/.worktrees/unknown-system-error-next-stage/outputs/yaw_error_formal_compact_20260915/cases/case_071/off/data/stage2_statistical_newprotocol_period_0000.bin'],reported geometry
yaw_target_free_yaw_m1p000deg_seed_202,target_free,yaw,-1.0,-1.0,0.0,-1.0,0.0,0.0,0.0,202,high_texture,7500.0,AK_Known_Correction,KNOWN_EVALUATION,APPLY_KNOWN_ERROR_CORRECTION,-1.0,-1.0,known_yaw_or_servo_error_evaluation_only,True,False,evaluation_only_known_attitude_error,['/home/shy/AIR/SAR+AI/project/PGRCC/.worktrees/unknown-system-error-next-stage/outputs/yaw_error_formal_compact_20260915/cases/case_071/off/data/stage2_statistical_newprotocol_period_0000.bin'],known attitude error
yaw_target_free_yaw_m1p000deg_seed_202,target_free,yaw,-1.0,-1.0,0.0,-1.0,0.0,0.0,0.0,202,high_texture,7500.0,A1_Blind_Deterministic,FALLBACK_MODEL_MISMATCH,KEEP_CURRENT,,0.0,fallback_current,False,False,OFF_C_PLUS_N_TARGET_FREE_ONLY,['/home/shy/AIR/SAR+AI/project/PGRCC/.worktrees/unknown-system-error-next-stage/outputs/yaw_error_formal_compact_20260915/cases/case_071/off/data/stage2_statistical_newprotocol_period_0000.bin'],"['six_pair_clutter_phase', 'doppler_ridge_displacement', 'p38_phase_slope', 'multi_beam_power_secondary', 'reported_angle_geometry_platform']"
yaw_target_free_yaw_m1p000deg_seed_202,target_free,yaw,-1.0,-1.0,0.0,-1.0,0.0,0.0,0.0,202,high_texture,10000.0,A0_Current,CURRENT,KEEP_CURRENT,,0.0,reported_geometry_current,False,False,reported_geometry_current,['/home/shy/AIR/SAR+AI/project/PGRCC/.worktrees/unknown-system-error-next-stage/outputs/yaw_error_formal_compact_20260915/cases/case_072/off/data/stage2_statistical_newprotocol_period_0000.bin'],reported geometry
yaw_target_free_yaw_m1p000deg_seed_202,target_free,yaw,-1.0,-1.0,0.0,-1.0,0.0,0.0,0.0,202,high_texture,10000.0,AK_Known_Correction,KNOWN_EVALUATION,APPLY_KNOWN_ERROR_CORRECTION,-1.0,-1.0,known_yaw_or_servo_error_evaluation_only,True,False,evaluation_only_known_attitude_error,['/home/shy/AIR/SAR+AI/project/PGRCC/.worktrees/unknown-system-error-next-stage/outputs/yaw_error_formal_compact_20260915/cases/case_072/off/data/stage2_statistical_newprotocol_period_0000.bin'],known attitude error
yaw_target_free_yaw_m1p000deg_seed_202,target_free,yaw,-1.0,-1.0,0.0,-1.0,0.0,0.0,0.0,202,high_texture,10000.0,A1_Blind_Deterministic,FALLBACK_MODEL_MISMATCH,KEEP_CURRENT,,0.0,fallback_current,False,False,OFF_C_PLUS_N_TARGET_FREE_ONLY,['/home/shy/AIR/SAR+AI/project/PGRCC/.worktrees/unknown-system-error-next-stage/outputs/yaw_error_formal_compact_20260915/cases/case_072/off/data/stage2_statistical_newprotocol_period_0000.bin'],"['six_pair_clutter_phase', 'doppler_ridge_displacement', 'p38_phase_slope', 'multi_beam_power_secondary', 'reported_angle_geometry_platform']"
yaw_target_free_yaw_p1p000deg_seed_101,target_free,yaw,1.0,1.0,0.0,1.0,0.0,0.0,0.0,101,low_texture,7500.0,A0_Current,CURRENT,KEEP_CURRENT,,0.0,reported_geometry_current,False,False,reported_geometry_current,['/home/shy/AIR/SAR+AI/project/PGRCC/.worktrees/unknown-system-error-next-stage/outputs/yaw_error_formal_compact_20260915/cases/case_073/off/data/stage2_statistical_newprotocol_period_0000.bin'],reported geometry
yaw_target_free_yaw_p1p000deg_seed_101,target_free,yaw,1.0,1.0,0.0,1.0,0.0,0.0,0.0,101,low_texture,7500.0,AK_Known_Correction,KNOWN_EVALUATION,APPLY_KNOWN_ERROR_CORRECTION,1.0,1.0,known_yaw_or_servo_error_evaluation_only,True,False,evaluation_only_known_attitude_error,['/home/shy/AIR/SAR+AI/project/PGRCC/.worktrees/unknown-system-error-next-stage/outputs/yaw_error_formal_compact_20260915/cases/case_073/off/data/stage2_statistical_newprotocol_period_0000.bin'],known attitude error
yaw_target_free_yaw_p1p000deg_seed_101,target_free,yaw,1.0,1.0,0.0,1.0,0.0,0.0,0.0,101,low_texture,7500.0,A1_Blind_Deterministic,FALLBACK_MODEL_MISMATCH,KEEP_CURRENT,,0.0,fallback_current,False,False,OFF_C_PLUS_N_TARGET_FREE_ONLY,['/home/shy/AIR/SAR+AI/project/PGRCC/.worktrees/unknown-system-error-next-stage/outputs/yaw_error_formal_compact_20260915/cases/case_073/off/data/stage2_statistical_newprotocol_period_0000.bin'],"['six_pair_clutter_phase', 'doppler_ridge_displacement', 'p38_phase_slope', 'multi_beam_power_secondary', 'reported_angle_geometry_platform']"
yaw_target_free_yaw_p1p000deg_seed_101,target_free,yaw,1.0,1.0,0.0,1.0,0.0,0.0,0.0,101,low_texture,10000.0,A0_Current,CURRENT,KEEP_CURRENT,,0.0,reported_geometry_current,False,False,reported_geometry_current,['/home/shy/AIR/SAR+AI/project/PGRCC/.worktrees/unknown-system-error-next-stage/outputs/yaw_error_formal_compact_20260915/cases/case_074/off/data/stage2_statistical_newprotocol_period_0000.bin'],reported geometry
yaw_target_free_yaw_p1p000deg_seed_101,target_free,yaw,1.0,1.0,0.0,1.0,0.0,0.0,0.0,101,low_texture,10000.0,AK_Known_Correction,KNOWN_EVALUATION,APPLY_KNOWN_ERROR_CORRECTION,1.0,1.0,known_yaw_or_servo_error_evaluation_only,True,False,evaluation_only_known_attitude_error,['/home/shy/AIR/SAR+AI/project/PGRCC/.worktrees/unknown-system-error-next-stage/outputs/yaw_error_formal_compact_20260915/cases/case_074/off/data/stage2_statistical_newprotocol_period_0000.bin'],known attitude error
yaw_target_free_yaw_p1p000deg_seed_101,target_free,yaw,1.0,1.0,0.0,1.0,0.0,0.0,0.0,101,low_texture,10000.0,A1_Blind_Deterministic,FALLBACK_MODEL_MISMATCH,KEEP_CURRENT,,0.0,fallback_current,False,False,OFF_C_PLUS_N_TARGET_FREE_ONLY,['/home/shy/AIR/SAR+AI/project/PGRCC/.worktrees/unknown-system-error-next-stage/outputs/yaw_error_formal_compact_20260915/cases/case_074/off/data/stage2_statistical_newprotocol_period_0000.bin'],"['six_pair_clutter_phase', 'doppler_ridge_displacement', 'p38_phase_slope', 'multi_beam_power_secondary', 'reported_angle_geometry_platform']"
yaw_target_free_yaw_p1p000deg_seed_101,target_free,yaw,1.0,1.0,0.0,1.0,0.0,0.0,0.0,101,high_texture,7500.0,A0_Current,CURRENT,KEEP_CURRENT,,0.0,reported_geometry_current,False,False,reported_geometry_current,['/home/shy/AIR/SAR+AI/project/PGRCC/.worktrees/unknown-system-error-next-stage/outputs/yaw_error_formal_compact_20260915/cases/case_075/off/data/stage2_statistical_newprotocol_period_0000.bin'],reported geometry
yaw_target_free_yaw_p1p000deg_seed_101,target_free,yaw,1.0,1.0,0.0,1.0,0.0,0.0,0.0,101,high_texture,7500.0,AK_Known_Correction,KNOWN_EVALUATION,APPLY_KNOWN_ERROR_CORRECTION,1.0,1.0,known_yaw_or_servo_error_evaluation_only,True,False,evaluation_only_known_attitude_error,['/home/shy/AIR/SAR+AI/project/PGRCC/.worktrees/unknown-system-error-next-stage/outputs/yaw_error_formal_compact_20260915/cases/case_075/off/data/stage2_statistical_newprotocol_period_0000.bin'],known attitude error
yaw_target_free_yaw_p1p000deg_seed_101,target_free,yaw,1.0,1.0,0.0,1.0,0.0,0.0,0.0,101,high_texture,7500.0,A1_Blind_Deterministic,FALLBACK_MODEL_MISMATCH,KEEP_CURRENT,,0.0,fallback_current,False,False,OFF_C_PLUS_N_TARGET_FREE_ONLY,['/home/shy/AIR/SAR+AI/project/PGRCC/.worktrees/unknown-system-error-next-stage/outputs/yaw_error_formal_compact_20260915/cases/case_075/off/data/stage2_statistical_newprotocol_period_0000.bin'],"['six_pair_clutter_phase', 'doppler_ridge_displacement', 'p38_phase_slope', 'multi_beam_power_secondary', 'reported_angle_geometry_platform']"
yaw_target_free_yaw_p1p000deg_seed_101,target_free,yaw,1.0,1.0,0.0,1.0,0.0,0.0,0.0,101,high_texture,10000.0,A0_Current,CURRENT,KEEP_CURRENT,,0.0,reported_geometry_current,False,False,reported_geometry_current,['/home/shy/AIR/SAR+AI/project/PGRCC/.worktrees/unknown-system-error-next-stage/outputs/yaw_error_formal_compact_20260915/cases/case_076/off/data/stage2_statistical_newprotocol_period_0000.bin'],reported geometry
yaw_target_free_yaw_p1p000deg_seed_101,target_free,yaw,1.0,1.0,0.0,1.0,0.0,0.0,0.0,101,high_texture,10000.0,AK_Known_Correction,KNOWN_EVALUATION,APPLY_KNOWN_ERROR_CORRECTION,1.0,1.0,known_yaw_or_servo_error_evaluation_only,True,False,evaluation_only_known_attitude_error,['/home/shy/AIR/SAR+AI/project/PGRCC/.worktrees/unknown-system-error-next-stage/outputs/yaw_error_formal_compact_20260915/cases/case_076/off/data/stage2_statistical_newprotocol_period_0000.bin'],known attitude error
yaw_target_free_yaw_p1p000deg_seed_101,target_free,yaw,1.0,1.0,0.0,1.0,0.0,0.0,0.0,101,high_texture,10000.0,A1_Blind_Deterministic,FALLBACK_MODEL_MISMATCH,KEEP_CURRENT,,0.0,fallback_current,False,False,OFF_C_PLUS_N_TARGET_FREE_ONLY,['/home/shy/AIR/SAR+AI/project/PGRCC/.worktrees/unknown-system-error-next-stage/outputs/yaw_error_formal_compact_20260915/cases/case_076/off/data/stage2_statistical_newprotocol_period_0000.bin'],"['six_pair_clutter_phase', 'doppler_ridge_displacement', 'p38_phase_slope', 'multi_beam_power_secondary', 'reported_angle_geometry_platform']"
yaw_target_free_yaw_p1p000deg_seed_202,target_free,yaw,1.0,1.0,0.0,1.0,0.0,0.0,0.0,202,low_texture,7500.0,A0_Current,CURRENT,KEEP_CURRENT,,0.0,reported_geometry_current,False,False,reported_geometry_current,['/home/shy/AIR/SAR+AI/project/PGRCC/.worktrees/unknown-system-error-next-stage/outputs/yaw_error_formal_compact_20260915/cases/case_077/off/data/stage2_statistical_newprotocol_period_0000.bin'],reported geometry
yaw_target_free_yaw_p1p000deg_seed_202,target_free,yaw,1.0,1.0,0.0,1.0,0.0,0.0,0.0,202,low_texture,7500.0,AK_Known_Correction,KNOWN_EVALUATION,APPLY_KNOWN_ERROR_CORRECTION,1.0,1.0,known_yaw_or_servo_error_evaluation_only,True,False,evaluation_only_known_attitude_error,['/home/shy/AIR/SAR+AI/project/PGRCC/.worktrees/unknown-system-error-next-stage/outputs/yaw_error_formal_compact_20260915/cases/case_077/off/data/stage2_statistical_newprotocol_period_0000.bin'],known attitude error
yaw_target_free_yaw_p1p000deg_seed_202,target_free,yaw,1.0,1.0,0.0,1.0,0.0,0.0,0.0,202,low_texture,7500.0,A1_Blind_Deterministic,FALLBACK_MODEL_MISMATCH,KEEP_CURRENT,,0.0,fallback_current,False,False,OFF_C_PLUS_N_TARGET_FREE_ONLY,['/home/shy/AIR/SAR+AI/project/PGRCC/.worktrees/unknown-system-error-next-stage/outputs/yaw_error_formal_compact_20260915/cases/case_077/off/data/stage2_statistical_newprotocol_period_0000.bin'],"['six_pair_clutter_phase', 'doppler_ridge_displacement', 'p38_phase_slope', 'multi_beam_power_secondary', 'reported_angle_geometry_platform']"
yaw_target_free_yaw_p1p000deg_seed_202,target_free,yaw,1.0,1.0,0.0,1.0,0.0,0.0,0.0,202,low_texture,10000.0,A0_Current,CURRENT,KEEP_CURRENT,,0.0,reported_geometry_current,False,False,reported_geometry_current,['/home/shy/AIR/SAR+AI/project/PGRCC/.worktrees/unknown-system-error-next-stage/outputs/yaw_error_formal_compact_20260915/cases/case_078/off/data/stage2_statistical_newprotocol_period_0000.bin'],reported geometry
yaw_target_free_yaw_p1p000deg_seed_202,target_free,yaw,1.0,1.0,0.0,1.0,0.0,0.0,0.0,202,low_texture,10000.0,AK_Known_Correction,KNOWN_EVALUATION,APPLY_KNOWN_ERROR_CORRECTION,1.0,1.0,known_yaw_or_servo_error_evaluation_only,True,False,evaluation_only_known_attitude_error,['/home/shy/AIR/SAR+AI/project/PGRCC/.worktrees/unknown-system-error-next-stage/outputs/yaw_error_formal_compact_20260915/cases/case_078/off/data/stage2_statistical_newprotocol_period_0000.bin'],known attitude error
yaw_target_free_yaw_p1p000deg_seed_202,target_free,yaw,1.0,1.0,0.0,1.0,0.0,0.0,0.0,202,low_texture,10000.0,A1_Blind_Deterministic,FALLBACK_MODEL_MISMATCH,KEEP_CURRENT,,0.0,fallback_current,False,False,OFF_C_PLUS_N_TARGET_FREE_ONLY,['/home/shy/AIR/SAR+AI/project/PGRCC/.worktrees/unknown-system-error-next-stage/outputs/yaw_error_formal_compact_20260915/cases/case_078/off/data/stage2_statistical_newprotocol_period_0000.bin'],"['six_pair_clutter_phase', 'doppler_ridge_displacement', 'p38_phase_slope', 'multi_beam_power_secondary', 'reported_angle_geometry_platform']"
yaw_target_free_yaw_p1p000deg_seed_202,target_free,yaw,1.0,1.0,0.0,1.0,0.0,0.0,0.0,202,high_texture,7500.0,A0_Current,CURRENT,KEEP_CURRENT,,0.0,reported_geometry_current,False,False,reported_geometry_current,['/home/shy/AIR/SAR+AI/project/PGRCC/.worktrees/unknown-system-error-next-stage/outputs/yaw_error_formal_compact_20260915/cases/case_079/off/data/stage2_statistical_newprotocol_period_0000.bin'],reported geometry
yaw_target_free_yaw_p1p000deg_seed_202,target_free,yaw,1.0,1.0,0.0,1.0,0.0,0.0,0.0,202,high_texture,7500.0,AK_Known_Correction,KNOWN_EVALUATION,APPLY_KNOWN_ERROR_CORRECTION,1.0,1.0,known_yaw_or_servo_error_evaluation_only,True,False,evaluation_only_known_attitude_error,['/home/shy/AIR/SAR+AI/project/PGRCC/.worktrees/unknown-system-error-next-stage/outputs/yaw_error_formal_compact_20260915/cases/case_079/off/data/stage2_statistical_newprotocol_period_0000.bin'],known attitude error
yaw_target_free_yaw_p1p000deg_seed_202,target_free,yaw,1.0,1.0,0.0,1.0,0.0,0.0,0.0,202,high_texture,7500.0,A1_Blind_Deterministic,FALLBACK_MODEL_MISMATCH,KEEP_CURRENT,,0.0,fallback_current,False,False,OFF_C_PLUS_N_TARGET_FREE_ONLY,['/home/shy/AIR/SAR+AI/project/PGRCC/.worktrees/unknown-system-error-next-stage/outputs/yaw_error_formal_compact_20260915/cases/case_079/off/data/stage2_statistical_newprotocol_period_0000.bin'],"['six_pair_clutter_phase', 'doppler_ridge_displacement', 'p38_phase_slope', 'multi_beam_power_secondary', 'reported_angle_geometry_platform']"
yaw_target_free_yaw_p1p000deg_seed_202,target_free,yaw,1.0,1.0,0.0,1.0,0.0,0.0,0.0,202,high_texture,10000.0,A0_Current,CURRENT,KEEP_CURRENT,,0.0,reported_geometry_current,False,False,reported_geometry_current,['/home/shy/AIR/SAR+AI/project/PGRCC/.worktrees/unknown-system-error-next-stage/outputs/yaw_error_formal_compact_20260915/cases/case_080/off/data/stage2_statistical_newprotocol_period_0000.bin'],reported geometry
yaw_target_free_yaw_p1p000deg_seed_202,target_free,yaw,1.0,1.0,0.0,1.0,0.0,0.0,0.0,202,high_texture,10000.0,AK_Known_Correction,KNOWN_EVALUATION,APPLY_KNOWN_ERROR_CORRECTION,1.0,1.0,known_yaw_or_servo_error_evaluation_only,True,False,evaluation_only_known_attitude_error,['/home/shy/AIR/SAR+AI/project/PGRCC/.worktrees/unknown-system-error-next-stage/outputs/yaw_error_formal_compact_20260915/cases/case_080/off/data/stage2_statistical_newprotocol_period_0000.bin'],known attitude error
yaw_target_free_yaw_p1p000deg_seed_202,target_free,yaw,1.0,1.0,0.0,1.0,0.0,0.0,0.0,202,high_texture,10000.0,A1_Blind_Deterministic,FALLBACK_MODEL_MISMATCH,KEEP_CURRENT,,0.0,fallback_current,False,False,OFF_C_PLUS_N_TARGET_FREE_ONLY,['/home/shy/AIR/SAR+AI/project/PGRCC/.worktrees/unknown-system-error-next-stage/outputs/yaw_error_formal_compact_20260915/cases/case_080/off/data/stage2_statistical_newprotocol_period_0000.bin'],"['six_pair_clutter_phase', 'doppler_ridge_displacement', 'p38_phase_slope', 'multi_beam_power_secondary', 'reported_angle_geometry_platform']"
yaw_target_free_servo_p0p000deg_seed_101,target_free,servo,0.0,0.0,0.0,0.0,0.0,0.0,0.0,101,low_texture,7500.0,A0_Current,CURRENT,KEEP_CURRENT,,0.0,reported_geometry_current,False,False,reported_geometry_current,['/home/shy/AIR/SAR+AI/project/PGRCC/.worktrees/unknown-system-error-next-stage/outputs/yaw_error_formal_compact_20260915/cases/case_081/off/data/stage2_statistical_newprotocol_period_0000.bin'],reported geometry
yaw_target_free_servo_p0p000deg_seed_101,target_free,servo,0.0,0.0,0.0,0.0,0.0,0.0,0.0,101,low_texture,7500.0,AK_Known_Correction,KNOWN_EVALUATION,NO_CORRECTION_NEEDED,0.0,0.0,known_yaw_or_servo_error_evaluation_only,True,False,evaluation_only_known_attitude_error,['/home/shy/AIR/SAR+AI/project/PGRCC/.worktrees/unknown-system-error-next-stage/outputs/yaw_error_formal_compact_20260915/cases/case_081/off/data/stage2_statistical_newprotocol_period_0000.bin'],known attitude error
yaw_target_free_servo_p0p000deg_seed_101,target_free,servo,0.0,0.0,0.0,0.0,0.0,0.0,0.0,101,low_texture,7500.0,A1_Blind_Deterministic,FALLBACK_MODEL_MISMATCH,KEEP_CURRENT,,0.0,fallback_current,False,False,OFF_C_PLUS_N_TARGET_FREE_ONLY,['/home/shy/AIR/SAR+AI/project/PGRCC/.worktrees/unknown-system-error-next-stage/outputs/yaw_error_formal_compact_20260915/cases/case_081/off/data/stage2_statistical_newprotocol_period_0000.bin'],"['six_pair_clutter_phase', 'doppler_ridge_displacement', 'p38_phase_slope', 'multi_beam_power_secondary', 'reported_angle_geometry_platform']"
yaw_target_free_servo_p0p000deg_seed_101,target_free,servo,0.0,0.0,0.0,0.0,0.0,0.0,0.0,101,low_texture,10000.0,A0_Current,CURRENT,KEEP_CURRENT,,0.0,reported_geometry_current,False,False,reported_geometry_current,['/home/shy/AIR/SAR+AI/project/PGRCC/.worktrees/unknown-system-error-next-stage/outputs/yaw_error_formal_compact_20260915/cases/case_082/off/data/stage2_statistical_newprotocol_period_0000.bin'],reported geometry
yaw_target_free_servo_p0p000deg_seed_101,target_free,servo,0.0,0.0,0.0,0.0,0.0,0.0,0.0,101,low_texture,10000.0,AK_Known_Correction,KNOWN_EVALUATION,NO_CORRECTION_NEEDED,0.0,0.0,known_yaw_or_servo_error_evaluation_only,True,False,evaluation_only_known_attitude_error,['/home/shy/AIR/SAR+AI/project/PGRCC/.worktrees/unknown-system-error-next-stage/outputs/yaw_error_formal_compact_20260915/cases/case_082/off/data/stage2_statistical_newprotocol_period_0000.bin'],known attitude error
yaw_target_free_servo_p0p000deg_seed_101,target_free,servo,0.0,0.0,0.0,0.0,0.0,0.0,0.0,101,low_texture,10000.0,A1_Blind_Deterministic,FALLBACK_MODEL_MISMATCH,KEEP_CURRENT,,0.0,fallback_current,False,False,OFF_C_PLUS_N_TARGET_FREE_ONLY,['/home/shy/AIR/SAR+AI/project/PGRCC/.worktrees/unknown-system-error-next-stage/outputs/yaw_error_formal_compact_20260915/cases/case_082/off/data/stage2_statistical_newprotocol_period_0000.bin'],"['six_pair_clutter_phase', 'doppler_ridge_displacement', 'p38_phase_slope', 'multi_beam_power_secondary', 'reported_angle_geometry_platform']"
yaw_target_free_servo_p0p000deg_seed_101,target_free,servo,0.0,0.0,0.0,0.0,0.0,0.0,0.0,101,high_texture,7500.0,A0_Current,CURRENT,KEEP_CURRENT,,0.0,reported_geometry_current,False,False,reported_geometry_current,['/home/shy/AIR/SAR+AI/project/PGRCC/.worktrees/unknown-system-error-next-stage/outputs/yaw_error_formal_compact_20260915/cases/case_083/off/data/stage2_statistical_newprotocol_period_0000.bin'],reported geometry
yaw_target_free_servo_p0p000deg_seed_101,target_free,servo,0.0,0.0,0.0,0.0,0.0,0.0,0.0,101,high_texture,7500.0,AK_Known_Correction,KNOWN_EVALUATION,NO_CORRECTION_NEEDED,0.0,0.0,known_yaw_or_servo_error_evaluation_only,True,False,evaluation_only_known_attitude_error,['/home/shy/AIR/SAR+AI/project/PGRCC/.worktrees/unknown-system-error-next-stage/outputs/yaw_error_formal_compact_20260915/cases/case_083/off/data/stage2_statistical_newprotocol_period_0000.bin'],known attitude error
yaw_target_free_servo_p0p000deg_seed_101,target_free,servo,0.0,0.0,0.0,0.0,0.0,0.0,0.0,101,high_texture,7500.0,A1_Blind_Deterministic,FALLBACK_MODEL_MISMATCH,KEEP_CURRENT,,0.0,fallback_current,False,False,OFF_C_PLUS_N_TARGET_FREE_ONLY,['/home/shy/AIR/SAR+AI/project/PGRCC/.worktrees/unknown-system-error-next-stage/outputs/yaw_error_formal_compact_20260915/cases/case_083/off/data/stage2_statistical_newprotocol_period_0000.bin'],"['six_pair_clutter_phase', 'doppler_ridge_displacement', 'p38_phase_slope', 'multi_beam_power_secondary', 'reported_angle_geometry_platform']"
yaw_target_free_servo_p0p000deg_seed_101,target_free,servo,0.0,0.0,0.0,0.0,0.0,0.0,0.0,101,high_texture,10000.0,A0_Current,CURRENT,KEEP_CURRENT,,0.0,reported_geometry_current,False,False,reported_geometry_current,['/home/shy/AIR/SAR+AI/project/PGRCC/.worktrees/unknown-system-error-next-stage/outputs/yaw_error_formal_compact_20260915/cases/case_084/off/data/stage2_statistical_newprotocol_period_0000.bin'],reported geometry
yaw_target_free_servo_p0p000deg_seed_101,target_free,servo,0.0,0.0,0.0,0.0,0.0,0.0,0.0,101,high_texture,10000.0,AK_Known_Correction,KNOWN_EVALUATION,NO_CORRECTION_NEEDED,0.0,0.0,known_yaw_or_servo_error_evaluation_only,True,False,evaluation_only_known_attitude_error,['/home/shy/AIR/SAR+AI/project/PGRCC/.worktrees/unknown-system-error-next-stage/outputs/yaw_error_formal_compact_20260915/cases/case_084/off/data/stage2_statistical_newprotocol_period_0000.bin'],known attitude error
yaw_target_free_servo_p0p000deg_seed_101,target_free,servo,0.0,0.0,0.0,0.0,0.0,0.0,0.0,101,high_texture,10000.0,A1_Blind_Deterministic,FALLBACK_MODEL_MISMATCH,KEEP_CURRENT,,0.0,fallback_current,False,False,OFF_C_PLUS_N_TARGET_FREE_ONLY,['/home/shy/AIR/SAR+AI/project/PGRCC/.worktrees/unknown-system-error-next-stage/outputs/yaw_error_formal_compact_20260915/cases/case_084/off/data/stage2_statistical_newprotocol_period_0000.bin'],"['six_pair_clutter_phase', 'doppler_ridge_displacement', 'p38_phase_slope', 'multi_beam_power_secondary', 'reported_angle_geometry_platform']"
yaw_target_free_servo_p0p000deg_seed_202,target_free,servo,0.0,0.0,0.0,0.0,0.0,0.0,0.0,202,low_texture,7500.0,A0_Current,CURRENT,KEEP_CURRENT,,0.0,reported_geometry_current,False,False,reported_geometry_current,['/home/shy/AIR/SAR+AI/project/PGRCC/.worktrees/unknown-system-error-next-stage/outputs/yaw_error_formal_compact_20260915/cases/case_085/off/data/stage2_statistical_newprotocol_period_0000.bin'],reported geometry
yaw_target_free_servo_p0p000deg_seed_202,target_free,servo,0.0,0.0,0.0,0.0,0.0,0.0,0.0,202,low_texture,7500.0,AK_Known_Correction,KNOWN_EVALUATION,NO_CORRECTION_NEEDED,0.0,0.0,known_yaw_or_servo_error_evaluation_only,True,False,evaluation_only_known_attitude_error,['/home/shy/AIR/SAR+AI/project/PGRCC/.worktrees/unknown-system-error-next-stage/outputs/yaw_error_formal_compact_20260915/cases/case_085/off/data/stage2_statistical_newprotocol_period_0000.bin'],known attitude error
yaw_target_free_servo_p0p000deg_seed_202,target_free,servo,0.0,0.0,0.0,0.0,0.0,0.0,0.0,202,low_texture,7500.0,A1_Blind_Deterministic,FALLBACK_MODEL_MISMATCH,KEEP_CURRENT,,0.0,fallback_current,False,False,OFF_C_PLUS_N_TARGET_FREE_ONLY,['/home/shy/AIR/SAR+AI/project/PGRCC/.worktrees/unknown-system-error-next-stage/outputs/yaw_error_formal_compact_20260915/cases/case_085/off/data/stage2_statistical_newprotocol_period_0000.bin'],"['six_pair_clutter_phase', 'doppler_ridge_displacement', 'p38_phase_slope', 'multi_beam_power_secondary', 'reported_angle_geometry_platform']"
yaw_target_free_servo_p0p000deg_seed_202,target_free,servo,0.0,0.0,0.0,0.0,0.0,0.0,0.0,202,low_texture,10000.0,A0_Current,CURRENT,KEEP_CURRENT,,0.0,reported_geometry_current,False,False,reported_geometry_current,['/home/shy/AIR/SAR+AI/project/PGRCC/.worktrees/unknown-system-error-next-stage/outputs/yaw_error_formal_compact_20260915/cases/case_086/off/data/stage2_statistical_newprotocol_period_0000.bin'],reported geometry
yaw_target_free_servo_p0p000deg_seed_202,target_free,servo,0.0,0.0,0.0,0.0,0.0,0.0,0.0,202,low_texture,10000.0,AK_Known_Correction,KNOWN_EVALUATION,NO_CORRECTION_NEEDED,0.0,0.0,known_yaw_or_servo_error_evaluation_only,True,False,evaluation_only_known_attitude_error,['/home/shy/AIR/SAR+AI/project/PGRCC/.worktrees/unknown-system-error-next-stage/outputs/yaw_error_formal_compact_20260915/cases/case_086/off/data/stage2_statistical_newprotocol_period_0000.bin'],known attitude error
yaw_target_free_servo_p0p000deg_seed_202,target_free,servo,0.0,0.0,0.0,0.0,0.0,0.0,0.0,202,low_texture,10000.0,A1_Blind_Deterministic,FALLBACK_MODEL_MISMATCH,KEEP_CURRENT,,0.0,fallback_current,False,False,OFF_C_PLUS_N_TARGET_FREE_ONLY,['/home/shy/AIR/SAR+AI/project/PGRCC/.worktrees/unknown-system-error-next-stage/outputs/yaw_error_formal_compact_20260915/cases/case_086/off/data/stage2_statistical_newprotocol_period_0000.bin'],"['six_pair_clutter_phase', 'doppler_ridge_displacement', 'p38_phase_slope', 'multi_beam_power_secondary', 'reported_angle_geometry_platform']"
yaw_target_free_servo_p0p000deg_seed_202,target_free,servo,0.0,0.0,0.0,0.0,0.0,0.0,0.0,202,high_texture,7500.0,A0_Current,CURRENT,KEEP_CURRENT,,0.0,reported_geometry_current,False,False,reported_geometry_current,['/home/shy/AIR/SAR+AI/project/PGRCC/.worktrees/unknown-system-error-next-stage/outputs/yaw_error_formal_compact_20260915/cases/case_087/off/data/stage2_statistical_newprotocol_period_0000.bin'],reported geometry
yaw_target_free_servo_p0p000deg_seed_202,target_free,servo,0.0,0.0,0.0,0.0,0.0,0.0,0.0,202,high_texture,7500.0,AK_Known_Correction,KNOWN_EVALUATION,NO_CORRECTION_NEEDED,0.0,0.0,known_yaw_or_servo_error_evaluation_only,True,False,evaluation_only_known_attitude_error,['/home/shy/AIR/SAR+AI/project/PGRCC/.worktrees/unknown-system-error-next-stage/outputs/yaw_error_formal_compact_20260915/cases/case_087/off/data/stage2_statistical_newprotocol_period_0000.bin'],known attitude error
yaw_target_free_servo_p0p000deg_seed_202,target_free,servo,0.0,0.0,0.0,0.0,0.0,0.0,0.0,202,high_texture,7500.0,A1_Blind_Deterministic,FALLBACK_MODEL_MISMATCH,KEEP_CURRENT,,0.0,fallback_current,False,False,OFF_C_PLUS_N_TARGET_FREE_ONLY,['/home/shy/AIR/SAR+AI/project/PGRCC/.worktrees/unknown-system-error-next-stage/outputs/yaw_error_formal_compact_20260915/cases/case_087/off/data/stage2_statistical_newprotocol_period_0000.bin'],"['six_pair_clutter_phase', 'doppler_ridge_displacement', 'p38_phase_slope', 'multi_beam_power_secondary', 'reported_angle_geometry_platform']"
yaw_target_free_servo_p0p000deg_seed_202,target_free,servo,0.0,0.0,0.0,0.0,0.0,0.0,0.0,202,high_texture,10000.0,A0_Current,CURRENT,KEEP_CURRENT,,0.0,reported_geometry_current,False,False,reported_geometry_current,['/home/shy/AIR/SAR+AI/project/PGRCC/.worktrees/unknown-system-error-next-stage/outputs/yaw_error_formal_compact_20260915/cases/case_088/off/data/stage2_statistical_newprotocol_period_0000.bin'],reported geometry
yaw_target_free_servo_p0p000deg_seed_202,target_free,servo,0.0,0.0,0.0,0.0,0.0,0.0,0.0,202,high_texture,10000.0,AK_Known_Correction,KNOWN_EVALUATION,NO_CORRECTION_NEEDED,0.0,0.0,known_yaw_or_servo_error_evaluation_only,True,False,evaluation_only_known_attitude_error,['/home/shy/AIR/SAR+AI/project/PGRCC/.worktrees/unknown-system-error-next-stage/outputs/yaw_error_formal_compact_20260915/cases/case_088/off/data/stage2_statistical_newprotocol_period_0000.bin'],known attitude error
yaw_target_free_servo_p0p000deg_seed_202,target_free,servo,0.0,0.0,0.0,0.0,0.0,0.0,0.0,202,high_texture,10000.0,A1_Blind_Deterministic,FALLBACK_MODEL_MISMATCH,KEEP_CURRENT,,0.0,fallback_current,False,False,OFF_C_PLUS_N_TARGET_FREE_ONLY,['/home/shy/AIR/SAR+AI/project/PGRCC/.worktrees/unknown-system-error-next-stage/outputs/yaw_error_formal_compact_20260915/cases/case_088/off/data/stage2_statistical_newprotocol_period_0000.bin'],"['six_pair_clutter_phase', 'doppler_ridge_displacement', 'p38_phase_slope', 'multi_beam_power_secondary', 'reported_angle_geometry_platform']"
yaw_target_free_servo_m0p500deg_seed_101,target_free,servo,-0.5,0.0,0.0,0.0,-0.5,0.0,0.0,101,low_texture,7500.0,A0_Current,CURRENT,KEEP_CURRENT,,0.0,reported_geometry_current,False,False,reported_geometry_current,['/home/shy/AIR/SAR+AI/project/PGRCC/.worktrees/unknown-system-error-next-stage/outputs/yaw_error_formal_compact_20260915/cases/case_089/off/data/stage2_statistical_newprotocol_period_0000.bin'],reported geometry
yaw_target_free_servo_m0p500deg_seed_101,target_free,servo,-0.5,0.0,0.0,0.0,-0.5,0.0,0.0,101,low_texture,7500.0,AK_Known_Correction,KNOWN_EVALUATION,APPLY_KNOWN_ERROR_CORRECTION,-0.5,-0.5,known_yaw_or_servo_error_evaluation_only,True,False,evaluation_only_known_attitude_error,['/home/shy/AIR/SAR+AI/project/PGRCC/.worktrees/unknown-system-error-next-stage/outputs/yaw_error_formal_compact_20260915/cases/case_089/off/data/stage2_statistical_newprotocol_period_0000.bin'],known attitude error
yaw_target_free_servo_m0p500deg_seed_101,target_free,servo,-0.5,0.0,0.0,0.0,-0.5,0.0,0.0,101,low_texture,7500.0,A1_Blind_Deterministic,FALLBACK_MODEL_MISMATCH,KEEP_CURRENT,,0.0,fallback_current,False,False,OFF_C_PLUS_N_TARGET_FREE_ONLY,['/home/shy/AIR/SAR+AI/project/PGRCC/.worktrees/unknown-system-error-next-stage/outputs/yaw_error_formal_compact_20260915/cases/case_089/off/data/stage2_statistical_newprotocol_period_0000.bin'],"['six_pair_clutter_phase', 'doppler_ridge_displacement', 'p38_phase_slope', 'multi_beam_power_secondary', 'reported_angle_geometry_platform']"
yaw_target_free_servo_m0p500deg_seed_101,target_free,servo,-0.5,0.0,0.0,0.0,-0.5,0.0,0.0,101,low_texture,10000.0,A0_Current,CURRENT,KEEP_CURRENT,,0.0,reported_geometry_current,False,False,reported_geometry_current,['/home/shy/AIR/SAR+AI/project/PGRCC/.worktrees/unknown-system-error-next-stage/outputs/yaw_error_formal_compact_20260915/cases/case_090/off/data/stage2_statistical_newprotocol_period_0000.bin'],reported geometry
yaw_target_free_servo_m0p500deg_seed_101,target_free,servo,-0.5,0.0,0.0,0.0,-0.5,0.0,0.0,101,low_texture,10000.0,AK_Known_Correction,KNOWN_EVALUATION,APPLY_KNOWN_ERROR_CORRECTION,-0.5,-0.5,known_yaw_or_servo_error_evaluation_only,True,False,evaluation_only_known_attitude_error,['/home/shy/AIR/SAR+AI/project/PGRCC/.worktrees/unknown-system-error-next-stage/outputs/yaw_error_formal_compact_20260915/cases/case_090/off/data/stage2_statistical_newprotocol_period_0000.bin'],known attitude error
yaw_target_free_servo_m0p500deg_seed_101,target_free,servo,-0.5,0.0,0.0,0.0,-0.5,0.0,0.0,101,low_texture,10000.0,A1_Blind_Deterministic,FALLBACK_MODEL_MISMATCH,KEEP_CURRENT,,0.0,fallback_current,False,False,OFF_C_PLUS_N_TARGET_FREE_ONLY,['/home/shy/AIR/SAR+AI/project/PGRCC/.worktrees/unknown-system-error-next-stage/outputs/yaw_error_formal_compact_20260915/cases/case_090/off/data/stage2_statistical_newprotocol_period_0000.bin'],"['six_pair_clutter_phase', 'doppler_ridge_displacement', 'p38_phase_slope', 'multi_beam_power_secondary', 'reported_angle_geometry_platform']"
yaw_target_free_servo_m0p500deg_seed_101,target_free,servo,-0.5,0.0,0.0,0.0,-0.5,0.0,0.0,101,high_texture,7500.0,A0_Current,CURRENT,KEEP_CURRENT,,0.0,reported_geometry_current,False,False,reported_geometry_current,['/home/shy/AIR/SAR+AI/project/PGRCC/.worktrees/unknown-system-error-next-stage/outputs/yaw_error_formal_compact_20260915/cases/case_091/off/data/stage2_statistical_newprotocol_period_0000.bin'],reported geometry
yaw_target_free_servo_m0p500deg_seed_101,target_free,servo,-0.5,0.0,0.0,0.0,-0.5,0.0,0.0,101,high_texture,7500.0,AK_Known_Correction,KNOWN_EVALUATION,APPLY_KNOWN_ERROR_CORRECTION,-0.5,-0.5,known_yaw_or_servo_error_evaluation_only,True,False,evaluation_only_known_attitude_error,['/home/shy/AIR/SAR+AI/project/PGRCC/.worktrees/unknown-system-error-next-stage/outputs/yaw_error_formal_compact_20260915/cases/case_091/off/data/stage2_statistical_newprotocol_period_0000.bin'],known attitude error
yaw_target_free_servo_m0p500deg_seed_101,target_free,servo,-0.5,0.0,0.0,0.0,-0.5,0.0,0.0,101,high_texture,7500.0,A1_Blind_Deterministic,FALLBACK_MODEL_MISMATCH,KEEP_CURRENT,,0.0,fallback_current,False,False,OFF_C_PLUS_N_TARGET_FREE_ONLY,['/home/shy/AIR/SAR+AI/project/PGRCC/.worktrees/unknown-system-error-next-stage/outputs/yaw_error_formal_compact_20260915/cases/case_091/off/data/stage2_statistical_newprotocol_period_0000.bin'],"['six_pair_clutter_phase', 'doppler_ridge_displacement', 'p38_phase_slope', 'multi_beam_power_secondary', 'reported_angle_geometry_platform']"
yaw_target_free_servo_m0p500deg_seed_101,target_free,servo,-0.5,0.0,0.0,0.0,-0.5,0.0,0.0,101,high_texture,10000.0,A0_Current,CURRENT,KEEP_CURRENT,,0.0,reported_geometry_current,False,False,reported_geometry_current,['/home/shy/AIR/SAR+AI/project/PGRCC/.worktrees/unknown-system-error-next-stage/outputs/yaw_error_formal_compact_20260915/cases/case_092/off/data/stage2_statistical_newprotocol_period_0000.bin'],reported geometry
yaw_target_free_servo_m0p500deg_seed_101,target_free,servo,-0.5,0.0,0.0,0.0,-0.5,0.0,0.0,101,high_texture,10000.0,AK_Known_Correction,KNOWN_EVALUATION,APPLY_KNOWN_ERROR_CORRECTION,-0.5,-0.5,known_yaw_or_servo_error_evaluation_only,True,False,evaluation_only_known_attitude_error,['/home/shy/AIR/SAR+AI/project/PGRCC/.worktrees/unknown-system-error-next-stage/outputs/yaw_error_formal_compact_20260915/cases/case_092/off/data/stage2_statistical_newprotocol_period_0000.bin'],known attitude error
yaw_target_free_servo_m0p500deg_seed_101,target_free,servo,-0.5,0.0,0.0,0.0,-0.5,0.0,0.0,101,high_texture,10000.0,A1_Blind_Deterministic,FALLBACK_MODEL_MISMATCH,KEEP_CURRENT,,0.0,fallback_current,False,False,OFF_C_PLUS_N_TARGET_FREE_ONLY,['/home/shy/AIR/SAR+AI/project/PGRCC/.worktrees/unknown-system-error-next-stage/outputs/yaw_error_formal_compact_20260915/cases/case_092/off/data/stage2_statistical_newprotocol_period_0000.bin'],"['six_pair_clutter_phase', 'doppler_ridge_displacement', 'p38_phase_slope', 'multi_beam_power_secondary', 'reported_angle_geometry_platform']"
yaw_target_free_servo_m0p500deg_seed_202,target_free,servo,-0.5,0.0,0.0,0.0,-0.5,0.0,0.0,202,low_texture,7500.0,A0_Current,CURRENT,KEEP_CURRENT,,0.0,reported_geometry_current,False,False,reported_geometry_current,['/home/shy/AIR/SAR+AI/project/PGRCC/.worktrees/unknown-system-error-next-stage/outputs/yaw_error_formal_compact_20260915/cases/case_093/off/data/stage2_statistical_newprotocol_period_0000.bin'],reported geometry
yaw_target_free_servo_m0p500deg_seed_202,target_free,servo,-0.5,0.0,0.0,0.0,-0.5,0.0,0.0,202,low_texture,7500.0,AK_Known_Correction,KNOWN_EVALUATION,APPLY_KNOWN_ERROR_CORRECTION,-0.5,-0.5,known_yaw_or_servo_error_evaluation_only,True,False,evaluation_only_known_attitude_error,['/home/shy/AIR/SAR+AI/project/PGRCC/.worktrees/unknown-system-error-next-stage/outputs/yaw_error_formal_compact_20260915/cases/case_093/off/data/stage2_statistical_newprotocol_period_0000.bin'],known attitude error
yaw_target_free_servo_m0p500deg_seed_202,target_free,servo,-0.5,0.0,0.0,0.0,-0.5,0.0,0.0,202,low_texture,7500.0,A1_Blind_Deterministic,FALLBACK_MODEL_MISMATCH,KEEP_CURRENT,,0.0,fallback_current,False,False,OFF_C_PLUS_N_TARGET_FREE_ONLY,['/home/shy/AIR/SAR+AI/project/PGRCC/.worktrees/unknown-system-error-next-stage/outputs/yaw_error_formal_compact_20260915/cases/case_093/off/data/stage2_statistical_newprotocol_period_0000.bin'],"['six_pair_clutter_phase', 'doppler_ridge_displacement', 'p38_phase_slope', 'multi_beam_power_secondary', 'reported_angle_geometry_platform']"
yaw_target_free_servo_m0p500deg_seed_202,target_free,servo,-0.5,0.0,0.0,0.0,-0.5,0.0,0.0,202,low_texture,10000.0,A0_Current,CURRENT,KEEP_CURRENT,,0.0,reported_geometry_current,False,False,reported_geometry_current,['/home/shy/AIR/SAR+AI/project/PGRCC/.worktrees/unknown-system-error-next-stage/outputs/yaw_error_formal_compact_20260915/cases/case_094/off/data/stage2_statistical_newprotocol_period_0000.bin'],reported geometry
yaw_target_free_servo_m0p500deg_seed_202,target_free,servo,-0.5,0.0,0.0,0.0,-0.5,0.0,0.0,202,low_texture,10000.0,AK_Known_Correction,KNOWN_EVALUATION,APPLY_KNOWN_ERROR_CORRECTION,-0.5,-0.5,known_yaw_or_servo_error_evaluation_only,True,False,evaluation_only_known_attitude_error,['/home/shy/AIR/SAR+AI/project/PGRCC/.worktrees/unknown-system-error-next-stage/outputs/yaw_error_formal_compact_20260915/cases/case_094/off/data/stage2_statistical_newprotocol_period_0000.bin'],known attitude error
yaw_target_free_servo_m0p500deg_seed_202,target_free,servo,-0.5,0.0,0.0,0.0,-0.5,0.0,0.0,202,low_texture,10000.0,A1_Blind_Deterministic,FALLBACK_MODEL_MISMATCH,KEEP_CURRENT,,0.0,fallback_current,False,False,OFF_C_PLUS_N_TARGET_FREE_ONLY,['/home/shy/AIR/SAR+AI/project/PGRCC/.worktrees/unknown-system-error-next-stage/outputs/yaw_error_formal_compact_20260915/cases/case_094/off/data/stage2_statistical_newprotocol_period_0000.bin'],"['six_pair_clutter_phase', 'doppler_ridge_displacement', 'p38_phase_slope', 'multi_beam_power_secondary', 'reported_angle_geometry_platform']"
yaw_target_free_servo_m0p500deg_seed_202,target_free,servo,-0.5,0.0,0.0,0.0,-0.5,0.0,0.0,202,high_texture,7500.0,A0_Current,CURRENT,KEEP_CURRENT,,0.0,reported_geometry_current,False,False,reported_geometry_current,['/home/shy/AIR/SAR+AI/project/PGRCC/.worktrees/unknown-system-error-next-stage/outputs/yaw_error_formal_compact_20260915/cases/case_095/off/data/stage2_statistical_newprotocol_period_0000.bin'],reported geometry
yaw_target_free_servo_m0p500deg_seed_202,target_free,servo,-0.5,0.0,0.0,0.0,-0.5,0.0,0.0,202,high_texture,7500.0,AK_Known_Correction,KNOWN_EVALUATION,APPLY_KNOWN_ERROR_CORRECTION,-0.5,-0.5,known_yaw_or_servo_error_evaluation_only,True,False,evaluation_only_known_attitude_error,['/home/shy/AIR/SAR+AI/project/PGRCC/.worktrees/unknown-system-error-next-stage/outputs/yaw_error_formal_compact_20260915/cases/case_095/off/data/stage2_statistical_newprotocol_period_0000.bin'],known attitude error
yaw_target_free_servo_m0p500deg_seed_202,target_free,servo,-0.5,0.0,0.0,0.0,-0.5,0.0,0.0,202,high_texture,7500.0,A1_Blind_Deterministic,FALLBACK_MODEL_MISMATCH,KEEP_CURRENT,,0.0,fallback_current,False,False,OFF_C_PLUS_N_TARGET_FREE_ONLY,['/home/shy/AIR/SAR+AI/project/PGRCC/.worktrees/unknown-system-error-next-stage/outputs/yaw_error_formal_compact_20260915/cases/case_095/off/data/stage2_statistical_newprotocol_period_0000.bin'],"['six_pair_clutter_phase', 'doppler_ridge_displacement', 'p38_phase_slope', 'multi_beam_power_secondary', 'reported_angle_geometry_platform']"
yaw_target_free_servo_m0p500deg_seed_202,target_free,servo,-0.5,0.0,0.0,0.0,-0.5,0.0,0.0,202,high_texture,10000.0,A0_Current,CURRENT,KEEP_CURRENT,,0.0,reported_geometry_current,False,False,reported_geometry_current,['/home/shy/AIR/SAR+AI/project/PGRCC/.worktrees/unknown-system-error-next-stage/outputs/yaw_error_formal_compact_20260915/cases/case_096/off/data/stage2_statistical_newprotocol_period_0000.bin'],reported geometry
yaw_target_free_servo_m0p500deg_seed_202,target_free,servo,-0.5,0.0,0.0,0.0,-0.5,0.0,0.0,202,high_texture,10000.0,AK_Known_Correction,KNOWN_EVALUATION,APPLY_KNOWN_ERROR_CORRECTION,-0.5,-0.5,known_yaw_or_servo_error_evaluation_only,True,False,evaluation_only_known_attitude_error,['/home/shy/AIR/SAR+AI/project/PGRCC/.worktrees/unknown-system-error-next-stage/outputs/yaw_error_formal_compact_20260915/cases/case_096/off/data/stage2_statistical_newprotocol_period_0000.bin'],known attitude error
yaw_target_free_servo_m0p500deg_seed_202,target_free,servo,-0.5,0.0,0.0,0.0,-0.5,0.0,0.0,202,high_texture,10000.0,A1_Blind_Deterministic,FALLBACK_MODEL_MISMATCH,KEEP_CURRENT,,0.0,fallback_current,False,False,OFF_C_PLUS_N_TARGET_FREE_ONLY,['/home/shy/AIR/SAR+AI/project/PGRCC/.worktrees/unknown-system-error-next-stage/outputs/yaw_error_formal_compact_20260915/cases/case_096/off/data/stage2_statistical_newprotocol_period_0000.bin'],"['six_pair_clutter_phase', 'doppler_ridge_displacement', 'p38_phase_slope', 'multi_beam_power_secondary', 'reported_angle_geometry_platform']"
yaw_target_free_servo_p0p500deg_seed_101,target_free,servo,0.5,0.0,0.0,0.0,0.5,0.0,0.0,101,low_texture,7500.0,A0_Current,CURRENT,KEEP_CURRENT,,0.0,reported_geometry_current,False,False,reported_geometry_current,['/home/shy/AIR/SAR+AI/project/PGRCC/.worktrees/unknown-system-error-next-stage/outputs/yaw_error_formal_compact_20260915/cases/case_097/off/data/stage2_statistical_newprotocol_period_0000.bin'],reported geometry
yaw_target_free_servo_p0p500deg_seed_101,target_free,servo,0.5,0.0,0.0,0.0,0.5,0.0,0.0,101,low_texture,7500.0,AK_Known_Correction,KNOWN_EVALUATION,APPLY_KNOWN_ERROR_CORRECTION,0.5,0.5,known_yaw_or_servo_error_evaluation_only,True,False,evaluation_only_known_attitude_error,['/home/shy/AIR/SAR+AI/project/PGRCC/.worktrees/unknown-system-error-next-stage/outputs/yaw_error_formal_compact_20260915/cases/case_097/off/data/stage2_statistical_newprotocol_period_0000.bin'],known attitude error
yaw_target_free_servo_p0p500deg_seed_101,target_free,servo,0.5,0.0,0.0,0.0,0.5,0.0,0.0,101,low_texture,7500.0,A1_Blind_Deterministic,FALLBACK_MODEL_MISMATCH,KEEP_CURRENT,,0.0,fallback_current,False,False,OFF_C_PLUS_N_TARGET_FREE_ONLY,['/home/shy/AIR/SAR+AI/project/PGRCC/.worktrees/unknown-system-error-next-stage/outputs/yaw_error_formal_compact_20260915/cases/case_097/off/data/stage2_statistical_newprotocol_period_0000.bin'],"['six_pair_clutter_phase', 'doppler_ridge_displacement', 'p38_phase_slope', 'multi_beam_power_secondary', 'reported_angle_geometry_platform']"
yaw_target_free_servo_p0p500deg_seed_101,target_free,servo,0.5,0.0,0.0,0.0,0.5,0.0,0.0,101,low_texture,10000.0,A0_Current,CURRENT,KEEP_CURRENT,,0.0,reported_geometry_current,False,False,reported_geometry_current,['/home/shy/AIR/SAR+AI/project/PGRCC/.worktrees/unknown-system-error-next-stage/outputs/yaw_error_formal_compact_20260915/cases/case_098/off/data/stage2_statistical_newprotocol_period_0000.bin'],reported geometry
yaw_target_free_servo_p0p500deg_seed_101,target_free,servo,0.5,0.0,0.0,0.0,0.5,0.0,0.0,101,low_texture,10000.0,AK_Known_Correction,KNOWN_EVALUATION,APPLY_KNOWN_ERROR_CORRECTION,0.5,0.5,known_yaw_or_servo_error_evaluation_only,True,False,evaluation_only_known_attitude_error,['/home/shy/AIR/SAR+AI/project/PGRCC/.worktrees/unknown-system-error-next-stage/outputs/yaw_error_formal_compact_20260915/cases/case_098/off/data/stage2_statistical_newprotocol_period_0000.bin'],known attitude error
yaw_target_free_servo_p0p500deg_seed_101,target_free,servo,0.5,0.0,0.0,0.0,0.5,0.0,0.0,101,low_texture,10000.0,A1_Blind_Deterministic,FALLBACK_MODEL_MISMATCH,KEEP_CURRENT,,0.0,fallback_current,False,False,OFF_C_PLUS_N_TARGET_FREE_ONLY,['/home/shy/AIR/SAR+AI/project/PGRCC/.worktrees/unknown-system-error-next-stage/outputs/yaw_error_formal_compact_20260915/cases/case_098/off/data/stage2_statistical_newprotocol_period_0000.bin'],"['six_pair_clutter_phase', 'doppler_ridge_displacement', 'p38_phase_slope', 'multi_beam_power_secondary', 'reported_angle_geometry_platform']"
yaw_target_free_servo_p0p500deg_seed_101,target_free,servo,0.5,0.0,0.0,0.0,0.5,0.0,0.0,101,high_texture,7500.0,A0_Current,CURRENT,KEEP_CURRENT,,0.0,reported_geometry_current,False,False,reported_geometry_current,['/home/shy/AIR/SAR+AI/project/PGRCC/.worktrees/unknown-system-error-next-stage/outputs/yaw_error_formal_compact_20260915/cases/case_099/off/data/stage2_statistical_newprotocol_period_0000.bin'],reported geometry
yaw_target_free_servo_p0p500deg_seed_101,target_free,servo,0.5,0.0,0.0,0.0,0.5,0.0,0.0,101,high_texture,7500.0,AK_Known_Correction,KNOWN_EVALUATION,APPLY_KNOWN_ERROR_CORRECTION,0.5,0.5,known_yaw_or_servo_error_evaluation_only,True,False,evaluation_only_known_attitude_error,['/home/shy/AIR/SAR+AI/project/PGRCC/.worktrees/unknown-system-error-next-stage/outputs/yaw_error_formal_compact_20260915/cases/case_099/off/data/stage2_statistical_newprotocol_period_0000.bin'],known attitude error
yaw_target_free_servo_p0p500deg_seed_101,target_free,servo,0.5,0.0,0.0,0.0,0.5,0.0,0.0,101,high_texture,7500.0,A1_Blind_Deterministic,FALLBACK_MODEL_MISMATCH,KEEP_CURRENT,,0.0,fallback_current,False,False,OFF_C_PLUS_N_TARGET_FREE_ONLY,['/home/shy/AIR/SAR+AI/project/PGRCC/.worktrees/unknown-system-error-next-stage/outputs/yaw_error_formal_compact_20260915/cases/case_099/off/data/stage2_statistical_newprotocol_period_0000.bin'],"['six_pair_clutter_phase', 'doppler_ridge_displacement', 'p38_phase_slope', 'multi_beam_power_secondary', 'reported_angle_geometry_platform']"
yaw_target_free_servo_p0p500deg_seed_101,target_free,servo,0.5,0.0,0.0,0.0,0.5,0.0,0.0,101,high_texture,10000.0,A0_Current,CURRENT,KEEP_CURRENT,,0.0,reported_geometry_current,False,False,reported_geometry_current,['/home/shy/AIR/SAR+AI/project/PGRCC/.worktrees/unknown-system-error-next-stage/outputs/yaw_error_formal_compact_20260915/cases/case_100/off/data/stage2_statistical_newprotocol_period_0000.bin'],reported geometry
yaw_target_free_servo_p0p500deg_seed_101,target_free,servo,0.5,0.0,0.0,0.0,0.5,0.0,0.0,101,high_texture,10000.0,AK_Known_Correction,KNOWN_EVALUATION,APPLY_KNOWN_ERROR_CORRECTION,0.5,0.5,known_yaw_or_servo_error_evaluation_only,True,False,evaluation_only_known_attitude_error,['/home/shy/AIR/SAR+AI/project/PGRCC/.worktrees/unknown-system-error-next-stage/outputs/yaw_error_formal_compact_20260915/cases/case_100/off/data/stage2_statistical_newprotocol_period_0000.bin'],known attitude error
yaw_target_free_servo_p0p500deg_seed_101,target_free,servo,0.5,0.0,0.0,0.0,0.5,0.0,0.0,101,high_texture,10000.0,A1_Blind_Deterministic,FALLBACK_MODEL_MISMATCH,KEEP_CURRENT,,0.0,fallback_current,False,False,OFF_C_PLUS_N_TARGET_FREE_ONLY,['/home/shy/AIR/SAR+AI/project/PGRCC/.worktrees/unknown-system-error-next-stage/outputs/yaw_error_formal_compact_20260915/cases/case_100/off/data/stage2_statistical_newprotocol_period_0000.bin'],"['six_pair_clutter_phase', 'doppler_ridge_displacement', 'p38_phase_slope', 'multi_beam_power_secondary', 'reported_angle_geometry_platform']"
yaw_target_free_servo_p0p500deg_seed_202,target_free,servo,0.5,0.0,0.0,0.0,0.5,0.0,0.0,202,low_texture,7500.0,A0_Current,CURRENT,KEEP_CURRENT,,0.0,reported_geometry_current,False,False,reported_geometry_current,['/home/shy/AIR/SAR+AI/project/PGRCC/.worktrees/unknown-system-error-next-stage/outputs/yaw_error_formal_compact_20260915/cases/case_101/off/data/stage2_statistical_newprotocol_period_0000.bin'],reported geometry
yaw_target_free_servo_p0p500deg_seed_202,target_free,servo,0.5,0.0,0.0,0.0,0.5,0.0,0.0,202,low_texture,7500.0,AK_Known_Correction,KNOWN_EVALUATION,APPLY_KNOWN_ERROR_CORRECTION,0.5,0.5,known_yaw_or_servo_error_evaluation_only,True,False,evaluation_only_known_attitude_error,['/home/shy/AIR/SAR+AI/project/PGRCC/.worktrees/unknown-system-error-next-stage/outputs/yaw_error_formal_compact_20260915/cases/case_101/off/data/stage2_statistical_newprotocol_period_0000.bin'],known attitude error
yaw_target_free_servo_p0p500deg_seed_202,target_free,servo,0.5,0.0,0.0,0.0,0.5,0.0,0.0,202,low_texture,7500.0,A1_Blind_Deterministic,FALLBACK_MODEL_MISMATCH,KEEP_CURRENT,,0.0,fallback_current,False,False,OFF_C_PLUS_N_TARGET_FREE_ONLY,['/home/shy/AIR/SAR+AI/project/PGRCC/.worktrees/unknown-system-error-next-stage/outputs/yaw_error_formal_compact_20260915/cases/case_101/off/data/stage2_statistical_newprotocol_period_0000.bin'],"['six_pair_clutter_phase', 'doppler_ridge_displacement', 'p38_phase_slope', 'multi_beam_power_secondary', 'reported_angle_geometry_platform']"
yaw_target_free_servo_p0p500deg_seed_202,target_free,servo,0.5,0.0,0.0,0.0,0.5,0.0,0.0,202,low_texture,10000.0,A0_Current,CURRENT,KEEP_CURRENT,,0.0,reported_geometry_current,False,False,reported_geometry_current,['/home/shy/AIR/SAR+AI/project/PGRCC/.worktrees/unknown-system-error-next-stage/outputs/yaw_error_formal_compact_20260915/cases/case_102/off/data/stage2_statistical_newprotocol_period_0000.bin'],reported geometry
yaw_target_free_servo_p0p500deg_seed_202,target_free,servo,0.5,0.0,0.0,0.0,0.5,0.0,0.0,202,low_texture,10000.0,AK_Known_Correction,KNOWN_EVALUATION,APPLY_KNOWN_ERROR_CORRECTION,0.5,0.5,known_yaw_or_servo_error_evaluation_only,True,False,evaluation_only_known_attitude_error,['/home/shy/AIR/SAR+AI/project/PGRCC/.worktrees/unknown-system-error-next-stage/outputs/yaw_error_formal_compact_20260915/cases/case_102/off/data/stage2_statistical_newprotocol_period_0000.bin'],known attitude error
yaw_target_free_servo_p0p500deg_seed_202,target_free,servo,0.5,0.0,0.0,0.0,0.5,0.0,0.0,202,low_texture,10000.0,A1_Blind_Deterministic,FALLBACK_MODEL_MISMATCH,KEEP_CURRENT,,0.0,fallback_current,False,False,OFF_C_PLUS_N_TARGET_FREE_ONLY,['/home/shy/AIR/SAR+AI/project/PGRCC/.worktrees/unknown-system-error-next-stage/outputs/yaw_error_formal_compact_20260915/cases/case_102/off/data/stage2_statistical_newprotocol_period_0000.bin'],"['six_pair_clutter_phase', 'doppler_ridge_displacement', 'p38_phase_slope', 'multi_beam_power_secondary', 'reported_angle_geometry_platform']"
yaw_target_free_servo_p0p500deg_seed_202,target_free,servo,0.5,0.0,0.0,0.0,0.5,0.0,0.0,202,high_texture,7500.0,A0_Current,CURRENT,KEEP_CURRENT,,0.0,reported_geometry_current,False,False,reported_geometry_current,['/home/shy/AIR/SAR+AI/project/PGRCC/.worktrees/unknown-system-error-next-stage/outputs/yaw_error_formal_compact_20260915/cases/case_103/off/data/stage2_statistical_newprotocol_period_0000.bin'],reported geometry
yaw_target_free_servo_p0p500deg_seed_202,target_free,servo,0.5,0.0,0.0,0.0,0.5,0.0,0.0,202,high_texture,7500.0,AK_Known_Correction,KNOWN_EVALUATION,APPLY_KNOWN_ERROR_CORRECTION,0.5,0.5,known_yaw_or_servo_error_evaluation_only,True,False,evaluation_only_known_attitude_error,['/home/shy/AIR/SAR+AI/project/PGRCC/.worktrees/unknown-system-error-next-stage/outputs/yaw_error_formal_compact_20260915/cases/case_103/off/data/stage2_statistical_newprotocol_period_0000.bin'],known attitude error
yaw_target_free_servo_p0p500deg_seed_202,target_free,servo,0.5,0.0,0.0,0.0,0.5,0.0,0.0,202,high_texture,7500.0,A1_Blind_Deterministic,FALLBACK_MODEL_MISMATCH,KEEP_CURRENT,,0.0,fallback_current,False,False,OFF_C_PLUS_N_TARGET_FREE_ONLY,['/home/shy/AIR/SAR+AI/project/PGRCC/.worktrees/unknown-system-error-next-stage/outputs/yaw_error_formal_compact_20260915/cases/case_103/off/data/stage2_statistical_newprotocol_period_0000.bin'],"['six_pair_clutter_phase', 'doppler_ridge_displacement', 'p38_phase_slope', 'multi_beam_power_secondary', 'reported_angle_geometry_platform']"
yaw_target_free_servo_p0p500deg_seed_202,target_free,servo,0.5,0.0,0.0,0.0,0.5,0.0,0.0,202,high_texture,10000.0,A0_Current,CURRENT,KEEP_CURRENT,,0.0,reported_geometry_current,False,False,reported_geometry_current,['/home/shy/AIR/SAR+AI/project/PGRCC/.worktrees/unknown-system-error-next-stage/outputs/yaw_error_formal_compact_20260915/cases/case_104/off/data/stage2_statistical_newprotocol_period_0000.bin'],reported geometry
yaw_target_free_servo_p0p500deg_seed_202,target_free,servo,0.5,0.0,0.0,0.0,0.5,0.0,0.0,202,high_texture,10000.0,AK_Known_Correction,KNOWN_EVALUATION,APPLY_KNOWN_ERROR_CORRECTION,0.5,0.5,known_yaw_or_servo_error_evaluation_only,True,False,evaluation_only_known_attitude_error,['/home/shy/AIR/SAR+AI/project/PGRCC/.worktrees/unknown-system-error-next-stage/outputs/yaw_error_formal_compact_20260915/cases/case_104/off/data/stage2_statistical_newprotocol_period_0000.bin'],known attitude error
yaw_target_free_servo_p0p500deg_seed_202,target_free,servo,0.5,0.0,0.0,0.0,0.5,0.0,0.0,202,high_texture,10000.0,A1_Blind_Deterministic,FALLBACK_MODEL_MISMATCH,KEEP_CURRENT,,0.0,fallback_current,False,False,OFF_C_PLUS_N_TARGET_FREE_ONLY,['/home/shy/AIR/SAR+AI/project/PGRCC/.worktrees/unknown-system-error-next-stage/outputs/yaw_error_formal_compact_20260915/cases/case_104/off/data/stage2_statistical_newprotocol_period_0000.bin'],"['six_pair_clutter_phase', 'doppler_ridge_displacement', 'p38_phase_slope', 'multi_beam_power_secondary', 'reported_angle_geometry_platform']"
yaw_target_free_servo_m1p000deg_seed_101,target_free,servo,-1.0,0.0,0.0,0.0,-1.0,0.0,0.0,101,low_texture,7500.0,A0_Current,CURRENT,KEEP_CURRENT,,0.0,reported_geometry_current,False,False,reported_geometry_current,['/home/shy/AIR/SAR+AI/project/PGRCC/.worktrees/unknown-system-error-next-stage/outputs/yaw_error_formal_compact_20260915/cases/case_105/off/data/stage2_statistical_newprotocol_period_0000.bin'],reported geometry
yaw_target_free_servo_m1p000deg_seed_101,target_free,servo,-1.0,0.0,0.0,0.0,-1.0,0.0,0.0,101,low_texture,7500.0,AK_Known_Correction,KNOWN_EVALUATION,APPLY_KNOWN_ERROR_CORRECTION,-1.0,-1.0,known_yaw_or_servo_error_evaluation_only,True,False,evaluation_only_known_attitude_error,['/home/shy/AIR/SAR+AI/project/PGRCC/.worktrees/unknown-system-error-next-stage/outputs/yaw_error_formal_compact_20260915/cases/case_105/off/data/stage2_statistical_newprotocol_period_0000.bin'],known attitude error
yaw_target_free_servo_m1p000deg_seed_101,target_free,servo,-1.0,0.0,0.0,0.0,-1.0,0.0,0.0,101,low_texture,7500.0,A1_Blind_Deterministic,FALLBACK_MODEL_MISMATCH,KEEP_CURRENT,,0.0,fallback_current,False,False,OFF_C_PLUS_N_TARGET_FREE_ONLY,['/home/shy/AIR/SAR+AI/project/PGRCC/.worktrees/unknown-system-error-next-stage/outputs/yaw_error_formal_compact_20260915/cases/case_105/off/data/stage2_statistical_newprotocol_period_0000.bin'],"['six_pair_clutter_phase', 'doppler_ridge_displacement', 'p38_phase_slope', 'multi_beam_power_secondary', 'reported_angle_geometry_platform']"
yaw_target_free_servo_m1p000deg_seed_101,target_free,servo,-1.0,0.0,0.0,0.0,-1.0,0.0,0.0,101,low_texture,10000.0,A0_Current,CURRENT,KEEP_CURRENT,,0.0,reported_geometry_current,False,False,reported_geometry_current,['/home/shy/AIR/SAR+AI/project/PGRCC/.worktrees/unknown-system-error-next-stage/outputs/yaw_error_formal_compact_20260915/cases/case_106/off/data/stage2_statistical_newprotocol_period_0000.bin'],reported geometry
yaw_target_free_servo_m1p000deg_seed_101,target_free,servo,-1.0,0.0,0.0,0.0,-1.0,0.0,0.0,101,low_texture,10000.0,AK_Known_Correction,KNOWN_EVALUATION,APPLY_KNOWN_ERROR_CORRECTION,-1.0,-1.0,known_yaw_or_servo_error_evaluation_only,True,False,evaluation_only_known_attitude_error,['/home/shy/AIR/SAR+AI/project/PGRCC/.worktrees/unknown-system-error-next-stage/outputs/yaw_error_formal_compact_20260915/cases/case_106/off/data/stage2_statistical_newprotocol_period_0000.bin'],known attitude error
yaw_target_free_servo_m1p000deg_seed_101,target_free,servo,-1.0,0.0,0.0,0.0,-1.0,0.0,0.0,101,low_texture,10000.0,A1_Blind_Deterministic,FALLBACK_MODEL_MISMATCH,KEEP_CURRENT,,0.0,fallback_current,False,False,OFF_C_PLUS_N_TARGET_FREE_ONLY,['/home/shy/AIR/SAR+AI/project/PGRCC/.worktrees/unknown-system-error-next-stage/outputs/yaw_error_formal_compact_20260915/cases/case_106/off/data/stage2_statistical_newprotocol_period_0000.bin'],"['six_pair_clutter_phase', 'doppler_ridge_displacement', 'p38_phase_slope', 'multi_beam_power_secondary', 'reported_angle_geometry_platform']"
yaw_target_free_servo_m1p000deg_seed_101,target_free,servo,-1.0,0.0,0.0,0.0,-1.0,0.0,0.0,101,high_texture,7500.0,A0_Current,CURRENT,KEEP_CURRENT,,0.0,reported_geometry_current,False,False,reported_geometry_current,['/home/shy/AIR/SAR+AI/project/PGRCC/.worktrees/unknown-system-error-next-stage/outputs/yaw_error_formal_compact_20260915/cases/case_107/off/data/stage2_statistical_newprotocol_period_0000.bin'],reported geometry
yaw_target_free_servo_m1p000deg_seed_101,target_free,servo,-1.0,0.0,0.0,0.0,-1.0,0.0,0.0,101,high_texture,7500.0,AK_Known_Correction,KNOWN_EVALUATION,APPLY_KNOWN_ERROR_CORRECTION,-1.0,-1.0,known_yaw_or_servo_error_evaluation_only,True,False,evaluation_only_known_attitude_error,['/home/shy/AIR/SAR+AI/project/PGRCC/.worktrees/unknown-system-error-next-stage/outputs/yaw_error_formal_compact_20260915/cases/case_107/off/data/stage2_statistical_newprotocol_period_0000.bin'],known attitude error
yaw_target_free_servo_m1p000deg_seed_101,target_free,servo,-1.0,0.0,0.0,0.0,-1.0,0.0,0.0,101,high_texture,7500.0,A1_Blind_Deterministic,FALLBACK_MODEL_MISMATCH,KEEP_CURRENT,,0.0,fallback_current,False,False,OFF_C_PLUS_N_TARGET_FREE_ONLY,['/home/shy/AIR/SAR+AI/project/PGRCC/.worktrees/unknown-system-error-next-stage/outputs/yaw_error_formal_compact_20260915/cases/case_107/off/data/stage2_statistical_newprotocol_period_0000.bin'],"['six_pair_clutter_phase', 'doppler_ridge_displacement', 'p38_phase_slope', 'multi_beam_power_secondary', 'reported_angle_geometry_platform']"
yaw_target_free_servo_m1p000deg_seed_101,target_free,servo,-1.0,0.0,0.0,0.0,-1.0,0.0,0.0,101,high_texture,10000.0,A0_Current,CURRENT,KEEP_CURRENT,,0.0,reported_geometry_current,False,False,reported_geometry_current,['/home/shy/AIR/SAR+AI/project/PGRCC/.worktrees/unknown-system-error-next-stage/outputs/yaw_error_formal_compact_20260915/cases/case_108/off/data/stage2_statistical_newprotocol_period_0000.bin'],reported geometry
yaw_target_free_servo_m1p000deg_seed_101,target_free,servo,-1.0,0.0,0.0,0.0,-1.0,0.0,0.0,101,high_texture,10000.0,AK_Known_Correction,KNOWN_EVALUATION,APPLY_KNOWN_ERROR_CORRECTION,-1.0,-1.0,known_yaw_or_servo_error_evaluation_only,True,False,evaluation_only_known_attitude_error,['/home/shy/AIR/SAR+AI/project/PGRCC/.worktrees/unknown-system-error-next-stage/outputs/yaw_error_formal_compact_20260915/cases/case_108/off/data/stage2_statistical_newprotocol_period_0000.bin'],known attitude error
yaw_target_free_servo_m1p000deg_seed_101,target_free,servo,-1.0,0.0,0.0,0.0,-1.0,0.0,0.0,101,high_texture,10000.0,A1_Blind_Deterministic,FALLBACK_MODEL_MISMATCH,KEEP_CURRENT,,0.0,fallback_current,False,False,OFF_C_PLUS_N_TARGET_FREE_ONLY,['/home/shy/AIR/SAR+AI/project/PGRCC/.worktrees/unknown-system-error-next-stage/outputs/yaw_error_formal_compact_20260915/cases/case_108/off/data/stage2_statistical_newprotocol_period_0000.bin'],"['six_pair_clutter_phase', 'doppler_ridge_displacement', 'p38_phase_slope', 'multi_beam_power_secondary', 'reported_angle_geometry_platform']"
yaw_target_free_servo_m1p000deg_seed_202,target_free,servo,-1.0,0.0,0.0,0.0,-1.0,0.0,0.0,202,low_texture,7500.0,A0_Current,CURRENT,KEEP_CURRENT,,0.0,reported_geometry_current,False,False,reported_geometry_current,['/home/shy/AIR/SAR+AI/project/PGRCC/.worktrees/unknown-system-error-next-stage/outputs/yaw_error_formal_compact_20260915/cases/case_109/off/data/stage2_statistical_newprotocol_period_0000.bin'],reported geometry
yaw_target_free_servo_m1p000deg_seed_202,target_free,servo,-1.0,0.0,0.0,0.0,-1.0,0.0,0.0,202,low_texture,7500.0,AK_Known_Correction,KNOWN_EVALUATION,APPLY_KNOWN_ERROR_CORRECTION,-1.0,-1.0,known_yaw_or_servo_error_evaluation_only,True,False,evaluation_only_known_attitude_error,['/home/shy/AIR/SAR+AI/project/PGRCC/.worktrees/unknown-system-error-next-stage/outputs/yaw_error_formal_compact_20260915/cases/case_109/off/data/stage2_statistical_newprotocol_period_0000.bin'],known attitude error
yaw_target_free_servo_m1p000deg_seed_202,target_free,servo,-1.0,0.0,0.0,0.0,-1.0,0.0,0.0,202,low_texture,7500.0,A1_Blind_Deterministic,FALLBACK_MODEL_MISMATCH,KEEP_CURRENT,,0.0,fallback_current,False,False,OFF_C_PLUS_N_TARGET_FREE_ONLY,['/home/shy/AIR/SAR+AI/project/PGRCC/.worktrees/unknown-system-error-next-stage/outputs/yaw_error_formal_compact_20260915/cases/case_109/off/data/stage2_statistical_newprotocol_period_0000.bin'],"['six_pair_clutter_phase', 'doppler_ridge_displacement', 'p38_phase_slope', 'multi_beam_power_secondary', 'reported_angle_geometry_platform']"
yaw_target_free_servo_m1p000deg_seed_202,target_free,servo,-1.0,0.0,0.0,0.0,-1.0,0.0,0.0,202,low_texture,10000.0,A0_Current,CURRENT,KEEP_CURRENT,,0.0,reported_geometry_current,False,False,reported_geometry_current,['/home/shy/AIR/SAR+AI/project/PGRCC/.worktrees/unknown-system-error-next-stage/outputs/yaw_error_formal_compact_20260915/cases/case_110/off/data/stage2_statistical_newprotocol_period_0000.bin'],reported geometry
yaw_target_free_servo_m1p000deg_seed_202,target_free,servo,-1.0,0.0,0.0,0.0,-1.0,0.0,0.0,202,low_texture,10000.0,AK_Known_Correction,KNOWN_EVALUATION,APPLY_KNOWN_ERROR_CORRECTION,-1.0,-1.0,known_yaw_or_servo_error_evaluation_only,True,False,evaluation_only_known_attitude_error,['/home/shy/AIR/SAR+AI/project/PGRCC/.worktrees/unknown-system-error-next-stage/outputs/yaw_error_formal_compact_20260915/cases/case_110/off/data/stage2_statistical_newprotocol_period_0000.bin'],known attitude error
yaw_target_free_servo_m1p000deg_seed_202,target_free,servo,-1.0,0.0,0.0,0.0,-1.0,0.0,0.0,202,low_texture,10000.0,A1_Blind_Deterministic,FALLBACK_MODEL_MISMATCH,KEEP_CURRENT,,0.0,fallback_current,False,False,OFF_C_PLUS_N_TARGET_FREE_ONLY,['/home/shy/AIR/SAR+AI/project/PGRCC/.worktrees/unknown-system-error-next-stage/outputs/yaw_error_formal_compact_20260915/cases/case_110/off/data/stage2_statistical_newprotocol_period_0000.bin'],"['six_pair_clutter_phase', 'doppler_ridge_displacement', 'p38_phase_slope', 'multi_beam_power_secondary', 'reported_angle_geometry_platform']"
yaw_target_free_servo_m1p000deg_seed_202,target_free,servo,-1.0,0.0,0.0,0.0,-1.0,0.0,0.0,202,high_texture,7500.0,A0_Current,CURRENT,KEEP_CURRENT,,0.0,reported_geometry_current,False,False,reported_geometry_current,['/home/shy/AIR/SAR+AI/project/PGRCC/.worktrees/unknown-system-error-next-stage/outputs/yaw_error_formal_compact_20260915/cases/case_111/off/data/stage2_statistical_newprotocol_period_0000.bin'],reported geometry
yaw_target_free_servo_m1p000deg_seed_202,target_free,servo,-1.0,0.0,0.0,0.0,-1.0,0.0,0.0,202,high_texture,7500.0,AK_Known_Correction,KNOWN_EVALUATION,APPLY_KNOWN_ERROR_CORRECTION,-1.0,-1.0,known_yaw_or_servo_error_evaluation_only,True,False,evaluation_only_known_attitude_error,['/home/shy/AIR/SAR+AI/project/PGRCC/.worktrees/unknown-system-error-next-stage/outputs/yaw_error_formal_compact_20260915/cases/case_111/off/data/stage2_statistical_newprotocol_period_0000.bin'],known attitude error
yaw_target_free_servo_m1p000deg_seed_202,target_free,servo,-1.0,0.0,0.0,0.0,-1.0,0.0,0.0,202,high_texture,7500.0,A1_Blind_Deterministic,FALLBACK_MODEL_MISMATCH,KEEP_CURRENT,,0.0,fallback_current,False,False,OFF_C_PLUS_N_TARGET_FREE_ONLY,['/home/shy/AIR/SAR+AI/project/PGRCC/.worktrees/unknown-system-error-next-stage/outputs/yaw_error_formal_compact_20260915/cases/case_111/off/data/stage2_statistical_newprotocol_period_0000.bin'],"['six_pair_clutter_phase', 'doppler_ridge_displacement', 'p38_phase_slope', 'multi_beam_power_secondary', 'reported_angle_geometry_platform']"
yaw_target_free_servo_m1p000deg_seed_202,target_free,servo,-1.0,0.0,0.0,0.0,-1.0,0.0,0.0,202,high_texture,10000.0,A0_Current,CURRENT,KEEP_CURRENT,,0.0,reported_geometry_current,False,False,reported_geometry_current,['/home/shy/AIR/SAR+AI/project/PGRCC/.worktrees/unknown-system-error-next-stage/outputs/yaw_error_formal_compact_20260915/cases/case_112/off/data/stage2_statistical_newprotocol_period_0000.bin'],reported geometry
yaw_target_free_servo_m1p000deg_seed_202,target_free,servo,-1.0,0.0,0.0,0.0,-1.0,0.0,0.0,202,high_texture,10000.0,AK_Known_Correction,KNOWN_EVALUATION,APPLY_KNOWN_ERROR_CORRECTION,-1.0,-1.0,known_yaw_or_servo_error_evaluation_only,True,False,evaluation_only_known_attitude_error,['/home/shy/AIR/SAR+AI/project/PGRCC/.worktrees/unknown-system-error-next-stage/outputs/yaw_error_formal_compact_20260915/cases/case_112/off/data/stage2_statistical_newprotocol_period_0000.bin'],known attitude error
yaw_target_free_servo_m1p000deg_seed_202,target_free,servo,-1.0,0.0,0.0,0.0,-1.0,0.0,0.0,202,high_texture,10000.0,A1_Blind_Deterministic,FALLBACK_MODEL_MISMATCH,KEEP_CURRENT,,0.0,fallback_current,False,False,OFF_C_PLUS_N_TARGET_FREE_ONLY,['/home/shy/AIR/SAR+AI/project/PGRCC/.worktrees/unknown-system-error-next-stage/outputs/yaw_error_formal_compact_20260915/cases/case_112/off/data/stage2_statistical_newprotocol_period_0000.bin'],"['six_pair_clutter_phase', 'doppler_ridge_displacement', 'p38_phase_slope', 'multi_beam_power_secondary', 'reported_angle_geometry_platform']"
yaw_target_free_servo_p1p000deg_seed_101,target_free,servo,1.0,0.0,0.0,0.0,1.0,0.0,0.0,101,low_texture,7500.0,A0_Current,CURRENT,KEEP_CURRENT,,0.0,reported_geometry_current,False,False,reported_geometry_current,['/home/shy/AIR/SAR+AI/project/PGRCC/.worktrees/unknown-system-error-next-stage/outputs/yaw_error_formal_compact_20260915/cases/case_113/off/data/stage2_statistical_newprotocol_period_0000.bin'],reported geometry
yaw_target_free_servo_p1p000deg_seed_101,target_free,servo,1.0,0.0,0.0,0.0,1.0,0.0,0.0,101,low_texture,7500.0,AK_Known_Correction,KNOWN_EVALUATION,APPLY_KNOWN_ERROR_CORRECTION,1.0,1.0,known_yaw_or_servo_error_evaluation_only,True,False,evaluation_only_known_attitude_error,['/home/shy/AIR/SAR+AI/project/PGRCC/.worktrees/unknown-system-error-next-stage/outputs/yaw_error_formal_compact_20260915/cases/case_113/off/data/stage2_statistical_newprotocol_period_0000.bin'],known attitude error
yaw_target_free_servo_p1p000deg_seed_101,target_free,servo,1.0,0.0,0.0,0.0,1.0,0.0,0.0,101,low_texture,7500.0,A1_Blind_Deterministic,FALLBACK_MODEL_MISMATCH,KEEP_CURRENT,,0.0,fallback_current,False,False,OFF_C_PLUS_N_TARGET_FREE_ONLY,['/home/shy/AIR/SAR+AI/project/PGRCC/.worktrees/unknown-system-error-next-stage/outputs/yaw_error_formal_compact_20260915/cases/case_113/off/data/stage2_statistical_newprotocol_period_0000.bin'],"['six_pair_clutter_phase', 'doppler_ridge_displacement', 'p38_phase_slope', 'multi_beam_power_secondary', 'reported_angle_geometry_platform']"
yaw_target_free_servo_p1p000deg_seed_101,target_free,servo,1.0,0.0,0.0,0.0,1.0,0.0,0.0,101,low_texture,10000.0,A0_Current,CURRENT,KEEP_CURRENT,,0.0,reported_geometry_current,False,False,reported_geometry_current,['/home/shy/AIR/SAR+AI/project/PGRCC/.worktrees/unknown-system-error-next-stage/outputs/yaw_error_formal_compact_20260915/cases/case_114/off/data/stage2_statistical_newprotocol_period_0000.bin'],reported geometry
yaw_target_free_servo_p1p000deg_seed_101,target_free,servo,1.0,0.0,0.0,0.0,1.0,0.0,0.0,101,low_texture,10000.0,AK_Known_Correction,KNOWN_EVALUATION,APPLY_KNOWN_ERROR_CORRECTION,1.0,1.0,known_yaw_or_servo_error_evaluation_only,True,False,evaluation_only_known_attitude_error,['/home/shy/AIR/SAR+AI/project/PGRCC/.worktrees/unknown-system-error-next-stage/outputs/yaw_error_formal_compact_20260915/cases/case_114/off/data/stage2_statistical_newprotocol_period_0000.bin'],known attitude error
yaw_target_free_servo_p1p000deg_seed_101,target_free,servo,1.0,0.0,0.0,0.0,1.0,0.0,0.0,101,low_texture,10000.0,A1_Blind_Deterministic,FALLBACK_MODEL_MISMATCH,KEEP_CURRENT,,0.0,fallback_current,False,False,OFF_C_PLUS_N_TARGET_FREE_ONLY,['/home/shy/AIR/SAR+AI/project/PGRCC/.worktrees/unknown-system-error-next-stage/outputs/yaw_error_formal_compact_20260915/cases/case_114/off/data/stage2_statistical_newprotocol_period_0000.bin'],"['six_pair_clutter_phase', 'doppler_ridge_displacement', 'p38_phase_slope', 'multi_beam_power_secondary', 'reported_angle_geometry_platform']"
yaw_target_free_servo_p1p000deg_seed_101,target_free,servo,1.0,0.0,0.0,0.0,1.0,0.0,0.0,101,high_texture,7500.0,A0_Current,CURRENT,KEEP_CURRENT,,0.0,reported_geometry_current,False,False,reported_geometry_current,['/home/shy/AIR/SAR+AI/project/PGRCC/.worktrees/unknown-system-error-next-stage/outputs/yaw_error_formal_compact_20260915/cases/case_115/off/data/stage2_statistical_newprotocol_period_0000.bin'],reported geometry
yaw_target_free_servo_p1p000deg_seed_101,target_free,servo,1.0,0.0,0.0,0.0,1.0,0.0,0.0,101,high_texture,7500.0,AK_Known_Correction,KNOWN_EVALUATION,APPLY_KNOWN_ERROR_CORRECTION,1.0,1.0,known_yaw_or_servo_error_evaluation_only,True,False,evaluation_only_known_attitude_error,['/home/shy/AIR/SAR+AI/project/PGRCC/.worktrees/unknown-system-error-next-stage/outputs/yaw_error_formal_compact_20260915/cases/case_115/off/data/stage2_statistical_newprotocol_period_0000.bin'],known attitude error
yaw_target_free_servo_p1p000deg_seed_101,target_free,servo,1.0,0.0,0.0,0.0,1.0,0.0,0.0,101,high_texture,7500.0,A1_Blind_Deterministic,FALLBACK_MODEL_MISMATCH,KEEP_CURRENT,,0.0,fallback_current,False,False,OFF_C_PLUS_N_TARGET_FREE_ONLY,['/home/shy/AIR/SAR+AI/project/PGRCC/.worktrees/unknown-system-error-next-stage/outputs/yaw_error_formal_compact_20260915/cases/case_115/off/data/stage2_statistical_newprotocol_period_0000.bin'],"['six_pair_clutter_phase', 'doppler_ridge_displacement', 'p38_phase_slope', 'multi_beam_power_secondary', 'reported_angle_geometry_platform']"
yaw_target_free_servo_p1p000deg_seed_101,target_free,servo,1.0,0.0,0.0,0.0,1.0,0.0,0.0,101,high_texture,10000.0,A0_Current,CURRENT,KEEP_CURRENT,,0.0,reported_geometry_current,False,False,reported_geometry_current,['/home/shy/AIR/SAR+AI/project/PGRCC/.worktrees/unknown-system-error-next-stage/outputs/yaw_error_formal_compact_20260915/cases/case_116/off/data/stage2_statistical_newprotocol_period_0000.bin'],reported geometry
yaw_target_free_servo_p1p000deg_seed_101,target_free,servo,1.0,0.0,0.0,0.0,1.0,0.0,0.0,101,high_texture,10000.0,AK_Known_Correction,KNOWN_EVALUATION,APPLY_KNOWN_ERROR_CORRECTION,1.0,1.0,known_yaw_or_servo_error_evaluation_only,True,False,evaluation_only_known_attitude_error,['/home/shy/AIR/SAR+AI/project/PGRCC/.worktrees/unknown-system-error-next-stage/outputs/yaw_error_formal_compact_20260915/cases/case_116/off/data/stage2_statistical_newprotocol_period_0000.bin'],known attitude error
yaw_target_free_servo_p1p000deg_seed_101,target_free,servo,1.0,0.0,0.0,0.0,1.0,0.0,0.0,101,high_texture,10000.0,A1_Blind_Deterministic,FALLBACK_MODEL_MISMATCH,KEEP_CURRENT,,0.0,fallback_current,False,False,OFF_C_PLUS_N_TARGET_FREE_ONLY,['/home/shy/AIR/SAR+AI/project/PGRCC/.worktrees/unknown-system-error-next-stage/outputs/yaw_error_formal_compact_20260915/cases/case_116/off/data/stage2_statistical_newprotocol_period_0000.bin'],"['six_pair_clutter_phase', 'doppler_ridge_displacement', 'p38_phase_slope', 'multi_beam_power_secondary', 'reported_angle_geometry_platform']"
yaw_target_free_servo_p1p000deg_seed_202,target_free,servo,1.0,0.0,0.0,0.0,1.0,0.0,0.0,202,low_texture,7500.0,A0_Current,CURRENT,KEEP_CURRENT,,0.0,reported_geometry_current,False,False,reported_geometry_current,['/home/shy/AIR/SAR+AI/project/PGRCC/.worktrees/unknown-system-error-next-stage/outputs/yaw_error_formal_compact_20260915/cases/case_117/off/data/stage2_statistical_newprotocol_period_0000.bin'],reported geometry
yaw_target_free_servo_p1p000deg_seed_202,target_free,servo,1.0,0.0,0.0,0.0,1.0,0.0,0.0,202,low_texture,7500.0,AK_Known_Correction,KNOWN_EVALUATION,APPLY_KNOWN_ERROR_CORRECTION,1.0,1.0,known_yaw_or_servo_error_evaluation_only,True,False,evaluation_only_known_attitude_error,['/home/shy/AIR/SAR+AI/project/PGRCC/.worktrees/unknown-system-error-next-stage/outputs/yaw_error_formal_compact_20260915/cases/case_117/off/data/stage2_statistical_newprotocol_period_0000.bin'],known attitude error
yaw_target_free_servo_p1p000deg_seed_202,target_free,servo,1.0,0.0,0.0,0.0,1.0,0.0,0.0,202,low_texture,7500.0,A1_Blind_Deterministic,FALLBACK_MODEL_MISMATCH,KEEP_CURRENT,,0.0,fallback_current,False,False,OFF_C_PLUS_N_TARGET_FREE_ONLY,['/home/shy/AIR/SAR+AI/project/PGRCC/.worktrees/unknown-system-error-next-stage/outputs/yaw_error_formal_compact_20260915/cases/case_117/off/data/stage2_statistical_newprotocol_period_0000.bin'],"['six_pair_clutter_phase', 'doppler_ridge_displacement', 'p38_phase_slope', 'multi_beam_power_secondary', 'reported_angle_geometry_platform']"
yaw_target_free_servo_p1p000deg_seed_202,target_free,servo,1.0,0.0,0.0,0.0,1.0,0.0,0.0,202,low_texture,10000.0,A0_Current,CURRENT,KEEP_CURRENT,,0.0,reported_geometry_current,False,False,reported_geometry_current,['/home/shy/AIR/SAR+AI/project/PGRCC/.worktrees/unknown-system-error-next-stage/outputs/yaw_error_formal_compact_20260915/cases/case_118/off/data/stage2_statistical_newprotocol_period_0000.bin'],reported geometry
yaw_target_free_servo_p1p000deg_seed_202,target_free,servo,1.0,0.0,0.0,0.0,1.0,0.0,0.0,202,low_texture,10000.0,AK_Known_Correction,KNOWN_EVALUATION,APPLY_KNOWN_ERROR_CORRECTION,1.0,1.0,known_yaw_or_servo_error_evaluation_only,True,False,evaluation_only_known_attitude_error,['/home/shy/AIR/SAR+AI/project/PGRCC/.worktrees/unknown-system-error-next-stage/outputs/yaw_error_formal_compact_20260915/cases/case_118/off/data/stage2_statistical_newprotocol_period_0000.bin'],known attitude error
yaw_target_free_servo_p1p000deg_seed_202,target_free,servo,1.0,0.0,0.0,0.0,1.0,0.0,0.0,202,low_texture,10000.0,A1_Blind_Deterministic,FALLBACK_MODEL_MISMATCH,KEEP_CURRENT,,0.0,fallback_current,False,False,OFF_C_PLUS_N_TARGET_FREE_ONLY,['/home/shy/AIR/SAR+AI/project/PGRCC/.worktrees/unknown-system-error-next-stage/outputs/yaw_error_formal_compact_20260915/cases/case_118/off/data/stage2_statistical_newprotocol_period_0000.bin'],"['six_pair_clutter_phase', 'doppler_ridge_displacement', 'p38_phase_slope', 'multi_beam_power_secondary', 'reported_angle_geometry_platform']"
yaw_target_free_servo_p1p000deg_seed_202,target_free,servo,1.0,0.0,0.0,0.0,1.0,0.0,0.0,202,high_texture,7500.0,A0_Current,CURRENT,KEEP_CURRENT,,0.0,reported_geometry_current,False,False,reported_geometry_current,['/home/shy/AIR/SAR+AI/project/PGRCC/.worktrees/unknown-system-error-next-stage/outputs/yaw_error_formal_compact_20260915/cases/case_119/off/data/stage2_statistical_newprotocol_period_0000.bin'],reported geometry
yaw_target_free_servo_p1p000deg_seed_202,target_free,servo,1.0,0.0,0.0,0.0,1.0,0.0,0.0,202,high_texture,7500.0,AK_Known_Correction,KNOWN_EVALUATION,APPLY_KNOWN_ERROR_CORRECTION,1.0,1.0,known_yaw_or_servo_error_evaluation_only,True,False,evaluation_only_known_attitude_error,['/home/shy/AIR/SAR+AI/project/PGRCC/.worktrees/unknown-system-error-next-stage/outputs/yaw_error_formal_compact_20260915/cases/case_119/off/data/stage2_statistical_newprotocol_period_0000.bin'],known attitude error
yaw_target_free_servo_p1p000deg_seed_202,target_free,servo,1.0,0.0,0.0,0.0,1.0,0.0,0.0,202,high_texture,7500.0,A1_Blind_Deterministic,FALLBACK_MODEL_MISMATCH,KEEP_CURRENT,,0.0,fallback_current,False,False,OFF_C_PLUS_N_TARGET_FREE_ONLY,['/home/shy/AIR/SAR+AI/project/PGRCC/.worktrees/unknown-system-error-next-stage/outputs/yaw_error_formal_compact_20260915/cases/case_119/off/data/stage2_statistical_newprotocol_period_0000.bin'],"['six_pair_clutter_phase', 'doppler_ridge_displacement', 'p38_phase_slope', 'multi_beam_power_secondary', 'reported_angle_geometry_platform']"
yaw_target_free_servo_p1p000deg_seed_202,target_free,servo,1.0,0.0,0.0,0.0,1.0,0.0,0.0,202,high_texture,10000.0,A0_Current,CURRENT,KEEP_CURRENT,,0.0,reported_geometry_current,False,False,reported_geometry_current,['/home/shy/AIR/SAR+AI/project/PGRCC/.worktrees/unknown-system-error-next-stage/outputs/yaw_error_formal_compact_20260915/cases/case_120/off/data/stage2_statistical_newprotocol_period_0000.bin'],reported geometry
yaw_target_free_servo_p1p000deg_seed_202,target_free,servo,1.0,0.0,0.0,0.0,1.0,0.0,0.0,202,high_texture,10000.0,AK_Known_Correction,KNOWN_EVALUATION,APPLY_KNOWN_ERROR_CORRECTION,1.0,1.0,known_yaw_or_servo_error_evaluation_only,True,False,evaluation_only_known_attitude_error,['/home/shy/AIR/SAR+AI/project/PGRCC/.worktrees/unknown-system-error-next-stage/outputs/yaw_error_formal_compact_20260915/cases/case_120/off/data/stage2_statistical_newprotocol_period_0000.bin'],known attitude error
yaw_target_free_servo_p1p000deg_seed_202,target_free,servo,1.0,0.0,0.0,0.0,1.0,0.0,0.0,202,high_texture,10000.0,A1_Blind_Deterministic,FALLBACK_MODEL_MISMATCH,KEEP_CURRENT,,0.0,fallback_current,False,False,OFF_C_PLUS_N_TARGET_FREE_ONLY,['/home/shy/AIR/SAR+AI/project/PGRCC/.worktrees/unknown-system-error-next-stage/outputs/yaw_error_formal_compact_20260915/cases/case_120/off/data/stage2_statistical_newprotocol_period_0000.bin'],"['six_pair_clutter_phase', 'doppler_ridge_displacement', 'p38_phase_slope', 'multi_beam_power_secondary', 'reported_angle_geometry_platform']"
yaw_moving_target_baseline_p0p000deg_seed_101,moving_target,baseline,0.0,0.0,0.0,0.0,0.0,0.0,0.0,101,low_texture,7500.0,A0_Current,CURRENT,KEEP_CURRENT,,0.0,reported_geometry_current,False,False,reported_geometry_current,['/home/shy/AIR/SAR+AI/project/PGRCC/.worktrees/unknown-system-error-next-stage/outputs/yaw_error_formal_compact_20260915/cases/case_121/off/data/stage2_statistical_newprotocol_period_0000.bin'],reported geometry
yaw_moving_target_baseline_p0p000deg_seed_101,moving_target,baseline,0.0,0.0,0.0,0.0,0.0,0.0,0.0,101,low_texture,7500.0,AK_Known_Correction,KNOWN_EVALUATION,NO_CORRECTION_NEEDED,0.0,0.0,known_yaw_or_servo_error_evaluation_only,True,False,evaluation_only_known_attitude_error,['/home/shy/AIR/SAR+AI/project/PGRCC/.worktrees/unknown-system-error-next-stage/outputs/yaw_error_formal_compact_20260915/cases/case_121/off/data/stage2_statistical_newprotocol_period_0000.bin'],known attitude error
yaw_moving_target_baseline_p0p000deg_seed_101,moving_target,baseline,0.0,0.0,0.0,0.0,0.0,0.0,0.0,101,low_texture,7500.0,A1_Blind_Deterministic,FALLBACK_MODEL_MISMATCH,KEEP_CURRENT,,0.0,fallback_current,False,False,OFF_C_PLUS_N_TARGET_FREE_ONLY,['/home/shy/AIR/SAR+AI/project/PGRCC/.worktrees/unknown-system-error-next-stage/outputs/yaw_error_formal_compact_20260915/cases/case_121/off/data/stage2_statistical_newprotocol_period_0000.bin'],"['six_pair_clutter_phase', 'doppler_ridge_displacement', 'p38_phase_slope', 'multi_beam_power_secondary', 'reported_angle_geometry_platform']"
yaw_moving_target_baseline_p0p000deg_seed_101,moving_target,baseline,0.0,0.0,0.0,0.0,0.0,0.0,0.0,101,low_texture,10000.0,A0_Current,CURRENT,KEEP_CURRENT,,0.0,reported_geometry_current,False,False,reported_geometry_current,['/home/shy/AIR/SAR+AI/project/PGRCC/.worktrees/unknown-system-error-next-stage/outputs/yaw_error_formal_compact_20260915/cases/case_122/off/data/stage2_statistical_newprotocol_period_0000.bin'],reported geometry
yaw_moving_target_baseline_p0p000deg_seed_101,moving_target,baseline,0.0,0.0,0.0,0.0,0.0,0.0,0.0,101,low_texture,10000.0,AK_Known_Correction,KNOWN_EVALUATION,NO_CORRECTION_NEEDED,0.0,0.0,known_yaw_or_servo_error_evaluation_only,True,False,evaluation_only_known_attitude_error,['/home/shy/AIR/SAR+AI/project/PGRCC/.worktrees/unknown-system-error-next-stage/outputs/yaw_error_formal_compact_20260915/cases/case_122/off/data/stage2_statistical_newprotocol_period_0000.bin'],known attitude error
yaw_moving_target_baseline_p0p000deg_seed_101,moving_target,baseline,0.0,0.0,0.0,0.0,0.0,0.0,0.0,101,low_texture,10000.0,A1_Blind_Deterministic,FALLBACK_MODEL_MISMATCH,KEEP_CURRENT,,0.0,fallback_current,False,False,OFF_C_PLUS_N_TARGET_FREE_ONLY,['/home/shy/AIR/SAR+AI/project/PGRCC/.worktrees/unknown-system-error-next-stage/outputs/yaw_error_formal_compact_20260915/cases/case_122/off/data/stage2_statistical_newprotocol_period_0000.bin'],"['six_pair_clutter_phase', 'doppler_ridge_displacement', 'p38_phase_slope', 'multi_beam_power_secondary', 'reported_angle_geometry_platform']"
yaw_moving_target_baseline_p0p000deg_seed_101,moving_target,baseline,0.0,0.0,0.0,0.0,0.0,0.0,0.0,101,high_texture,7500.0,A0_Current,CURRENT,KEEP_CURRENT,,0.0,reported_geometry_current,False,False,reported_geometry_current,['/home/shy/AIR/SAR+AI/project/PGRCC/.worktrees/unknown-system-error-next-stage/outputs/yaw_error_formal_compact_20260915/cases/case_123/off/data/stage2_statistical_newprotocol_period_0000.bin'],reported geometry
yaw_moving_target_baseline_p0p000deg_seed_101,moving_target,baseline,0.0,0.0,0.0,0.0,0.0,0.0,0.0,101,high_texture,7500.0,AK_Known_Correction,KNOWN_EVALUATION,NO_CORRECTION_NEEDED,0.0,0.0,known_yaw_or_servo_error_evaluation_only,True,False,evaluation_only_known_attitude_error,['/home/shy/AIR/SAR+AI/project/PGRCC/.worktrees/unknown-system-error-next-stage/outputs/yaw_error_formal_compact_20260915/cases/case_123/off/data/stage2_statistical_newprotocol_period_0000.bin'],known attitude error
yaw_moving_target_baseline_p0p000deg_seed_101,moving_target,baseline,0.0,0.0,0.0,0.0,0.0,0.0,0.0,101,high_texture,7500.0,A1_Blind_Deterministic,FALLBACK_MODEL_MISMATCH,KEEP_CURRENT,,0.0,fallback_current,False,False,OFF_C_PLUS_N_TARGET_FREE_ONLY,['/home/shy/AIR/SAR+AI/project/PGRCC/.worktrees/unknown-system-error-next-stage/outputs/yaw_error_formal_compact_20260915/cases/case_123/off/data/stage2_statistical_newprotocol_period_0000.bin'],"['six_pair_clutter_phase', 'doppler_ridge_displacement', 'p38_phase_slope', 'multi_beam_power_secondary', 'reported_angle_geometry_platform']"
yaw_moving_target_baseline_p0p000deg_seed_101,moving_target,baseline,0.0,0.0,0.0,0.0,0.0,0.0,0.0,101,high_texture,10000.0,A0_Current,CURRENT,KEEP_CURRENT,,0.0,reported_geometry_current,False,False,reported_geometry_current,['/home/shy/AIR/SAR+AI/project/PGRCC/.worktrees/unknown-system-error-next-stage/outputs/yaw_error_formal_compact_20260915/cases/case_124/off/data/stage2_statistical_newprotocol_period_0000.bin'],reported geometry
yaw_moving_target_baseline_p0p000deg_seed_101,moving_target,baseline,0.0,0.0,0.0,0.0,0.0,0.0,0.0,101,high_texture,10000.0,AK_Known_Correction,KNOWN_EVALUATION,NO_CORRECTION_NEEDED,0.0,0.0,known_yaw_or_servo_error_evaluation_only,True,False,evaluation_only_known_attitude_error,['/home/shy/AIR/SAR+AI/project/PGRCC/.worktrees/unknown-system-error-next-stage/outputs/yaw_error_formal_compact_20260915/cases/case_124/off/data/stage2_statistical_newprotocol_period_0000.bin'],known attitude error
yaw_moving_target_baseline_p0p000deg_seed_101,moving_target,baseline,0.0,0.0,0.0,0.0,0.0,0.0,0.0,101,high_texture,10000.0,A1_Blind_Deterministic,FALLBACK_MODEL_MISMATCH,KEEP_CURRENT,,0.0,fallback_current,False,False,OFF_C_PLUS_N_TARGET_FREE_ONLY,['/home/shy/AIR/SAR+AI/project/PGRCC/.worktrees/unknown-system-error-next-stage/outputs/yaw_error_formal_compact_20260915/cases/case_124/off/data/stage2_statistical_newprotocol_period_0000.bin'],"['six_pair_clutter_phase', 'doppler_ridge_displacement', 'p38_phase_slope', 'multi_beam_power_secondary', 'reported_angle_geometry_platform']"
yaw_moving_target_baseline_p0p000deg_seed_202,moving_target,baseline,0.0,0.0,0.0,0.0,0.0,0.0,0.0,202,low_texture,7500.0,A0_Current,CURRENT,KEEP_CURRENT,,0.0,reported_geometry_current,False,False,reported_geometry_current,['/home/shy/AIR/SAR+AI/project/PGRCC/.worktrees/unknown-system-error-next-stage/outputs/yaw_error_formal_compact_20260915/cases/case_125/off/data/stage2_statistical_newprotocol_period_0000.bin'],reported geometry
yaw_moving_target_baseline_p0p000deg_seed_202,moving_target,baseline,0.0,0.0,0.0,0.0,0.0,0.0,0.0,202,low_texture,7500.0,AK_Known_Correction,KNOWN_EVALUATION,NO_CORRECTION_NEEDED,0.0,0.0,known_yaw_or_servo_error_evaluation_only,True,False,evaluation_only_known_attitude_error,['/home/shy/AIR/SAR+AI/project/PGRCC/.worktrees/unknown-system-error-next-stage/outputs/yaw_error_formal_compact_20260915/cases/case_125/off/data/stage2_statistical_newprotocol_period_0000.bin'],known attitude error
yaw_moving_target_baseline_p0p000deg_seed_202,moving_target,baseline,0.0,0.0,0.0,0.0,0.0,0.0,0.0,202,low_texture,7500.0,A1_Blind_Deterministic,FALLBACK_MODEL_MISMATCH,KEEP_CURRENT,,0.0,fallback_current,False,False,OFF_C_PLUS_N_TARGET_FREE_ONLY,['/home/shy/AIR/SAR+AI/project/PGRCC/.worktrees/unknown-system-error-next-stage/outputs/yaw_error_formal_compact_20260915/cases/case_125/off/data/stage2_statistical_newprotocol_period_0000.bin'],"['six_pair_clutter_phase', 'doppler_ridge_displacement', 'p38_phase_slope', 'multi_beam_power_secondary', 'reported_angle_geometry_platform']"
yaw_moving_target_baseline_p0p000deg_seed_202,moving_target,baseline,0.0,0.0,0.0,0.0,0.0,0.0,0.0,202,low_texture,10000.0,A0_Current,CURRENT,KEEP_CURRENT,,0.0,reported_geometry_current,False,False,reported_geometry_current,['/home/shy/AIR/SAR+AI/project/PGRCC/.worktrees/unknown-system-error-next-stage/outputs/yaw_error_formal_compact_20260915/cases/case_126/off/data/stage2_statistical_newprotocol_period_0000.bin'],reported geometry
yaw_moving_target_baseline_p0p000deg_seed_202,moving_target,baseline,0.0,0.0,0.0,0.0,0.0,0.0,0.0,202,low_texture,10000.0,AK_Known_Correction,KNOWN_EVALUATION,NO_CORRECTION_NEEDED,0.0,0.0,known_yaw_or_servo_error_evaluation_only,True,False,evaluation_only_known_attitude_error,['/home/shy/AIR/SAR+AI/project/PGRCC/.worktrees/unknown-system-error-next-stage/outputs/yaw_error_formal_compact_20260915/cases/case_126/off/data/stage2_statistical_newprotocol_period_0000.bin'],known attitude error
yaw_moving_target_baseline_p0p000deg_seed_202,moving_target,baseline,0.0,0.0,0.0,0.0,0.0,0.0,0.0,202,low_texture,10000.0,A1_Blind_Deterministic,FALLBACK_MODEL_MISMATCH,KEEP_CURRENT,,0.0,fallback_current,False,False,OFF_C_PLUS_N_TARGET_FREE_ONLY,['/home/shy/AIR/SAR+AI/project/PGRCC/.worktrees/unknown-system-error-next-stage/outputs/yaw_error_formal_compact_20260915/cases/case_126/off/data/stage2_statistical_newprotocol_period_0000.bin'],"['six_pair_clutter_phase', 'doppler_ridge_displacement', 'p38_phase_slope', 'multi_beam_power_secondary', 'reported_angle_geometry_platform']"
yaw_moving_target_baseline_p0p000deg_seed_202,moving_target,baseline,0.0,0.0,0.0,0.0,0.0,0.0,0.0,202,high_texture,7500.0,A0_Current,CURRENT,KEEP_CURRENT,,0.0,reported_geometry_current,False,False,reported_geometry_current,['/home/shy/AIR/SAR+AI/project/PGRCC/.worktrees/unknown-system-error-next-stage/outputs/yaw_error_formal_compact_20260915/cases/case_127/off/data/stage2_statistical_newprotocol_period_0000.bin'],reported geometry
yaw_moving_target_baseline_p0p000deg_seed_202,moving_target,baseline,0.0,0.0,0.0,0.0,0.0,0.0,0.0,202,high_texture,7500.0,AK_Known_Correction,KNOWN_EVALUATION,NO_CORRECTION_NEEDED,0.0,0.0,known_yaw_or_servo_error_evaluation_only,True,False,evaluation_only_known_attitude_error,['/home/shy/AIR/SAR+AI/project/PGRCC/.worktrees/unknown-system-error-next-stage/outputs/yaw_error_formal_compact_20260915/cases/case_127/off/data/stage2_statistical_newprotocol_period_0000.bin'],known attitude error
yaw_moving_target_baseline_p0p000deg_seed_202,moving_target,baseline,0.0,0.0,0.0,0.0,0.0,0.0,0.0,202,high_texture,7500.0,A1_Blind_Deterministic,FALLBACK_MODEL_MISMATCH,KEEP_CURRENT,,0.0,fallback_current,False,False,OFF_C_PLUS_N_TARGET_FREE_ONLY,['/home/shy/AIR/SAR+AI/project/PGRCC/.worktrees/unknown-system-error-next-stage/outputs/yaw_error_formal_compact_20260915/cases/case_127/off/data/stage2_statistical_newprotocol_period_0000.bin'],"['six_pair_clutter_phase', 'doppler_ridge_displacement', 'p38_phase_slope', 'multi_beam_power_secondary', 'reported_angle_geometry_platform']"
yaw_moving_target_baseline_p0p000deg_seed_202,moving_target,baseline,0.0,0.0,0.0,0.0,0.0,0.0,0.0,202,high_texture,10000.0,A0_Current,CURRENT,KEEP_CURRENT,,0.0,reported_geometry_current,False,False,reported_geometry_current,['/home/shy/AIR/SAR+AI/project/PGRCC/.worktrees/unknown-system-error-next-stage/outputs/yaw_error_formal_compact_20260915/cases/case_128/off/data/stage2_statistical_newprotocol_period_0000.bin'],reported geometry
yaw_moving_target_baseline_p0p000deg_seed_202,moving_target,baseline,0.0,0.0,0.0,0.0,0.0,0.0,0.0,202,high_texture,10000.0,AK_Known_Correction,KNOWN_EVALUATION,NO_CORRECTION_NEEDED,0.0,0.0,known_yaw_or_servo_error_evaluation_only,True,False,evaluation_only_known_attitude_error,['/home/shy/AIR/SAR+AI/project/PGRCC/.worktrees/unknown-system-error-next-stage/outputs/yaw_error_formal_compact_20260915/cases/case_128/off/data/stage2_statistical_newprotocol_period_0000.bin'],known attitude error
yaw_moving_target_baseline_p0p000deg_seed_202,moving_target,baseline,0.0,0.0,0.0,0.0,0.0,0.0,0.0,202,high_texture,10000.0,A1_Blind_Deterministic,FALLBACK_MODEL_MISMATCH,KEEP_CURRENT,,0.0,fallback_current,False,False,OFF_C_PLUS_N_TARGET_FREE_ONLY,['/home/shy/AIR/SAR+AI/project/PGRCC/.worktrees/unknown-system-error-next-stage/outputs/yaw_error_formal_compact_20260915/cases/case_128/off/data/stage2_statistical_newprotocol_period_0000.bin'],"['six_pair_clutter_phase', 'doppler_ridge_displacement', 'p38_phase_slope', 'multi_beam_power_secondary', 'reported_angle_geometry_platform']"
yaw_moving_target_baseline_m0p500deg_seed_101,moving_target,baseline,-0.5,0.0,0.0,0.0,0.0,0.0,0.0,101,low_texture,7500.0,A0_Current,CURRENT,KEEP_CURRENT,,0.0,reported_geometry_current,False,False,reported_geometry_current,['/home/shy/AIR/SAR+AI/project/PGRCC/.worktrees/unknown-system-error-next-stage/outputs/yaw_error_formal_compact_20260915/cases/case_129/off/data/stage2_statistical_newprotocol_period_0000.bin'],reported geometry
yaw_moving_target_baseline_m0p500deg_seed_101,moving_target,baseline,-0.5,0.0,0.0,0.0,0.0,0.0,0.0,101,low_texture,7500.0,AK_Known_Correction,KNOWN_EVALUATION,NO_CORRECTION_NEEDED,0.0,0.0,known_yaw_or_servo_error_evaluation_only,True,False,evaluation_only_known_attitude_error,['/home/shy/AIR/SAR+AI/project/PGRCC/.worktrees/unknown-system-error-next-stage/outputs/yaw_error_formal_compact_20260915/cases/case_129/off/data/stage2_statistical_newprotocol_period_0000.bin'],known attitude error
yaw_moving_target_baseline_m0p500deg_seed_101,moving_target,baseline,-0.5,0.0,0.0,0.0,0.0,0.0,0.0,101,low_texture,7500.0,A1_Blind_Deterministic,FALLBACK_MODEL_MISMATCH,KEEP_CURRENT,,0.0,fallback_current,False,False,OFF_C_PLUS_N_TARGET_FREE_ONLY,['/home/shy/AIR/SAR+AI/project/PGRCC/.worktrees/unknown-system-error-next-stage/outputs/yaw_error_formal_compact_20260915/cases/case_129/off/data/stage2_statistical_newprotocol_period_0000.bin'],"['six_pair_clutter_phase', 'doppler_ridge_displacement', 'p38_phase_slope', 'multi_beam_power_secondary', 'reported_angle_geometry_platform']"
yaw_moving_target_baseline_m0p500deg_seed_101,moving_target,baseline,-0.5,0.0,0.0,0.0,0.0,0.0,0.0,101,low_texture,10000.0,A0_Current,CURRENT,KEEP_CURRENT,,0.0,reported_geometry_current,False,False,reported_geometry_current,['/home/shy/AIR/SAR+AI/project/PGRCC/.worktrees/unknown-system-error-next-stage/outputs/yaw_error_formal_compact_20260915/cases/case_130/off/data/stage2_statistical_newprotocol_period_0000.bin'],reported geometry
yaw_moving_target_baseline_m0p500deg_seed_101,moving_target,baseline,-0.5,0.0,0.0,0.0,0.0,0.0,0.0,101,low_texture,10000.0,AK_Known_Correction,KNOWN_EVALUATION,NO_CORRECTION_NEEDED,0.0,0.0,known_yaw_or_servo_error_evaluation_only,True,False,evaluation_only_known_attitude_error,['/home/shy/AIR/SAR+AI/project/PGRCC/.worktrees/unknown-system-error-next-stage/outputs/yaw_error_formal_compact_20260915/cases/case_130/off/data/stage2_statistical_newprotocol_period_0000.bin'],known attitude error
yaw_moving_target_baseline_m0p500deg_seed_101,moving_target,baseline,-0.5,0.0,0.0,0.0,0.0,0.0,0.0,101,low_texture,10000.0,A1_Blind_Deterministic,FALLBACK_MODEL_MISMATCH,KEEP_CURRENT,,0.0,fallback_current,False,False,OFF_C_PLUS_N_TARGET_FREE_ONLY,['/home/shy/AIR/SAR+AI/project/PGRCC/.worktrees/unknown-system-error-next-stage/outputs/yaw_error_formal_compact_20260915/cases/case_130/off/data/stage2_statistical_newprotocol_period_0000.bin'],"['six_pair_clutter_phase', 'doppler_ridge_displacement', 'p38_phase_slope', 'multi_beam_power_secondary', 'reported_angle_geometry_platform']"
yaw_moving_target_baseline_m0p500deg_seed_101,moving_target,baseline,-0.5,0.0,0.0,0.0,0.0,0.0,0.0,101,high_texture,7500.0,A0_Current,CURRENT,KEEP_CURRENT,,0.0,reported_geometry_current,False,False,reported_geometry_current,['/home/shy/AIR/SAR+AI/project/PGRCC/.worktrees/unknown-system-error-next-stage/outputs/yaw_error_formal_compact_20260915/cases/case_131/off/data/stage2_statistical_newprotocol_period_0000.bin'],reported geometry
yaw_moving_target_baseline_m0p500deg_seed_101,moving_target,baseline,-0.5,0.0,0.0,0.0,0.0,0.0,0.0,101,high_texture,7500.0,AK_Known_Correction,KNOWN_EVALUATION,NO_CORRECTION_NEEDED,0.0,0.0,known_yaw_or_servo_error_evaluation_only,True,False,evaluation_only_known_attitude_error,['/home/shy/AIR/SAR+AI/project/PGRCC/.worktrees/unknown-system-error-next-stage/outputs/yaw_error_formal_compact_20260915/cases/case_131/off/data/stage2_statistical_newprotocol_period_0000.bin'],known attitude error
yaw_moving_target_baseline_m0p500deg_seed_101,moving_target,baseline,-0.5,0.0,0.0,0.0,0.0,0.0,0.0,101,high_texture,7500.0,A1_Blind_Deterministic,FALLBACK_MODEL_MISMATCH,KEEP_CURRENT,,0.0,fallback_current,False,False,OFF_C_PLUS_N_TARGET_FREE_ONLY,['/home/shy/AIR/SAR+AI/project/PGRCC/.worktrees/unknown-system-error-next-stage/outputs/yaw_error_formal_compact_20260915/cases/case_131/off/data/stage2_statistical_newprotocol_period_0000.bin'],"['six_pair_clutter_phase', 'doppler_ridge_displacement', 'p38_phase_slope', 'multi_beam_power_secondary', 'reported_angle_geometry_platform']"
yaw_moving_target_baseline_m0p500deg_seed_101,moving_target,baseline,-0.5,0.0,0.0,0.0,0.0,0.0,0.0,101,high_texture,10000.0,A0_Current,CURRENT,KEEP_CURRENT,,0.0,reported_geometry_current,False,False,reported_geometry_current,['/home/shy/AIR/SAR+AI/project/PGRCC/.worktrees/unknown-system-error-next-stage/outputs/yaw_error_formal_compact_20260915/cases/case_132/off/data/stage2_statistical_newprotocol_period_0000.bin'],reported geometry
yaw_moving_target_baseline_m0p500deg_seed_101,moving_target,baseline,-0.5,0.0,0.0,0.0,0.0,0.0,0.0,101,high_texture,10000.0,AK_Known_Correction,KNOWN_EVALUATION,NO_CORRECTION_NEEDED,0.0,0.0,known_yaw_or_servo_error_evaluation_only,True,False,evaluation_only_known_attitude_error,['/home/shy/AIR/SAR+AI/project/PGRCC/.worktrees/unknown-system-error-next-stage/outputs/yaw_error_formal_compact_20260915/cases/case_132/off/data/stage2_statistical_newprotocol_period_0000.bin'],known attitude error
yaw_moving_target_baseline_m0p500deg_seed_101,moving_target,baseline,-0.5,0.0,0.0,0.0,0.0,0.0,0.0,101,high_texture,10000.0,A1_Blind_Deterministic,FALLBACK_MODEL_MISMATCH,KEEP_CURRENT,,0.0,fallback_current,False,False,OFF_C_PLUS_N_TARGET_FREE_ONLY,['/home/shy/AIR/SAR+AI/project/PGRCC/.worktrees/unknown-system-error-next-stage/outputs/yaw_error_formal_compact_20260915/cases/case_132/off/data/stage2_statistical_newprotocol_period_0000.bin'],"['six_pair_clutter_phase', 'doppler_ridge_displacement', 'p38_phase_slope', 'multi_beam_power_secondary', 'reported_angle_geometry_platform']"
yaw_moving_target_baseline_m0p500deg_seed_202,moving_target,baseline,-0.5,0.0,0.0,0.0,0.0,0.0,0.0,202,low_texture,7500.0,A0_Current,CURRENT,KEEP_CURRENT,,0.0,reported_geometry_current,False,False,reported_geometry_current,['/home/shy/AIR/SAR+AI/project/PGRCC/.worktrees/unknown-system-error-next-stage/outputs/yaw_error_formal_compact_20260915/cases/case_133/off/data/stage2_statistical_newprotocol_period_0000.bin'],reported geometry
yaw_moving_target_baseline_m0p500deg_seed_202,moving_target,baseline,-0.5,0.0,0.0,0.0,0.0,0.0,0.0,202,low_texture,7500.0,AK_Known_Correction,KNOWN_EVALUATION,NO_CORRECTION_NEEDED,0.0,0.0,known_yaw_or_servo_error_evaluation_only,True,False,evaluation_only_known_attitude_error,['/home/shy/AIR/SAR+AI/project/PGRCC/.worktrees/unknown-system-error-next-stage/outputs/yaw_error_formal_compact_20260915/cases/case_133/off/data/stage2_statistical_newprotocol_period_0000.bin'],known attitude error
yaw_moving_target_baseline_m0p500deg_seed_202,moving_target,baseline,-0.5,0.0,0.0,0.0,0.0,0.0,0.0,202,low_texture,7500.0,A1_Blind_Deterministic,FALLBACK_MODEL_MISMATCH,KEEP_CURRENT,,0.0,fallback_current,False,False,OFF_C_PLUS_N_TARGET_FREE_ONLY,['/home/shy/AIR/SAR+AI/project/PGRCC/.worktrees/unknown-system-error-next-stage/outputs/yaw_error_formal_compact_20260915/cases/case_133/off/data/stage2_statistical_newprotocol_period_0000.bin'],"['six_pair_clutter_phase', 'doppler_ridge_displacement', 'p38_phase_slope', 'multi_beam_power_secondary', 'reported_angle_geometry_platform']"
yaw_moving_target_baseline_m0p500deg_seed_202,moving_target,baseline,-0.5,0.0,0.0,0.0,0.0,0.0,0.0,202,low_texture,10000.0,A0_Current,CURRENT,KEEP_CURRENT,,0.0,reported_geometry_current,False,False,reported_geometry_current,['/home/shy/AIR/SAR+AI/project/PGRCC/.worktrees/unknown-system-error-next-stage/outputs/yaw_error_formal_compact_20260915/cases/case_134/off/data/stage2_statistical_newprotocol_period_0000.bin'],reported geometry
yaw_moving_target_baseline_m0p500deg_seed_202,moving_target,baseline,-0.5,0.0,0.0,0.0,0.0,0.0,0.0,202,low_texture,10000.0,AK_Known_Correction,KNOWN_EVALUATION,NO_CORRECTION_NEEDED,0.0,0.0,known_yaw_or_servo_error_evaluation_only,True,False,evaluation_only_known_attitude_error,['/home/shy/AIR/SAR+AI/project/PGRCC/.worktrees/unknown-system-error-next-stage/outputs/yaw_error_formal_compact_20260915/cases/case_134/off/data/stage2_statistical_newprotocol_period_0000.bin'],known attitude error
yaw_moving_target_baseline_m0p500deg_seed_202,moving_target,baseline,-0.5,0.0,0.0,0.0,0.0,0.0,0.0,202,low_texture,10000.0,A1_Blind_Deterministic,FALLBACK_MODEL_MISMATCH,KEEP_CURRENT,,0.0,fallback_current,False,False,OFF_C_PLUS_N_TARGET_FREE_ONLY,['/home/shy/AIR/SAR+AI/project/PGRCC/.worktrees/unknown-system-error-next-stage/outputs/yaw_error_formal_compact_20260915/cases/case_134/off/data/stage2_statistical_newprotocol_period_0000.bin'],"['six_pair_clutter_phase', 'doppler_ridge_displacement', 'p38_phase_slope', 'multi_beam_power_secondary', 'reported_angle_geometry_platform']"
yaw_moving_target_baseline_m0p500deg_seed_202,moving_target,baseline,-0.5,0.0,0.0,0.0,0.0,0.0,0.0,202,high_texture,7500.0,A0_Current,CURRENT,KEEP_CURRENT,,0.0,reported_geometry_current,False,False,reported_geometry_current,['/home/shy/AIR/SAR+AI/project/PGRCC/.worktrees/unknown-system-error-next-stage/outputs/yaw_error_formal_compact_20260915/cases/case_135/off/data/stage2_statistical_newprotocol_period_0000.bin'],reported geometry
yaw_moving_target_baseline_m0p500deg_seed_202,moving_target,baseline,-0.5,0.0,0.0,0.0,0.0,0.0,0.0,202,high_texture,7500.0,AK_Known_Correction,KNOWN_EVALUATION,NO_CORRECTION_NEEDED,0.0,0.0,known_yaw_or_servo_error_evaluation_only,True,False,evaluation_only_known_attitude_error,['/home/shy/AIR/SAR+AI/project/PGRCC/.worktrees/unknown-system-error-next-stage/outputs/yaw_error_formal_compact_20260915/cases/case_135/off/data/stage2_statistical_newprotocol_period_0000.bin'],known attitude error
yaw_moving_target_baseline_m0p500deg_seed_202,moving_target,baseline,-0.5,0.0,0.0,0.0,0.0,0.0,0.0,202,high_texture,7500.0,A1_Blind_Deterministic,FALLBACK_MODEL_MISMATCH,KEEP_CURRENT,,0.0,fallback_current,False,False,OFF_C_PLUS_N_TARGET_FREE_ONLY,['/home/shy/AIR/SAR+AI/project/PGRCC/.worktrees/unknown-system-error-next-stage/outputs/yaw_error_formal_compact_20260915/cases/case_135/off/data/stage2_statistical_newprotocol_period_0000.bin'],"['six_pair_clutter_phase', 'doppler_ridge_displacement', 'p38_phase_slope', 'multi_beam_power_secondary', 'reported_angle_geometry_platform']"
yaw_moving_target_baseline_m0p500deg_seed_202,moving_target,baseline,-0.5,0.0,0.0,0.0,0.0,0.0,0.0,202,high_texture,10000.0,A0_Current,CURRENT,KEEP_CURRENT,,0.0,reported_geometry_current,False,False,reported_geometry_current,['/home/shy/AIR/SAR+AI/project/PGRCC/.worktrees/unknown-system-error-next-stage/outputs/yaw_error_formal_compact_20260915/cases/case_136/off/data/stage2_statistical_newprotocol_period_0000.bin'],reported geometry
yaw_moving_target_baseline_m0p500deg_seed_202,moving_target,baseline,-0.5,0.0,0.0,0.0,0.0,0.0,0.0,202,high_texture,10000.0,AK_Known_Correction,KNOWN_EVALUATION,NO_CORRECTION_NEEDED,0.0,0.0,known_yaw_or_servo_error_evaluation_only,True,False,evaluation_only_known_attitude_error,['/home/shy/AIR/SAR+AI/project/PGRCC/.worktrees/unknown-system-error-next-stage/outputs/yaw_error_formal_compact_20260915/cases/case_136/off/data/stage2_statistical_newprotocol_period_0000.bin'],known attitude error
yaw_moving_target_baseline_m0p500deg_seed_202,moving_target,baseline,-0.5,0.0,0.0,0.0,0.0,0.0,0.0,202,high_texture,10000.0,A1_Blind_Deterministic,FALLBACK_MODEL_MISMATCH,KEEP_CURRENT,,0.0,fallback_current,False,False,OFF_C_PLUS_N_TARGET_FREE_ONLY,['/home/shy/AIR/SAR+AI/project/PGRCC/.worktrees/unknown-system-error-next-stage/outputs/yaw_error_formal_compact_20260915/cases/case_136/off/data/stage2_statistical_newprotocol_period_0000.bin'],"['six_pair_clutter_phase', 'doppler_ridge_displacement', 'p38_phase_slope', 'multi_beam_power_secondary', 'reported_angle_geometry_platform']"
yaw_moving_target_baseline_p0p500deg_seed_101,moving_target,baseline,0.5,0.0,0.0,0.0,0.0,0.0,0.0,101,low_texture,7500.0,A0_Current,CURRENT,KEEP_CURRENT,,0.0,reported_geometry_current,False,False,reported_geometry_current,['/home/shy/AIR/SAR+AI/project/PGRCC/.worktrees/unknown-system-error-next-stage/outputs/yaw_error_formal_compact_20260915/cases/case_137/off/data/stage2_statistical_newprotocol_period_0000.bin'],reported geometry
yaw_moving_target_baseline_p0p500deg_seed_101,moving_target,baseline,0.5,0.0,0.0,0.0,0.0,0.0,0.0,101,low_texture,7500.0,AK_Known_Correction,KNOWN_EVALUATION,NO_CORRECTION_NEEDED,0.0,0.0,known_yaw_or_servo_error_evaluation_only,True,False,evaluation_only_known_attitude_error,['/home/shy/AIR/SAR+AI/project/PGRCC/.worktrees/unknown-system-error-next-stage/outputs/yaw_error_formal_compact_20260915/cases/case_137/off/data/stage2_statistical_newprotocol_period_0000.bin'],known attitude error
yaw_moving_target_baseline_p0p500deg_seed_101,moving_target,baseline,0.5,0.0,0.0,0.0,0.0,0.0,0.0,101,low_texture,7500.0,A1_Blind_Deterministic,FALLBACK_MODEL_MISMATCH,KEEP_CURRENT,,0.0,fallback_current,False,False,OFF_C_PLUS_N_TARGET_FREE_ONLY,['/home/shy/AIR/SAR+AI/project/PGRCC/.worktrees/unknown-system-error-next-stage/outputs/yaw_error_formal_compact_20260915/cases/case_137/off/data/stage2_statistical_newprotocol_period_0000.bin'],"['six_pair_clutter_phase', 'doppler_ridge_displacement', 'p38_phase_slope', 'multi_beam_power_secondary', 'reported_angle_geometry_platform']"
yaw_moving_target_baseline_p0p500deg_seed_101,moving_target,baseline,0.5,0.0,0.0,0.0,0.0,0.0,0.0,101,low_texture,10000.0,A0_Current,CURRENT,KEEP_CURRENT,,0.0,reported_geometry_current,False,False,reported_geometry_current,['/home/shy/AIR/SAR+AI/project/PGRCC/.worktrees/unknown-system-error-next-stage/outputs/yaw_error_formal_compact_20260915/cases/case_138/off/data/stage2_statistical_newprotocol_period_0000.bin'],reported geometry
yaw_moving_target_baseline_p0p500deg_seed_101,moving_target,baseline,0.5,0.0,0.0,0.0,0.0,0.0,0.0,101,low_texture,10000.0,AK_Known_Correction,KNOWN_EVALUATION,NO_CORRECTION_NEEDED,0.0,0.0,known_yaw_or_servo_error_evaluation_only,True,False,evaluation_only_known_attitude_error,['/home/shy/AIR/SAR+AI/project/PGRCC/.worktrees/unknown-system-error-next-stage/outputs/yaw_error_formal_compact_20260915/cases/case_138/off/data/stage2_statistical_newprotocol_period_0000.bin'],known attitude error
yaw_moving_target_baseline_p0p500deg_seed_101,moving_target,baseline,0.5,0.0,0.0,0.0,0.0,0.0,0.0,101,low_texture,10000.0,A1_Blind_Deterministic,FALLBACK_MODEL_MISMATCH,KEEP_CURRENT,,0.0,fallback_current,False,False,OFF_C_PLUS_N_TARGET_FREE_ONLY,['/home/shy/AIR/SAR+AI/project/PGRCC/.worktrees/unknown-system-error-next-stage/outputs/yaw_error_formal_compact_20260915/cases/case_138/off/data/stage2_statistical_newprotocol_period_0000.bin'],"['six_pair_clutter_phase', 'doppler_ridge_displacement', 'p38_phase_slope', 'multi_beam_power_secondary', 'reported_angle_geometry_platform']"
yaw_moving_target_baseline_p0p500deg_seed_101,moving_target,baseline,0.5,0.0,0.0,0.0,0.0,0.0,0.0,101,high_texture,7500.0,A0_Current,CURRENT,KEEP_CURRENT,,0.0,reported_geometry_current,False,False,reported_geometry_current,['/home/shy/AIR/SAR+AI/project/PGRCC/.worktrees/unknown-system-error-next-stage/outputs/yaw_error_formal_compact_20260915/cases/case_139/off/data/stage2_statistical_newprotocol_period_0000.bin'],reported geometry
yaw_moving_target_baseline_p0p500deg_seed_101,moving_target,baseline,0.5,0.0,0.0,0.0,0.0,0.0,0.0,101,high_texture,7500.0,AK_Known_Correction,KNOWN_EVALUATION,NO_CORRECTION_NEEDED,0.0,0.0,known_yaw_or_servo_error_evaluation_only,True,False,evaluation_only_known_attitude_error,['/home/shy/AIR/SAR+AI/project/PGRCC/.worktrees/unknown-system-error-next-stage/outputs/yaw_error_formal_compact_20260915/cases/case_139/off/data/stage2_statistical_newprotocol_period_0000.bin'],known attitude error
yaw_moving_target_baseline_p0p500deg_seed_101,moving_target,baseline,0.5,0.0,0.0,0.0,0.0,0.0,0.0,101,high_texture,7500.0,A1_Blind_Deterministic,FALLBACK_MODEL_MISMATCH,KEEP_CURRENT,,0.0,fallback_current,False,False,OFF_C_PLUS_N_TARGET_FREE_ONLY,['/home/shy/AIR/SAR+AI/project/PGRCC/.worktrees/unknown-system-error-next-stage/outputs/yaw_error_formal_compact_20260915/cases/case_139/off/data/stage2_statistical_newprotocol_period_0000.bin'],"['six_pair_clutter_phase', 'doppler_ridge_displacement', 'p38_phase_slope', 'multi_beam_power_secondary', 'reported_angle_geometry_platform']"
yaw_moving_target_baseline_p0p500deg_seed_101,moving_target,baseline,0.5,0.0,0.0,0.0,0.0,0.0,0.0,101,high_texture,10000.0,A0_Current,CURRENT,KEEP_CURRENT,,0.0,reported_geometry_current,False,False,reported_geometry_current,['/home/shy/AIR/SAR+AI/project/PGRCC/.worktrees/unknown-system-error-next-stage/outputs/yaw_error_formal_compact_20260915/cases/case_140/off/data/stage2_statistical_newprotocol_period_0000.bin'],reported geometry
yaw_moving_target_baseline_p0p500deg_seed_101,moving_target,baseline,0.5,0.0,0.0,0.0,0.0,0.0,0.0,101,high_texture,10000.0,AK_Known_Correction,KNOWN_EVALUATION,NO_CORRECTION_NEEDED,0.0,0.0,known_yaw_or_servo_error_evaluation_only,True,False,evaluation_only_known_attitude_error,['/home/shy/AIR/SAR+AI/project/PGRCC/.worktrees/unknown-system-error-next-stage/outputs/yaw_error_formal_compact_20260915/cases/case_140/off/data/stage2_statistical_newprotocol_period_0000.bin'],known attitude error
yaw_moving_target_baseline_p0p500deg_seed_101,moving_target,baseline,0.5,0.0,0.0,0.0,0.0,0.0,0.0,101,high_texture,10000.0,A1_Blind_Deterministic,FALLBACK_MODEL_MISMATCH,KEEP_CURRENT,,0.0,fallback_current,False,False,OFF_C_PLUS_N_TARGET_FREE_ONLY,['/home/shy/AIR/SAR+AI/project/PGRCC/.worktrees/unknown-system-error-next-stage/outputs/yaw_error_formal_compact_20260915/cases/case_140/off/data/stage2_statistical_newprotocol_period_0000.bin'],"['six_pair_clutter_phase', 'doppler_ridge_displacement', 'p38_phase_slope', 'multi_beam_power_secondary', 'reported_angle_geometry_platform']"
yaw_moving_target_baseline_p0p500deg_seed_202,moving_target,baseline,0.5,0.0,0.0,0.0,0.0,0.0,0.0,202,low_texture,7500.0,A0_Current,CURRENT,KEEP_CURRENT,,0.0,reported_geometry_current,False,False,reported_geometry_current,['/home/shy/AIR/SAR+AI/project/PGRCC/.worktrees/unknown-system-error-next-stage/outputs/yaw_error_formal_compact_20260915/cases/case_141/off/data/stage2_statistical_newprotocol_period_0000.bin'],reported geometry
yaw_moving_target_baseline_p0p500deg_seed_202,moving_target,baseline,0.5,0.0,0.0,0.0,0.0,0.0,0.0,202,low_texture,7500.0,AK_Known_Correction,KNOWN_EVALUATION,NO_CORRECTION_NEEDED,0.0,0.0,known_yaw_or_servo_error_evaluation_only,True,False,evaluation_only_known_attitude_error,['/home/shy/AIR/SAR+AI/project/PGRCC/.worktrees/unknown-system-error-next-stage/outputs/yaw_error_formal_compact_20260915/cases/case_141/off/data/stage2_statistical_newprotocol_period_0000.bin'],known attitude error
yaw_moving_target_baseline_p0p500deg_seed_202,moving_target,baseline,0.5,0.0,0.0,0.0,0.0,0.0,0.0,202,low_texture,7500.0,A1_Blind_Deterministic,FALLBACK_MODEL_MISMATCH,KEEP_CURRENT,,0.0,fallback_current,False,False,OFF_C_PLUS_N_TARGET_FREE_ONLY,['/home/shy/AIR/SAR+AI/project/PGRCC/.worktrees/unknown-system-error-next-stage/outputs/yaw_error_formal_compact_20260915/cases/case_141/off/data/stage2_statistical_newprotocol_period_0000.bin'],"['six_pair_clutter_phase', 'doppler_ridge_displacement', 'p38_phase_slope', 'multi_beam_power_secondary', 'reported_angle_geometry_platform']"
yaw_moving_target_baseline_p0p500deg_seed_202,moving_target,baseline,0.5,0.0,0.0,0.0,0.0,0.0,0.0,202,low_texture,10000.0,A0_Current,CURRENT,KEEP_CURRENT,,0.0,reported_geometry_current,False,False,reported_geometry_current,['/home/shy/AIR/SAR+AI/project/PGRCC/.worktrees/unknown-system-error-next-stage/outputs/yaw_error_formal_compact_20260915/cases/case_142/off/data/stage2_statistical_newprotocol_period_0000.bin'],reported geometry
yaw_moving_target_baseline_p0p500deg_seed_202,moving_target,baseline,0.5,0.0,0.0,0.0,0.0,0.0,0.0,202,low_texture,10000.0,AK_Known_Correction,KNOWN_EVALUATION,NO_CORRECTION_NEEDED,0.0,0.0,known_yaw_or_servo_error_evaluation_only,True,False,evaluation_only_known_attitude_error,['/home/shy/AIR/SAR+AI/project/PGRCC/.worktrees/unknown-system-error-next-stage/outputs/yaw_error_formal_compact_20260915/cases/case_142/off/data/stage2_statistical_newprotocol_period_0000.bin'],known attitude error
yaw_moving_target_baseline_p0p500deg_seed_202,moving_target,baseline,0.5,0.0,0.0,0.0,0.0,0.0,0.0,202,low_texture,10000.0,A1_Blind_Deterministic,FALLBACK_MODEL_MISMATCH,KEEP_CURRENT,,0.0,fallback_current,False,False,OFF_C_PLUS_N_TARGET_FREE_ONLY,['/home/shy/AIR/SAR+AI/project/PGRCC/.worktrees/unknown-system-error-next-stage/outputs/yaw_error_formal_compact_20260915/cases/case_142/off/data/stage2_statistical_newprotocol_period_0000.bin'],"['six_pair_clutter_phase', 'doppler_ridge_displacement', 'p38_phase_slope', 'multi_beam_power_secondary', 'reported_angle_geometry_platform']"
yaw_moving_target_baseline_p0p500deg_seed_202,moving_target,baseline,0.5,0.0,0.0,0.0,0.0,0.0,0.0,202,high_texture,7500.0,A0_Current,CURRENT,KEEP_CURRENT,,0.0,reported_geometry_current,False,False,reported_geometry_current,['/home/shy/AIR/SAR+AI/project/PGRCC/.worktrees/unknown-system-error-next-stage/outputs/yaw_error_formal_compact_20260915/cases/case_143/off/data/stage2_statistical_newprotocol_period_0000.bin'],reported geometry
yaw_moving_target_baseline_p0p500deg_seed_202,moving_target,baseline,0.5,0.0,0.0,0.0,0.0,0.0,0.0,202,high_texture,7500.0,AK_Known_Correction,KNOWN_EVALUATION,NO_CORRECTION_NEEDED,0.0,0.0,known_yaw_or_servo_error_evaluation_only,True,False,evaluation_only_known_attitude_error,['/home/shy/AIR/SAR+AI/project/PGRCC/.worktrees/unknown-system-error-next-stage/outputs/yaw_error_formal_compact_20260915/cases/case_143/off/data/stage2_statistical_newprotocol_period_0000.bin'],known attitude error
yaw_moving_target_baseline_p0p500deg_seed_202,moving_target,baseline,0.5,0.0,0.0,0.0,0.0,0.0,0.0,202,high_texture,7500.0,A1_Blind_Deterministic,FALLBACK_MODEL_MISMATCH,KEEP_CURRENT,,0.0,fallback_current,False,False,OFF_C_PLUS_N_TARGET_FREE_ONLY,['/home/shy/AIR/SAR+AI/project/PGRCC/.worktrees/unknown-system-error-next-stage/outputs/yaw_error_formal_compact_20260915/cases/case_143/off/data/stage2_statistical_newprotocol_period_0000.bin'],"['six_pair_clutter_phase', 'doppler_ridge_displacement', 'p38_phase_slope', 'multi_beam_power_secondary', 'reported_angle_geometry_platform']"
yaw_moving_target_baseline_p0p500deg_seed_202,moving_target,baseline,0.5,0.0,0.0,0.0,0.0,0.0,0.0,202,high_texture,10000.0,A0_Current,CURRENT,KEEP_CURRENT,,0.0,reported_geometry_current,False,False,reported_geometry_current,['/home/shy/AIR/SAR+AI/project/PGRCC/.worktrees/unknown-system-error-next-stage/outputs/yaw_error_formal_compact_20260915/cases/case_144/off/data/stage2_statistical_newprotocol_period_0000.bin'],reported geometry
yaw_moving_target_baseline_p0p500deg_seed_202,moving_target,baseline,0.5,0.0,0.0,0.0,0.0,0.0,0.0,202,high_texture,10000.0,AK_Known_Correction,KNOWN_EVALUATION,NO_CORRECTION_NEEDED,0.0,0.0,known_yaw_or_servo_error_evaluation_only,True,False,evaluation_only_known_attitude_error,['/home/shy/AIR/SAR+AI/project/PGRCC/.worktrees/unknown-system-error-next-stage/outputs/yaw_error_formal_compact_20260915/cases/case_144/off/data/stage2_statistical_newprotocol_period_0000.bin'],known attitude error
yaw_moving_target_baseline_p0p500deg_seed_202,moving_target,baseline,0.5,0.0,0.0,0.0,0.0,0.0,0.0,202,high_texture,10000.0,A1_Blind_Deterministic,FALLBACK_MODEL_MISMATCH,KEEP_CURRENT,,0.0,fallback_current,False,False,OFF_C_PLUS_N_TARGET_FREE_ONLY,['/home/shy/AIR/SAR+AI/project/PGRCC/.worktrees/unknown-system-error-next-stage/outputs/yaw_error_formal_compact_20260915/cases/case_144/off/data/stage2_statistical_newprotocol_period_0000.bin'],"['six_pair_clutter_phase', 'doppler_ridge_displacement', 'p38_phase_slope', 'multi_beam_power_secondary', 'reported_angle_geometry_platform']"
yaw_moving_target_baseline_m1p000deg_seed_101,moving_target,baseline,-1.0,0.0,0.0,0.0,0.0,0.0,0.0,101,low_texture,7500.0,A0_Current,CURRENT,KEEP_CURRENT,,0.0,reported_geometry_current,False,False,reported_geometry_current,['/home/shy/AIR/SAR+AI/project/PGRCC/.worktrees/unknown-system-error-next-stage/outputs/yaw_error_formal_compact_20260915/cases/case_145/off/data/stage2_statistical_newprotocol_period_0000.bin'],reported geometry
yaw_moving_target_baseline_m1p000deg_seed_101,moving_target,baseline,-1.0,0.0,0.0,0.0,0.0,0.0,0.0,101,low_texture,7500.0,AK_Known_Correction,KNOWN_EVALUATION,NO_CORRECTION_NEEDED,0.0,0.0,known_yaw_or_servo_error_evaluation_only,True,False,evaluation_only_known_attitude_error,['/home/shy/AIR/SAR+AI/project/PGRCC/.worktrees/unknown-system-error-next-stage/outputs/yaw_error_formal_compact_20260915/cases/case_145/off/data/stage2_statistical_newprotocol_period_0000.bin'],known attitude error
yaw_moving_target_baseline_m1p000deg_seed_101,moving_target,baseline,-1.0,0.0,0.0,0.0,0.0,0.0,0.0,101,low_texture,7500.0,A1_Blind_Deterministic,FALLBACK_MODEL_MISMATCH,KEEP_CURRENT,,0.0,fallback_current,False,False,OFF_C_PLUS_N_TARGET_FREE_ONLY,['/home/shy/AIR/SAR+AI/project/PGRCC/.worktrees/unknown-system-error-next-stage/outputs/yaw_error_formal_compact_20260915/cases/case_145/off/data/stage2_statistical_newprotocol_period_0000.bin'],"['six_pair_clutter_phase', 'doppler_ridge_displacement', 'p38_phase_slope', 'multi_beam_power_secondary', 'reported_angle_geometry_platform']"
yaw_moving_target_baseline_m1p000deg_seed_101,moving_target,baseline,-1.0,0.0,0.0,0.0,0.0,0.0,0.0,101,low_texture,10000.0,A0_Current,CURRENT,KEEP_CURRENT,,0.0,reported_geometry_current,False,False,reported_geometry_current,['/home/shy/AIR/SAR+AI/project/PGRCC/.worktrees/unknown-system-error-next-stage/outputs/yaw_error_formal_compact_20260915/cases/case_146/off/data/stage2_statistical_newprotocol_period_0000.bin'],reported geometry
yaw_moving_target_baseline_m1p000deg_seed_101,moving_target,baseline,-1.0,0.0,0.0,0.0,0.0,0.0,0.0,101,low_texture,10000.0,AK_Known_Correction,KNOWN_EVALUATION,NO_CORRECTION_NEEDED,0.0,0.0,known_yaw_or_servo_error_evaluation_only,True,False,evaluation_only_known_attitude_error,['/home/shy/AIR/SAR+AI/project/PGRCC/.worktrees/unknown-system-error-next-stage/outputs/yaw_error_formal_compact_20260915/cases/case_146/off/data/stage2_statistical_newprotocol_period_0000.bin'],known attitude error
yaw_moving_target_baseline_m1p000deg_seed_101,moving_target,baseline,-1.0,0.0,0.0,0.0,0.0,0.0,0.0,101,low_texture,10000.0,A1_Blind_Deterministic,FALLBACK_MODEL_MISMATCH,KEEP_CURRENT,,0.0,fallback_current,False,False,OFF_C_PLUS_N_TARGET_FREE_ONLY,['/home/shy/AIR/SAR+AI/project/PGRCC/.worktrees/unknown-system-error-next-stage/outputs/yaw_error_formal_compact_20260915/cases/case_146/off/data/stage2_statistical_newprotocol_period_0000.bin'],"['six_pair_clutter_phase', 'doppler_ridge_displacement', 'p38_phase_slope', 'multi_beam_power_secondary', 'reported_angle_geometry_platform']"
yaw_moving_target_baseline_m1p000deg_seed_101,moving_target,baseline,-1.0,0.0,0.0,0.0,0.0,0.0,0.0,101,high_texture,7500.0,A0_Current,CURRENT,KEEP_CURRENT,,0.0,reported_geometry_current,False,False,reported_geometry_current,['/home/shy/AIR/SAR+AI/project/PGRCC/.worktrees/unknown-system-error-next-stage/outputs/yaw_error_formal_compact_20260915/cases/case_147/off/data/stage2_statistical_newprotocol_period_0000.bin'],reported geometry
yaw_moving_target_baseline_m1p000deg_seed_101,moving_target,baseline,-1.0,0.0,0.0,0.0,0.0,0.0,0.0,101,high_texture,7500.0,AK_Known_Correction,KNOWN_EVALUATION,NO_CORRECTION_NEEDED,0.0,0.0,known_yaw_or_servo_error_evaluation_only,True,False,evaluation_only_known_attitude_error,['/home/shy/AIR/SAR+AI/project/PGRCC/.worktrees/unknown-system-error-next-stage/outputs/yaw_error_formal_compact_20260915/cases/case_147/off/data/stage2_statistical_newprotocol_period_0000.bin'],known attitude error
yaw_moving_target_baseline_m1p000deg_seed_101,moving_target,baseline,-1.0,0.0,0.0,0.0,0.0,0.0,0.0,101,high_texture,7500.0,A1_Blind_Deterministic,FALLBACK_MODEL_MISMATCH,KEEP_CURRENT,,0.0,fallback_current,False,False,OFF_C_PLUS_N_TARGET_FREE_ONLY,['/home/shy/AIR/SAR+AI/project/PGRCC/.worktrees/unknown-system-error-next-stage/outputs/yaw_error_formal_compact_20260915/cases/case_147/off/data/stage2_statistical_newprotocol_period_0000.bin'],"['six_pair_clutter_phase', 'doppler_ridge_displacement', 'p38_phase_slope', 'multi_beam_power_secondary', 'reported_angle_geometry_platform']"
yaw_moving_target_baseline_m1p000deg_seed_101,moving_target,baseline,-1.0,0.0,0.0,0.0,0.0,0.0,0.0,101,high_texture,10000.0,A0_Current,CURRENT,KEEP_CURRENT,,0.0,reported_geometry_current,False,False,reported_geometry_current,['/home/shy/AIR/SAR+AI/project/PGRCC/.worktrees/unknown-system-error-next-stage/outputs/yaw_error_formal_compact_20260915/cases/case_148/off/data/stage2_statistical_newprotocol_period_0000.bin'],reported geometry
yaw_moving_target_baseline_m1p000deg_seed_101,moving_target,baseline,-1.0,0.0,0.0,0.0,0.0,0.0,0.0,101,high_texture,10000.0,AK_Known_Correction,KNOWN_EVALUATION,NO_CORRECTION_NEEDED,0.0,0.0,known_yaw_or_servo_error_evaluation_only,True,False,evaluation_only_known_attitude_error,['/home/shy/AIR/SAR+AI/project/PGRCC/.worktrees/unknown-system-error-next-stage/outputs/yaw_error_formal_compact_20260915/cases/case_148/off/data/stage2_statistical_newprotocol_period_0000.bin'],known attitude error
yaw_moving_target_baseline_m1p000deg_seed_101,moving_target,baseline,-1.0,0.0,0.0,0.0,0.0,0.0,0.0,101,high_texture,10000.0,A1_Blind_Deterministic,FALLBACK_MODEL_MISMATCH,KEEP_CURRENT,,0.0,fallback_current,False,False,OFF_C_PLUS_N_TARGET_FREE_ONLY,['/home/shy/AIR/SAR+AI/project/PGRCC/.worktrees/unknown-system-error-next-stage/outputs/yaw_error_formal_compact_20260915/cases/case_148/off/data/stage2_statistical_newprotocol_period_0000.bin'],"['six_pair_clutter_phase', 'doppler_ridge_displacement', 'p38_phase_slope', 'multi_beam_power_secondary', 'reported_angle_geometry_platform']"
yaw_moving_target_baseline_m1p000deg_seed_202,moving_target,baseline,-1.0,0.0,0.0,0.0,0.0,0.0,0.0,202,low_texture,7500.0,A0_Current,CURRENT,KEEP_CURRENT,,0.0,reported_geometry_current,False,False,reported_geometry_current,['/home/shy/AIR/SAR+AI/project/PGRCC/.worktrees/unknown-system-error-next-stage/outputs/yaw_error_formal_compact_20260915/cases/case_149/off/data/stage2_statistical_newprotocol_period_0000.bin'],reported geometry
yaw_moving_target_baseline_m1p000deg_seed_202,moving_target,baseline,-1.0,0.0,0.0,0.0,0.0,0.0,0.0,202,low_texture,7500.0,AK_Known_Correction,KNOWN_EVALUATION,NO_CORRECTION_NEEDED,0.0,0.0,known_yaw_or_servo_error_evaluation_only,True,False,evaluation_only_known_attitude_error,['/home/shy/AIR/SAR+AI/project/PGRCC/.worktrees/unknown-system-error-next-stage/outputs/yaw_error_formal_compact_20260915/cases/case_149/off/data/stage2_statistical_newprotocol_period_0000.bin'],known attitude error
yaw_moving_target_baseline_m1p000deg_seed_202,moving_target,baseline,-1.0,0.0,0.0,0.0,0.0,0.0,0.0,202,low_texture,7500.0,A1_Blind_Deterministic,FALLBACK_MODEL_MISMATCH,KEEP_CURRENT,,0.0,fallback_current,False,False,OFF_C_PLUS_N_TARGET_FREE_ONLY,['/home/shy/AIR/SAR+AI/project/PGRCC/.worktrees/unknown-system-error-next-stage/outputs/yaw_error_formal_compact_20260915/cases/case_149/off/data/stage2_statistical_newprotocol_period_0000.bin'],"['six_pair_clutter_phase', 'doppler_ridge_displacement', 'p38_phase_slope', 'multi_beam_power_secondary', 'reported_angle_geometry_platform']"
yaw_moving_target_baseline_m1p000deg_seed_202,moving_target,baseline,-1.0,0.0,0.0,0.0,0.0,0.0,0.0,202,low_texture,10000.0,A0_Current,CURRENT,KEEP_CURRENT,,0.0,reported_geometry_current,False,False,reported_geometry_current,['/home/shy/AIR/SAR+AI/project/PGRCC/.worktrees/unknown-system-error-next-stage/outputs/yaw_error_formal_compact_20260915/cases/case_150/off/data/stage2_statistical_newprotocol_period_0000.bin'],reported geometry
yaw_moving_target_baseline_m1p000deg_seed_202,moving_target,baseline,-1.0,0.0,0.0,0.0,0.0,0.0,0.0,202,low_texture,10000.0,AK_Known_Correction,KNOWN_EVALUATION,NO_CORRECTION_NEEDED,0.0,0.0,known_yaw_or_servo_error_evaluation_only,True,False,evaluation_only_known_attitude_error,['/home/shy/AIR/SAR+AI/project/PGRCC/.worktrees/unknown-system-error-next-stage/outputs/yaw_error_formal_compact_20260915/cases/case_150/off/data/stage2_statistical_newprotocol_period_0000.bin'],known attitude error
yaw_moving_target_baseline_m1p000deg_seed_202,moving_target,baseline,-1.0,0.0,0.0,0.0,0.0,0.0,0.0,202,low_texture,10000.0,A1_Blind_Deterministic,FALLBACK_MODEL_MISMATCH,KEEP_CURRENT,,0.0,fallback_current,False,False,OFF_C_PLUS_N_TARGET_FREE_ONLY,['/home/shy/AIR/SAR+AI/project/PGRCC/.worktrees/unknown-system-error-next-stage/outputs/yaw_error_formal_compact_20260915/cases/case_150/off/data/stage2_statistical_newprotocol_period_0000.bin'],"['six_pair_clutter_phase', 'doppler_ridge_displacement', 'p38_phase_slope', 'multi_beam_power_secondary', 'reported_angle_geometry_platform']"
yaw_moving_target_baseline_m1p000deg_seed_202,moving_target,baseline,-1.0,0.0,0.0,0.0,0.0,0.0,0.0,202,high_texture,7500.0,A0_Current,CURRENT,KEEP_CURRENT,,0.0,reported_geometry_current,False,False,reported_geometry_current,['/home/shy/AIR/SAR+AI/project/PGRCC/.worktrees/unknown-system-error-next-stage/outputs/yaw_error_formal_compact_20260915/cases/case_151/off/data/stage2_statistical_newprotocol_period_0000.bin'],reported geometry
yaw_moving_target_baseline_m1p000deg_seed_202,moving_target,baseline,-1.0,0.0,0.0,0.0,0.0,0.0,0.0,202,high_texture,7500.0,AK_Known_Correction,KNOWN_EVALUATION,NO_CORRECTION_NEEDED,0.0,0.0,known_yaw_or_servo_error_evaluation_only,True,False,evaluation_only_known_attitude_error,['/home/shy/AIR/SAR+AI/project/PGRCC/.worktrees/unknown-system-error-next-stage/outputs/yaw_error_formal_compact_20260915/cases/case_151/off/data/stage2_statistical_newprotocol_period_0000.bin'],known attitude error
yaw_moving_target_baseline_m1p000deg_seed_202,moving_target,baseline,-1.0,0.0,0.0,0.0,0.0,0.0,0.0,202,high_texture,7500.0,A1_Blind_Deterministic,FALLBACK_MODEL_MISMATCH,KEEP_CURRENT,,0.0,fallback_current,False,False,OFF_C_PLUS_N_TARGET_FREE_ONLY,['/home/shy/AIR/SAR+AI/project/PGRCC/.worktrees/unknown-system-error-next-stage/outputs/yaw_error_formal_compact_20260915/cases/case_151/off/data/stage2_statistical_newprotocol_period_0000.bin'],"['six_pair_clutter_phase', 'doppler_ridge_displacement', 'p38_phase_slope', 'multi_beam_power_secondary', 'reported_angle_geometry_platform']"
yaw_moving_target_baseline_m1p000deg_seed_202,moving_target,baseline,-1.0,0.0,0.0,0.0,0.0,0.0,0.0,202,high_texture,10000.0,A0_Current,CURRENT,KEEP_CURRENT,,0.0,reported_geometry_current,False,False,reported_geometry_current,['/home/shy/AIR/SAR+AI/project/PGRCC/.worktrees/unknown-system-error-next-stage/outputs/yaw_error_formal_compact_20260915/cases/case_152/off/data/stage2_statistical_newprotocol_period_0000.bin'],reported geometry
yaw_moving_target_baseline_m1p000deg_seed_202,moving_target,baseline,-1.0,0.0,0.0,0.0,0.0,0.0,0.0,202,high_texture,10000.0,AK_Known_Correction,KNOWN_EVALUATION,NO_CORRECTION_NEEDED,0.0,0.0,known_yaw_or_servo_error_evaluation_only,True,False,evaluation_only_known_attitude_error,['/home/shy/AIR/SAR+AI/project/PGRCC/.worktrees/unknown-system-error-next-stage/outputs/yaw_error_formal_compact_20260915/cases/case_152/off/data/stage2_statistical_newprotocol_period_0000.bin'],known attitude error
yaw_moving_target_baseline_m1p000deg_seed_202,moving_target,baseline,-1.0,0.0,0.0,0.0,0.0,0.0,0.0,202,high_texture,10000.0,A1_Blind_Deterministic,FALLBACK_MODEL_MISMATCH,KEEP_CURRENT,,0.0,fallback_current,False,False,OFF_C_PLUS_N_TARGET_FREE_ONLY,['/home/shy/AIR/SAR+AI/project/PGRCC/.worktrees/unknown-system-error-next-stage/outputs/yaw_error_formal_compact_20260915/cases/case_152/off/data/stage2_statistical_newprotocol_period_0000.bin'],"['six_pair_clutter_phase', 'doppler_ridge_displacement', 'p38_phase_slope', 'multi_beam_power_secondary', 'reported_angle_geometry_platform']"
yaw_moving_target_baseline_p1p000deg_seed_101,moving_target,baseline,1.0,0.0,0.0,0.0,0.0,0.0,0.0,101,low_texture,7500.0,A0_Current,CURRENT,KEEP_CURRENT,,0.0,reported_geometry_current,False,False,reported_geometry_current,['/home/shy/AIR/SAR+AI/project/PGRCC/.worktrees/unknown-system-error-next-stage/outputs/yaw_error_formal_compact_20260915/cases/case_153/off/data/stage2_statistical_newprotocol_period_0000.bin'],reported geometry
yaw_moving_target_baseline_p1p000deg_seed_101,moving_target,baseline,1.0,0.0,0.0,0.0,0.0,0.0,0.0,101,low_texture,7500.0,AK_Known_Correction,KNOWN_EVALUATION,NO_CORRECTION_NEEDED,0.0,0.0,known_yaw_or_servo_error_evaluation_only,True,False,evaluation_only_known_attitude_error,['/home/shy/AIR/SAR+AI/project/PGRCC/.worktrees/unknown-system-error-next-stage/outputs/yaw_error_formal_compact_20260915/cases/case_153/off/data/stage2_statistical_newprotocol_period_0000.bin'],known attitude error
yaw_moving_target_baseline_p1p000deg_seed_101,moving_target,baseline,1.0,0.0,0.0,0.0,0.0,0.0,0.0,101,low_texture,7500.0,A1_Blind_Deterministic,FALLBACK_MODEL_MISMATCH,KEEP_CURRENT,,0.0,fallback_current,False,False,OFF_C_PLUS_N_TARGET_FREE_ONLY,['/home/shy/AIR/SAR+AI/project/PGRCC/.worktrees/unknown-system-error-next-stage/outputs/yaw_error_formal_compact_20260915/cases/case_153/off/data/stage2_statistical_newprotocol_period_0000.bin'],"['six_pair_clutter_phase', 'doppler_ridge_displacement', 'p38_phase_slope', 'multi_beam_power_secondary', 'reported_angle_geometry_platform']"
yaw_moving_target_baseline_p1p000deg_seed_101,moving_target,baseline,1.0,0.0,0.0,0.0,0.0,0.0,0.0,101,low_texture,10000.0,A0_Current,CURRENT,KEEP_CURRENT,,0.0,reported_geometry_current,False,False,reported_geometry_current,['/home/shy/AIR/SAR+AI/project/PGRCC/.worktrees/unknown-system-error-next-stage/outputs/yaw_error_formal_compact_20260915/cases/case_154/off/data/stage2_statistical_newprotocol_period_0000.bin'],reported geometry
yaw_moving_target_baseline_p1p000deg_seed_101,moving_target,baseline,1.0,0.0,0.0,0.0,0.0,0.0,0.0,101,low_texture,10000.0,AK_Known_Correction,KNOWN_EVALUATION,NO_CORRECTION_NEEDED,0.0,0.0,known_yaw_or_servo_error_evaluation_only,True,False,evaluation_only_known_attitude_error,['/home/shy/AIR/SAR+AI/project/PGRCC/.worktrees/unknown-system-error-next-stage/outputs/yaw_error_formal_compact_20260915/cases/case_154/off/data/stage2_statistical_newprotocol_period_0000.bin'],known attitude error
yaw_moving_target_baseline_p1p000deg_seed_101,moving_target,baseline,1.0,0.0,0.0,0.0,0.0,0.0,0.0,101,low_texture,10000.0,A1_Blind_Deterministic,FALLBACK_MODEL_MISMATCH,KEEP_CURRENT,,0.0,fallback_current,False,False,OFF_C_PLUS_N_TARGET_FREE_ONLY,['/home/shy/AIR/SAR+AI/project/PGRCC/.worktrees/unknown-system-error-next-stage/outputs/yaw_error_formal_compact_20260915/cases/case_154/off/data/stage2_statistical_newprotocol_period_0000.bin'],"['six_pair_clutter_phase', 'doppler_ridge_displacement', 'p38_phase_slope', 'multi_beam_power_secondary', 'reported_angle_geometry_platform']"
yaw_moving_target_baseline_p1p000deg_seed_101,moving_target,baseline,1.0,0.0,0.0,0.0,0.0,0.0,0.0,101,high_texture,7500.0,A0_Current,CURRENT,KEEP_CURRENT,,0.0,reported_geometry_current,False,False,reported_geometry_current,['/home/shy/AIR/SAR+AI/project/PGRCC/.worktrees/unknown-system-error-next-stage/outputs/yaw_error_formal_compact_20260915/cases/case_155/off/data/stage2_statistical_newprotocol_period_0000.bin'],reported geometry
yaw_moving_target_baseline_p1p000deg_seed_101,moving_target,baseline,1.0,0.0,0.0,0.0,0.0,0.0,0.0,101,high_texture,7500.0,AK_Known_Correction,KNOWN_EVALUATION,NO_CORRECTION_NEEDED,0.0,0.0,known_yaw_or_servo_error_evaluation_only,True,False,evaluation_only_known_attitude_error,['/home/shy/AIR/SAR+AI/project/PGRCC/.worktrees/unknown-system-error-next-stage/outputs/yaw_error_formal_compact_20260915/cases/case_155/off/data/stage2_statistical_newprotocol_period_0000.bin'],known attitude error
yaw_moving_target_baseline_p1p000deg_seed_101,moving_target,baseline,1.0,0.0,0.0,0.0,0.0,0.0,0.0,101,high_texture,7500.0,A1_Blind_Deterministic,FALLBACK_MODEL_MISMATCH,KEEP_CURRENT,,0.0,fallback_current,False,False,OFF_C_PLUS_N_TARGET_FREE_ONLY,['/home/shy/AIR/SAR+AI/project/PGRCC/.worktrees/unknown-system-error-next-stage/outputs/yaw_error_formal_compact_20260915/cases/case_155/off/data/stage2_statistical_newprotocol_period_0000.bin'],"['six_pair_clutter_phase', 'doppler_ridge_displacement', 'p38_phase_slope', 'multi_beam_power_secondary', 'reported_angle_geometry_platform']"
yaw_moving_target_baseline_p1p000deg_seed_101,moving_target,baseline,1.0,0.0,0.0,0.0,0.0,0.0,0.0,101,high_texture,10000.0,A0_Current,CURRENT,KEEP_CURRENT,,0.0,reported_geometry_current,False,False,reported_geometry_current,['/home/shy/AIR/SAR+AI/project/PGRCC/.worktrees/unknown-system-error-next-stage/outputs/yaw_error_formal_compact_20260915/cases/case_156/off/data/stage2_statistical_newprotocol_period_0000.bin'],reported geometry
yaw_moving_target_baseline_p1p000deg_seed_101,moving_target,baseline,1.0,0.0,0.0,0.0,0.0,0.0,0.0,101,high_texture,10000.0,AK_Known_Correction,KNOWN_EVALUATION,NO_CORRECTION_NEEDED,0.0,0.0,known_yaw_or_servo_error_evaluation_only,True,False,evaluation_only_known_attitude_error,['/home/shy/AIR/SAR+AI/project/PGRCC/.worktrees/unknown-system-error-next-stage/outputs/yaw_error_formal_compact_20260915/cases/case_156/off/data/stage2_statistical_newprotocol_period_0000.bin'],known attitude error
yaw_moving_target_baseline_p1p000deg_seed_101,moving_target,baseline,1.0,0.0,0.0,0.0,0.0,0.0,0.0,101,high_texture,10000.0,A1_Blind_Deterministic,FALLBACK_MODEL_MISMATCH,KEEP_CURRENT,,0.0,fallback_current,False,False,OFF_C_PLUS_N_TARGET_FREE_ONLY,['/home/shy/AIR/SAR+AI/project/PGRCC/.worktrees/unknown-system-error-next-stage/outputs/yaw_error_formal_compact_20260915/cases/case_156/off/data/stage2_statistical_newprotocol_period_0000.bin'],"['six_pair_clutter_phase', 'doppler_ridge_displacement', 'p38_phase_slope', 'multi_beam_power_secondary', 'reported_angle_geometry_platform']"
yaw_moving_target_baseline_p1p000deg_seed_202,moving_target,baseline,1.0,0.0,0.0,0.0,0.0,0.0,0.0,202,low_texture,7500.0,A0_Current,CURRENT,KEEP_CURRENT,,0.0,reported_geometry_current,False,False,reported_geometry_current,['/home/shy/AIR/SAR+AI/project/PGRCC/.worktrees/unknown-system-error-next-stage/outputs/yaw_error_formal_compact_20260915/cases/case_157/off/data/stage2_statistical_newprotocol_period_0000.bin'],reported geometry
yaw_moving_target_baseline_p1p000deg_seed_202,moving_target,baseline,1.0,0.0,0.0,0.0,0.0,0.0,0.0,202,low_texture,7500.0,AK_Known_Correction,KNOWN_EVALUATION,NO_CORRECTION_NEEDED,0.0,0.0,known_yaw_or_servo_error_evaluation_only,True,False,evaluation_only_known_attitude_error,['/home/shy/AIR/SAR+AI/project/PGRCC/.worktrees/unknown-system-error-next-stage/outputs/yaw_error_formal_compact_20260915/cases/case_157/off/data/stage2_statistical_newprotocol_period_0000.bin'],known attitude error
yaw_moving_target_baseline_p1p000deg_seed_202,moving_target,baseline,1.0,0.0,0.0,0.0,0.0,0.0,0.0,202,low_texture,7500.0,A1_Blind_Deterministic,FALLBACK_MODEL_MISMATCH,KEEP_CURRENT,,0.0,fallback_current,False,False,OFF_C_PLUS_N_TARGET_FREE_ONLY,['/home/shy/AIR/SAR+AI/project/PGRCC/.worktrees/unknown-system-error-next-stage/outputs/yaw_error_formal_compact_20260915/cases/case_157/off/data/stage2_statistical_newprotocol_period_0000.bin'],"['six_pair_clutter_phase', 'doppler_ridge_displacement', 'p38_phase_slope', 'multi_beam_power_secondary', 'reported_angle_geometry_platform']"
yaw_moving_target_baseline_p1p000deg_seed_202,moving_target,baseline,1.0,0.0,0.0,0.0,0.0,0.0,0.0,202,low_texture,10000.0,A0_Current,CURRENT,KEEP_CURRENT,,0.0,reported_geometry_current,False,False,reported_geometry_current,['/home/shy/AIR/SAR+AI/project/PGRCC/.worktrees/unknown-system-error-next-stage/outputs/yaw_error_formal_compact_20260915/cases/case_158/off/data/stage2_statistical_newprotocol_period_0000.bin'],reported geometry
yaw_moving_target_baseline_p1p000deg_seed_202,moving_target,baseline,1.0,0.0,0.0,0.0,0.0,0.0,0.0,202,low_texture,10000.0,AK_Known_Correction,KNOWN_EVALUATION,NO_CORRECTION_NEEDED,0.0,0.0,known_yaw_or_servo_error_evaluation_only,True,False,evaluation_only_known_attitude_error,['/home/shy/AIR/SAR+AI/project/PGRCC/.worktrees/unknown-system-error-next-stage/outputs/yaw_error_formal_compact_20260915/cases/case_158/off/data/stage2_statistical_newprotocol_period_0000.bin'],known attitude error
yaw_moving_target_baseline_p1p000deg_seed_202,moving_target,baseline,1.0,0.0,0.0,0.0,0.0,0.0,0.0,202,low_texture,10000.0,A1_Blind_Deterministic,FALLBACK_MODEL_MISMATCH,KEEP_CURRENT,,0.0,fallback_current,False,False,OFF_C_PLUS_N_TARGET_FREE_ONLY,['/home/shy/AIR/SAR+AI/project/PGRCC/.worktrees/unknown-system-error-next-stage/outputs/yaw_error_formal_compact_20260915/cases/case_158/off/data/stage2_statistical_newprotocol_period_0000.bin'],"['six_pair_clutter_phase', 'doppler_ridge_displacement', 'p38_phase_slope', 'multi_beam_power_secondary', 'reported_angle_geometry_platform']"
yaw_moving_target_baseline_p1p000deg_seed_202,moving_target,baseline,1.0,0.0,0.0,0.0,0.0,0.0,0.0,202,high_texture,7500.0,A0_Current,CURRENT,KEEP_CURRENT,,0.0,reported_geometry_current,False,False,reported_geometry_current,['/home/shy/AIR/SAR+AI/project/PGRCC/.worktrees/unknown-system-error-next-stage/outputs/yaw_error_formal_compact_20260915/cases/case_159/off/data/stage2_statistical_newprotocol_period_0000.bin'],reported geometry
yaw_moving_target_baseline_p1p000deg_seed_202,moving_target,baseline,1.0,0.0,0.0,0.0,0.0,0.0,0.0,202,high_texture,7500.0,AK_Known_Correction,KNOWN_EVALUATION,NO_CORRECTION_NEEDED,0.0,0.0,known_yaw_or_servo_error_evaluation_only,True,False,evaluation_only_known_attitude_error,['/home/shy/AIR/SAR+AI/project/PGRCC/.worktrees/unknown-system-error-next-stage/outputs/yaw_error_formal_compact_20260915/cases/case_159/off/data/stage2_statistical_newprotocol_period_0000.bin'],known attitude error
yaw_moving_target_baseline_p1p000deg_seed_202,moving_target,baseline,1.0,0.0,0.0,0.0,0.0,0.0,0.0,202,high_texture,7500.0,A1_Blind_Deterministic,FALLBACK_MODEL_MISMATCH,KEEP_CURRENT,,0.0,fallback_current,False,False,OFF_C_PLUS_N_TARGET_FREE_ONLY,['/home/shy/AIR/SAR+AI/project/PGRCC/.worktrees/unknown-system-error-next-stage/outputs/yaw_error_formal_compact_20260915/cases/case_159/off/data/stage2_statistical_newprotocol_period_0000.bin'],"['six_pair_clutter_phase', 'doppler_ridge_displacement', 'p38_phase_slope', 'multi_beam_power_secondary', 'reported_angle_geometry_platform']"
yaw_moving_target_baseline_p1p000deg_seed_202,moving_target,baseline,1.0,0.0,0.0,0.0,0.0,0.0,0.0,202,high_texture,10000.0,A0_Current,CURRENT,KEEP_CURRENT,,0.0,reported_geometry_current,False,False,reported_geometry_current,['/home/shy/AIR/SAR+AI/project/PGRCC/.worktrees/unknown-system-error-next-stage/outputs/yaw_error_formal_compact_20260915/cases/case_160/off/data/stage2_statistical_newprotocol_period_0000.bin'],reported geometry
yaw_moving_target_baseline_p1p000deg_seed_202,moving_target,baseline,1.0,0.0,0.0,0.0,0.0,0.0,0.0,202,high_texture,10000.0,AK_Known_Correction,KNOWN_EVALUATION,NO_CORRECTION_NEEDED,0.0,0.0,known_yaw_or_servo_error_evaluation_only,True,False,evaluation_only_known_attitude_error,['/home/shy/AIR/SAR+AI/project/PGRCC/.worktrees/unknown-system-error-next-stage/outputs/yaw_error_formal_compact_20260915/cases/case_160/off/data/stage2_statistical_newprotocol_period_0000.bin'],known attitude error
yaw_moving_target_baseline_p1p000deg_seed_202,moving_target,baseline,1.0,0.0,0.0,0.0,0.0,0.0,0.0,202,high_texture,10000.0,A1_Blind_Deterministic,FALLBACK_MODEL_MISMATCH,KEEP_CURRENT,,0.0,fallback_current,False,False,OFF_C_PLUS_N_TARGET_FREE_ONLY,['/home/shy/AIR/SAR+AI/project/PGRCC/.worktrees/unknown-system-error-next-stage/outputs/yaw_error_formal_compact_20260915/cases/case_160/off/data/stage2_statistical_newprotocol_period_0000.bin'],"['six_pair_clutter_phase', 'doppler_ridge_displacement', 'p38_phase_slope', 'multi_beam_power_secondary', 'reported_angle_geometry_platform']"
yaw_moving_target_yaw_p0p000deg_seed_101,moving_target,yaw,0.0,0.0,0.0,0.0,0.0,0.0,0.0,101,low_texture,7500.0,A0_Current,CURRENT,KEEP_CURRENT,,0.0,reported_geometry_current,False,False,reported_geometry_current,['/home/shy/AIR/SAR+AI/project/PGRCC/.worktrees/unknown-system-error-next-stage/outputs/yaw_error_formal_compact_20260915/cases/case_161/off/data/stage2_statistical_newprotocol_period_0000.bin'],reported geometry
yaw_moving_target_yaw_p0p000deg_seed_101,moving_target,yaw,0.0,0.0,0.0,0.0,0.0,0.0,0.0,101,low_texture,7500.0,AK_Known_Correction,KNOWN_EVALUATION,NO_CORRECTION_NEEDED,0.0,0.0,known_yaw_or_servo_error_evaluation_only,True,False,evaluation_only_known_attitude_error,['/home/shy/AIR/SAR+AI/project/PGRCC/.worktrees/unknown-system-error-next-stage/outputs/yaw_error_formal_compact_20260915/cases/case_161/off/data/stage2_statistical_newprotocol_period_0000.bin'],known attitude error
yaw_moving_target_yaw_p0p000deg_seed_101,moving_target,yaw,0.0,0.0,0.0,0.0,0.0,0.0,0.0,101,low_texture,7500.0,A1_Blind_Deterministic,FALLBACK_MODEL_MISMATCH,KEEP_CURRENT,,0.0,fallback_current,False,False,OFF_C_PLUS_N_TARGET_FREE_ONLY,['/home/shy/AIR/SAR+AI/project/PGRCC/.worktrees/unknown-system-error-next-stage/outputs/yaw_error_formal_compact_20260915/cases/case_161/off/data/stage2_statistical_newprotocol_period_0000.bin'],"['six_pair_clutter_phase', 'doppler_ridge_displacement', 'p38_phase_slope', 'multi_beam_power_secondary', 'reported_angle_geometry_platform']"
yaw_moving_target_yaw_p0p000deg_seed_101,moving_target,yaw,0.0,0.0,0.0,0.0,0.0,0.0,0.0,101,low_texture,10000.0,A0_Current,CURRENT,KEEP_CURRENT,,0.0,reported_geometry_current,False,False,reported_geometry_current,['/home/shy/AIR/SAR+AI/project/PGRCC/.worktrees/unknown-system-error-next-stage/outputs/yaw_error_formal_compact_20260915/cases/case_162/off/data/stage2_statistical_newprotocol_period_0000.bin'],reported geometry
yaw_moving_target_yaw_p0p000deg_seed_101,moving_target,yaw,0.0,0.0,0.0,0.0,0.0,0.0,0.0,101,low_texture,10000.0,AK_Known_Correction,KNOWN_EVALUATION,NO_CORRECTION_NEEDED,0.0,0.0,known_yaw_or_servo_error_evaluation_only,True,False,evaluation_only_known_attitude_error,['/home/shy/AIR/SAR+AI/project/PGRCC/.worktrees/unknown-system-error-next-stage/outputs/yaw_error_formal_compact_20260915/cases/case_162/off/data/stage2_statistical_newprotocol_period_0000.bin'],known attitude error
yaw_moving_target_yaw_p0p000deg_seed_101,moving_target,yaw,0.0,0.0,0.0,0.0,0.0,0.0,0.0,101,low_texture,10000.0,A1_Blind_Deterministic,FALLBACK_MODEL_MISMATCH,KEEP_CURRENT,,0.0,fallback_current,False,False,OFF_C_PLUS_N_TARGET_FREE_ONLY,['/home/shy/AIR/SAR+AI/project/PGRCC/.worktrees/unknown-system-error-next-stage/outputs/yaw_error_formal_compact_20260915/cases/case_162/off/data/stage2_statistical_newprotocol_period_0000.bin'],"['six_pair_clutter_phase', 'doppler_ridge_displacement', 'p38_phase_slope', 'multi_beam_power_secondary', 'reported_angle_geometry_platform']"
yaw_moving_target_yaw_p0p000deg_seed_101,moving_target,yaw,0.0,0.0,0.0,0.0,0.0,0.0,0.0,101,high_texture,7500.0,A0_Current,CURRENT,KEEP_CURRENT,,0.0,reported_geometry_current,False,False,reported_geometry_current,['/home/shy/AIR/SAR+AI/project/PGRCC/.worktrees/unknown-system-error-next-stage/outputs/yaw_error_formal_compact_20260915/cases/case_163/off/data/stage2_statistical_newprotocol_period_0000.bin'],reported geometry
yaw_moving_target_yaw_p0p000deg_seed_101,moving_target,yaw,0.0,0.0,0.0,0.0,0.0,0.0,0.0,101,high_texture,7500.0,AK_Known_Correction,KNOWN_EVALUATION,NO_CORRECTION_NEEDED,0.0,0.0,known_yaw_or_servo_error_evaluation_only,True,False,evaluation_only_known_attitude_error,['/home/shy/AIR/SAR+AI/project/PGRCC/.worktrees/unknown-system-error-next-stage/outputs/yaw_error_formal_compact_20260915/cases/case_163/off/data/stage2_statistical_newprotocol_period_0000.bin'],known attitude error
yaw_moving_target_yaw_p0p000deg_seed_101,moving_target,yaw,0.0,0.0,0.0,0.0,0.0,0.0,0.0,101,high_texture,7500.0,A1_Blind_Deterministic,FALLBACK_MODEL_MISMATCH,KEEP_CURRENT,,0.0,fallback_current,False,False,OFF_C_PLUS_N_TARGET_FREE_ONLY,['/home/shy/AIR/SAR+AI/project/PGRCC/.worktrees/unknown-system-error-next-stage/outputs/yaw_error_formal_compact_20260915/cases/case_163/off/data/stage2_statistical_newprotocol_period_0000.bin'],"['six_pair_clutter_phase', 'doppler_ridge_displacement', 'p38_phase_slope', 'multi_beam_power_secondary', 'reported_angle_geometry_platform']"
yaw_moving_target_yaw_p0p000deg_seed_101,moving_target,yaw,0.0,0.0,0.0,0.0,0.0,0.0,0.0,101,high_texture,10000.0,A0_Current,CURRENT,KEEP_CURRENT,,0.0,reported_geometry_current,False,False,reported_geometry_current,['/home/shy/AIR/SAR+AI/project/PGRCC/.worktrees/unknown-system-error-next-stage/outputs/yaw_error_formal_compact_20260915/cases/case_164/off/data/stage2_statistical_newprotocol_period_0000.bin'],reported geometry
yaw_moving_target_yaw_p0p000deg_seed_101,moving_target,yaw,0.0,0.0,0.0,0.0,0.0,0.0,0.0,101,high_texture,10000.0,AK_Known_Correction,KNOWN_EVALUATION,NO_CORRECTION_NEEDED,0.0,0.0,known_yaw_or_servo_error_evaluation_only,True,False,evaluation_only_known_attitude_error,['/home/shy/AIR/SAR+AI/project/PGRCC/.worktrees/unknown-system-error-next-stage/outputs/yaw_error_formal_compact_20260915/cases/case_164/off/data/stage2_statistical_newprotocol_period_0000.bin'],known attitude error
yaw_moving_target_yaw_p0p000deg_seed_101,moving_target,yaw,0.0,0.0,0.0,0.0,0.0,0.0,0.0,101,high_texture,10000.0,A1_Blind_Deterministic,FALLBACK_MODEL_MISMATCH,KEEP_CURRENT,,0.0,fallback_current,False,False,OFF_C_PLUS_N_TARGET_FREE_ONLY,['/home/shy/AIR/SAR+AI/project/PGRCC/.worktrees/unknown-system-error-next-stage/outputs/yaw_error_formal_compact_20260915/cases/case_164/off/data/stage2_statistical_newprotocol_period_0000.bin'],"['six_pair_clutter_phase', 'doppler_ridge_displacement', 'p38_phase_slope', 'multi_beam_power_secondary', 'reported_angle_geometry_platform']"
yaw_moving_target_yaw_p0p000deg_seed_202,moving_target,yaw,0.0,0.0,0.0,0.0,0.0,0.0,0.0,202,low_texture,7500.0,A0_Current,CURRENT,KEEP_CURRENT,,0.0,reported_geometry_current,False,False,reported_geometry_current,['/home/shy/AIR/SAR+AI/project/PGRCC/.worktrees/unknown-system-error-next-stage/outputs/yaw_error_formal_compact_20260915/cases/case_165/off/data/stage2_statistical_newprotocol_period_0000.bin'],reported geometry
yaw_moving_target_yaw_p0p000deg_seed_202,moving_target,yaw,0.0,0.0,0.0,0.0,0.0,0.0,0.0,202,low_texture,7500.0,AK_Known_Correction,KNOWN_EVALUATION,NO_CORRECTION_NEEDED,0.0,0.0,known_yaw_or_servo_error_evaluation_only,True,False,evaluation_only_known_attitude_error,['/home/shy/AIR/SAR+AI/project/PGRCC/.worktrees/unknown-system-error-next-stage/outputs/yaw_error_formal_compact_20260915/cases/case_165/off/data/stage2_statistical_newprotocol_period_0000.bin'],known attitude error
yaw_moving_target_yaw_p0p000deg_seed_202,moving_target,yaw,0.0,0.0,0.0,0.0,0.0,0.0,0.0,202,low_texture,7500.0,A1_Blind_Deterministic,FALLBACK_MODEL_MISMATCH,KEEP_CURRENT,,0.0,fallback_current,False,False,OFF_C_PLUS_N_TARGET_FREE_ONLY,['/home/shy/AIR/SAR+AI/project/PGRCC/.worktrees/unknown-system-error-next-stage/outputs/yaw_error_formal_compact_20260915/cases/case_165/off/data/stage2_statistical_newprotocol_period_0000.bin'],"['six_pair_clutter_phase', 'doppler_ridge_displacement', 'p38_phase_slope', 'multi_beam_power_secondary', 'reported_angle_geometry_platform']"
yaw_moving_target_yaw_p0p000deg_seed_202,moving_target,yaw,0.0,0.0,0.0,0.0,0.0,0.0,0.0,202,low_texture,10000.0,A0_Current,CURRENT,KEEP_CURRENT,,0.0,reported_geometry_current,False,False,reported_geometry_current,['/home/shy/AIR/SAR+AI/project/PGRCC/.worktrees/unknown-system-error-next-stage/outputs/yaw_error_formal_compact_20260915/cases/case_166/off/data/stage2_statistical_newprotocol_period_0000.bin'],reported geometry
yaw_moving_target_yaw_p0p000deg_seed_202,moving_target,yaw,0.0,0.0,0.0,0.0,0.0,0.0,0.0,202,low_texture,10000.0,AK_Known_Correction,KNOWN_EVALUATION,NO_CORRECTION_NEEDED,0.0,0.0,known_yaw_or_servo_error_evaluation_only,True,False,evaluation_only_known_attitude_error,['/home/shy/AIR/SAR+AI/project/PGRCC/.worktrees/unknown-system-error-next-stage/outputs/yaw_error_formal_compact_20260915/cases/case_166/off/data/stage2_statistical_newprotocol_period_0000.bin'],known attitude error
yaw_moving_target_yaw_p0p000deg_seed_202,moving_target,yaw,0.0,0.0,0.0,0.0,0.0,0.0,0.0,202,low_texture,10000.0,A1_Blind_Deterministic,FALLBACK_MODEL_MISMATCH,KEEP_CURRENT,,0.0,fallback_current,False,False,OFF_C_PLUS_N_TARGET_FREE_ONLY,['/home/shy/AIR/SAR+AI/project/PGRCC/.worktrees/unknown-system-error-next-stage/outputs/yaw_error_formal_compact_20260915/cases/case_166/off/data/stage2_statistical_newprotocol_period_0000.bin'],"['six_pair_clutter_phase', 'doppler_ridge_displacement', 'p38_phase_slope', 'multi_beam_power_secondary', 'reported_angle_geometry_platform']"
yaw_moving_target_yaw_p0p000deg_seed_202,moving_target,yaw,0.0,0.0,0.0,0.0,0.0,0.0,0.0,202,high_texture,7500.0,A0_Current,CURRENT,KEEP_CURRENT,,0.0,reported_geometry_current,False,False,reported_geometry_current,['/home/shy/AIR/SAR+AI/project/PGRCC/.worktrees/unknown-system-error-next-stage/outputs/yaw_error_formal_compact_20260915/cases/case_167/off/data/stage2_statistical_newprotocol_period_0000.bin'],reported geometry
yaw_moving_target_yaw_p0p000deg_seed_202,moving_target,yaw,0.0,0.0,0.0,0.0,0.0,0.0,0.0,202,high_texture,7500.0,AK_Known_Correction,KNOWN_EVALUATION,NO_CORRECTION_NEEDED,0.0,0.0,known_yaw_or_servo_error_evaluation_only,True,False,evaluation_only_known_attitude_error,['/home/shy/AIR/SAR+AI/project/PGRCC/.worktrees/unknown-system-error-next-stage/outputs/yaw_error_formal_compact_20260915/cases/case_167/off/data/stage2_statistical_newprotocol_period_0000.bin'],known attitude error
yaw_moving_target_yaw_p0p000deg_seed_202,moving_target,yaw,0.0,0.0,0.0,0.0,0.0,0.0,0.0,202,high_texture,7500.0,A1_Blind_Deterministic,FALLBACK_MODEL_MISMATCH,KEEP_CURRENT,,0.0,fallback_current,False,False,OFF_C_PLUS_N_TARGET_FREE_ONLY,['/home/shy/AIR/SAR+AI/project/PGRCC/.worktrees/unknown-system-error-next-stage/outputs/yaw_error_formal_compact_20260915/cases/case_167/off/data/stage2_statistical_newprotocol_period_0000.bin'],"['six_pair_clutter_phase', 'doppler_ridge_displacement', 'p38_phase_slope', 'multi_beam_power_secondary', 'reported_angle_geometry_platform']"
yaw_moving_target_yaw_p0p000deg_seed_202,moving_target,yaw,0.0,0.0,0.0,0.0,0.0,0.0,0.0,202,high_texture,10000.0,A0_Current,CURRENT,KEEP_CURRENT,,0.0,reported_geometry_current,False,False,reported_geometry_current,['/home/shy/AIR/SAR+AI/project/PGRCC/.worktrees/unknown-system-error-next-stage/outputs/yaw_error_formal_compact_20260915/cases/case_168/off/data/stage2_statistical_newprotocol_period_0000.bin'],reported geometry
yaw_moving_target_yaw_p0p000deg_seed_202,moving_target,yaw,0.0,0.0,0.0,0.0,0.0,0.0,0.0,202,high_texture,10000.0,AK_Known_Correction,KNOWN_EVALUATION,NO_CORRECTION_NEEDED,0.0,0.0,known_yaw_or_servo_error_evaluation_only,True,False,evaluation_only_known_attitude_error,['/home/shy/AIR/SAR+AI/project/PGRCC/.worktrees/unknown-system-error-next-stage/outputs/yaw_error_formal_compact_20260915/cases/case_168/off/data/stage2_statistical_newprotocol_period_0000.bin'],known attitude error
yaw_moving_target_yaw_p0p000deg_seed_202,moving_target,yaw,0.0,0.0,0.0,0.0,0.0,0.0,0.0,202,high_texture,10000.0,A1_Blind_Deterministic,FALLBACK_MODEL_MISMATCH,KEEP_CURRENT,,0.0,fallback_current,False,False,OFF_C_PLUS_N_TARGET_FREE_ONLY,['/home/shy/AIR/SAR+AI/project/PGRCC/.worktrees/unknown-system-error-next-stage/outputs/yaw_error_formal_compact_20260915/cases/case_168/off/data/stage2_statistical_newprotocol_period_0000.bin'],"['six_pair_clutter_phase', 'doppler_ridge_displacement', 'p38_phase_slope', 'multi_beam_power_secondary', 'reported_angle_geometry_platform']"
yaw_moving_target_yaw_m0p500deg_seed_101,moving_target,yaw,-0.5,-0.5,0.0,-0.5,0.0,0.0,0.0,101,low_texture,7500.0,A0_Current,CURRENT,KEEP_CURRENT,,0.0,reported_geometry_current,False,False,reported_geometry_current,['/home/shy/AIR/SAR+AI/project/PGRCC/.worktrees/unknown-system-error-next-stage/outputs/yaw_error_formal_compact_20260915/cases/case_169/off/data/stage2_statistical_newprotocol_period_0000.bin'],reported geometry
yaw_moving_target_yaw_m0p500deg_seed_101,moving_target,yaw,-0.5,-0.5,0.0,-0.5,0.0,0.0,0.0,101,low_texture,7500.0,AK_Known_Correction,KNOWN_EVALUATION,APPLY_KNOWN_ERROR_CORRECTION,-0.5,-0.5,known_yaw_or_servo_error_evaluation_only,True,False,evaluation_only_known_attitude_error,['/home/shy/AIR/SAR+AI/project/PGRCC/.worktrees/unknown-system-error-next-stage/outputs/yaw_error_formal_compact_20260915/cases/case_169/off/data/stage2_statistical_newprotocol_period_0000.bin'],known attitude error
yaw_moving_target_yaw_m0p500deg_seed_101,moving_target,yaw,-0.5,-0.5,0.0,-0.5,0.0,0.0,0.0,101,low_texture,7500.0,A1_Blind_Deterministic,FALLBACK_MODEL_MISMATCH,KEEP_CURRENT,,0.0,fallback_current,False,False,OFF_C_PLUS_N_TARGET_FREE_ONLY,['/home/shy/AIR/SAR+AI/project/PGRCC/.worktrees/unknown-system-error-next-stage/outputs/yaw_error_formal_compact_20260915/cases/case_169/off/data/stage2_statistical_newprotocol_period_0000.bin'],"['six_pair_clutter_phase', 'doppler_ridge_displacement', 'p38_phase_slope', 'multi_beam_power_secondary', 'reported_angle_geometry_platform']"
yaw_moving_target_yaw_m0p500deg_seed_101,moving_target,yaw,-0.5,-0.5,0.0,-0.5,0.0,0.0,0.0,101,low_texture,10000.0,A0_Current,CURRENT,KEEP_CURRENT,,0.0,reported_geometry_current,False,False,reported_geometry_current,['/home/shy/AIR/SAR+AI/project/PGRCC/.worktrees/unknown-system-error-next-stage/outputs/yaw_error_formal_compact_20260915/cases/case_170/off/data/stage2_statistical_newprotocol_period_0000.bin'],reported geometry
yaw_moving_target_yaw_m0p500deg_seed_101,moving_target,yaw,-0.5,-0.5,0.0,-0.5,0.0,0.0,0.0,101,low_texture,10000.0,AK_Known_Correction,KNOWN_EVALUATION,APPLY_KNOWN_ERROR_CORRECTION,-0.5,-0.5,known_yaw_or_servo_error_evaluation_only,True,False,evaluation_only_known_attitude_error,['/home/shy/AIR/SAR+AI/project/PGRCC/.worktrees/unknown-system-error-next-stage/outputs/yaw_error_formal_compact_20260915/cases/case_170/off/data/stage2_statistical_newprotocol_period_0000.bin'],known attitude error
yaw_moving_target_yaw_m0p500deg_seed_101,moving_target,yaw,-0.5,-0.5,0.0,-0.5,0.0,0.0,0.0,101,low_texture,10000.0,A1_Blind_Deterministic,FALLBACK_MODEL_MISMATCH,KEEP_CURRENT,,0.0,fallback_current,False,False,OFF_C_PLUS_N_TARGET_FREE_ONLY,['/home/shy/AIR/SAR+AI/project/PGRCC/.worktrees/unknown-system-error-next-stage/outputs/yaw_error_formal_compact_20260915/cases/case_170/off/data/stage2_statistical_newprotocol_period_0000.bin'],"['six_pair_clutter_phase', 'doppler_ridge_displacement', 'p38_phase_slope', 'multi_beam_power_secondary', 'reported_angle_geometry_platform']"
yaw_moving_target_yaw_m0p500deg_seed_101,moving_target,yaw,-0.5,-0.5,0.0,-0.5,0.0,0.0,0.0,101,high_texture,7500.0,A0_Current,CURRENT,KEEP_CURRENT,,0.0,reported_geometry_current,False,False,reported_geometry_current,['/home/shy/AIR/SAR+AI/project/PGRCC/.worktrees/unknown-system-error-next-stage/outputs/yaw_error_formal_compact_20260915/cases/case_171/off/data/stage2_statistical_newprotocol_period_0000.bin'],reported geometry
yaw_moving_target_yaw_m0p500deg_seed_101,moving_target,yaw,-0.5,-0.5,0.0,-0.5,0.0,0.0,0.0,101,high_texture,7500.0,AK_Known_Correction,KNOWN_EVALUATION,APPLY_KNOWN_ERROR_CORRECTION,-0.5,-0.5,known_yaw_or_servo_error_evaluation_only,True,False,evaluation_only_known_attitude_error,['/home/shy/AIR/SAR+AI/project/PGRCC/.worktrees/unknown-system-error-next-stage/outputs/yaw_error_formal_compact_20260915/cases/case_171/off/data/stage2_statistical_newprotocol_period_0000.bin'],known attitude error
yaw_moving_target_yaw_m0p500deg_seed_101,moving_target,yaw,-0.5,-0.5,0.0,-0.5,0.0,0.0,0.0,101,high_texture,7500.0,A1_Blind_Deterministic,FALLBACK_MODEL_MISMATCH,KEEP_CURRENT,,0.0,fallback_current,False,False,OFF_C_PLUS_N_TARGET_FREE_ONLY,['/home/shy/AIR/SAR+AI/project/PGRCC/.worktrees/unknown-system-error-next-stage/outputs/yaw_error_formal_compact_20260915/cases/case_171/off/data/stage2_statistical_newprotocol_period_0000.bin'],"['six_pair_clutter_phase', 'doppler_ridge_displacement', 'p38_phase_slope', 'multi_beam_power_secondary', 'reported_angle_geometry_platform']"
yaw_moving_target_yaw_m0p500deg_seed_101,moving_target,yaw,-0.5,-0.5,0.0,-0.5,0.0,0.0,0.0,101,high_texture,10000.0,A0_Current,CURRENT,KEEP_CURRENT,,0.0,reported_geometry_current,False,False,reported_geometry_current,['/home/shy/AIR/SAR+AI/project/PGRCC/.worktrees/unknown-system-error-next-stage/outputs/yaw_error_formal_compact_20260915/cases/case_172/off/data/stage2_statistical_newprotocol_period_0000.bin'],reported geometry
yaw_moving_target_yaw_m0p500deg_seed_101,moving_target,yaw,-0.5,-0.5,0.0,-0.5,0.0,0.0,0.0,101,high_texture,10000.0,AK_Known_Correction,KNOWN_EVALUATION,APPLY_KNOWN_ERROR_CORRECTION,-0.5,-0.5,known_yaw_or_servo_error_evaluation_only,True,False,evaluation_only_known_attitude_error,['/home/shy/AIR/SAR+AI/project/PGRCC/.worktrees/unknown-system-error-next-stage/outputs/yaw_error_formal_compact_20260915/cases/case_172/off/data/stage2_statistical_newprotocol_period_0000.bin'],known attitude error
yaw_moving_target_yaw_m0p500deg_seed_101,moving_target,yaw,-0.5,-0.5,0.0,-0.5,0.0,0.0,0.0,101,high_texture,10000.0,A1_Blind_Deterministic,FALLBACK_MODEL_MISMATCH,KEEP_CURRENT,,0.0,fallback_current,False,False,OFF_C_PLUS_N_TARGET_FREE_ONLY,['/home/shy/AIR/SAR+AI/project/PGRCC/.worktrees/unknown-system-error-next-stage/outputs/yaw_error_formal_compact_20260915/cases/case_172/off/data/stage2_statistical_newprotocol_period_0000.bin'],"['six_pair_clutter_phase', 'doppler_ridge_displacement', 'p38_phase_slope', 'multi_beam_power_secondary', 'reported_angle_geometry_platform']"
yaw_moving_target_yaw_m0p500deg_seed_202,moving_target,yaw,-0.5,-0.5,0.0,-0.5,0.0,0.0,0.0,202,low_texture,7500.0,A0_Current,CURRENT,KEEP_CURRENT,,0.0,reported_geometry_current,False,False,reported_geometry_current,['/home/shy/AIR/SAR+AI/project/PGRCC/.worktrees/unknown-system-error-next-stage/outputs/yaw_error_formal_compact_20260915/cases/case_173/off/data/stage2_statistical_newprotocol_period_0000.bin'],reported geometry
yaw_moving_target_yaw_m0p500deg_seed_202,moving_target,yaw,-0.5,-0.5,0.0,-0.5,0.0,0.0,0.0,202,low_texture,7500.0,AK_Known_Correction,KNOWN_EVALUATION,APPLY_KNOWN_ERROR_CORRECTION,-0.5,-0.5,known_yaw_or_servo_error_evaluation_only,True,False,evaluation_only_known_attitude_error,['/home/shy/AIR/SAR+AI/project/PGRCC/.worktrees/unknown-system-error-next-stage/outputs/yaw_error_formal_compact_20260915/cases/case_173/off/data/stage2_statistical_newprotocol_period_0000.bin'],known attitude error
yaw_moving_target_yaw_m0p500deg_seed_202,moving_target,yaw,-0.5,-0.5,0.0,-0.5,0.0,0.0,0.0,202,low_texture,7500.0,A1_Blind_Deterministic,FALLBACK_MODEL_MISMATCH,KEEP_CURRENT,,0.0,fallback_current,False,False,OFF_C_PLUS_N_TARGET_FREE_ONLY,['/home/shy/AIR/SAR+AI/project/PGRCC/.worktrees/unknown-system-error-next-stage/outputs/yaw_error_formal_compact_20260915/cases/case_173/off/data/stage2_statistical_newprotocol_period_0000.bin'],"['six_pair_clutter_phase', 'doppler_ridge_displacement', 'p38_phase_slope', 'multi_beam_power_secondary', 'reported_angle_geometry_platform']"
yaw_moving_target_yaw_m0p500deg_seed_202,moving_target,yaw,-0.5,-0.5,0.0,-0.5,0.0,0.0,0.0,202,low_texture,10000.0,A0_Current,CURRENT,KEEP_CURRENT,,0.0,reported_geometry_current,False,False,reported_geometry_current,['/home/shy/AIR/SAR+AI/project/PGRCC/.worktrees/unknown-system-error-next-stage/outputs/yaw_error_formal_compact_20260915/cases/case_174/off/data/stage2_statistical_newprotocol_period_0000.bin'],reported geometry
yaw_moving_target_yaw_m0p500deg_seed_202,moving_target,yaw,-0.5,-0.5,0.0,-0.5,0.0,0.0,0.0,202,low_texture,10000.0,AK_Known_Correction,KNOWN_EVALUATION,APPLY_KNOWN_ERROR_CORRECTION,-0.5,-0.5,known_yaw_or_servo_error_evaluation_only,True,False,evaluation_only_known_attitude_error,['/home/shy/AIR/SAR+AI/project/PGRCC/.worktrees/unknown-system-error-next-stage/outputs/yaw_error_formal_compact_20260915/cases/case_174/off/data/stage2_statistical_newprotocol_period_0000.bin'],known attitude error
yaw_moving_target_yaw_m0p500deg_seed_202,moving_target,yaw,-0.5,-0.5,0.0,-0.5,0.0,0.0,0.0,202,low_texture,10000.0,A1_Blind_Deterministic,FALLBACK_MODEL_MISMATCH,KEEP_CURRENT,,0.0,fallback_current,False,False,OFF_C_PLUS_N_TARGET_FREE_ONLY,['/home/shy/AIR/SAR+AI/project/PGRCC/.worktrees/unknown-system-error-next-stage/outputs/yaw_error_formal_compact_20260915/cases/case_174/off/data/stage2_statistical_newprotocol_period_0000.bin'],"['six_pair_clutter_phase', 'doppler_ridge_displacement', 'p38_phase_slope', 'multi_beam_power_secondary', 'reported_angle_geometry_platform']"
yaw_moving_target_yaw_m0p500deg_seed_202,moving_target,yaw,-0.5,-0.5,0.0,-0.5,0.0,0.0,0.0,202,high_texture,7500.0,A0_Current,CURRENT,KEEP_CURRENT,,0.0,reported_geometry_current,False,False,reported_geometry_current,['/home/shy/AIR/SAR+AI/project/PGRCC/.worktrees/unknown-system-error-next-stage/outputs/yaw_error_formal_compact_20260915/cases/case_175/off/data/stage2_statistical_newprotocol_period_0000.bin'],reported geometry
yaw_moving_target_yaw_m0p500deg_seed_202,moving_target,yaw,-0.5,-0.5,0.0,-0.5,0.0,0.0,0.0,202,high_texture,7500.0,AK_Known_Correction,KNOWN_EVALUATION,APPLY_KNOWN_ERROR_CORRECTION,-0.5,-0.5,known_yaw_or_servo_error_evaluation_only,True,False,evaluation_only_known_attitude_error,['/home/shy/AIR/SAR+AI/project/PGRCC/.worktrees/unknown-system-error-next-stage/outputs/yaw_error_formal_compact_20260915/cases/case_175/off/data/stage2_statistical_newprotocol_period_0000.bin'],known attitude error
yaw_moving_target_yaw_m0p500deg_seed_202,moving_target,yaw,-0.5,-0.5,0.0,-0.5,0.0,0.0,0.0,202,high_texture,7500.0,A1_Blind_Deterministic,FALLBACK_MODEL_MISMATCH,KEEP_CURRENT,,0.0,fallback_current,False,False,OFF_C_PLUS_N_TARGET_FREE_ONLY,['/home/shy/AIR/SAR+AI/project/PGRCC/.worktrees/unknown-system-error-next-stage/outputs/yaw_error_formal_compact_20260915/cases/case_175/off/data/stage2_statistical_newprotocol_period_0000.bin'],"['six_pair_clutter_phase', 'doppler_ridge_displacement', 'p38_phase_slope', 'multi_beam_power_secondary', 'reported_angle_geometry_platform']"
yaw_moving_target_yaw_m0p500deg_seed_202,moving_target,yaw,-0.5,-0.5,0.0,-0.5,0.0,0.0,0.0,202,high_texture,10000.0,A0_Current,CURRENT,KEEP_CURRENT,,0.0,reported_geometry_current,False,False,reported_geometry_current,['/home/shy/AIR/SAR+AI/project/PGRCC/.worktrees/unknown-system-error-next-stage/outputs/yaw_error_formal_compact_20260915/cases/case_176/off/data/stage2_statistical_newprotocol_period_0000.bin'],reported geometry
yaw_moving_target_yaw_m0p500deg_seed_202,moving_target,yaw,-0.5,-0.5,0.0,-0.5,0.0,0.0,0.0,202,high_texture,10000.0,AK_Known_Correction,KNOWN_EVALUATION,APPLY_KNOWN_ERROR_CORRECTION,-0.5,-0.5,known_yaw_or_servo_error_evaluation_only,True,False,evaluation_only_known_attitude_error,['/home/shy/AIR/SAR+AI/project/PGRCC/.worktrees/unknown-system-error-next-stage/outputs/yaw_error_formal_compact_20260915/cases/case_176/off/data/stage2_statistical_newprotocol_period_0000.bin'],known attitude error
yaw_moving_target_yaw_m0p500deg_seed_202,moving_target,yaw,-0.5,-0.5,0.0,-0.5,0.0,0.0,0.0,202,high_texture,10000.0,A1_Blind_Deterministic,FALLBACK_MODEL_MISMATCH,KEEP_CURRENT,,0.0,fallback_current,False,False,OFF_C_PLUS_N_TARGET_FREE_ONLY,['/home/shy/AIR/SAR+AI/project/PGRCC/.worktrees/unknown-system-error-next-stage/outputs/yaw_error_formal_compact_20260915/cases/case_176/off/data/stage2_statistical_newprotocol_period_0000.bin'],"['six_pair_clutter_phase', 'doppler_ridge_displacement', 'p38_phase_slope', 'multi_beam_power_secondary', 'reported_angle_geometry_platform']"
yaw_moving_target_yaw_p0p500deg_seed_101,moving_target,yaw,0.5,0.5,0.0,0.5,0.0,0.0,0.0,101,low_texture,7500.0,A0_Current,CURRENT,KEEP_CURRENT,,0.0,reported_geometry_current,False,False,reported_geometry_current,['/home/shy/AIR/SAR+AI/project/PGRCC/.worktrees/unknown-system-error-next-stage/outputs/yaw_error_formal_compact_20260915/cases/case_177/off/data/stage2_statistical_newprotocol_period_0000.bin'],reported geometry
yaw_moving_target_yaw_p0p500deg_seed_101,moving_target,yaw,0.5,0.5,0.0,0.5,0.0,0.0,0.0,101,low_texture,7500.0,AK_Known_Correction,KNOWN_EVALUATION,APPLY_KNOWN_ERROR_CORRECTION,0.5,0.5,known_yaw_or_servo_error_evaluation_only,True,False,evaluation_only_known_attitude_error,['/home/shy/AIR/SAR+AI/project/PGRCC/.worktrees/unknown-system-error-next-stage/outputs/yaw_error_formal_compact_20260915/cases/case_177/off/data/stage2_statistical_newprotocol_period_0000.bin'],known attitude error
yaw_moving_target_yaw_p0p500deg_seed_101,moving_target,yaw,0.5,0.5,0.0,0.5,0.0,0.0,0.0,101,low_texture,7500.0,A1_Blind_Deterministic,FALLBACK_MODEL_MISMATCH,KEEP_CURRENT,,0.0,fallback_current,False,False,OFF_C_PLUS_N_TARGET_FREE_ONLY,['/home/shy/AIR/SAR+AI/project/PGRCC/.worktrees/unknown-system-error-next-stage/outputs/yaw_error_formal_compact_20260915/cases/case_177/off/data/stage2_statistical_newprotocol_period_0000.bin'],"['six_pair_clutter_phase', 'doppler_ridge_displacement', 'p38_phase_slope', 'multi_beam_power_secondary', 'reported_angle_geometry_platform']"
yaw_moving_target_yaw_p0p500deg_seed_101,moving_target,yaw,0.5,0.5,0.0,0.5,0.0,0.0,0.0,101,low_texture,10000.0,A0_Current,CURRENT,KEEP_CURRENT,,0.0,reported_geometry_current,False,False,reported_geometry_current,['/home/shy/AIR/SAR+AI/project/PGRCC/.worktrees/unknown-system-error-next-stage/outputs/yaw_error_formal_compact_20260915/cases/case_178/off/data/stage2_statistical_newprotocol_period_0000.bin'],reported geometry
yaw_moving_target_yaw_p0p500deg_seed_101,moving_target,yaw,0.5,0.5,0.0,0.5,0.0,0.0,0.0,101,low_texture,10000.0,AK_Known_Correction,KNOWN_EVALUATION,APPLY_KNOWN_ERROR_CORRECTION,0.5,0.5,known_yaw_or_servo_error_evaluation_only,True,False,evaluation_only_known_attitude_error,['/home/shy/AIR/SAR+AI/project/PGRCC/.worktrees/unknown-system-error-next-stage/outputs/yaw_error_formal_compact_20260915/cases/case_178/off/data/stage2_statistical_newprotocol_period_0000.bin'],known attitude error
yaw_moving_target_yaw_p0p500deg_seed_101,moving_target,yaw,0.5,0.5,0.0,0.5,0.0,0.0,0.0,101,low_texture,10000.0,A1_Blind_Deterministic,FALLBACK_MODEL_MISMATCH,KEEP_CURRENT,,0.0,fallback_current,False,False,OFF_C_PLUS_N_TARGET_FREE_ONLY,['/home/shy/AIR/SAR+AI/project/PGRCC/.worktrees/unknown-system-error-next-stage/outputs/yaw_error_formal_compact_20260915/cases/case_178/off/data/stage2_statistical_newprotocol_period_0000.bin'],"['six_pair_clutter_phase', 'doppler_ridge_displacement', 'p38_phase_slope', 'multi_beam_power_secondary', 'reported_angle_geometry_platform']"
yaw_moving_target_yaw_p0p500deg_seed_101,moving_target,yaw,0.5,0.5,0.0,0.5,0.0,0.0,0.0,101,high_texture,7500.0,A0_Current,CURRENT,KEEP_CURRENT,,0.0,reported_geometry_current,False,False,reported_geometry_current,['/home/shy/AIR/SAR+AI/project/PGRCC/.worktrees/unknown-system-error-next-stage/outputs/yaw_error_formal_compact_20260915/cases/case_179/off/data/stage2_statistical_newprotocol_period_0000.bin'],reported geometry
yaw_moving_target_yaw_p0p500deg_seed_101,moving_target,yaw,0.5,0.5,0.0,0.5,0.0,0.0,0.0,101,high_texture,7500.0,AK_Known_Correction,KNOWN_EVALUATION,APPLY_KNOWN_ERROR_CORRECTION,0.5,0.5,known_yaw_or_servo_error_evaluation_only,True,False,evaluation_only_known_attitude_error,['/home/shy/AIR/SAR+AI/project/PGRCC/.worktrees/unknown-system-error-next-stage/outputs/yaw_error_formal_compact_20260915/cases/case_179/off/data/stage2_statistical_newprotocol_period_0000.bin'],known attitude error
yaw_moving_target_yaw_p0p500deg_seed_101,moving_target,yaw,0.5,0.5,0.0,0.5,0.0,0.0,0.0,101,high_texture,7500.0,A1_Blind_Deterministic,FALLBACK_MODEL_MISMATCH,KEEP_CURRENT,,0.0,fallback_current,False,False,OFF_C_PLUS_N_TARGET_FREE_ONLY,['/home/shy/AIR/SAR+AI/project/PGRCC/.worktrees/unknown-system-error-next-stage/outputs/yaw_error_formal_compact_20260915/cases/case_179/off/data/stage2_statistical_newprotocol_period_0000.bin'],"['six_pair_clutter_phase', 'doppler_ridge_displacement', 'p38_phase_slope', 'multi_beam_power_secondary', 'reported_angle_geometry_platform']"
yaw_moving_target_yaw_p0p500deg_seed_101,moving_target,yaw,0.5,0.5,0.0,0.5,0.0,0.0,0.0,101,high_texture,10000.0,A0_Current,CURRENT,KEEP_CURRENT,,0.0,reported_geometry_current,False,False,reported_geometry_current,['/home/shy/AIR/SAR+AI/project/PGRCC/.worktrees/unknown-system-error-next-stage/outputs/yaw_error_formal_compact_20260915/cases/case_180/off/data/stage2_statistical_newprotocol_period_0000.bin'],reported geometry
yaw_moving_target_yaw_p0p500deg_seed_101,moving_target,yaw,0.5,0.5,0.0,0.5,0.0,0.0,0.0,101,high_texture,10000.0,AK_Known_Correction,KNOWN_EVALUATION,APPLY_KNOWN_ERROR_CORRECTION,0.5,0.5,known_yaw_or_servo_error_evaluation_only,True,False,evaluation_only_known_attitude_error,['/home/shy/AIR/SAR+AI/project/PGRCC/.worktrees/unknown-system-error-next-stage/outputs/yaw_error_formal_compact_20260915/cases/case_180/off/data/stage2_statistical_newprotocol_period_0000.bin'],known attitude error
yaw_moving_target_yaw_p0p500deg_seed_101,moving_target,yaw,0.5,0.5,0.0,0.5,0.0,0.0,0.0,101,high_texture,10000.0,A1_Blind_Deterministic,FALLBACK_MODEL_MISMATCH,KEEP_CURRENT,,0.0,fallback_current,False,False,OFF_C_PLUS_N_TARGET_FREE_ONLY,['/home/shy/AIR/SAR+AI/project/PGRCC/.worktrees/unknown-system-error-next-stage/outputs/yaw_error_formal_compact_20260915/cases/case_180/off/data/stage2_statistical_newprotocol_period_0000.bin'],"['six_pair_clutter_phase', 'doppler_ridge_displacement', 'p38_phase_slope', 'multi_beam_power_secondary', 'reported_angle_geometry_platform']"
yaw_moving_target_yaw_p0p500deg_seed_202,moving_target,yaw,0.5,0.5,0.0,0.5,0.0,0.0,0.0,202,low_texture,7500.0,A0_Current,CURRENT,KEEP_CURRENT,,0.0,reported_geometry_current,False,False,reported_geometry_current,['/home/shy/AIR/SAR+AI/project/PGRCC/.worktrees/unknown-system-error-next-stage/outputs/yaw_error_formal_compact_20260915/cases/case_181/off/data/stage2_statistical_newprotocol_period_0000.bin'],reported geometry
yaw_moving_target_yaw_p0p500deg_seed_202,moving_target,yaw,0.5,0.5,0.0,0.5,0.0,0.0,0.0,202,low_texture,7500.0,AK_Known_Correction,KNOWN_EVALUATION,APPLY_KNOWN_ERROR_CORRECTION,0.5,0.5,known_yaw_or_servo_error_evaluation_only,True,False,evaluation_only_known_attitude_error,['/home/shy/AIR/SAR+AI/project/PGRCC/.worktrees/unknown-system-error-next-stage/outputs/yaw_error_formal_compact_20260915/cases/case_181/off/data/stage2_statistical_newprotocol_period_0000.bin'],known attitude error
yaw_moving_target_yaw_p0p500deg_seed_202,moving_target,yaw,0.5,0.5,0.0,0.5,0.0,0.0,0.0,202,low_texture,7500.0,A1_Blind_Deterministic,FALLBACK_MODEL_MISMATCH,KEEP_CURRENT,,0.0,fallback_current,False,False,OFF_C_PLUS_N_TARGET_FREE_ONLY,['/home/shy/AIR/SAR+AI/project/PGRCC/.worktrees/unknown-system-error-next-stage/outputs/yaw_error_formal_compact_20260915/cases/case_181/off/data/stage2_statistical_newprotocol_period_0000.bin'],"['six_pair_clutter_phase', 'doppler_ridge_displacement', 'p38_phase_slope', 'multi_beam_power_secondary', 'reported_angle_geometry_platform']"
yaw_moving_target_yaw_p0p500deg_seed_202,moving_target,yaw,0.5,0.5,0.0,0.5,0.0,0.0,0.0,202,low_texture,10000.0,A0_Current,CURRENT,KEEP_CURRENT,,0.0,reported_geometry_current,False,False,reported_geometry_current,['/home/shy/AIR/SAR+AI/project/PGRCC/.worktrees/unknown-system-error-next-stage/outputs/yaw_error_formal_compact_20260915/cases/case_182/off/data/stage2_statistical_newprotocol_period_0000.bin'],reported geometry
yaw_moving_target_yaw_p0p500deg_seed_202,moving_target,yaw,0.5,0.5,0.0,0.5,0.0,0.0,0.0,202,low_texture,10000.0,AK_Known_Correction,KNOWN_EVALUATION,APPLY_KNOWN_ERROR_CORRECTION,0.5,0.5,known_yaw_or_servo_error_evaluation_only,True,False,evaluation_only_known_attitude_error,['/home/shy/AIR/SAR+AI/project/PGRCC/.worktrees/unknown-system-error-next-stage/outputs/yaw_error_formal_compact_20260915/cases/case_182/off/data/stage2_statistical_newprotocol_period_0000.bin'],known attitude error
yaw_moving_target_yaw_p0p500deg_seed_202,moving_target,yaw,0.5,0.5,0.0,0.5,0.0,0.0,0.0,202,low_texture,10000.0,A1_Blind_Deterministic,FALLBACK_MODEL_MISMATCH,KEEP_CURRENT,,0.0,fallback_current,False,False,OFF_C_PLUS_N_TARGET_FREE_ONLY,['/home/shy/AIR/SAR+AI/project/PGRCC/.worktrees/unknown-system-error-next-stage/outputs/yaw_error_formal_compact_20260915/cases/case_182/off/data/stage2_statistical_newprotocol_period_0000.bin'],"['six_pair_clutter_phase', 'doppler_ridge_displacement', 'p38_phase_slope', 'multi_beam_power_secondary', 'reported_angle_geometry_platform']"
yaw_moving_target_yaw_p0p500deg_seed_202,moving_target,yaw,0.5,0.5,0.0,0.5,0.0,0.0,0.0,202,high_texture,7500.0,A0_Current,CURRENT,KEEP_CURRENT,,0.0,reported_geometry_current,False,False,reported_geometry_current,['/home/shy/AIR/SAR+AI/project/PGRCC/.worktrees/unknown-system-error-next-stage/outputs/yaw_error_formal_compact_20260915/cases/case_183/off/data/stage2_statistical_newprotocol_period_0000.bin'],reported geometry
yaw_moving_target_yaw_p0p500deg_seed_202,moving_target,yaw,0.5,0.5,0.0,0.5,0.0,0.0,0.0,202,high_texture,7500.0,AK_Known_Correction,KNOWN_EVALUATION,APPLY_KNOWN_ERROR_CORRECTION,0.5,0.5,known_yaw_or_servo_error_evaluation_only,True,False,evaluation_only_known_attitude_error,['/home/shy/AIR/SAR+AI/project/PGRCC/.worktrees/unknown-system-error-next-stage/outputs/yaw_error_formal_compact_20260915/cases/case_183/off/data/stage2_statistical_newprotocol_period_0000.bin'],known attitude error
yaw_moving_target_yaw_p0p500deg_seed_202,moving_target,yaw,0.5,0.5,0.0,0.5,0.0,0.0,0.0,202,high_texture,7500.0,A1_Blind_Deterministic,FALLBACK_MODEL_MISMATCH,KEEP_CURRENT,,0.0,fallback_current,False,False,OFF_C_PLUS_N_TARGET_FREE_ONLY,['/home/shy/AIR/SAR+AI/project/PGRCC/.worktrees/unknown-system-error-next-stage/outputs/yaw_error_formal_compact_20260915/cases/case_183/off/data/stage2_statistical_newprotocol_period_0000.bin'],"['six_pair_clutter_phase', 'doppler_ridge_displacement', 'p38_phase_slope', 'multi_beam_power_secondary', 'reported_angle_geometry_platform']"
yaw_moving_target_yaw_p0p500deg_seed_202,moving_target,yaw,0.5,0.5,0.0,0.5,0.0,0.0,0.0,202,high_texture,10000.0,A0_Current,CURRENT,KEEP_CURRENT,,0.0,reported_geometry_current,False,False,reported_geometry_current,['/home/shy/AIR/SAR+AI/project/PGRCC/.worktrees/unknown-system-error-next-stage/outputs/yaw_error_formal_compact_20260915/cases/case_184/off/data/stage2_statistical_newprotocol_period_0000.bin'],reported geometry
yaw_moving_target_yaw_p0p500deg_seed_202,moving_target,yaw,0.5,0.5,0.0,0.5,0.0,0.0,0.0,202,high_texture,10000.0,AK_Known_Correction,KNOWN_EVALUATION,APPLY_KNOWN_ERROR_CORRECTION,0.5,0.5,known_yaw_or_servo_error_evaluation_only,True,False,evaluation_only_known_attitude_error,['/home/shy/AIR/SAR+AI/project/PGRCC/.worktrees/unknown-system-error-next-stage/outputs/yaw_error_formal_compact_20260915/cases/case_184/off/data/stage2_statistical_newprotocol_period_0000.bin'],known attitude error
yaw_moving_target_yaw_p0p500deg_seed_202,moving_target,yaw,0.5,0.5,0.0,0.5,0.0,0.0,0.0,202,high_texture,10000.0,A1_Blind_Deterministic,FALLBACK_MODEL_MISMATCH,KEEP_CURRENT,,0.0,fallback_current,False,False,OFF_C_PLUS_N_TARGET_FREE_ONLY,['/home/shy/AIR/SAR+AI/project/PGRCC/.worktrees/unknown-system-error-next-stage/outputs/yaw_error_formal_compact_20260915/cases/case_184/off/data/stage2_statistical_newprotocol_period_0000.bin'],"['six_pair_clutter_phase', 'doppler_ridge_displacement', 'p38_phase_slope', 'multi_beam_power_secondary', 'reported_angle_geometry_platform']"
yaw_moving_target_yaw_m1p000deg_seed_101,moving_target,yaw,-1.0,-1.0,0.0,-1.0,0.0,0.0,0.0,101,low_texture,7500.0,A0_Current,CURRENT,KEEP_CURRENT,,0.0,reported_geometry_current,False,False,reported_geometry_current,['/home/shy/AIR/SAR+AI/project/PGRCC/.worktrees/unknown-system-error-next-stage/outputs/yaw_error_formal_compact_20260915/cases/case_185/off/data/stage2_statistical_newprotocol_period_0000.bin'],reported geometry
yaw_moving_target_yaw_m1p000deg_seed_101,moving_target,yaw,-1.0,-1.0,0.0,-1.0,0.0,0.0,0.0,101,low_texture,7500.0,AK_Known_Correction,KNOWN_EVALUATION,APPLY_KNOWN_ERROR_CORRECTION,-1.0,-1.0,known_yaw_or_servo_error_evaluation_only,True,False,evaluation_only_known_attitude_error,['/home/shy/AIR/SAR+AI/project/PGRCC/.worktrees/unknown-system-error-next-stage/outputs/yaw_error_formal_compact_20260915/cases/case_185/off/data/stage2_statistical_newprotocol_period_0000.bin'],known attitude error
yaw_moving_target_yaw_m1p000deg_seed_101,moving_target,yaw,-1.0,-1.0,0.0,-1.0,0.0,0.0,0.0,101,low_texture,7500.0,A1_Blind_Deterministic,FALLBACK_MODEL_MISMATCH,KEEP_CURRENT,,0.0,fallback_current,False,False,OFF_C_PLUS_N_TARGET_FREE_ONLY,['/home/shy/AIR/SAR+AI/project/PGRCC/.worktrees/unknown-system-error-next-stage/outputs/yaw_error_formal_compact_20260915/cases/case_185/off/data/stage2_statistical_newprotocol_period_0000.bin'],"['six_pair_clutter_phase', 'doppler_ridge_displacement', 'p38_phase_slope', 'multi_beam_power_secondary', 'reported_angle_geometry_platform']"
yaw_moving_target_yaw_m1p000deg_seed_101,moving_target,yaw,-1.0,-1.0,0.0,-1.0,0.0,0.0,0.0,101,low_texture,10000.0,A0_Current,CURRENT,KEEP_CURRENT,,0.0,reported_geometry_current,False,False,reported_geometry_current,['/home/shy/AIR/SAR+AI/project/PGRCC/.worktrees/unknown-system-error-next-stage/outputs/yaw_error_formal_compact_20260915/cases/case_186/off/data/stage2_statistical_newprotocol_period_0000.bin'],reported geometry
yaw_moving_target_yaw_m1p000deg_seed_101,moving_target,yaw,-1.0,-1.0,0.0,-1.0,0.0,0.0,0.0,101,low_texture,10000.0,AK_Known_Correction,KNOWN_EVALUATION,APPLY_KNOWN_ERROR_CORRECTION,-1.0,-1.0,known_yaw_or_servo_error_evaluation_only,True,False,evaluation_only_known_attitude_error,['/home/shy/AIR/SAR+AI/project/PGRCC/.worktrees/unknown-system-error-next-stage/outputs/yaw_error_formal_compact_20260915/cases/case_186/off/data/stage2_statistical_newprotocol_period_0000.bin'],known attitude error
yaw_moving_target_yaw_m1p000deg_seed_101,moving_target,yaw,-1.0,-1.0,0.0,-1.0,0.0,0.0,0.0,101,low_texture,10000.0,A1_Blind_Deterministic,FALLBACK_MODEL_MISMATCH,KEEP_CURRENT,,0.0,fallback_current,False,False,OFF_C_PLUS_N_TARGET_FREE_ONLY,['/home/shy/AIR/SAR+AI/project/PGRCC/.worktrees/unknown-system-error-next-stage/outputs/yaw_error_formal_compact_20260915/cases/case_186/off/data/stage2_statistical_newprotocol_period_0000.bin'],"['six_pair_clutter_phase', 'doppler_ridge_displacement', 'p38_phase_slope', 'multi_beam_power_secondary', 'reported_angle_geometry_platform']"
yaw_moving_target_yaw_m1p000deg_seed_101,moving_target,yaw,-1.0,-1.0,0.0,-1.0,0.0,0.0,0.0,101,high_texture,7500.0,A0_Current,CURRENT,KEEP_CURRENT,,0.0,reported_geometry_current,False,False,reported_geometry_current,['/home/shy/AIR/SAR+AI/project/PGRCC/.worktrees/unknown-system-error-next-stage/outputs/yaw_error_formal_compact_20260915/cases/case_187/off/data/stage2_statistical_newprotocol_period_0000.bin'],reported geometry
yaw_moving_target_yaw_m1p000deg_seed_101,moving_target,yaw,-1.0,-1.0,0.0,-1.0,0.0,0.0,0.0,101,high_texture,7500.0,AK_Known_Correction,KNOWN_EVALUATION,APPLY_KNOWN_ERROR_CORRECTION,-1.0,-1.0,known_yaw_or_servo_error_evaluation_only,True,False,evaluation_only_known_attitude_error,['/home/shy/AIR/SAR+AI/project/PGRCC/.worktrees/unknown-system-error-next-stage/outputs/yaw_error_formal_compact_20260915/cases/case_187/off/data/stage2_statistical_newprotocol_period_0000.bin'],known attitude error
yaw_moving_target_yaw_m1p000deg_seed_101,moving_target,yaw,-1.0,-1.0,0.0,-1.0,0.0,0.0,0.0,101,high_texture,7500.0,A1_Blind_Deterministic,FALLBACK_MODEL_MISMATCH,KEEP_CURRENT,,0.0,fallback_current,False,False,OFF_C_PLUS_N_TARGET_FREE_ONLY,['/home/shy/AIR/SAR+AI/project/PGRCC/.worktrees/unknown-system-error-next-stage/outputs/yaw_error_formal_compact_20260915/cases/case_187/off/data/stage2_statistical_newprotocol_period_0000.bin'],"['six_pair_clutter_phase', 'doppler_ridge_displacement', 'p38_phase_slope', 'multi_beam_power_secondary', 'reported_angle_geometry_platform']"
yaw_moving_target_yaw_m1p000deg_seed_101,moving_target,yaw,-1.0,-1.0,0.0,-1.0,0.0,0.0,0.0,101,high_texture,10000.0,A0_Current,CURRENT,KEEP_CURRENT,,0.0,reported_geometry_current,False,False,reported_geometry_current,['/home/shy/AIR/SAR+AI/project/PGRCC/.worktrees/unknown-system-error-next-stage/outputs/yaw_error_formal_compact_20260915/cases/case_188/off/data/stage2_statistical_newprotocol_period_0000.bin'],reported geometry
yaw_moving_target_yaw_m1p000deg_seed_101,moving_target,yaw,-1.0,-1.0,0.0,-1.0,0.0,0.0,0.0,101,high_texture,10000.0,AK_Known_Correction,KNOWN_EVALUATION,APPLY_KNOWN_ERROR_CORRECTION,-1.0,-1.0,known_yaw_or_servo_error_evaluation_only,True,False,evaluation_only_known_attitude_error,['/home/shy/AIR/SAR+AI/project/PGRCC/.worktrees/unknown-system-error-next-stage/outputs/yaw_error_formal_compact_20260915/cases/case_188/off/data/stage2_statistical_newprotocol_period_0000.bin'],known attitude error
yaw_moving_target_yaw_m1p000deg_seed_101,moving_target,yaw,-1.0,-1.0,0.0,-1.0,0.0,0.0,0.0,101,high_texture,10000.0,A1_Blind_Deterministic,FALLBACK_MODEL_MISMATCH,KEEP_CURRENT,,0.0,fallback_current,False,False,OFF_C_PLUS_N_TARGET_FREE_ONLY,['/home/shy/AIR/SAR+AI/project/PGRCC/.worktrees/unknown-system-error-next-stage/outputs/yaw_error_formal_compact_20260915/cases/case_188/off/data/stage2_statistical_newprotocol_period_0000.bin'],"['six_pair_clutter_phase', 'doppler_ridge_displacement', 'p38_phase_slope', 'multi_beam_power_secondary', 'reported_angle_geometry_platform']"
yaw_moving_target_yaw_m1p000deg_seed_202,moving_target,yaw,-1.0,-1.0,0.0,-1.0,0.0,0.0,0.0,202,low_texture,7500.0,A0_Current,CURRENT,KEEP_CURRENT,,0.0,reported_geometry_current,False,False,reported_geometry_current,['/home/shy/AIR/SAR+AI/project/PGRCC/.worktrees/unknown-system-error-next-stage/outputs/yaw_error_formal_compact_20260915/cases/case_189/off/data/stage2_statistical_newprotocol_period_0000.bin'],reported geometry
yaw_moving_target_yaw_m1p000deg_seed_202,moving_target,yaw,-1.0,-1.0,0.0,-1.0,0.0,0.0,0.0,202,low_texture,7500.0,AK_Known_Correction,KNOWN_EVALUATION,APPLY_KNOWN_ERROR_CORRECTION,-1.0,-1.0,known_yaw_or_servo_error_evaluation_only,True,False,evaluation_only_known_attitude_error,['/home/shy/AIR/SAR+AI/project/PGRCC/.worktrees/unknown-system-error-next-stage/outputs/yaw_error_formal_compact_20260915/cases/case_189/off/data/stage2_statistical_newprotocol_period_0000.bin'],known attitude error
yaw_moving_target_yaw_m1p000deg_seed_202,moving_target,yaw,-1.0,-1.0,0.0,-1.0,0.0,0.0,0.0,202,low_texture,7500.0,A1_Blind_Deterministic,FALLBACK_MODEL_MISMATCH,KEEP_CURRENT,,0.0,fallback_current,False,False,OFF_C_PLUS_N_TARGET_FREE_ONLY,['/home/shy/AIR/SAR+AI/project/PGRCC/.worktrees/unknown-system-error-next-stage/outputs/yaw_error_formal_compact_20260915/cases/case_189/off/data/stage2_statistical_newprotocol_period_0000.bin'],"['six_pair_clutter_phase', 'doppler_ridge_displacement', 'p38_phase_slope', 'multi_beam_power_secondary', 'reported_angle_geometry_platform']"
yaw_moving_target_yaw_m1p000deg_seed_202,moving_target,yaw,-1.0,-1.0,0.0,-1.0,0.0,0.0,0.0,202,low_texture,10000.0,A0_Current,CURRENT,KEEP_CURRENT,,0.0,reported_geometry_current,False,False,reported_geometry_current,['/home/shy/AIR/SAR+AI/project/PGRCC/.worktrees/unknown-system-error-next-stage/outputs/yaw_error_formal_compact_20260915/cases/case_190/off/data/stage2_statistical_newprotocol_period_0000.bin'],reported geometry
yaw_moving_target_yaw_m1p000deg_seed_202,moving_target,yaw,-1.0,-1.0,0.0,-1.0,0.0,0.0,0.0,202,low_texture,10000.0,AK_Known_Correction,KNOWN_EVALUATION,APPLY_KNOWN_ERROR_CORRECTION,-1.0,-1.0,known_yaw_or_servo_error_evaluation_only,True,False,evaluation_only_known_attitude_error,['/home/shy/AIR/SAR+AI/project/PGRCC/.worktrees/unknown-system-error-next-stage/outputs/yaw_error_formal_compact_20260915/cases/case_190/off/data/stage2_statistical_newprotocol_period_0000.bin'],known attitude error
yaw_moving_target_yaw_m1p000deg_seed_202,moving_target,yaw,-1.0,-1.0,0.0,-1.0,0.0,0.0,0.0,202,low_texture,10000.0,A1_Blind_Deterministic,FALLBACK_MODEL_MISMATCH,KEEP_CURRENT,,0.0,fallback_current,False,False,OFF_C_PLUS_N_TARGET_FREE_ONLY,['/home/shy/AIR/SAR+AI/project/PGRCC/.worktrees/unknown-system-error-next-stage/outputs/yaw_error_formal_compact_20260915/cases/case_190/off/data/stage2_statistical_newprotocol_period_0000.bin'],"['six_pair_clutter_phase', 'doppler_ridge_displacement', 'p38_phase_slope', 'multi_beam_power_secondary', 'reported_angle_geometry_platform']"
yaw_moving_target_yaw_m1p000deg_seed_202,moving_target,yaw,-1.0,-1.0,0.0,-1.0,0.0,0.0,0.0,202,high_texture,7500.0,A0_Current,CURRENT,KEEP_CURRENT,,0.0,reported_geometry_current,False,False,reported_geometry_current,['/home/shy/AIR/SAR+AI/project/PGRCC/.worktrees/unknown-system-error-next-stage/outputs/yaw_error_formal_compact_20260915/cases/case_191/off/data/stage2_statistical_newprotocol_period_0000.bin'],reported geometry
yaw_moving_target_yaw_m1p000deg_seed_202,moving_target,yaw,-1.0,-1.0,0.0,-1.0,0.0,0.0,0.0,202,high_texture,7500.0,AK_Known_Correction,KNOWN_EVALUATION,APPLY_KNOWN_ERROR_CORRECTION,-1.0,-1.0,known_yaw_or_servo_error_evaluation_only,True,False,evaluation_only_known_attitude_error,['/home/shy/AIR/SAR+AI/project/PGRCC/.worktrees/unknown-system-error-next-stage/outputs/yaw_error_formal_compact_20260915/cases/case_191/off/data/stage2_statistical_newprotocol_period_0000.bin'],known attitude error
yaw_moving_target_yaw_m1p000deg_seed_202,moving_target,yaw,-1.0,-1.0,0.0,-1.0,0.0,0.0,0.0,202,high_texture,7500.0,A1_Blind_Deterministic,FALLBACK_MODEL_MISMATCH,KEEP_CURRENT,,0.0,fallback_current,False,False,OFF_C_PLUS_N_TARGET_FREE_ONLY,['/home/shy/AIR/SAR+AI/project/PGRCC/.worktrees/unknown-system-error-next-stage/outputs/yaw_error_formal_compact_20260915/cases/case_191/off/data/stage2_statistical_newprotocol_period_0000.bin'],"['six_pair_clutter_phase', 'doppler_ridge_displacement', 'p38_phase_slope', 'multi_beam_power_secondary', 'reported_angle_geometry_platform']"
yaw_moving_target_yaw_m1p000deg_seed_202,moving_target,yaw,-1.0,-1.0,0.0,-1.0,0.0,0.0,0.0,202,high_texture,10000.0,A0_Current,CURRENT,KEEP_CURRENT,,0.0,reported_geometry_current,False,False,reported_geometry_current,['/home/shy/AIR/SAR+AI/project/PGRCC/.worktrees/unknown-system-error-next-stage/outputs/yaw_error_formal_compact_20260915/cases/case_192/off/data/stage2_statistical_newprotocol_period_0000.bin'],reported geometry
yaw_moving_target_yaw_m1p000deg_seed_202,moving_target,yaw,-1.0,-1.0,0.0,-1.0,0.0,0.0,0.0,202,high_texture,10000.0,AK_Known_Correction,KNOWN_EVALUATION,APPLY_KNOWN_ERROR_CORRECTION,-1.0,-1.0,known_yaw_or_servo_error_evaluation_only,True,False,evaluation_only_known_attitude_error,['/home/shy/AIR/SAR+AI/project/PGRCC/.worktrees/unknown-system-error-next-stage/outputs/yaw_error_formal_compact_20260915/cases/case_192/off/data/stage2_statistical_newprotocol_period_0000.bin'],known attitude error
yaw_moving_target_yaw_m1p000deg_seed_202,moving_target,yaw,-1.0,-1.0,0.0,-1.0,0.0,0.0,0.0,202,high_texture,10000.0,A1_Blind_Deterministic,FALLBACK_MODEL_MISMATCH,KEEP_CURRENT,,0.0,fallback_current,False,False,OFF_C_PLUS_N_TARGET_FREE_ONLY,['/home/shy/AIR/SAR+AI/project/PGRCC/.worktrees/unknown-system-error-next-stage/outputs/yaw_error_formal_compact_20260915/cases/case_192/off/data/stage2_statistical_newprotocol_period_0000.bin'],"['six_pair_clutter_phase', 'doppler_ridge_displacement', 'p38_phase_slope', 'multi_beam_power_secondary', 'reported_angle_geometry_platform']"
yaw_moving_target_yaw_p1p000deg_seed_101,moving_target,yaw,1.0,1.0,0.0,1.0,0.0,0.0,0.0,101,low_texture,7500.0,A0_Current,CURRENT,KEEP_CURRENT,,0.0,reported_geometry_current,False,False,reported_geometry_current,['/home/shy/AIR/SAR+AI/project/PGRCC/.worktrees/unknown-system-error-next-stage/outputs/yaw_error_formal_compact_20260915/cases/case_193/off/data/stage2_statistical_newprotocol_period_0000.bin'],reported geometry
yaw_moving_target_yaw_p1p000deg_seed_101,moving_target,yaw,1.0,1.0,0.0,1.0,0.0,0.0,0.0,101,low_texture,7500.0,AK_Known_Correction,KNOWN_EVALUATION,APPLY_KNOWN_ERROR_CORRECTION,1.0,1.0,known_yaw_or_servo_error_evaluation_only,True,False,evaluation_only_known_attitude_error,['/home/shy/AIR/SAR+AI/project/PGRCC/.worktrees/unknown-system-error-next-stage/outputs/yaw_error_formal_compact_20260915/cases/case_193/off/data/stage2_statistical_newprotocol_period_0000.bin'],known attitude error
yaw_moving_target_yaw_p1p000deg_seed_101,moving_target,yaw,1.0,1.0,0.0,1.0,0.0,0.0,0.0,101,low_texture,7500.0,A1_Blind_Deterministic,FALLBACK_MODEL_MISMATCH,KEEP_CURRENT,,0.0,fallback_current,False,False,OFF_C_PLUS_N_TARGET_FREE_ONLY,['/home/shy/AIR/SAR+AI/project/PGRCC/.worktrees/unknown-system-error-next-stage/outputs/yaw_error_formal_compact_20260915/cases/case_193/off/data/stage2_statistical_newprotocol_period_0000.bin'],"['six_pair_clutter_phase', 'doppler_ridge_displacement', 'p38_phase_slope', 'multi_beam_power_secondary', 'reported_angle_geometry_platform']"
yaw_moving_target_yaw_p1p000deg_seed_101,moving_target,yaw,1.0,1.0,0.0,1.0,0.0,0.0,0.0,101,low_texture,10000.0,A0_Current,CURRENT,KEEP_CURRENT,,0.0,reported_geometry_current,False,False,reported_geometry_current,['/home/shy/AIR/SAR+AI/project/PGRCC/.worktrees/unknown-system-error-next-stage/outputs/yaw_error_formal_compact_20260915/cases/case_194/off/data/stage2_statistical_newprotocol_period_0000.bin'],reported geometry
yaw_moving_target_yaw_p1p000deg_seed_101,moving_target,yaw,1.0,1.0,0.0,1.0,0.0,0.0,0.0,101,low_texture,10000.0,AK_Known_Correction,KNOWN_EVALUATION,APPLY_KNOWN_ERROR_CORRECTION,1.0,1.0,known_yaw_or_servo_error_evaluation_only,True,False,evaluation_only_known_attitude_error,['/home/shy/AIR/SAR+AI/project/PGRCC/.worktrees/unknown-system-error-next-stage/outputs/yaw_error_formal_compact_20260915/cases/case_194/off/data/stage2_statistical_newprotocol_period_0000.bin'],known attitude error
yaw_moving_target_yaw_p1p000deg_seed_101,moving_target,yaw,1.0,1.0,0.0,1.0,0.0,0.0,0.0,101,low_texture,10000.0,A1_Blind_Deterministic,FALLBACK_MODEL_MISMATCH,KEEP_CURRENT,,0.0,fallback_current,False,False,OFF_C_PLUS_N_TARGET_FREE_ONLY,['/home/shy/AIR/SAR+AI/project/PGRCC/.worktrees/unknown-system-error-next-stage/outputs/yaw_error_formal_compact_20260915/cases/case_194/off/data/stage2_statistical_newprotocol_period_0000.bin'],"['six_pair_clutter_phase', 'doppler_ridge_displacement', 'p38_phase_slope', 'multi_beam_power_secondary', 'reported_angle_geometry_platform']"
yaw_moving_target_yaw_p1p000deg_seed_101,moving_target,yaw,1.0,1.0,0.0,1.0,0.0,0.0,0.0,101,high_texture,7500.0,A0_Current,CURRENT,KEEP_CURRENT,,0.0,reported_geometry_current,False,False,reported_geometry_current,['/home/shy/AIR/SAR+AI/project/PGRCC/.worktrees/unknown-system-error-next-stage/outputs/yaw_error_formal_compact_20260915/cases/case_195/off/data/stage2_statistical_newprotocol_period_0000.bin'],reported geometry
yaw_moving_target_yaw_p1p000deg_seed_101,moving_target,yaw,1.0,1.0,0.0,1.0,0.0,0.0,0.0,101,high_texture,7500.0,AK_Known_Correction,KNOWN_EVALUATION,APPLY_KNOWN_ERROR_CORRECTION,1.0,1.0,known_yaw_or_servo_error_evaluation_only,True,False,evaluation_only_known_attitude_error,['/home/shy/AIR/SAR+AI/project/PGRCC/.worktrees/unknown-system-error-next-stage/outputs/yaw_error_formal_compact_20260915/cases/case_195/off/data/stage2_statistical_newprotocol_period_0000.bin'],known attitude error
yaw_moving_target_yaw_p1p000deg_seed_101,moving_target,yaw,1.0,1.0,0.0,1.0,0.0,0.0,0.0,101,high_texture,7500.0,A1_Blind_Deterministic,FALLBACK_MODEL_MISMATCH,KEEP_CURRENT,,0.0,fallback_current,False,False,OFF_C_PLUS_N_TARGET_FREE_ONLY,['/home/shy/AIR/SAR+AI/project/PGRCC/.worktrees/unknown-system-error-next-stage/outputs/yaw_error_formal_compact_20260915/cases/case_195/off/data/stage2_statistical_newprotocol_period_0000.bin'],"['six_pair_clutter_phase', 'doppler_ridge_displacement', 'p38_phase_slope', 'multi_beam_power_secondary', 'reported_angle_geometry_platform']"
yaw_moving_target_yaw_p1p000deg_seed_101,moving_target,yaw,1.0,1.0,0.0,1.0,0.0,0.0,0.0,101,high_texture,10000.0,A0_Current,CURRENT,KEEP_CURRENT,,0.0,reported_geometry_current,False,False,reported_geometry_current,['/home/shy/AIR/SAR+AI/project/PGRCC/.worktrees/unknown-system-error-next-stage/outputs/yaw_error_formal_compact_20260915/cases/case_196/off/data/stage2_statistical_newprotocol_period_0000.bin'],reported geometry
yaw_moving_target_yaw_p1p000deg_seed_101,moving_target,yaw,1.0,1.0,0.0,1.0,0.0,0.0,0.0,101,high_texture,10000.0,AK_Known_Correction,KNOWN_EVALUATION,APPLY_KNOWN_ERROR_CORRECTION,1.0,1.0,known_yaw_or_servo_error_evaluation_only,True,False,evaluation_only_known_attitude_error,['/home/shy/AIR/SAR+AI/project/PGRCC/.worktrees/unknown-system-error-next-stage/outputs/yaw_error_formal_compact_20260915/cases/case_196/off/data/stage2_statistical_newprotocol_period_0000.bin'],known attitude error
yaw_moving_target_yaw_p1p000deg_seed_101,moving_target,yaw,1.0,1.0,0.0,1.0,0.0,0.0,0.0,101,high_texture,10000.0,A1_Blind_Deterministic,FALLBACK_MODEL_MISMATCH,KEEP_CURRENT,,0.0,fallback_current,False,False,OFF_C_PLUS_N_TARGET_FREE_ONLY,['/home/shy/AIR/SAR+AI/project/PGRCC/.worktrees/unknown-system-error-next-stage/outputs/yaw_error_formal_compact_20260915/cases/case_196/off/data/stage2_statistical_newprotocol_period_0000.bin'],"['six_pair_clutter_phase', 'doppler_ridge_displacement', 'p38_phase_slope', 'multi_beam_power_secondary', 'reported_angle_geometry_platform']"
yaw_moving_target_yaw_p1p000deg_seed_202,moving_target,yaw,1.0,1.0,0.0,1.0,0.0,0.0,0.0,202,low_texture,7500.0,A0_Current,CURRENT,KEEP_CURRENT,,0.0,reported_geometry_current,False,False,reported_geometry_current,['/home/shy/AIR/SAR+AI/project/PGRCC/.worktrees/unknown-system-error-next-stage/outputs/yaw_error_formal_compact_20260915/cases/case_197/off/data/stage2_statistical_newprotocol_period_0000.bin'],reported geometry
yaw_moving_target_yaw_p1p000deg_seed_202,moving_target,yaw,1.0,1.0,0.0,1.0,0.0,0.0,0.0,202,low_texture,7500.0,AK_Known_Correction,KNOWN_EVALUATION,APPLY_KNOWN_ERROR_CORRECTION,1.0,1.0,known_yaw_or_servo_error_evaluation_only,True,False,evaluation_only_known_attitude_error,['/home/shy/AIR/SAR+AI/project/PGRCC/.worktrees/unknown-system-error-next-stage/outputs/yaw_error_formal_compact_20260915/cases/case_197/off/data/stage2_statistical_newprotocol_period_0000.bin'],known attitude error
yaw_moving_target_yaw_p1p000deg_seed_202,moving_target,yaw,1.0,1.0,0.0,1.0,0.0,0.0,0.0,202,low_texture,7500.0,A1_Blind_Deterministic,FALLBACK_MODEL_MISMATCH,KEEP_CURRENT,,0.0,fallback_current,False,False,OFF_C_PLUS_N_TARGET_FREE_ONLY,['/home/shy/AIR/SAR+AI/project/PGRCC/.worktrees/unknown-system-error-next-stage/outputs/yaw_error_formal_compact_20260915/cases/case_197/off/data/stage2_statistical_newprotocol_period_0000.bin'],"['six_pair_clutter_phase', 'doppler_ridge_displacement', 'p38_phase_slope', 'multi_beam_power_secondary', 'reported_angle_geometry_platform']"
yaw_moving_target_yaw_p1p000deg_seed_202,moving_target,yaw,1.0,1.0,0.0,1.0,0.0,0.0,0.0,202,low_texture,10000.0,A0_Current,CURRENT,KEEP_CURRENT,,0.0,reported_geometry_current,False,False,reported_geometry_current,['/home/shy/AIR/SAR+AI/project/PGRCC/.worktrees/unknown-system-error-next-stage/outputs/yaw_error_formal_compact_20260915/cases/case_198/off/data/stage2_statistical_newprotocol_period_0000.bin'],reported geometry
yaw_moving_target_yaw_p1p000deg_seed_202,moving_target,yaw,1.0,1.0,0.0,1.0,0.0,0.0,0.0,202,low_texture,10000.0,AK_Known_Correction,KNOWN_EVALUATION,APPLY_KNOWN_ERROR_CORRECTION,1.0,1.0,known_yaw_or_servo_error_evaluation_only,True,False,evaluation_only_known_attitude_error,['/home/shy/AIR/SAR+AI/project/PGRCC/.worktrees/unknown-system-error-next-stage/outputs/yaw_error_formal_compact_20260915/cases/case_198/off/data/stage2_statistical_newprotocol_period_0000.bin'],known attitude error
yaw_moving_target_yaw_p1p000deg_seed_202,moving_target,yaw,1.0,1.0,0.0,1.0,0.0,0.0,0.0,202,low_texture,10000.0,A1_Blind_Deterministic,FALLBACK_MODEL_MISMATCH,KEEP_CURRENT,,0.0,fallback_current,False,False,OFF_C_PLUS_N_TARGET_FREE_ONLY,['/home/shy/AIR/SAR+AI/project/PGRCC/.worktrees/unknown-system-error-next-stage/outputs/yaw_error_formal_compact_20260915/cases/case_198/off/data/stage2_statistical_newprotocol_period_0000.bin'],"['six_pair_clutter_phase', 'doppler_ridge_displacement', 'p38_phase_slope', 'multi_beam_power_secondary', 'reported_angle_geometry_platform']"
yaw_moving_target_yaw_p1p000deg_seed_202,moving_target,yaw,1.0,1.0,0.0,1.0,0.0,0.0,0.0,202,high_texture,7500.0,A0_Current,CURRENT,KEEP_CURRENT,,0.0,reported_geometry_current,False,False,reported_geometry_current,['/home/shy/AIR/SAR+AI/project/PGRCC/.worktrees/unknown-system-error-next-stage/outputs/yaw_error_formal_compact_20260915/cases/case_199/off/data/stage2_statistical_newprotocol_period_0000.bin'],reported geometry
yaw_moving_target_yaw_p1p000deg_seed_202,moving_target,yaw,1.0,1.0,0.0,1.0,0.0,0.0,0.0,202,high_texture,7500.0,AK_Known_Correction,KNOWN_EVALUATION,APPLY_KNOWN_ERROR_CORRECTION,1.0,1.0,known_yaw_or_servo_error_evaluation_only,True,False,evaluation_only_known_attitude_error,['/home/shy/AIR/SAR+AI/project/PGRCC/.worktrees/unknown-system-error-next-stage/outputs/yaw_error_formal_compact_20260915/cases/case_199/off/data/stage2_statistical_newprotocol_period_0000.bin'],known attitude error
yaw_moving_target_yaw_p1p000deg_seed_202,moving_target,yaw,1.0,1.0,0.0,1.0,0.0,0.0,0.0,202,high_texture,7500.0,A1_Blind_Deterministic,FALLBACK_MODEL_MISMATCH,KEEP_CURRENT,,0.0,fallback_current,False,False,OFF_C_PLUS_N_TARGET_FREE_ONLY,['/home/shy/AIR/SAR+AI/project/PGRCC/.worktrees/unknown-system-error-next-stage/outputs/yaw_error_formal_compact_20260915/cases/case_199/off/data/stage2_statistical_newprotocol_period_0000.bin'],"['six_pair_clutter_phase', 'doppler_ridge_displacement', 'p38_phase_slope', 'multi_beam_power_secondary', 'reported_angle_geometry_platform']"
yaw_moving_target_yaw_p1p000deg_seed_202,moving_target,yaw,1.0,1.0,0.0,1.0,0.0,0.0,0.0,202,high_texture,10000.0,A0_Current,CURRENT,KEEP_CURRENT,,0.0,reported_geometry_current,False,False,reported_geometry_current,['/home/shy/AIR/SAR+AI/project/PGRCC/.worktrees/unknown-system-error-next-stage/outputs/yaw_error_formal_compact_20260915/cases/case_200/off/data/stage2_statistical_newprotocol_period_0000.bin'],reported geometry
yaw_moving_target_yaw_p1p000deg_seed_202,moving_target,yaw,1.0,1.0,0.0,1.0,0.0,0.0,0.0,202,high_texture,10000.0,AK_Known_Correction,KNOWN_EVALUATION,APPLY_KNOWN_ERROR_CORRECTION,1.0,1.0,known_yaw_or_servo_error_evaluation_only,True,False,evaluation_only_known_attitude_error,['/home/shy/AIR/SAR+AI/project/PGRCC/.worktrees/unknown-system-error-next-stage/outputs/yaw_error_formal_compact_20260915/cases/case_200/off/data/stage2_statistical_newprotocol_period_0000.bin'],known attitude error
yaw_moving_target_yaw_p1p000deg_seed_202,moving_target,yaw,1.0,1.0,0.0,1.0,0.0,0.0,0.0,202,high_texture,10000.0,A1_Blind_Deterministic,FALLBACK_MODEL_MISMATCH,KEEP_CURRENT,,0.0,fallback_current,False,False,OFF_C_PLUS_N_TARGET_FREE_ONLY,['/home/shy/AIR/SAR+AI/project/PGRCC/.worktrees/unknown-system-error-next-stage/outputs/yaw_error_formal_compact_20260915/cases/case_200/off/data/stage2_statistical_newprotocol_period_0000.bin'],"['six_pair_clutter_phase', 'doppler_ridge_displacement', 'p38_phase_slope', 'multi_beam_power_secondary', 'reported_angle_geometry_platform']"
yaw_moving_target_servo_p0p000deg_seed_101,moving_target,servo,0.0,0.0,0.0,0.0,0.0,0.0,0.0,101,low_texture,7500.0,A0_Current,CURRENT,KEEP_CURRENT,,0.0,reported_geometry_current,False,False,reported_geometry_current,['/home/shy/AIR/SAR+AI/project/PGRCC/.worktrees/unknown-system-error-next-stage/outputs/yaw_error_formal_compact_20260915/cases/case_201/off/data/stage2_statistical_newprotocol_period_0000.bin'],reported geometry
yaw_moving_target_servo_p0p000deg_seed_101,moving_target,servo,0.0,0.0,0.0,0.0,0.0,0.0,0.0,101,low_texture,7500.0,AK_Known_Correction,KNOWN_EVALUATION,NO_CORRECTION_NEEDED,0.0,0.0,known_yaw_or_servo_error_evaluation_only,True,False,evaluation_only_known_attitude_error,['/home/shy/AIR/SAR+AI/project/PGRCC/.worktrees/unknown-system-error-next-stage/outputs/yaw_error_formal_compact_20260915/cases/case_201/off/data/stage2_statistical_newprotocol_period_0000.bin'],known attitude error
yaw_moving_target_servo_p0p000deg_seed_101,moving_target,servo,0.0,0.0,0.0,0.0,0.0,0.0,0.0,101,low_texture,7500.0,A1_Blind_Deterministic,FALLBACK_MODEL_MISMATCH,KEEP_CURRENT,,0.0,fallback_current,False,False,OFF_C_PLUS_N_TARGET_FREE_ONLY,['/home/shy/AIR/SAR+AI/project/PGRCC/.worktrees/unknown-system-error-next-stage/outputs/yaw_error_formal_compact_20260915/cases/case_201/off/data/stage2_statistical_newprotocol_period_0000.bin'],"['six_pair_clutter_phase', 'doppler_ridge_displacement', 'p38_phase_slope', 'multi_beam_power_secondary', 'reported_angle_geometry_platform']"
yaw_moving_target_servo_p0p000deg_seed_101,moving_target,servo,0.0,0.0,0.0,0.0,0.0,0.0,0.0,101,low_texture,10000.0,A0_Current,CURRENT,KEEP_CURRENT,,0.0,reported_geometry_current,False,False,reported_geometry_current,['/home/shy/AIR/SAR+AI/project/PGRCC/.worktrees/unknown-system-error-next-stage/outputs/yaw_error_formal_compact_20260915/cases/case_202/off/data/stage2_statistical_newprotocol_period_0000.bin'],reported geometry
yaw_moving_target_servo_p0p000deg_seed_101,moving_target,servo,0.0,0.0,0.0,0.0,0.0,0.0,0.0,101,low_texture,10000.0,AK_Known_Correction,KNOWN_EVALUATION,NO_CORRECTION_NEEDED,0.0,0.0,known_yaw_or_servo_error_evaluation_only,True,False,evaluation_only_known_attitude_error,['/home/shy/AIR/SAR+AI/project/PGRCC/.worktrees/unknown-system-error-next-stage/outputs/yaw_error_formal_compact_20260915/cases/case_202/off/data/stage2_statistical_newprotocol_period_0000.bin'],known attitude error
yaw_moving_target_servo_p0p000deg_seed_101,moving_target,servo,0.0,0.0,0.0,0.0,0.0,0.0,0.0,101,low_texture,10000.0,A1_Blind_Deterministic,FALLBACK_MODEL_MISMATCH,KEEP_CURRENT,,0.0,fallback_current,False,False,OFF_C_PLUS_N_TARGET_FREE_ONLY,['/home/shy/AIR/SAR+AI/project/PGRCC/.worktrees/unknown-system-error-next-stage/outputs/yaw_error_formal_compact_20260915/cases/case_202/off/data/stage2_statistical_newprotocol_period_0000.bin'],"['six_pair_clutter_phase', 'doppler_ridge_displacement', 'p38_phase_slope', 'multi_beam_power_secondary', 'reported_angle_geometry_platform']"
yaw_moving_target_servo_p0p000deg_seed_101,moving_target,servo,0.0,0.0,0.0,0.0,0.0,0.0,0.0,101,high_texture,7500.0,A0_Current,CURRENT,KEEP_CURRENT,,0.0,reported_geometry_current,False,False,reported_geometry_current,['/home/shy/AIR/SAR+AI/project/PGRCC/.worktrees/unknown-system-error-next-stage/outputs/yaw_error_formal_compact_20260915/cases/case_203/off/data/stage2_statistical_newprotocol_period_0000.bin'],reported geometry
yaw_moving_target_servo_p0p000deg_seed_101,moving_target,servo,0.0,0.0,0.0,0.0,0.0,0.0,0.0,101,high_texture,7500.0,AK_Known_Correction,KNOWN_EVALUATION,NO_CORRECTION_NEEDED,0.0,0.0,known_yaw_or_servo_error_evaluation_only,True,False,evaluation_only_known_attitude_error,['/home/shy/AIR/SAR+AI/project/PGRCC/.worktrees/unknown-system-error-next-stage/outputs/yaw_error_formal_compact_20260915/cases/case_203/off/data/stage2_statistical_newprotocol_period_0000.bin'],known attitude error
yaw_moving_target_servo_p0p000deg_seed_101,moving_target,servo,0.0,0.0,0.0,0.0,0.0,0.0,0.0,101,high_texture,7500.0,A1_Blind_Deterministic,FALLBACK_MODEL_MISMATCH,KEEP_CURRENT,,0.0,fallback_current,False,False,OFF_C_PLUS_N_TARGET_FREE_ONLY,['/home/shy/AIR/SAR+AI/project/PGRCC/.worktrees/unknown-system-error-next-stage/outputs/yaw_error_formal_compact_20260915/cases/case_203/off/data/stage2_statistical_newprotocol_period_0000.bin'],"['six_pair_clutter_phase', 'doppler_ridge_displacement', 'p38_phase_slope', 'multi_beam_power_secondary', 'reported_angle_geometry_platform']"
yaw_moving_target_servo_p0p000deg_seed_101,moving_target,servo,0.0,0.0,0.0,0.0,0.0,0.0,0.0,101,high_texture,10000.0,A0_Current,CURRENT,KEEP_CURRENT,,0.0,reported_geometry_current,False,False,reported_geometry_current,['/home/shy/AIR/SAR+AI/project/PGRCC/.worktrees/unknown-system-error-next-stage/outputs/yaw_error_formal_compact_20260915/cases/case_204/off/data/stage2_statistical_newprotocol_period_0000.bin'],reported geometry
yaw_moving_target_servo_p0p000deg_seed_101,moving_target,servo,0.0,0.0,0.0,0.0,0.0,0.0,0.0,101,high_texture,10000.0,AK_Known_Correction,KNOWN_EVALUATION,NO_CORRECTION_NEEDED,0.0,0.0,known_yaw_or_servo_error_evaluation_only,True,False,evaluation_only_known_attitude_error,['/home/shy/AIR/SAR+AI/project/PGRCC/.worktrees/unknown-system-error-next-stage/outputs/yaw_error_formal_compact_20260915/cases/case_204/off/data/stage2_statistical_newprotocol_period_0000.bin'],known attitude error
yaw_moving_target_servo_p0p000deg_seed_101,moving_target,servo,0.0,0.0,0.0,0.0,0.0,0.0,0.0,101,high_texture,10000.0,A1_Blind_Deterministic,FALLBACK_MODEL_MISMATCH,KEEP_CURRENT,,0.0,fallback_current,False,False,OFF_C_PLUS_N_TARGET_FREE_ONLY,['/home/shy/AIR/SAR+AI/project/PGRCC/.worktrees/unknown-system-error-next-stage/outputs/yaw_error_formal_compact_20260915/cases/case_204/off/data/stage2_statistical_newprotocol_period_0000.bin'],"['six_pair_clutter_phase', 'doppler_ridge_displacement', 'p38_phase_slope', 'multi_beam_power_secondary', 'reported_angle_geometry_platform']"
yaw_moving_target_servo_p0p000deg_seed_202,moving_target,servo,0.0,0.0,0.0,0.0,0.0,0.0,0.0,202,low_texture,7500.0,A0_Current,CURRENT,KEEP_CURRENT,,0.0,reported_geometry_current,False,False,reported_geometry_current,['/home/shy/AIR/SAR+AI/project/PGRCC/.worktrees/unknown-system-error-next-stage/outputs/yaw_error_formal_compact_20260915/cases/case_205/off/data/stage2_statistical_newprotocol_period_0000.bin'],reported geometry
yaw_moving_target_servo_p0p000deg_seed_202,moving_target,servo,0.0,0.0,0.0,0.0,0.0,0.0,0.0,202,low_texture,7500.0,AK_Known_Correction,KNOWN_EVALUATION,NO_CORRECTION_NEEDED,0.0,0.0,known_yaw_or_servo_error_evaluation_only,True,False,evaluation_only_known_attitude_error,['/home/shy/AIR/SAR+AI/project/PGRCC/.worktrees/unknown-system-error-next-stage/outputs/yaw_error_formal_compact_20260915/cases/case_205/off/data/stage2_statistical_newprotocol_period_0000.bin'],known attitude error
yaw_moving_target_servo_p0p000deg_seed_202,moving_target,servo,0.0,0.0,0.0,0.0,0.0,0.0,0.0,202,low_texture,7500.0,A1_Blind_Deterministic,FALLBACK_MODEL_MISMATCH,KEEP_CURRENT,,0.0,fallback_current,False,False,OFF_C_PLUS_N_TARGET_FREE_ONLY,['/home/shy/AIR/SAR+AI/project/PGRCC/.worktrees/unknown-system-error-next-stage/outputs/yaw_error_formal_compact_20260915/cases/case_205/off/data/stage2_statistical_newprotocol_period_0000.bin'],"['six_pair_clutter_phase', 'doppler_ridge_displacement', 'p38_phase_slope', 'multi_beam_power_secondary', 'reported_angle_geometry_platform']"
yaw_moving_target_servo_p0p000deg_seed_202,moving_target,servo,0.0,0.0,0.0,0.0,0.0,0.0,0.0,202,low_texture,10000.0,A0_Current,CURRENT,KEEP_CURRENT,,0.0,reported_geometry_current,False,False,reported_geometry_current,['/home/shy/AIR/SAR+AI/project/PGRCC/.worktrees/unknown-system-error-next-stage/outputs/yaw_error_formal_compact_20260915/cases/case_206/off/data/stage2_statistical_newprotocol_period_0000.bin'],reported geometry
yaw_moving_target_servo_p0p000deg_seed_202,moving_target,servo,0.0,0.0,0.0,0.0,0.0,0.0,0.0,202,low_texture,10000.0,AK_Known_Correction,KNOWN_EVALUATION,NO_CORRECTION_NEEDED,0.0,0.0,known_yaw_or_servo_error_evaluation_only,True,False,evaluation_only_known_attitude_error,['/home/shy/AIR/SAR+AI/project/PGRCC/.worktrees/unknown-system-error-next-stage/outputs/yaw_error_formal_compact_20260915/cases/case_206/off/data/stage2_statistical_newprotocol_period_0000.bin'],known attitude error
yaw_moving_target_servo_p0p000deg_seed_202,moving_target,servo,0.0,0.0,0.0,0.0,0.0,0.0,0.0,202,low_texture,10000.0,A1_Blind_Deterministic,FALLBACK_MODEL_MISMATCH,KEEP_CURRENT,,0.0,fallback_current,False,False,OFF_C_PLUS_N_TARGET_FREE_ONLY,['/home/shy/AIR/SAR+AI/project/PGRCC/.worktrees/unknown-system-error-next-stage/outputs/yaw_error_formal_compact_20260915/cases/case_206/off/data/stage2_statistical_newprotocol_period_0000.bin'],"['six_pair_clutter_phase', 'doppler_ridge_displacement', 'p38_phase_slope', 'multi_beam_power_secondary', 'reported_angle_geometry_platform']"
yaw_moving_target_servo_p0p000deg_seed_202,moving_target,servo,0.0,0.0,0.0,0.0,0.0,0.0,0.0,202,high_texture,7500.0,A0_Current,CURRENT,KEEP_CURRENT,,0.0,reported_geometry_current,False,False,reported_geometry_current,['/home/shy/AIR/SAR+AI/project/PGRCC/.worktrees/unknown-system-error-next-stage/outputs/yaw_error_formal_compact_20260915/cases/case_207/off/data/stage2_statistical_newprotocol_period_0000.bin'],reported geometry
yaw_moving_target_servo_p0p000deg_seed_202,moving_target,servo,0.0,0.0,0.0,0.0,0.0,0.0,0.0,202,high_texture,7500.0,AK_Known_Correction,KNOWN_EVALUATION,NO_CORRECTION_NEEDED,0.0,0.0,known_yaw_or_servo_error_evaluation_only,True,False,evaluation_only_known_attitude_error,['/home/shy/AIR/SAR+AI/project/PGRCC/.worktrees/unknown-system-error-next-stage/outputs/yaw_error_formal_compact_20260915/cases/case_207/off/data/stage2_statistical_newprotocol_period_0000.bin'],known attitude error
yaw_moving_target_servo_p0p000deg_seed_202,moving_target,servo,0.0,0.0,0.0,0.0,0.0,0.0,0.0,202,high_texture,7500.0,A1_Blind_Deterministic,FALLBACK_MODEL_MISMATCH,KEEP_CURRENT,,0.0,fallback_current,False,False,OFF_C_PLUS_N_TARGET_FREE_ONLY,['/home/shy/AIR/SAR+AI/project/PGRCC/.worktrees/unknown-system-error-next-stage/outputs/yaw_error_formal_compact_20260915/cases/case_207/off/data/stage2_statistical_newprotocol_period_0000.bin'],"['six_pair_clutter_phase', 'doppler_ridge_displacement', 'p38_phase_slope', 'multi_beam_power_secondary', 'reported_angle_geometry_platform']"
yaw_moving_target_servo_p0p000deg_seed_202,moving_target,servo,0.0,0.0,0.0,0.0,0.0,0.0,0.0,202,high_texture,10000.0,A0_Current,CURRENT,KEEP_CURRENT,,0.0,reported_geometry_current,False,False,reported_geometry_current,['/home/shy/AIR/SAR+AI/project/PGRCC/.worktrees/unknown-system-error-next-stage/outputs/yaw_error_formal_compact_20260915/cases/case_208/off/data/stage2_statistical_newprotocol_period_0000.bin'],reported geometry
yaw_moving_target_servo_p0p000deg_seed_202,moving_target,servo,0.0,0.0,0.0,0.0,0.0,0.0,0.0,202,high_texture,10000.0,AK_Known_Correction,KNOWN_EVALUATION,NO_CORRECTION_NEEDED,0.0,0.0,known_yaw_or_servo_error_evaluation_only,True,False,evaluation_only_known_attitude_error,['/home/shy/AIR/SAR+AI/project/PGRCC/.worktrees/unknown-system-error-next-stage/outputs/yaw_error_formal_compact_20260915/cases/case_208/off/data/stage2_statistical_newprotocol_period_0000.bin'],known attitude error
yaw_moving_target_servo_p0p000deg_seed_202,moving_target,servo,0.0,0.0,0.0,0.0,0.0,0.0,0.0,202,high_texture,10000.0,A1_Blind_Deterministic,FALLBACK_MODEL_MISMATCH,KEEP_CURRENT,,0.0,fallback_current,False,False,OFF_C_PLUS_N_TARGET_FREE_ONLY,['/home/shy/AIR/SAR+AI/project/PGRCC/.worktrees/unknown-system-error-next-stage/outputs/yaw_error_formal_compact_20260915/cases/case_208/off/data/stage2_statistical_newprotocol_period_0000.bin'],"['six_pair_clutter_phase', 'doppler_ridge_displacement', 'p38_phase_slope', 'multi_beam_power_secondary', 'reported_angle_geometry_platform']"
yaw_moving_target_servo_m0p500deg_seed_101,moving_target,servo,-0.5,0.0,0.0,0.0,-0.5,0.0,0.0,101,low_texture,7500.0,A0_Current,CURRENT,KEEP_CURRENT,,0.0,reported_geometry_current,False,False,reported_geometry_current,['/home/shy/AIR/SAR+AI/project/PGRCC/.worktrees/unknown-system-error-next-stage/outputs/yaw_error_formal_compact_20260915/cases/case_209/off/data/stage2_statistical_newprotocol_period_0000.bin'],reported geometry
yaw_moving_target_servo_m0p500deg_seed_101,moving_target,servo,-0.5,0.0,0.0,0.0,-0.5,0.0,0.0,101,low_texture,7500.0,AK_Known_Correction,KNOWN_EVALUATION,APPLY_KNOWN_ERROR_CORRECTION,-0.5,-0.5,known_yaw_or_servo_error_evaluation_only,True,False,evaluation_only_known_attitude_error,['/home/shy/AIR/SAR+AI/project/PGRCC/.worktrees/unknown-system-error-next-stage/outputs/yaw_error_formal_compact_20260915/cases/case_209/off/data/stage2_statistical_newprotocol_period_0000.bin'],known attitude error
yaw_moving_target_servo_m0p500deg_seed_101,moving_target,servo,-0.5,0.0,0.0,0.0,-0.5,0.0,0.0,101,low_texture,7500.0,A1_Blind_Deterministic,FALLBACK_MODEL_MISMATCH,KEEP_CURRENT,,0.0,fallback_current,False,False,OFF_C_PLUS_N_TARGET_FREE_ONLY,['/home/shy/AIR/SAR+AI/project/PGRCC/.worktrees/unknown-system-error-next-stage/outputs/yaw_error_formal_compact_20260915/cases/case_209/off/data/stage2_statistical_newprotocol_period_0000.bin'],"['six_pair_clutter_phase', 'doppler_ridge_displacement', 'p38_phase_slope', 'multi_beam_power_secondary', 'reported_angle_geometry_platform']"
yaw_moving_target_servo_m0p500deg_seed_101,moving_target,servo,-0.5,0.0,0.0,0.0,-0.5,0.0,0.0,101,low_texture,10000.0,A0_Current,CURRENT,KEEP_CURRENT,,0.0,reported_geometry_current,False,False,reported_geometry_current,['/home/shy/AIR/SAR+AI/project/PGRCC/.worktrees/unknown-system-error-next-stage/outputs/yaw_error_formal_compact_20260915/cases/case_210/off/data/stage2_statistical_newprotocol_period_0000.bin'],reported geometry
yaw_moving_target_servo_m0p500deg_seed_101,moving_target,servo,-0.5,0.0,0.0,0.0,-0.5,0.0,0.0,101,low_texture,10000.0,AK_Known_Correction,KNOWN_EVALUATION,APPLY_KNOWN_ERROR_CORRECTION,-0.5,-0.5,known_yaw_or_servo_error_evaluation_only,True,False,evaluation_only_known_attitude_error,['/home/shy/AIR/SAR+AI/project/PGRCC/.worktrees/unknown-system-error-next-stage/outputs/yaw_error_formal_compact_20260915/cases/case_210/off/data/stage2_statistical_newprotocol_period_0000.bin'],known attitude error
yaw_moving_target_servo_m0p500deg_seed_101,moving_target,servo,-0.5,0.0,0.0,0.0,-0.5,0.0,0.0,101,low_texture,10000.0,A1_Blind_Deterministic,FALLBACK_MODEL_MISMATCH,KEEP_CURRENT,,0.0,fallback_current,False,False,OFF_C_PLUS_N_TARGET_FREE_ONLY,['/home/shy/AIR/SAR+AI/project/PGRCC/.worktrees/unknown-system-error-next-stage/outputs/yaw_error_formal_compact_20260915/cases/case_210/off/data/stage2_statistical_newprotocol_period_0000.bin'],"['six_pair_clutter_phase', 'doppler_ridge_displacement', 'p38_phase_slope', 'multi_beam_power_secondary', 'reported_angle_geometry_platform']"
yaw_moving_target_servo_m0p500deg_seed_101,moving_target,servo,-0.5,0.0,0.0,0.0,-0.5,0.0,0.0,101,high_texture,7500.0,A0_Current,CURRENT,KEEP_CURRENT,,0.0,reported_geometry_current,False,False,reported_geometry_current,['/home/shy/AIR/SAR+AI/project/PGRCC/.worktrees/unknown-system-error-next-stage/outputs/yaw_error_formal_compact_20260915/cases/case_211/off/data/stage2_statistical_newprotocol_period_0000.bin'],reported geometry
yaw_moving_target_servo_m0p500deg_seed_101,moving_target,servo,-0.5,0.0,0.0,0.0,-0.5,0.0,0.0,101,high_texture,7500.0,AK_Known_Correction,KNOWN_EVALUATION,APPLY_KNOWN_ERROR_CORRECTION,-0.5,-0.5,known_yaw_or_servo_error_evaluation_only,True,False,evaluation_only_known_attitude_error,['/home/shy/AIR/SAR+AI/project/PGRCC/.worktrees/unknown-system-error-next-stage/outputs/yaw_error_formal_compact_20260915/cases/case_211/off/data/stage2_statistical_newprotocol_period_0000.bin'],known attitude error
yaw_moving_target_servo_m0p500deg_seed_101,moving_target,servo,-0.5,0.0,0.0,0.0,-0.5,0.0,0.0,101,high_texture,7500.0,A1_Blind_Deterministic,FALLBACK_MODEL_MISMATCH,KEEP_CURRENT,,0.0,fallback_current,False,False,OFF_C_PLUS_N_TARGET_FREE_ONLY,['/home/shy/AIR/SAR+AI/project/PGRCC/.worktrees/unknown-system-error-next-stage/outputs/yaw_error_formal_compact_20260915/cases/case_211/off/data/stage2_statistical_newprotocol_period_0000.bin'],"['six_pair_clutter_phase', 'doppler_ridge_displacement', 'p38_phase_slope', 'multi_beam_power_secondary', 'reported_angle_geometry_platform']"
yaw_moving_target_servo_m0p500deg_seed_101,moving_target,servo,-0.5,0.0,0.0,0.0,-0.5,0.0,0.0,101,high_texture,10000.0,A0_Current,CURRENT,KEEP_CURRENT,,0.0,reported_geometry_current,False,False,reported_geometry_current,['/home/shy/AIR/SAR+AI/project/PGRCC/.worktrees/unknown-system-error-next-stage/outputs/yaw_error_formal_compact_20260915/cases/case_212/off/data/stage2_statistical_newprotocol_period_0000.bin'],reported geometry
yaw_moving_target_servo_m0p500deg_seed_101,moving_target,servo,-0.5,0.0,0.0,0.0,-0.5,0.0,0.0,101,high_texture,10000.0,AK_Known_Correction,KNOWN_EVALUATION,APPLY_KNOWN_ERROR_CORRECTION,-0.5,-0.5,known_yaw_or_servo_error_evaluation_only,True,False,evaluation_only_known_attitude_error,['/home/shy/AIR/SAR+AI/project/PGRCC/.worktrees/unknown-system-error-next-stage/outputs/yaw_error_formal_compact_20260915/cases/case_212/off/data/stage2_statistical_newprotocol_period_0000.bin'],known attitude error
yaw_moving_target_servo_m0p500deg_seed_101,moving_target,servo,-0.5,0.0,0.0,0.0,-0.5,0.0,0.0,101,high_texture,10000.0,A1_Blind_Deterministic,FALLBACK_MODEL_MISMATCH,KEEP_CURRENT,,0.0,fallback_current,False,False,OFF_C_PLUS_N_TARGET_FREE_ONLY,['/home/shy/AIR/SAR+AI/project/PGRCC/.worktrees/unknown-system-error-next-stage/outputs/yaw_error_formal_compact_20260915/cases/case_212/off/data/stage2_statistical_newprotocol_period_0000.bin'],"['six_pair_clutter_phase', 'doppler_ridge_displacement', 'p38_phase_slope', 'multi_beam_power_secondary', 'reported_angle_geometry_platform']"
yaw_moving_target_servo_m0p500deg_seed_202,moving_target,servo,-0.5,0.0,0.0,0.0,-0.5,0.0,0.0,202,low_texture,7500.0,A0_Current,CURRENT,KEEP_CURRENT,,0.0,reported_geometry_current,False,False,reported_geometry_current,['/home/shy/AIR/SAR+AI/project/PGRCC/.worktrees/unknown-system-error-next-stage/outputs/yaw_error_formal_compact_20260915/cases/case_213/off/data/stage2_statistical_newprotocol_period_0000.bin'],reported geometry
yaw_moving_target_servo_m0p500deg_seed_202,moving_target,servo,-0.5,0.0,0.0,0.0,-0.5,0.0,0.0,202,low_texture,7500.0,AK_Known_Correction,KNOWN_EVALUATION,APPLY_KNOWN_ERROR_CORRECTION,-0.5,-0.5,known_yaw_or_servo_error_evaluation_only,True,False,evaluation_only_known_attitude_error,['/home/shy/AIR/SAR+AI/project/PGRCC/.worktrees/unknown-system-error-next-stage/outputs/yaw_error_formal_compact_20260915/cases/case_213/off/data/stage2_statistical_newprotocol_period_0000.bin'],known attitude error
yaw_moving_target_servo_m0p500deg_seed_202,moving_target,servo,-0.5,0.0,0.0,0.0,-0.5,0.0,0.0,202,low_texture,7500.0,A1_Blind_Deterministic,FALLBACK_MODEL_MISMATCH,KEEP_CURRENT,,0.0,fallback_current,False,False,OFF_C_PLUS_N_TARGET_FREE_ONLY,['/home/shy/AIR/SAR+AI/project/PGRCC/.worktrees/unknown-system-error-next-stage/outputs/yaw_error_formal_compact_20260915/cases/case_213/off/data/stage2_statistical_newprotocol_period_0000.bin'],"['six_pair_clutter_phase', 'doppler_ridge_displacement', 'p38_phase_slope', 'multi_beam_power_secondary', 'reported_angle_geometry_platform']"
yaw_moving_target_servo_m0p500deg_seed_202,moving_target,servo,-0.5,0.0,0.0,0.0,-0.5,0.0,0.0,202,low_texture,10000.0,A0_Current,CURRENT,KEEP_CURRENT,,0.0,reported_geometry_current,False,False,reported_geometry_current,['/home/shy/AIR/SAR+AI/project/PGRCC/.worktrees/unknown-system-error-next-stage/outputs/yaw_error_formal_compact_20260915/cases/case_214/off/data/stage2_statistical_newprotocol_period_0000.bin'],reported geometry
yaw_moving_target_servo_m0p500deg_seed_202,moving_target,servo,-0.5,0.0,0.0,0.0,-0.5,0.0,0.0,202,low_texture,10000.0,AK_Known_Correction,KNOWN_EVALUATION,APPLY_KNOWN_ERROR_CORRECTION,-0.5,-0.5,known_yaw_or_servo_error_evaluation_only,True,False,evaluation_only_known_attitude_error,['/home/shy/AIR/SAR+AI/project/PGRCC/.worktrees/unknown-system-error-next-stage/outputs/yaw_error_formal_compact_20260915/cases/case_214/off/data/stage2_statistical_newprotocol_period_0000.bin'],known attitude error
yaw_moving_target_servo_m0p500deg_seed_202,moving_target,servo,-0.5,0.0,0.0,0.0,-0.5,0.0,0.0,202,low_texture,10000.0,A1_Blind_Deterministic,FALLBACK_MODEL_MISMATCH,KEEP_CURRENT,,0.0,fallback_current,False,False,OFF_C_PLUS_N_TARGET_FREE_ONLY,['/home/shy/AIR/SAR+AI/project/PGRCC/.worktrees/unknown-system-error-next-stage/outputs/yaw_error_formal_compact_20260915/cases/case_214/off/data/stage2_statistical_newprotocol_period_0000.bin'],"['six_pair_clutter_phase', 'doppler_ridge_displacement', 'p38_phase_slope', 'multi_beam_power_secondary', 'reported_angle_geometry_platform']"
yaw_moving_target_servo_m0p500deg_seed_202,moving_target,servo,-0.5,0.0,0.0,0.0,-0.5,0.0,0.0,202,high_texture,7500.0,A0_Current,CURRENT,KEEP_CURRENT,,0.0,reported_geometry_current,False,False,reported_geometry_current,['/home/shy/AIR/SAR+AI/project/PGRCC/.worktrees/unknown-system-error-next-stage/outputs/yaw_error_formal_compact_20260915/cases/case_215/off/data/stage2_statistical_newprotocol_period_0000.bin'],reported geometry
yaw_moving_target_servo_m0p500deg_seed_202,moving_target,servo,-0.5,0.0,0.0,0.0,-0.5,0.0,0.0,202,high_texture,7500.0,AK_Known_Correction,KNOWN_EVALUATION,APPLY_KNOWN_ERROR_CORRECTION,-0.5,-0.5,known_yaw_or_servo_error_evaluation_only,True,False,evaluation_only_known_attitude_error,['/home/shy/AIR/SAR+AI/project/PGRCC/.worktrees/unknown-system-error-next-stage/outputs/yaw_error_formal_compact_20260915/cases/case_215/off/data/stage2_statistical_newprotocol_period_0000.bin'],known attitude error
yaw_moving_target_servo_m0p500deg_seed_202,moving_target,servo,-0.5,0.0,0.0,0.0,-0.5,0.0,0.0,202,high_texture,7500.0,A1_Blind_Deterministic,FALLBACK_MODEL_MISMATCH,KEEP_CURRENT,,0.0,fallback_current,False,False,OFF_C_PLUS_N_TARGET_FREE_ONLY,['/home/shy/AIR/SAR+AI/project/PGRCC/.worktrees/unknown-system-error-next-stage/outputs/yaw_error_formal_compact_20260915/cases/case_215/off/data/stage2_statistical_newprotocol_period_0000.bin'],"['six_pair_clutter_phase', 'doppler_ridge_displacement', 'p38_phase_slope', 'multi_beam_power_secondary', 'reported_angle_geometry_platform']"
yaw_moving_target_servo_m0p500deg_seed_202,moving_target,servo,-0.5,0.0,0.0,0.0,-0.5,0.0,0.0,202,high_texture,10000.0,A0_Current,CURRENT,KEEP_CURRENT,,0.0,reported_geometry_current,False,False,reported_geometry_current,['/home/shy/AIR/SAR+AI/project/PGRCC/.worktrees/unknown-system-error-next-stage/outputs/yaw_error_formal_compact_20260915/cases/case_216/off/data/stage2_statistical_newprotocol_period_0000.bin'],reported geometry
yaw_moving_target_servo_m0p500deg_seed_202,moving_target,servo,-0.5,0.0,0.0,0.0,-0.5,0.0,0.0,202,high_texture,10000.0,AK_Known_Correction,KNOWN_EVALUATION,APPLY_KNOWN_ERROR_CORRECTION,-0.5,-0.5,known_yaw_or_servo_error_evaluation_only,True,False,evaluation_only_known_attitude_error,['/home/shy/AIR/SAR+AI/project/PGRCC/.worktrees/unknown-system-error-next-stage/outputs/yaw_error_formal_compact_20260915/cases/case_216/off/data/stage2_statistical_newprotocol_period_0000.bin'],known attitude error
yaw_moving_target_servo_m0p500deg_seed_202,moving_target,servo,-0.5,0.0,0.0,0.0,-0.5,0.0,0.0,202,high_texture,10000.0,A1_Blind_Deterministic,FALLBACK_MODEL_MISMATCH,KEEP_CURRENT,,0.0,fallback_current,False,False,OFF_C_PLUS_N_TARGET_FREE_ONLY,['/home/shy/AIR/SAR+AI/project/PGRCC/.worktrees/unknown-system-error-next-stage/outputs/yaw_error_formal_compact_20260915/cases/case_216/off/data/stage2_statistical_newprotocol_period_0000.bin'],"['six_pair_clutter_phase', 'doppler_ridge_displacement', 'p38_phase_slope', 'multi_beam_power_secondary', 'reported_angle_geometry_platform']"
yaw_moving_target_servo_p0p500deg_seed_101,moving_target,servo,0.5,0.0,0.0,0.0,0.5,0.0,0.0,101,low_texture,7500.0,A0_Current,CURRENT,KEEP_CURRENT,,0.0,reported_geometry_current,False,False,reported_geometry_current,['/home/shy/AIR/SAR+AI/project/PGRCC/.worktrees/unknown-system-error-next-stage/outputs/yaw_error_formal_compact_20260915/cases/case_217/off/data/stage2_statistical_newprotocol_period_0000.bin'],reported geometry
yaw_moving_target_servo_p0p500deg_seed_101,moving_target,servo,0.5,0.0,0.0,0.0,0.5,0.0,0.0,101,low_texture,7500.0,AK_Known_Correction,KNOWN_EVALUATION,APPLY_KNOWN_ERROR_CORRECTION,0.5,0.5,known_yaw_or_servo_error_evaluation_only,True,False,evaluation_only_known_attitude_error,['/home/shy/AIR/SAR+AI/project/PGRCC/.worktrees/unknown-system-error-next-stage/outputs/yaw_error_formal_compact_20260915/cases/case_217/off/data/stage2_statistical_newprotocol_period_0000.bin'],known attitude error
yaw_moving_target_servo_p0p500deg_seed_101,moving_target,servo,0.5,0.0,0.0,0.0,0.5,0.0,0.0,101,low_texture,7500.0,A1_Blind_Deterministic,FALLBACK_MODEL_MISMATCH,KEEP_CURRENT,,0.0,fallback_current,False,False,OFF_C_PLUS_N_TARGET_FREE_ONLY,['/home/shy/AIR/SAR+AI/project/PGRCC/.worktrees/unknown-system-error-next-stage/outputs/yaw_error_formal_compact_20260915/cases/case_217/off/data/stage2_statistical_newprotocol_period_0000.bin'],"['six_pair_clutter_phase', 'doppler_ridge_displacement', 'p38_phase_slope', 'multi_beam_power_secondary', 'reported_angle_geometry_platform']"
yaw_moving_target_servo_p0p500deg_seed_101,moving_target,servo,0.5,0.0,0.0,0.0,0.5,0.0,0.0,101,low_texture,10000.0,A0_Current,CURRENT,KEEP_CURRENT,,0.0,reported_geometry_current,False,False,reported_geometry_current,['/home/shy/AIR/SAR+AI/project/PGRCC/.worktrees/unknown-system-error-next-stage/outputs/yaw_error_formal_compact_20260915/cases/case_218/off/data/stage2_statistical_newprotocol_period_0000.bin'],reported geometry
yaw_moving_target_servo_p0p500deg_seed_101,moving_target,servo,0.5,0.0,0.0,0.0,0.5,0.0,0.0,101,low_texture,10000.0,AK_Known_Correction,KNOWN_EVALUATION,APPLY_KNOWN_ERROR_CORRECTION,0.5,0.5,known_yaw_or_servo_error_evaluation_only,True,False,evaluation_only_known_attitude_error,['/home/shy/AIR/SAR+AI/project/PGRCC/.worktrees/unknown-system-error-next-stage/outputs/yaw_error_formal_compact_20260915/cases/case_218/off/data/stage2_statistical_newprotocol_period_0000.bin'],known attitude error
yaw_moving_target_servo_p0p500deg_seed_101,moving_target,servo,0.5,0.0,0.0,0.0,0.5,0.0,0.0,101,low_texture,10000.0,A1_Blind_Deterministic,FALLBACK_MODEL_MISMATCH,KEEP_CURRENT,,0.0,fallback_current,False,False,OFF_C_PLUS_N_TARGET_FREE_ONLY,['/home/shy/AIR/SAR+AI/project/PGRCC/.worktrees/unknown-system-error-next-stage/outputs/yaw_error_formal_compact_20260915/cases/case_218/off/data/stage2_statistical_newprotocol_period_0000.bin'],"['six_pair_clutter_phase', 'doppler_ridge_displacement', 'p38_phase_slope', 'multi_beam_power_secondary', 'reported_angle_geometry_platform']"
yaw_moving_target_servo_p0p500deg_seed_101,moving_target,servo,0.5,0.0,0.0,0.0,0.5,0.0,0.0,101,high_texture,7500.0,A0_Current,CURRENT,KEEP_CURRENT,,0.0,reported_geometry_current,False,False,reported_geometry_current,['/home/shy/AIR/SAR+AI/project/PGRCC/.worktrees/unknown-system-error-next-stage/outputs/yaw_error_formal_compact_20260915/cases/case_219/off/data/stage2_statistical_newprotocol_period_0000.bin'],reported geometry
yaw_moving_target_servo_p0p500deg_seed_101,moving_target,servo,0.5,0.0,0.0,0.0,0.5,0.0,0.0,101,high_texture,7500.0,AK_Known_Correction,KNOWN_EVALUATION,APPLY_KNOWN_ERROR_CORRECTION,0.5,0.5,known_yaw_or_servo_error_evaluation_only,True,False,evaluation_only_known_attitude_error,['/home/shy/AIR/SAR+AI/project/PGRCC/.worktrees/unknown-system-error-next-stage/outputs/yaw_error_formal_compact_20260915/cases/case_219/off/data/stage2_statistical_newprotocol_period_0000.bin'],known attitude error
yaw_moving_target_servo_p0p500deg_seed_101,moving_target,servo,0.5,0.0,0.0,0.0,0.5,0.0,0.0,101,high_texture,7500.0,A1_Blind_Deterministic,FALLBACK_MODEL_MISMATCH,KEEP_CURRENT,,0.0,fallback_current,False,False,OFF_C_PLUS_N_TARGET_FREE_ONLY,['/home/shy/AIR/SAR+AI/project/PGRCC/.worktrees/unknown-system-error-next-stage/outputs/yaw_error_formal_compact_20260915/cases/case_219/off/data/stage2_statistical_newprotocol_period_0000.bin'],"['six_pair_clutter_phase', 'doppler_ridge_displacement', 'p38_phase_slope', 'multi_beam_power_secondary', 'reported_angle_geometry_platform']"
yaw_moving_target_servo_p0p500deg_seed_101,moving_target,servo,0.5,0.0,0.0,0.0,0.5,0.0,0.0,101,high_texture,10000.0,A0_Current,CURRENT,KEEP_CURRENT,,0.0,reported_geometry_current,False,False,reported_geometry_current,['/home/shy/AIR/SAR+AI/project/PGRCC/.worktrees/unknown-system-error-next-stage/outputs/yaw_error_formal_compact_20260915/cases/case_220/off/data/stage2_statistical_newprotocol_period_0000.bin'],reported geometry
yaw_moving_target_servo_p0p500deg_seed_101,moving_target,servo,0.5,0.0,0.0,0.0,0.5,0.0,0.0,101,high_texture,10000.0,AK_Known_Correction,KNOWN_EVALUATION,APPLY_KNOWN_ERROR_CORRECTION,0.5,0.5,known_yaw_or_servo_error_evaluation_only,True,False,evaluation_only_known_attitude_error,['/home/shy/AIR/SAR+AI/project/PGRCC/.worktrees/unknown-system-error-next-stage/outputs/yaw_error_formal_compact_20260915/cases/case_220/off/data/stage2_statistical_newprotocol_period_0000.bin'],known attitude error
yaw_moving_target_servo_p0p500deg_seed_101,moving_target,servo,0.5,0.0,0.0,0.0,0.5,0.0,0.0,101,high_texture,10000.0,A1_Blind_Deterministic,FALLBACK_MODEL_MISMATCH,KEEP_CURRENT,,0.0,fallback_current,False,False,OFF_C_PLUS_N_TARGET_FREE_ONLY,['/home/shy/AIR/SAR+AI/project/PGRCC/.worktrees/unknown-system-error-next-stage/outputs/yaw_error_formal_compact_20260915/cases/case_220/off/data/stage2_statistical_newprotocol_period_0000.bin'],"['six_pair_clutter_phase', 'doppler_ridge_displacement', 'p38_phase_slope', 'multi_beam_power_secondary', 'reported_angle_geometry_platform']"
yaw_moving_target_servo_p0p500deg_seed_202,moving_target,servo,0.5,0.0,0.0,0.0,0.5,0.0,0.0,202,low_texture,7500.0,A0_Current,CURRENT,KEEP_CURRENT,,0.0,reported_geometry_current,False,False,reported_geometry_current,['/home/shy/AIR/SAR+AI/project/PGRCC/.worktrees/unknown-system-error-next-stage/outputs/yaw_error_formal_compact_20260915/cases/case_221/off/data/stage2_statistical_newprotocol_period_0000.bin'],reported geometry
yaw_moving_target_servo_p0p500deg_seed_202,moving_target,servo,0.5,0.0,0.0,0.0,0.5,0.0,0.0,202,low_texture,7500.0,AK_Known_Correction,KNOWN_EVALUATION,APPLY_KNOWN_ERROR_CORRECTION,0.5,0.5,known_yaw_or_servo_error_evaluation_only,True,False,evaluation_only_known_attitude_error,['/home/shy/AIR/SAR+AI/project/PGRCC/.worktrees/unknown-system-error-next-stage/outputs/yaw_error_formal_compact_20260915/cases/case_221/off/data/stage2_statistical_newprotocol_period_0000.bin'],known attitude error
yaw_moving_target_servo_p0p500deg_seed_202,moving_target,servo,0.5,0.0,0.0,0.0,0.5,0.0,0.0,202,low_texture,7500.0,A1_Blind_Deterministic,FALLBACK_MODEL_MISMATCH,KEEP_CURRENT,,0.0,fallback_current,False,False,OFF_C_PLUS_N_TARGET_FREE_ONLY,['/home/shy/AIR/SAR+AI/project/PGRCC/.worktrees/unknown-system-error-next-stage/outputs/yaw_error_formal_compact_20260915/cases/case_221/off/data/stage2_statistical_newprotocol_period_0000.bin'],"['six_pair_clutter_phase', 'doppler_ridge_displacement', 'p38_phase_slope', 'multi_beam_power_secondary', 'reported_angle_geometry_platform']"
yaw_moving_target_servo_p0p500deg_seed_202,moving_target,servo,0.5,0.0,0.0,0.0,0.5,0.0,0.0,202,low_texture,10000.0,A0_Current,CURRENT,KEEP_CURRENT,,0.0,reported_geometry_current,False,False,reported_geometry_current,['/home/shy/AIR/SAR+AI/project/PGRCC/.worktrees/unknown-system-error-next-stage/outputs/yaw_error_formal_compact_20260915/cases/case_222/off/data/stage2_statistical_newprotocol_period_0000.bin'],reported geometry
yaw_moving_target_servo_p0p500deg_seed_202,moving_target,servo,0.5,0.0,0.0,0.0,0.5,0.0,0.0,202,low_texture,10000.0,AK_Known_Correction,KNOWN_EVALUATION,APPLY_KNOWN_ERROR_CORRECTION,0.5,0.5,known_yaw_or_servo_error_evaluation_only,True,False,evaluation_only_known_attitude_error,['/home/shy/AIR/SAR+AI/project/PGRCC/.worktrees/unknown-system-error-next-stage/outputs/yaw_error_formal_compact_20260915/cases/case_222/off/data/stage2_statistical_newprotocol_period_0000.bin'],known attitude error
yaw_moving_target_servo_p0p500deg_seed_202,moving_target,servo,0.5,0.0,0.0,0.0,0.5,0.0,0.0,202,low_texture,10000.0,A1_Blind_Deterministic,FALLBACK_MODEL_MISMATCH,KEEP_CURRENT,,0.0,fallback_current,False,False,OFF_C_PLUS_N_TARGET_FREE_ONLY,['/home/shy/AIR/SAR+AI/project/PGRCC/.worktrees/unknown-system-error-next-stage/outputs/yaw_error_formal_compact_20260915/cases/case_222/off/data/stage2_statistical_newprotocol_period_0000.bin'],"['six_pair_clutter_phase', 'doppler_ridge_displacement', 'p38_phase_slope', 'multi_beam_power_secondary', 'reported_angle_geometry_platform']"
yaw_moving_target_servo_p0p500deg_seed_202,moving_target,servo,0.5,0.0,0.0,0.0,0.5,0.0,0.0,202,high_texture,7500.0,A0_Current,CURRENT,KEEP_CURRENT,,0.0,reported_geometry_current,False,False,reported_geometry_current,['/home/shy/AIR/SAR+AI/project/PGRCC/.worktrees/unknown-system-error-next-stage/outputs/yaw_error_formal_compact_20260915/cases/case_223/off/data/stage2_statistical_newprotocol_period_0000.bin'],reported geometry
yaw_moving_target_servo_p0p500deg_seed_202,moving_target,servo,0.5,0.0,0.0,0.0,0.5,0.0,0.0,202,high_texture,7500.0,AK_Known_Correction,KNOWN_EVALUATION,APPLY_KNOWN_ERROR_CORRECTION,0.5,0.5,known_yaw_or_servo_error_evaluation_only,True,False,evaluation_only_known_attitude_error,['/home/shy/AIR/SAR+AI/project/PGRCC/.worktrees/unknown-system-error-next-stage/outputs/yaw_error_formal_compact_20260915/cases/case_223/off/data/stage2_statistical_newprotocol_period_0000.bin'],known attitude error
yaw_moving_target_servo_p0p500deg_seed_202,moving_target,servo,0.5,0.0,0.0,0.0,0.5,0.0,0.0,202,high_texture,7500.0,A1_Blind_Deterministic,FALLBACK_MODEL_MISMATCH,KEEP_CURRENT,,0.0,fallback_current,False,False,OFF_C_PLUS_N_TARGET_FREE_ONLY,['/home/shy/AIR/SAR+AI/project/PGRCC/.worktrees/unknown-system-error-next-stage/outputs/yaw_error_formal_compact_20260915/cases/case_223/off/data/stage2_statistical_newprotocol_period_0000.bin'],"['six_pair_clutter_phase', 'doppler_ridge_displacement', 'p38_phase_slope', 'multi_beam_power_secondary', 'reported_angle_geometry_platform']"
yaw_moving_target_servo_p0p500deg_seed_202,moving_target,servo,0.5,0.0,0.0,0.0,0.5,0.0,0.0,202,high_texture,10000.0,A0_Current,CURRENT,KEEP_CURRENT,,0.0,reported_geometry_current,False,False,reported_geometry_current,['/home/shy/AIR/SAR+AI/project/PGRCC/.worktrees/unknown-system-error-next-stage/outputs/yaw_error_formal_compact_20260915/cases/case_224/off/data/stage2_statistical_newprotocol_period_0000.bin'],reported geometry
yaw_moving_target_servo_p0p500deg_seed_202,moving_target,servo,0.5,0.0,0.0,0.0,0.5,0.0,0.0,202,high_texture,10000.0,AK_Known_Correction,KNOWN_EVALUATION,APPLY_KNOWN_ERROR_CORRECTION,0.5,0.5,known_yaw_or_servo_error_evaluation_only,True,False,evaluation_only_known_attitude_error,['/home/shy/AIR/SAR+AI/project/PGRCC/.worktrees/unknown-system-error-next-stage/outputs/yaw_error_formal_compact_20260915/cases/case_224/off/data/stage2_statistical_newprotocol_period_0000.bin'],known attitude error
yaw_moving_target_servo_p0p500deg_seed_202,moving_target,servo,0.5,0.0,0.0,0.0,0.5,0.0,0.0,202,high_texture,10000.0,A1_Blind_Deterministic,FALLBACK_MODEL_MISMATCH,KEEP_CURRENT,,0.0,fallback_current,False,False,OFF_C_PLUS_N_TARGET_FREE_ONLY,['/home/shy/AIR/SAR+AI/project/PGRCC/.worktrees/unknown-system-error-next-stage/outputs/yaw_error_formal_compact_20260915/cases/case_224/off/data/stage2_statistical_newprotocol_period_0000.bin'],"['six_pair_clutter_phase', 'doppler_ridge_displacement', 'p38_phase_slope', 'multi_beam_power_secondary', 'reported_angle_geometry_platform']"
yaw_moving_target_servo_m1p000deg_seed_101,moving_target,servo,-1.0,0.0,0.0,0.0,-1.0,0.0,0.0,101,low_texture,7500.0,A0_Current,CURRENT,KEEP_CURRENT,,0.0,reported_geometry_current,False,False,reported_geometry_current,['/home/shy/AIR/SAR+AI/project/PGRCC/.worktrees/unknown-system-error-next-stage/outputs/yaw_error_formal_compact_20260915/cases/case_225/off/data/stage2_statistical_newprotocol_period_0000.bin'],reported geometry
yaw_moving_target_servo_m1p000deg_seed_101,moving_target,servo,-1.0,0.0,0.0,0.0,-1.0,0.0,0.0,101,low_texture,7500.0,AK_Known_Correction,KNOWN_EVALUATION,APPLY_KNOWN_ERROR_CORRECTION,-1.0,-1.0,known_yaw_or_servo_error_evaluation_only,True,False,evaluation_only_known_attitude_error,['/home/shy/AIR/SAR+AI/project/PGRCC/.worktrees/unknown-system-error-next-stage/outputs/yaw_error_formal_compact_20260915/cases/case_225/off/data/stage2_statistical_newprotocol_period_0000.bin'],known attitude error
yaw_moving_target_servo_m1p000deg_seed_101,moving_target,servo,-1.0,0.0,0.0,0.0,-1.0,0.0,0.0,101,low_texture,7500.0,A1_Blind_Deterministic,FALLBACK_MODEL_MISMATCH,KEEP_CURRENT,,0.0,fallback_current,False,False,OFF_C_PLUS_N_TARGET_FREE_ONLY,['/home/shy/AIR/SAR+AI/project/PGRCC/.worktrees/unknown-system-error-next-stage/outputs/yaw_error_formal_compact_20260915/cases/case_225/off/data/stage2_statistical_newprotocol_period_0000.bin'],"['six_pair_clutter_phase', 'doppler_ridge_displacement', 'p38_phase_slope', 'multi_beam_power_secondary', 'reported_angle_geometry_platform']"
yaw_moving_target_servo_m1p000deg_seed_101,moving_target,servo,-1.0,0.0,0.0,0.0,-1.0,0.0,0.0,101,low_texture,10000.0,A0_Current,CURRENT,KEEP_CURRENT,,0.0,reported_geometry_current,False,False,reported_geometry_current,['/home/shy/AIR/SAR+AI/project/PGRCC/.worktrees/unknown-system-error-next-stage/outputs/yaw_error_formal_compact_20260915/cases/case_226/off/data/stage2_statistical_newprotocol_period_0000.bin'],reported geometry
yaw_moving_target_servo_m1p000deg_seed_101,moving_target,servo,-1.0,0.0,0.0,0.0,-1.0,0.0,0.0,101,low_texture,10000.0,AK_Known_Correction,KNOWN_EVALUATION,APPLY_KNOWN_ERROR_CORRECTION,-1.0,-1.0,known_yaw_or_servo_error_evaluation_only,True,False,evaluation_only_known_attitude_error,['/home/shy/AIR/SAR+AI/project/PGRCC/.worktrees/unknown-system-error-next-stage/outputs/yaw_error_formal_compact_20260915/cases/case_226/off/data/stage2_statistical_newprotocol_period_0000.bin'],known attitude error
yaw_moving_target_servo_m1p000deg_seed_101,moving_target,servo,-1.0,0.0,0.0,0.0,-1.0,0.0,0.0,101,low_texture,10000.0,A1_Blind_Deterministic,FALLBACK_MODEL_MISMATCH,KEEP_CURRENT,,0.0,fallback_current,False,False,OFF_C_PLUS_N_TARGET_FREE_ONLY,['/home/shy/AIR/SAR+AI/project/PGRCC/.worktrees/unknown-system-error-next-stage/outputs/yaw_error_formal_compact_20260915/cases/case_226/off/data/stage2_statistical_newprotocol_period_0000.bin'],"['six_pair_clutter_phase', 'doppler_ridge_displacement', 'p38_phase_slope', 'multi_beam_power_secondary', 'reported_angle_geometry_platform']"
yaw_moving_target_servo_m1p000deg_seed_101,moving_target,servo,-1.0,0.0,0.0,0.0,-1.0,0.0,0.0,101,high_texture,7500.0,A0_Current,CURRENT,KEEP_CURRENT,,0.0,reported_geometry_current,False,False,reported_geometry_current,['/home/shy/AIR/SAR+AI/project/PGRCC/.worktrees/unknown-system-error-next-stage/outputs/yaw_error_formal_compact_20260915/cases/case_227/off/data/stage2_statistical_newprotocol_period_0000.bin'],reported geometry
yaw_moving_target_servo_m1p000deg_seed_101,moving_target,servo,-1.0,0.0,0.0,0.0,-1.0,0.0,0.0,101,high_texture,7500.0,AK_Known_Correction,KNOWN_EVALUATION,APPLY_KNOWN_ERROR_CORRECTION,-1.0,-1.0,known_yaw_or_servo_error_evaluation_only,True,False,evaluation_only_known_attitude_error,['/home/shy/AIR/SAR+AI/project/PGRCC/.worktrees/unknown-system-error-next-stage/outputs/yaw_error_formal_compact_20260915/cases/case_227/off/data/stage2_statistical_newprotocol_period_0000.bin'],known attitude error
yaw_moving_target_servo_m1p000deg_seed_101,moving_target,servo,-1.0,0.0,0.0,0.0,-1.0,0.0,0.0,101,high_texture,7500.0,A1_Blind_Deterministic,FALLBACK_MODEL_MISMATCH,KEEP_CURRENT,,0.0,fallback_current,False,False,OFF_C_PLUS_N_TARGET_FREE_ONLY,['/home/shy/AIR/SAR+AI/project/PGRCC/.worktrees/unknown-system-error-next-stage/outputs/yaw_error_formal_compact_20260915/cases/case_227/off/data/stage2_statistical_newprotocol_period_0000.bin'],"['six_pair_clutter_phase', 'doppler_ridge_displacement', 'p38_phase_slope', 'multi_beam_power_secondary', 'reported_angle_geometry_platform']"
yaw_moving_target_servo_m1p000deg_seed_101,moving_target,servo,-1.0,0.0,0.0,0.0,-1.0,0.0,0.0,101,high_texture,10000.0,A0_Current,CURRENT,KEEP_CURRENT,,0.0,reported_geometry_current,False,False,reported_geometry_current,['/home/shy/AIR/SAR+AI/project/PGRCC/.worktrees/unknown-system-error-next-stage/outputs/yaw_error_formal_compact_20260915/cases/case_228/off/data/stage2_statistical_newprotocol_period_0000.bin'],reported geometry
yaw_moving_target_servo_m1p000deg_seed_101,moving_target,servo,-1.0,0.0,0.0,0.0,-1.0,0.0,0.0,101,high_texture,10000.0,AK_Known_Correction,KNOWN_EVALUATION,APPLY_KNOWN_ERROR_CORRECTION,-1.0,-1.0,known_yaw_or_servo_error_evaluation_only,True,False,evaluation_only_known_attitude_error,['/home/shy/AIR/SAR+AI/project/PGRCC/.worktrees/unknown-system-error-next-stage/outputs/yaw_error_formal_compact_20260915/cases/case_228/off/data/stage2_statistical_newprotocol_period_0000.bin'],known attitude error
yaw_moving_target_servo_m1p000deg_seed_101,moving_target,servo,-1.0,0.0,0.0,0.0,-1.0,0.0,0.0,101,high_texture,10000.0,A1_Blind_Deterministic,FALLBACK_MODEL_MISMATCH,KEEP_CURRENT,,0.0,fallback_current,False,False,OFF_C_PLUS_N_TARGET_FREE_ONLY,['/home/shy/AIR/SAR+AI/project/PGRCC/.worktrees/unknown-system-error-next-stage/outputs/yaw_error_formal_compact_20260915/cases/case_228/off/data/stage2_statistical_newprotocol_period_0000.bin'],"['six_pair_clutter_phase', 'doppler_ridge_displacement', 'p38_phase_slope', 'multi_beam_power_secondary', 'reported_angle_geometry_platform']"
yaw_moving_target_servo_m1p000deg_seed_202,moving_target,servo,-1.0,0.0,0.0,0.0,-1.0,0.0,0.0,202,low_texture,7500.0,A0_Current,CURRENT,KEEP_CURRENT,,0.0,reported_geometry_current,False,False,reported_geometry_current,['/home/shy/AIR/SAR+AI/project/PGRCC/.worktrees/unknown-system-error-next-stage/outputs/yaw_error_formal_compact_20260915/cases/case_229/off/data/stage2_statistical_newprotocol_period_0000.bin'],reported geometry
yaw_moving_target_servo_m1p000deg_seed_202,moving_target,servo,-1.0,0.0,0.0,0.0,-1.0,0.0,0.0,202,low_texture,7500.0,AK_Known_Correction,KNOWN_EVALUATION,APPLY_KNOWN_ERROR_CORRECTION,-1.0,-1.0,known_yaw_or_servo_error_evaluation_only,True,False,evaluation_only_known_attitude_error,['/home/shy/AIR/SAR+AI/project/PGRCC/.worktrees/unknown-system-error-next-stage/outputs/yaw_error_formal_compact_20260915/cases/case_229/off/data/stage2_statistical_newprotocol_period_0000.bin'],known attitude error
yaw_moving_target_servo_m1p000deg_seed_202,moving_target,servo,-1.0,0.0,0.0,0.0,-1.0,0.0,0.0,202,low_texture,7500.0,A1_Blind_Deterministic,FALLBACK_MODEL_MISMATCH,KEEP_CURRENT,,0.0,fallback_current,False,False,OFF_C_PLUS_N_TARGET_FREE_ONLY,['/home/shy/AIR/SAR+AI/project/PGRCC/.worktrees/unknown-system-error-next-stage/outputs/yaw_error_formal_compact_20260915/cases/case_229/off/data/stage2_statistical_newprotocol_period_0000.bin'],"['six_pair_clutter_phase', 'doppler_ridge_displacement', 'p38_phase_slope', 'multi_beam_power_secondary', 'reported_angle_geometry_platform']"
yaw_moving_target_servo_m1p000deg_seed_202,moving_target,servo,-1.0,0.0,0.0,0.0,-1.0,0.0,0.0,202,low_texture,10000.0,A0_Current,CURRENT,KEEP_CURRENT,,0.0,reported_geometry_current,False,False,reported_geometry_current,['/home/shy/AIR/SAR+AI/project/PGRCC/.worktrees/unknown-system-error-next-stage/outputs/yaw_error_formal_compact_20260915/cases/case_230/off/data/stage2_statistical_newprotocol_period_0000.bin'],reported geometry
yaw_moving_target_servo_m1p000deg_seed_202,moving_target,servo,-1.0,0.0,0.0,0.0,-1.0,0.0,0.0,202,low_texture,10000.0,AK_Known_Correction,KNOWN_EVALUATION,APPLY_KNOWN_ERROR_CORRECTION,-1.0,-1.0,known_yaw_or_servo_error_evaluation_only,True,False,evaluation_only_known_attitude_error,['/home/shy/AIR/SAR+AI/project/PGRCC/.worktrees/unknown-system-error-next-stage/outputs/yaw_error_formal_compact_20260915/cases/case_230/off/data/stage2_statistical_newprotocol_period_0000.bin'],known attitude error
yaw_moving_target_servo_m1p000deg_seed_202,moving_target,servo,-1.0,0.0,0.0,0.0,-1.0,0.0,0.0,202,low_texture,10000.0,A1_Blind_Deterministic,FALLBACK_MODEL_MISMATCH,KEEP_CURRENT,,0.0,fallback_current,False,False,OFF_C_PLUS_N_TARGET_FREE_ONLY,['/home/shy/AIR/SAR+AI/project/PGRCC/.worktrees/unknown-system-error-next-stage/outputs/yaw_error_formal_compact_20260915/cases/case_230/off/data/stage2_statistical_newprotocol_period_0000.bin'],"['six_pair_clutter_phase', 'doppler_ridge_displacement', 'p38_phase_slope', 'multi_beam_power_secondary', 'reported_angle_geometry_platform']"
yaw_moving_target_servo_m1p000deg_seed_202,moving_target,servo,-1.0,0.0,0.0,0.0,-1.0,0.0,0.0,202,high_texture,7500.0,A0_Current,CURRENT,KEEP_CURRENT,,0.0,reported_geometry_current,False,False,reported_geometry_current,['/home/shy/AIR/SAR+AI/project/PGRCC/.worktrees/unknown-system-error-next-stage/outputs/yaw_error_formal_compact_20260915/cases/case_231/off/data/stage2_statistical_newprotocol_period_0000.bin'],reported geometry
yaw_moving_target_servo_m1p000deg_seed_202,moving_target,servo,-1.0,0.0,0.0,0.0,-1.0,0.0,0.0,202,high_texture,7500.0,AK_Known_Correction,KNOWN_EVALUATION,APPLY_KNOWN_ERROR_CORRECTION,-1.0,-1.0,known_yaw_or_servo_error_evaluation_only,True,False,evaluation_only_known_attitude_error,['/home/shy/AIR/SAR+AI/project/PGRCC/.worktrees/unknown-system-error-next-stage/outputs/yaw_error_formal_compact_20260915/cases/case_231/off/data/stage2_statistical_newprotocol_period_0000.bin'],known attitude error
yaw_moving_target_servo_m1p000deg_seed_202,moving_target,servo,-1.0,0.0,0.0,0.0,-1.0,0.0,0.0,202,high_texture,7500.0,A1_Blind_Deterministic,FALLBACK_MODEL_MISMATCH,KEEP_CURRENT,,0.0,fallback_current,False,False,OFF_C_PLUS_N_TARGET_FREE_ONLY,['/home/shy/AIR/SAR+AI/project/PGRCC/.worktrees/unknown-system-error-next-stage/outputs/yaw_error_formal_compact_20260915/cases/case_231/off/data/stage2_statistical_newprotocol_period_0000.bin'],"['six_pair_clutter_phase', 'doppler_ridge_displacement', 'p38_phase_slope', 'multi_beam_power_secondary', 'reported_angle_geometry_platform']"
yaw_moving_target_servo_m1p000deg_seed_202,moving_target,servo,-1.0,0.0,0.0,0.0,-1.0,0.0,0.0,202,high_texture,10000.0,A0_Current,CURRENT,KEEP_CURRENT,,0.0,reported_geometry_current,False,False,reported_geometry_current,['/home/shy/AIR/SAR+AI/project/PGRCC/.worktrees/unknown-system-error-next-stage/outputs/yaw_error_formal_compact_20260915/cases/case_232/off/data/stage2_statistical_newprotocol_period_0000.bin'],reported geometry
yaw_moving_target_servo_m1p000deg_seed_202,moving_target,servo,-1.0,0.0,0.0,0.0,-1.0,0.0,0.0,202,high_texture,10000.0,AK_Known_Correction,KNOWN_EVALUATION,APPLY_KNOWN_ERROR_CORRECTION,-1.0,-1.0,known_yaw_or_servo_error_evaluation_only,True,False,evaluation_only_known_attitude_error,['/home/shy/AIR/SAR+AI/project/PGRCC/.worktrees/unknown-system-error-next-stage/outputs/yaw_error_formal_compact_20260915/cases/case_232/off/data/stage2_statistical_newprotocol_period_0000.bin'],known attitude error
yaw_moving_target_servo_m1p000deg_seed_202,moving_target,servo,-1.0,0.0,0.0,0.0,-1.0,0.0,0.0,202,high_texture,10000.0,A1_Blind_Deterministic,FALLBACK_MODEL_MISMATCH,KEEP_CURRENT,,0.0,fallback_current,False,False,OFF_C_PLUS_N_TARGET_FREE_ONLY,['/home/shy/AIR/SAR+AI/project/PGRCC/.worktrees/unknown-system-error-next-stage/outputs/yaw_error_formal_compact_20260915/cases/case_232/off/data/stage2_statistical_newprotocol_period_0000.bin'],"['six_pair_clutter_phase', 'doppler_ridge_displacement', 'p38_phase_slope', 'multi_beam_power_secondary', 'reported_angle_geometry_platform']"
yaw_moving_target_servo_p1p000deg_seed_101,moving_target,servo,1.0,0.0,0.0,0.0,1.0,0.0,0.0,101,low_texture,7500.0,A0_Current,CURRENT,KEEP_CURRENT,,0.0,reported_geometry_current,False,False,reported_geometry_current,['/home/shy/AIR/SAR+AI/project/PGRCC/.worktrees/unknown-system-error-next-stage/outputs/yaw_error_formal_compact_20260915/cases/case_233/off/data/stage2_statistical_newprotocol_period_0000.bin'],reported geometry
yaw_moving_target_servo_p1p000deg_seed_101,moving_target,servo,1.0,0.0,0.0,0.0,1.0,0.0,0.0,101,low_texture,7500.0,AK_Known_Correction,KNOWN_EVALUATION,APPLY_KNOWN_ERROR_CORRECTION,1.0,1.0,known_yaw_or_servo_error_evaluation_only,True,False,evaluation_only_known_attitude_error,['/home/shy/AIR/SAR+AI/project/PGRCC/.worktrees/unknown-system-error-next-stage/outputs/yaw_error_formal_compact_20260915/cases/case_233/off/data/stage2_statistical_newprotocol_period_0000.bin'],known attitude error
yaw_moving_target_servo_p1p000deg_seed_101,moving_target,servo,1.0,0.0,0.0,0.0,1.0,0.0,0.0,101,low_texture,7500.0,A1_Blind_Deterministic,FALLBACK_MODEL_MISMATCH,KEEP_CURRENT,,0.0,fallback_current,False,False,OFF_C_PLUS_N_TARGET_FREE_ONLY,['/home/shy/AIR/SAR+AI/project/PGRCC/.worktrees/unknown-system-error-next-stage/outputs/yaw_error_formal_compact_20260915/cases/case_233/off/data/stage2_statistical_newprotocol_period_0000.bin'],"['six_pair_clutter_phase', 'doppler_ridge_displacement', 'p38_phase_slope', 'multi_beam_power_secondary', 'reported_angle_geometry_platform']"
yaw_moving_target_servo_p1p000deg_seed_101,moving_target,servo,1.0,0.0,0.0,0.0,1.0,0.0,0.0,101,low_texture,10000.0,A0_Current,CURRENT,KEEP_CURRENT,,0.0,reported_geometry_current,False,False,reported_geometry_current,['/home/shy/AIR/SAR+AI/project/PGRCC/.worktrees/unknown-system-error-next-stage/outputs/yaw_error_formal_compact_20260915/cases/case_234/off/data/stage2_statistical_newprotocol_period_0000.bin'],reported geometry
yaw_moving_target_servo_p1p000deg_seed_101,moving_target,servo,1.0,0.0,0.0,0.0,1.0,0.0,0.0,101,low_texture,10000.0,AK_Known_Correction,KNOWN_EVALUATION,APPLY_KNOWN_ERROR_CORRECTION,1.0,1.0,known_yaw_or_servo_error_evaluation_only,True,False,evaluation_only_known_attitude_error,['/home/shy/AIR/SAR+AI/project/PGRCC/.worktrees/unknown-system-error-next-stage/outputs/yaw_error_formal_compact_20260915/cases/case_234/off/data/stage2_statistical_newprotocol_period_0000.bin'],known attitude error
yaw_moving_target_servo_p1p000deg_seed_101,moving_target,servo,1.0,0.0,0.0,0.0,1.0,0.0,0.0,101,low_texture,10000.0,A1_Blind_Deterministic,FALLBACK_MODEL_MISMATCH,KEEP_CURRENT,,0.0,fallback_current,False,False,OFF_C_PLUS_N_TARGET_FREE_ONLY,['/home/shy/AIR/SAR+AI/project/PGRCC/.worktrees/unknown-system-error-next-stage/outputs/yaw_error_formal_compact_20260915/cases/case_234/off/data/stage2_statistical_newprotocol_period_0000.bin'],"['six_pair_clutter_phase', 'doppler_ridge_displacement', 'p38_phase_slope', 'multi_beam_power_secondary', 'reported_angle_geometry_platform']"
yaw_moving_target_servo_p1p000deg_seed_101,moving_target,servo,1.0,0.0,0.0,0.0,1.0,0.0,0.0,101,high_texture,7500.0,A0_Current,CURRENT,KEEP_CURRENT,,0.0,reported_geometry_current,False,False,reported_geometry_current,['/home/shy/AIR/SAR+AI/project/PGRCC/.worktrees/unknown-system-error-next-stage/outputs/yaw_error_formal_compact_20260915/cases/case_235/off/data/stage2_statistical_newprotocol_period_0000.bin'],reported geometry
yaw_moving_target_servo_p1p000deg_seed_101,moving_target,servo,1.0,0.0,0.0,0.0,1.0,0.0,0.0,101,high_texture,7500.0,AK_Known_Correction,KNOWN_EVALUATION,APPLY_KNOWN_ERROR_CORRECTION,1.0,1.0,known_yaw_or_servo_error_evaluation_only,True,False,evaluation_only_known_attitude_error,['/home/shy/AIR/SAR+AI/project/PGRCC/.worktrees/unknown-system-error-next-stage/outputs/yaw_error_formal_compact_20260915/cases/case_235/off/data/stage2_statistical_newprotocol_period_0000.bin'],known attitude error
yaw_moving_target_servo_p1p000deg_seed_101,moving_target,servo,1.0,0.0,0.0,0.0,1.0,0.0,0.0,101,high_texture,7500.0,A1_Blind_Deterministic,FALLBACK_MODEL_MISMATCH,KEEP_CURRENT,,0.0,fallback_current,False,False,OFF_C_PLUS_N_TARGET_FREE_ONLY,['/home/shy/AIR/SAR+AI/project/PGRCC/.worktrees/unknown-system-error-next-stage/outputs/yaw_error_formal_compact_20260915/cases/case_235/off/data/stage2_statistical_newprotocol_period_0000.bin'],"['six_pair_clutter_phase', 'doppler_ridge_displacement', 'p38_phase_slope', 'multi_beam_power_secondary', 'reported_angle_geometry_platform']"
yaw_moving_target_servo_p1p000deg_seed_101,moving_target,servo,1.0,0.0,0.0,0.0,1.0,0.0,0.0,101,high_texture,10000.0,A0_Current,CURRENT,KEEP_CURRENT,,0.0,reported_geometry_current,False,False,reported_geometry_current,['/home/shy/AIR/SAR+AI/project/PGRCC/.worktrees/unknown-system-error-next-stage/outputs/yaw_error_formal_compact_20260915/cases/case_236/off/data/stage2_statistical_newprotocol_period_0000.bin'],reported geometry
yaw_moving_target_servo_p1p000deg_seed_101,moving_target,servo,1.0,0.0,0.0,0.0,1.0,0.0,0.0,101,high_texture,10000.0,AK_Known_Correction,KNOWN_EVALUATION,APPLY_KNOWN_ERROR_CORRECTION,1.0,1.0,known_yaw_or_servo_error_evaluation_only,True,False,evaluation_only_known_attitude_error,['/home/shy/AIR/SAR+AI/project/PGRCC/.worktrees/unknown-system-error-next-stage/outputs/yaw_error_formal_compact_20260915/cases/case_236/off/data/stage2_statistical_newprotocol_period_0000.bin'],known attitude error
yaw_moving_target_servo_p1p000deg_seed_101,moving_target,servo,1.0,0.0,0.0,0.0,1.0,0.0,0.0,101,high_texture,10000.0,A1_Blind_Deterministic,FALLBACK_MODEL_MISMATCH,KEEP_CURRENT,,0.0,fallback_current,False,False,OFF_C_PLUS_N_TARGET_FREE_ONLY,['/home/shy/AIR/SAR+AI/project/PGRCC/.worktrees/unknown-system-error-next-stage/outputs/yaw_error_formal_compact_20260915/cases/case_236/off/data/stage2_statistical_newprotocol_period_0000.bin'],"['six_pair_clutter_phase', 'doppler_ridge_displacement', 'p38_phase_slope', 'multi_beam_power_secondary', 'reported_angle_geometry_platform']"
yaw_moving_target_servo_p1p000deg_seed_202,moving_target,servo,1.0,0.0,0.0,0.0,1.0,0.0,0.0,202,low_texture,7500.0,A0_Current,CURRENT,KEEP_CURRENT,,0.0,reported_geometry_current,False,False,reported_geometry_current,['/home/shy/AIR/SAR+AI/project/PGRCC/.worktrees/unknown-system-error-next-stage/outputs/yaw_error_formal_compact_20260915/cases/case_237/off/data/stage2_statistical_newprotocol_period_0000.bin'],reported geometry
yaw_moving_target_servo_p1p000deg_seed_202,moving_target,servo,1.0,0.0,0.0,0.0,1.0,0.0,0.0,202,low_texture,7500.0,AK_Known_Correction,KNOWN_EVALUATION,APPLY_KNOWN_ERROR_CORRECTION,1.0,1.0,known_yaw_or_servo_error_evaluation_only,True,False,evaluation_only_known_attitude_error,['/home/shy/AIR/SAR+AI/project/PGRCC/.worktrees/unknown-system-error-next-stage/outputs/yaw_error_formal_compact_20260915/cases/case_237/off/data/stage2_statistical_newprotocol_period_0000.bin'],known attitude error
yaw_moving_target_servo_p1p000deg_seed_202,moving_target,servo,1.0,0.0,0.0,0.0,1.0,0.0,0.0,202,low_texture,7500.0,A1_Blind_Deterministic,FALLBACK_MODEL_MISMATCH,KEEP_CURRENT,,0.0,fallback_current,False,False,OFF_C_PLUS_N_TARGET_FREE_ONLY,['/home/shy/AIR/SAR+AI/project/PGRCC/.worktrees/unknown-system-error-next-stage/outputs/yaw_error_formal_compact_20260915/cases/case_237/off/data/stage2_statistical_newprotocol_period_0000.bin'],"['six_pair_clutter_phase', 'doppler_ridge_displacement', 'p38_phase_slope', 'multi_beam_power_secondary', 'reported_angle_geometry_platform']"
yaw_moving_target_servo_p1p000deg_seed_202,moving_target,servo,1.0,0.0,0.0,0.0,1.0,0.0,0.0,202,low_texture,10000.0,A0_Current,CURRENT,KEEP_CURRENT,,0.0,reported_geometry_current,False,False,reported_geometry_current,['/home/shy/AIR/SAR+AI/project/PGRCC/.worktrees/unknown-system-error-next-stage/outputs/yaw_error_formal_compact_20260915/cases/case_238/off/data/stage2_statistical_newprotocol_period_0000.bin'],reported geometry
yaw_moving_target_servo_p1p000deg_seed_202,moving_target,servo,1.0,0.0,0.0,0.0,1.0,0.0,0.0,202,low_texture,10000.0,AK_Known_Correction,KNOWN_EVALUATION,APPLY_KNOWN_ERROR_CORRECTION,1.0,1.0,known_yaw_or_servo_error_evaluation_only,True,False,evaluation_only_known_attitude_error,['/home/shy/AIR/SAR+AI/project/PGRCC/.worktrees/unknown-system-error-next-stage/outputs/yaw_error_formal_compact_20260915/cases/case_238/off/data/stage2_statistical_newprotocol_period_0000.bin'],known attitude error
yaw_moving_target_servo_p1p000deg_seed_202,moving_target,servo,1.0,0.0,0.0,0.0,1.0,0.0,0.0,202,low_texture,10000.0,A1_Blind_Deterministic,FALLBACK_MODEL_MISMATCH,KEEP_CURRENT,,0.0,fallback_current,False,False,OFF_C_PLUS_N_TARGET_FREE_ONLY,['/home/shy/AIR/SAR+AI/project/PGRCC/.worktrees/unknown-system-error-next-stage/outputs/yaw_error_formal_compact_20260915/cases/case_238/off/data/stage2_statistical_newprotocol_period_0000.bin'],"['six_pair_clutter_phase', 'doppler_ridge_displacement', 'p38_phase_slope', 'multi_beam_power_secondary', 'reported_angle_geometry_platform']"
yaw_moving_target_servo_p1p000deg_seed_202,moving_target,servo,1.0,0.0,0.0,0.0,1.0,0.0,0.0,202,high_texture,7500.0,A0_Current,CURRENT,KEEP_CURRENT,,0.0,reported_geometry_current,False,False,reported_geometry_current,['/home/shy/AIR/SAR+AI/project/PGRCC/.worktrees/unknown-system-error-next-stage/outputs/yaw_error_formal_compact_20260915/cases/case_239/off/data/stage2_statistical_newprotocol_period_0000.bin'],reported geometry
yaw_moving_target_servo_p1p000deg_seed_202,moving_target,servo,1.0,0.0,0.0,0.0,1.0,0.0,0.0,202,high_texture,7500.0,AK_Known_Correction,KNOWN_EVALUATION,APPLY_KNOWN_ERROR_CORRECTION,1.0,1.0,known_yaw_or_servo_error_evaluation_only,True,False,evaluation_only_known_attitude_error,['/home/shy/AIR/SAR+AI/project/PGRCC/.worktrees/unknown-system-error-next-stage/outputs/yaw_error_formal_compact_20260915/cases/case_239/off/data/stage2_statistical_newprotocol_period_0000.bin'],known attitude error
yaw_moving_target_servo_p1p000deg_seed_202,moving_target,servo,1.0,0.0,0.0,0.0,1.0,0.0,0.0,202,high_texture,7500.0,A1_Blind_Deterministic,FALLBACK_MODEL_MISMATCH,KEEP_CURRENT,,0.0,fallback_current,False,False,OFF_C_PLUS_N_TARGET_FREE_ONLY,['/home/shy/AIR/SAR+AI/project/PGRCC/.worktrees/unknown-system-error-next-stage/outputs/yaw_error_formal_compact_20260915/cases/case_239/off/data/stage2_statistical_newprotocol_period_0000.bin'],"['six_pair_clutter_phase', 'doppler_ridge_displacement', 'p38_phase_slope', 'multi_beam_power_secondary', 'reported_angle_geometry_platform']"
yaw_moving_target_servo_p1p000deg_seed_202,moving_target,servo,1.0,0.0,0.0,0.0,1.0,0.0,0.0,202,high_texture,10000.0,A0_Current,CURRENT,KEEP_CURRENT,,0.0,reported_geometry_current,False,False,reported_geometry_current,['/home/shy/AIR/SAR+AI/project/PGRCC/.worktrees/unknown-system-error-next-stage/outputs/yaw_error_formal_compact_20260915/cases/case_240/off/data/stage2_statistical_newprotocol_period_0000.bin'],reported geometry
yaw_moving_target_servo_p1p000deg_seed_202,moving_target,servo,1.0,0.0,0.0,0.0,1.0,0.0,0.0,202,high_texture,10000.0,AK_Known_Correction,KNOWN_EVALUATION,APPLY_KNOWN_ERROR_CORRECTION,1.0,1.0,known_yaw_or_servo_error_evaluation_only,True,False,evaluation_only_known_attitude_error,['/home/shy/AIR/SAR+AI/project/PGRCC/.worktrees/unknown-system-error-next-stage/outputs/yaw_error_formal_compact_20260915/cases/case_240/off/data/stage2_statistical_newprotocol_period_0000.bin'],known attitude error
yaw_moving_target_servo_p1p000deg_seed_202,moving_target,servo,1.0,0.0,0.0,0.0,1.0,0.0,0.0,202,high_texture,10000.0,A1_Blind_Deterministic,FALLBACK_MODEL_MISMATCH,KEEP_CURRENT,,0.0,fallback_current,False,False,OFF_C_PLUS_N_TARGET_FREE_ONLY,['/home/shy/AIR/SAR+AI/project/PGRCC/.worktrees/unknown-system-error-next-stage/outputs/yaw_error_formal_compact_20260915/cases/case_240/off/data/stage2_statistical_newprotocol_period_0000.bin'],"['six_pair_clutter_phase', 'doppler_ridge_displacement', 'p38_phase_slope', 'multi_beam_power_secondary', 'reported_angle_geometry_platform']"
