case_id,error_deg,seed,texture,range_center_m,branch,calibration_mode,method,status,decision,estimate_deg,uncertainty_deg,zero_error_deadband_deg,applied_correction_deg,correction_source,model_mismatch,fallback_reason,causal_data_sources,target_truth_used,on_off_difference_used,known_error_used,servo_truth_used,input_paths
clutter_servo_low_texture_7500m_p0p000deg_seed_101,0.0,101,low_texture,7500.0,S0,current_reported,,CURRENT,KEEP_CURRENT,,,0.0,0.0,reported_header_current,False,,"['reported header angle', 'target-on evaluation raw']",False,False,False,False,['/home/shy/AIR/SAR+AI/project/PGRCC/.worktrees/unknown-system-error-next-stage/outputs/clutter_only_servo_formal_compact_v2_20260914/cases/case_001/on/data/stage2_statistical_newprotocol_period_0000.bin']
clutter_servo_low_texture_7500m_p0p000deg_seed_101,0.0,101,low_texture,7500.0,S1,clutter_only,clutter_only_six_pair_phase_ridge_p38_power_huber_grid_v1,FALLBACK_MODEL_MISMATCH,KEEP_CURRENT,,,0.0,0.0,fallback_current,True,primary_feature_family_disagreement,"['six_pair_clutter_phase', 'doppler_ridge_displacement', 'p38_phase_slope', 'multi_beam_power_secondary', 'reported_angle_geometry_platform']",False,False,False,False,['/home/shy/AIR/SAR+AI/project/PGRCC/.worktrees/unknown-system-error-next-stage/outputs/clutter_only_servo_formal_compact_v2_20260914/cases/case_001/off/data/stage2_statistical_newprotocol_period_0000.bin']
clutter_servo_low_texture_7500m_p0p000deg_seed_101,0.0,101,low_texture,7500.0,S1K,known_error_upper_bound,,KNOWN_EVALUATION,NO_CORRECTION_NEEDED,0.0,0.0,0.0,0.0,known_error_upper_bound,False,,['configured known true-minus-reported servo error'],False,False,True,False,['/home/shy/AIR/SAR+AI/project/PGRCC/.worktrees/unknown-system-error-next-stage/outputs/clutter_only_servo_formal_compact_v2_20260914/cases/case_001/on/data/stage2_statistical_newprotocol_period_0000.bin']
clutter_servo_low_texture_7500m_p0p000deg_seed_101,0.0,101,low_texture,7500.0,Sassist,target_assisted,target_assisted_six_pair_phase_plus_multibeam_power_quadratic_pilot,VALID,NO_CORRECTION_NEEDED,0.006788890159697915,0.024978036215070682,0.12930336177963292,0.0,deadband_current,False,,"['paired ON-OFF target residual', 'six pair cross-channel phases/coherences', 'reported header beam angles', 'configured nominal target/range hypothesis']",False,True,False,False,"['/home/shy/AIR/SAR+AI/project/PGRCC/.worktrees/unknown-system-error-next-stage/outputs/clutter_only_servo_formal_compact_v2_20260914/cases/case_001/on/data/stage2_statistical_newprotocol_period_0000.bin', '/home/shy/AIR/SAR+AI/project/PGRCC/.worktrees/unknown-system-error-next-stage/outputs/clutter_only_servo_formal_compact_v2_20260914/cases/case_001/off/data/stage2_statistical_newprotocol_period_0000.bin']"
clutter_servo_low_texture_10000m_p0p000deg_seed_101,0.0,101,low_texture,10000.0,S0,current_reported,,CURRENT,KEEP_CURRENT,,,0.0,0.0,reported_header_current,False,,"['reported header angle', 'target-on evaluation raw']",False,False,False,False,['/home/shy/AIR/SAR+AI/project/PGRCC/.worktrees/unknown-system-error-next-stage/outputs/clutter_only_servo_formal_compact_v2_20260914/cases/case_002/on/data/stage2_statistical_newprotocol_period_0000.bin']
clutter_servo_low_texture_10000m_p0p000deg_seed_101,0.0,101,low_texture,10000.0,S1,clutter_only,clutter_only_six_pair_phase_ridge_p38_power_huber_grid_v1,FALLBACK_MODEL_MISMATCH,KEEP_CURRENT,,,0.0,0.0,fallback_current,True,primary_feature_family_disagreement,"['six_pair_clutter_phase', 'doppler_ridge_displacement', 'p38_phase_slope', 'multi_beam_power_secondary', 'reported_angle_geometry_platform']",False,False,False,False,['/home/shy/AIR/SAR+AI/project/PGRCC/.worktrees/unknown-system-error-next-stage/outputs/clutter_only_servo_formal_compact_v2_20260914/cases/case_002/off/data/stage2_statistical_newprotocol_period_0000.bin']
clutter_servo_low_texture_10000m_p0p000deg_seed_101,0.0,101,low_texture,10000.0,S1K,known_error_upper_bound,,KNOWN_EVALUATION,NO_CORRECTION_NEEDED,0.0,0.0,0.0,0.0,known_error_upper_bound,False,,['configured known true-minus-reported servo error'],False,False,True,False,['/home/shy/AIR/SAR+AI/project/PGRCC/.worktrees/unknown-system-error-next-stage/outputs/clutter_only_servo_formal_compact_v2_20260914/cases/case_002/on/data/stage2_statistical_newprotocol_period_0000.bin']
clutter_servo_low_texture_10000m_p0p000deg_seed_101,0.0,101,low_texture,10000.0,Sassist,target_assisted,target_assisted_six_pair_phase_plus_multibeam_power_quadratic_pilot,VALID,NO_CORRECTION_NEEDED,0.049594945890634005,0.016813718355002585,0.12930336177963292,0.0,deadband_current,False,,"['paired ON-OFF target residual', 'six pair cross-channel phases/coherences', 'reported header beam angles', 'configured nominal target/range hypothesis']",False,True,False,False,"['/home/shy/AIR/SAR+AI/project/PGRCC/.worktrees/unknown-system-error-next-stage/outputs/clutter_only_servo_formal_compact_v2_20260914/cases/case_002/on/data/stage2_statistical_newprotocol_period_0000.bin', '/home/shy/AIR/SAR+AI/project/PGRCC/.worktrees/unknown-system-error-next-stage/outputs/clutter_only_servo_formal_compact_v2_20260914/cases/case_002/off/data/stage2_statistical_newprotocol_period_0000.bin']"
clutter_servo_high_texture_7500m_p0p000deg_seed_101,0.0,101,high_texture,7500.0,S0,current_reported,,CURRENT,KEEP_CURRENT,,,0.0,0.0,reported_header_current,False,,"['reported header angle', 'target-on evaluation raw']",False,False,False,False,['/home/shy/AIR/SAR+AI/project/PGRCC/.worktrees/unknown-system-error-next-stage/outputs/clutter_only_servo_formal_compact_v2_20260914/cases/case_003/on/data/stage2_statistical_newprotocol_period_0000.bin']
clutter_servo_high_texture_7500m_p0p000deg_seed_101,0.0,101,high_texture,7500.0,S1,clutter_only,clutter_only_six_pair_phase_ridge_p38_power_huber_grid_v1,FALLBACK_MODEL_MISMATCH,KEEP_CURRENT,,,0.0,0.0,fallback_current,True,primary_feature_family_disagreement,"['six_pair_clutter_phase', 'doppler_ridge_displacement', 'p38_phase_slope', 'multi_beam_power_secondary', 'reported_angle_geometry_platform']",False,False,False,False,['/home/shy/AIR/SAR+AI/project/PGRCC/.worktrees/unknown-system-error-next-stage/outputs/clutter_only_servo_formal_compact_v2_20260914/cases/case_003/off/data/stage2_statistical_newprotocol_period_0000.bin']
clutter_servo_high_texture_7500m_p0p000deg_seed_101,0.0,101,high_texture,7500.0,S1K,known_error_upper_bound,,KNOWN_EVALUATION,NO_CORRECTION_NEEDED,0.0,0.0,0.0,0.0,known_error_upper_bound,False,,['configured known true-minus-reported servo error'],False,False,True,False,['/home/shy/AIR/SAR+AI/project/PGRCC/.worktrees/unknown-system-error-next-stage/outputs/clutter_only_servo_formal_compact_v2_20260914/cases/case_003/on/data/stage2_statistical_newprotocol_period_0000.bin']
clutter_servo_high_texture_7500m_p0p000deg_seed_101,0.0,101,high_texture,7500.0,Sassist,target_assisted,target_assisted_six_pair_phase_plus_multibeam_power_quadratic_pilot,VALID,NO_CORRECTION_NEEDED,-0.12930336177963292,0.026811186478574778,0.12930336177963292,0.0,deadband_current,False,,"['paired ON-OFF target residual', 'six pair cross-channel phases/coherences', 'reported header beam angles', 'configured nominal target/range hypothesis']",False,True,False,False,"['/home/shy/AIR/SAR+AI/project/PGRCC/.worktrees/unknown-system-error-next-stage/outputs/clutter_only_servo_formal_compact_v2_20260914/cases/case_003/on/data/stage2_statistical_newprotocol_period_0000.bin', '/home/shy/AIR/SAR+AI/project/PGRCC/.worktrees/unknown-system-error-next-stage/outputs/clutter_only_servo_formal_compact_v2_20260914/cases/case_003/off/data/stage2_statistical_newprotocol_period_0000.bin']"
clutter_servo_high_texture_10000m_p0p000deg_seed_101,0.0,101,high_texture,10000.0,S0,current_reported,,CURRENT,KEEP_CURRENT,,,0.0,0.0,reported_header_current,False,,"['reported header angle', 'target-on evaluation raw']",False,False,False,False,['/home/shy/AIR/SAR+AI/project/PGRCC/.worktrees/unknown-system-error-next-stage/outputs/clutter_only_servo_formal_compact_v2_20260914/cases/case_004/on/data/stage2_statistical_newprotocol_period_0000.bin']
clutter_servo_high_texture_10000m_p0p000deg_seed_101,0.0,101,high_texture,10000.0,S1,clutter_only,clutter_only_six_pair_phase_ridge_p38_power_huber_grid_v1,FALLBACK_MODEL_MISMATCH,KEEP_CURRENT,,,0.0,0.0,fallback_current,True,primary_feature_family_disagreement,"['six_pair_clutter_phase', 'doppler_ridge_displacement', 'p38_phase_slope', 'multi_beam_power_secondary', 'reported_angle_geometry_platform']",False,False,False,False,['/home/shy/AIR/SAR+AI/project/PGRCC/.worktrees/unknown-system-error-next-stage/outputs/clutter_only_servo_formal_compact_v2_20260914/cases/case_004/off/data/stage2_statistical_newprotocol_period_0000.bin']
clutter_servo_high_texture_10000m_p0p000deg_seed_101,0.0,101,high_texture,10000.0,S1K,known_error_upper_bound,,KNOWN_EVALUATION,NO_CORRECTION_NEEDED,0.0,0.0,0.0,0.0,known_error_upper_bound,False,,['configured known true-minus-reported servo error'],False,False,True,False,['/home/shy/AIR/SAR+AI/project/PGRCC/.worktrees/unknown-system-error-next-stage/outputs/clutter_only_servo_formal_compact_v2_20260914/cases/case_004/on/data/stage2_statistical_newprotocol_period_0000.bin']
clutter_servo_high_texture_10000m_p0p000deg_seed_101,0.0,101,high_texture,10000.0,Sassist,target_assisted,target_assisted_six_pair_phase_plus_multibeam_power_quadratic_pilot,VALID,NO_CORRECTION_NEEDED,0.04743734583090419,0.028893292793604634,0.12930336177963292,0.0,deadband_current,False,,"['paired ON-OFF target residual', 'six pair cross-channel phases/coherences', 'reported header beam angles', 'configured nominal target/range hypothesis']",False,True,False,False,"['/home/shy/AIR/SAR+AI/project/PGRCC/.worktrees/unknown-system-error-next-stage/outputs/clutter_only_servo_formal_compact_v2_20260914/cases/case_004/on/data/stage2_statistical_newprotocol_period_0000.bin', '/home/shy/AIR/SAR+AI/project/PGRCC/.worktrees/unknown-system-error-next-stage/outputs/clutter_only_servo_formal_compact_v2_20260914/cases/case_004/off/data/stage2_statistical_newprotocol_period_0000.bin']"
clutter_servo_low_texture_7500m_p0p000deg_seed_202,0.0,202,low_texture,7500.0,S0,current_reported,,CURRENT,KEEP_CURRENT,,,0.0,0.0,reported_header_current,False,,"['reported header angle', 'target-on evaluation raw']",False,False,False,False,['/home/shy/AIR/SAR+AI/project/PGRCC/.worktrees/unknown-system-error-next-stage/outputs/clutter_only_servo_formal_compact_v2_20260914/cases/case_005/on/data/stage2_statistical_newprotocol_period_0000.bin']
clutter_servo_low_texture_7500m_p0p000deg_seed_202,0.0,202,low_texture,7500.0,S1,clutter_only,clutter_only_six_pair_phase_ridge_p38_power_huber_grid_v1,FALLBACK_MODEL_MISMATCH,KEEP_CURRENT,,,0.0,0.0,fallback_current,True,primary_feature_family_disagreement,"['six_pair_clutter_phase', 'doppler_ridge_displacement', 'p38_phase_slope', 'multi_beam_power_secondary', 'reported_angle_geometry_platform']",False,False,False,False,['/home/shy/AIR/SAR+AI/project/PGRCC/.worktrees/unknown-system-error-next-stage/outputs/clutter_only_servo_formal_compact_v2_20260914/cases/case_005/off/data/stage2_statistical_newprotocol_period_0000.bin']
clutter_servo_low_texture_7500m_p0p000deg_seed_202,0.0,202,low_texture,7500.0,S1K,known_error_upper_bound,,KNOWN_EVALUATION,NO_CORRECTION_NEEDED,0.0,0.0,0.0,0.0,known_error_upper_bound,False,,['configured known true-minus-reported servo error'],False,False,True,False,['/home/shy/AIR/SAR+AI/project/PGRCC/.worktrees/unknown-system-error-next-stage/outputs/clutter_only_servo_formal_compact_v2_20260914/cases/case_005/on/data/stage2_statistical_newprotocol_period_0000.bin']
clutter_servo_low_texture_7500m_p0p000deg_seed_202,0.0,202,low_texture,7500.0,Sassist,target_assisted,target_assisted_six_pair_phase_plus_multibeam_power_quadratic_pilot,VALID,NO_CORRECTION_NEEDED,-0.022113253939043252,0.022882986432715743,0.12930336177963292,0.0,deadband_current,False,,"['paired ON-OFF target residual', 'six pair cross-channel phases/coherences', 'reported header beam angles', 'configured nominal target/range hypothesis']",False,True,False,False,"['/home/shy/AIR/SAR+AI/project/PGRCC/.worktrees/unknown-system-error-next-stage/outputs/clutter_only_servo_formal_compact_v2_20260914/cases/case_005/on/data/stage2_statistical_newprotocol_period_0000.bin', '/home/shy/AIR/SAR+AI/project/PGRCC/.worktrees/unknown-system-error-next-stage/outputs/clutter_only_servo_formal_compact_v2_20260914/cases/case_005/off/data/stage2_statistical_newprotocol_period_0000.bin']"
clutter_servo_low_texture_10000m_p0p000deg_seed_202,0.0,202,low_texture,10000.0,S0,current_reported,,CURRENT,KEEP_CURRENT,,,0.0,0.0,reported_header_current,False,,"['reported header angle', 'target-on evaluation raw']",False,False,False,False,['/home/shy/AIR/SAR+AI/project/PGRCC/.worktrees/unknown-system-error-next-stage/outputs/clutter_only_servo_formal_compact_v2_20260914/cases/case_006/on/data/stage2_statistical_newprotocol_period_0000.bin']
clutter_servo_low_texture_10000m_p0p000deg_seed_202,0.0,202,low_texture,10000.0,S1,clutter_only,clutter_only_six_pair_phase_ridge_p38_power_huber_grid_v1,FALLBACK_MODEL_MISMATCH,KEEP_CURRENT,,,0.0,0.0,fallback_current,True,primary_feature_family_disagreement,"['six_pair_clutter_phase', 'doppler_ridge_displacement', 'p38_phase_slope', 'multi_beam_power_secondary', 'reported_angle_geometry_platform']",False,False,False,False,['/home/shy/AIR/SAR+AI/project/PGRCC/.worktrees/unknown-system-error-next-stage/outputs/clutter_only_servo_formal_compact_v2_20260914/cases/case_006/off/data/stage2_statistical_newprotocol_period_0000.bin']
clutter_servo_low_texture_10000m_p0p000deg_seed_202,0.0,202,low_texture,10000.0,S1K,known_error_upper_bound,,KNOWN_EVALUATION,NO_CORRECTION_NEEDED,0.0,0.0,0.0,0.0,known_error_upper_bound,False,,['configured known true-minus-reported servo error'],False,False,True,False,['/home/shy/AIR/SAR+AI/project/PGRCC/.worktrees/unknown-system-error-next-stage/outputs/clutter_only_servo_formal_compact_v2_20260914/cases/case_006/on/data/stage2_statistical_newprotocol_period_0000.bin']
clutter_servo_low_texture_10000m_p0p000deg_seed_202,0.0,202,low_texture,10000.0,Sassist,target_assisted,target_assisted_six_pair_phase_plus_multibeam_power_quadratic_pilot,VALID,NO_CORRECTION_NEEDED,-0.005191154121968932,0.02030997058005035,0.12930336177963292,0.0,deadband_current,False,,"['paired ON-OFF target residual', 'six pair cross-channel phases/coherences', 'reported header beam angles', 'configured nominal target/range hypothesis']",False,True,False,False,"['/home/shy/AIR/SAR+AI/project/PGRCC/.worktrees/unknown-system-error-next-stage/outputs/clutter_only_servo_formal_compact_v2_20260914/cases/case_006/on/data/stage2_statistical_newprotocol_period_0000.bin', '/home/shy/AIR/SAR+AI/project/PGRCC/.worktrees/unknown-system-error-next-stage/outputs/clutter_only_servo_formal_compact_v2_20260914/cases/case_006/off/data/stage2_statistical_newprotocol_period_0000.bin']"
clutter_servo_high_texture_7500m_p0p000deg_seed_202,0.0,202,high_texture,7500.0,S0,current_reported,,CURRENT,KEEP_CURRENT,,,0.0,0.0,reported_header_current,False,,"['reported header angle', 'target-on evaluation raw']",False,False,False,False,['/home/shy/AIR/SAR+AI/project/PGRCC/.worktrees/unknown-system-error-next-stage/outputs/clutter_only_servo_formal_compact_v2_20260914/cases/case_007/on/data/stage2_statistical_newprotocol_period_0000.bin']
clutter_servo_high_texture_7500m_p0p000deg_seed_202,0.0,202,high_texture,7500.0,S1,clutter_only,clutter_only_six_pair_phase_ridge_p38_power_huber_grid_v1,FALLBACK_MODEL_MISMATCH,KEEP_CURRENT,,,0.0,0.0,fallback_current,True,primary_feature_family_disagreement,"['six_pair_clutter_phase', 'doppler_ridge_displacement', 'p38_phase_slope', 'multi_beam_power_secondary', 'reported_angle_geometry_platform']",False,False,False,False,['/home/shy/AIR/SAR+AI/project/PGRCC/.worktrees/unknown-system-error-next-stage/outputs/clutter_only_servo_formal_compact_v2_20260914/cases/case_007/off/data/stage2_statistical_newprotocol_period_0000.bin']
clutter_servo_high_texture_7500m_p0p000deg_seed_202,0.0,202,high_texture,7500.0,S1K,known_error_upper_bound,,KNOWN_EVALUATION,NO_CORRECTION_NEEDED,0.0,0.0,0.0,0.0,known_error_upper_bound,False,,['configured known true-minus-reported servo error'],False,False,True,False,['/home/shy/AIR/SAR+AI/project/PGRCC/.worktrees/unknown-system-error-next-stage/outputs/clutter_only_servo_formal_compact_v2_20260914/cases/case_007/on/data/stage2_statistical_newprotocol_period_0000.bin']
clutter_servo_high_texture_7500m_p0p000deg_seed_202,0.0,202,high_texture,7500.0,Sassist,target_assisted,target_assisted_six_pair_phase_plus_multibeam_power_quadratic_pilot,VALID,NO_CORRECTION_NEEDED,0.013561415934022636,0.01164997794382777,0.12930336177963292,0.0,deadband_current,False,,"['paired ON-OFF target residual', 'six pair cross-channel phases/coherences', 'reported header beam angles', 'configured nominal target/range hypothesis']",False,True,False,False,"['/home/shy/AIR/SAR+AI/project/PGRCC/.worktrees/unknown-system-error-next-stage/outputs/clutter_only_servo_formal_compact_v2_20260914/cases/case_007/on/data/stage2_statistical_newprotocol_period_0000.bin', '/home/shy/AIR/SAR+AI/project/PGRCC/.worktrees/unknown-system-error-next-stage/outputs/clutter_only_servo_formal_compact_v2_20260914/cases/case_007/off/data/stage2_statistical_newprotocol_period_0000.bin']"
clutter_servo_high_texture_10000m_p0p000deg_seed_202,0.0,202,high_texture,10000.0,S0,current_reported,,CURRENT,KEEP_CURRENT,,,0.0,0.0,reported_header_current,False,,"['reported header angle', 'target-on evaluation raw']",False,False,False,False,['/home/shy/AIR/SAR+AI/project/PGRCC/.worktrees/unknown-system-error-next-stage/outputs/clutter_only_servo_formal_compact_v2_20260914/cases/case_008/on/data/stage2_statistical_newprotocol_period_0000.bin']
clutter_servo_high_texture_10000m_p0p000deg_seed_202,0.0,202,high_texture,10000.0,S1,clutter_only,clutter_only_six_pair_phase_ridge_p38_power_huber_grid_v1,FALLBACK_MODEL_MISMATCH,KEEP_CURRENT,,,0.0,0.0,fallback_current,True,primary_feature_family_disagreement,"['six_pair_clutter_phase', 'doppler_ridge_displacement', 'p38_phase_slope', 'multi_beam_power_secondary', 'reported_angle_geometry_platform']",False,False,False,False,['/home/shy/AIR/SAR+AI/project/PGRCC/.worktrees/unknown-system-error-next-stage/outputs/clutter_only_servo_formal_compact_v2_20260914/cases/case_008/off/data/stage2_statistical_newprotocol_period_0000.bin']
clutter_servo_high_texture_10000m_p0p000deg_seed_202,0.0,202,high_texture,10000.0,S1K,known_error_upper_bound,,KNOWN_EVALUATION,NO_CORRECTION_NEEDED,0.0,0.0,0.0,0.0,known_error_upper_bound,False,,['configured known true-minus-reported servo error'],False,False,True,False,['/home/shy/AIR/SAR+AI/project/PGRCC/.worktrees/unknown-system-error-next-stage/outputs/clutter_only_servo_formal_compact_v2_20260914/cases/case_008/on/data/stage2_statistical_newprotocol_period_0000.bin']
clutter_servo_high_texture_10000m_p0p000deg_seed_202,0.0,202,high_texture,10000.0,Sassist,target_assisted,target_assisted_six_pair_phase_plus_multibeam_power_quadratic_pilot,VALID,NO_CORRECTION_NEEDED,0.015345162601005295,0.0193508805644953,0.12930336177963292,0.0,deadband_current,False,,"['paired ON-OFF target residual', 'six pair cross-channel phases/coherences', 'reported header beam angles', 'configured nominal target/range hypothesis']",False,True,False,False,"['/home/shy/AIR/SAR+AI/project/PGRCC/.worktrees/unknown-system-error-next-stage/outputs/clutter_only_servo_formal_compact_v2_20260914/cases/case_008/on/data/stage2_statistical_newprotocol_period_0000.bin', '/home/shy/AIR/SAR+AI/project/PGRCC/.worktrees/unknown-system-error-next-stage/outputs/clutter_only_servo_formal_compact_v2_20260914/cases/case_008/off/data/stage2_statistical_newprotocol_period_0000.bin']"
clutter_servo_low_texture_7500m_p0p050deg_seed_101,0.05,101,low_texture,7500.0,S0,current_reported,,CURRENT,KEEP_CURRENT,,,0.0,0.0,reported_header_current,False,,"['reported header angle', 'target-on evaluation raw']",False,False,False,False,['/home/shy/AIR/SAR+AI/project/PGRCC/.worktrees/unknown-system-error-next-stage/outputs/clutter_only_servo_formal_compact_v2_20260914/cases/case_009/on/data/stage2_statistical_newprotocol_period_0000.bin']
clutter_servo_low_texture_7500m_p0p050deg_seed_101,0.05,101,low_texture,7500.0,S1,clutter_only,clutter_only_six_pair_phase_ridge_p38_power_huber_grid_v1,FALLBACK_MODEL_MISMATCH,KEEP_CURRENT,,,0.0,0.0,fallback_current,True,primary_feature_family_disagreement,"['six_pair_clutter_phase', 'doppler_ridge_displacement', 'p38_phase_slope', 'multi_beam_power_secondary', 'reported_angle_geometry_platform']",False,False,False,False,['/home/shy/AIR/SAR+AI/project/PGRCC/.worktrees/unknown-system-error-next-stage/outputs/clutter_only_servo_formal_compact_v2_20260914/cases/case_009/off/data/stage2_statistical_newprotocol_period_0000.bin']
clutter_servo_low_texture_7500m_p0p050deg_seed_101,0.05,101,low_texture,7500.0,S1K,known_error_upper_bound,,KNOWN_EVALUATION,APPLY_KNOWN_ERROR_CORRECTION,0.05,0.0,0.0,0.05,known_error_upper_bound,False,,['configured known true-minus-reported servo error'],False,False,True,False,['/home/shy/AIR/SAR+AI/project/PGRCC/.worktrees/unknown-system-error-next-stage/outputs/clutter_only_servo_formal_compact_v2_20260914/cases/case_009/on/data/stage2_statistical_newprotocol_period_0000.bin']
clutter_servo_low_texture_7500m_p0p050deg_seed_101,0.05,101,low_texture,7500.0,Sassist,target_assisted,target_assisted_six_pair_phase_plus_multibeam_power_quadratic_pilot,VALID,NO_CORRECTION_NEEDED,0.055636133167680686,0.023607369462085158,0.12930336177963292,0.0,deadband_current,False,,"['paired ON-OFF target residual', 'six pair cross-channel phases/coherences', 'reported header beam angles', 'configured nominal target/range hypothesis']",False,True,False,False,"['/home/shy/AIR/SAR+AI/project/PGRCC/.worktrees/unknown-system-error-next-stage/outputs/clutter_only_servo_formal_compact_v2_20260914/cases/case_009/on/data/stage2_statistical_newprotocol_period_0000.bin', '/home/shy/AIR/SAR+AI/project/PGRCC/.worktrees/unknown-system-error-next-stage/outputs/clutter_only_servo_formal_compact_v2_20260914/cases/case_009/off/data/stage2_statistical_newprotocol_period_0000.bin']"
clutter_servo_low_texture_10000m_p0p050deg_seed_101,0.05,101,low_texture,10000.0,S0,current_reported,,CURRENT,KEEP_CURRENT,,,0.0,0.0,reported_header_current,False,,"['reported header angle', 'target-on evaluation raw']",False,False,False,False,['/home/shy/AIR/SAR+AI/project/PGRCC/.worktrees/unknown-system-error-next-stage/outputs/clutter_only_servo_formal_compact_v2_20260914/cases/case_010/on/data/stage2_statistical_newprotocol_period_0000.bin']
clutter_servo_low_texture_10000m_p0p050deg_seed_101,0.05,101,low_texture,10000.0,S1,clutter_only,clutter_only_six_pair_phase_ridge_p38_power_huber_grid_v1,FALLBACK_MODEL_MISMATCH,KEEP_CURRENT,,,0.0,0.0,fallback_current,True,primary_feature_family_disagreement,"['six_pair_clutter_phase', 'doppler_ridge_displacement', 'p38_phase_slope', 'multi_beam_power_secondary', 'reported_angle_geometry_platform']",False,False,False,False,['/home/shy/AIR/SAR+AI/project/PGRCC/.worktrees/unknown-system-error-next-stage/outputs/clutter_only_servo_formal_compact_v2_20260914/cases/case_010/off/data/stage2_statistical_newprotocol_period_0000.bin']
clutter_servo_low_texture_10000m_p0p050deg_seed_101,0.05,101,low_texture,10000.0,S1K,known_error_upper_bound,,KNOWN_EVALUATION,APPLY_KNOWN_ERROR_CORRECTION,0.05,0.0,0.0,0.05,known_error_upper_bound,False,,['configured known true-minus-reported servo error'],False,False,True,False,['/home/shy/AIR/SAR+AI/project/PGRCC/.worktrees/unknown-system-error-next-stage/outputs/clutter_only_servo_formal_compact_v2_20260914/cases/case_010/on/data/stage2_statistical_newprotocol_period_0000.bin']
clutter_servo_low_texture_10000m_p0p050deg_seed_101,0.05,101,low_texture,10000.0,Sassist,target_assisted,target_assisted_six_pair_phase_plus_multibeam_power_quadratic_pilot,VALID,NO_CORRECTION_NEEDED,0.09988465933169821,0.015978469845828645,0.12930336177963292,0.0,deadband_current,False,,"['paired ON-OFF target residual', 'six pair cross-channel phases/coherences', 'reported header beam angles', 'configured nominal target/range hypothesis']",False,True,False,False,"['/home/shy/AIR/SAR+AI/project/PGRCC/.worktrees/unknown-system-error-next-stage/outputs/clutter_only_servo_formal_compact_v2_20260914/cases/case_010/on/data/stage2_statistical_newprotocol_period_0000.bin', '/home/shy/AIR/SAR+AI/project/PGRCC/.worktrees/unknown-system-error-next-stage/outputs/clutter_only_servo_formal_compact_v2_20260914/cases/case_010/off/data/stage2_statistical_newprotocol_period_0000.bin']"
clutter_servo_high_texture_7500m_p0p050deg_seed_101,0.05,101,high_texture,7500.0,S0,current_reported,,CURRENT,KEEP_CURRENT,,,0.0,0.0,reported_header_current,False,,"['reported header angle', 'target-on evaluation raw']",False,False,False,False,['/home/shy/AIR/SAR+AI/project/PGRCC/.worktrees/unknown-system-error-next-stage/outputs/clutter_only_servo_formal_compact_v2_20260914/cases/case_011/on/data/stage2_statistical_newprotocol_period_0000.bin']
clutter_servo_high_texture_7500m_p0p050deg_seed_101,0.05,101,high_texture,7500.0,S1,clutter_only,clutter_only_six_pair_phase_ridge_p38_power_huber_grid_v1,FALLBACK_MODEL_MISMATCH,KEEP_CURRENT,,,0.0,0.0,fallback_current,True,primary_feature_family_disagreement,"['six_pair_clutter_phase', 'doppler_ridge_displacement', 'p38_phase_slope', 'multi_beam_power_secondary', 'reported_angle_geometry_platform']",False,False,False,False,['/home/shy/AIR/SAR+AI/project/PGRCC/.worktrees/unknown-system-error-next-stage/outputs/clutter_only_servo_formal_compact_v2_20260914/cases/case_011/off/data/stage2_statistical_newprotocol_period_0000.bin']
clutter_servo_high_texture_7500m_p0p050deg_seed_101,0.05,101,high_texture,7500.0,S1K,known_error_upper_bound,,KNOWN_EVALUATION,APPLY_KNOWN_ERROR_CORRECTION,0.05,0.0,0.0,0.05,known_error_upper_bound,False,,['configured known true-minus-reported servo error'],False,False,True,False,['/home/shy/AIR/SAR+AI/project/PGRCC/.worktrees/unknown-system-error-next-stage/outputs/clutter_only_servo_formal_compact_v2_20260914/cases/case_011/on/data/stage2_statistical_newprotocol_period_0000.bin']
clutter_servo_high_texture_7500m_p0p050deg_seed_101,0.05,101,high_texture,7500.0,Sassist,target_assisted,target_assisted_six_pair_phase_plus_multibeam_power_quadratic_pilot,VALID,NO_CORRECTION_NEEDED,-0.0761241996776321,0.02640925933170555,0.12930336177963292,0.0,deadband_current,False,,"['paired ON-OFF target residual', 'six pair cross-channel phases/coherences', 'reported header beam angles', 'configured nominal target/range hypothesis']",False,True,False,False,"['/home/shy/AIR/SAR+AI/project/PGRCC/.worktrees/unknown-system-error-next-stage/outputs/clutter_only_servo_formal_compact_v2_20260914/cases/case_011/on/data/stage2_statistical_newprotocol_period_0000.bin', '/home/shy/AIR/SAR+AI/project/PGRCC/.worktrees/unknown-system-error-next-stage/outputs/clutter_only_servo_formal_compact_v2_20260914/cases/case_011/off/data/stage2_statistical_newprotocol_period_0000.bin']"
clutter_servo_high_texture_10000m_p0p050deg_seed_101,0.05,101,high_texture,10000.0,S0,current_reported,,CURRENT,KEEP_CURRENT,,,0.0,0.0,reported_header_current,False,,"['reported header angle', 'target-on evaluation raw']",False,False,False,False,['/home/shy/AIR/SAR+AI/project/PGRCC/.worktrees/unknown-system-error-next-stage/outputs/clutter_only_servo_formal_compact_v2_20260914/cases/case_012/on/data/stage2_statistical_newprotocol_period_0000.bin']
clutter_servo_high_texture_10000m_p0p050deg_seed_101,0.05,101,high_texture,10000.0,S1,clutter_only,clutter_only_six_pair_phase_ridge_p38_power_huber_grid_v1,FALLBACK_MODEL_MISMATCH,KEEP_CURRENT,,,0.0,0.0,fallback_current,True,primary_feature_family_disagreement,"['six_pair_clutter_phase', 'doppler_ridge_displacement', 'p38_phase_slope', 'multi_beam_power_secondary', 'reported_angle_geometry_platform']",False,False,False,False,['/home/shy/AIR/SAR+AI/project/PGRCC/.worktrees/unknown-system-error-next-stage/outputs/clutter_only_servo_formal_compact_v2_20260914/cases/case_012/off/data/stage2_statistical_newprotocol_period_0000.bin']
clutter_servo_high_texture_10000m_p0p050deg_seed_101,0.05,101,high_texture,10000.0,S1K,known_error_upper_bound,,KNOWN_EVALUATION,APPLY_KNOWN_ERROR_CORRECTION,0.05,0.0,0.0,0.05,known_error_upper_bound,False,,['configured known true-minus-reported servo error'],False,False,True,False,['/home/shy/AIR/SAR+AI/project/PGRCC/.worktrees/unknown-system-error-next-stage/outputs/clutter_only_servo_formal_compact_v2_20260914/cases/case_012/on/data/stage2_statistical_newprotocol_period_0000.bin']
clutter_servo_high_texture_10000m_p0p050deg_seed_101,0.05,101,high_texture,10000.0,Sassist,target_assisted,target_assisted_six_pair_phase_plus_multibeam_power_quadratic_pilot,VALID,NO_CORRECTION_NEEDED,0.09932367814301118,0.028628740105348292,0.12930336177963292,0.0,deadband_current,False,,"['paired ON-OFF target residual', 'six pair cross-channel phases/coherences', 'reported header beam angles', 'configured nominal target/range hypothesis']",False,True,False,False,"['/home/shy/AIR/SAR+AI/project/PGRCC/.worktrees/unknown-system-error-next-stage/outputs/clutter_only_servo_formal_compact_v2_20260914/cases/case_012/on/data/stage2_statistical_newprotocol_period_0000.bin', '/home/shy/AIR/SAR+AI/project/PGRCC/.worktrees/unknown-system-error-next-stage/outputs/clutter_only_servo_formal_compact_v2_20260914/cases/case_012/off/data/stage2_statistical_newprotocol_period_0000.bin']"
clutter_servo_low_texture_7500m_p0p050deg_seed_202,0.05,202,low_texture,7500.0,S0,current_reported,,CURRENT,KEEP_CURRENT,,,0.0,0.0,reported_header_current,False,,"['reported header angle', 'target-on evaluation raw']",False,False,False,False,['/home/shy/AIR/SAR+AI/project/PGRCC/.worktrees/unknown-system-error-next-stage/outputs/clutter_only_servo_formal_compact_v2_20260914/cases/case_013/on/data/stage2_statistical_newprotocol_period_0000.bin']
clutter_servo_low_texture_7500m_p0p050deg_seed_202,0.05,202,low_texture,7500.0,S1,clutter_only,clutter_only_six_pair_phase_ridge_p38_power_huber_grid_v1,FALLBACK_MODEL_MISMATCH,KEEP_CURRENT,,,0.0,0.0,fallback_current,True,primary_feature_family_disagreement,"['six_pair_clutter_phase', 'doppler_ridge_displacement', 'p38_phase_slope', 'multi_beam_power_secondary', 'reported_angle_geometry_platform']",False,False,False,False,['/home/shy/AIR/SAR+AI/project/PGRCC/.worktrees/unknown-system-error-next-stage/outputs/clutter_only_servo_formal_compact_v2_20260914/cases/case_013/off/data/stage2_statistical_newprotocol_period_0000.bin']
clutter_servo_low_texture_7500m_p0p050deg_seed_202,0.05,202,low_texture,7500.0,S1K,known_error_upper_bound,,KNOWN_EVALUATION,APPLY_KNOWN_ERROR_CORRECTION,0.05,0.0,0.0,0.05,known_error_upper_bound,False,,['configured known true-minus-reported servo error'],False,False,True,False,['/home/shy/AIR/SAR+AI/project/PGRCC/.worktrees/unknown-system-error-next-stage/outputs/clutter_only_servo_formal_compact_v2_20260914/cases/case_013/on/data/stage2_statistical_newprotocol_period_0000.bin']
clutter_servo_low_texture_7500m_p0p050deg_seed_202,0.05,202,low_texture,7500.0,Sassist,target_assisted,target_assisted_six_pair_phase_plus_multibeam_power_quadratic_pilot,VALID,NO_CORRECTION_NEEDED,0.027392621699583453,0.022666355937264564,0.12930336177963292,0.0,deadband_current,False,,"['paired ON-OFF target residual', 'six pair cross-channel phases/coherences', 'reported header beam angles', 'configured nominal target/range hypothesis']",False,True,False,False,"['/home/shy/AIR/SAR+AI/project/PGRCC/.worktrees/unknown-system-error-next-stage/outputs/clutter_only_servo_formal_compact_v2_20260914/cases/case_013/on/data/stage2_statistical_newprotocol_period_0000.bin', '/home/shy/AIR/SAR+AI/project/PGRCC/.worktrees/unknown-system-error-next-stage/outputs/clutter_only_servo_formal_compact_v2_20260914/cases/case_013/off/data/stage2_statistical_newprotocol_period_0000.bin']"
clutter_servo_low_texture_10000m_p0p050deg_seed_202,0.05,202,low_texture,10000.0,S0,current_reported,,CURRENT,KEEP_CURRENT,,,0.0,0.0,reported_header_current,False,,"['reported header angle', 'target-on evaluation raw']",False,False,False,False,['/home/shy/AIR/SAR+AI/project/PGRCC/.worktrees/unknown-system-error-next-stage/outputs/clutter_only_servo_formal_compact_v2_20260914/cases/case_014/on/data/stage2_statistical_newprotocol_period_0000.bin']
clutter_servo_low_texture_10000m_p0p050deg_seed_202,0.05,202,low_texture,10000.0,S1,clutter_only,clutter_only_six_pair_phase_ridge_p38_power_huber_grid_v1,FALLBACK_MODEL_MISMATCH,KEEP_CURRENT,,,0.0,0.0,fallback_current,True,primary_feature_family_disagreement,"['six_pair_clutter_phase', 'doppler_ridge_displacement', 'p38_phase_slope', 'multi_beam_power_secondary', 'reported_angle_geometry_platform']",False,False,False,False,['/home/shy/AIR/SAR+AI/project/PGRCC/.worktrees/unknown-system-error-next-stage/outputs/clutter_only_servo_formal_compact_v2_20260914/cases/case_014/off/data/stage2_statistical_newprotocol_period_0000.bin']
clutter_servo_low_texture_10000m_p0p050deg_seed_202,0.05,202,low_texture,10000.0,S1K,known_error_upper_bound,,KNOWN_EVALUATION,APPLY_KNOWN_ERROR_CORRECTION,0.05,0.0,0.0,0.05,known_error_upper_bound,False,,['configured known true-minus-reported servo error'],False,False,True,False,['/home/shy/AIR/SAR+AI/project/PGRCC/.worktrees/unknown-system-error-next-stage/outputs/clutter_only_servo_formal_compact_v2_20260914/cases/case_014/on/data/stage2_statistical_newprotocol_period_0000.bin']
clutter_servo_low_texture_10000m_p0p050deg_seed_202,0.05,202,low_texture,10000.0,Sassist,target_assisted,target_assisted_six_pair_phase_plus_multibeam_power_quadratic_pilot,VALID,NO_CORRECTION_NEEDED,0.04599922108172245,0.020646040955512923,0.12930336177963292,0.0,deadband_current,False,,"['paired ON-OFF target residual', 'six pair cross-channel phases/coherences', 'reported header beam angles', 'configured nominal target/range hypothesis']",False,True,False,False,"['/home/shy/AIR/SAR+AI/project/PGRCC/.worktrees/unknown-system-error-next-stage/outputs/clutter_only_servo_formal_compact_v2_20260914/cases/case_014/on/data/stage2_statistical_newprotocol_period_0000.bin', '/home/shy/AIR/SAR+AI/project/PGRCC/.worktrees/unknown-system-error-next-stage/outputs/clutter_only_servo_formal_compact_v2_20260914/cases/case_014/off/data/stage2_statistical_newprotocol_period_0000.bin']"
clutter_servo_high_texture_7500m_p0p050deg_seed_202,0.05,202,high_texture,7500.0,S0,current_reported,,CURRENT,KEEP_CURRENT,,,0.0,0.0,reported_header_current,False,,"['reported header angle', 'target-on evaluation raw']",False,False,False,False,['/home/shy/AIR/SAR+AI/project/PGRCC/.worktrees/unknown-system-error-next-stage/outputs/clutter_only_servo_formal_compact_v2_20260914/cases/case_015/on/data/stage2_statistical_newprotocol_period_0000.bin']
clutter_servo_high_texture_7500m_p0p050deg_seed_202,0.05,202,high_texture,7500.0,S1,clutter_only,clutter_only_six_pair_phase_ridge_p38_power_huber_grid_v1,FALLBACK_MODEL_MISMATCH,KEEP_CURRENT,,,0.0,0.0,fallback_current,True,objective_non_unique_or_grid_boundary,"['six_pair_clutter_phase', 'doppler_ridge_displacement', 'p38_phase_slope', 'multi_beam_power_secondary', 'reported_angle_geometry_platform']",False,False,False,False,['/home/shy/AIR/SAR+AI/project/PGRCC/.worktrees/unknown-system-error-next-stage/outputs/clutter_only_servo_formal_compact_v2_20260914/cases/case_015/off/data/stage2_statistical_newprotocol_period_0000.bin']
clutter_servo_high_texture_7500m_p0p050deg_seed_202,0.05,202,high_texture,7500.0,S1K,known_error_upper_bound,,KNOWN_EVALUATION,APPLY_KNOWN_ERROR_CORRECTION,0.05,0.0,0.0,0.05,known_error_upper_bound,False,,['configured known true-minus-reported servo error'],False,False,True,False,['/home/shy/AIR/SAR+AI/project/PGRCC/.worktrees/unknown-system-error-next-stage/outputs/clutter_only_servo_formal_compact_v2_20260914/cases/case_015/on/data/stage2_statistical_newprotocol_period_0000.bin']
clutter_servo_high_texture_7500m_p0p050deg_seed_202,0.05,202,high_texture,7500.0,Sassist,target_assisted,target_assisted_six_pair_phase_plus_multibeam_power_quadratic_pilot,VALID,NO_CORRECTION_NEEDED,0.05962860967035773,0.011775773625797712,0.12930336177963292,0.0,deadband_current,False,,"['paired ON-OFF target residual', 'six pair cross-channel phases/coherences', 'reported header beam angles', 'configured nominal target/range hypothesis']",False,True,False,False,"['/home/shy/AIR/SAR+AI/project/PGRCC/.worktrees/unknown-system-error-next-stage/outputs/clutter_only_servo_formal_compact_v2_20260914/cases/case_015/on/data/stage2_statistical_newprotocol_period_0000.bin', '/home/shy/AIR/SAR+AI/project/PGRCC/.worktrees/unknown-system-error-next-stage/outputs/clutter_only_servo_formal_compact_v2_20260914/cases/case_015/off/data/stage2_statistical_newprotocol_period_0000.bin']"
clutter_servo_high_texture_10000m_p0p050deg_seed_202,0.05,202,high_texture,10000.0,S0,current_reported,,CURRENT,KEEP_CURRENT,,,0.0,0.0,reported_header_current,False,,"['reported header angle', 'target-on evaluation raw']",False,False,False,False,['/home/shy/AIR/SAR+AI/project/PGRCC/.worktrees/unknown-system-error-next-stage/outputs/clutter_only_servo_formal_compact_v2_20260914/cases/case_016/on/data/stage2_statistical_newprotocol_period_0000.bin']
clutter_servo_high_texture_10000m_p0p050deg_seed_202,0.05,202,high_texture,10000.0,S1,clutter_only,clutter_only_six_pair_phase_ridge_p38_power_huber_grid_v1,FALLBACK_MODEL_MISMATCH,KEEP_CURRENT,,,0.0,0.0,fallback_current,True,primary_feature_family_disagreement,"['six_pair_clutter_phase', 'doppler_ridge_displacement', 'p38_phase_slope', 'multi_beam_power_secondary', 'reported_angle_geometry_platform']",False,False,False,False,['/home/shy/AIR/SAR+AI/project/PGRCC/.worktrees/unknown-system-error-next-stage/outputs/clutter_only_servo_formal_compact_v2_20260914/cases/case_016/off/data/stage2_statistical_newprotocol_period_0000.bin']
clutter_servo_high_texture_10000m_p0p050deg_seed_202,0.05,202,high_texture,10000.0,S1K,known_error_upper_bound,,KNOWN_EVALUATION,APPLY_KNOWN_ERROR_CORRECTION,0.05,0.0,0.0,0.05,known_error_upper_bound,False,,['configured known true-minus-reported servo error'],False,False,True,False,['/home/shy/AIR/SAR+AI/project/PGRCC/.worktrees/unknown-system-error-next-stage/outputs/clutter_only_servo_formal_compact_v2_20260914/cases/case_016/on/data/stage2_statistical_newprotocol_period_0000.bin']
clutter_servo_high_texture_10000m_p0p050deg_seed_202,0.05,202,high_texture,10000.0,Sassist,target_assisted,target_assisted_six_pair_phase_plus_multibeam_power_quadratic_pilot,VALID,NO_CORRECTION_NEEDED,0.061348894599465034,0.020036827858773767,0.12930336177963292,0.0,deadband_current,False,,"['paired ON-OFF target residual', 'six pair cross-channel phases/coherences', 'reported header beam angles', 'configured nominal target/range hypothesis']",False,True,False,False,"['/home/shy/AIR/SAR+AI/project/PGRCC/.worktrees/unknown-system-error-next-stage/outputs/clutter_only_servo_formal_compact_v2_20260914/cases/case_016/on/data/stage2_statistical_newprotocol_period_0000.bin', '/home/shy/AIR/SAR+AI/project/PGRCC/.worktrees/unknown-system-error-next-stage/outputs/clutter_only_servo_formal_compact_v2_20260914/cases/case_016/off/data/stage2_statistical_newprotocol_period_0000.bin']"
clutter_servo_low_texture_7500m_m0p050deg_seed_101,-0.05,101,low_texture,7500.0,S0,current_reported,,CURRENT,KEEP_CURRENT,,,0.0,0.0,reported_header_current,False,,"['reported header angle', 'target-on evaluation raw']",False,False,False,False,['/home/shy/AIR/SAR+AI/project/PGRCC/.worktrees/unknown-system-error-next-stage/outputs/clutter_only_servo_formal_compact_v2_20260914/cases/case_017/on/data/stage2_statistical_newprotocol_period_0000.bin']
clutter_servo_low_texture_7500m_m0p050deg_seed_101,-0.05,101,low_texture,7500.0,S1,clutter_only,clutter_only_six_pair_phase_ridge_p38_power_huber_grid_v1,FALLBACK_MODEL_MISMATCH,KEEP_CURRENT,,,0.0,0.0,fallback_current,True,primary_feature_family_disagreement,"['six_pair_clutter_phase', 'doppler_ridge_displacement', 'p38_phase_slope', 'multi_beam_power_secondary', 'reported_angle_geometry_platform']",False,False,False,False,['/home/shy/AIR/SAR+AI/project/PGRCC/.worktrees/unknown-system-error-next-stage/outputs/clutter_only_servo_formal_compact_v2_20260914/cases/case_017/off/data/stage2_statistical_newprotocol_period_0000.bin']
clutter_servo_low_texture_7500m_m0p050deg_seed_101,-0.05,101,low_texture,7500.0,S1K,known_error_upper_bound,,KNOWN_EVALUATION,APPLY_KNOWN_ERROR_CORRECTION,-0.05,0.0,0.0,-0.05,known_error_upper_bound,False,,['configured known true-minus-reported servo error'],False,False,True,False,['/home/shy/AIR/SAR+AI/project/PGRCC/.worktrees/unknown-system-error-next-stage/outputs/clutter_only_servo_formal_compact_v2_20260914/cases/case_017/on/data/stage2_statistical_newprotocol_period_0000.bin']
clutter_servo_low_texture_7500m_m0p050deg_seed_101,-0.05,101,low_texture,7500.0,Sassist,target_assisted,target_assisted_six_pair_phase_plus_multibeam_power_quadratic_pilot,VALID,NO_CORRECTION_NEEDED,-0.04210418613061595,0.026122357785663623,0.12930336177963292,0.0,deadband_current,False,,"['paired ON-OFF target residual', 'six pair cross-channel phases/coherences', 'reported header beam angles', 'configured nominal target/range hypothesis']",False,True,False,False,"['/home/shy/AIR/SAR+AI/project/PGRCC/.worktrees/unknown-system-error-next-stage/outputs/clutter_only_servo_formal_compact_v2_20260914/cases/case_017/on/data/stage2_statistical_newprotocol_period_0000.bin', '/home/shy/AIR/SAR+AI/project/PGRCC/.worktrees/unknown-system-error-next-stage/outputs/clutter_only_servo_formal_compact_v2_20260914/cases/case_017/off/data/stage2_statistical_newprotocol_period_0000.bin']"
clutter_servo_low_texture_10000m_m0p050deg_seed_101,-0.05,101,low_texture,10000.0,S0,current_reported,,CURRENT,KEEP_CURRENT,,,0.0,0.0,reported_header_current,False,,"['reported header angle', 'target-on evaluation raw']",False,False,False,False,['/home/shy/AIR/SAR+AI/project/PGRCC/.worktrees/unknown-system-error-next-stage/outputs/clutter_only_servo_formal_compact_v2_20260914/cases/case_018/on/data/stage2_statistical_newprotocol_period_0000.bin']
clutter_servo_low_texture_10000m_m0p050deg_seed_101,-0.05,101,low_texture,10000.0,S1,clutter_only,clutter_only_six_pair_phase_ridge_p38_power_huber_grid_v1,FALLBACK_MODEL_MISMATCH,KEEP_CURRENT,,,0.0,0.0,fallback_current,True,primary_feature_family_disagreement,"['six_pair_clutter_phase', 'doppler_ridge_displacement', 'p38_phase_slope', 'multi_beam_power_secondary', 'reported_angle_geometry_platform']",False,False,False,False,['/home/shy/AIR/SAR+AI/project/PGRCC/.worktrees/unknown-system-error-next-stage/outputs/clutter_only_servo_formal_compact_v2_20260914/cases/case_018/off/data/stage2_statistical_newprotocol_period_0000.bin']
clutter_servo_low_texture_10000m_m0p050deg_seed_101,-0.05,101,low_texture,10000.0,S1K,known_error_upper_bound,,KNOWN_EVALUATION,APPLY_KNOWN_ERROR_CORRECTION,-0.05,0.0,0.0,-0.05,known_error_upper_bound,False,,['configured known true-minus-reported servo error'],False,False,True,False,['/home/shy/AIR/SAR+AI/project/PGRCC/.worktrees/unknown-system-error-next-stage/outputs/clutter_only_servo_formal_compact_v2_20260914/cases/case_018/on/data/stage2_statistical_newprotocol_period_0000.bin']
clutter_servo_low_texture_10000m_m0p050deg_seed_101,-0.05,101,low_texture,10000.0,Sassist,target_assisted,target_assisted_six_pair_phase_plus_multibeam_power_quadratic_pilot,VALID,NO_CORRECTION_NEEDED,0.00020009663686497873,0.017680238161792573,0.12930336177963292,0.0,deadband_current,False,,"['paired ON-OFF target residual', 'six pair cross-channel phases/coherences', 'reported header beam angles', 'configured nominal target/range hypothesis']",False,True,False,False,"['/home/shy/AIR/SAR+AI/project/PGRCC/.worktrees/unknown-system-error-next-stage/outputs/clutter_only_servo_formal_compact_v2_20260914/cases/case_018/on/data/stage2_statistical_newprotocol_period_0000.bin', '/home/shy/AIR/SAR+AI/project/PGRCC/.worktrees/unknown-system-error-next-stage/outputs/clutter_only_servo_formal_compact_v2_20260914/cases/case_018/off/data/stage2_statistical_newprotocol_period_0000.bin']"
clutter_servo_high_texture_7500m_m0p050deg_seed_101,-0.05,101,high_texture,7500.0,S0,current_reported,,CURRENT,KEEP_CURRENT,,,0.0,0.0,reported_header_current,False,,"['reported header angle', 'target-on evaluation raw']",False,False,False,False,['/home/shy/AIR/SAR+AI/project/PGRCC/.worktrees/unknown-system-error-next-stage/outputs/clutter_only_servo_formal_compact_v2_20260914/cases/case_019/on/data/stage2_statistical_newprotocol_period_0000.bin']
clutter_servo_high_texture_7500m_m0p050deg_seed_101,-0.05,101,high_texture,7500.0,S1,clutter_only,clutter_only_six_pair_phase_ridge_p38_power_huber_grid_v1,FALLBACK_MODEL_MISMATCH,KEEP_CURRENT,,,0.0,0.0,fallback_current,True,primary_feature_family_disagreement,"['six_pair_clutter_phase', 'doppler_ridge_displacement', 'p38_phase_slope', 'multi_beam_power_secondary', 'reported_angle_geometry_platform']",False,False,False,False,['/home/shy/AIR/SAR+AI/project/PGRCC/.worktrees/unknown-system-error-next-stage/outputs/clutter_only_servo_formal_compact_v2_20260914/cases/case_019/off/data/stage2_statistical_newprotocol_period_0000.bin']
clutter_servo_high_texture_7500m_m0p050deg_seed_101,-0.05,101,high_texture,7500.0,S1K,known_error_upper_bound,,KNOWN_EVALUATION,APPLY_KNOWN_ERROR_CORRECTION,-0.05,0.0,0.0,-0.05,known_error_upper_bound,False,,['configured known true-minus-reported servo error'],False,False,True,False,['/home/shy/AIR/SAR+AI/project/PGRCC/.worktrees/unknown-system-error-next-stage/outputs/clutter_only_servo_formal_compact_v2_20260914/cases/case_019/on/data/stage2_statistical_newprotocol_period_0000.bin']
clutter_servo_high_texture_7500m_m0p050deg_seed_101,-0.05,101,high_texture,7500.0,Sassist,target_assisted,target_assisted_six_pair_phase_plus_multibeam_power_quadratic_pilot,VALID,APPLY_ESTIMATED_CORRECTION,-0.18184636111383656,0.02716646518409059,0.12930336177963292,-0.18184636111383656,sassist_estimate,False,,"['paired ON-OFF target residual', 'six pair cross-channel phases/coherences', 'reported header beam angles', 'configured nominal target/range hypothesis']",False,True,False,False,"['/home/shy/AIR/SAR+AI/project/PGRCC/.worktrees/unknown-system-error-next-stage/outputs/clutter_only_servo_formal_compact_v2_20260914/cases/case_019/on/data/stage2_statistical_newprotocol_period_0000.bin', '/home/shy/AIR/SAR+AI/project/PGRCC/.worktrees/unknown-system-error-next-stage/outputs/clutter_only_servo_formal_compact_v2_20260914/cases/case_019/off/data/stage2_statistical_newprotocol_period_0000.bin']"
clutter_servo_high_texture_10000m_m0p050deg_seed_101,-0.05,101,high_texture,10000.0,S0,current_reported,,CURRENT,KEEP_CURRENT,,,0.0,0.0,reported_header_current,False,,"['reported header angle', 'target-on evaluation raw']",False,False,False,False,['/home/shy/AIR/SAR+AI/project/PGRCC/.worktrees/unknown-system-error-next-stage/outputs/clutter_only_servo_formal_compact_v2_20260914/cases/case_020/on/data/stage2_statistical_newprotocol_period_0000.bin']
clutter_servo_high_texture_10000m_m0p050deg_seed_101,-0.05,101,high_texture,10000.0,S1,clutter_only,clutter_only_six_pair_phase_ridge_p38_power_huber_grid_v1,FALLBACK_MODEL_MISMATCH,KEEP_CURRENT,,,0.0,0.0,fallback_current,True,primary_feature_family_disagreement,"['six_pair_clutter_phase', 'doppler_ridge_displacement', 'p38_phase_slope', 'multi_beam_power_secondary', 'reported_angle_geometry_platform']",False,False,False,False,['/home/shy/AIR/SAR+AI/project/PGRCC/.worktrees/unknown-system-error-next-stage/outputs/clutter_only_servo_formal_compact_v2_20260914/cases/case_020/off/data/stage2_statistical_newprotocol_period_0000.bin']
clutter_servo_high_texture_10000m_m0p050deg_seed_101,-0.05,101,high_texture,10000.0,S1K,known_error_upper_bound,,KNOWN_EVALUATION,APPLY_KNOWN_ERROR_CORRECTION,-0.05,0.0,0.0,-0.05,known_error_upper_bound,False,,['configured known true-minus-reported servo error'],False,False,True,False,['/home/shy/AIR/SAR+AI/project/PGRCC/.worktrees/unknown-system-error-next-stage/outputs/clutter_only_servo_formal_compact_v2_20260914/cases/case_020/on/data/stage2_statistical_newprotocol_period_0000.bin']
clutter_servo_high_texture_10000m_m0p050deg_seed_101,-0.05,101,high_texture,10000.0,Sassist,target_assisted,target_assisted_six_pair_phase_plus_multibeam_power_quadratic_pilot,VALID,NO_CORRECTION_NEEDED,-0.005241920618158672,0.029621030526307733,0.12930336177963292,0.0,deadband_current,False,,"['paired ON-OFF target residual', 'six pair cross-channel phases/coherences', 'reported header beam angles', 'configured nominal target/range hypothesis']",False,True,False,False,"['/home/shy/AIR/SAR+AI/project/PGRCC/.worktrees/unknown-system-error-next-stage/outputs/clutter_only_servo_formal_compact_v2_20260914/cases/case_020/on/data/stage2_statistical_newprotocol_period_0000.bin', '/home/shy/AIR/SAR+AI/project/PGRCC/.worktrees/unknown-system-error-next-stage/outputs/clutter_only_servo_formal_compact_v2_20260914/cases/case_020/off/data/stage2_statistical_newprotocol_period_0000.bin']"
clutter_servo_low_texture_7500m_m0p050deg_seed_202,-0.05,202,low_texture,7500.0,S0,current_reported,,CURRENT,KEEP_CURRENT,,,0.0,0.0,reported_header_current,False,,"['reported header angle', 'target-on evaluation raw']",False,False,False,False,['/home/shy/AIR/SAR+AI/project/PGRCC/.worktrees/unknown-system-error-next-stage/outputs/clutter_only_servo_formal_compact_v2_20260914/cases/case_021/on/data/stage2_statistical_newprotocol_period_0000.bin']
clutter_servo_low_texture_7500m_m0p050deg_seed_202,-0.05,202,low_texture,7500.0,S1,clutter_only,clutter_only_six_pair_phase_ridge_p38_power_huber_grid_v1,FALLBACK_MODEL_MISMATCH,KEEP_CURRENT,,,0.0,0.0,fallback_current,True,objective_non_unique_or_grid_boundary,"['six_pair_clutter_phase', 'doppler_ridge_displacement', 'p38_phase_slope', 'multi_beam_power_secondary', 'reported_angle_geometry_platform']",False,False,False,False,['/home/shy/AIR/SAR+AI/project/PGRCC/.worktrees/unknown-system-error-next-stage/outputs/clutter_only_servo_formal_compact_v2_20260914/cases/case_021/off/data/stage2_statistical_newprotocol_period_0000.bin']
clutter_servo_low_texture_7500m_m0p050deg_seed_202,-0.05,202,low_texture,7500.0,S1K,known_error_upper_bound,,KNOWN_EVALUATION,APPLY_KNOWN_ERROR_CORRECTION,-0.05,0.0,0.0,-0.05,known_error_upper_bound,False,,['configured known true-minus-reported servo error'],False,False,True,False,['/home/shy/AIR/SAR+AI/project/PGRCC/.worktrees/unknown-system-error-next-stage/outputs/clutter_only_servo_formal_compact_v2_20260914/cases/case_021/on/data/stage2_statistical_newprotocol_period_0000.bin']
clutter_servo_low_texture_7500m_m0p050deg_seed_202,-0.05,202,low_texture,7500.0,Sassist,target_assisted,target_assisted_six_pair_phase_plus_multibeam_power_quadratic_pilot,VALID,NO_CORRECTION_NEEDED,-0.07199415129435738,0.02296037487332683,0.12930336177963292,0.0,deadband_current,False,,"['paired ON-OFF target residual', 'six pair cross-channel phases/coherences', 'reported header beam angles', 'configured nominal target/range hypothesis']",False,True,False,False,"['/home/shy/AIR/SAR+AI/project/PGRCC/.worktrees/unknown-system-error-next-stage/outputs/clutter_only_servo_formal_compact_v2_20260914/cases/case_021/on/data/stage2_statistical_newprotocol_period_0000.bin', '/home/shy/AIR/SAR+AI/project/PGRCC/.worktrees/unknown-system-error-next-stage/outputs/clutter_only_servo_formal_compact_v2_20260914/cases/case_021/off/data/stage2_statistical_newprotocol_period_0000.bin']"
clutter_servo_low_texture_10000m_m0p050deg_seed_202,-0.05,202,low_texture,10000.0,S0,current_reported,,CURRENT,KEEP_CURRENT,,,0.0,0.0,reported_header_current,False,,"['reported header angle', 'target-on evaluation raw']",False,False,False,False,['/home/shy/AIR/SAR+AI/project/PGRCC/.worktrees/unknown-system-error-next-stage/outputs/clutter_only_servo_formal_compact_v2_20260914/cases/case_022/on/data/stage2_statistical_newprotocol_period_0000.bin']
clutter_servo_low_texture_10000m_m0p050deg_seed_202,-0.05,202,low_texture,10000.0,S1,clutter_only,clutter_only_six_pair_phase_ridge_p38_power_huber_grid_v1,FALLBACK_MODEL_MISMATCH,KEEP_CURRENT,,,0.0,0.0,fallback_current,True,primary_feature_family_disagreement,"['six_pair_clutter_phase', 'doppler_ridge_displacement', 'p38_phase_slope', 'multi_beam_power_secondary', 'reported_angle_geometry_platform']",False,False,False,False,['/home/shy/AIR/SAR+AI/project/PGRCC/.worktrees/unknown-system-error-next-stage/outputs/clutter_only_servo_formal_compact_v2_20260914/cases/case_022/off/data/stage2_statistical_newprotocol_period_0000.bin']
clutter_servo_low_texture_10000m_m0p050deg_seed_202,-0.05,202,low_texture,10000.0,S1K,known_error_upper_bound,,KNOWN_EVALUATION,APPLY_KNOWN_ERROR_CORRECTION,-0.05,0.0,0.0,-0.05,known_error_upper_bound,False,,['configured known true-minus-reported servo error'],False,False,True,False,['/home/shy/AIR/SAR+AI/project/PGRCC/.worktrees/unknown-system-error-next-stage/outputs/clutter_only_servo_formal_compact_v2_20260914/cases/case_022/on/data/stage2_statistical_newprotocol_period_0000.bin']
clutter_servo_low_texture_10000m_m0p050deg_seed_202,-0.05,202,low_texture,10000.0,Sassist,target_assisted,target_assisted_six_pair_phase_plus_multibeam_power_quadratic_pilot,VALID,NO_CORRECTION_NEEDED,-0.054878675001462526,0.020520495007175857,0.12930336177963292,0.0,deadband_current,False,,"['paired ON-OFF target residual', 'six pair cross-channel phases/coherences', 'reported header beam angles', 'configured nominal target/range hypothesis']",False,True,False,False,"['/home/shy/AIR/SAR+AI/project/PGRCC/.worktrees/unknown-system-error-next-stage/outputs/clutter_only_servo_formal_compact_v2_20260914/cases/case_022/on/data/stage2_statistical_newprotocol_period_0000.bin', '/home/shy/AIR/SAR+AI/project/PGRCC/.worktrees/unknown-system-error-next-stage/outputs/clutter_only_servo_formal_compact_v2_20260914/cases/case_022/off/data/stage2_statistical_newprotocol_period_0000.bin']"
clutter_servo_high_texture_7500m_m0p050deg_seed_202,-0.05,202,high_texture,7500.0,S0,current_reported,,CURRENT,KEEP_CURRENT,,,0.0,0.0,reported_header_current,False,,"['reported header angle', 'target-on evaluation raw']",False,False,False,False,['/home/shy/AIR/SAR+AI/project/PGRCC/.worktrees/unknown-system-error-next-stage/outputs/clutter_only_servo_formal_compact_v2_20260914/cases/case_023/on/data/stage2_statistical_newprotocol_period_0000.bin']
clutter_servo_high_texture_7500m_m0p050deg_seed_202,-0.05,202,high_texture,7500.0,S1,clutter_only,clutter_only_six_pair_phase_ridge_p38_power_huber_grid_v1,FALLBACK_MODEL_MISMATCH,KEEP_CURRENT,,,0.0,0.0,fallback_current,True,objective_non_unique_or_grid_boundary,"['six_pair_clutter_phase', 'doppler_ridge_displacement', 'p38_phase_slope', 'multi_beam_power_secondary', 'reported_angle_geometry_platform']",False,False,False,False,['/home/shy/AIR/SAR+AI/project/PGRCC/.worktrees/unknown-system-error-next-stage/outputs/clutter_only_servo_formal_compact_v2_20260914/cases/case_023/off/data/stage2_statistical_newprotocol_period_0000.bin']
clutter_servo_high_texture_7500m_m0p050deg_seed_202,-0.05,202,high_texture,7500.0,S1K,known_error_upper_bound,,KNOWN_EVALUATION,APPLY_KNOWN_ERROR_CORRECTION,-0.05,0.0,0.0,-0.05,known_error_upper_bound,False,,['configured known true-minus-reported servo error'],False,False,True,False,['/home/shy/AIR/SAR+AI/project/PGRCC/.worktrees/unknown-system-error-next-stage/outputs/clutter_only_servo_formal_compact_v2_20260914/cases/case_023/on/data/stage2_statistical_newprotocol_period_0000.bin']
clutter_servo_high_texture_7500m_m0p050deg_seed_202,-0.05,202,high_texture,7500.0,Sassist,target_assisted,target_assisted_six_pair_phase_plus_multibeam_power_quadratic_pilot,VALID,NO_CORRECTION_NEEDED,-0.033045335593274536,0.011161698504318732,0.12930336177963292,0.0,deadband_current,False,,"['paired ON-OFF target residual', 'six pair cross-channel phases/coherences', 'reported header beam angles', 'configured nominal target/range hypothesis']",False,True,False,False,"['/home/shy/AIR/SAR+AI/project/PGRCC/.worktrees/unknown-system-error-next-stage/outputs/clutter_only_servo_formal_compact_v2_20260914/cases/case_023/on/data/stage2_statistical_newprotocol_period_0000.bin', '/home/shy/AIR/SAR+AI/project/PGRCC/.worktrees/unknown-system-error-next-stage/outputs/clutter_only_servo_formal_compact_v2_20260914/cases/case_023/off/data/stage2_statistical_newprotocol_period_0000.bin']"
clutter_servo_high_texture_10000m_m0p050deg_seed_202,-0.05,202,high_texture,10000.0,S0,current_reported,,CURRENT,KEEP_CURRENT,,,0.0,0.0,reported_header_current,False,,"['reported header angle', 'target-on evaluation raw']",False,False,False,False,['/home/shy/AIR/SAR+AI/project/PGRCC/.worktrees/unknown-system-error-next-stage/outputs/clutter_only_servo_formal_compact_v2_20260914/cases/case_024/on/data/stage2_statistical_newprotocol_period_0000.bin']
clutter_servo_high_texture_10000m_m0p050deg_seed_202,-0.05,202,high_texture,10000.0,S1,clutter_only,clutter_only_six_pair_phase_ridge_p38_power_huber_grid_v1,FALLBACK_MODEL_MISMATCH,KEEP_CURRENT,,,0.0,0.0,fallback_current,True,primary_feature_family_disagreement,"['six_pair_clutter_phase', 'doppler_ridge_displacement', 'p38_phase_slope', 'multi_beam_power_secondary', 'reported_angle_geometry_platform']",False,False,False,False,['/home/shy/AIR/SAR+AI/project/PGRCC/.worktrees/unknown-system-error-next-stage/outputs/clutter_only_servo_formal_compact_v2_20260914/cases/case_024/off/data/stage2_statistical_newprotocol_period_0000.bin']
clutter_servo_high_texture_10000m_m0p050deg_seed_202,-0.05,202,high_texture,10000.0,S1K,known_error_upper_bound,,KNOWN_EVALUATION,APPLY_KNOWN_ERROR_CORRECTION,-0.05,0.0,0.0,-0.05,known_error_upper_bound,False,,['configured known true-minus-reported servo error'],False,False,True,False,['/home/shy/AIR/SAR+AI/project/PGRCC/.worktrees/unknown-system-error-next-stage/outputs/clutter_only_servo_formal_compact_v2_20260914/cases/case_024/on/data/stage2_statistical_newprotocol_period_0000.bin']
clutter_servo_high_texture_10000m_m0p050deg_seed_202,-0.05,202,high_texture,10000.0,Sassist,target_assisted,target_assisted_six_pair_phase_plus_multibeam_power_quadratic_pilot,VALID,NO_CORRECTION_NEEDED,-0.03001329768758479,0.019033224137051306,0.12930336177963292,0.0,deadband_current,False,,"['paired ON-OFF target residual', 'six pair cross-channel phases/coherences', 'reported header beam angles', 'configured nominal target/range hypothesis']",False,True,False,False,"['/home/shy/AIR/SAR+AI/project/PGRCC/.worktrees/unknown-system-error-next-stage/outputs/clutter_only_servo_formal_compact_v2_20260914/cases/case_024/on/data/stage2_statistical_newprotocol_period_0000.bin', '/home/shy/AIR/SAR+AI/project/PGRCC/.worktrees/unknown-system-error-next-stage/outputs/clutter_only_servo_formal_compact_v2_20260914/cases/case_024/off/data/stage2_statistical_newprotocol_period_0000.bin']"
clutter_servo_low_texture_7500m_p0p100deg_seed_101,0.1,101,low_texture,7500.0,S0,current_reported,,CURRENT,KEEP_CURRENT,,,0.0,0.0,reported_header_current,False,,"['reported header angle', 'target-on evaluation raw']",False,False,False,False,['/home/shy/AIR/SAR+AI/project/PGRCC/.worktrees/unknown-system-error-next-stage/outputs/clutter_only_servo_formal_compact_v2_20260914/cases/case_025/on/data/stage2_statistical_newprotocol_period_0000.bin']
clutter_servo_low_texture_7500m_p0p100deg_seed_101,0.1,101,low_texture,7500.0,S1,clutter_only,clutter_only_six_pair_phase_ridge_p38_power_huber_grid_v1,FALLBACK_MODEL_MISMATCH,KEEP_CURRENT,,,0.0,0.0,fallback_current,True,primary_feature_family_disagreement,"['six_pair_clutter_phase', 'doppler_ridge_displacement', 'p38_phase_slope', 'multi_beam_power_secondary', 'reported_angle_geometry_platform']",False,False,False,False,['/home/shy/AIR/SAR+AI/project/PGRCC/.worktrees/unknown-system-error-next-stage/outputs/clutter_only_servo_formal_compact_v2_20260914/cases/case_025/off/data/stage2_statistical_newprotocol_period_0000.bin']
clutter_servo_low_texture_7500m_p0p100deg_seed_101,0.1,101,low_texture,7500.0,S1K,known_error_upper_bound,,KNOWN_EVALUATION,APPLY_KNOWN_ERROR_CORRECTION,0.1,0.0,0.0,0.1,known_error_upper_bound,False,,['configured known true-minus-reported servo error'],False,False,True,False,['/home/shy/AIR/SAR+AI/project/PGRCC/.worktrees/unknown-system-error-next-stage/outputs/clutter_only_servo_formal_compact_v2_20260914/cases/case_025/on/data/stage2_statistical_newprotocol_period_0000.bin']
clutter_servo_low_texture_7500m_p0p100deg_seed_101,0.1,101,low_texture,7500.0,Sassist,target_assisted,target_assisted_six_pair_phase_plus_multibeam_power_quadratic_pilot,VALID,NO_CORRECTION_NEEDED,0.10479741607580022,0.022161864315576152,0.12930336177963292,0.0,deadband_current,False,,"['paired ON-OFF target residual', 'six pair cross-channel phases/coherences', 'reported header beam angles', 'configured nominal target/range hypothesis']",False,True,False,False,"['/home/shy/AIR/SAR+AI/project/PGRCC/.worktrees/unknown-system-error-next-stage/outputs/clutter_only_servo_formal_compact_v2_20260914/cases/case_025/on/data/stage2_statistical_newprotocol_period_0000.bin', '/home/shy/AIR/SAR+AI/project/PGRCC/.worktrees/unknown-system-error-next-stage/outputs/clutter_only_servo_formal_compact_v2_20260914/cases/case_025/off/data/stage2_statistical_newprotocol_period_0000.bin']"
clutter_servo_low_texture_10000m_p0p100deg_seed_101,0.1,101,low_texture,10000.0,S0,current_reported,,CURRENT,KEEP_CURRENT,,,0.0,0.0,reported_header_current,False,,"['reported header angle', 'target-on evaluation raw']",False,False,False,False,['/home/shy/AIR/SAR+AI/project/PGRCC/.worktrees/unknown-system-error-next-stage/outputs/clutter_only_servo_formal_compact_v2_20260914/cases/case_026/on/data/stage2_statistical_newprotocol_period_0000.bin']
clutter_servo_low_texture_10000m_p0p100deg_seed_101,0.1,101,low_texture,10000.0,S1,clutter_only,clutter_only_six_pair_phase_ridge_p38_power_huber_grid_v1,FALLBACK_MODEL_MISMATCH,KEEP_CURRENT,,,0.0,0.0,fallback_current,True,primary_feature_family_disagreement,"['six_pair_clutter_phase', 'doppler_ridge_displacement', 'p38_phase_slope', 'multi_beam_power_secondary', 'reported_angle_geometry_platform']",False,False,False,False,['/home/shy/AIR/SAR+AI/project/PGRCC/.worktrees/unknown-system-error-next-stage/outputs/clutter_only_servo_formal_compact_v2_20260914/cases/case_026/off/data/stage2_statistical_newprotocol_period_0000.bin']
clutter_servo_low_texture_10000m_p0p100deg_seed_101,0.1,101,low_texture,10000.0,S1K,known_error_upper_bound,,KNOWN_EVALUATION,APPLY_KNOWN_ERROR_CORRECTION,0.1,0.0,0.0,0.1,known_error_upper_bound,False,,['configured known true-minus-reported servo error'],False,False,True,False,['/home/shy/AIR/SAR+AI/project/PGRCC/.worktrees/unknown-system-error-next-stage/outputs/clutter_only_servo_formal_compact_v2_20260914/cases/case_026/on/data/stage2_statistical_newprotocol_period_0000.bin']
clutter_servo_low_texture_10000m_p0p100deg_seed_101,0.1,101,low_texture,10000.0,Sassist,target_assisted,target_assisted_six_pair_phase_plus_multibeam_power_quadratic_pilot,VALID,APPLY_ESTIMATED_CORRECTION,0.1494376818885775,0.015255539871217874,0.12930336177963292,0.1494376818885775,sassist_estimate,False,,"['paired ON-OFF target residual', 'six pair cross-channel phases/coherences', 'reported header beam angles', 'configured nominal target/range hypothesis']",False,True,False,False,"['/home/shy/AIR/SAR+AI/project/PGRCC/.worktrees/unknown-system-error-next-stage/outputs/clutter_only_servo_formal_compact_v2_20260914/cases/case_026/on/data/stage2_statistical_newprotocol_period_0000.bin', '/home/shy/AIR/SAR+AI/project/PGRCC/.worktrees/unknown-system-error-next-stage/outputs/clutter_only_servo_formal_compact_v2_20260914/cases/case_026/off/data/stage2_statistical_newprotocol_period_0000.bin']"
clutter_servo_high_texture_7500m_p0p100deg_seed_101,0.1,101,high_texture,7500.0,S0,current_reported,,CURRENT,KEEP_CURRENT,,,0.0,0.0,reported_header_current,False,,"['reported header angle', 'target-on evaluation raw']",False,False,False,False,['/home/shy/AIR/SAR+AI/project/PGRCC/.worktrees/unknown-system-error-next-stage/outputs/clutter_only_servo_formal_compact_v2_20260914/cases/case_027/on/data/stage2_statistical_newprotocol_period_0000.bin']
clutter_servo_high_texture_7500m_p0p100deg_seed_101,0.1,101,high_texture,7500.0,S1,clutter_only,clutter_only_six_pair_phase_ridge_p38_power_huber_grid_v1,FALLBACK_MODEL_MISMATCH,KEEP_CURRENT,,,0.0,0.0,fallback_current,True,primary_feature_family_disagreement,"['six_pair_clutter_phase', 'doppler_ridge_displacement', 'p38_phase_slope', 'multi_beam_power_secondary', 'reported_angle_geometry_platform']",False,False,False,False,['/home/shy/AIR/SAR+AI/project/PGRCC/.worktrees/unknown-system-error-next-stage/outputs/clutter_only_servo_formal_compact_v2_20260914/cases/case_027/off/data/stage2_statistical_newprotocol_period_0000.bin']
clutter_servo_high_texture_7500m_p0p100deg_seed_101,0.1,101,high_texture,7500.0,S1K,known_error_upper_bound,,KNOWN_EVALUATION,APPLY_KNOWN_ERROR_CORRECTION,0.1,0.0,0.0,0.1,known_error_upper_bound,False,,['configured known true-minus-reported servo error'],False,False,True,False,['/home/shy/AIR/SAR+AI/project/PGRCC/.worktrees/unknown-system-error-next-stage/outputs/clutter_only_servo_formal_compact_v2_20260914/cases/case_027/on/data/stage2_statistical_newprotocol_period_0000.bin']
clutter_servo_high_texture_7500m_p0p100deg_seed_101,0.1,101,high_texture,7500.0,Sassist,target_assisted,target_assisted_six_pair_phase_plus_multibeam_power_quadratic_pilot,VALID,NO_CORRECTION_NEEDED,-0.02403346662570252,0.02588538128706762,0.12930336177963292,0.0,deadband_current,False,,"['paired ON-OFF target residual', 'six pair cross-channel phases/coherences', 'reported header beam angles', 'configured nominal target/range hypothesis']",False,True,False,False,"['/home/shy/AIR/SAR+AI/project/PGRCC/.worktrees/unknown-system-error-next-stage/outputs/clutter_only_servo_formal_compact_v2_20260914/cases/case_027/on/data/stage2_statistical_newprotocol_period_0000.bin', '/home/shy/AIR/SAR+AI/project/PGRCC/.worktrees/unknown-system-error-next-stage/outputs/clutter_only_servo_formal_compact_v2_20260914/cases/case_027/off/data/stage2_statistical_newprotocol_period_0000.bin']"
clutter_servo_high_texture_10000m_p0p100deg_seed_101,0.1,101,high_texture,10000.0,S0,current_reported,,CURRENT,KEEP_CURRENT,,,0.0,0.0,reported_header_current,False,,"['reported header angle', 'target-on evaluation raw']",False,False,False,False,['/home/shy/AIR/SAR+AI/project/PGRCC/.worktrees/unknown-system-error-next-stage/outputs/clutter_only_servo_formal_compact_v2_20260914/cases/case_028/on/data/stage2_statistical_newprotocol_period_0000.bin']
clutter_servo_high_texture_10000m_p0p100deg_seed_101,0.1,101,high_texture,10000.0,S1,clutter_only,clutter_only_six_pair_phase_ridge_p38_power_huber_grid_v1,FALLBACK_MODEL_MISMATCH,KEEP_CURRENT,,,0.0,0.0,fallback_current,True,primary_feature_family_disagreement,"['six_pair_clutter_phase', 'doppler_ridge_displacement', 'p38_phase_slope', 'multi_beam_power_secondary', 'reported_angle_geometry_platform']",False,False,False,False,['/home/shy/AIR/SAR+AI/project/PGRCC/.worktrees/unknown-system-error-next-stage/outputs/clutter_only_servo_formal_compact_v2_20260914/cases/case_028/off/data/stage2_statistical_newprotocol_period_0000.bin']
clutter_servo_high_texture_10000m_p0p100deg_seed_101,0.1,101,high_texture,10000.0,S1K,known_error_upper_bound,,KNOWN_EVALUATION,APPLY_KNOWN_ERROR_CORRECTION,0.1,0.0,0.0,0.1,known_error_upper_bound,False,,['configured known true-minus-reported servo error'],False,False,True,False,['/home/shy/AIR/SAR+AI/project/PGRCC/.worktrees/unknown-system-error-next-stage/outputs/clutter_only_servo_formal_compact_v2_20260914/cases/case_028/on/data/stage2_statistical_newprotocol_period_0000.bin']
clutter_servo_high_texture_10000m_p0p100deg_seed_101,0.1,101,high_texture,10000.0,Sassist,target_assisted,target_assisted_six_pair_phase_plus_multibeam_power_quadratic_pilot,VALID,APPLY_ESTIMATED_CORRECTION,0.1517877096364957,0.027920002688976445,0.12930336177963292,0.1517877096364957,sassist_estimate,False,,"['paired ON-OFF target residual', 'six pair cross-channel phases/coherences', 'reported header beam angles', 'configured nominal target/range hypothesis']",False,True,False,False,"['/home/shy/AIR/SAR+AI/project/PGRCC/.worktrees/unknown-system-error-next-stage/outputs/clutter_only_servo_formal_compact_v2_20260914/cases/case_028/on/data/stage2_statistical_newprotocol_period_0000.bin', '/home/shy/AIR/SAR+AI/project/PGRCC/.worktrees/unknown-system-error-next-stage/outputs/clutter_only_servo_formal_compact_v2_20260914/cases/case_028/off/data/stage2_statistical_newprotocol_period_0000.bin']"
clutter_servo_low_texture_7500m_p0p100deg_seed_202,0.1,202,low_texture,7500.0,S0,current_reported,,CURRENT,KEEP_CURRENT,,,0.0,0.0,reported_header_current,False,,"['reported header angle', 'target-on evaluation raw']",False,False,False,False,['/home/shy/AIR/SAR+AI/project/PGRCC/.worktrees/unknown-system-error-next-stage/outputs/clutter_only_servo_formal_compact_v2_20260914/cases/case_029/on/data/stage2_statistical_newprotocol_period_0000.bin']
clutter_servo_low_texture_7500m_p0p100deg_seed_202,0.1,202,low_texture,7500.0,S1,clutter_only,clutter_only_six_pair_phase_ridge_p38_power_huber_grid_v1,FALLBACK_MODEL_MISMATCH,KEEP_CURRENT,,,0.0,0.0,fallback_current,True,objective_non_unique_or_grid_boundary,"['six_pair_clutter_phase', 'doppler_ridge_displacement', 'p38_phase_slope', 'multi_beam_power_secondary', 'reported_angle_geometry_platform']",False,False,False,False,['/home/shy/AIR/SAR+AI/project/PGRCC/.worktrees/unknown-system-error-next-stage/outputs/clutter_only_servo_formal_compact_v2_20260914/cases/case_029/off/data/stage2_statistical_newprotocol_period_0000.bin']
clutter_servo_low_texture_7500m_p0p100deg_seed_202,0.1,202,low_texture,7500.0,S1K,known_error_upper_bound,,KNOWN_EVALUATION,APPLY_KNOWN_ERROR_CORRECTION,0.1,0.0,0.0,0.1,known_error_upper_bound,False,,['configured known true-minus-reported servo error'],False,False,True,False,['/home/shy/AIR/SAR+AI/project/PGRCC/.worktrees/unknown-system-error-next-stage/outputs/clutter_only_servo_formal_compact_v2_20260914/cases/case_029/on/data/stage2_statistical_newprotocol_period_0000.bin']
clutter_servo_low_texture_7500m_p0p100deg_seed_202,0.1,202,low_texture,7500.0,Sassist,target_assisted,target_assisted_six_pair_phase_plus_multibeam_power_quadratic_pilot,VALID,NO_CORRECTION_NEEDED,0.07736697718753344,0.021629282861808777,0.12930336177963292,0.0,deadband_current,False,,"['paired ON-OFF target residual', 'six pair cross-channel phases/coherences', 'reported header beam angles', 'configured nominal target/range hypothesis']",False,True,False,False,"['/home/shy/AIR/SAR+AI/project/PGRCC/.worktrees/unknown-system-error-next-stage/outputs/clutter_only_servo_formal_compact_v2_20260914/cases/case_029/on/data/stage2_statistical_newprotocol_period_0000.bin', '/home/shy/AIR/SAR+AI/project/PGRCC/.worktrees/unknown-system-error-next-stage/outputs/clutter_only_servo_formal_compact_v2_20260914/cases/case_029/off/data/stage2_statistical_newprotocol_period_0000.bin']"
clutter_servo_low_texture_10000m_p0p100deg_seed_202,0.1,202,low_texture,10000.0,S0,current_reported,,CURRENT,KEEP_CURRENT,,,0.0,0.0,reported_header_current,False,,"['reported header angle', 'target-on evaluation raw']",False,False,False,False,['/home/shy/AIR/SAR+AI/project/PGRCC/.worktrees/unknown-system-error-next-stage/outputs/clutter_only_servo_formal_compact_v2_20260914/cases/case_030/on/data/stage2_statistical_newprotocol_period_0000.bin']
clutter_servo_low_texture_10000m_p0p100deg_seed_202,0.1,202,low_texture,10000.0,S1,clutter_only,clutter_only_six_pair_phase_ridge_p38_power_huber_grid_v1,FALLBACK_MODEL_MISMATCH,KEEP_CURRENT,,,0.0,0.0,fallback_current,True,primary_feature_family_disagreement,"['six_pair_clutter_phase', 'doppler_ridge_displacement', 'p38_phase_slope', 'multi_beam_power_secondary', 'reported_angle_geometry_platform']",False,False,False,False,['/home/shy/AIR/SAR+AI/project/PGRCC/.worktrees/unknown-system-error-next-stage/outputs/clutter_only_servo_formal_compact_v2_20260914/cases/case_030/off/data/stage2_statistical_newprotocol_period_0000.bin']
clutter_servo_low_texture_10000m_p0p100deg_seed_202,0.1,202,low_texture,10000.0,S1K,known_error_upper_bound,,KNOWN_EVALUATION,APPLY_KNOWN_ERROR_CORRECTION,0.1,0.0,0.0,0.1,known_error_upper_bound,False,,['configured known true-minus-reported servo error'],False,False,True,False,['/home/shy/AIR/SAR+AI/project/PGRCC/.worktrees/unknown-system-error-next-stage/outputs/clutter_only_servo_formal_compact_v2_20260914/cases/case_030/on/data/stage2_statistical_newprotocol_period_0000.bin']
clutter_servo_low_texture_10000m_p0p100deg_seed_202,0.1,202,low_texture,10000.0,Sassist,target_assisted,target_assisted_six_pair_phase_plus_multibeam_power_quadratic_pilot,VALID,NO_CORRECTION_NEEDED,0.0972685236469923,0.020998046312296036,0.12930336177963292,0.0,deadband_current,False,,"['paired ON-OFF target residual', 'six pair cross-channel phases/coherences', 'reported header beam angles', 'configured nominal target/range hypothesis']",False,True,False,False,"['/home/shy/AIR/SAR+AI/project/PGRCC/.worktrees/unknown-system-error-next-stage/outputs/clutter_only_servo_formal_compact_v2_20260914/cases/case_030/on/data/stage2_statistical_newprotocol_period_0000.bin', '/home/shy/AIR/SAR+AI/project/PGRCC/.worktrees/unknown-system-error-next-stage/outputs/clutter_only_servo_formal_compact_v2_20260914/cases/case_030/off/data/stage2_statistical_newprotocol_period_0000.bin']"
clutter_servo_high_texture_7500m_p0p100deg_seed_202,0.1,202,high_texture,7500.0,S0,current_reported,,CURRENT,KEEP_CURRENT,,,0.0,0.0,reported_header_current,False,,"['reported header angle', 'target-on evaluation raw']",False,False,False,False,['/home/shy/AIR/SAR+AI/project/PGRCC/.worktrees/unknown-system-error-next-stage/outputs/clutter_only_servo_formal_compact_v2_20260914/cases/case_031/on/data/stage2_statistical_newprotocol_period_0000.bin']
clutter_servo_high_texture_7500m_p0p100deg_seed_202,0.1,202,high_texture,7500.0,S1,clutter_only,clutter_only_six_pair_phase_ridge_p38_power_huber_grid_v1,FALLBACK_MODEL_MISMATCH,KEEP_CURRENT,,,0.0,0.0,fallback_current,True,objective_non_unique_or_grid_boundary,"['six_pair_clutter_phase', 'doppler_ridge_displacement', 'p38_phase_slope', 'multi_beam_power_secondary', 'reported_angle_geometry_platform']",False,False,False,False,['/home/shy/AIR/SAR+AI/project/PGRCC/.worktrees/unknown-system-error-next-stage/outputs/clutter_only_servo_formal_compact_v2_20260914/cases/case_031/off/data/stage2_statistical_newprotocol_period_0000.bin']
clutter_servo_high_texture_7500m_p0p100deg_seed_202,0.1,202,high_texture,7500.0,S1K,known_error_upper_bound,,KNOWN_EVALUATION,APPLY_KNOWN_ERROR_CORRECTION,0.1,0.0,0.0,0.1,known_error_upper_bound,False,,['configured known true-minus-reported servo error'],False,False,True,False,['/home/shy/AIR/SAR+AI/project/PGRCC/.worktrees/unknown-system-error-next-stage/outputs/clutter_only_servo_formal_compact_v2_20260914/cases/case_031/on/data/stage2_statistical_newprotocol_period_0000.bin']
clutter_servo_high_texture_7500m_p0p100deg_seed_202,0.1,202,high_texture,7500.0,Sassist,target_assisted,target_assisted_six_pair_phase_plus_multibeam_power_quadratic_pilot,VALID,NO_CORRECTION_NEEDED,0.10726127033643733,0.012170104459409872,0.12930336177963292,0.0,deadband_current,False,,"['paired ON-OFF target residual', 'six pair cross-channel phases/coherences', 'reported header beam angles', 'configured nominal target/range hypothesis']",False,True,False,False,"['/home/shy/AIR/SAR+AI/project/PGRCC/.worktrees/unknown-system-error-next-stage/outputs/clutter_only_servo_formal_compact_v2_20260914/cases/case_031/on/data/stage2_statistical_newprotocol_period_0000.bin', '/home/shy/AIR/SAR+AI/project/PGRCC/.worktrees/unknown-system-error-next-stage/outputs/clutter_only_servo_formal_compact_v2_20260914/cases/case_031/off/data/stage2_statistical_newprotocol_period_0000.bin']"
clutter_servo_high_texture_10000m_p0p100deg_seed_202,0.1,202,high_texture,10000.0,S0,current_reported,,CURRENT,KEEP_CURRENT,,,0.0,0.0,reported_header_current,False,,"['reported header angle', 'target-on evaluation raw']",False,False,False,False,['/home/shy/AIR/SAR+AI/project/PGRCC/.worktrees/unknown-system-error-next-stage/outputs/clutter_only_servo_formal_compact_v2_20260914/cases/case_032/on/data/stage2_statistical_newprotocol_period_0000.bin']
clutter_servo_high_texture_10000m_p0p100deg_seed_202,0.1,202,high_texture,10000.0,S1,clutter_only,clutter_only_six_pair_phase_ridge_p38_power_huber_grid_v1,FALLBACK_MODEL_MISMATCH,KEEP_CURRENT,,,0.0,0.0,fallback_current,True,primary_feature_family_disagreement,"['six_pair_clutter_phase', 'doppler_ridge_displacement', 'p38_phase_slope', 'multi_beam_power_secondary', 'reported_angle_geometry_platform']",False,False,False,False,['/home/shy/AIR/SAR+AI/project/PGRCC/.worktrees/unknown-system-error-next-stage/outputs/clutter_only_servo_formal_compact_v2_20260914/cases/case_032/off/data/stage2_statistical_newprotocol_period_0000.bin']
clutter_servo_high_texture_10000m_p0p100deg_seed_202,0.1,202,high_texture,10000.0,S1K,known_error_upper_bound,,KNOWN_EVALUATION,APPLY_KNOWN_ERROR_CORRECTION,0.1,0.0,0.0,0.1,known_error_upper_bound,False,,['configured known true-minus-reported servo error'],False,False,True,False,['/home/shy/AIR/SAR+AI/project/PGRCC/.worktrees/unknown-system-error-next-stage/outputs/clutter_only_servo_formal_compact_v2_20260914/cases/case_032/on/data/stage2_statistical_newprotocol_period_0000.bin']
clutter_servo_high_texture_10000m_p0p100deg_seed_202,0.1,202,high_texture,10000.0,Sassist,target_assisted,target_assisted_six_pair_phase_plus_multibeam_power_quadratic_pilot,VALID,NO_CORRECTION_NEEDED,0.10725684037456065,0.02047550482489343,0.12930336177963292,0.0,deadband_current,False,,"['paired ON-OFF target residual', 'six pair cross-channel phases/coherences', 'reported header beam angles', 'configured nominal target/range hypothesis']",False,True,False,False,"['/home/shy/AIR/SAR+AI/project/PGRCC/.worktrees/unknown-system-error-next-stage/outputs/clutter_only_servo_formal_compact_v2_20260914/cases/case_032/on/data/stage2_statistical_newprotocol_period_0000.bin', '/home/shy/AIR/SAR+AI/project/PGRCC/.worktrees/unknown-system-error-next-stage/outputs/clutter_only_servo_formal_compact_v2_20260914/cases/case_032/off/data/stage2_statistical_newprotocol_period_0000.bin']"
clutter_servo_low_texture_7500m_m0p100deg_seed_101,-0.1,101,low_texture,7500.0,S0,current_reported,,CURRENT,KEEP_CURRENT,,,0.0,0.0,reported_header_current,False,,"['reported header angle', 'target-on evaluation raw']",False,False,False,False,['/home/shy/AIR/SAR+AI/project/PGRCC/.worktrees/unknown-system-error-next-stage/outputs/clutter_only_servo_formal_compact_v2_20260914/cases/case_033/on/data/stage2_statistical_newprotocol_period_0000.bin']
clutter_servo_low_texture_7500m_m0p100deg_seed_101,-0.1,101,low_texture,7500.0,S1,clutter_only,clutter_only_six_pair_phase_ridge_p38_power_huber_grid_v1,FALLBACK_MODEL_MISMATCH,KEEP_CURRENT,,,0.0,0.0,fallback_current,True,primary_feature_family_disagreement,"['six_pair_clutter_phase', 'doppler_ridge_displacement', 'p38_phase_slope', 'multi_beam_power_secondary', 'reported_angle_geometry_platform']",False,False,False,False,['/home/shy/AIR/SAR+AI/project/PGRCC/.worktrees/unknown-system-error-next-stage/outputs/clutter_only_servo_formal_compact_v2_20260914/cases/case_033/off/data/stage2_statistical_newprotocol_period_0000.bin']
clutter_servo_low_texture_7500m_m0p100deg_seed_101,-0.1,101,low_texture,7500.0,S1K,known_error_upper_bound,,KNOWN_EVALUATION,APPLY_KNOWN_ERROR_CORRECTION,-0.1,0.0,0.0,-0.1,known_error_upper_bound,False,,['configured known true-minus-reported servo error'],False,False,True,False,['/home/shy/AIR/SAR+AI/project/PGRCC/.worktrees/unknown-system-error-next-stage/outputs/clutter_only_servo_formal_compact_v2_20260914/cases/case_033/on/data/stage2_statistical_newprotocol_period_0000.bin']
clutter_servo_low_texture_7500m_m0p100deg_seed_101,-0.1,101,low_texture,7500.0,Sassist,target_assisted,target_assisted_six_pair_phase_plus_multibeam_power_quadratic_pilot,VALID,NO_CORRECTION_NEEDED,-0.09157876619119715,0.02727638758049388,0.12930336177963292,0.0,deadband_current,False,,"['paired ON-OFF target residual', 'six pair cross-channel phases/coherences', 'reported header beam angles', 'configured nominal target/range hypothesis']",False,True,False,False,"['/home/shy/AIR/SAR+AI/project/PGRCC/.worktrees/unknown-system-error-next-stage/outputs/clutter_only_servo_formal_compact_v2_20260914/cases/case_033/on/data/stage2_statistical_newprotocol_period_0000.bin', '/home/shy/AIR/SAR+AI/project/PGRCC/.worktrees/unknown-system-error-next-stage/outputs/clutter_only_servo_formal_compact_v2_20260914/cases/case_033/off/data/stage2_statistical_newprotocol_period_0000.bin']"
clutter_servo_low_texture_10000m_m0p100deg_seed_101,-0.1,101,low_texture,10000.0,S0,current_reported,,CURRENT,KEEP_CURRENT,,,0.0,0.0,reported_header_current,False,,"['reported header angle', 'target-on evaluation raw']",False,False,False,False,['/home/shy/AIR/SAR+AI/project/PGRCC/.worktrees/unknown-system-error-next-stage/outputs/clutter_only_servo_formal_compact_v2_20260914/cases/case_034/on/data/stage2_statistical_newprotocol_period_0000.bin']
clutter_servo_low_texture_10000m_m0p100deg_seed_101,-0.1,101,low_texture,10000.0,S1,clutter_only,clutter_only_six_pair_phase_ridge_p38_power_huber_grid_v1,FALLBACK_MODEL_MISMATCH,KEEP_CURRENT,,,0.0,0.0,fallback_current,True,primary_feature_family_disagreement,"['six_pair_clutter_phase', 'doppler_ridge_displacement', 'p38_phase_slope', 'multi_beam_power_secondary', 'reported_angle_geometry_platform']",False,False,False,False,['/home/shy/AIR/SAR+AI/project/PGRCC/.worktrees/unknown-system-error-next-stage/outputs/clutter_only_servo_formal_compact_v2_20260914/cases/case_034/off/data/stage2_statistical_newprotocol_period_0000.bin']
clutter_servo_low_texture_10000m_m0p100deg_seed_101,-0.1,101,low_texture,10000.0,S1K,known_error_upper_bound,,KNOWN_EVALUATION,APPLY_KNOWN_ERROR_CORRECTION,-0.1,0.0,0.0,-0.1,known_error_upper_bound,False,,['configured known true-minus-reported servo error'],False,False,True,False,['/home/shy/AIR/SAR+AI/project/PGRCC/.worktrees/unknown-system-error-next-stage/outputs/clutter_only_servo_formal_compact_v2_20260914/cases/case_034/on/data/stage2_statistical_newprotocol_period_0000.bin']
clutter_servo_low_texture_10000m_m0p100deg_seed_101,-0.1,101,low_texture,10000.0,Sassist,target_assisted,target_assisted_six_pair_phase_plus_multibeam_power_quadratic_pilot,VALID,NO_CORRECTION_NEEDED,-0.04935995941915541,0.01797891996526724,0.12930336177963292,0.0,deadband_current,False,,"['paired ON-OFF target residual', 'six pair cross-channel phases/coherences', 'reported header beam angles', 'configured nominal target/range hypothesis']",False,True,False,False,"['/home/shy/AIR/SAR+AI/project/PGRCC/.worktrees/unknown-system-error-next-stage/outputs/clutter_only_servo_formal_compact_v2_20260914/cases/case_034/on/data/stage2_statistical_newprotocol_period_0000.bin', '/home/shy/AIR/SAR+AI/project/PGRCC/.worktrees/unknown-system-error-next-stage/outputs/clutter_only_servo_formal_compact_v2_20260914/cases/case_034/off/data/stage2_statistical_newprotocol_period_0000.bin']"
clutter_servo_high_texture_7500m_m0p100deg_seed_101,-0.1,101,high_texture,7500.0,S0,current_reported,,CURRENT,KEEP_CURRENT,,,0.0,0.0,reported_header_current,False,,"['reported header angle', 'target-on evaluation raw']",False,False,False,False,['/home/shy/AIR/SAR+AI/project/PGRCC/.worktrees/unknown-system-error-next-stage/outputs/clutter_only_servo_formal_compact_v2_20260914/cases/case_035/on/data/stage2_statistical_newprotocol_period_0000.bin']
clutter_servo_high_texture_7500m_m0p100deg_seed_101,-0.1,101,high_texture,7500.0,S1,clutter_only,clutter_only_six_pair_phase_ridge_p38_power_huber_grid_v1,FALLBACK_MODEL_MISMATCH,KEEP_CURRENT,,,0.0,0.0,fallback_current,True,primary_feature_family_disagreement,"['six_pair_clutter_phase', 'doppler_ridge_displacement', 'p38_phase_slope', 'multi_beam_power_secondary', 'reported_angle_geometry_platform']",False,False,False,False,['/home/shy/AIR/SAR+AI/project/PGRCC/.worktrees/unknown-system-error-next-stage/outputs/clutter_only_servo_formal_compact_v2_20260914/cases/case_035/off/data/stage2_statistical_newprotocol_period_0000.bin']
clutter_servo_high_texture_7500m_m0p100deg_seed_101,-0.1,101,high_texture,7500.0,S1K,known_error_upper_bound,,KNOWN_EVALUATION,APPLY_KNOWN_ERROR_CORRECTION,-0.1,0.0,0.0,-0.1,known_error_upper_bound,False,,['configured known true-minus-reported servo error'],False,False,True,False,['/home/shy/AIR/SAR+AI/project/PGRCC/.worktrees/unknown-system-error-next-stage/outputs/clutter_only_servo_formal_compact_v2_20260914/cases/case_035/on/data/stage2_statistical_newprotocol_period_0000.bin']
clutter_servo_high_texture_7500m_m0p100deg_seed_101,-0.1,101,high_texture,7500.0,Sassist,target_assisted,target_assisted_six_pair_phase_plus_multibeam_power_quadratic_pilot,VALID,APPLY_ESTIMATED_CORRECTION,-0.23456456044131435,0.027900525808249435,0.12930336177963292,-0.23456456044131435,sassist_estimate,False,,"['paired ON-OFF target residual', 'six pair cross-channel phases/coherences', 'reported header beam angles', 'configured nominal target/range hypothesis']",False,True,False,False,"['/home/shy/AIR/SAR+AI/project/PGRCC/.worktrees/unknown-system-error-next-stage/outputs/clutter_only_servo_formal_compact_v2_20260914/cases/case_035/on/data/stage2_statistical_newprotocol_period_0000.bin', '/home/shy/AIR/SAR+AI/project/PGRCC/.worktrees/unknown-system-error-next-stage/outputs/clutter_only_servo_formal_compact_v2_20260914/cases/case_035/off/data/stage2_statistical_newprotocol_period_0000.bin']"
clutter_servo_high_texture_10000m_m0p100deg_seed_101,-0.1,101,high_texture,10000.0,S0,current_reported,,CURRENT,KEEP_CURRENT,,,0.0,0.0,reported_header_current,False,,"['reported header angle', 'target-on evaluation raw']",False,False,False,False,['/home/shy/AIR/SAR+AI/project/PGRCC/.worktrees/unknown-system-error-next-stage/outputs/clutter_only_servo_formal_compact_v2_20260914/cases/case_036/on/data/stage2_statistical_newprotocol_period_0000.bin']
clutter_servo_high_texture_10000m_m0p100deg_seed_101,-0.1,101,high_texture,10000.0,S1,clutter_only,clutter_only_six_pair_phase_ridge_p38_power_huber_grid_v1,FALLBACK_MODEL_MISMATCH,KEEP_CURRENT,,,0.0,0.0,fallback_current,True,primary_feature_family_disagreement,"['six_pair_clutter_phase', 'doppler_ridge_displacement', 'p38_phase_slope', 'multi_beam_power_secondary', 'reported_angle_geometry_platform']",False,False,False,False,['/home/shy/AIR/SAR+AI/project/PGRCC/.worktrees/unknown-system-error-next-stage/outputs/clutter_only_servo_formal_compact_v2_20260914/cases/case_036/off/data/stage2_statistical_newprotocol_period_0000.bin']
clutter_servo_high_texture_10000m_m0p100deg_seed_101,-0.1,101,high_texture,10000.0,S1K,known_error_upper_bound,,KNOWN_EVALUATION,APPLY_KNOWN_ERROR_CORRECTION,-0.1,0.0,0.0,-0.1,known_error_upper_bound,False,,['configured known true-minus-reported servo error'],False,False,True,False,['/home/shy/AIR/SAR+AI/project/PGRCC/.worktrees/unknown-system-error-next-stage/outputs/clutter_only_servo_formal_compact_v2_20260914/cases/case_036/on/data/stage2_statistical_newprotocol_period_0000.bin']
clutter_servo_high_texture_10000m_m0p100deg_seed_101,-0.1,101,high_texture,10000.0,Sassist,target_assisted,target_assisted_six_pair_phase_plus_multibeam_power_quadratic_pilot,VALID,NO_CORRECTION_NEEDED,-0.05820629561567217,0.030250444149603564,0.12930336177963292,0.0,deadband_current,False,,"['paired ON-OFF target residual', 'six pair cross-channel phases/coherences', 'reported header beam angles', 'configured nominal target/range hypothesis']",False,True,False,False,"['/home/shy/AIR/SAR+AI/project/PGRCC/.worktrees/unknown-system-error-next-stage/outputs/clutter_only_servo_formal_compact_v2_20260914/cases/case_036/on/data/stage2_statistical_newprotocol_period_0000.bin', '/home/shy/AIR/SAR+AI/project/PGRCC/.worktrees/unknown-system-error-next-stage/outputs/clutter_only_servo_formal_compact_v2_20260914/cases/case_036/off/data/stage2_statistical_newprotocol_period_0000.bin']"
clutter_servo_low_texture_7500m_m0p100deg_seed_202,-0.1,202,low_texture,7500.0,S0,current_reported,,CURRENT,KEEP_CURRENT,,,0.0,0.0,reported_header_current,False,,"['reported header angle', 'target-on evaluation raw']",False,False,False,False,['/home/shy/AIR/SAR+AI/project/PGRCC/.worktrees/unknown-system-error-next-stage/outputs/clutter_only_servo_formal_compact_v2_20260914/cases/case_037/on/data/stage2_statistical_newprotocol_period_0000.bin']
clutter_servo_low_texture_7500m_m0p100deg_seed_202,-0.1,202,low_texture,7500.0,S1,clutter_only,clutter_only_six_pair_phase_ridge_p38_power_huber_grid_v1,FALLBACK_MODEL_MISMATCH,KEEP_CURRENT,,,0.0,0.0,fallback_current,True,primary_feature_family_disagreement,"['six_pair_clutter_phase', 'doppler_ridge_displacement', 'p38_phase_slope', 'multi_beam_power_secondary', 'reported_angle_geometry_platform']",False,False,False,False,['/home/shy/AIR/SAR+AI/project/PGRCC/.worktrees/unknown-system-error-next-stage/outputs/clutter_only_servo_formal_compact_v2_20260914/cases/case_037/off/data/stage2_statistical_newprotocol_period_0000.bin']
clutter_servo_low_texture_7500m_m0p100deg_seed_202,-0.1,202,low_texture,7500.0,S1K,known_error_upper_bound,,KNOWN_EVALUATION,APPLY_KNOWN_ERROR_CORRECTION,-0.1,0.0,0.0,-0.1,known_error_upper_bound,False,,['configured known true-minus-reported servo error'],False,False,True,False,['/home/shy/AIR/SAR+AI/project/PGRCC/.worktrees/unknown-system-error-next-stage/outputs/clutter_only_servo_formal_compact_v2_20260914/cases/case_037/on/data/stage2_statistical_newprotocol_period_0000.bin']
clutter_servo_low_texture_7500m_m0p100deg_seed_202,-0.1,202,low_texture,7500.0,Sassist,target_assisted,target_assisted_six_pair_phase_plus_multibeam_power_quadratic_pilot,VALID,NO_CORRECTION_NEEDED,-0.12248705067194067,0.02325094388820898,0.12930336177963292,0.0,deadband_current,False,,"['paired ON-OFF target residual', 'six pair cross-channel phases/coherences', 'reported header beam angles', 'configured nominal target/range hypothesis']",False,True,False,False,"['/home/shy/AIR/SAR+AI/project/PGRCC/.worktrees/unknown-system-error-next-stage/outputs/clutter_only_servo_formal_compact_v2_20260914/cases/case_037/on/data/stage2_statistical_newprotocol_period_0000.bin', '/home/shy/AIR/SAR+AI/project/PGRCC/.worktrees/unknown-system-error-next-stage/outputs/clutter_only_servo_formal_compact_v2_20260914/cases/case_037/off/data/stage2_statistical_newprotocol_period_0000.bin']"
clutter_servo_low_texture_10000m_m0p100deg_seed_202,-0.1,202,low_texture,10000.0,S0,current_reported,,CURRENT,KEEP_CURRENT,,,0.0,0.0,reported_header_current,False,,"['reported header angle', 'target-on evaluation raw']",False,False,False,False,['/home/shy/AIR/SAR+AI/project/PGRCC/.worktrees/unknown-system-error-next-stage/outputs/clutter_only_servo_formal_compact_v2_20260914/cases/case_038/on/data/stage2_statistical_newprotocol_period_0000.bin']
clutter_servo_low_texture_10000m_m0p100deg_seed_202,-0.1,202,low_texture,10000.0,S1,clutter_only,clutter_only_six_pair_phase_ridge_p38_power_huber_grid_v1,FALLBACK_MODEL_MISMATCH,KEEP_CURRENT,,,0.0,0.0,fallback_current,True,primary_feature_family_disagreement,"['six_pair_clutter_phase', 'doppler_ridge_displacement', 'p38_phase_slope', 'multi_beam_power_secondary', 'reported_angle_geometry_platform']",False,False,False,False,['/home/shy/AIR/SAR+AI/project/PGRCC/.worktrees/unknown-system-error-next-stage/outputs/clutter_only_servo_formal_compact_v2_20260914/cases/case_038/off/data/stage2_statistical_newprotocol_period_0000.bin']
clutter_servo_low_texture_10000m_m0p100deg_seed_202,-0.1,202,low_texture,10000.0,S1K,known_error_upper_bound,,KNOWN_EVALUATION,APPLY_KNOWN_ERROR_CORRECTION,-0.1,0.0,0.0,-0.1,known_error_upper_bound,False,,['configured known true-minus-reported servo error'],False,False,True,False,['/home/shy/AIR/SAR+AI/project/PGRCC/.worktrees/unknown-system-error-next-stage/outputs/clutter_only_servo_formal_compact_v2_20260914/cases/case_038/on/data/stage2_statistical_newprotocol_period_0000.bin']
clutter_servo_low_texture_10000m_m0p100deg_seed_202,-0.1,202,low_texture,10000.0,Sassist,target_assisted,target_assisted_six_pair_phase_plus_multibeam_power_quadratic_pilot,VALID,NO_CORRECTION_NEEDED,-0.10424483754718697,0.020857278471639325,0.12930336177963292,0.0,deadband_current,False,,"['paired ON-OFF target residual', 'six pair cross-channel phases/coherences', 'reported header beam angles', 'configured nominal target/range hypothesis']",False,True,False,False,"['/home/shy/AIR/SAR+AI/project/PGRCC/.worktrees/unknown-system-error-next-stage/outputs/clutter_only_servo_formal_compact_v2_20260914/cases/case_038/on/data/stage2_statistical_newprotocol_period_0000.bin', '/home/shy/AIR/SAR+AI/project/PGRCC/.worktrees/unknown-system-error-next-stage/outputs/clutter_only_servo_formal_compact_v2_20260914/cases/case_038/off/data/stage2_statistical_newprotocol_period_0000.bin']"
clutter_servo_high_texture_7500m_m0p100deg_seed_202,-0.1,202,high_texture,7500.0,S0,current_reported,,CURRENT,KEEP_CURRENT,,,0.0,0.0,reported_header_current,False,,"['reported header angle', 'target-on evaluation raw']",False,False,False,False,['/home/shy/AIR/SAR+AI/project/PGRCC/.worktrees/unknown-system-error-next-stage/outputs/clutter_only_servo_formal_compact_v2_20260914/cases/case_039/on/data/stage2_statistical_newprotocol_period_0000.bin']
clutter_servo_high_texture_7500m_m0p100deg_seed_202,-0.1,202,high_texture,7500.0,S1,clutter_only,clutter_only_six_pair_phase_ridge_p38_power_huber_grid_v1,FALLBACK_MODEL_MISMATCH,KEEP_CURRENT,,,0.0,0.0,fallback_current,True,objective_non_unique_or_grid_boundary,"['six_pair_clutter_phase', 'doppler_ridge_displacement', 'p38_phase_slope', 'multi_beam_power_secondary', 'reported_angle_geometry_platform']",False,False,False,False,['/home/shy/AIR/SAR+AI/project/PGRCC/.worktrees/unknown-system-error-next-stage/outputs/clutter_only_servo_formal_compact_v2_20260914/cases/case_039/off/data/stage2_statistical_newprotocol_period_0000.bin']
clutter_servo_high_texture_7500m_m0p100deg_seed_202,-0.1,202,high_texture,7500.0,S1K,known_error_upper_bound,,KNOWN_EVALUATION,APPLY_KNOWN_ERROR_CORRECTION,-0.1,0.0,0.0,-0.1,known_error_upper_bound,False,,['configured known true-minus-reported servo error'],False,False,True,False,['/home/shy/AIR/SAR+AI/project/PGRCC/.worktrees/unknown-system-error-next-stage/outputs/clutter_only_servo_formal_compact_v2_20260914/cases/case_039/on/data/stage2_statistical_newprotocol_period_0000.bin']
clutter_servo_high_texture_7500m_m0p100deg_seed_202,-0.1,202,high_texture,7500.0,Sassist,target_assisted,target_assisted_six_pair_phase_plus_multibeam_power_quadratic_pilot,VALID,NO_CORRECTION_NEEDED,-0.0804519719493162,0.010928394799841173,0.12930336177963292,0.0,deadband_current,False,,"['paired ON-OFF target residual', 'six pair cross-channel phases/coherences', 'reported header beam angles', 'configured nominal target/range hypothesis']",False,True,False,False,"['/home/shy/AIR/SAR+AI/project/PGRCC/.worktrees/unknown-system-error-next-stage/outputs/clutter_only_servo_formal_compact_v2_20260914/cases/case_039/on/data/stage2_statistical_newprotocol_period_0000.bin', '/home/shy/AIR/SAR+AI/project/PGRCC/.worktrees/unknown-system-error-next-stage/outputs/clutter_only_servo_formal_compact_v2_20260914/cases/case_039/off/data/stage2_statistical_newprotocol_period_0000.bin']"
clutter_servo_high_texture_10000m_m0p100deg_seed_202,-0.1,202,high_texture,10000.0,S0,current_reported,,CURRENT,KEEP_CURRENT,,,0.0,0.0,reported_header_current,False,,"['reported header angle', 'target-on evaluation raw']",False,False,False,False,['/home/shy/AIR/SAR+AI/project/PGRCC/.worktrees/unknown-system-error-next-stage/outputs/clutter_only_servo_formal_compact_v2_20260914/cases/case_040/on/data/stage2_statistical_newprotocol_period_0000.bin']
clutter_servo_high_texture_10000m_m0p100deg_seed_202,-0.1,202,high_texture,10000.0,S1,clutter_only,clutter_only_six_pair_phase_ridge_p38_power_huber_grid_v1,FALLBACK_MODEL_MISMATCH,KEEP_CURRENT,,,0.0,0.0,fallback_current,True,primary_feature_family_disagreement,"['six_pair_clutter_phase', 'doppler_ridge_displacement', 'p38_phase_slope', 'multi_beam_power_secondary', 'reported_angle_geometry_platform']",False,False,False,False,['/home/shy/AIR/SAR+AI/project/PGRCC/.worktrees/unknown-system-error-next-stage/outputs/clutter_only_servo_formal_compact_v2_20260914/cases/case_040/off/data/stage2_statistical_newprotocol_period_0000.bin']
clutter_servo_high_texture_10000m_m0p100deg_seed_202,-0.1,202,high_texture,10000.0,S1K,known_error_upper_bound,,KNOWN_EVALUATION,APPLY_KNOWN_ERROR_CORRECTION,-0.1,0.0,0.0,-0.1,known_error_upper_bound,False,,['configured known true-minus-reported servo error'],False,False,True,False,['/home/shy/AIR/SAR+AI/project/PGRCC/.worktrees/unknown-system-error-next-stage/outputs/clutter_only_servo_formal_compact_v2_20260914/cases/case_040/on/data/stage2_statistical_newprotocol_period_0000.bin']
clutter_servo_high_texture_10000m_m0p100deg_seed_202,-0.1,202,high_texture,10000.0,Sassist,target_assisted,target_assisted_six_pair_phase_plus_multibeam_power_quadratic_pilot,VALID,NO_CORRECTION_NEEDED,-0.07633062311429825,0.018273148835362345,0.12930336177963292,0.0,deadband_current,False,,"['paired ON-OFF target residual', 'six pair cross-channel phases/coherences', 'reported header beam angles', 'configured nominal target/range hypothesis']",False,True,False,False,"['/home/shy/AIR/SAR+AI/project/PGRCC/.worktrees/unknown-system-error-next-stage/outputs/clutter_only_servo_formal_compact_v2_20260914/cases/case_040/on/data/stage2_statistical_newprotocol_period_0000.bin', '/home/shy/AIR/SAR+AI/project/PGRCC/.worktrees/unknown-system-error-next-stage/outputs/clutter_only_servo_formal_compact_v2_20260914/cases/case_040/off/data/stage2_statistical_newprotocol_period_0000.bin']"
clutter_servo_low_texture_7500m_p0p200deg_seed_101,0.2,101,low_texture,7500.0,S0,current_reported,,CURRENT,KEEP_CURRENT,,,0.0,0.0,reported_header_current,False,,"['reported header angle', 'target-on evaluation raw']",False,False,False,False,['/home/shy/AIR/SAR+AI/project/PGRCC/.worktrees/unknown-system-error-next-stage/outputs/clutter_only_servo_formal_compact_v2_20260914/cases/case_041/on/data/stage2_statistical_newprotocol_period_0000.bin']
clutter_servo_low_texture_7500m_p0p200deg_seed_101,0.2,101,low_texture,7500.0,S1,clutter_only,clutter_only_six_pair_phase_ridge_p38_power_huber_grid_v1,FALLBACK_MODEL_MISMATCH,KEEP_CURRENT,,,0.0,0.0,fallback_current,True,primary_feature_family_disagreement,"['six_pair_clutter_phase', 'doppler_ridge_displacement', 'p38_phase_slope', 'multi_beam_power_secondary', 'reported_angle_geometry_platform']",False,False,False,False,['/home/shy/AIR/SAR+AI/project/PGRCC/.worktrees/unknown-system-error-next-stage/outputs/clutter_only_servo_formal_compact_v2_20260914/cases/case_041/off/data/stage2_statistical_newprotocol_period_0000.bin']
clutter_servo_low_texture_7500m_p0p200deg_seed_101,0.2,101,low_texture,7500.0,S1K,known_error_upper_bound,,KNOWN_EVALUATION,APPLY_KNOWN_ERROR_CORRECTION,0.2,0.0,0.0,0.2,known_error_upper_bound,False,,['configured known true-minus-reported servo error'],False,False,True,False,['/home/shy/AIR/SAR+AI/project/PGRCC/.worktrees/unknown-system-error-next-stage/outputs/clutter_only_servo_formal_compact_v2_20260914/cases/case_041/on/data/stage2_statistical_newprotocol_period_0000.bin']
clutter_servo_low_texture_7500m_p0p200deg_seed_101,0.2,101,low_texture,7500.0,Sassist,target_assisted,target_assisted_six_pair_phase_plus_multibeam_power_quadratic_pilot,VALID,APPLY_ESTIMATED_CORRECTION,0.23146541821978311,0.04235536112618758,0.12930336177963292,0.23146541821978311,sassist_estimate,False,,"['paired ON-OFF target residual', 'six pair cross-channel phases/coherences', 'reported header beam angles', 'configured nominal target/range hypothesis']",False,True,False,False,"['/home/shy/AIR/SAR+AI/project/PGRCC/.worktrees/unknown-system-error-next-stage/outputs/clutter_only_servo_formal_compact_v2_20260914/cases/case_041/on/data/stage2_statistical_newprotocol_period_0000.bin', '/home/shy/AIR/SAR+AI/project/PGRCC/.worktrees/unknown-system-error-next-stage/outputs/clutter_only_servo_formal_compact_v2_20260914/cases/case_041/off/data/stage2_statistical_newprotocol_period_0000.bin']"
clutter_servo_low_texture_10000m_p0p200deg_seed_101,0.2,101,low_texture,10000.0,S0,current_reported,,CURRENT,KEEP_CURRENT,,,0.0,0.0,reported_header_current,False,,"['reported header angle', 'target-on evaluation raw']",False,False,False,False,['/home/shy/AIR/SAR+AI/project/PGRCC/.worktrees/unknown-system-error-next-stage/outputs/clutter_only_servo_formal_compact_v2_20260914/cases/case_042/on/data/stage2_statistical_newprotocol_period_0000.bin']
clutter_servo_low_texture_10000m_p0p200deg_seed_101,0.2,101,low_texture,10000.0,S1,clutter_only,clutter_only_six_pair_phase_ridge_p38_power_huber_grid_v1,FALLBACK_MODEL_MISMATCH,KEEP_CURRENT,,,0.0,0.0,fallback_current,True,primary_feature_family_disagreement,"['six_pair_clutter_phase', 'doppler_ridge_displacement', 'p38_phase_slope', 'multi_beam_power_secondary', 'reported_angle_geometry_platform']",False,False,False,False,['/home/shy/AIR/SAR+AI/project/PGRCC/.worktrees/unknown-system-error-next-stage/outputs/clutter_only_servo_formal_compact_v2_20260914/cases/case_042/off/data/stage2_statistical_newprotocol_period_0000.bin']
clutter_servo_low_texture_10000m_p0p200deg_seed_101,0.2,101,low_texture,10000.0,S1K,known_error_upper_bound,,KNOWN_EVALUATION,APPLY_KNOWN_ERROR_CORRECTION,0.2,0.0,0.0,0.2,known_error_upper_bound,False,,['configured known true-minus-reported servo error'],False,False,True,False,['/home/shy/AIR/SAR+AI/project/PGRCC/.worktrees/unknown-system-error-next-stage/outputs/clutter_only_servo_formal_compact_v2_20260914/cases/case_042/on/data/stage2_statistical_newprotocol_period_0000.bin']
clutter_servo_low_texture_10000m_p0p200deg_seed_101,0.2,101,low_texture,10000.0,Sassist,target_assisted,target_assisted_six_pair_phase_plus_multibeam_power_quadratic_pilot,VALID,APPLY_ESTIMATED_CORRECTION,0.280304470134736,0.02845397743713332,0.12930336177963292,0.280304470134736,sassist_estimate,False,,"['paired ON-OFF target residual', 'six pair cross-channel phases/coherences', 'reported header beam angles', 'configured nominal target/range hypothesis']",False,True,False,False,"['/home/shy/AIR/SAR+AI/project/PGRCC/.worktrees/unknown-system-error-next-stage/outputs/clutter_only_servo_formal_compact_v2_20260914/cases/case_042/on/data/stage2_statistical_newprotocol_period_0000.bin', '/home/shy/AIR/SAR+AI/project/PGRCC/.worktrees/unknown-system-error-next-stage/outputs/clutter_only_servo_formal_compact_v2_20260914/cases/case_042/off/data/stage2_statistical_newprotocol_period_0000.bin']"
clutter_servo_high_texture_7500m_p0p200deg_seed_101,0.2,101,high_texture,7500.0,S0,current_reported,,CURRENT,KEEP_CURRENT,,,0.0,0.0,reported_header_current,False,,"['reported header angle', 'target-on evaluation raw']",False,False,False,False,['/home/shy/AIR/SAR+AI/project/PGRCC/.worktrees/unknown-system-error-next-stage/outputs/clutter_only_servo_formal_compact_v2_20260914/cases/case_043/on/data/stage2_statistical_newprotocol_period_0000.bin']
clutter_servo_high_texture_7500m_p0p200deg_seed_101,0.2,101,high_texture,7500.0,S1,clutter_only,clutter_only_six_pair_phase_ridge_p38_power_huber_grid_v1,FALLBACK_MODEL_MISMATCH,KEEP_CURRENT,,,0.0,0.0,fallback_current,True,primary_feature_family_disagreement,"['six_pair_clutter_phase', 'doppler_ridge_displacement', 'p38_phase_slope', 'multi_beam_power_secondary', 'reported_angle_geometry_platform']",False,False,False,False,['/home/shy/AIR/SAR+AI/project/PGRCC/.worktrees/unknown-system-error-next-stage/outputs/clutter_only_servo_formal_compact_v2_20260914/cases/case_043/off/data/stage2_statistical_newprotocol_period_0000.bin']
clutter_servo_high_texture_7500m_p0p200deg_seed_101,0.2,101,high_texture,7500.0,S1K,known_error_upper_bound,,KNOWN_EVALUATION,APPLY_KNOWN_ERROR_CORRECTION,0.2,0.0,0.0,0.2,known_error_upper_bound,False,,['configured known true-minus-reported servo error'],False,False,True,False,['/home/shy/AIR/SAR+AI/project/PGRCC/.worktrees/unknown-system-error-next-stage/outputs/clutter_only_servo_formal_compact_v2_20260914/cases/case_043/on/data/stage2_statistical_newprotocol_period_0000.bin']
clutter_servo_high_texture_7500m_p0p200deg_seed_101,0.2,101,high_texture,7500.0,Sassist,target_assisted,target_assisted_six_pair_phase_plus_multibeam_power_quadratic_pilot,VALID,NO_CORRECTION_NEEDED,0.046562922638353946,0.05509996262302825,0.12930336177963292,0.0,deadband_current,False,,"['paired ON-OFF target residual', 'six pair cross-channel phases/coherences', 'reported header beam angles', 'configured nominal target/range hypothesis']",False,True,False,False,"['/home/shy/AIR/SAR+AI/project/PGRCC/.worktrees/unknown-system-error-next-stage/outputs/clutter_only_servo_formal_compact_v2_20260914/cases/case_043/on/data/stage2_statistical_newprotocol_period_0000.bin', '/home/shy/AIR/SAR+AI/project/PGRCC/.worktrees/unknown-system-error-next-stage/outputs/clutter_only_servo_formal_compact_v2_20260914/cases/case_043/off/data/stage2_statistical_newprotocol_period_0000.bin']"
clutter_servo_high_texture_10000m_p0p200deg_seed_101,0.2,101,high_texture,10000.0,S0,current_reported,,CURRENT,KEEP_CURRENT,,,0.0,0.0,reported_header_current,False,,"['reported header angle', 'target-on evaluation raw']",False,False,False,False,['/home/shy/AIR/SAR+AI/project/PGRCC/.worktrees/unknown-system-error-next-stage/outputs/clutter_only_servo_formal_compact_v2_20260914/cases/case_044/on/data/stage2_statistical_newprotocol_period_0000.bin']
clutter_servo_high_texture_10000m_p0p200deg_seed_101,0.2,101,high_texture,10000.0,S1,clutter_only,clutter_only_six_pair_phase_ridge_p38_power_huber_grid_v1,FALLBACK_MODEL_MISMATCH,KEEP_CURRENT,,,0.0,0.0,fallback_current,True,primary_feature_family_disagreement,"['six_pair_clutter_phase', 'doppler_ridge_displacement', 'p38_phase_slope', 'multi_beam_power_secondary', 'reported_angle_geometry_platform']",False,False,False,False,['/home/shy/AIR/SAR+AI/project/PGRCC/.worktrees/unknown-system-error-next-stage/outputs/clutter_only_servo_formal_compact_v2_20260914/cases/case_044/off/data/stage2_statistical_newprotocol_period_0000.bin']
clutter_servo_high_texture_10000m_p0p200deg_seed_101,0.2,101,high_texture,10000.0,S1K,known_error_upper_bound,,KNOWN_EVALUATION,APPLY_KNOWN_ERROR_CORRECTION,0.2,0.0,0.0,0.2,known_error_upper_bound,False,,['configured known true-minus-reported servo error'],False,False,True,False,['/home/shy/AIR/SAR+AI/project/PGRCC/.worktrees/unknown-system-error-next-stage/outputs/clutter_only_servo_formal_compact_v2_20260914/cases/case_044/on/data/stage2_statistical_newprotocol_period_0000.bin']
clutter_servo_high_texture_10000m_p0p200deg_seed_101,0.2,101,high_texture,10000.0,Sassist,target_assisted,target_assisted_six_pair_phase_plus_multibeam_power_quadratic_pilot,VALID,APPLY_ESTIMATED_CORRECTION,0.1297875171348829,0.10149275925554307,0.12930336177963292,0.1297875171348829,sassist_estimate,False,,"['paired ON-OFF target residual', 'six pair cross-channel phases/coherences', 'reported header beam angles', 'configured nominal target/range hypothesis']",False,True,False,False,"['/home/shy/AIR/SAR+AI/project/PGRCC/.worktrees/unknown-system-error-next-stage/outputs/clutter_only_servo_formal_compact_v2_20260914/cases/case_044/on/data/stage2_statistical_newprotocol_period_0000.bin', '/home/shy/AIR/SAR+AI/project/PGRCC/.worktrees/unknown-system-error-next-stage/outputs/clutter_only_servo_formal_compact_v2_20260914/cases/case_044/off/data/stage2_statistical_newprotocol_period_0000.bin']"
clutter_servo_low_texture_7500m_p0p200deg_seed_202,0.2,202,low_texture,7500.0,S0,current_reported,,CURRENT,KEEP_CURRENT,,,0.0,0.0,reported_header_current,False,,"['reported header angle', 'target-on evaluation raw']",False,False,False,False,['/home/shy/AIR/SAR+AI/project/PGRCC/.worktrees/unknown-system-error-next-stage/outputs/clutter_only_servo_formal_compact_v2_20260914/cases/case_045/on/data/stage2_statistical_newprotocol_period_0000.bin']
clutter_servo_low_texture_7500m_p0p200deg_seed_202,0.2,202,low_texture,7500.0,S1,clutter_only,clutter_only_six_pair_phase_ridge_p38_power_huber_grid_v1,FALLBACK_MODEL_MISMATCH,KEEP_CURRENT,,,0.0,0.0,fallback_current,True,objective_non_unique_or_grid_boundary,"['six_pair_clutter_phase', 'doppler_ridge_displacement', 'p38_phase_slope', 'multi_beam_power_secondary', 'reported_angle_geometry_platform']",False,False,False,False,['/home/shy/AIR/SAR+AI/project/PGRCC/.worktrees/unknown-system-error-next-stage/outputs/clutter_only_servo_formal_compact_v2_20260914/cases/case_045/off/data/stage2_statistical_newprotocol_period_0000.bin']
clutter_servo_low_texture_7500m_p0p200deg_seed_202,0.2,202,low_texture,7500.0,S1K,known_error_upper_bound,,KNOWN_EVALUATION,APPLY_KNOWN_ERROR_CORRECTION,0.2,0.0,0.0,0.2,known_error_upper_bound,False,,['configured known true-minus-reported servo error'],False,False,True,False,['/home/shy/AIR/SAR+AI/project/PGRCC/.worktrees/unknown-system-error-next-stage/outputs/clutter_only_servo_formal_compact_v2_20260914/cases/case_045/on/data/stage2_statistical_newprotocol_period_0000.bin']
clutter_servo_low_texture_7500m_p0p200deg_seed_202,0.2,202,low_texture,7500.0,Sassist,target_assisted,target_assisted_six_pair_phase_plus_multibeam_power_quadratic_pilot,VALID,APPLY_ESTIMATED_CORRECTION,0.18320069303296754,0.041067694893055645,0.12930336177963292,0.18320069303296754,sassist_estimate,False,,"['paired ON-OFF target residual', 'six pair cross-channel phases/coherences', 'reported header beam angles', 'configured nominal target/range hypothesis']",False,True,False,False,"['/home/shy/AIR/SAR+AI/project/PGRCC/.worktrees/unknown-system-error-next-stage/outputs/clutter_only_servo_formal_compact_v2_20260914/cases/case_045/on/data/stage2_statistical_newprotocol_period_0000.bin', '/home/shy/AIR/SAR+AI/project/PGRCC/.worktrees/unknown-system-error-next-stage/outputs/clutter_only_servo_formal_compact_v2_20260914/cases/case_045/off/data/stage2_statistical_newprotocol_period_0000.bin']"
clutter_servo_low_texture_10000m_p0p200deg_seed_202,0.2,202,low_texture,10000.0,S0,current_reported,,CURRENT,KEEP_CURRENT,,,0.0,0.0,reported_header_current,False,,"['reported header angle', 'target-on evaluation raw']",False,False,False,False,['/home/shy/AIR/SAR+AI/project/PGRCC/.worktrees/unknown-system-error-next-stage/outputs/clutter_only_servo_formal_compact_v2_20260914/cases/case_046/on/data/stage2_statistical_newprotocol_period_0000.bin']
clutter_servo_low_texture_10000m_p0p200deg_seed_202,0.2,202,low_texture,10000.0,S1,clutter_only,clutter_only_six_pair_phase_ridge_p38_power_huber_grid_v1,FALLBACK_MODEL_MISMATCH,KEEP_CURRENT,,,0.0,0.0,fallback_current,True,primary_feature_family_disagreement,"['six_pair_clutter_phase', 'doppler_ridge_displacement', 'p38_phase_slope', 'multi_beam_power_secondary', 'reported_angle_geometry_platform']",False,False,False,False,['/home/shy/AIR/SAR+AI/project/PGRCC/.worktrees/unknown-system-error-next-stage/outputs/clutter_only_servo_formal_compact_v2_20260914/cases/case_046/off/data/stage2_statistical_newprotocol_period_0000.bin']
clutter_servo_low_texture_10000m_p0p200deg_seed_202,0.2,202,low_texture,10000.0,S1K,known_error_upper_bound,,KNOWN_EVALUATION,APPLY_KNOWN_ERROR_CORRECTION,0.2,0.0,0.0,0.2,known_error_upper_bound,False,,['configured known true-minus-reported servo error'],False,False,True,False,['/home/shy/AIR/SAR+AI/project/PGRCC/.worktrees/unknown-system-error-next-stage/outputs/clutter_only_servo_formal_compact_v2_20260914/cases/case_046/on/data/stage2_statistical_newprotocol_period_0000.bin']
clutter_servo_low_texture_10000m_p0p200deg_seed_202,0.2,202,low_texture,10000.0,Sassist,target_assisted,target_assisted_six_pair_phase_plus_multibeam_power_quadratic_pilot,VALID,APPLY_ESTIMATED_CORRECTION,0.15212522362707165,0.04071746040521155,0.12930336177963292,0.15212522362707165,sassist_estimate,False,,"['paired ON-OFF target residual', 'six pair cross-channel phases/coherences', 'reported header beam angles', 'configured nominal target/range hypothesis']",False,True,False,False,"['/home/shy/AIR/SAR+AI/project/PGRCC/.worktrees/unknown-system-error-next-stage/outputs/clutter_only_servo_formal_compact_v2_20260914/cases/case_046/on/data/stage2_statistical_newprotocol_period_0000.bin', '/home/shy/AIR/SAR+AI/project/PGRCC/.worktrees/unknown-system-error-next-stage/outputs/clutter_only_servo_formal_compact_v2_20260914/cases/case_046/off/data/stage2_statistical_newprotocol_period_0000.bin']"
clutter_servo_high_texture_7500m_p0p200deg_seed_202,0.2,202,high_texture,7500.0,S0,current_reported,,CURRENT,KEEP_CURRENT,,,0.0,0.0,reported_header_current,False,,"['reported header angle', 'target-on evaluation raw']",False,False,False,False,['/home/shy/AIR/SAR+AI/project/PGRCC/.worktrees/unknown-system-error-next-stage/outputs/clutter_only_servo_formal_compact_v2_20260914/cases/case_047/on/data/stage2_statistical_newprotocol_period_0000.bin']
clutter_servo_high_texture_7500m_p0p200deg_seed_202,0.2,202,high_texture,7500.0,S1,clutter_only,clutter_only_six_pair_phase_ridge_p38_power_huber_grid_v1,FALLBACK_MODEL_MISMATCH,KEEP_CURRENT,,,0.0,0.0,fallback_current,True,objective_non_unique_or_grid_boundary,"['six_pair_clutter_phase', 'doppler_ridge_displacement', 'p38_phase_slope', 'multi_beam_power_secondary', 'reported_angle_geometry_platform']",False,False,False,False,['/home/shy/AIR/SAR+AI/project/PGRCC/.worktrees/unknown-system-error-next-stage/outputs/clutter_only_servo_formal_compact_v2_20260914/cases/case_047/off/data/stage2_statistical_newprotocol_period_0000.bin']
clutter_servo_high_texture_7500m_p0p200deg_seed_202,0.2,202,high_texture,7500.0,S1K,known_error_upper_bound,,KNOWN_EVALUATION,APPLY_KNOWN_ERROR_CORRECTION,0.2,0.0,0.0,0.2,known_error_upper_bound,False,,['configured known true-minus-reported servo error'],False,False,True,False,['/home/shy/AIR/SAR+AI/project/PGRCC/.worktrees/unknown-system-error-next-stage/outputs/clutter_only_servo_formal_compact_v2_20260914/cases/case_047/on/data/stage2_statistical_newprotocol_period_0000.bin']
clutter_servo_high_texture_7500m_p0p200deg_seed_202,0.2,202,high_texture,7500.0,Sassist,target_assisted,target_assisted_six_pair_phase_plus_multibeam_power_quadratic_pilot,VALID,APPLY_ESTIMATED_CORRECTION,0.23118284349816562,0.04152275124222514,0.12930336177963292,0.23118284349816562,sassist_estimate,False,,"['paired ON-OFF target residual', 'six pair cross-channel phases/coherences', 'reported header beam angles', 'configured nominal target/range hypothesis']",False,True,False,False,"['/home/shy/AIR/SAR+AI/project/PGRCC/.worktrees/unknown-system-error-next-stage/outputs/clutter_only_servo_formal_compact_v2_20260914/cases/case_047/on/data/stage2_statistical_newprotocol_period_0000.bin', '/home/shy/AIR/SAR+AI/project/PGRCC/.worktrees/unknown-system-error-next-stage/outputs/clutter_only_servo_formal_compact_v2_20260914/cases/case_047/off/data/stage2_statistical_newprotocol_period_0000.bin']"
clutter_servo_high_texture_10000m_p0p200deg_seed_202,0.2,202,high_texture,10000.0,S0,current_reported,,CURRENT,KEEP_CURRENT,,,0.0,0.0,reported_header_current,False,,"['reported header angle', 'target-on evaluation raw']",False,False,False,False,['/home/shy/AIR/SAR+AI/project/PGRCC/.worktrees/unknown-system-error-next-stage/outputs/clutter_only_servo_formal_compact_v2_20260914/cases/case_048/on/data/stage2_statistical_newprotocol_period_0000.bin']
clutter_servo_high_texture_10000m_p0p200deg_seed_202,0.2,202,high_texture,10000.0,S1,clutter_only,clutter_only_six_pair_phase_ridge_p38_power_huber_grid_v1,FALLBACK_MODEL_MISMATCH,KEEP_CURRENT,,,0.0,0.0,fallback_current,True,primary_feature_family_disagreement,"['six_pair_clutter_phase', 'doppler_ridge_displacement', 'p38_phase_slope', 'multi_beam_power_secondary', 'reported_angle_geometry_platform']",False,False,False,False,['/home/shy/AIR/SAR+AI/project/PGRCC/.worktrees/unknown-system-error-next-stage/outputs/clutter_only_servo_formal_compact_v2_20260914/cases/case_048/off/data/stage2_statistical_newprotocol_period_0000.bin']
clutter_servo_high_texture_10000m_p0p200deg_seed_202,0.2,202,high_texture,10000.0,S1K,known_error_upper_bound,,KNOWN_EVALUATION,APPLY_KNOWN_ERROR_CORRECTION,0.2,0.0,0.0,0.2,known_error_upper_bound,False,,['configured known true-minus-reported servo error'],False,False,True,False,['/home/shy/AIR/SAR+AI/project/PGRCC/.worktrees/unknown-system-error-next-stage/outputs/clutter_only_servo_formal_compact_v2_20260914/cases/case_048/on/data/stage2_statistical_newprotocol_period_0000.bin']
clutter_servo_high_texture_10000m_p0p200deg_seed_202,0.2,202,high_texture,10000.0,Sassist,target_assisted,target_assisted_six_pair_phase_plus_multibeam_power_quadratic_pilot,VALID,APPLY_ESTIMATED_CORRECTION,0.26449012102380115,0.030334154055256454,0.12930336177963292,0.26449012102380115,sassist_estimate,False,,"['paired ON-OFF target residual', 'six pair cross-channel phases/coherences', 'reported header beam angles', 'configured nominal target/range hypothesis']",False,True,False,False,"['/home/shy/AIR/SAR+AI/project/PGRCC/.worktrees/unknown-system-error-next-stage/outputs/clutter_only_servo_formal_compact_v2_20260914/cases/case_048/on/data/stage2_statistical_newprotocol_period_0000.bin', '/home/shy/AIR/SAR+AI/project/PGRCC/.worktrees/unknown-system-error-next-stage/outputs/clutter_only_servo_formal_compact_v2_20260914/cases/case_048/off/data/stage2_statistical_newprotocol_period_0000.bin']"
clutter_servo_low_texture_7500m_m0p200deg_seed_101,-0.2,101,low_texture,7500.0,S0,current_reported,,CURRENT,KEEP_CURRENT,,,0.0,0.0,reported_header_current,False,,"['reported header angle', 'target-on evaluation raw']",False,False,False,False,['/home/shy/AIR/SAR+AI/project/PGRCC/.worktrees/unknown-system-error-next-stage/outputs/clutter_only_servo_formal_compact_v2_20260914/cases/case_049/on/data/stage2_statistical_newprotocol_period_0000.bin']
clutter_servo_low_texture_7500m_m0p200deg_seed_101,-0.2,101,low_texture,7500.0,S1,clutter_only,clutter_only_six_pair_phase_ridge_p38_power_huber_grid_v1,FALLBACK_MODEL_MISMATCH,KEEP_CURRENT,,,0.0,0.0,fallback_current,True,primary_feature_family_disagreement,"['six_pair_clutter_phase', 'doppler_ridge_displacement', 'p38_phase_slope', 'multi_beam_power_secondary', 'reported_angle_geometry_platform']",False,False,False,False,['/home/shy/AIR/SAR+AI/project/PGRCC/.worktrees/unknown-system-error-next-stage/outputs/clutter_only_servo_formal_compact_v2_20260914/cases/case_049/off/data/stage2_statistical_newprotocol_period_0000.bin']
clutter_servo_low_texture_7500m_m0p200deg_seed_101,-0.2,101,low_texture,7500.0,S1K,known_error_upper_bound,,KNOWN_EVALUATION,APPLY_KNOWN_ERROR_CORRECTION,-0.2,0.0,0.0,-0.2,known_error_upper_bound,False,,['configured known true-minus-reported servo error'],False,False,True,False,['/home/shy/AIR/SAR+AI/project/PGRCC/.worktrees/unknown-system-error-next-stage/outputs/clutter_only_servo_formal_compact_v2_20260914/cases/case_049/on/data/stage2_statistical_newprotocol_period_0000.bin']
clutter_servo_low_texture_7500m_m0p200deg_seed_101,-0.2,101,low_texture,7500.0,Sassist,target_assisted,target_assisted_six_pair_phase_plus_multibeam_power_quadratic_pilot,VALID,APPLY_ESTIMATED_CORRECTION,-0.16245538569498263,0.04534580692601291,0.12930336177963292,-0.16245538569498263,sassist_estimate,False,,"['paired ON-OFF target residual', 'six pair cross-channel phases/coherences', 'reported header beam angles', 'configured nominal target/range hypothesis']",False,True,False,False,"['/home/shy/AIR/SAR+AI/project/PGRCC/.worktrees/unknown-system-error-next-stage/outputs/clutter_only_servo_formal_compact_v2_20260914/cases/case_049/on/data/stage2_statistical_newprotocol_period_0000.bin', '/home/shy/AIR/SAR+AI/project/PGRCC/.worktrees/unknown-system-error-next-stage/outputs/clutter_only_servo_formal_compact_v2_20260914/cases/case_049/off/data/stage2_statistical_newprotocol_period_0000.bin']"
clutter_servo_low_texture_10000m_m0p200deg_seed_101,-0.2,101,low_texture,10000.0,S0,current_reported,,CURRENT,KEEP_CURRENT,,,0.0,0.0,reported_header_current,False,,"['reported header angle', 'target-on evaluation raw']",False,False,False,False,['/home/shy/AIR/SAR+AI/project/PGRCC/.worktrees/unknown-system-error-next-stage/outputs/clutter_only_servo_formal_compact_v2_20260914/cases/case_050/on/data/stage2_statistical_newprotocol_period_0000.bin']
clutter_servo_low_texture_10000m_m0p200deg_seed_101,-0.2,101,low_texture,10000.0,S1,clutter_only,clutter_only_six_pair_phase_ridge_p38_power_huber_grid_v1,FALLBACK_MODEL_MISMATCH,KEEP_CURRENT,,,0.0,0.0,fallback_current,True,primary_feature_family_disagreement,"['six_pair_clutter_phase', 'doppler_ridge_displacement', 'p38_phase_slope', 'multi_beam_power_secondary', 'reported_angle_geometry_platform']",False,False,False,False,['/home/shy/AIR/SAR+AI/project/PGRCC/.worktrees/unknown-system-error-next-stage/outputs/clutter_only_servo_formal_compact_v2_20260914/cases/case_050/off/data/stage2_statistical_newprotocol_period_0000.bin']
clutter_servo_low_texture_10000m_m0p200deg_seed_101,-0.2,101,low_texture,10000.0,S1K,known_error_upper_bound,,KNOWN_EVALUATION,APPLY_KNOWN_ERROR_CORRECTION,-0.2,0.0,0.0,-0.2,known_error_upper_bound,False,,['configured known true-minus-reported servo error'],False,False,True,False,['/home/shy/AIR/SAR+AI/project/PGRCC/.worktrees/unknown-system-error-next-stage/outputs/clutter_only_servo_formal_compact_v2_20260914/cases/case_050/on/data/stage2_statistical_newprotocol_period_0000.bin']
clutter_servo_low_texture_10000m_m0p200deg_seed_101,-0.2,101,low_texture,10000.0,Sassist,target_assisted,target_assisted_six_pair_phase_plus_multibeam_power_quadratic_pilot,VALID,NO_CORRECTION_NEEDED,-0.10942453519428894,0.0392346004733658,0.12930336177963292,0.0,deadband_current,False,,"['paired ON-OFF target residual', 'six pair cross-channel phases/coherences', 'reported header beam angles', 'configured nominal target/range hypothesis']",False,True,False,False,"['/home/shy/AIR/SAR+AI/project/PGRCC/.worktrees/unknown-system-error-next-stage/outputs/clutter_only_servo_formal_compact_v2_20260914/cases/case_050/on/data/stage2_statistical_newprotocol_period_0000.bin', '/home/shy/AIR/SAR+AI/project/PGRCC/.worktrees/unknown-system-error-next-stage/outputs/clutter_only_servo_formal_compact_v2_20260914/cases/case_050/off/data/stage2_statistical_newprotocol_period_0000.bin']"
clutter_servo_high_texture_7500m_m0p200deg_seed_101,-0.2,101,high_texture,7500.0,S0,current_reported,,CURRENT,KEEP_CURRENT,,,0.0,0.0,reported_header_current,False,,"['reported header angle', 'target-on evaluation raw']",False,False,False,False,['/home/shy/AIR/SAR+AI/project/PGRCC/.worktrees/unknown-system-error-next-stage/outputs/clutter_only_servo_formal_compact_v2_20260914/cases/case_051/on/data/stage2_statistical_newprotocol_period_0000.bin']
clutter_servo_high_texture_7500m_m0p200deg_seed_101,-0.2,101,high_texture,7500.0,S1,clutter_only,clutter_only_six_pair_phase_ridge_p38_power_huber_grid_v1,FALLBACK_MODEL_MISMATCH,KEEP_CURRENT,,,0.0,0.0,fallback_current,True,objective_non_unique_or_grid_boundary,"['six_pair_clutter_phase', 'doppler_ridge_displacement', 'p38_phase_slope', 'multi_beam_power_secondary', 'reported_angle_geometry_platform']",False,False,False,False,['/home/shy/AIR/SAR+AI/project/PGRCC/.worktrees/unknown-system-error-next-stage/outputs/clutter_only_servo_formal_compact_v2_20260914/cases/case_051/off/data/stage2_statistical_newprotocol_period_0000.bin']
clutter_servo_high_texture_7500m_m0p200deg_seed_101,-0.2,101,high_texture,7500.0,S1K,known_error_upper_bound,,KNOWN_EVALUATION,APPLY_KNOWN_ERROR_CORRECTION,-0.2,0.0,0.0,-0.2,known_error_upper_bound,False,,['configured known true-minus-reported servo error'],False,False,True,False,['/home/shy/AIR/SAR+AI/project/PGRCC/.worktrees/unknown-system-error-next-stage/outputs/clutter_only_servo_formal_compact_v2_20260914/cases/case_051/on/data/stage2_statistical_newprotocol_period_0000.bin']
clutter_servo_high_texture_7500m_m0p200deg_seed_101,-0.2,101,high_texture,7500.0,Sassist,target_assisted,target_assisted_six_pair_phase_plus_multibeam_power_quadratic_pilot,VALID,APPLY_ESTIMATED_CORRECTION,-0.4117327810462769,0.04752976622813748,0.12930336177963292,-0.4117327810462769,sassist_estimate,False,,"['paired ON-OFF target residual', 'six pair cross-channel phases/coherences', 'reported header beam angles', 'configured nominal target/range hypothesis']",False,True,False,False,"['/home/shy/AIR/SAR+AI/project/PGRCC/.worktrees/unknown-system-error-next-stage/outputs/clutter_only_servo_formal_compact_v2_20260914/cases/case_051/on/data/stage2_statistical_newprotocol_period_0000.bin', '/home/shy/AIR/SAR+AI/project/PGRCC/.worktrees/unknown-system-error-next-stage/outputs/clutter_only_servo_formal_compact_v2_20260914/cases/case_051/off/data/stage2_statistical_newprotocol_period_0000.bin']"
clutter_servo_high_texture_10000m_m0p200deg_seed_101,-0.2,101,high_texture,10000.0,S0,current_reported,,CURRENT,KEEP_CURRENT,,,0.0,0.0,reported_header_current,False,,"['reported header angle', 'target-on evaluation raw']",False,False,False,False,['/home/shy/AIR/SAR+AI/project/PGRCC/.worktrees/unknown-system-error-next-stage/outputs/clutter_only_servo_formal_compact_v2_20260914/cases/case_052/on/data/stage2_statistical_newprotocol_period_0000.bin']
clutter_servo_high_texture_10000m_m0p200deg_seed_101,-0.2,101,high_texture,10000.0,S1,clutter_only,clutter_only_six_pair_phase_ridge_p38_power_huber_grid_v1,FALLBACK_MODEL_MISMATCH,KEEP_CURRENT,,,0.0,0.0,fallback_current,True,primary_feature_family_disagreement,"['six_pair_clutter_phase', 'doppler_ridge_displacement', 'p38_phase_slope', 'multi_beam_power_secondary', 'reported_angle_geometry_platform']",False,False,False,False,['/home/shy/AIR/SAR+AI/project/PGRCC/.worktrees/unknown-system-error-next-stage/outputs/clutter_only_servo_formal_compact_v2_20260914/cases/case_052/off/data/stage2_statistical_newprotocol_period_0000.bin']
clutter_servo_high_texture_10000m_m0p200deg_seed_101,-0.2,101,high_texture,10000.0,S1K,known_error_upper_bound,,KNOWN_EVALUATION,APPLY_KNOWN_ERROR_CORRECTION,-0.2,0.0,0.0,-0.2,known_error_upper_bound,False,,['configured known true-minus-reported servo error'],False,False,True,False,['/home/shy/AIR/SAR+AI/project/PGRCC/.worktrees/unknown-system-error-next-stage/outputs/clutter_only_servo_formal_compact_v2_20260914/cases/case_052/on/data/stage2_statistical_newprotocol_period_0000.bin']
clutter_servo_high_texture_10000m_m0p200deg_seed_101,-0.2,101,high_texture,10000.0,Sassist,target_assisted,target_assisted_six_pair_phase_plus_multibeam_power_quadratic_pilot,VALID,APPLY_ESTIMATED_CORRECTION,-0.2727465565910662,0.08212847367501515,0.12930336177963292,-0.2727465565910662,sassist_estimate,False,,"['paired ON-OFF target residual', 'six pair cross-channel phases/coherences', 'reported header beam angles', 'configured nominal target/range hypothesis']",False,True,False,False,"['/home/shy/AIR/SAR+AI/project/PGRCC/.worktrees/unknown-system-error-next-stage/outputs/clutter_only_servo_formal_compact_v2_20260914/cases/case_052/on/data/stage2_statistical_newprotocol_period_0000.bin', '/home/shy/AIR/SAR+AI/project/PGRCC/.worktrees/unknown-system-error-next-stage/outputs/clutter_only_servo_formal_compact_v2_20260914/cases/case_052/off/data/stage2_statistical_newprotocol_period_0000.bin']"
clutter_servo_low_texture_7500m_m0p200deg_seed_202,-0.2,202,low_texture,7500.0,S0,current_reported,,CURRENT,KEEP_CURRENT,,,0.0,0.0,reported_header_current,False,,"['reported header angle', 'target-on evaluation raw']",False,False,False,False,['/home/shy/AIR/SAR+AI/project/PGRCC/.worktrees/unknown-system-error-next-stage/outputs/clutter_only_servo_formal_compact_v2_20260914/cases/case_053/on/data/stage2_statistical_newprotocol_period_0000.bin']
clutter_servo_low_texture_7500m_m0p200deg_seed_202,-0.2,202,low_texture,7500.0,S1,clutter_only,clutter_only_six_pair_phase_ridge_p38_power_huber_grid_v1,FALLBACK_MODEL_MISMATCH,KEEP_CURRENT,,,0.0,0.0,fallback_current,True,objective_non_unique_or_grid_boundary,"['six_pair_clutter_phase', 'doppler_ridge_displacement', 'p38_phase_slope', 'multi_beam_power_secondary', 'reported_angle_geometry_platform']",False,False,False,False,['/home/shy/AIR/SAR+AI/project/PGRCC/.worktrees/unknown-system-error-next-stage/outputs/clutter_only_servo_formal_compact_v2_20260914/cases/case_053/off/data/stage2_statistical_newprotocol_period_0000.bin']
clutter_servo_low_texture_7500m_m0p200deg_seed_202,-0.2,202,low_texture,7500.0,S1K,known_error_upper_bound,,KNOWN_EVALUATION,APPLY_KNOWN_ERROR_CORRECTION,-0.2,0.0,0.0,-0.2,known_error_upper_bound,False,,['configured known true-minus-reported servo error'],False,False,True,False,['/home/shy/AIR/SAR+AI/project/PGRCC/.worktrees/unknown-system-error-next-stage/outputs/clutter_only_servo_formal_compact_v2_20260914/cases/case_053/on/data/stage2_statistical_newprotocol_period_0000.bin']
clutter_servo_low_texture_7500m_m0p200deg_seed_202,-0.2,202,low_texture,7500.0,Sassist,target_assisted,target_assisted_six_pair_phase_plus_multibeam_power_quadratic_pilot,VALID,APPLY_ESTIMATED_CORRECTION,-0.22400730011745282,0.0407139359383471,0.12930336177963292,-0.22400730011745282,sassist_estimate,False,,"['paired ON-OFF target residual', 'six pair cross-channel phases/coherences', 'reported header beam angles', 'configured nominal target/range hypothesis']",False,True,False,False,"['/home/shy/AIR/SAR+AI/project/PGRCC/.worktrees/unknown-system-error-next-stage/outputs/clutter_only_servo_formal_compact_v2_20260914/cases/case_053/on/data/stage2_statistical_newprotocol_period_0000.bin', '/home/shy/AIR/SAR+AI/project/PGRCC/.worktrees/unknown-system-error-next-stage/outputs/clutter_only_servo_formal_compact_v2_20260914/cases/case_053/off/data/stage2_statistical_newprotocol_period_0000.bin']"
clutter_servo_low_texture_10000m_m0p200deg_seed_202,-0.2,202,low_texture,10000.0,S0,current_reported,,CURRENT,KEEP_CURRENT,,,0.0,0.0,reported_header_current,False,,"['reported header angle', 'target-on evaluation raw']",False,False,False,False,['/home/shy/AIR/SAR+AI/project/PGRCC/.worktrees/unknown-system-error-next-stage/outputs/clutter_only_servo_formal_compact_v2_20260914/cases/case_054/on/data/stage2_statistical_newprotocol_period_0000.bin']
clutter_servo_low_texture_10000m_m0p200deg_seed_202,-0.2,202,low_texture,10000.0,S1,clutter_only,clutter_only_six_pair_phase_ridge_p38_power_huber_grid_v1,FALLBACK_MODEL_MISMATCH,KEEP_CURRENT,,,0.0,0.0,fallback_current,True,primary_feature_family_disagreement,"['six_pair_clutter_phase', 'doppler_ridge_displacement', 'p38_phase_slope', 'multi_beam_power_secondary', 'reported_angle_geometry_platform']",False,False,False,False,['/home/shy/AIR/SAR+AI/project/PGRCC/.worktrees/unknown-system-error-next-stage/outputs/clutter_only_servo_formal_compact_v2_20260914/cases/case_054/off/data/stage2_statistical_newprotocol_period_0000.bin']
clutter_servo_low_texture_10000m_m0p200deg_seed_202,-0.2,202,low_texture,10000.0,S1K,known_error_upper_bound,,KNOWN_EVALUATION,APPLY_KNOWN_ERROR_CORRECTION,-0.2,0.0,0.0,-0.2,known_error_upper_bound,False,,['configured known true-minus-reported servo error'],False,False,True,False,['/home/shy/AIR/SAR+AI/project/PGRCC/.worktrees/unknown-system-error-next-stage/outputs/clutter_only_servo_formal_compact_v2_20260914/cases/case_054/on/data/stage2_statistical_newprotocol_period_0000.bin']
clutter_servo_low_texture_10000m_m0p200deg_seed_202,-0.2,202,low_texture,10000.0,Sassist,target_assisted,target_assisted_six_pair_phase_plus_multibeam_power_quadratic_pilot,VALID,APPLY_ESTIMATED_CORRECTION,-0.26208463077563116,0.049756237824948174,0.12930336177963292,-0.26208463077563116,sassist_estimate,False,,"['paired ON-OFF target residual', 'six pair cross-channel phases/coherences', 'reported header beam angles', 'configured nominal target/range hypothesis']",False,True,False,False,"['/home/shy/AIR/SAR+AI/project/PGRCC/.worktrees/unknown-system-error-next-stage/outputs/clutter_only_servo_formal_compact_v2_20260914/cases/case_054/on/data/stage2_statistical_newprotocol_period_0000.bin', '/home/shy/AIR/SAR+AI/project/PGRCC/.worktrees/unknown-system-error-next-stage/outputs/clutter_only_servo_formal_compact_v2_20260914/cases/case_054/off/data/stage2_statistical_newprotocol_period_0000.bin']"
clutter_servo_high_texture_7500m_m0p200deg_seed_202,-0.2,202,high_texture,7500.0,S0,current_reported,,CURRENT,KEEP_CURRENT,,,0.0,0.0,reported_header_current,False,,"['reported header angle', 'target-on evaluation raw']",False,False,False,False,['/home/shy/AIR/SAR+AI/project/PGRCC/.worktrees/unknown-system-error-next-stage/outputs/clutter_only_servo_formal_compact_v2_20260914/cases/case_055/on/data/stage2_statistical_newprotocol_period_0000.bin']
clutter_servo_high_texture_7500m_m0p200deg_seed_202,-0.2,202,high_texture,7500.0,S1,clutter_only,clutter_only_six_pair_phase_ridge_p38_power_huber_grid_v1,FALLBACK_MODEL_MISMATCH,KEEP_CURRENT,,,0.0,0.0,fallback_current,True,objective_non_unique_or_grid_boundary,"['six_pair_clutter_phase', 'doppler_ridge_displacement', 'p38_phase_slope', 'multi_beam_power_secondary', 'reported_angle_geometry_platform']",False,False,False,False,['/home/shy/AIR/SAR+AI/project/PGRCC/.worktrees/unknown-system-error-next-stage/outputs/clutter_only_servo_formal_compact_v2_20260914/cases/case_055/off/data/stage2_statistical_newprotocol_period_0000.bin']
clutter_servo_high_texture_7500m_m0p200deg_seed_202,-0.2,202,high_texture,7500.0,S1K,known_error_upper_bound,,KNOWN_EVALUATION,APPLY_KNOWN_ERROR_CORRECTION,-0.2,0.0,0.0,-0.2,known_error_upper_bound,False,,['configured known true-minus-reported servo error'],False,False,True,False,['/home/shy/AIR/SAR+AI/project/PGRCC/.worktrees/unknown-system-error-next-stage/outputs/clutter_only_servo_formal_compact_v2_20260914/cases/case_055/on/data/stage2_statistical_newprotocol_period_0000.bin']
clutter_servo_high_texture_7500m_m0p200deg_seed_202,-0.2,202,high_texture,7500.0,Sassist,target_assisted,target_assisted_six_pair_phase_plus_multibeam_power_quadratic_pilot,VALID,APPLY_ESTIMATED_CORRECTION,-0.1502932758938868,0.031685861152050084,0.12930336177963292,-0.1502932758938868,sassist_estimate,False,,"['paired ON-OFF target residual', 'six pair cross-channel phases/coherences', 'reported header beam angles', 'configured nominal target/range hypothesis']",False,True,False,False,"['/home/shy/AIR/SAR+AI/project/PGRCC/.worktrees/unknown-system-error-next-stage/outputs/clutter_only_servo_formal_compact_v2_20260914/cases/case_055/on/data/stage2_statistical_newprotocol_period_0000.bin', '/home/shy/AIR/SAR+AI/project/PGRCC/.worktrees/unknown-system-error-next-stage/outputs/clutter_only_servo_formal_compact_v2_20260914/cases/case_055/off/data/stage2_statistical_newprotocol_period_0000.bin']"
clutter_servo_high_texture_10000m_m0p200deg_seed_202,-0.2,202,high_texture,10000.0,S0,current_reported,,CURRENT,KEEP_CURRENT,,,0.0,0.0,reported_header_current,False,,"['reported header angle', 'target-on evaluation raw']",False,False,False,False,['/home/shy/AIR/SAR+AI/project/PGRCC/.worktrees/unknown-system-error-next-stage/outputs/clutter_only_servo_formal_compact_v2_20260914/cases/case_056/on/data/stage2_statistical_newprotocol_period_0000.bin']
clutter_servo_high_texture_10000m_m0p200deg_seed_202,-0.2,202,high_texture,10000.0,S1,clutter_only,clutter_only_six_pair_phase_ridge_p38_power_huber_grid_v1,FALLBACK_MODEL_MISMATCH,KEEP_CURRENT,,,0.0,0.0,fallback_current,True,primary_feature_family_disagreement,"['six_pair_clutter_phase', 'doppler_ridge_displacement', 'p38_phase_slope', 'multi_beam_power_secondary', 'reported_angle_geometry_platform']",False,False,False,False,['/home/shy/AIR/SAR+AI/project/PGRCC/.worktrees/unknown-system-error-next-stage/outputs/clutter_only_servo_formal_compact_v2_20260914/cases/case_056/off/data/stage2_statistical_newprotocol_period_0000.bin']
clutter_servo_high_texture_10000m_m0p200deg_seed_202,-0.2,202,high_texture,10000.0,S1K,known_error_upper_bound,,KNOWN_EVALUATION,APPLY_KNOWN_ERROR_CORRECTION,-0.2,0.0,0.0,-0.2,known_error_upper_bound,False,,['configured known true-minus-reported servo error'],False,False,True,False,['/home/shy/AIR/SAR+AI/project/PGRCC/.worktrees/unknown-system-error-next-stage/outputs/clutter_only_servo_formal_compact_v2_20260914/cases/case_056/on/data/stage2_statistical_newprotocol_period_0000.bin']
clutter_servo_high_texture_10000m_m0p200deg_seed_202,-0.2,202,high_texture,10000.0,Sassist,target_assisted,target_assisted_six_pair_phase_plus_multibeam_power_quadratic_pilot,VALID,APPLY_ESTIMATED_CORRECTION,-0.1714244475854433,0.04228751132678385,0.12930336177963292,-0.1714244475854433,sassist_estimate,False,,"['paired ON-OFF target residual', 'six pair cross-channel phases/coherences', 'reported header beam angles', 'configured nominal target/range hypothesis']",False,True,False,False,"['/home/shy/AIR/SAR+AI/project/PGRCC/.worktrees/unknown-system-error-next-stage/outputs/clutter_only_servo_formal_compact_v2_20260914/cases/case_056/on/data/stage2_statistical_newprotocol_period_0000.bin', '/home/shy/AIR/SAR+AI/project/PGRCC/.worktrees/unknown-system-error-next-stage/outputs/clutter_only_servo_formal_compact_v2_20260914/cases/case_056/off/data/stage2_statistical_newprotocol_period_0000.bin']"
clutter_servo_low_texture_7500m_p0p500deg_seed_101,0.5,101,low_texture,7500.0,S0,current_reported,,CURRENT,KEEP_CURRENT,,,0.0,0.0,reported_header_current,False,,"['reported header angle', 'target-on evaluation raw']",False,False,False,False,['/home/shy/AIR/SAR+AI/project/PGRCC/.worktrees/unknown-system-error-next-stage/outputs/clutter_only_servo_formal_compact_v2_20260914/cases/case_057/on/data/stage2_statistical_newprotocol_period_0000.bin']
clutter_servo_low_texture_7500m_p0p500deg_seed_101,0.5,101,low_texture,7500.0,S1,clutter_only,clutter_only_six_pair_phase_ridge_p38_power_huber_grid_v1,FALLBACK_MODEL_MISMATCH,KEEP_CURRENT,,,0.0,0.0,fallback_current,True,primary_feature_family_disagreement,"['six_pair_clutter_phase', 'doppler_ridge_displacement', 'p38_phase_slope', 'multi_beam_power_secondary', 'reported_angle_geometry_platform']",False,False,False,False,['/home/shy/AIR/SAR+AI/project/PGRCC/.worktrees/unknown-system-error-next-stage/outputs/clutter_only_servo_formal_compact_v2_20260914/cases/case_057/off/data/stage2_statistical_newprotocol_period_0000.bin']
clutter_servo_low_texture_7500m_p0p500deg_seed_101,0.5,101,low_texture,7500.0,S1K,known_error_upper_bound,,KNOWN_EVALUATION,APPLY_KNOWN_ERROR_CORRECTION,0.5,0.0,0.0,0.5,known_error_upper_bound,False,,['configured known true-minus-reported servo error'],False,False,True,False,['/home/shy/AIR/SAR+AI/project/PGRCC/.worktrees/unknown-system-error-next-stage/outputs/clutter_only_servo_formal_compact_v2_20260914/cases/case_057/on/data/stage2_statistical_newprotocol_period_0000.bin']
clutter_servo_low_texture_7500m_p0p500deg_seed_101,0.5,101,low_texture,7500.0,Sassist,target_assisted,target_assisted_six_pair_phase_plus_multibeam_power_quadratic_pilot,VALID,APPLY_ESTIMATED_CORRECTION,0.5215954536920419,0.03457665136896987,0.12930336177963292,0.5215954536920419,sassist_estimate,False,,"['paired ON-OFF target residual', 'six pair cross-channel phases/coherences', 'reported header beam angles', 'configured nominal target/range hypothesis']",False,True,False,False,"['/home/shy/AIR/SAR+AI/project/PGRCC/.worktrees/unknown-system-error-next-stage/outputs/clutter_only_servo_formal_compact_v2_20260914/cases/case_057/on/data/stage2_statistical_newprotocol_period_0000.bin', '/home/shy/AIR/SAR+AI/project/PGRCC/.worktrees/unknown-system-error-next-stage/outputs/clutter_only_servo_formal_compact_v2_20260914/cases/case_057/off/data/stage2_statistical_newprotocol_period_0000.bin']"
clutter_servo_low_texture_10000m_p0p500deg_seed_101,0.5,101,low_texture,10000.0,S0,current_reported,,CURRENT,KEEP_CURRENT,,,0.0,0.0,reported_header_current,False,,"['reported header angle', 'target-on evaluation raw']",False,False,False,False,['/home/shy/AIR/SAR+AI/project/PGRCC/.worktrees/unknown-system-error-next-stage/outputs/clutter_only_servo_formal_compact_v2_20260914/cases/case_058/on/data/stage2_statistical_newprotocol_period_0000.bin']
clutter_servo_low_texture_10000m_p0p500deg_seed_101,0.5,101,low_texture,10000.0,S1,clutter_only,clutter_only_six_pair_phase_ridge_p38_power_huber_grid_v1,FALLBACK_MODEL_MISMATCH,KEEP_CURRENT,,,0.0,0.0,fallback_current,True,primary_feature_family_disagreement,"['six_pair_clutter_phase', 'doppler_ridge_displacement', 'p38_phase_slope', 'multi_beam_power_secondary', 'reported_angle_geometry_platform']",False,False,False,False,['/home/shy/AIR/SAR+AI/project/PGRCC/.worktrees/unknown-system-error-next-stage/outputs/clutter_only_servo_formal_compact_v2_20260914/cases/case_058/off/data/stage2_statistical_newprotocol_period_0000.bin']
clutter_servo_low_texture_10000m_p0p500deg_seed_101,0.5,101,low_texture,10000.0,S1K,known_error_upper_bound,,KNOWN_EVALUATION,APPLY_KNOWN_ERROR_CORRECTION,0.5,0.0,0.0,0.5,known_error_upper_bound,False,,['configured known true-minus-reported servo error'],False,False,True,False,['/home/shy/AIR/SAR+AI/project/PGRCC/.worktrees/unknown-system-error-next-stage/outputs/clutter_only_servo_formal_compact_v2_20260914/cases/case_058/on/data/stage2_statistical_newprotocol_period_0000.bin']
clutter_servo_low_texture_10000m_p0p500deg_seed_101,0.5,101,low_texture,10000.0,Sassist,target_assisted,target_assisted_six_pair_phase_plus_multibeam_power_quadratic_pilot,VALID,APPLY_ESTIMATED_CORRECTION,0.578191094711348,0.023023812022474166,0.12930336177963292,0.578191094711348,sassist_estimate,False,,"['paired ON-OFF target residual', 'six pair cross-channel phases/coherences', 'reported header beam angles', 'configured nominal target/range hypothesis']",False,True,False,False,"['/home/shy/AIR/SAR+AI/project/PGRCC/.worktrees/unknown-system-error-next-stage/outputs/clutter_only_servo_formal_compact_v2_20260914/cases/case_058/on/data/stage2_statistical_newprotocol_period_0000.bin', '/home/shy/AIR/SAR+AI/project/PGRCC/.worktrees/unknown-system-error-next-stage/outputs/clutter_only_servo_formal_compact_v2_20260914/cases/case_058/off/data/stage2_statistical_newprotocol_period_0000.bin']"
clutter_servo_high_texture_7500m_p0p500deg_seed_101,0.5,101,high_texture,7500.0,S0,current_reported,,CURRENT,KEEP_CURRENT,,,0.0,0.0,reported_header_current,False,,"['reported header angle', 'target-on evaluation raw']",False,False,False,False,['/home/shy/AIR/SAR+AI/project/PGRCC/.worktrees/unknown-system-error-next-stage/outputs/clutter_only_servo_formal_compact_v2_20260914/cases/case_059/on/data/stage2_statistical_newprotocol_period_0000.bin']
clutter_servo_high_texture_7500m_p0p500deg_seed_101,0.5,101,high_texture,7500.0,S1,clutter_only,clutter_only_six_pair_phase_ridge_p38_power_huber_grid_v1,FALLBACK_MODEL_MISMATCH,KEEP_CURRENT,,,0.0,0.0,fallback_current,True,primary_feature_family_disagreement,"['six_pair_clutter_phase', 'doppler_ridge_displacement', 'p38_phase_slope', 'multi_beam_power_secondary', 'reported_angle_geometry_platform']",False,False,False,False,['/home/shy/AIR/SAR+AI/project/PGRCC/.worktrees/unknown-system-error-next-stage/outputs/clutter_only_servo_formal_compact_v2_20260914/cases/case_059/off/data/stage2_statistical_newprotocol_period_0000.bin']
clutter_servo_high_texture_7500m_p0p500deg_seed_101,0.5,101,high_texture,7500.0,S1K,known_error_upper_bound,,KNOWN_EVALUATION,APPLY_KNOWN_ERROR_CORRECTION,0.5,0.0,0.0,0.5,known_error_upper_bound,False,,['configured known true-minus-reported servo error'],False,False,True,False,['/home/shy/AIR/SAR+AI/project/PGRCC/.worktrees/unknown-system-error-next-stage/outputs/clutter_only_servo_formal_compact_v2_20260914/cases/case_059/on/data/stage2_statistical_newprotocol_period_0000.bin']
clutter_servo_high_texture_7500m_p0p500deg_seed_101,0.5,101,high_texture,7500.0,Sassist,target_assisted,target_assisted_six_pair_phase_plus_multibeam_power_quadratic_pilot,VALID,APPLY_ESTIMATED_CORRECTION,0.34736459015473803,0.04916865452911129,0.12930336177963292,0.34736459015473803,sassist_estimate,False,,"['paired ON-OFF target residual', 'six pair cross-channel phases/coherences', 'reported header beam angles', 'configured nominal target/range hypothesis']",False,True,False,False,"['/home/shy/AIR/SAR+AI/project/PGRCC/.worktrees/unknown-system-error-next-stage/outputs/clutter_only_servo_formal_compact_v2_20260914/cases/case_059/on/data/stage2_statistical_newprotocol_period_0000.bin', '/home/shy/AIR/SAR+AI/project/PGRCC/.worktrees/unknown-system-error-next-stage/outputs/clutter_only_servo_formal_compact_v2_20260914/cases/case_059/off/data/stage2_statistical_newprotocol_period_0000.bin']"
clutter_servo_high_texture_10000m_p0p500deg_seed_101,0.5,101,high_texture,10000.0,S0,current_reported,,CURRENT,KEEP_CURRENT,,,0.0,0.0,reported_header_current,False,,"['reported header angle', 'target-on evaluation raw']",False,False,False,False,['/home/shy/AIR/SAR+AI/project/PGRCC/.worktrees/unknown-system-error-next-stage/outputs/clutter_only_servo_formal_compact_v2_20260914/cases/case_060/on/data/stage2_statistical_newprotocol_period_0000.bin']
clutter_servo_high_texture_10000m_p0p500deg_seed_101,0.5,101,high_texture,10000.0,S1,clutter_only,clutter_only_six_pair_phase_ridge_p38_power_huber_grid_v1,FALLBACK_MODEL_MISMATCH,KEEP_CURRENT,,,0.0,0.0,fallback_current,True,primary_feature_family_disagreement,"['six_pair_clutter_phase', 'doppler_ridge_displacement', 'p38_phase_slope', 'multi_beam_power_secondary', 'reported_angle_geometry_platform']",False,False,False,False,['/home/shy/AIR/SAR+AI/project/PGRCC/.worktrees/unknown-system-error-next-stage/outputs/clutter_only_servo_formal_compact_v2_20260914/cases/case_060/off/data/stage2_statistical_newprotocol_period_0000.bin']
clutter_servo_high_texture_10000m_p0p500deg_seed_101,0.5,101,high_texture,10000.0,S1K,known_error_upper_bound,,KNOWN_EVALUATION,APPLY_KNOWN_ERROR_CORRECTION,0.5,0.0,0.0,0.5,known_error_upper_bound,False,,['configured known true-minus-reported servo error'],False,False,True,False,['/home/shy/AIR/SAR+AI/project/PGRCC/.worktrees/unknown-system-error-next-stage/outputs/clutter_only_servo_formal_compact_v2_20260914/cases/case_060/on/data/stage2_statistical_newprotocol_period_0000.bin']
clutter_servo_high_texture_10000m_p0p500deg_seed_101,0.5,101,high_texture,10000.0,Sassist,target_assisted,target_assisted_six_pair_phase_plus_multibeam_power_quadratic_pilot,VALID,APPLY_ESTIMATED_CORRECTION,0.46687191995033384,0.07298429659705616,0.12930336177963292,0.46687191995033384,sassist_estimate,False,,"['paired ON-OFF target residual', 'six pair cross-channel phases/coherences', 'reported header beam angles', 'configured nominal target/range hypothesis']",False,True,False,False,"['/home/shy/AIR/SAR+AI/project/PGRCC/.worktrees/unknown-system-error-next-stage/outputs/clutter_only_servo_formal_compact_v2_20260914/cases/case_060/on/data/stage2_statistical_newprotocol_period_0000.bin', '/home/shy/AIR/SAR+AI/project/PGRCC/.worktrees/unknown-system-error-next-stage/outputs/clutter_only_servo_formal_compact_v2_20260914/cases/case_060/off/data/stage2_statistical_newprotocol_period_0000.bin']"
clutter_servo_low_texture_7500m_p0p500deg_seed_202,0.5,202,low_texture,7500.0,S0,current_reported,,CURRENT,KEEP_CURRENT,,,0.0,0.0,reported_header_current,False,,"['reported header angle', 'target-on evaluation raw']",False,False,False,False,['/home/shy/AIR/SAR+AI/project/PGRCC/.worktrees/unknown-system-error-next-stage/outputs/clutter_only_servo_formal_compact_v2_20260914/cases/case_061/on/data/stage2_statistical_newprotocol_period_0000.bin']
clutter_servo_low_texture_7500m_p0p500deg_seed_202,0.5,202,low_texture,7500.0,S1,clutter_only,clutter_only_six_pair_phase_ridge_p38_power_huber_grid_v1,FALLBACK_MODEL_MISMATCH,KEEP_CURRENT,,,0.0,0.0,fallback_current,True,objective_non_unique_or_grid_boundary,"['six_pair_clutter_phase', 'doppler_ridge_displacement', 'p38_phase_slope', 'multi_beam_power_secondary', 'reported_angle_geometry_platform']",False,False,False,False,['/home/shy/AIR/SAR+AI/project/PGRCC/.worktrees/unknown-system-error-next-stage/outputs/clutter_only_servo_formal_compact_v2_20260914/cases/case_061/off/data/stage2_statistical_newprotocol_period_0000.bin']
clutter_servo_low_texture_7500m_p0p500deg_seed_202,0.5,202,low_texture,7500.0,S1K,known_error_upper_bound,,KNOWN_EVALUATION,APPLY_KNOWN_ERROR_CORRECTION,0.5,0.0,0.0,0.5,known_error_upper_bound,False,,['configured known true-minus-reported servo error'],False,False,True,False,['/home/shy/AIR/SAR+AI/project/PGRCC/.worktrees/unknown-system-error-next-stage/outputs/clutter_only_servo_formal_compact_v2_20260914/cases/case_061/on/data/stage2_statistical_newprotocol_period_0000.bin']
clutter_servo_low_texture_7500m_p0p500deg_seed_202,0.5,202,low_texture,7500.0,Sassist,target_assisted,target_assisted_six_pair_phase_plus_multibeam_power_quadratic_pilot,VALID,APPLY_ESTIMATED_CORRECTION,0.49409785900218245,0.024911305403438555,0.12930336177963292,0.49409785900218245,sassist_estimate,False,,"['paired ON-OFF target residual', 'six pair cross-channel phases/coherences', 'reported header beam angles', 'configured nominal target/range hypothesis']",False,True,False,False,"['/home/shy/AIR/SAR+AI/project/PGRCC/.worktrees/unknown-system-error-next-stage/outputs/clutter_only_servo_formal_compact_v2_20260914/cases/case_061/on/data/stage2_statistical_newprotocol_period_0000.bin', '/home/shy/AIR/SAR+AI/project/PGRCC/.worktrees/unknown-system-error-next-stage/outputs/clutter_only_servo_formal_compact_v2_20260914/cases/case_061/off/data/stage2_statistical_newprotocol_period_0000.bin']"
clutter_servo_low_texture_10000m_p0p500deg_seed_202,0.5,202,low_texture,10000.0,S0,current_reported,,CURRENT,KEEP_CURRENT,,,0.0,0.0,reported_header_current,False,,"['reported header angle', 'target-on evaluation raw']",False,False,False,False,['/home/shy/AIR/SAR+AI/project/PGRCC/.worktrees/unknown-system-error-next-stage/outputs/clutter_only_servo_formal_compact_v2_20260914/cases/case_062/on/data/stage2_statistical_newprotocol_period_0000.bin']
clutter_servo_low_texture_10000m_p0p500deg_seed_202,0.5,202,low_texture,10000.0,S1,clutter_only,clutter_only_six_pair_phase_ridge_p38_power_huber_grid_v1,FALLBACK_MODEL_MISMATCH,KEEP_CURRENT,,,0.0,0.0,fallback_current,True,primary_feature_family_disagreement,"['six_pair_clutter_phase', 'doppler_ridge_displacement', 'p38_phase_slope', 'multi_beam_power_secondary', 'reported_angle_geometry_platform']",False,False,False,False,['/home/shy/AIR/SAR+AI/project/PGRCC/.worktrees/unknown-system-error-next-stage/outputs/clutter_only_servo_formal_compact_v2_20260914/cases/case_062/off/data/stage2_statistical_newprotocol_period_0000.bin']
clutter_servo_low_texture_10000m_p0p500deg_seed_202,0.5,202,low_texture,10000.0,S1K,known_error_upper_bound,,KNOWN_EVALUATION,APPLY_KNOWN_ERROR_CORRECTION,0.5,0.0,0.0,0.5,known_error_upper_bound,False,,['configured known true-minus-reported servo error'],False,False,True,False,['/home/shy/AIR/SAR+AI/project/PGRCC/.worktrees/unknown-system-error-next-stage/outputs/clutter_only_servo_formal_compact_v2_20260914/cases/case_062/on/data/stage2_statistical_newprotocol_period_0000.bin']
clutter_servo_low_texture_10000m_p0p500deg_seed_202,0.5,202,low_texture,10000.0,Sassist,target_assisted,target_assisted_six_pair_phase_plus_multibeam_power_quadratic_pilot,VALID,APPLY_ESTIMATED_CORRECTION,0.4761602614391292,0.025355932060389275,0.12930336177963292,0.4761602614391292,sassist_estimate,False,,"['paired ON-OFF target residual', 'six pair cross-channel phases/coherences', 'reported header beam angles', 'configured nominal target/range hypothesis']",False,True,False,False,"['/home/shy/AIR/SAR+AI/project/PGRCC/.worktrees/unknown-system-error-next-stage/outputs/clutter_only_servo_formal_compact_v2_20260914/cases/case_062/on/data/stage2_statistical_newprotocol_period_0000.bin', '/home/shy/AIR/SAR+AI/project/PGRCC/.worktrees/unknown-system-error-next-stage/outputs/clutter_only_servo_formal_compact_v2_20260914/cases/case_062/off/data/stage2_statistical_newprotocol_period_0000.bin']"
clutter_servo_high_texture_7500m_p0p500deg_seed_202,0.5,202,high_texture,7500.0,S0,current_reported,,CURRENT,KEEP_CURRENT,,,0.0,0.0,reported_header_current,False,,"['reported header angle', 'target-on evaluation raw']",False,False,False,False,['/home/shy/AIR/SAR+AI/project/PGRCC/.worktrees/unknown-system-error-next-stage/outputs/clutter_only_servo_formal_compact_v2_20260914/cases/case_063/on/data/stage2_statistical_newprotocol_period_0000.bin']
clutter_servo_high_texture_7500m_p0p500deg_seed_202,0.5,202,high_texture,7500.0,S1,clutter_only,clutter_only_six_pair_phase_ridge_p38_power_huber_grid_v1,FALLBACK_MODEL_MISMATCH,KEEP_CURRENT,,,0.0,0.0,fallback_current,True,objective_non_unique_or_grid_boundary,"['six_pair_clutter_phase', 'doppler_ridge_displacement', 'p38_phase_slope', 'multi_beam_power_secondary', 'reported_angle_geometry_platform']",False,False,False,False,['/home/shy/AIR/SAR+AI/project/PGRCC/.worktrees/unknown-system-error-next-stage/outputs/clutter_only_servo_formal_compact_v2_20260914/cases/case_063/off/data/stage2_statistical_newprotocol_period_0000.bin']
clutter_servo_high_texture_7500m_p0p500deg_seed_202,0.5,202,high_texture,7500.0,S1K,known_error_upper_bound,,KNOWN_EVALUATION,APPLY_KNOWN_ERROR_CORRECTION,0.5,0.0,0.0,0.5,known_error_upper_bound,False,,['configured known true-minus-reported servo error'],False,False,True,False,['/home/shy/AIR/SAR+AI/project/PGRCC/.worktrees/unknown-system-error-next-stage/outputs/clutter_only_servo_formal_compact_v2_20260914/cases/case_063/on/data/stage2_statistical_newprotocol_period_0000.bin']
clutter_servo_high_texture_7500m_p0p500deg_seed_202,0.5,202,high_texture,7500.0,Sassist,target_assisted,target_assisted_six_pair_phase_plus_multibeam_power_quadratic_pilot,VALID,APPLY_ESTIMATED_CORRECTION,0.5256898354302172,0.03870188886934445,0.12930336177963292,0.5256898354302172,sassist_estimate,False,,"['paired ON-OFF target residual', 'six pair cross-channel phases/coherences', 'reported header beam angles', 'configured nominal target/range hypothesis']",False,True,False,False,"['/home/shy/AIR/SAR+AI/project/PGRCC/.worktrees/unknown-system-error-next-stage/outputs/clutter_only_servo_formal_compact_v2_20260914/cases/case_063/on/data/stage2_statistical_newprotocol_period_0000.bin', '/home/shy/AIR/SAR+AI/project/PGRCC/.worktrees/unknown-system-error-next-stage/outputs/clutter_only_servo_formal_compact_v2_20260914/cases/case_063/off/data/stage2_statistical_newprotocol_period_0000.bin']"
clutter_servo_high_texture_10000m_p0p500deg_seed_202,0.5,202,high_texture,10000.0,S0,current_reported,,CURRENT,KEEP_CURRENT,,,0.0,0.0,reported_header_current,False,,"['reported header angle', 'target-on evaluation raw']",False,False,False,False,['/home/shy/AIR/SAR+AI/project/PGRCC/.worktrees/unknown-system-error-next-stage/outputs/clutter_only_servo_formal_compact_v2_20260914/cases/case_064/on/data/stage2_statistical_newprotocol_period_0000.bin']
clutter_servo_high_texture_10000m_p0p500deg_seed_202,0.5,202,high_texture,10000.0,S1,clutter_only,clutter_only_six_pair_phase_ridge_p38_power_huber_grid_v1,FALLBACK_MODEL_MISMATCH,KEEP_CURRENT,,,0.0,0.0,fallback_current,True,primary_feature_family_disagreement,"['six_pair_clutter_phase', 'doppler_ridge_displacement', 'p38_phase_slope', 'multi_beam_power_secondary', 'reported_angle_geometry_platform']",False,False,False,False,['/home/shy/AIR/SAR+AI/project/PGRCC/.worktrees/unknown-system-error-next-stage/outputs/clutter_only_servo_formal_compact_v2_20260914/cases/case_064/off/data/stage2_statistical_newprotocol_period_0000.bin']
clutter_servo_high_texture_10000m_p0p500deg_seed_202,0.5,202,high_texture,10000.0,S1K,known_error_upper_bound,,KNOWN_EVALUATION,APPLY_KNOWN_ERROR_CORRECTION,0.5,0.0,0.0,0.5,known_error_upper_bound,False,,['configured known true-minus-reported servo error'],False,False,True,False,['/home/shy/AIR/SAR+AI/project/PGRCC/.worktrees/unknown-system-error-next-stage/outputs/clutter_only_servo_formal_compact_v2_20260914/cases/case_064/on/data/stage2_statistical_newprotocol_period_0000.bin']
clutter_servo_high_texture_10000m_p0p500deg_seed_202,0.5,202,high_texture,10000.0,Sassist,target_assisted,target_assisted_six_pair_phase_plus_multibeam_power_quadratic_pilot,VALID,APPLY_ESTIMATED_CORRECTION,0.553036727023291,0.027590061072706784,0.12930336177963292,0.553036727023291,sassist_estimate,False,,"['paired ON-OFF target residual', 'six pair cross-channel phases/coherences', 'reported header beam angles', 'configured nominal target/range hypothesis']",False,True,False,False,"['/home/shy/AIR/SAR+AI/project/PGRCC/.worktrees/unknown-system-error-next-stage/outputs/clutter_only_servo_formal_compact_v2_20260914/cases/case_064/on/data/stage2_statistical_newprotocol_period_0000.bin', '/home/shy/AIR/SAR+AI/project/PGRCC/.worktrees/unknown-system-error-next-stage/outputs/clutter_only_servo_formal_compact_v2_20260914/cases/case_064/off/data/stage2_statistical_newprotocol_period_0000.bin']"
clutter_servo_low_texture_7500m_m0p500deg_seed_101,-0.5,101,low_texture,7500.0,S0,current_reported,,CURRENT,KEEP_CURRENT,,,0.0,0.0,reported_header_current,False,,"['reported header angle', 'target-on evaluation raw']",False,False,False,False,['/home/shy/AIR/SAR+AI/project/PGRCC/.worktrees/unknown-system-error-next-stage/outputs/clutter_only_servo_formal_compact_v2_20260914/cases/case_065/on/data/stage2_statistical_newprotocol_period_0000.bin']
clutter_servo_low_texture_7500m_m0p500deg_seed_101,-0.5,101,low_texture,7500.0,S1,clutter_only,clutter_only_six_pair_phase_ridge_p38_power_huber_grid_v1,FALLBACK_MODEL_MISMATCH,KEEP_CURRENT,,,0.0,0.0,fallback_current,True,primary_feature_family_disagreement,"['six_pair_clutter_phase', 'doppler_ridge_displacement', 'p38_phase_slope', 'multi_beam_power_secondary', 'reported_angle_geometry_platform']",False,False,False,False,['/home/shy/AIR/SAR+AI/project/PGRCC/.worktrees/unknown-system-error-next-stage/outputs/clutter_only_servo_formal_compact_v2_20260914/cases/case_065/off/data/stage2_statistical_newprotocol_period_0000.bin']
clutter_servo_low_texture_7500m_m0p500deg_seed_101,-0.5,101,low_texture,7500.0,S1K,known_error_upper_bound,,KNOWN_EVALUATION,APPLY_KNOWN_ERROR_CORRECTION,-0.5,0.0,0.0,-0.5,known_error_upper_bound,False,,['configured known true-minus-reported servo error'],False,False,True,False,['/home/shy/AIR/SAR+AI/project/PGRCC/.worktrees/unknown-system-error-next-stage/outputs/clutter_only_servo_formal_compact_v2_20260914/cases/case_065/on/data/stage2_statistical_newprotocol_period_0000.bin']
clutter_servo_low_texture_7500m_m0p500deg_seed_101,-0.5,101,low_texture,7500.0,Sassist,target_assisted,target_assisted_six_pair_phase_plus_multibeam_power_quadratic_pilot,VALID,APPLY_ESTIMATED_CORRECTION,-0.4764578699987331,0.03780225380092478,0.12930336177963292,-0.4764578699987331,sassist_estimate,False,,"['paired ON-OFF target residual', 'six pair cross-channel phases/coherences', 'reported header beam angles', 'configured nominal target/range hypothesis']",False,True,False,False,"['/home/shy/AIR/SAR+AI/project/PGRCC/.worktrees/unknown-system-error-next-stage/outputs/clutter_only_servo_formal_compact_v2_20260914/cases/case_065/on/data/stage2_statistical_newprotocol_period_0000.bin', '/home/shy/AIR/SAR+AI/project/PGRCC/.worktrees/unknown-system-error-next-stage/outputs/clutter_only_servo_formal_compact_v2_20260914/cases/case_065/off/data/stage2_statistical_newprotocol_period_0000.bin']"
clutter_servo_low_texture_10000m_m0p500deg_seed_101,-0.5,101,low_texture,10000.0,S0,current_reported,,CURRENT,KEEP_CURRENT,,,0.0,0.0,reported_header_current,False,,"['reported header angle', 'target-on evaluation raw']",False,False,False,False,['/home/shy/AIR/SAR+AI/project/PGRCC/.worktrees/unknown-system-error-next-stage/outputs/clutter_only_servo_formal_compact_v2_20260914/cases/case_066/on/data/stage2_statistical_newprotocol_period_0000.bin']
clutter_servo_low_texture_10000m_m0p500deg_seed_101,-0.5,101,low_texture,10000.0,S1,clutter_only,clutter_only_six_pair_phase_ridge_p38_power_huber_grid_v1,FALLBACK_MODEL_MISMATCH,KEEP_CURRENT,,,0.0,0.0,fallback_current,True,primary_feature_family_disagreement,"['six_pair_clutter_phase', 'doppler_ridge_displacement', 'p38_phase_slope', 'multi_beam_power_secondary', 'reported_angle_geometry_platform']",False,False,False,False,['/home/shy/AIR/SAR+AI/project/PGRCC/.worktrees/unknown-system-error-next-stage/outputs/clutter_only_servo_formal_compact_v2_20260914/cases/case_066/off/data/stage2_statistical_newprotocol_period_0000.bin']
clutter_servo_low_texture_10000m_m0p500deg_seed_101,-0.5,101,low_texture,10000.0,S1K,known_error_upper_bound,,KNOWN_EVALUATION,APPLY_KNOWN_ERROR_CORRECTION,-0.5,0.0,0.0,-0.5,known_error_upper_bound,False,,['configured known true-minus-reported servo error'],False,False,True,False,['/home/shy/AIR/SAR+AI/project/PGRCC/.worktrees/unknown-system-error-next-stage/outputs/clutter_only_servo_formal_compact_v2_20260914/cases/case_066/on/data/stage2_statistical_newprotocol_period_0000.bin']
clutter_servo_low_texture_10000m_m0p500deg_seed_101,-0.5,101,low_texture,10000.0,Sassist,target_assisted,target_assisted_six_pair_phase_plus_multibeam_power_quadratic_pilot,VALID,APPLY_ESTIMATED_CORRECTION,-0.42798393011021446,0.030981153209993284,0.12930336177963292,-0.42798393011021446,sassist_estimate,False,,"['paired ON-OFF target residual', 'six pair cross-channel phases/coherences', 'reported header beam angles', 'configured nominal target/range hypothesis']",False,True,False,False,"['/home/shy/AIR/SAR+AI/project/PGRCC/.worktrees/unknown-system-error-next-stage/outputs/clutter_only_servo_formal_compact_v2_20260914/cases/case_066/on/data/stage2_statistical_newprotocol_period_0000.bin', '/home/shy/AIR/SAR+AI/project/PGRCC/.worktrees/unknown-system-error-next-stage/outputs/clutter_only_servo_formal_compact_v2_20260914/cases/case_066/off/data/stage2_statistical_newprotocol_period_0000.bin']"
clutter_servo_high_texture_7500m_m0p500deg_seed_101,-0.5,101,high_texture,7500.0,S0,current_reported,,CURRENT,KEEP_CURRENT,,,0.0,0.0,reported_header_current,False,,"['reported header angle', 'target-on evaluation raw']",False,False,False,False,['/home/shy/AIR/SAR+AI/project/PGRCC/.worktrees/unknown-system-error-next-stage/outputs/clutter_only_servo_formal_compact_v2_20260914/cases/case_067/on/data/stage2_statistical_newprotocol_period_0000.bin']
clutter_servo_high_texture_7500m_m0p500deg_seed_101,-0.5,101,high_texture,7500.0,S1,clutter_only,clutter_only_six_pair_phase_ridge_p38_power_huber_grid_v1,FALLBACK_MODEL_MISMATCH,KEEP_CURRENT,,,0.0,0.0,fallback_current,True,primary_feature_family_disagreement,"['six_pair_clutter_phase', 'doppler_ridge_displacement', 'p38_phase_slope', 'multi_beam_power_secondary', 'reported_angle_geometry_platform']",False,False,False,False,['/home/shy/AIR/SAR+AI/project/PGRCC/.worktrees/unknown-system-error-next-stage/outputs/clutter_only_servo_formal_compact_v2_20260914/cases/case_067/off/data/stage2_statistical_newprotocol_period_0000.bin']
clutter_servo_high_texture_7500m_m0p500deg_seed_101,-0.5,101,high_texture,7500.0,S1K,known_error_upper_bound,,KNOWN_EVALUATION,APPLY_KNOWN_ERROR_CORRECTION,-0.5,0.0,0.0,-0.5,known_error_upper_bound,False,,['configured known true-minus-reported servo error'],False,False,True,False,['/home/shy/AIR/SAR+AI/project/PGRCC/.worktrees/unknown-system-error-next-stage/outputs/clutter_only_servo_formal_compact_v2_20260914/cases/case_067/on/data/stage2_statistical_newprotocol_period_0000.bin']
clutter_servo_high_texture_7500m_m0p500deg_seed_101,-0.5,101,high_texture,7500.0,Sassist,target_assisted,target_assisted_six_pair_phase_plus_multibeam_power_quadratic_pilot,VALID,APPLY_ESTIMATED_CORRECTION,-0.716368034351485,0.04266627747692042,0.12930336177963292,-0.716368034351485,sassist_estimate,False,,"['paired ON-OFF target residual', 'six pair cross-channel phases/coherences', 'reported header beam angles', 'configured nominal target/range hypothesis']",False,True,False,False,"['/home/shy/AIR/SAR+AI/project/PGRCC/.worktrees/unknown-system-error-next-stage/outputs/clutter_only_servo_formal_compact_v2_20260914/cases/case_067/on/data/stage2_statistical_newprotocol_period_0000.bin', '/home/shy/AIR/SAR+AI/project/PGRCC/.worktrees/unknown-system-error-next-stage/outputs/clutter_only_servo_formal_compact_v2_20260914/cases/case_067/off/data/stage2_statistical_newprotocol_period_0000.bin']"
clutter_servo_high_texture_10000m_m0p500deg_seed_101,-0.5,101,high_texture,10000.0,S0,current_reported,,CURRENT,KEEP_CURRENT,,,0.0,0.0,reported_header_current,False,,"['reported header angle', 'target-on evaluation raw']",False,False,False,False,['/home/shy/AIR/SAR+AI/project/PGRCC/.worktrees/unknown-system-error-next-stage/outputs/clutter_only_servo_formal_compact_v2_20260914/cases/case_068/on/data/stage2_statistical_newprotocol_period_0000.bin']
clutter_servo_high_texture_10000m_m0p500deg_seed_101,-0.5,101,high_texture,10000.0,S1,clutter_only,clutter_only_six_pair_phase_ridge_p38_power_huber_grid_v1,FALLBACK_MODEL_MISMATCH,KEEP_CURRENT,,,0.0,0.0,fallback_current,True,primary_feature_family_disagreement,"['six_pair_clutter_phase', 'doppler_ridge_displacement', 'p38_phase_slope', 'multi_beam_power_secondary', 'reported_angle_geometry_platform']",False,False,False,False,['/home/shy/AIR/SAR+AI/project/PGRCC/.worktrees/unknown-system-error-next-stage/outputs/clutter_only_servo_formal_compact_v2_20260914/cases/case_068/off/data/stage2_statistical_newprotocol_period_0000.bin']
clutter_servo_high_texture_10000m_m0p500deg_seed_101,-0.5,101,high_texture,10000.0,S1K,known_error_upper_bound,,KNOWN_EVALUATION,APPLY_KNOWN_ERROR_CORRECTION,-0.5,0.0,0.0,-0.5,known_error_upper_bound,False,,['configured known true-minus-reported servo error'],False,False,True,False,['/home/shy/AIR/SAR+AI/project/PGRCC/.worktrees/unknown-system-error-next-stage/outputs/clutter_only_servo_formal_compact_v2_20260914/cases/case_068/on/data/stage2_statistical_newprotocol_period_0000.bin']
clutter_servo_high_texture_10000m_m0p500deg_seed_101,-0.5,101,high_texture,10000.0,Sassist,target_assisted,target_assisted_six_pair_phase_plus_multibeam_power_quadratic_pilot,VALID,APPLY_ESTIMATED_CORRECTION,-0.559829250672195,0.07524854688625682,0.12930336177963292,-0.559829250672195,sassist_estimate,False,,"['paired ON-OFF target residual', 'six pair cross-channel phases/coherences', 'reported header beam angles', 'configured nominal target/range hypothesis']",False,True,False,False,"['/home/shy/AIR/SAR+AI/project/PGRCC/.worktrees/unknown-system-error-next-stage/outputs/clutter_only_servo_formal_compact_v2_20260914/cases/case_068/on/data/stage2_statistical_newprotocol_period_0000.bin', '/home/shy/AIR/SAR+AI/project/PGRCC/.worktrees/unknown-system-error-next-stage/outputs/clutter_only_servo_formal_compact_v2_20260914/cases/case_068/off/data/stage2_statistical_newprotocol_period_0000.bin']"
clutter_servo_low_texture_7500m_m0p500deg_seed_202,-0.5,202,low_texture,7500.0,S0,current_reported,,CURRENT,KEEP_CURRENT,,,0.0,0.0,reported_header_current,False,,"['reported header angle', 'target-on evaluation raw']",False,False,False,False,['/home/shy/AIR/SAR+AI/project/PGRCC/.worktrees/unknown-system-error-next-stage/outputs/clutter_only_servo_formal_compact_v2_20260914/cases/case_069/on/data/stage2_statistical_newprotocol_period_0000.bin']
clutter_servo_low_texture_7500m_m0p500deg_seed_202,-0.5,202,low_texture,7500.0,S1,clutter_only,clutter_only_six_pair_phase_ridge_p38_power_huber_grid_v1,FALLBACK_MODEL_MISMATCH,KEEP_CURRENT,,,0.0,0.0,fallback_current,True,objective_non_unique_or_grid_boundary,"['six_pair_clutter_phase', 'doppler_ridge_displacement', 'p38_phase_slope', 'multi_beam_power_secondary', 'reported_angle_geometry_platform']",False,False,False,False,['/home/shy/AIR/SAR+AI/project/PGRCC/.worktrees/unknown-system-error-next-stage/outputs/clutter_only_servo_formal_compact_v2_20260914/cases/case_069/off/data/stage2_statistical_newprotocol_period_0000.bin']
clutter_servo_low_texture_7500m_m0p500deg_seed_202,-0.5,202,low_texture,7500.0,S1K,known_error_upper_bound,,KNOWN_EVALUATION,APPLY_KNOWN_ERROR_CORRECTION,-0.5,0.0,0.0,-0.5,known_error_upper_bound,False,,['configured known true-minus-reported servo error'],False,False,True,False,['/home/shy/AIR/SAR+AI/project/PGRCC/.worktrees/unknown-system-error-next-stage/outputs/clutter_only_servo_formal_compact_v2_20260914/cases/case_069/on/data/stage2_statistical_newprotocol_period_0000.bin']
clutter_servo_low_texture_7500m_m0p500deg_seed_202,-0.5,202,low_texture,7500.0,Sassist,target_assisted,target_assisted_six_pair_phase_plus_multibeam_power_quadratic_pilot,VALID,APPLY_ESTIMATED_CORRECTION,-0.5379277444127986,0.03674988798351034,0.12930336177963292,-0.5379277444127986,sassist_estimate,False,,"['paired ON-OFF target residual', 'six pair cross-channel phases/coherences', 'reported header beam angles', 'configured nominal target/range hypothesis']",False,True,False,False,"['/home/shy/AIR/SAR+AI/project/PGRCC/.worktrees/unknown-system-error-next-stage/outputs/clutter_only_servo_formal_compact_v2_20260914/cases/case_069/on/data/stage2_statistical_newprotocol_period_0000.bin', '/home/shy/AIR/SAR+AI/project/PGRCC/.worktrees/unknown-system-error-next-stage/outputs/clutter_only_servo_formal_compact_v2_20260914/cases/case_069/off/data/stage2_statistical_newprotocol_period_0000.bin']"
clutter_servo_low_texture_10000m_m0p500deg_seed_202,-0.5,202,low_texture,10000.0,S0,current_reported,,CURRENT,KEEP_CURRENT,,,0.0,0.0,reported_header_current,False,,"['reported header angle', 'target-on evaluation raw']",False,False,False,False,['/home/shy/AIR/SAR+AI/project/PGRCC/.worktrees/unknown-system-error-next-stage/outputs/clutter_only_servo_formal_compact_v2_20260914/cases/case_070/on/data/stage2_statistical_newprotocol_period_0000.bin']
clutter_servo_low_texture_10000m_m0p500deg_seed_202,-0.5,202,low_texture,10000.0,S1,clutter_only,clutter_only_six_pair_phase_ridge_p38_power_huber_grid_v1,FALLBACK_MODEL_MISMATCH,KEEP_CURRENT,,,0.0,0.0,fallback_current,True,primary_feature_family_disagreement,"['six_pair_clutter_phase', 'doppler_ridge_displacement', 'p38_phase_slope', 'multi_beam_power_secondary', 'reported_angle_geometry_platform']",False,False,False,False,['/home/shy/AIR/SAR+AI/project/PGRCC/.worktrees/unknown-system-error-next-stage/outputs/clutter_only_servo_formal_compact_v2_20260914/cases/case_070/off/data/stage2_statistical_newprotocol_period_0000.bin']
clutter_servo_low_texture_10000m_m0p500deg_seed_202,-0.5,202,low_texture,10000.0,S1K,known_error_upper_bound,,KNOWN_EVALUATION,APPLY_KNOWN_ERROR_CORRECTION,-0.5,0.0,0.0,-0.5,known_error_upper_bound,False,,['configured known true-minus-reported servo error'],False,False,True,False,['/home/shy/AIR/SAR+AI/project/PGRCC/.worktrees/unknown-system-error-next-stage/outputs/clutter_only_servo_formal_compact_v2_20260914/cases/case_070/on/data/stage2_statistical_newprotocol_period_0000.bin']
clutter_servo_low_texture_10000m_m0p500deg_seed_202,-0.5,202,low_texture,10000.0,Sassist,target_assisted,target_assisted_six_pair_phase_plus_multibeam_power_quadratic_pilot,VALID,APPLY_ESTIMATED_CORRECTION,-0.5505779156599313,0.04407755726366411,0.12930336177963292,-0.5505779156599313,sassist_estimate,False,,"['paired ON-OFF target residual', 'six pair cross-channel phases/coherences', 'reported header beam angles', 'configured nominal target/range hypothesis']",False,True,False,False,"['/home/shy/AIR/SAR+AI/project/PGRCC/.worktrees/unknown-system-error-next-stage/outputs/clutter_only_servo_formal_compact_v2_20260914/cases/case_070/on/data/stage2_statistical_newprotocol_period_0000.bin', '/home/shy/AIR/SAR+AI/project/PGRCC/.worktrees/unknown-system-error-next-stage/outputs/clutter_only_servo_formal_compact_v2_20260914/cases/case_070/off/data/stage2_statistical_newprotocol_period_0000.bin']"
clutter_servo_high_texture_7500m_m0p500deg_seed_202,-0.5,202,high_texture,7500.0,S0,current_reported,,CURRENT,KEEP_CURRENT,,,0.0,0.0,reported_header_current,False,,"['reported header angle', 'target-on evaluation raw']",False,False,False,False,['/home/shy/AIR/SAR+AI/project/PGRCC/.worktrees/unknown-system-error-next-stage/outputs/clutter_only_servo_formal_compact_v2_20260914/cases/case_071/on/data/stage2_statistical_newprotocol_period_0000.bin']
clutter_servo_high_texture_7500m_m0p500deg_seed_202,-0.5,202,high_texture,7500.0,S1,clutter_only,clutter_only_six_pair_phase_ridge_p38_power_huber_grid_v1,FALLBACK_MODEL_MISMATCH,KEEP_CURRENT,,,0.0,0.0,fallback_current,True,objective_non_unique_or_grid_boundary,"['six_pair_clutter_phase', 'doppler_ridge_displacement', 'p38_phase_slope', 'multi_beam_power_secondary', 'reported_angle_geometry_platform']",False,False,False,False,['/home/shy/AIR/SAR+AI/project/PGRCC/.worktrees/unknown-system-error-next-stage/outputs/clutter_only_servo_formal_compact_v2_20260914/cases/case_071/off/data/stage2_statistical_newprotocol_period_0000.bin']
clutter_servo_high_texture_7500m_m0p500deg_seed_202,-0.5,202,high_texture,7500.0,S1K,known_error_upper_bound,,KNOWN_EVALUATION,APPLY_KNOWN_ERROR_CORRECTION,-0.5,0.0,0.0,-0.5,known_error_upper_bound,False,,['configured known true-minus-reported servo error'],False,False,True,False,['/home/shy/AIR/SAR+AI/project/PGRCC/.worktrees/unknown-system-error-next-stage/outputs/clutter_only_servo_formal_compact_v2_20260914/cases/case_071/on/data/stage2_statistical_newprotocol_period_0000.bin']
clutter_servo_high_texture_7500m_m0p500deg_seed_202,-0.5,202,high_texture,7500.0,Sassist,target_assisted,target_assisted_six_pair_phase_plus_multibeam_power_quadratic_pilot,VALID,APPLY_ESTIMATED_CORRECTION,-0.4420612986949379,0.021273290669036993,0.12930336177963292,-0.4420612986949379,sassist_estimate,False,,"['paired ON-OFF target residual', 'six pair cross-channel phases/coherences', 'reported header beam angles', 'configured nominal target/range hypothesis']",False,True,False,False,"['/home/shy/AIR/SAR+AI/project/PGRCC/.worktrees/unknown-system-error-next-stage/outputs/clutter_only_servo_formal_compact_v2_20260914/cases/case_071/on/data/stage2_statistical_newprotocol_period_0000.bin', '/home/shy/AIR/SAR+AI/project/PGRCC/.worktrees/unknown-system-error-next-stage/outputs/clutter_only_servo_formal_compact_v2_20260914/cases/case_071/off/data/stage2_statistical_newprotocol_period_0000.bin']"
clutter_servo_high_texture_10000m_m0p500deg_seed_202,-0.5,202,high_texture,10000.0,S0,current_reported,,CURRENT,KEEP_CURRENT,,,0.0,0.0,reported_header_current,False,,"['reported header angle', 'target-on evaluation raw']",False,False,False,False,['/home/shy/AIR/SAR+AI/project/PGRCC/.worktrees/unknown-system-error-next-stage/outputs/clutter_only_servo_formal_compact_v2_20260914/cases/case_072/on/data/stage2_statistical_newprotocol_period_0000.bin']
clutter_servo_high_texture_10000m_m0p500deg_seed_202,-0.5,202,high_texture,10000.0,S1,clutter_only,clutter_only_six_pair_phase_ridge_p38_power_huber_grid_v1,FALLBACK_MODEL_MISMATCH,KEEP_CURRENT,,,0.0,0.0,fallback_current,True,primary_feature_family_disagreement,"['six_pair_clutter_phase', 'doppler_ridge_displacement', 'p38_phase_slope', 'multi_beam_power_secondary', 'reported_angle_geometry_platform']",False,False,False,False,['/home/shy/AIR/SAR+AI/project/PGRCC/.worktrees/unknown-system-error-next-stage/outputs/clutter_only_servo_formal_compact_v2_20260914/cases/case_072/off/data/stage2_statistical_newprotocol_period_0000.bin']
clutter_servo_high_texture_10000m_m0p500deg_seed_202,-0.5,202,high_texture,10000.0,S1K,known_error_upper_bound,,KNOWN_EVALUATION,APPLY_KNOWN_ERROR_CORRECTION,-0.5,0.0,0.0,-0.5,known_error_upper_bound,False,,['configured known true-minus-reported servo error'],False,False,True,False,['/home/shy/AIR/SAR+AI/project/PGRCC/.worktrees/unknown-system-error-next-stage/outputs/clutter_only_servo_formal_compact_v2_20260914/cases/case_072/on/data/stage2_statistical_newprotocol_period_0000.bin']
clutter_servo_high_texture_10000m_m0p500deg_seed_202,-0.5,202,high_texture,10000.0,Sassist,target_assisted,target_assisted_six_pair_phase_plus_multibeam_power_quadratic_pilot,VALID,APPLY_ESTIMATED_CORRECTION,-0.47950832324486115,0.04002252983010135,0.12930336177963292,-0.47950832324486115,sassist_estimate,False,,"['paired ON-OFF target residual', 'six pair cross-channel phases/coherences', 'reported header beam angles', 'configured nominal target/range hypothesis']",False,True,False,False,"['/home/shy/AIR/SAR+AI/project/PGRCC/.worktrees/unknown-system-error-next-stage/outputs/clutter_only_servo_formal_compact_v2_20260914/cases/case_072/on/data/stage2_statistical_newprotocol_period_0000.bin', '/home/shy/AIR/SAR+AI/project/PGRCC/.worktrees/unknown-system-error-next-stage/outputs/clutter_only_servo_formal_compact_v2_20260914/cases/case_072/off/data/stage2_statistical_newprotocol_period_0000.bin']"
