scene_id,working_point,seed,delay_error_ns,target_velocity_mps,target_snr_db,level,method,status,estimate_ns,truth_ns,error_ns,runtime_sec,fallback_reason,snr_db,bias_ns,rmse_ns,std_ns,ci95_low_ns,ci95_high_ns,outlier_rate,fallback_rate,fallback_count,finite_estimate_count,trials,mean_runtime_sec,random_seed_namespace,sampling_rate_hz,bandwidth_hz,pulse_samples
base__seed_101__v_p6d7__snr_p30__delay_p0ns,base,101,0.0,6.7,30.0,level2,D1_ordinary_LS,ok,-0.029635960372710345,0.0,-0.029635960372710345,0.00016929401317611337,,,,,,,,,,,,,,,,,
base__seed_101__v_p6d7__snr_p30__delay_p0ns,base,101,0.0,6.7,30.0,level2,D2_weighted_LS,ok,-0.007020225075362978,0.0,-0.007020225075362978,0.00012843700824305415,,,,,,,,,,,,,,,,,
base__seed_101__v_p6d7__snr_p30__delay_p0ns,base,101,0.0,6.7,30.0,level2,D3_Huber_weighted_LS,ok,-0.028130307937299665,0.0,-0.028130307937299665,0.0012622289941646159,,,,,,,,,,,,,,,,,
base__seed_101__v_p6d7__snr_p30__delay_p0ns,base,101,0.0,6.7,30.0,level2,D4_generalized_phase_slope_ML,ok,0.0711305929666599,0.0,0.0711305929666599,1.9044187380059157,,,,,,,,,,,,,,,,,
base__seed_101__v_p6d7__snr_p30__delay_p0ns,base,101,0.0,6.7,30.0,level2,cross_correlation,ok,-0.02662150568326747,0.0,-0.02662150568326747,2.4315778269956354,,,,,,,,,,,,,,,,,
base__seed_101__v_p6d7__snr_p30__delay_p0ns,base,101,0.0,6.7,30.0,level2,gcc_phat,ok,-0.02412623344305109,0.0,-0.02412623344305109,1.7346289959969,,,,,,,,,,,,,,,,,
base__seed_101__v_p6d7__snr_p30__delay_p0ns,base,101,0.0,6.7,30.0,level2,oversampled_cross_correlation,ok,-0.02276802418292997,0.0,-0.02276802418292997,2.453657290985575,,,,,,,,,,,,,,,,,
base__seed_101__v_p6d7__snr_p30__delay_p1ns,base,101,1.0,6.7,30.0,level2,D1_ordinary_LS,ok,0.8610374147365133,1.0,-0.1389625852634867,0.00016244998550973833,,,,,,,,,,,,,,,,,
base__seed_101__v_p6d7__snr_p30__delay_p1ns,base,101,1.0,6.7,30.0,level2,D2_weighted_LS,ok,0.8812875822992559,1.0,-0.11871241770074414,0.00012780900578945875,,,,,,,,,,,,,,,,,
base__seed_101__v_p6d7__snr_p30__delay_p1ns,base,101,1.0,6.7,30.0,level2,D3_Huber_weighted_LS,ok,0.8639455192566396,1.0,-0.13605448074336035,0.0012950619857292622,,,,,,,,,,,,,,,,,
base__seed_101__v_p6d7__snr_p30__delay_p1ns,base,101,1.0,6.7,30.0,level2,D4_generalized_phase_slope_ML,ok,1.0582042513959131,1.0,0.05820425139591312,1.1528666329977568,,,,,,,,,,,,,,,,,
base__seed_101__v_p6d7__snr_p30__delay_p1ns,base,101,1.0,6.7,30.0,level2,cross_correlation,ok,0.20170346627866306,1.0,-0.7982965337213369,1.4983689849905204,,,,,,,,,,,,,,,,,
base__seed_101__v_p6d7__snr_p30__delay_p1ns,base,101,1.0,6.7,30.0,level2,gcc_phat,ok,0.07171552122068187,1.0,-0.9282844787793181,1.8115782040113118,,,,,,,,,,,,,,,,,
base__seed_101__v_p6d7__snr_p30__delay_p1ns,base,101,1.0,6.7,30.0,level2,oversampled_cross_correlation,ok,0.22338256670855489,1.0,-0.7766174332914451,1.5648286319919862,,,,,,,,,,,,,,,,,
base__seed_101__v_p6d7__snr_p30__delay_m1ns,base,101,-1.0,6.7,30.0,level2,D1_ordinary_LS,ok,0.0788048195392907,-1.0,1.0788048195392907,0.0018202729988843203,,,,,,,,,,,,,,,,,
base__seed_101__v_p6d7__snr_p30__delay_m1ns,base,101,-1.0,6.7,30.0,level2,D2_weighted_LS,ok,0.09555661996197672,-1.0,1.0955566199619766,0.00021434298832900822,,,,,,,,,,,,,,,,,
base__seed_101__v_p6d7__snr_p30__delay_m1ns,base,101,-1.0,6.7,30.0,level2,D3_Huber_weighted_LS,ok,0.08113085891771028,-1.0,1.0811308589177102,0.0023175420064944774,,,,,,,,,,,,,,,,,
base__seed_101__v_p6d7__snr_p30__delay_m1ns,base,101,-1.0,6.7,30.0,level2,D4_generalized_phase_slope_ML,ok,0.7207740127090057,-1.0,1.7207740127090057,1.046735008014366,,,,,,,,,,,,,,,,,
base__seed_101__v_p6d7__snr_p30__delay_m1ns,base,101,-1.0,6.7,30.0,level2,cross_correlation,ok,-0.2566272341463842,-1.0,0.7433727658536158,1.3638144629949238,,,,,,,,,,,,,,,,,
base__seed_101__v_p6d7__snr_p30__delay_m1ns,base,101,-1.0,6.7,30.0,level2,gcc_phat,ok,-0.11137507845594549,-1.0,0.8886249215440545,1.8679416310042143,,,,,,,,,,,,,,,,,
base__seed_101__v_p6d7__snr_p30__delay_m1ns,base,101,-1.0,6.7,30.0,level2,oversampled_cross_correlation,ok,-0.2689992659898315,-1.0,0.7310007340101685,1.2700281430152245,,,,,,,,,,,,,,,,,
base__seed_101__v_p6d7__snr_p30__delay_p2ns,base,101,2.0,6.7,30.0,level2,D1_ordinary_LS,ok,1.7105058733975447,2.0,-0.2894941266024553,0.0002658860175870359,,,,,,,,,,,,,,,,,
base__seed_101__v_p6d7__snr_p30__delay_p2ns,base,101,2.0,6.7,30.0,level2,D2_weighted_LS,ok,1.7279997384835428,2.0,-0.2720002615164572,0.00013220999971963465,,,,,,,,,,,,,,,,,
base__seed_101__v_p6d7__snr_p30__delay_p2ns,base,101,2.0,6.7,30.0,level2,D3_Huber_weighted_LS,ok,1.7166844941142378,2.0,-0.28331550588576215,0.0013126679987180978,,,,,,,,,,,,,,,,,
base__seed_101__v_p6d7__snr_p30__delay_p2ns,base,101,2.0,6.7,30.0,level2,D4_generalized_phase_slope_ML,ok,1.9936711526879245,2.0,-0.006328847312075503,1.6113080630020704,,,,,,,,,,,,,,,,,
base__seed_101__v_p6d7__snr_p30__delay_p2ns,base,101,2.0,6.7,30.0,level2,cross_correlation,ok,0.4583676392380304,2.0,-1.5416323607619695,2.1896149309759494,,,,,,,,,,,,,,,,,
base__seed_101__v_p6d7__snr_p30__delay_p2ns,base,101,2.0,6.7,30.0,level2,gcc_phat,ok,0.08890856969654572,2.0,-1.9110914303034543,1.8671166179992724,,,,,,,,,,,,,,,,,
base__seed_101__v_p6d7__snr_p30__delay_p2ns,base,101,2.0,6.7,30.0,level2,oversampled_cross_correlation,ok,0.4380715697662578,2.0,-1.5619284302337422,1.8465555559960194,,,,,,,,,,,,,,,,,
base__seed_101__v_p6d7__snr_p30__delay_m2ns,base,101,-2.0,6.7,30.0,level2,D1_ordinary_LS,ok,0.10979095974564741,-2.0,2.1097909597456472,0.0002569470088928938,,,,,,,,,,,,,,,,,
base__seed_101__v_p6d7__snr_p30__delay_m2ns,base,101,-2.0,6.7,30.0,level2,D2_weighted_LS,ok,0.10931993513096394,-2.0,2.109319935130964,0.00013381699682213366,,,,,,,,,,,,,,,,,
base__seed_101__v_p6d7__snr_p30__delay_m2ns,base,101,-2.0,6.7,30.0,level2,D3_Huber_weighted_LS,ok,0.10230710433891471,-2.0,2.1023071043389145,0.0017412180022802204,,,,,,,,,,,,,,,,,
base__seed_101__v_p6d7__snr_p30__delay_m2ns,base,101,-2.0,6.7,30.0,level2,D4_generalized_phase_slope_ML,ok,1.4705753995938773,-2.0,3.4705753995938773,1.0357178089907393,,,,,,,,,,,,,,,,,
base__seed_101__v_p6d7__snr_p30__delay_m2ns,base,101,-2.0,6.7,30.0,level2,cross_correlation,ok,-0.514181326194249,-2.0,1.4858186738057508,1.648961215018062,,,,,,,,,,,,,,,,,
base__seed_101__v_p6d7__snr_p30__delay_m2ns,base,101,-2.0,6.7,30.0,level2,gcc_phat,ok,-0.1178600641606655,-2.0,1.8821399358393345,1.5134319240169134,,,,,,,,,,,,,,,,,
base__seed_101__v_p6d7__snr_p30__delay_m2ns,base,101,-2.0,6.7,30.0,level2,oversampled_cross_correlation,ok,-0.4834125706757781,-2.0,1.5165874293242219,1.6856498999986798,,,,,,,,,,,,,,,,,
base__seed_101__v_p6d7__snr_p30__delay_p4ns,base,101,4.0,6.7,30.0,level2,D1_ordinary_LS,ok,3.1646591819903485,4.0,-0.8353408180096515,0.00020924501586705446,,,,,,,,,,,,,,,,,
base__seed_101__v_p6d7__snr_p30__delay_p4ns,base,101,4.0,6.7,30.0,level2,D2_weighted_LS,ok,3.183373693039725,4.0,-0.8166263069602748,0.00013947300612926483,,,,,,,,,,,,,,,,,
base__seed_101__v_p6d7__snr_p30__delay_p4ns,base,101,4.0,6.7,30.0,level2,D3_Huber_weighted_LS,ok,3.1823213380139537,4.0,-0.8176786619860463,0.0012278850190341473,,,,,,,,,,,,,,,,,
base__seed_101__v_p6d7__snr_p30__delay_p4ns,base,101,4.0,6.7,30.0,level2,D4_generalized_phase_slope_ML,ok,3.6530312651995414,4.0,-0.34696873480045864,1.0473860509810038,,,,,,,,,,,,,,,,,
base__seed_101__v_p6d7__snr_p30__delay_p4ns,base,101,4.0,6.7,30.0,level2,cross_correlation,ok,1.0524996471292734,4.0,-2.9475003528707266,1.1656443219981156,,,,,,,,,,,,,,,,,
base__seed_101__v_p6d7__snr_p30__delay_p4ns,base,101,4.0,6.7,30.0,level2,gcc_phat,ok,0.08480339096996876,4.0,-3.915196609030031,1.9468494250031654,,,,,,,,,,,,,,,,,
base__seed_101__v_p6d7__snr_p30__delay_p4ns,base,101,4.0,6.7,30.0,level2,oversampled_cross_correlation,ok,0.7405825054941746,4.0,-3.2594174945058256,1.2960959699994419,,,,,,,,,,,,,,,,,
base__seed_101__v_p6d7__snr_p30__delay_m4ns,base,101,-4.0,6.7,30.0,level2,D1_ordinary_LS,ok,-0.2537879738733125,-4.0,3.7462120261266874,0.23600854101823643,,,,,,,,,,,,,,,,,
base__seed_101__v_p6d7__snr_p30__delay_m4ns,base,101,-4.0,6.7,30.0,level2,D2_weighted_LS,ok,-0.2945186557531431,-4.0,3.705481344246857,0.0003205729881301522,,,,,,,,,,,,,,,,,
base__seed_101__v_p6d7__snr_p30__delay_m4ns,base,101,-4.0,6.7,30.0,level2,D3_Huber_weighted_LS,ok,-0.38910501145759807,-4.0,3.6108949885424018,0.05971577699529007,,,,,,,,,,,,,,,,,
base__seed_101__v_p6d7__snr_p30__delay_m4ns,base,101,-4.0,6.7,30.0,level2,D4_generalized_phase_slope_ML,ok,3.379558683301782,-4.0,7.3795586833017826,1.3355166609981097,,,,,,,,,,,,,,,,,
base__seed_101__v_p6d7__snr_p30__delay_m4ns,base,101,-4.0,6.7,30.0,level2,cross_correlation,ok,-1.107789895955872,-4.0,2.892210104044128,4.9100983449898195,,,,,,,,,,,,,,,,,
base__seed_101__v_p6d7__snr_p30__delay_m4ns,base,101,-4.0,6.7,30.0,level2,gcc_phat,ok,-0.10892032825068193,-4.0,3.891079671749318,1.9965382230002433,,,,,,,,,,,,,,,,,
base__seed_101__v_p6d7__snr_p30__delay_m4ns,base,101,-4.0,6.7,30.0,level2,oversampled_cross_correlation,ok,-0.7839099208190118,-4.0,3.2160900791809883,1.2955793740111403,,,,,,,,,,,,,,,,,
base__seed_101__v_p6d7__snr_p30__delay_p8ns,base,101,8.0,6.7,30.0,level2,D1_ordinary_LS,ok,5.922807242942102,8.0,-2.0771927570578983,0.001708536990918219,,,,,,,,,,,,,,,,,
base__seed_101__v_p6d7__snr_p30__delay_p8ns,base,101,8.0,6.7,30.0,level2,D2_weighted_LS,ok,5.913071873700761,8.0,-2.086928126299239,0.00024472500081174076,,,,,,,,,,,,,,,,,
base__seed_101__v_p6d7__snr_p30__delay_p8ns,base,101,8.0,6.7,30.0,level2,D3_Huber_weighted_LS,ok,5.884241046931248,8.0,-2.1157589530687524,0.001327619975199923,,,,,,,,,,,,,,,,,
base__seed_101__v_p6d7__snr_p30__delay_p8ns,base,101,8.0,6.7,30.0,level2,D4_generalized_phase_slope_ML,ok,6.054107536827424,8.0,-1.9458924631725756,1.139298508001957,,,,,,,,,,,,,,,,,
base__seed_101__v_p6d7__snr_p30__delay_p8ns,base,101,8.0,6.7,30.0,level2,cross_correlation,ok,2.5725344363738634,8.0,-5.427465563626137,6.49050656700274,,,,,,,,,,,,,,,,,
base__seed_101__v_p6d7__snr_p30__delay_p8ns,base,101,8.0,6.7,30.0,level2,gcc_phat,ok,0.3850000405683121,8.0,-7.614999959431688,1.6071225949854124,,,,,,,,,,,,,,,,,
base__seed_101__v_p6d7__snr_p30__delay_p8ns,base,101,8.0,6.7,30.0,level2,oversampled_cross_correlation,ok,0.5629600556268071,8.0,-7.437039944373193,1.387873967003543,,,,,,,,,,,,,,,,,
base__seed_101__v_p6d7__snr_p30__delay_m8ns,base,101,-8.0,6.7,30.0,level2,D1_ordinary_LS,ok,-2.0788005693215172,-8.0,5.921199430678483,0.0005590829823631793,,,,,,,,,,,,,,,,,
base__seed_101__v_p6d7__snr_p30__delay_m8ns,base,101,-8.0,6.7,30.0,level2,D2_weighted_LS,ok,-2.1701257329777603,-8.0,5.829874267022239,0.0001427569950465113,,,,,,,,,,,,,,,,,
base__seed_101__v_p6d7__snr_p30__delay_m8ns,base,101,-8.0,6.7,30.0,level2,D3_Huber_weighted_LS,ok,-2.2232137363653353,-8.0,5.776786263634665,0.0013036649907007813,,,,,,,,,,,,,,,,,
base__seed_101__v_p6d7__snr_p30__delay_m8ns,base,101,-8.0,6.7,30.0,level2,D4_generalized_phase_slope_ML,ok,9.539477195003183,-8.0,17.539477195003183,1.1242432430153713,,,,,,,,,,,,,,,,,
base__seed_101__v_p6d7__snr_p30__delay_m8ns,base,101,-8.0,6.7,30.0,level2,cross_correlation,ok,-2.6174358664065633,-8.0,5.382564133593437,1.096133220999036,,,,,,,,,,,,,,,,,
base__seed_101__v_p6d7__snr_p30__delay_m8ns,base,101,-8.0,6.7,30.0,level2,gcc_phat,ok,-0.40874308204278376,-8.0,7.5912569179572165,1.5779008630197495,,,,,,,,,,,,,,,,,
base__seed_101__v_p6d7__snr_p30__delay_m8ns,base,101,-8.0,6.7,30.0,level2,oversampled_cross_correlation,ok,-0.5936862683673433,-8.0,7.406313731632657,1.1162398809974547,,,,,,,,,,,,,,,,,
base__seed_101__v_p6d7__snr_p35__delay_p0ns,base,101,0.0,6.7,35.0,level2,D1_ordinary_LS,ok,-0.029635960372710345,0.0,-0.029635960372710345,0.00024500497966073453,,,,,,,,,,,,,,,,,
base__seed_101__v_p6d7__snr_p35__delay_p0ns,base,101,0.0,6.7,35.0,level2,D2_weighted_LS,ok,-0.007020225075362978,0.0,-0.007020225075362978,0.0001639889960642904,,,,,,,,,,,,,,,,,
base__seed_101__v_p6d7__snr_p35__delay_p0ns,base,101,0.0,6.7,35.0,level2,D3_Huber_weighted_LS,ok,-0.028130307937299665,0.0,-0.028130307937299665,0.0012974489945918322,,,,,,,,,,,,,,,,,
base__seed_101__v_p6d7__snr_p35__delay_p0ns,base,101,0.0,6.7,35.0,level2,D4_generalized_phase_slope_ML,ok,0.0711305929666599,0.0,0.0711305929666599,1.2099875029816758,,,,,,,,,,,,,,,,,
base__seed_101__v_p6d7__snr_p35__delay_p0ns,base,101,0.0,6.7,35.0,level2,cross_correlation,ok,-0.02662150568326747,0.0,-0.02662150568326747,1.1282257710117847,,,,,,,,,,,,,,,,,
base__seed_101__v_p6d7__snr_p35__delay_p0ns,base,101,0.0,6.7,35.0,level2,gcc_phat,ok,-0.02412623344305109,0.0,-0.02412623344305109,1.5991477490169927,,,,,,,,,,,,,,,,,
base__seed_101__v_p6d7__snr_p35__delay_p0ns,base,101,0.0,6.7,35.0,level2,oversampled_cross_correlation,ok,-0.02276802418292997,0.0,-0.02276802418292997,1.1244404249882791,,,,,,,,,,,,,,,,,
base__seed_101__v_p6d7__snr_p35__delay_p1ns,base,101,1.0,6.7,35.0,level2,D1_ordinary_LS,ok,0.8610374147365133,1.0,-0.1389625852634867,0.00020184298045933247,,,,,,,,,,,,,,,,,
base__seed_101__v_p6d7__snr_p35__delay_p1ns,base,101,1.0,6.7,35.0,level2,D2_weighted_LS,ok,0.8812875822992559,1.0,-0.11871241770074414,0.00013067401596345007,,,,,,,,,,,,,,,,,
base__seed_101__v_p6d7__snr_p35__delay_p1ns,base,101,1.0,6.7,35.0,level2,D3_Huber_weighted_LS,ok,0.8639455192566396,1.0,-0.13605448074336035,0.0012211829889565706,,,,,,,,,,,,,,,,,
base__seed_101__v_p6d7__snr_p35__delay_p1ns,base,101,1.0,6.7,35.0,level2,D4_generalized_phase_slope_ML,ok,1.0582042513959131,1.0,0.05820425139591312,1.0635610609897412,,,,,,,,,,,,,,,,,
base__seed_101__v_p6d7__snr_p35__delay_p1ns,base,101,1.0,6.7,35.0,level2,cross_correlation,ok,0.20170346627866306,1.0,-0.7982965337213369,1.0811219250026625,,,,,,,,,,,,,,,,,
base__seed_101__v_p6d7__snr_p35__delay_p1ns,base,101,1.0,6.7,35.0,level2,gcc_phat,ok,0.07171552122068187,1.0,-0.9282844787793181,1.5720196980109904,,,,,,,,,,,,,,,,,
base__seed_101__v_p6d7__snr_p35__delay_p1ns,base,101,1.0,6.7,35.0,level2,oversampled_cross_correlation,ok,0.22338256670855489,1.0,-0.7766174332914451,1.1169938239909243,,,,,,,,,,,,,,,,,
base__seed_101__v_p6d7__snr_p35__delay_m1ns,base,101,-1.0,6.7,35.0,level2,D1_ordinary_LS,ok,0.0788048195392907,-1.0,1.0788048195392907,0.00020427399431355298,,,,,,,,,,,,,,,,,
base__seed_101__v_p6d7__snr_p35__delay_m1ns,base,101,-1.0,6.7,35.0,level2,D2_weighted_LS,ok,0.09555661996197672,-1.0,1.0955566199619766,0.00014107199967838824,,,,,,,,,,,,,,,,,
base__seed_101__v_p6d7__snr_p35__delay_m1ns,base,101,-1.0,6.7,35.0,level2,D3_Huber_weighted_LS,ok,0.08113085891771028,-1.0,1.0811308589177102,0.0012171939888503402,,,,,,,,,,,,,,,,,
base__seed_101__v_p6d7__snr_p35__delay_m1ns,base,101,-1.0,6.7,35.0,level2,D4_generalized_phase_slope_ML,ok,0.7207740127090057,-1.0,1.7207740127090057,1.080866447999142,,,,,,,,,,,,,,,,,
base__seed_101__v_p6d7__snr_p35__delay_m1ns,base,101,-1.0,6.7,35.0,level2,cross_correlation,ok,-0.2566272341463842,-1.0,0.7433727658536158,1.1121638859913219,,,,,,,,,,,,,,,,,
base__seed_101__v_p6d7__snr_p35__delay_m1ns,base,101,-1.0,6.7,35.0,level2,gcc_phat,ok,-0.11137507845594549,-1.0,0.8886249215440545,1.599454732000595,,,,,,,,,,,,,,,,,
base__seed_101__v_p6d7__snr_p35__delay_m1ns,base,101,-1.0,6.7,35.0,level2,oversampled_cross_correlation,ok,-0.2689992659898315,-1.0,0.7310007340101685,1.0885372619959526,,,,,,,,,,,,,,,,,
base__seed_101__v_p6d7__snr_p35__delay_p2ns,base,101,2.0,6.7,35.0,level2,D1_ordinary_LS,ok,1.7105058733975447,2.0,-0.2894941266024553,0.05270381300942972,,,,,,,,,,,,,,,,,
base__seed_101__v_p6d7__snr_p35__delay_p2ns,base,101,2.0,6.7,35.0,level2,D2_weighted_LS,ok,1.7279997384835428,2.0,-0.2720002615164572,0.00018367500160820782,,,,,,,,,,,,,,,,,
base__seed_101__v_p6d7__snr_p35__delay_p2ns,base,101,2.0,6.7,35.0,level2,D3_Huber_weighted_LS,ok,1.7166844941142378,2.0,-0.28331550588576215,0.0014580139832105488,,,,,,,,,,,,,,,,,
base__seed_101__v_p6d7__snr_p35__delay_p2ns,base,101,2.0,6.7,35.0,level2,D4_generalized_phase_slope_ML,ok,1.9936711526879245,2.0,-0.006328847312075503,1.120696415018756,,,,,,,,,,,,,,,,,
base__seed_101__v_p6d7__snr_p35__delay_p2ns,base,101,2.0,6.7,35.0,level2,cross_correlation,ok,0.4583676392380304,2.0,-1.5416323607619695,1.0983268880227115,,,,,,,,,,,,,,,,,
base__seed_101__v_p6d7__snr_p35__delay_p2ns,base,101,2.0,6.7,35.0,level2,gcc_phat,ok,0.08890856969654572,2.0,-1.9110914303034543,1.5667956199904438,,,,,,,,,,,,,,,,,
base__seed_101__v_p6d7__snr_p35__delay_p2ns,base,101,2.0,6.7,35.0,level2,oversampled_cross_correlation,ok,0.4380715697662578,2.0,-1.5619284302337422,1.198175238998374,,,,,,,,,,,,,,,,,
base__seed_101__v_p6d7__snr_p35__delay_m2ns,base,101,-2.0,6.7,35.0,level2,D1_ordinary_LS,ok,0.10979095974564741,-2.0,2.1097909597456472,0.0003439580032136291,,,,,,,,,,,,,,,,,
base__seed_101__v_p6d7__snr_p35__delay_m2ns,base,101,-2.0,6.7,35.0,level2,D2_weighted_LS,ok,0.10931993513096394,-2.0,2.109319935130964,0.00013053001021035016,,,,,,,,,,,,,,,,,
base__seed_101__v_p6d7__snr_p35__delay_m2ns,base,101,-2.0,6.7,35.0,level2,D3_Huber_weighted_LS,ok,0.10230710433891471,-2.0,2.1023071043389145,0.0012365709990262985,,,,,,,,,,,,,,,,,
base__seed_101__v_p6d7__snr_p35__delay_m2ns,base,101,-2.0,6.7,35.0,level2,D4_generalized_phase_slope_ML,ok,1.4705753995938773,-2.0,3.4705753995938773,1.1217084029922262,,,,,,,,,,,,,,,,,
base__seed_101__v_p6d7__snr_p35__delay_m2ns,base,101,-2.0,6.7,35.0,level2,cross_correlation,ok,-0.514181326194249,-2.0,1.4858186738057508,1.1339273120102007,,,,,,,,,,,,,,,,,
base__seed_101__v_p6d7__snr_p35__delay_m2ns,base,101,-2.0,6.7,35.0,level2,gcc_phat,ok,-0.1178600641606655,-2.0,1.8821399358393345,1.569818972988287,,,,,,,,,,,,,,,,,
base__seed_101__v_p6d7__snr_p35__delay_m2ns,base,101,-2.0,6.7,35.0,level2,oversampled_cross_correlation,ok,-0.4834125706757781,-2.0,1.5165874293242219,1.137940647022333,,,,,,,,,,,,,,,,,
base__seed_101__v_p6d7__snr_p35__delay_p4ns,base,101,4.0,6.7,35.0,level2,D1_ordinary_LS,ok,3.1646591819903485,4.0,-0.8353408180096515,0.0612756049958989,,,,,,,,,,,,,,,,,
base__seed_101__v_p6d7__snr_p35__delay_p4ns,base,101,4.0,6.7,35.0,level2,D2_weighted_LS,ok,3.183373693039725,4.0,-0.8166263069602748,0.00017383098020218313,,,,,,,,,,,,,,,,,
base__seed_101__v_p6d7__snr_p35__delay_p4ns,base,101,4.0,6.7,35.0,level2,D3_Huber_weighted_LS,ok,3.1823213380139537,4.0,-0.8176786619860463,0.0013436440203804523,,,,,,,,,,,,,,,,,
base__seed_101__v_p6d7__snr_p35__delay_p4ns,base,101,4.0,6.7,35.0,level2,D4_generalized_phase_slope_ML,ok,3.6530312651995414,4.0,-0.34696873480045864,1.1611951919912826,,,,,,,,,,,,,,,,,
base__seed_101__v_p6d7__snr_p35__delay_p4ns,base,101,4.0,6.7,35.0,level2,cross_correlation,ok,1.0524996471292734,4.0,-2.9475003528707266,1.1266962889931165,,,,,,,,,,,,,,,,,
base__seed_101__v_p6d7__snr_p35__delay_p4ns,base,101,4.0,6.7,35.0,level2,gcc_phat,ok,0.08480339096996876,4.0,-3.915196609030031,1.630859878991032,,,,,,,,,,,,,,,,,
base__seed_101__v_p6d7__snr_p35__delay_p4ns,base,101,4.0,6.7,35.0,level2,oversampled_cross_correlation,ok,0.7405825054941746,4.0,-3.2594174945058256,1.1955580900248606,,,,,,,,,,,,,,,,,
base__seed_101__v_p6d7__snr_p35__delay_m4ns,base,101,-4.0,6.7,35.0,level2,D1_ordinary_LS,ok,-0.2537879738733125,-4.0,3.7462120261266874,0.0021458339761011302,,,,,,,,,,,,,,,,,
base__seed_101__v_p6d7__snr_p35__delay_m4ns,base,101,-4.0,6.7,35.0,level2,D2_weighted_LS,ok,-0.2945186557531431,-4.0,3.705481344246857,0.0001629370090086013,,,,,,,,,,,,,,,,,
base__seed_101__v_p6d7__snr_p35__delay_m4ns,base,101,-4.0,6.7,35.0,level2,D3_Huber_weighted_LS,ok,-0.38910501145759807,-4.0,3.6108949885424018,0.0014408689748961478,,,,,,,,,,,,,,,,,
base__seed_101__v_p6d7__snr_p35__delay_m4ns,base,101,-4.0,6.7,35.0,level2,D4_generalized_phase_slope_ML,ok,3.379558683301782,-4.0,7.3795586833017826,1.1320076120027807,,,,,,,,,,,,,,,,,
base__seed_101__v_p6d7__snr_p35__delay_m4ns,base,101,-4.0,6.7,35.0,level2,cross_correlation,ok,-1.107789895955872,-4.0,2.892210104044128,1.0844636529800482,,,,,,,,,,,,,,,,,
base__seed_101__v_p6d7__snr_p35__delay_m4ns,base,101,-4.0,6.7,35.0,level2,gcc_phat,ok,-0.10892032825068193,-4.0,3.891079671749318,1.5331051209941506,,,,,,,,,,,,,,,,,
base__seed_101__v_p6d7__snr_p35__delay_m4ns,base,101,-4.0,6.7,35.0,level2,oversampled_cross_correlation,ok,-0.7839099208190118,-4.0,3.2160900791809883,1.119553109019762,,,,,,,,,,,,,,,,,
base__seed_101__v_p6d7__snr_p35__delay_p8ns,base,101,8.0,6.7,35.0,level2,D1_ordinary_LS,ok,5.922807242942102,8.0,-2.0771927570578983,0.0002522630093153566,,,,,,,,,,,,,,,,,
base__seed_101__v_p6d7__snr_p35__delay_p8ns,base,101,8.0,6.7,35.0,level2,D2_weighted_LS,ok,5.913071873700761,8.0,-2.086928126299239,0.00016175000928342342,,,,,,,,,,,,,,,,,
base__seed_101__v_p6d7__snr_p35__delay_p8ns,base,101,8.0,6.7,35.0,level2,D3_Huber_weighted_LS,ok,5.884241046931248,8.0,-2.1157589530687524,0.040087836008751765,,,,,,,,,,,,,,,,,
base__seed_101__v_p6d7__snr_p35__delay_p8ns,base,101,8.0,6.7,35.0,level2,D4_generalized_phase_slope_ML,ok,6.054107536827424,8.0,-1.9458924631725756,1.1374218059936538,,,,,,,,,,,,,,,,,
base__seed_101__v_p6d7__snr_p35__delay_p8ns,base,101,8.0,6.7,35.0,level2,cross_correlation,ok,2.5725344363738634,8.0,-5.427465563626137,1.1019780979841016,,,,,,,,,,,,,,,,,
base__seed_101__v_p6d7__snr_p35__delay_p8ns,base,101,8.0,6.7,35.0,level2,gcc_phat,ok,0.3850000405683121,8.0,-7.614999959431688,1.2952826470136642,,,,,,,,,,,,,,,,,
base__seed_101__v_p6d7__snr_p35__delay_p8ns,base,101,8.0,6.7,35.0,level2,oversampled_cross_correlation,ok,0.5629600556268071,8.0,-7.437039944373193,1.1407848509843461,,,,,,,,,,,,,,,,,
base__seed_101__v_p6d7__snr_p35__delay_m8ns,base,101,-8.0,6.7,35.0,level2,D1_ordinary_LS,ok,-2.0788005693215172,-8.0,5.921199430678483,0.000707064988091588,,,,,,,,,,,,,,,,,
base__seed_101__v_p6d7__snr_p35__delay_m8ns,base,101,-8.0,6.7,35.0,level2,D2_weighted_LS,ok,-2.1701257329777603,-8.0,5.829874267022239,0.00013088100240565836,,,,,,,,,,,,,,,,,
base__seed_101__v_p6d7__snr_p35__delay_m8ns,base,101,-8.0,6.7,35.0,level2,D3_Huber_weighted_LS,ok,-2.2232137363653353,-8.0,5.776786263634665,0.0012357580126263201,,,,,,,,,,,,,,,,,
base__seed_101__v_p6d7__snr_p35__delay_m8ns,base,101,-8.0,6.7,35.0,level2,D4_generalized_phase_slope_ML,ok,9.539477195003183,-8.0,17.539477195003183,1.098071494983742,,,,,,,,,,,,,,,,,
base__seed_101__v_p6d7__snr_p35__delay_m8ns,base,101,-8.0,6.7,35.0,level2,cross_correlation,ok,-2.6174358664065633,-8.0,5.382564133593437,1.0898443050100468,,,,,,,,,,,,,,,,,
base__seed_101__v_p6d7__snr_p35__delay_m8ns,base,101,-8.0,6.7,35.0,level2,gcc_phat,ok,-0.40874308204278376,-8.0,7.5912569179572165,1.3439171189966146,,,,,,,,,,,,,,,,,
base__seed_101__v_p6d7__snr_p35__delay_m8ns,base,101,-8.0,6.7,35.0,level2,oversampled_cross_correlation,ok,-0.5936862683673433,-8.0,7.406313731632657,1.1345109889807645,,,,,,,,,,,,,,,,,
base__seed_101__v_p12__snr_p30__delay_p0ns,base,101,0.0,12.0,30.0,level2,D1_ordinary_LS,ok,-0.029635960372710345,0.0,-0.029635960372710345,0.0005656399880535901,,,,,,,,,,,,,,,,,
base__seed_101__v_p12__snr_p30__delay_p0ns,base,101,0.0,12.0,30.0,level2,D2_weighted_LS,ok,-0.007020225075362978,0.0,-0.007020225075362978,0.00014715499128215015,,,,,,,,,,,,,,,,,
base__seed_101__v_p12__snr_p30__delay_p0ns,base,101,0.0,12.0,30.0,level2,D3_Huber_weighted_LS,ok,-0.028130307937299665,0.0,-0.028130307937299665,0.0012435829848982394,,,,,,,,,,,,,,,,,
base__seed_101__v_p12__snr_p30__delay_p0ns,base,101,0.0,12.0,30.0,level2,D4_generalized_phase_slope_ML,ok,0.0711305929666599,0.0,0.0711305929666599,1.1389531629974954,,,,,,,,,,,,,,,,,
base__seed_101__v_p12__snr_p30__delay_p0ns,base,101,0.0,12.0,30.0,level2,cross_correlation,ok,-0.02662150568326747,0.0,-0.02662150568326747,1.1015391839900985,,,,,,,,,,,,,,,,,
base__seed_101__v_p12__snr_p30__delay_p0ns,base,101,0.0,12.0,30.0,level2,gcc_phat,ok,-0.02412623344305109,0.0,-0.02412623344305109,1.453987907996634,,,,,,,,,,,,,,,,,
base__seed_101__v_p12__snr_p30__delay_p0ns,base,101,0.0,12.0,30.0,level2,oversampled_cross_correlation,ok,-0.02276802418292997,0.0,-0.02276802418292997,1.127058860991383,,,,,,,,,,,,,,,,,
base__seed_101__v_p12__snr_p30__delay_p1ns,base,101,1.0,12.0,30.0,level2,D1_ordinary_LS,ok,0.8610374147365133,1.0,-0.1389625852634867,0.0781531099928543,,,,,,,,,,,,,,,,,
base__seed_101__v_p12__snr_p30__delay_p1ns,base,101,1.0,12.0,30.0,level2,D2_weighted_LS,ok,0.8812875822992559,1.0,-0.11871241770074414,0.0002333379816263914,,,,,,,,,,,,,,,,,
base__seed_101__v_p12__snr_p30__delay_p1ns,base,101,1.0,12.0,30.0,level2,D3_Huber_weighted_LS,ok,0.8639455192566396,1.0,-0.13605448074336035,0.0020494779746513814,,,,,,,,,,,,,,,,,
base__seed_101__v_p12__snr_p30__delay_p1ns,base,101,1.0,12.0,30.0,level2,D4_generalized_phase_slope_ML,ok,1.0582042513959131,1.0,0.05820425139591312,1.1568551399977878,,,,,,,,,,,,,,,,,
base__seed_101__v_p12__snr_p30__delay_p1ns,base,101,1.0,12.0,30.0,level2,cross_correlation,ok,0.20170346627866306,1.0,-0.7982965337213369,1.156868702993961,,,,,,,,,,,,,,,,,
base__seed_101__v_p12__snr_p30__delay_p1ns,base,101,1.0,12.0,30.0,level2,gcc_phat,ok,0.07171552122068187,1.0,-0.9282844787793181,1.3723141069931444,,,,,,,,,,,,,,,,,
base__seed_101__v_p12__snr_p30__delay_p1ns,base,101,1.0,12.0,30.0,level2,oversampled_cross_correlation,ok,0.22338256670855489,1.0,-0.7766174332914451,1.1047055440139957,,,,,,,,,,,,,,,,,
base__seed_101__v_p12__snr_p30__delay_m1ns,base,101,-1.0,12.0,30.0,level2,D1_ordinary_LS,ok,0.0788048195392907,-1.0,1.0788048195392907,0.0006673290045000613,,,,,,,,,,,,,,,,,
base__seed_101__v_p12__snr_p30__delay_m1ns,base,101,-1.0,12.0,30.0,level2,D2_weighted_LS,ok,0.09555661996197672,-1.0,1.0955566199619766,0.00019827799405902624,,,,,,,,,,,,,,,,,
base__seed_101__v_p12__snr_p30__delay_m1ns,base,101,-1.0,12.0,30.0,level2,D3_Huber_weighted_LS,ok,0.08113085891771028,-1.0,1.0811308589177102,0.0017618060228414834,,,,,,,,,,,,,,,,,
base__seed_101__v_p12__snr_p30__delay_m1ns,base,101,-1.0,12.0,30.0,level2,D4_generalized_phase_slope_ML,ok,0.7207740127090057,-1.0,1.7207740127090057,1.1601223629841115,,,,,,,,,,,,,,,,,
base__seed_101__v_p12__snr_p30__delay_m1ns,base,101,-1.0,12.0,30.0,level2,cross_correlation,ok,-0.2566272341463842,-1.0,0.7433727658536158,1.1564504169800784,,,,,,,,,,,,,,,,,
base__seed_101__v_p12__snr_p30__delay_m1ns,base,101,-1.0,12.0,30.0,level2,gcc_phat,ok,-0.11137507845594549,-1.0,0.8886249215440545,1.5191941519733518,,,,,,,,,,,,,,,,,
base__seed_101__v_p12__snr_p30__delay_m1ns,base,101,-1.0,12.0,30.0,level2,oversampled_cross_correlation,ok,-0.2689992659898315,-1.0,0.7310007340101685,1.1476488809857983,,,,,,,,,,,,,,,,,
base__seed_101__v_p12__snr_p30__delay_p2ns,base,101,2.0,12.0,30.0,level2,D1_ordinary_LS,ok,1.7105058733975447,2.0,-0.2894941266024553,0.0005184999899938703,,,,,,,,,,,,,,,,,
base__seed_101__v_p12__snr_p30__delay_p2ns,base,101,2.0,12.0,30.0,level2,D2_weighted_LS,ok,1.7279997384835428,2.0,-0.2720002615164572,0.00015979600721038878,,,,,,,,,,,,,,,,,
base__seed_101__v_p12__snr_p30__delay_p2ns,base,101,2.0,12.0,30.0,level2,D3_Huber_weighted_LS,ok,1.7166844941142378,2.0,-0.28331550588576215,0.0012274549808353186,,,,,,,,,,,,,,,,,
base__seed_101__v_p12__snr_p30__delay_p2ns,base,101,2.0,12.0,30.0,level2,D4_generalized_phase_slope_ML,ok,1.9936711526879245,2.0,-0.006328847312075503,1.146395539981313,,,,,,,,,,,,,,,,,
base__seed_101__v_p12__snr_p30__delay_p2ns,base,101,2.0,12.0,30.0,level2,cross_correlation,ok,0.4583676392380304,2.0,-1.5416323607619695,1.1152569569821935,,,,,,,,,,,,,,,,,
base__seed_101__v_p12__snr_p30__delay_p2ns,base,101,2.0,12.0,30.0,level2,gcc_phat,ok,0.08890856969654572,2.0,-1.9110914303034543,1.7956225459929556,,,,,,,,,,,,,,,,,
base__seed_101__v_p12__snr_p30__delay_p2ns,base,101,2.0,12.0,30.0,level2,oversampled_cross_correlation,ok,0.4380715697662578,2.0,-1.5619284302337422,1.1238988139957655,,,,,,,,,,,,,,,,,
base__seed_101__v_p12__snr_p30__delay_m2ns,base,101,-2.0,12.0,30.0,level2,D1_ordinary_LS,ok,0.10979095974564741,-2.0,2.1097909597456472,0.0006978519959375262,,,,,,,,,,,,,,,,,
base__seed_101__v_p12__snr_p30__delay_m2ns,base,101,-2.0,12.0,30.0,level2,D2_weighted_LS,ok,0.10931993513096394,-2.0,2.109319935130964,0.0001420560001861304,,,,,,,,,,,,,,,,,
base__seed_101__v_p12__snr_p30__delay_m2ns,base,101,-2.0,12.0,30.0,level2,D3_Huber_weighted_LS,ok,0.10230710433891471,-2.0,2.1023071043389145,0.0015035379910841584,,,,,,,,,,,,,,,,,
base__seed_101__v_p12__snr_p30__delay_m2ns,base,101,-2.0,12.0,30.0,level2,D4_generalized_phase_slope_ML,ok,1.4705753995938773,-2.0,3.4705753995938773,1.1214162650285289,,,,,,,,,,,,,,,,,
base__seed_101__v_p12__snr_p30__delay_m2ns,base,101,-2.0,12.0,30.0,level2,cross_correlation,ok,-0.514181326194249,-2.0,1.4858186738057508,1.099272410996491,,,,,,,,,,,,,,,,,
base__seed_101__v_p12__snr_p30__delay_m2ns,base,101,-2.0,12.0,30.0,level2,gcc_phat,ok,-0.1178600641606655,-2.0,1.8821399358393345,1.6586902059789281,,,,,,,,,,,,,,,,,
base__seed_101__v_p12__snr_p30__delay_m2ns,base,101,-2.0,12.0,30.0,level2,oversampled_cross_correlation,ok,-0.4834125706757781,-2.0,1.5165874293242219,1.1163896140060388,,,,,,,,,,,,,,,,,
base__seed_101__v_p12__snr_p30__delay_p4ns,base,101,4.0,12.0,30.0,level2,D1_ordinary_LS,ok,3.1646591819903485,4.0,-0.8353408180096515,0.0004976869968231767,,,,,,,,,,,,,,,,,
base__seed_101__v_p12__snr_p30__delay_p4ns,base,101,4.0,12.0,30.0,level2,D2_weighted_LS,ok,3.183373693039725,4.0,-0.8166263069602748,0.00014743499923497438,,,,,,,,,,,,,,,,,
base__seed_101__v_p12__snr_p30__delay_p4ns,base,101,4.0,12.0,30.0,level2,D3_Huber_weighted_LS,ok,3.1823213380139537,4.0,-0.8176786619860463,0.0012722940009552985,,,,,,,,,,,,,,,,,
base__seed_101__v_p12__snr_p30__delay_p4ns,base,101,4.0,12.0,30.0,level2,D4_generalized_phase_slope_ML,ok,3.6530312651995414,4.0,-0.34696873480045864,1.0717314950015862,,,,,,,,,,,,,,,,,
base__seed_101__v_p12__snr_p30__delay_p4ns,base,101,4.0,12.0,30.0,level2,cross_correlation,ok,1.0524996471292734,4.0,-2.9475003528707266,1.14760680301697,,,,,,,,,,,,,,,,,
base__seed_101__v_p12__snr_p30__delay_p4ns,base,101,4.0,12.0,30.0,level2,gcc_phat,ok,0.08480339096996876,4.0,-3.915196609030031,1.6225017140095588,,,,,,,,,,,,,,,,,
base__seed_101__v_p12__snr_p30__delay_p4ns,base,101,4.0,12.0,30.0,level2,oversampled_cross_correlation,ok,0.7405825054941746,4.0,-3.2594174945058256,1.0995959150022827,,,,,,,,,,,,,,,,,
base__seed_101__v_p12__snr_p30__delay_m4ns,base,101,-4.0,12.0,30.0,level2,D1_ordinary_LS,ok,-0.2537879738733125,-4.0,3.7462120261266874,0.0005528850015252829,,,,,,,,,,,,,,,,,
base__seed_101__v_p12__snr_p30__delay_m4ns,base,101,-4.0,12.0,30.0,level2,D2_weighted_LS,ok,-0.2945186557531431,-4.0,3.705481344246857,0.000138848990900442,,,,,,,,,,,,,,,,,
base__seed_101__v_p12__snr_p30__delay_m4ns,base,101,-4.0,12.0,30.0,level2,D3_Huber_weighted_LS,ok,-0.38910501145759807,-4.0,3.6108949885424018,0.001323263015365228,,,,,,,,,,,,,,,,,
base__seed_101__v_p12__snr_p30__delay_m4ns,base,101,-4.0,12.0,30.0,level2,D4_generalized_phase_slope_ML,ok,3.379558683301782,-4.0,7.3795586833017826,1.1688293360057287,,,,,,,,,,,,,,,,,
base__seed_101__v_p12__snr_p30__delay_m4ns,base,101,-4.0,12.0,30.0,level2,cross_correlation,ok,-1.107789895955872,-4.0,2.892210104044128,1.0668163579830434,,,,,,,,,,,,,,,,,
base__seed_101__v_p12__snr_p30__delay_m4ns,base,101,-4.0,12.0,30.0,level2,gcc_phat,ok,-0.10892032825068193,-4.0,3.891079671749318,1.653103822027333,,,,,,,,,,,,,,,,,
base__seed_101__v_p12__snr_p30__delay_m4ns,base,101,-4.0,12.0,30.0,level2,oversampled_cross_correlation,ok,-0.7839099208190118,-4.0,3.2160900791809883,1.1324665030115284,,,,,,,,,,,,,,,,,
base__seed_101__v_p12__snr_p30__delay_p8ns,base,101,8.0,12.0,30.0,level2,D1_ordinary_LS,ok,5.922807242942102,8.0,-2.0771927570578983,0.0005000079981982708,,,,,,,,,,,,,,,,,
base__seed_101__v_p12__snr_p30__delay_p8ns,base,101,8.0,12.0,30.0,level2,D2_weighted_LS,ok,5.913071873700761,8.0,-2.086928126299239,0.00013535600737668574,,,,,,,,,,,,,,,,,
base__seed_101__v_p12__snr_p30__delay_p8ns,base,101,8.0,12.0,30.0,level2,D3_Huber_weighted_LS,ok,5.884241046931248,8.0,-2.1157589530687524,0.0015951500099617988,,,,,,,,,,,,,,,,,
base__seed_101__v_p12__snr_p30__delay_p8ns,base,101,8.0,12.0,30.0,level2,D4_generalized_phase_slope_ML,ok,6.054107536827424,8.0,-1.9458924631725756,1.1135161909915041,,,,,,,,,,,,,,,,,
base__seed_101__v_p12__snr_p30__delay_p8ns,base,101,8.0,12.0,30.0,level2,cross_correlation,ok,2.5725344363738634,8.0,-5.427465563626137,1.089296096994076,,,,,,,,,,,,,,,,,
base__seed_101__v_p12__snr_p30__delay_p8ns,base,101,8.0,12.0,30.0,level2,gcc_phat,ok,0.3850000405683121,8.0,-7.614999959431688,1.7937628619838506,,,,,,,,,,,,,,,,,
base__seed_101__v_p12__snr_p30__delay_p8ns,base,101,8.0,12.0,30.0,level2,oversampled_cross_correlation,ok,0.5629600556268071,8.0,-7.437039944373193,1.1117931000189856,,,,,,,,,,,,,,,,,
base__seed_101__v_p12__snr_p30__delay_m8ns,base,101,-8.0,12.0,30.0,level2,D1_ordinary_LS,ok,-2.0788005693215172,-8.0,5.921199430678483,0.0005118779954500496,,,,,,,,,,,,,,,,,
base__seed_101__v_p12__snr_p30__delay_m8ns,base,101,-8.0,12.0,30.0,level2,D2_weighted_LS,ok,-2.1701257329777603,-8.0,5.829874267022239,0.00013800899614579976,,,,,,,,,,,,,,,,,
base__seed_101__v_p12__snr_p30__delay_m8ns,base,101,-8.0,12.0,30.0,level2,D3_Huber_weighted_LS,ok,-2.2232137363653353,-8.0,5.776786263634665,0.0012719779915641993,,,,,,,,,,,,,,,,,
base__seed_101__v_p12__snr_p30__delay_m8ns,base,101,-8.0,12.0,30.0,level2,D4_generalized_phase_slope_ML,ok,9.539477195003183,-8.0,17.539477195003183,1.0527773529756814,,,,,,,,,,,,,,,,,
base__seed_101__v_p12__snr_p30__delay_m8ns,base,101,-8.0,12.0,30.0,level2,cross_correlation,ok,-2.6174358664065633,-8.0,5.382564133593437,1.1170867889886722,,,,,,,,,,,,,,,,,
base__seed_101__v_p12__snr_p30__delay_m8ns,base,101,-8.0,12.0,30.0,level2,gcc_phat,ok,-0.40874308204278376,-8.0,7.5912569179572165,1.6673889679950662,,,,,,,,,,,,,,,,,
base__seed_101__v_p12__snr_p30__delay_m8ns,base,101,-8.0,12.0,30.0,level2,oversampled_cross_correlation,ok,-0.5936862683673433,-8.0,7.406313731632657,1.0964546280156355,,,,,,,,,,,,,,,,,
base__seed_101__v_p12__snr_p35__delay_p0ns,base,101,0.0,12.0,35.0,level2,D1_ordinary_LS,ok,-0.029635960372710345,0.0,-0.029635960372710345,0.0005076859961263835,,,,,,,,,,,,,,,,,
base__seed_101__v_p12__snr_p35__delay_p0ns,base,101,0.0,12.0,35.0,level2,D2_weighted_LS,ok,-0.007020225075362978,0.0,-0.007020225075362978,0.00013744999887421727,,,,,,,,,,,,,,,,,
base__seed_101__v_p12__snr_p35__delay_p0ns,base,101,0.0,12.0,35.0,level2,D3_Huber_weighted_LS,ok,-0.028130307937299665,0.0,-0.028130307937299665,0.00125143799232319,,,,,,,,,,,,,,,,,
base__seed_101__v_p12__snr_p35__delay_p0ns,base,101,0.0,12.0,35.0,level2,D4_generalized_phase_slope_ML,ok,0.0711305929666599,0.0,0.0711305929666599,1.1126051649916917,,,,,,,,,,,,,,,,,
base__seed_101__v_p12__snr_p35__delay_p0ns,base,101,0.0,12.0,35.0,level2,cross_correlation,ok,-0.02662150568326747,0.0,-0.02662150568326747,1.1416858960001264,,,,,,,,,,,,,,,,,
base__seed_101__v_p12__snr_p35__delay_p0ns,base,101,0.0,12.0,35.0,level2,gcc_phat,ok,-0.02412623344305109,0.0,-0.02412623344305109,1.6478520380042028,,,,,,,,,,,,,,,,,
base__seed_101__v_p12__snr_p35__delay_p0ns,base,101,0.0,12.0,35.0,level2,oversampled_cross_correlation,ok,-0.02276802418292997,0.0,-0.02276802418292997,1.1316541939741,,,,,,,,,,,,,,,,,
base__seed_101__v_p12__snr_p35__delay_p1ns,base,101,1.0,12.0,35.0,level2,D1_ordinary_LS,ok,0.8610374147365133,1.0,-0.1389625852634867,0.0004969970032107085,,,,,,,,,,,,,,,,,
base__seed_101__v_p12__snr_p35__delay_p1ns,base,101,1.0,12.0,35.0,level2,D2_weighted_LS,ok,0.8812875822992559,1.0,-0.11871241770074414,0.00013528400450013578,,,,,,,,,,,,,,,,,
base__seed_101__v_p12__snr_p35__delay_p1ns,base,101,1.0,12.0,35.0,level2,D3_Huber_weighted_LS,ok,0.8639455192566396,1.0,-0.13605448074336035,0.0013893729774281383,,,,,,,,,,,,,,,,,
base__seed_101__v_p12__snr_p35__delay_p1ns,base,101,1.0,12.0,35.0,level2,D4_generalized_phase_slope_ML,ok,1.0582042513959131,1.0,0.05820425139591312,1.1386689430219121,,,,,,,,,,,,,,,,,
base__seed_101__v_p12__snr_p35__delay_p1ns,base,101,1.0,12.0,35.0,level2,cross_correlation,ok,0.20170346627866306,1.0,-0.7982965337213369,1.091296433005482,,,,,,,,,,,,,,,,,
base__seed_101__v_p12__snr_p35__delay_p1ns,base,101,1.0,12.0,35.0,level2,gcc_phat,ok,0.07171552122068187,1.0,-0.9282844787793181,1.7161782050097827,,,,,,,,,,,,,,,,,
base__seed_101__v_p12__snr_p35__delay_p1ns,base,101,1.0,12.0,35.0,level2,oversampled_cross_correlation,ok,0.22338256670855489,1.0,-0.7766174332914451,1.1485711059940513,,,,,,,,,,,,,,,,,
base__seed_101__v_p12__snr_p35__delay_m1ns,base,101,-1.0,12.0,35.0,level2,D1_ordinary_LS,ok,0.0788048195392907,-1.0,1.0788048195392907,0.0001859889889601618,,,,,,,,,,,,,,,,,
base__seed_101__v_p12__snr_p35__delay_m1ns,base,101,-1.0,12.0,35.0,level2,D2_weighted_LS,ok,0.09555661996197672,-1.0,1.0955566199619766,0.00013095399481244385,,,,,,,,,,,,,,,,,
base__seed_101__v_p12__snr_p35__delay_m1ns,base,101,-1.0,12.0,35.0,level2,D3_Huber_weighted_LS,ok,0.08113085891771028,-1.0,1.0811308589177102,0.0015416250098496675,,,,,,,,,,,,,,,,,
base__seed_101__v_p12__snr_p35__delay_m1ns,base,101,-1.0,12.0,35.0,level2,D4_generalized_phase_slope_ML,ok,0.7207740127090057,-1.0,1.7207740127090057,1.0518608920101542,,,,,,,,,,,,,,,,,
base__seed_101__v_p12__snr_p35__delay_m1ns,base,101,-1.0,12.0,35.0,level2,cross_correlation,ok,-0.2566272341463842,-1.0,0.7433727658536158,1.1131332959921565,,,,,,,,,,,,,,,,,
base__seed_101__v_p12__snr_p35__delay_m1ns,base,101,-1.0,12.0,35.0,level2,gcc_phat,ok,-0.11137507845594549,-1.0,0.8886249215440545,1.69629586400697,,,,,,,,,,,,,,,,,
base__seed_101__v_p12__snr_p35__delay_m1ns,base,101,-1.0,12.0,35.0,level2,oversampled_cross_correlation,ok,-0.2689992659898315,-1.0,0.7310007340101685,1.1005242439860012,,,,,,,,,,,,,,,,,
base__seed_101__v_p12__snr_p35__delay_p2ns,base,101,2.0,12.0,35.0,level2,D1_ordinary_LS,ok,1.7105058733975447,2.0,-0.2894941266024553,0.00018703698879107833,,,,,,,,,,,,,,,,,
base__seed_101__v_p12__snr_p35__delay_p2ns,base,101,2.0,12.0,35.0,level2,D2_weighted_LS,ok,1.7279997384835428,2.0,-0.2720002615164572,0.00013647100422531366,,,,,,,,,,,,,,,,,
base__seed_101__v_p12__snr_p35__delay_p2ns,base,101,2.0,12.0,35.0,level2,D3_Huber_weighted_LS,ok,1.7166844941142378,2.0,-0.28331550588576215,0.0012869079946540296,,,,,,,,,,,,,,,,,
base__seed_101__v_p12__snr_p35__delay_p2ns,base,101,2.0,12.0,35.0,level2,D4_generalized_phase_slope_ML,ok,1.9936711526879245,2.0,-0.006328847312075503,1.1230861660151277,,,,,,,,,,,,,,,,,
base__seed_101__v_p12__snr_p35__delay_p2ns,base,101,2.0,12.0,35.0,level2,cross_correlation,ok,0.4583676392380304,2.0,-1.5416323607619695,1.1245964880217798,,,,,,,,,,,,,,,,,
base__seed_101__v_p12__snr_p35__delay_p2ns,base,101,2.0,12.0,35.0,level2,gcc_phat,ok,0.08890856969654572,2.0,-1.9110914303034543,1.7050103990186471,,,,,,,,,,,,,,,,,
base__seed_101__v_p12__snr_p35__delay_p2ns,base,101,2.0,12.0,35.0,level2,oversampled_cross_correlation,ok,0.4380715697662578,2.0,-1.5619284302337422,1.1299152769788634,,,,,,,,,,,,,,,,,
base__seed_101__v_p12__snr_p35__delay_m2ns,base,101,-2.0,12.0,35.0,level2,D1_ordinary_LS,ok,0.10979095974564741,-2.0,2.1097909597456472,0.00019995702314190567,,,,,,,,,,,,,,,,,
base__seed_101__v_p12__snr_p35__delay_m2ns,base,101,-2.0,12.0,35.0,level2,D2_weighted_LS,ok,0.10931993513096394,-2.0,2.109319935130964,0.00013598200166597962,,,,,,,,,,,,,,,,,
base__seed_101__v_p12__snr_p35__delay_m2ns,base,101,-2.0,12.0,35.0,level2,D3_Huber_weighted_LS,ok,0.10230710433891471,-2.0,2.1023071043389145,0.0013609390007331967,,,,,,,,,,,,,,,,,
base__seed_101__v_p12__snr_p35__delay_m2ns,base,101,-2.0,12.0,35.0,level2,D4_generalized_phase_slope_ML,ok,1.4705753995938773,-2.0,3.4705753995938773,1.1628253439848777,,,,,,,,,,,,,,,,,
base__seed_101__v_p12__snr_p35__delay_m2ns,base,101,-2.0,12.0,35.0,level2,cross_correlation,ok,-0.514181326194249,-2.0,1.4858186738057508,1.1396681329933926,,,,,,,,,,,,,,,,,
base__seed_101__v_p12__snr_p35__delay_m2ns,base,101,-2.0,12.0,35.0,level2,gcc_phat,ok,-0.1178600641606655,-2.0,1.8821399358393345,1.7325645420060027,,,,,,,,,,,,,,,,,
base__seed_101__v_p12__snr_p35__delay_m2ns,base,101,-2.0,12.0,35.0,level2,oversampled_cross_correlation,ok,-0.4834125706757781,-2.0,1.5165874293242219,1.1497707439993974,,,,,,,,,,,,,,,,,
base__seed_101__v_p12__snr_p35__delay_p4ns,base,101,4.0,12.0,35.0,level2,D1_ordinary_LS,ok,3.1646591819903485,4.0,-0.8353408180096515,0.0001825669896788895,,,,,,,,,,,,,,,,,
base__seed_101__v_p12__snr_p35__delay_p4ns,base,101,4.0,12.0,35.0,level2,D2_weighted_LS,ok,3.183373693039725,4.0,-0.8166263069602748,0.00013200100511312485,,,,,,,,,,,,,,,,,
base__seed_101__v_p12__snr_p35__delay_p4ns,base,101,4.0,12.0,35.0,level2,D3_Huber_weighted_LS,ok,3.1823213380139537,4.0,-0.8176786619860463,0.0012680480140261352,,,,,,,,,,,,,,,,,
base__seed_101__v_p12__snr_p35__delay_p4ns,base,101,4.0,12.0,35.0,level2,D4_generalized_phase_slope_ML,ok,3.6530312651995414,4.0,-0.34696873480045864,1.1507031450164504,,,,,,,,,,,,,,,,,
base__seed_101__v_p12__snr_p35__delay_p4ns,base,101,4.0,12.0,35.0,level2,cross_correlation,ok,1.0524996471292734,4.0,-2.9475003528707266,1.1191272900032345,,,,,,,,,,,,,,,,,
base__seed_101__v_p12__snr_p35__delay_p4ns,base,101,4.0,12.0,35.0,level2,gcc_phat,ok,0.08480339096996876,4.0,-3.915196609030031,1.7238015990005806,,,,,,,,,,,,,,,,,
base__seed_101__v_p12__snr_p35__delay_p4ns,base,101,4.0,12.0,35.0,level2,oversampled_cross_correlation,ok,0.7405825054941746,4.0,-3.2594174945058256,1.1288176230154932,,,,,,,,,,,,,,,,,
base__seed_101__v_p12__snr_p35__delay_m4ns,base,101,-4.0,12.0,35.0,level2,D1_ordinary_LS,ok,-0.2537879738733125,-4.0,3.7462120261266874,0.00017739800387062132,,,,,,,,,,,,,,,,,
base__seed_101__v_p12__snr_p35__delay_m4ns,base,101,-4.0,12.0,35.0,level2,D2_weighted_LS,ok,-0.2945186557531431,-4.0,3.705481344246857,0.00013025500811636448,,,,,,,,,,,,,,,,,
base__seed_101__v_p12__snr_p35__delay_m4ns,base,101,-4.0,12.0,35.0,level2,D3_Huber_weighted_LS,ok,-0.38910501145759807,-4.0,3.6108949885424018,0.0014368550037033856,,,,,,,,,,,,,,,,,
base__seed_101__v_p12__snr_p35__delay_m4ns,base,101,-4.0,12.0,35.0,level2,D4_generalized_phase_slope_ML,ok,3.379558683301782,-4.0,7.3795586833017826,1.1140294120123144,,,,,,,,,,,,,,,,,
base__seed_101__v_p12__snr_p35__delay_m4ns,base,101,-4.0,12.0,35.0,level2,cross_correlation,ok,-1.107789895955872,-4.0,2.892210104044128,1.1218257769942284,,,,,,,,,,,,,,,,,
base__seed_101__v_p12__snr_p35__delay_m4ns,base,101,-4.0,12.0,35.0,level2,gcc_phat,ok,-0.10892032825068193,-4.0,3.891079671749318,1.6980451889976393,,,,,,,,,,,,,,,,,
base__seed_101__v_p12__snr_p35__delay_m4ns,base,101,-4.0,12.0,35.0,level2,oversampled_cross_correlation,ok,-0.7839099208190118,-4.0,3.2160900791809883,1.1452887729974464,,,,,,,,,,,,,,,,,
base__seed_101__v_p12__snr_p35__delay_p8ns,base,101,8.0,12.0,35.0,level2,D1_ordinary_LS,ok,5.922807242942102,8.0,-2.0771927570578983,0.00017788700642995536,,,,,,,,,,,,,,,,,
base__seed_101__v_p12__snr_p35__delay_p8ns,base,101,8.0,12.0,35.0,level2,D2_weighted_LS,ok,5.913071873700761,8.0,-2.086928126299239,0.00014911298057995737,,,,,,,,,,,,,,,,,
base__seed_101__v_p12__snr_p35__delay_p8ns,base,101,8.0,12.0,35.0,level2,D3_Huber_weighted_LS,ok,5.884241046931248,8.0,-2.1157589530687524,0.001308835024246946,,,,,,,,,,,,,,,,,
base__seed_101__v_p12__snr_p35__delay_p8ns,base,101,8.0,12.0,35.0,level2,D4_generalized_phase_slope_ML,ok,6.054107536827424,8.0,-1.9458924631725756,1.1543253719864879,,,,,,,,,,,,,,,,,
base__seed_101__v_p12__snr_p35__delay_p8ns,base,101,8.0,12.0,35.0,level2,cross_correlation,ok,2.5725344363738634,8.0,-5.427465563626137,1.1231033719959669,,,,,,,,,,,,,,,,,
base__seed_101__v_p12__snr_p35__delay_p8ns,base,101,8.0,12.0,35.0,level2,gcc_phat,ok,0.3850000405683121,8.0,-7.614999959431688,1.690937739011133,,,,,,,,,,,,,,,,,
base__seed_101__v_p12__snr_p35__delay_p8ns,base,101,8.0,12.0,35.0,level2,oversampled_cross_correlation,ok,0.5629600556268071,8.0,-7.437039944373193,1.144981858000392,,,,,,,,,,,,,,,,,
base__seed_101__v_p12__snr_p35__delay_m8ns,base,101,-8.0,12.0,35.0,level2,D1_ordinary_LS,ok,-2.0788005693215172,-8.0,5.921199430678483,0.00017662899335846305,,,,,,,,,,,,,,,,,
base__seed_101__v_p12__snr_p35__delay_m8ns,base,101,-8.0,12.0,35.0,level2,D2_weighted_LS,ok,-2.1701257329777603,-8.0,5.829874267022239,0.00013060399214737117,,,,,,,,,,,,,,,,,
base__seed_101__v_p12__snr_p35__delay_m8ns,base,101,-8.0,12.0,35.0,level2,D3_Huber_weighted_LS,ok,-2.2232137363653353,-8.0,5.776786263634665,0.0013335580006241798,,,,,,,,,,,,,,,,,
base__seed_101__v_p12__snr_p35__delay_m8ns,base,101,-8.0,12.0,35.0,level2,D4_generalized_phase_slope_ML,ok,9.539477195003183,-8.0,17.539477195003183,1.1451051839976572,,,,,,,,,,,,,,,,,
base__seed_101__v_p12__snr_p35__delay_m8ns,base,101,-8.0,12.0,35.0,level2,cross_correlation,ok,-2.6174358664065633,-8.0,5.382564133593437,1.1116793380060699,,,,,,,,,,,,,,,,,
base__seed_101__v_p12__snr_p35__delay_m8ns,base,101,-8.0,12.0,35.0,level2,gcc_phat,ok,-0.40874308204278376,-8.0,7.5912569179572165,1.7007139839988668,,,,,,,,,,,,,,,,,
base__seed_101__v_p12__snr_p35__delay_m8ns,base,101,-8.0,12.0,35.0,level2,oversampled_cross_correlation,ok,-0.5936862683673433,-8.0,7.406313731632657,1.1312338350107893,,,,,,,,,,,,,,,,,
base__seed_202__v_p6d7__snr_p30__delay_p0ns,base,202,0.0,6.7,30.0,level2,D1_ordinary_LS,ok,-0.31482992236677865,0.0,-0.31482992236677865,0.00019346698536537588,,,,,,,,,,,,,,,,,
base__seed_202__v_p6d7__snr_p30__delay_p0ns,base,202,0.0,6.7,30.0,level2,D2_weighted_LS,ok,-0.3128536016348008,0.0,-0.3128536016348008,0.0001302590244449675,,,,,,,,,,,,,,,,,
base__seed_202__v_p6d7__snr_p30__delay_p0ns,base,202,0.0,6.7,30.0,level2,D3_Huber_weighted_LS,ok,-0.28882619193165404,0.0,-0.28882619193165404,0.0012920399894937873,,,,,,,,,,,,,,,,,
base__seed_202__v_p6d7__snr_p30__delay_p0ns,base,202,0.0,6.7,30.0,level2,D4_generalized_phase_slope_ML,ok,0.0844540541880615,0.0,0.0844540541880615,1.109065222000936,,,,,,,,,,,,,,,,,
base__seed_202__v_p6d7__snr_p30__delay_p0ns,base,202,0.0,6.7,30.0,level2,cross_correlation,ok,0.005059994948727658,0.0,0.005059994948727658,1.088031785999192,,,,,,,,,,,,,,,,,
base__seed_202__v_p6d7__snr_p30__delay_p0ns,base,202,0.0,6.7,30.0,level2,gcc_phat,ok,0.011546073521762798,0.0,0.011546073521762798,1.7234877219889313,,,,,,,,,,,,,,,,,
base__seed_202__v_p6d7__snr_p30__delay_p0ns,base,202,0.0,6.7,30.0,level2,oversampled_cross_correlation,ok,0.010219607381675901,0.0,0.010219607381675901,1.0937921320146415,,,,,,,,,,,,,,,,,
base__seed_202__v_p6d7__snr_p30__delay_p1ns,base,202,1.0,6.7,30.0,level2,D1_ordinary_LS,ok,0.5999417374090628,1.0,-0.40005826259093724,0.0001792179828044027,,,,,,,,,,,,,,,,,
base__seed_202__v_p6d7__snr_p30__delay_p1ns,base,202,1.0,6.7,30.0,level2,D2_weighted_LS,ok,0.6000435576257894,1.0,-0.3999564423742106,0.0001364740019198507,,,,,,,,,,,,,,,,,
base__seed_202__v_p6d7__snr_p30__delay_p1ns,base,202,1.0,6.7,30.0,level2,D3_Huber_weighted_LS,ok,0.607210324741725,1.0,-0.392789675258275,0.0013898110191803426,,,,,,,,,,,,,,,,,
base__seed_202__v_p6d7__snr_p30__delay_p1ns,base,202,1.0,6.7,30.0,level2,D4_generalized_phase_slope_ML,ok,1.0741110194254266,1.0,0.07411101942542664,1.1004746909893584,,,,,,,,,,,,,,,,,
base__seed_202__v_p6d7__snr_p30__delay_p1ns,base,202,1.0,6.7,30.0,level2,cross_correlation,ok,0.2368360054954067,1.0,-0.7631639945045933,1.2444540389988106,,,,,,,,,,,,,,,,,
base__seed_202__v_p6d7__snr_p30__delay_p1ns,base,202,1.0,6.7,30.0,level2,gcc_phat,ok,0.09913925338576264,1.0,-0.9008607466142373,1.7290452249872033,,,,,,,,,,,,,,,,,
base__seed_202__v_p6d7__snr_p30__delay_p1ns,base,202,1.0,6.7,30.0,level2,oversampled_cross_correlation,ok,0.25811828106850404,1.0,-0.7418817189314959,1.6172543809807394,,,,,,,,,,,,,,,,,
base__seed_202__v_p6d7__snr_p30__delay_m1ns,base,202,-1.0,6.7,30.0,level2,D1_ordinary_LS,ok,-0.2825149242657863,-1.0,0.7174850757342137,0.00017202299204654992,,,,,,,,,,,,,,,,,
base__seed_202__v_p6d7__snr_p30__delay_m1ns,base,202,-1.0,6.7,30.0,level2,D2_weighted_LS,ok,-0.2948111260691812,-1.0,0.7051888739308187,0.00013409802340902388,,,,,,,,,,,,,,,,,
base__seed_202__v_p6d7__snr_p30__delay_m1ns,base,202,-1.0,6.7,30.0,level2,D3_Huber_weighted_LS,ok,-0.29978653485588513,-1.0,0.7002134651441149,0.0013244299916550517,,,,,,,,,,,,,,,,,
base__seed_202__v_p6d7__snr_p30__delay_m1ns,base,202,-1.0,6.7,30.0,level2,D4_generalized_phase_slope_ML,ok,0.734326912445993,-1.0,1.734326912445993,1.0916429120115936,,,,,,,,,,,,,,,,,
base__seed_202__v_p6d7__snr_p30__delay_m1ns,base,202,-1.0,6.7,30.0,level2,cross_correlation,ok,-0.22809580985134573,-1.0,0.7719041901486543,1.1979048810026143,,,,,,,,,,,,,,,,,
base__seed_202__v_p6d7__snr_p30__delay_m1ns,base,202,-1.0,6.7,30.0,level2,gcc_phat,ok,-0.08262675372445977,-1.0,0.9173732462755402,1.7091253670223523,,,,,,,,,,,,,,,,,
base__seed_202__v_p6d7__snr_p30__delay_m1ns,base,202,-1.0,6.7,30.0,level2,oversampled_cross_correlation,ok,-0.23778532084279919,-1.0,0.7622146791572009,1.2467896930174902,,,,,,,,,,,,,,,,,
base__seed_202__v_p6d7__snr_p30__delay_p2ns,base,202,2.0,6.7,30.0,level2,D1_ordinary_LS,ok,1.472426760853814,2.0,-0.527573239146186,0.00019758500275202096,,,,,,,,,,,,,,,,,
base__seed_202__v_p6d7__snr_p30__delay_p2ns,base,202,2.0,6.7,30.0,level2,D2_weighted_LS,ok,1.4714035736415694,2.0,-0.5285964263584306,0.00013444697833620012,,,,,,,,,,,,,,,,,
base__seed_202__v_p6d7__snr_p30__delay_p2ns,base,202,2.0,6.7,30.0,level2,D3_Huber_weighted_LS,ok,1.4705260492660148,2.0,-0.5294739507339852,0.001282380020711571,,,,,,,,,,,,,,,,,
base__seed_202__v_p6d7__snr_p30__delay_p2ns,base,202,2.0,6.7,30.0,level2,D4_generalized_phase_slope_ML,ok,2.014454405487085,2.0,0.014454405487084987,1.1183019030140713,,,,,,,,,,,,,,,,,
base__seed_202__v_p6d7__snr_p30__delay_p2ns,base,202,2.0,6.7,30.0,level2,cross_correlation,ok,0.4970320907299262,2.0,-1.5029679092700738,1.1214755279943347,,,,,,,,,,,,,,,,,
base__seed_202__v_p6d7__snr_p30__delay_p2ns,base,202,2.0,6.7,30.0,level2,gcc_phat,ok,0.10998212579468207,2.0,-1.890017874205318,1.69623450099607,,,,,,,,,,,,,,,,,
base__seed_202__v_p6d7__snr_p30__delay_p2ns,base,202,2.0,6.7,30.0,level2,oversampled_cross_correlation,ok,0.47430295411334844,2.0,-1.5256970458866514,1.194933819992002,,,,,,,,,,,,,,,,,
base__seed_202__v_p6d7__snr_p30__delay_m2ns,base,202,-2.0,6.7,30.0,level2,D1_ordinary_LS,ok,-0.28054226640662333,-2.0,1.7194577335933767,0.00020065699936822057,,,,,,,,,,,,,,,,,
base__seed_202__v_p6d7__snr_p30__delay_m2ns,base,202,-2.0,6.7,30.0,level2,D2_weighted_LS,ok,-0.31790602577235244,-2.0,1.6820939742276475,0.0001803330087568611,,,,,,,,,,,,,,,,,
base__seed_202__v_p6d7__snr_p30__delay_m2ns,base,202,-2.0,6.7,30.0,level2,D3_Huber_weighted_LS,ok,-0.37244505725773003,-2.0,1.62755494274227,0.0015676830080337822,,,,,,,,,,,,,,,,,
base__seed_202__v_p6d7__snr_p30__delay_m2ns,base,202,-2.0,6.7,30.0,level2,D4_generalized_phase_slope_ML,ok,1.4846916023539656,-2.0,3.4846916023539656,1.160738737002248,,,,,,,,,,,,,,,,,
base__seed_202__v_p6d7__snr_p30__delay_m2ns,base,202,-2.0,6.7,30.0,level2,cross_correlation,ok,-0.48979131435818074,-2.0,1.5102086856418193,1.1800961059925612,,,,,,,,,,,,,,,,,
base__seed_202__v_p6d7__snr_p30__delay_m2ns,base,202,-2.0,6.7,30.0,level2,gcc_phat,ok,-0.09953707443422763,-2.0,1.9004629255657723,1.7197736290108878,,,,,,,,,,,,,,,,,
base__seed_202__v_p6d7__snr_p30__delay_m2ns,base,202,-2.0,6.7,30.0,level2,oversampled_cross_correlation,ok,-0.45395799373788387,-2.0,1.546042006262116,1.1211027519893833,,,,,,,,,,,,,,,,,
base__seed_202__v_p6d7__snr_p30__delay_p4ns,base,202,4.0,6.7,30.0,level2,D1_ordinary_LS,ok,3.12607027561074,4.0,-0.8739297243892601,0.00018592100241221488,,,,,,,,,,,,,,,,,
base__seed_202__v_p6d7__snr_p30__delay_p4ns,base,202,4.0,6.7,30.0,level2,D2_weighted_LS,ok,3.1221454696470397,4.0,-0.8778545303529603,0.0001312340027652681,,,,,,,,,,,,,,,,,
base__seed_202__v_p6d7__snr_p30__delay_p4ns,base,202,4.0,6.7,30.0,level2,D3_Huber_weighted_LS,ok,3.1073309335028574,4.0,-0.8926690664971426,0.0012682660017162561,,,,,,,,,,,,,,,,,
base__seed_202__v_p6d7__snr_p30__delay_p4ns,base,202,4.0,6.7,30.0,level2,D4_generalized_phase_slope_ML,ok,3.6830143034158094,4.0,-0.3169856965841906,1.1070904149964917,,,,,,,,,,,,,,,,,
base__seed_202__v_p6d7__snr_p30__delay_p4ns,base,202,4.0,6.7,30.0,level2,cross_correlation,ok,1.0981726590860947,4.0,-2.901827340913905,1.3751675690000411,,,,,,,,,,,,,,,,,
base__seed_202__v_p6d7__snr_p30__delay_p4ns,base,202,4.0,6.7,30.0,level2,gcc_phat,ok,0.10367498647343694,4.0,-3.896325013526563,1.6975244529894553,,,,,,,,,,,,,,,,,
base__seed_202__v_p6d7__snr_p30__delay_p4ns,base,202,4.0,6.7,30.0,level2,oversampled_cross_correlation,ok,0.7782996746971761,4.0,-3.221700325302824,1.4665038380189799,,,,,,,,,,,,,,,,,
base__seed_202__v_p6d7__snr_p30__delay_m4ns,base,202,-4.0,6.7,30.0,level2,D1_ordinary_LS,ok,-0.9576655395044493,-4.0,3.0423344604955505,0.00019548798445612192,,,,,,,,,,,,,,,,,
base__seed_202__v_p6d7__snr_p30__delay_m4ns,base,202,-4.0,6.7,30.0,level2,D2_weighted_LS,ok,-0.9950394033818996,-4.0,3.0049605966181003,0.00013360800221562386,,,,,,,,,,,,,,,,,
base__seed_202__v_p6d7__snr_p30__delay_m4ns,base,202,-4.0,6.7,30.0,level2,D3_Huber_weighted_LS,ok,-0.9086588783058666,-4.0,3.0913411216941333,0.0013587099965661764,,,,,,,,,,,,,,,,,
base__seed_202__v_p6d7__snr_p30__delay_m4ns,base,202,-4.0,6.7,30.0,level2,D4_generalized_phase_slope_ML,ok,3.395245240843639,-4.0,7.395245240843639,1.053430223983014,,,,,,,,,,,,,,,,,
base__seed_202__v_p6d7__snr_p30__delay_m4ns,base,202,-4.0,6.7,30.0,level2,cross_correlation,ok,-1.0941411988721346,-4.0,2.9058588011278657,2.260279743990395,,,,,,,,,,,,,,,,,
base__seed_202__v_p6d7__snr_p30__delay_m4ns,base,202,-4.0,6.7,30.0,level2,gcc_phat,ok,-0.09738436095104616,-4.0,3.9026156390489537,1.7241400420025457,,,,,,,,,,,,,,,,,
base__seed_202__v_p6d7__snr_p30__delay_m4ns,base,202,-4.0,6.7,30.0,level2,oversampled_cross_correlation,ok,-0.7576584768578037,-4.0,3.2423415231421964,4.138711740000872,,,,,,,,,,,,,,,,,
base__seed_202__v_p6d7__snr_p30__delay_p8ns,base,202,8.0,6.7,30.0,level2,D1_ordinary_LS,ok,5.830300685569252,8.0,-2.1696993144307477,0.0002735719899646938,,,,,,,,,,,,,,,,,
base__seed_202__v_p6d7__snr_p30__delay_p8ns,base,202,8.0,6.7,30.0,level2,D2_weighted_LS,ok,5.832181082151534,8.0,-2.167818917848466,0.00014157002442516387,,,,,,,,,,,,,,,,,
base__seed_202__v_p6d7__snr_p30__delay_p8ns,base,202,8.0,6.7,30.0,level2,D3_Huber_weighted_LS,ok,5.783639411373351,8.0,-2.2163605886266486,0.0012920089939143509,,,,,,,,,,,,,,,,,
base__seed_202__v_p6d7__snr_p30__delay_p8ns,base,202,8.0,6.7,30.0,level2,D4_generalized_phase_slope_ML,ok,6.094020466724723,8.0,-1.9059795332752767,1.1697914690012112,,,,,,,,,,,,,,,,,
base__seed_202__v_p6d7__snr_p30__delay_p8ns,base,202,8.0,6.7,30.0,level2,cross_correlation,ok,2.6325874598715044,8.0,-5.367412540128496,1.4099620560009498,,,,,,,,,,,,,,,,,
base__seed_202__v_p6d7__snr_p30__delay_p8ns,base,202,8.0,6.7,30.0,level2,gcc_phat,ok,0.41470177669849684,8.0,-7.585298223301503,1.703428938984871,,,,,,,,,,,,,,,,,
base__seed_202__v_p6d7__snr_p30__delay_p8ns,base,202,8.0,6.7,30.0,level2,oversampled_cross_correlation,ok,0.5904948126112183,8.0,-7.409505187388782,1.3511729320161976,,,,,,,,,,,,,,,,,
base__seed_202__v_p6d7__snr_p30__delay_m8ns,base,202,-8.0,6.7,30.0,level2,D1_ordinary_LS,ok,-2.124996240596302,-8.0,5.875003759403699,0.00018431298667564988,,,,,,,,,,,,,,,,,
base__seed_202__v_p6d7__snr_p30__delay_m8ns,base,202,-8.0,6.7,30.0,level2,D2_weighted_LS,ok,-2.2377440503422155,-8.0,5.762255949657785,0.0001533030008431524,,,,,,,,,,,,,,,,,
base__seed_202__v_p6d7__snr_p30__delay_m8ns,base,202,-8.0,6.7,30.0,level2,D3_Huber_weighted_LS,ok,-2.16488072457905,-8.0,5.835119275420951,0.0012986430083401501,,,,,,,,,,,,,,,,,
base__seed_202__v_p6d7__snr_p30__delay_m8ns,base,202,-8.0,6.7,30.0,level2,D4_generalized_phase_slope_ML,ok,9.56296069463924,-8.0,17.56296069463924,1.2453843749826774,,,,,,,,,,,,,,,,,
base__seed_202__v_p6d7__snr_p30__delay_m8ns,base,202,-8.0,6.7,30.0,level2,cross_correlation,ok,-2.6348528418341735,-8.0,5.3651471581658265,1.26505294101662,,,,,,,,,,,,,,,,,
base__seed_202__v_p6d7__snr_p30__delay_m8ns,base,202,-8.0,6.7,30.0,level2,gcc_phat,ok,-0.40522085498112925,-8.0,7.594779145018871,1.745400712999981,,,,,,,,,,,,,,,,,
base__seed_202__v_p6d7__snr_p30__delay_m8ns,base,202,-8.0,6.7,30.0,level2,oversampled_cross_correlation,ok,-0.5686335476105728,-8.0,7.431366452389427,1.2463008240156341,,,,,,,,,,,,,,,,,
base__seed_202__v_p6d7__snr_p35__delay_p0ns,base,202,0.0,6.7,35.0,level2,D1_ordinary_LS,ok,-0.31482992236677865,0.0,-0.31482992236677865,0.0002331320138182491,,,,,,,,,,,,,,,,,
base__seed_202__v_p6d7__snr_p35__delay_p0ns,base,202,0.0,6.7,35.0,level2,D2_weighted_LS,ok,-0.3128536016348008,0.0,-0.3128536016348008,0.00015071898815222085,,,,,,,,,,,,,,,,,
base__seed_202__v_p6d7__snr_p35__delay_p0ns,base,202,0.0,6.7,35.0,level2,D3_Huber_weighted_LS,ok,-0.28882619193165404,0.0,-0.28882619193165404,0.0013732340012211353,,,,,,,,,,,,,,,,,
base__seed_202__v_p6d7__snr_p35__delay_p0ns,base,202,0.0,6.7,35.0,level2,D4_generalized_phase_slope_ML,ok,0.0844540541880615,0.0,0.0844540541880615,1.156301244016504,,,,,,,,,,,,,,,,,
base__seed_202__v_p6d7__snr_p35__delay_p0ns,base,202,0.0,6.7,35.0,level2,cross_correlation,ok,0.005059994948727658,0.0,0.005059994948727658,1.197715047019301,,,,,,,,,,,,,,,,,
base__seed_202__v_p6d7__snr_p35__delay_p0ns,base,202,0.0,6.7,35.0,level2,gcc_phat,ok,0.011546073521762798,0.0,0.011546073521762798,1.7428968719905242,,,,,,,,,,,,,,,,,
base__seed_202__v_p6d7__snr_p35__delay_p0ns,base,202,0.0,6.7,35.0,level2,oversampled_cross_correlation,ok,0.010219607381675901,0.0,0.010219607381675901,1.2448357779940125,,,,,,,,,,,,,,,,,
base__seed_202__v_p6d7__snr_p35__delay_p1ns,base,202,1.0,6.7,35.0,level2,D1_ordinary_LS,ok,0.5999417374090628,1.0,-0.40005826259093724,0.0002126689942087978,,,,,,,,,,,,,,,,,
base__seed_202__v_p6d7__snr_p35__delay_p1ns,base,202,1.0,6.7,35.0,level2,D2_weighted_LS,ok,0.6000435576257894,1.0,-0.3999564423742106,0.00018640901544131339,,,,,,,,,,,,,,,,,
base__seed_202__v_p6d7__snr_p35__delay_p1ns,base,202,1.0,6.7,35.0,level2,D3_Huber_weighted_LS,ok,0.607210324741725,1.0,-0.392789675258275,0.0015662069781683385,,,,,,,,,,,,,,,,,
base__seed_202__v_p6d7__snr_p35__delay_p1ns,base,202,1.0,6.7,35.0,level2,D4_generalized_phase_slope_ML,ok,1.0741110194254266,1.0,0.07411101942542664,1.1647053449996747,,,,,,,,,,,,,,,,,
base__seed_202__v_p6d7__snr_p35__delay_p1ns,base,202,1.0,6.7,35.0,level2,cross_correlation,ok,0.2368360054954067,1.0,-0.7631639945045933,1.1934324059984647,,,,,,,,,,,,,,,,,
base__seed_202__v_p6d7__snr_p35__delay_p1ns,base,202,1.0,6.7,35.0,level2,gcc_phat,ok,0.09913925338576264,1.0,-0.9008607466142373,1.7460095410060603,,,,,,,,,,,,,,,,,
base__seed_202__v_p6d7__snr_p35__delay_p1ns,base,202,1.0,6.7,35.0,level2,oversampled_cross_correlation,ok,0.25811828106850404,1.0,-0.7418817189314959,1.2784571459924337,,,,,,,,,,,,,,,,,
base__seed_202__v_p6d7__snr_p35__delay_m1ns,base,202,-1.0,6.7,35.0,level2,D1_ordinary_LS,ok,-0.2825149242657863,-1.0,0.7174850757342137,0.00017746799858286977,,,,,,,,,,,,,,,,,
base__seed_202__v_p6d7__snr_p35__delay_m1ns,base,202,-1.0,6.7,35.0,level2,D2_weighted_LS,ok,-0.2948111260691812,-1.0,0.7051888739308187,0.0001310929947067052,,,,,,,,,,,,,,,,,
base__seed_202__v_p6d7__snr_p35__delay_m1ns,base,202,-1.0,6.7,35.0,level2,D3_Huber_weighted_LS,ok,-0.29978653485588513,-1.0,0.7002134651441149,0.0012436069955583662,,,,,,,,,,,,,,,,,
base__seed_202__v_p6d7__snr_p35__delay_m1ns,base,202,-1.0,6.7,35.0,level2,D4_generalized_phase_slope_ML,ok,0.734326912445993,-1.0,1.734326912445993,1.1024719900160562,,,,,,,,,,,,,,,,,
base__seed_202__v_p6d7__snr_p35__delay_m1ns,base,202,-1.0,6.7,35.0,level2,cross_correlation,ok,-0.22809580985134573,-1.0,0.7719041901486543,1.1926790559955407,,,,,,,,,,,,,,,,,
base__seed_202__v_p6d7__snr_p35__delay_m1ns,base,202,-1.0,6.7,35.0,level2,gcc_phat,ok,-0.08262675372445977,-1.0,0.9173732462755402,1.7292762720026076,,,,,,,,,,,,,,,,,
base__seed_202__v_p6d7__snr_p35__delay_m1ns,base,202,-1.0,6.7,35.0,level2,oversampled_cross_correlation,ok,-0.23778532084279919,-1.0,0.7622146791572009,1.1568180569738615,,,,,,,,,,,,,,,,,
base__seed_202__v_p6d7__snr_p35__delay_p2ns,base,202,2.0,6.7,35.0,level2,D1_ordinary_LS,ok,1.472426760853814,2.0,-0.527573239146186,0.061003962997347116,,,,,,,,,,,,,,,,,
base__seed_202__v_p6d7__snr_p35__delay_p2ns,base,202,2.0,6.7,35.0,level2,D2_weighted_LS,ok,1.4714035736415694,2.0,-0.5285964263584306,0.000194974010810256,,,,,,,,,,,,,,,,,
base__seed_202__v_p6d7__snr_p35__delay_p2ns,base,202,2.0,6.7,35.0,level2,D3_Huber_weighted_LS,ok,1.4705260492660148,2.0,-0.5294739507339852,0.06687080199480988,,,,,,,,,,,,,,,,,
base__seed_202__v_p6d7__snr_p35__delay_p2ns,base,202,2.0,6.7,35.0,level2,D4_generalized_phase_slope_ML,ok,2.014454405487085,2.0,0.014454405487084987,1.3118088989867829,,,,,,,,,,,,,,,,,
base__seed_202__v_p6d7__snr_p35__delay_p2ns,base,202,2.0,6.7,35.0,level2,cross_correlation,ok,0.4970320907299262,2.0,-1.5029679092700738,1.1199794950080104,,,,,,,,,,,,,,,,,
base__seed_202__v_p6d7__snr_p35__delay_p2ns,base,202,2.0,6.7,35.0,level2,gcc_phat,ok,0.10998212579468207,2.0,-1.890017874205318,1.7328207209939137,,,,,,,,,,,,,,,,,
base__seed_202__v_p6d7__snr_p35__delay_p2ns,base,202,2.0,6.7,35.0,level2,oversampled_cross_correlation,ok,0.47430295411334844,2.0,-1.5256970458866514,1.1673361530120019,,,,,,,,,,,,,,,,,
base__seed_202__v_p6d7__snr_p35__delay_m2ns,base,202,-2.0,6.7,35.0,level2,D1_ordinary_LS,ok,-0.28054226640662333,-2.0,1.7194577335933767,0.000584243010962382,,,,,,,,,,,,,,,,,
base__seed_202__v_p6d7__snr_p35__delay_m2ns,base,202,-2.0,6.7,35.0,level2,D2_weighted_LS,ok,-0.31790602577235244,-2.0,1.6820939742276475,0.00013506200048141181,,,,,,,,,,,,,,,,,
base__seed_202__v_p6d7__snr_p35__delay_m2ns,base,202,-2.0,6.7,35.0,level2,D3_Huber_weighted_LS,ok,-0.37244505725773003,-2.0,1.62755494274227,0.0013106710102874786,,,,,,,,,,,,,,,,,
base__seed_202__v_p6d7__snr_p35__delay_m2ns,base,202,-2.0,6.7,35.0,level2,D4_generalized_phase_slope_ML,ok,1.4846916023539656,-2.0,3.4846916023539656,1.152605316019617,,,,,,,,,,,,,,,,,
base__seed_202__v_p6d7__snr_p35__delay_m2ns,base,202,-2.0,6.7,35.0,level2,cross_correlation,ok,-0.48979131435818074,-2.0,1.5102086856418193,1.1896020220010541,,,,,,,,,,,,,,,,,
base__seed_202__v_p6d7__snr_p35__delay_m2ns,base,202,-2.0,6.7,35.0,level2,gcc_phat,ok,-0.09953707443422763,-2.0,1.9004629255657723,1.7173623050039168,,,,,,,,,,,,,,,,,
base__seed_202__v_p6d7__snr_p35__delay_m2ns,base,202,-2.0,6.7,35.0,level2,oversampled_cross_correlation,ok,-0.45395799373788387,-2.0,1.546042006262116,1.1604843070090283,,,,,,,,,,,,,,,,,
base__seed_202__v_p6d7__snr_p35__delay_p4ns,base,202,4.0,6.7,35.0,level2,D1_ordinary_LS,ok,3.12607027561074,4.0,-0.8739297243892601,0.05742754301172681,,,,,,,,,,,,,,,,,
base__seed_202__v_p6d7__snr_p35__delay_p4ns,base,202,4.0,6.7,35.0,level2,D2_weighted_LS,ok,3.1221454696470397,4.0,-0.8778545303529603,0.0002561619912739843,,,,,,,,,,,,,,,,,
base__seed_202__v_p6d7__snr_p35__delay_p4ns,base,202,4.0,6.7,35.0,level2,D3_Huber_weighted_LS,ok,3.1073309335028574,4.0,-0.8926690664971426,0.001466295012505725,,,,,,,,,,,,,,,,,
base__seed_202__v_p6d7__snr_p35__delay_p4ns,base,202,4.0,6.7,35.0,level2,D4_generalized_phase_slope_ML,ok,3.6830143034158094,4.0,-0.3169856965841906,1.1345467680075672,,,,,,,,,,,,,,,,,
base__seed_202__v_p6d7__snr_p35__delay_p4ns,base,202,4.0,6.7,35.0,level2,cross_correlation,ok,1.0981726590860947,4.0,-2.901827340913905,1.140351472015027,,,,,,,,,,,,,,,,,
base__seed_202__v_p6d7__snr_p35__delay_p4ns,base,202,4.0,6.7,35.0,level2,gcc_phat,ok,0.10367498647343694,4.0,-3.896325013526563,1.7210530680022202,,,,,,,,,,,,,,,,,
base__seed_202__v_p6d7__snr_p35__delay_p4ns,base,202,4.0,6.7,35.0,level2,oversampled_cross_correlation,ok,0.7782996746971761,4.0,-3.221700325302824,1.1347600700100884,,,,,,,,,,,,,,,,,
base__seed_202__v_p6d7__snr_p35__delay_m4ns,base,202,-4.0,6.7,35.0,level2,D1_ordinary_LS,ok,-0.9576655395044493,-4.0,3.0423344604955505,0.0024044489837251604,,,,,,,,,,,,,,,,,
base__seed_202__v_p6d7__snr_p35__delay_m4ns,base,202,-4.0,6.7,35.0,level2,D2_weighted_LS,ok,-0.9950394033818996,-4.0,3.0049605966181003,0.00017655000556260347,,,,,,,,,,,,,,,,,
base__seed_202__v_p6d7__snr_p35__delay_m4ns,base,202,-4.0,6.7,35.0,level2,D3_Huber_weighted_LS,ok,-0.9086588783058666,-4.0,3.0913411216941333,0.0012437429977580905,,,,,,,,,,,,,,,,,
base__seed_202__v_p6d7__snr_p35__delay_m4ns,base,202,-4.0,6.7,35.0,level2,D4_generalized_phase_slope_ML,ok,3.395245240843639,-4.0,7.395245240843639,1.0984469900140539,,,,,,,,,,,,,,,,,
base__seed_202__v_p6d7__snr_p35__delay_m4ns,base,202,-4.0,6.7,35.0,level2,cross_correlation,ok,-1.0941411988721346,-4.0,2.9058588011278657,1.2482395599945448,,,,,,,,,,,,,,,,,
base__seed_202__v_p6d7__snr_p35__delay_m4ns,base,202,-4.0,6.7,35.0,level2,gcc_phat,ok,-0.09738436095104616,-4.0,3.9026156390489537,1.7378851760004181,,,,,,,,,,,,,,,,,
base__seed_202__v_p6d7__snr_p35__delay_m4ns,base,202,-4.0,6.7,35.0,level2,oversampled_cross_correlation,ok,-0.7576584768578037,-4.0,3.2423415231421964,1.2187832799972966,,,,,,,,,,,,,,,,,
base__seed_202__v_p6d7__snr_p35__delay_p8ns,base,202,8.0,6.7,35.0,level2,D1_ordinary_LS,ok,5.830300685569252,8.0,-2.1696993144307477,0.0005109400080982596,,,,,,,,,,,,,,,,,
base__seed_202__v_p6d7__snr_p35__delay_p8ns,base,202,8.0,6.7,35.0,level2,D2_weighted_LS,ok,5.832181082151534,8.0,-2.167818917848466,0.00013814098201692104,,,,,,,,,,,,,,,,,
base__seed_202__v_p6d7__snr_p35__delay_p8ns,base,202,8.0,6.7,35.0,level2,D3_Huber_weighted_LS,ok,5.783639411373351,8.0,-2.2163605886266486,0.0012927839998155832,,,,,,,,,,,,,,,,,
base__seed_202__v_p6d7__snr_p35__delay_p8ns,base,202,8.0,6.7,35.0,level2,D4_generalized_phase_slope_ML,ok,6.094020466724723,8.0,-1.9059795332752767,1.1220911069831345,,,,,,,,,,,,,,,,,
base__seed_202__v_p6d7__snr_p35__delay_p8ns,base,202,8.0,6.7,35.0,level2,cross_correlation,ok,2.6325874598715044,8.0,-5.367412540128496,1.0851049039920326,,,,,,,,,,,,,,,,,
base__seed_202__v_p6d7__snr_p35__delay_p8ns,base,202,8.0,6.7,35.0,level2,gcc_phat,ok,0.41470177669849684,8.0,-7.585298223301503,1.6951042400032748,,,,,,,,,,,,,,,,,
base__seed_202__v_p6d7__snr_p35__delay_p8ns,base,202,8.0,6.7,35.0,level2,oversampled_cross_correlation,ok,0.5904948126112183,8.0,-7.409505187388782,1.1311553209961858,,,,,,,,,,,,,,,,,
base__seed_202__v_p6d7__snr_p35__delay_m8ns,base,202,-8.0,6.7,35.0,level2,D1_ordinary_LS,ok,-2.124996240596302,-8.0,5.875003759403699,0.0016146830166690052,,,,,,,,,,,,,,,,,
base__seed_202__v_p6d7__snr_p35__delay_m8ns,base,202,-8.0,6.7,35.0,level2,D2_weighted_LS,ok,-2.2377440503422155,-8.0,5.762255949657785,0.0001435189915355295,,,,,,,,,,,,,,,,,
base__seed_202__v_p6d7__snr_p35__delay_m8ns,base,202,-8.0,6.7,35.0,level2,D3_Huber_weighted_LS,ok,-2.16488072457905,-8.0,5.835119275420951,0.0028122869844082743,,,,,,,,,,,,,,,,,
base__seed_202__v_p6d7__snr_p35__delay_m8ns,base,202,-8.0,6.7,35.0,level2,D4_generalized_phase_slope_ML,ok,9.56296069463924,-8.0,17.56296069463924,1.1122837869916111,,,,,,,,,,,,,,,,,
base__seed_202__v_p6d7__snr_p35__delay_m8ns,base,202,-8.0,6.7,35.0,level2,cross_correlation,ok,-2.6348528418341735,-8.0,5.3651471581658265,1.1282692769891582,,,,,,,,,,,,,,,,,
base__seed_202__v_p6d7__snr_p35__delay_m8ns,base,202,-8.0,6.7,35.0,level2,gcc_phat,ok,-0.40522085498112925,-8.0,7.594779145018871,1.6897687079908792,,,,,,,,,,,,,,,,,
base__seed_202__v_p6d7__snr_p35__delay_m8ns,base,202,-8.0,6.7,35.0,level2,oversampled_cross_correlation,ok,-0.5686335476105728,-8.0,7.431366452389427,1.1993893189937808,,,,,,,,,,,,,,,,,
base__seed_202__v_p12__snr_p30__delay_p0ns,base,202,0.0,12.0,30.0,level2,D1_ordinary_LS,ok,-0.31482992236677865,0.0,-0.31482992236677865,0.0008444309933111072,,,,,,,,,,,,,,,,,
base__seed_202__v_p12__snr_p30__delay_p0ns,base,202,0.0,12.0,30.0,level2,D2_weighted_LS,ok,-0.3128536016348008,0.0,-0.3128536016348008,0.00013842200860381126,,,,,,,,,,,,,,,,,
base__seed_202__v_p12__snr_p30__delay_p0ns,base,202,0.0,12.0,30.0,level2,D3_Huber_weighted_LS,ok,-0.28882619193165404,0.0,-0.28882619193165404,0.0012802309938706458,,,,,,,,,,,,,,,,,
base__seed_202__v_p12__snr_p30__delay_p0ns,base,202,0.0,12.0,30.0,level2,D4_generalized_phase_slope_ML,ok,0.0844540541880615,0.0,0.0844540541880615,1.1185149069933686,,,,,,,,,,,,,,,,,
base__seed_202__v_p12__snr_p30__delay_p0ns,base,202,0.0,12.0,30.0,level2,cross_correlation,ok,0.005059994948727658,0.0,0.005059994948727658,1.13437539502047,,,,,,,,,,,,,,,,,
base__seed_202__v_p12__snr_p30__delay_p0ns,base,202,0.0,12.0,30.0,level2,gcc_phat,ok,0.011546073521762798,0.0,0.011546073521762798,1.693113166023977,,,,,,,,,,,,,,,,,
base__seed_202__v_p12__snr_p30__delay_p0ns,base,202,0.0,12.0,30.0,level2,oversampled_cross_correlation,ok,0.010219607381675901,0.0,0.010219607381675901,1.118199523014482,,,,,,,,,,,,,,,,,
base__seed_202__v_p12__snr_p30__delay_p1ns,base,202,1.0,12.0,30.0,level2,D1_ordinary_LS,ok,0.5999417374090628,1.0,-0.40005826259093724,0.00048713397700339556,,,,,,,,,,,,,,,,,
base__seed_202__v_p12__snr_p30__delay_p1ns,base,202,1.0,12.0,30.0,level2,D2_weighted_LS,ok,0.6000435576257894,1.0,-0.3999564423742106,0.00013304498861543834,,,,,,,,,,,,,,,,,
base__seed_202__v_p12__snr_p30__delay_p1ns,base,202,1.0,12.0,30.0,level2,D3_Huber_weighted_LS,ok,0.607210324741725,1.0,-0.392789675258275,0.0012467839987948537,,,,,,,,,,,,,,,,,
base__seed_202__v_p12__snr_p30__delay_p1ns,base,202,1.0,12.0,30.0,level2,D4_generalized_phase_slope_ML,ok,1.0741110194254266,1.0,0.07411101942542664,1.1448748169932514,,,,,,,,,,,,,,,,,
base__seed_202__v_p12__snr_p30__delay_p1ns,base,202,1.0,12.0,30.0,level2,cross_correlation,ok,0.2368360054954067,1.0,-0.7631639945045933,1.103086571994936,,,,,,,,,,,,,,,,,
base__seed_202__v_p12__snr_p30__delay_p1ns,base,202,1.0,12.0,30.0,level2,gcc_phat,ok,0.09913925338576264,1.0,-0.9008607466142373,1.7148412509995978,,,,,,,,,,,,,,,,,
base__seed_202__v_p12__snr_p30__delay_p1ns,base,202,1.0,12.0,30.0,level2,oversampled_cross_correlation,ok,0.25811828106850404,1.0,-0.7418817189314959,1.201256138010649,,,,,,,,,,,,,,,,,
base__seed_202__v_p12__snr_p30__delay_m1ns,base,202,-1.0,12.0,30.0,level2,D1_ordinary_LS,ok,-0.2825149242657863,-1.0,0.7174850757342137,0.0004809199890587479,,,,,,,,,,,,,,,,,
base__seed_202__v_p12__snr_p30__delay_m1ns,base,202,-1.0,12.0,30.0,level2,D2_weighted_LS,ok,-0.2948111260691812,-1.0,0.7051888739308187,0.0001372359984088689,,,,,,,,,,,,,,,,,
base__seed_202__v_p12__snr_p30__delay_m1ns,base,202,-1.0,12.0,30.0,level2,D3_Huber_weighted_LS,ok,-0.29978653485588513,-1.0,0.7002134651441149,0.0012804509897250682,,,,,,,,,,,,,,,,,
base__seed_202__v_p12__snr_p30__delay_m1ns,base,202,-1.0,12.0,30.0,level2,D4_generalized_phase_slope_ML,ok,0.734326912445993,-1.0,1.734326912445993,1.1759303879807703,,,,,,,,,,,,,,,,,
base__seed_202__v_p12__snr_p30__delay_m1ns,base,202,-1.0,12.0,30.0,level2,cross_correlation,ok,-0.22809580985134573,-1.0,0.7719041901486543,1.1381690459966194,,,,,,,,,,,,,,,,,
base__seed_202__v_p12__snr_p30__delay_m1ns,base,202,-1.0,12.0,30.0,level2,gcc_phat,ok,-0.08262675372445977,-1.0,0.9173732462755402,1.8239277969987597,,,,,,,,,,,,,,,,,
base__seed_202__v_p12__snr_p30__delay_m1ns,base,202,-1.0,12.0,30.0,level2,oversampled_cross_correlation,ok,-0.23778532084279919,-1.0,0.7622146791572009,1.2047391599917319,,,,,,,,,,,,,,,,,
base__seed_202__v_p12__snr_p30__delay_p2ns,base,202,2.0,12.0,30.0,level2,D1_ordinary_LS,ok,1.472426760853814,2.0,-0.527573239146186,0.0005089969781693071,,,,,,,,,,,,,,,,,
base__seed_202__v_p12__snr_p30__delay_p2ns,base,202,2.0,12.0,30.0,level2,D2_weighted_LS,ok,1.4714035736415694,2.0,-0.5285964263584306,0.00013507201219908893,,,,,,,,,,,,,,,,,
base__seed_202__v_p12__snr_p30__delay_p2ns,base,202,2.0,12.0,30.0,level2,D3_Huber_weighted_LS,ok,1.4705260492660148,2.0,-0.5294739507339852,0.001258244999917224,,,,,,,,,,,,,,,,,
base__seed_202__v_p12__snr_p30__delay_p2ns,base,202,2.0,12.0,30.0,level2,D4_generalized_phase_slope_ML,ok,2.014454405487085,2.0,0.014454405487084987,1.136260653991485,,,,,,,,,,,,,,,,,
base__seed_202__v_p12__snr_p30__delay_p2ns,base,202,2.0,12.0,30.0,level2,cross_correlation,ok,0.4970320907299262,2.0,-1.5029679092700738,1.0814774819882587,,,,,,,,,,,,,,,,,
base__seed_202__v_p12__snr_p30__delay_p2ns,base,202,2.0,12.0,30.0,level2,gcc_phat,ok,0.10998212579468207,2.0,-1.890017874205318,1.7308120550005697,,,,,,,,,,,,,,,,,
base__seed_202__v_p12__snr_p30__delay_p2ns,base,202,2.0,12.0,30.0,level2,oversampled_cross_correlation,ok,0.47430295411334844,2.0,-1.5256970458866514,1.1414622859738301,,,,,,,,,,,,,,,,,
base__seed_202__v_p12__snr_p30__delay_m2ns,base,202,-2.0,12.0,30.0,level2,D1_ordinary_LS,ok,-0.28054226640662333,-2.0,1.7194577335933767,0.000503200979437679,,,,,,,,,,,,,,,,,
base__seed_202__v_p12__snr_p30__delay_m2ns,base,202,-2.0,12.0,30.0,level2,D2_weighted_LS,ok,-0.31790602577235244,-2.0,1.6820939742276475,0.0001322080206591636,,,,,,,,,,,,,,,,,
base__seed_202__v_p12__snr_p30__delay_m2ns,base,202,-2.0,12.0,30.0,level2,D3_Huber_weighted_LS,ok,-0.37244505725773003,-2.0,1.62755494274227,0.0013189390010666102,,,,,,,,,,,,,,,,,
base__seed_202__v_p12__snr_p30__delay_m2ns,base,202,-2.0,12.0,30.0,level2,D4_generalized_phase_slope_ML,ok,1.4846916023539656,-2.0,3.4846916023539656,1.1156218309770338,,,,,,,,,,,,,,,,,
base__seed_202__v_p12__snr_p30__delay_m2ns,base,202,-2.0,12.0,30.0,level2,cross_correlation,ok,-0.48979131435818074,-2.0,1.5102086856418193,1.1752799339883495,,,,,,,,,,,,,,,,,
base__seed_202__v_p12__snr_p30__delay_m2ns,base,202,-2.0,12.0,30.0,level2,gcc_phat,ok,-0.09953707443422763,-2.0,1.9004629255657723,1.7885896500083618,,,,,,,,,,,,,,,,,
base__seed_202__v_p12__snr_p30__delay_m2ns,base,202,-2.0,12.0,30.0,level2,oversampled_cross_correlation,ok,-0.45395799373788387,-2.0,1.546042006262116,1.163930942013394,,,,,,,,,,,,,,,,,
base__seed_202__v_p12__snr_p30__delay_p4ns,base,202,4.0,12.0,30.0,level2,D1_ordinary_LS,ok,3.12607027561074,4.0,-0.8739297243892601,0.00019562398665584624,,,,,,,,,,,,,,,,,
base__seed_202__v_p12__snr_p30__delay_p4ns,base,202,4.0,12.0,30.0,level2,D2_weighted_LS,ok,3.1221454696470397,4.0,-0.8778545303529603,0.00013486301759257913,,,,,,,,,,,,,,,,,
base__seed_202__v_p12__snr_p30__delay_p4ns,base,202,4.0,12.0,30.0,level2,D3_Huber_weighted_LS,ok,3.1073309335028574,4.0,-0.8926690664971426,0.0014646280033048242,,,,,,,,,,,,,,,,,
base__seed_202__v_p12__snr_p30__delay_p4ns,base,202,4.0,12.0,30.0,level2,D4_generalized_phase_slope_ML,ok,3.6830143034158094,4.0,-0.3169856965841906,1.131385632994352,,,,,,,,,,,,,,,,,
base__seed_202__v_p12__snr_p30__delay_p4ns,base,202,4.0,12.0,30.0,level2,cross_correlation,ok,1.0981726590860947,4.0,-2.901827340913905,1.1095707020140253,,,,,,,,,,,,,,,,,
base__seed_202__v_p12__snr_p30__delay_p4ns,base,202,4.0,12.0,30.0,level2,gcc_phat,ok,0.10367498647343694,4.0,-3.896325013526563,1.723961716023041,,,,,,,,,,,,,,,,,
base__seed_202__v_p12__snr_p30__delay_p4ns,base,202,4.0,12.0,30.0,level2,oversampled_cross_correlation,ok,0.7782996746971761,4.0,-3.221700325302824,1.1212036600045394,,,,,,,,,,,,,,,,,
base__seed_202__v_p12__snr_p30__delay_m4ns,base,202,-4.0,12.0,30.0,level2,D1_ordinary_LS,ok,-0.9576655395044493,-4.0,3.0423344604955505,0.00017411299631930888,,,,,,,,,,,,,,,,,
base__seed_202__v_p12__snr_p30__delay_m4ns,base,202,-4.0,12.0,30.0,level2,D2_weighted_LS,ok,-0.9950394033818996,-4.0,3.0049605966181003,0.00013004298671148717,,,,,,,,,,,,,,,,,
base__seed_202__v_p12__snr_p30__delay_m4ns,base,202,-4.0,12.0,30.0,level2,D3_Huber_weighted_LS,ok,-0.9086588783058666,-4.0,3.0913411216941333,0.0014413030003197491,,,,,,,,,,,,,,,,,
base__seed_202__v_p12__snr_p30__delay_m4ns,base,202,-4.0,12.0,30.0,level2,D4_generalized_phase_slope_ML,ok,3.395245240843639,-4.0,7.395245240843639,1.0994701049930882,,,,,,,,,,,,,,,,,
base__seed_202__v_p12__snr_p30__delay_m4ns,base,202,-4.0,12.0,30.0,level2,cross_correlation,ok,-1.0941411988721346,-4.0,2.9058588011278657,1.091195567016257,,,,,,,,,,,,,,,,,
base__seed_202__v_p12__snr_p30__delay_m4ns,base,202,-4.0,12.0,30.0,level2,gcc_phat,ok,-0.09738436095104616,-4.0,3.9026156390489537,1.726750569010619,,,,,,,,,,,,,,,,,
base__seed_202__v_p12__snr_p30__delay_m4ns,base,202,-4.0,12.0,30.0,level2,oversampled_cross_correlation,ok,-0.7576584768578037,-4.0,3.2423415231421964,1.1781800909957383,,,,,,,,,,,,,,,,,
base__seed_202__v_p12__snr_p30__delay_p8ns,base,202,8.0,12.0,30.0,level2,D1_ordinary_LS,ok,5.830300685569252,8.0,-2.1696993144307477,0.00021192498388700187,,,,,,,,,,,,,,,,,
base__seed_202__v_p12__snr_p30__delay_p8ns,base,202,8.0,12.0,30.0,level2,D2_weighted_LS,ok,5.832181082151534,8.0,-2.167818917848466,0.00013467000098899007,,,,,,,,,,,,,,,,,
base__seed_202__v_p12__snr_p30__delay_p8ns,base,202,8.0,12.0,30.0,level2,D3_Huber_weighted_LS,ok,5.783639411373351,8.0,-2.2163605886266486,0.0013019320031162351,,,,,,,,,,,,,,,,,
base__seed_202__v_p12__snr_p30__delay_p8ns,base,202,8.0,12.0,30.0,level2,D4_generalized_phase_slope_ML,ok,6.094020466724723,8.0,-1.9059795332752767,1.1168839629972354,,,,,,,,,,,,,,,,,
base__seed_202__v_p12__snr_p30__delay_p8ns,base,202,8.0,12.0,30.0,level2,cross_correlation,ok,2.6325874598715044,8.0,-5.367412540128496,1.098501672007842,,,,,,,,,,,,,,,,,
base__seed_202__v_p12__snr_p30__delay_p8ns,base,202,8.0,12.0,30.0,level2,gcc_phat,ok,0.41470177669849684,8.0,-7.585298223301503,1.7337934100069106,,,,,,,,,,,,,,,,,
base__seed_202__v_p12__snr_p30__delay_p8ns,base,202,8.0,12.0,30.0,level2,oversampled_cross_correlation,ok,0.5904948126112183,8.0,-7.409505187388782,1.1774206090194639,,,,,,,,,,,,,,,,,
base__seed_202__v_p12__snr_p30__delay_m8ns,base,202,-8.0,12.0,30.0,level2,D1_ordinary_LS,ok,-2.124996240596302,-8.0,5.875003759403699,0.00018258299678564072,,,,,,,,,,,,,,,,,
base__seed_202__v_p12__snr_p30__delay_m8ns,base,202,-8.0,12.0,30.0,level2,D2_weighted_LS,ok,-2.2377440503422155,-8.0,5.762255949657785,0.0001351559767499566,,,,,,,,,,,,,,,,,
base__seed_202__v_p12__snr_p30__delay_m8ns,base,202,-8.0,12.0,30.0,level2,D3_Huber_weighted_LS,ok,-2.16488072457905,-8.0,5.835119275420951,0.0012664129899349064,,,,,,,,,,,,,,,,,
base__seed_202__v_p12__snr_p30__delay_m8ns,base,202,-8.0,12.0,30.0,level2,D4_generalized_phase_slope_ML,ok,9.56296069463924,-8.0,17.56296069463924,1.1861206039902754,,,,,,,,,,,,,,,,,
base__seed_202__v_p12__snr_p30__delay_m8ns,base,202,-8.0,12.0,30.0,level2,cross_correlation,ok,-2.6348528418341735,-8.0,5.3651471581658265,1.0989052820077632,,,,,,,,,,,,,,,,,
base__seed_202__v_p12__snr_p30__delay_m8ns,base,202,-8.0,12.0,30.0,level2,gcc_phat,ok,-0.40522085498112925,-8.0,7.594779145018871,1.7364690270042047,,,,,,,,,,,,,,,,,
base__seed_202__v_p12__snr_p30__delay_m8ns,base,202,-8.0,12.0,30.0,level2,oversampled_cross_correlation,ok,-0.5686335476105728,-8.0,7.431366452389427,1.2267940099991392,,,,,,,,,,,,,,,,,
base__seed_202__v_p12__snr_p35__delay_p0ns,base,202,0.0,12.0,35.0,level2,D1_ordinary_LS,ok,-0.31482992236677865,0.0,-0.31482992236677865,0.00022588399588130414,,,,,,,,,,,,,,,,,
base__seed_202__v_p12__snr_p35__delay_p0ns,base,202,0.0,12.0,35.0,level2,D2_weighted_LS,ok,-0.3128536016348008,0.0,-0.3128536016348008,0.0001646979944780469,,,,,,,,,,,,,,,,,
base__seed_202__v_p12__snr_p35__delay_p0ns,base,202,0.0,12.0,35.0,level2,D3_Huber_weighted_LS,ok,-0.28882619193165404,0.0,-0.28882619193165404,0.0014183750026859343,,,,,,,,,,,,,,,,,
base__seed_202__v_p12__snr_p35__delay_p0ns,base,202,0.0,12.0,35.0,level2,D4_generalized_phase_slope_ML,ok,0.0844540541880615,0.0,0.0844540541880615,1.1702875469927676,,,,,,,,,,,,,,,,,
base__seed_202__v_p12__snr_p35__delay_p0ns,base,202,0.0,12.0,35.0,level2,cross_correlation,ok,0.005059994948727658,0.0,0.005059994948727658,1.1106300909887068,,,,,,,,,,,,,,,,,
base__seed_202__v_p12__snr_p35__delay_p0ns,base,202,0.0,12.0,35.0,level2,gcc_phat,ok,0.011546073521762798,0.0,0.011546073521762798,1.7240370180225,,,,,,,,,,,,,,,,,
base__seed_202__v_p12__snr_p35__delay_p0ns,base,202,0.0,12.0,35.0,level2,oversampled_cross_correlation,ok,0.010219607381675901,0.0,0.010219607381675901,1.123976174974814,,,,,,,,,,,,,,,,,
base__seed_202__v_p12__snr_p35__delay_p1ns,base,202,1.0,12.0,35.0,level2,D1_ordinary_LS,ok,0.5999417374090628,1.0,-0.40005826259093724,0.19463690801057965,,,,,,,,,,,,,,,,,
base__seed_202__v_p12__snr_p35__delay_p1ns,base,202,1.0,12.0,35.0,level2,D2_weighted_LS,ok,0.6000435576257894,1.0,-0.3999564423742106,0.0002928620087914169,,,,,,,,,,,,,,,,,
base__seed_202__v_p12__snr_p35__delay_p1ns,base,202,1.0,12.0,35.0,level2,D3_Huber_weighted_LS,ok,0.607210324741725,1.0,-0.392789675258275,0.06839170801686123,,,,,,,,,,,,,,,,,
base__seed_202__v_p12__snr_p35__delay_p1ns,base,202,1.0,12.0,35.0,level2,D4_generalized_phase_slope_ML,ok,1.0741110194254266,1.0,0.07411101942542664,1.1795260359940585,,,,,,,,,,,,,,,,,
base__seed_202__v_p12__snr_p35__delay_p1ns,base,202,1.0,12.0,35.0,level2,cross_correlation,ok,0.2368360054954067,1.0,-0.7631639945045933,1.1049078610085417,,,,,,,,,,,,,,,,,
base__seed_202__v_p12__snr_p35__delay_p1ns,base,202,1.0,12.0,35.0,level2,gcc_phat,ok,0.09913925338576264,1.0,-0.9008607466142373,1.7223806050023995,,,,,,,,,,,,,,,,,
base__seed_202__v_p12__snr_p35__delay_p1ns,base,202,1.0,12.0,35.0,level2,oversampled_cross_correlation,ok,0.25811828106850404,1.0,-0.7418817189314959,1.1784129699808545,,,,,,,,,,,,,,,,,
base__seed_202__v_p12__snr_p35__delay_m1ns,base,202,-1.0,12.0,35.0,level2,D1_ordinary_LS,ok,-0.2825149242657863,-1.0,0.7174850757342137,0.00017943099373951554,,,,,,,,,,,,,,,,,
base__seed_202__v_p12__snr_p35__delay_m1ns,base,202,-1.0,12.0,35.0,level2,D2_weighted_LS,ok,-0.2948111260691812,-1.0,0.7051888739308187,0.0001270469801966101,,,,,,,,,,,,,,,,,
base__seed_202__v_p12__snr_p35__delay_m1ns,base,202,-1.0,12.0,35.0,level2,D3_Huber_weighted_LS,ok,-0.29978653485588513,-1.0,0.7002134651441149,0.001254761009477079,,,,,,,,,,,,,,,,,
base__seed_202__v_p12__snr_p35__delay_m1ns,base,202,-1.0,12.0,35.0,level2,D4_generalized_phase_slope_ML,ok,0.734326912445993,-1.0,1.734326912445993,1.1096820530074183,,,,,,,,,,,,,,,,,
base__seed_202__v_p12__snr_p35__delay_m1ns,base,202,-1.0,12.0,35.0,level2,cross_correlation,ok,-0.22809580985134573,-1.0,0.7719041901486543,1.0734522659913637,,,,,,,,,,,,,,,,,
base__seed_202__v_p12__snr_p35__delay_m1ns,base,202,-1.0,12.0,35.0,level2,gcc_phat,ok,-0.08262675372445977,-1.0,0.9173732462755402,1.7195764539937954,,,,,,,,,,,,,,,,,
base__seed_202__v_p12__snr_p35__delay_m1ns,base,202,-1.0,12.0,35.0,level2,oversampled_cross_correlation,ok,-0.23778532084279919,-1.0,0.7622146791572009,1.1154732670111116,,,,,,,,,,,,,,,,,
base__seed_202__v_p12__snr_p35__delay_p2ns,base,202,2.0,12.0,35.0,level2,D1_ordinary_LS,ok,1.472426760853814,2.0,-0.527573239146186,0.00024082200252451003,,,,,,,,,,,,,,,,,
base__seed_202__v_p12__snr_p35__delay_p2ns,base,202,2.0,12.0,35.0,level2,D2_weighted_LS,ok,1.4714035736415694,2.0,-0.5285964263584306,0.00017153698718175292,,,,,,,,,,,,,,,,,
base__seed_202__v_p12__snr_p35__delay_p2ns,base,202,2.0,12.0,35.0,level2,D3_Huber_weighted_LS,ok,1.4705260492660148,2.0,-0.5294739507339852,0.0012986829970031977,,,,,,,,,,,,,,,,,
base__seed_202__v_p12__snr_p35__delay_p2ns,base,202,2.0,12.0,35.0,level2,D4_generalized_phase_slope_ML,ok,2.014454405487085,2.0,0.014454405487084987,1.1209450169990305,,,,,,,,,,,,,,,,,
base__seed_202__v_p12__snr_p35__delay_p2ns,base,202,2.0,12.0,35.0,level2,cross_correlation,ok,0.4970320907299262,2.0,-1.5029679092700738,1.1330997410113923,,,,,,,,,,,,,,,,,
base__seed_202__v_p12__snr_p35__delay_p2ns,base,202,2.0,12.0,35.0,level2,gcc_phat,ok,0.10998212579468207,2.0,-1.890017874205318,1.7921274059917778,,,,,,,,,,,,,,,,,
base__seed_202__v_p12__snr_p35__delay_p2ns,base,202,2.0,12.0,35.0,level2,oversampled_cross_correlation,ok,0.47430295411334844,2.0,-1.5256970458866514,1.153275286022108,,,,,,,,,,,,,,,,,
base__seed_202__v_p12__snr_p35__delay_m2ns,base,202,-2.0,12.0,35.0,level2,D1_ordinary_LS,ok,-0.28054226640662333,-2.0,1.7194577335933767,0.0001699299900792539,,,,,,,,,,,,,,,,,
base__seed_202__v_p12__snr_p35__delay_m2ns,base,202,-2.0,12.0,35.0,level2,D2_weighted_LS,ok,-0.31790602577235244,-2.0,1.6820939742276475,0.00012865199823863804,,,,,,,,,,,,,,,,,
base__seed_202__v_p12__snr_p35__delay_m2ns,base,202,-2.0,12.0,35.0,level2,D3_Huber_weighted_LS,ok,-0.37244505725773003,-2.0,1.62755494274227,0.0012882690061815083,,,,,,,,,,,,,,,,,
base__seed_202__v_p12__snr_p35__delay_m2ns,base,202,-2.0,12.0,35.0,level2,D4_generalized_phase_slope_ML,ok,1.4846916023539656,-2.0,3.4846916023539656,1.1616950609895866,,,,,,,,,,,,,,,,,
base__seed_202__v_p12__snr_p35__delay_m2ns,base,202,-2.0,12.0,35.0,level2,cross_correlation,ok,-0.48979131435818074,-2.0,1.5102086856418193,1.1350628810178023,,,,,,,,,,,,,,,,,
base__seed_202__v_p12__snr_p35__delay_m2ns,base,202,-2.0,12.0,35.0,level2,gcc_phat,ok,-0.09953707443422763,-2.0,1.9004629255657723,1.727386775019113,,,,,,,,,,,,,,,,,
base__seed_202__v_p12__snr_p35__delay_m2ns,base,202,-2.0,12.0,35.0,level2,oversampled_cross_correlation,ok,-0.45395799373788387,-2.0,1.546042006262116,1.1369744820112828,,,,,,,,,,,,,,,,,
base__seed_202__v_p12__snr_p35__delay_p4ns,base,202,4.0,12.0,35.0,level2,D1_ordinary_LS,ok,3.12607027561074,4.0,-0.8739297243892601,0.00017279302119277418,,,,,,,,,,,,,,,,,
base__seed_202__v_p12__snr_p35__delay_p4ns,base,202,4.0,12.0,35.0,level2,D2_weighted_LS,ok,3.1221454696470397,4.0,-0.8778545303529603,0.00013298200792632997,,,,,,,,,,,,,,,,,
base__seed_202__v_p12__snr_p35__delay_p4ns,base,202,4.0,12.0,35.0,level2,D3_Huber_weighted_LS,ok,3.1073309335028574,4.0,-0.8926690664971426,0.0012350430188234895,,,,,,,,,,,,,,,,,
base__seed_202__v_p12__snr_p35__delay_p4ns,base,202,4.0,12.0,35.0,level2,D4_generalized_phase_slope_ML,ok,3.6830143034158094,4.0,-0.3169856965841906,1.160746776004089,,,,,,,,,,,,,,,,,
base__seed_202__v_p12__snr_p35__delay_p4ns,base,202,4.0,12.0,35.0,level2,cross_correlation,ok,1.0981726590860947,4.0,-2.901827340913905,1.0857650469988585,,,,,,,,,,,,,,,,,
base__seed_202__v_p12__snr_p35__delay_p4ns,base,202,4.0,12.0,35.0,level2,gcc_phat,ok,0.10367498647343694,4.0,-3.896325013526563,1.7372268149920274,,,,,,,,,,,,,,,,,
base__seed_202__v_p12__snr_p35__delay_p4ns,base,202,4.0,12.0,35.0,level2,oversampled_cross_correlation,ok,0.7782996746971761,4.0,-3.221700325302824,1.1320684390084352,,,,,,,,,,,,,,,,,
base__seed_202__v_p12__snr_p35__delay_m4ns,base,202,-4.0,12.0,35.0,level2,D1_ordinary_LS,ok,-0.9576655395044493,-4.0,3.0423344604955505,0.0001812439877539873,,,,,,,,,,,,,,,,,
base__seed_202__v_p12__snr_p35__delay_m4ns,base,202,-4.0,12.0,35.0,level2,D2_weighted_LS,ok,-0.9950394033818996,-4.0,3.0049605966181003,0.00017817001207731664,,,,,,,,,,,,,,,,,
base__seed_202__v_p12__snr_p35__delay_m4ns,base,202,-4.0,12.0,35.0,level2,D3_Huber_weighted_LS,ok,-0.9086588783058666,-4.0,3.0913411216941333,0.0012844880111515522,,,,,,,,,,,,,,,,,
base__seed_202__v_p12__snr_p35__delay_m4ns,base,202,-4.0,12.0,35.0,level2,D4_generalized_phase_slope_ML,ok,3.395245240843639,-4.0,7.395245240843639,1.1383750759996474,,,,,,,,,,,,,,,,,
base__seed_202__v_p12__snr_p35__delay_m4ns,base,202,-4.0,12.0,35.0,level2,cross_correlation,ok,-1.0941411988721346,-4.0,2.9058588011278657,1.0969684509909712,,,,,,,,,,,,,,,,,
base__seed_202__v_p12__snr_p35__delay_m4ns,base,202,-4.0,12.0,35.0,level2,gcc_phat,ok,-0.09738436095104616,-4.0,3.9026156390489537,1.7177942800044548,,,,,,,,,,,,,,,,,
base__seed_202__v_p12__snr_p35__delay_m4ns,base,202,-4.0,12.0,35.0,level2,oversampled_cross_correlation,ok,-0.7576584768578037,-4.0,3.2423415231421964,1.1501498190045822,,,,,,,,,,,,,,,,,
base__seed_202__v_p12__snr_p35__delay_p8ns,base,202,8.0,12.0,35.0,level2,D1_ordinary_LS,ok,5.830300685569252,8.0,-2.1696993144307477,0.0008876360079739243,,,,,,,,,,,,,,,,,
base__seed_202__v_p12__snr_p35__delay_p8ns,base,202,8.0,12.0,35.0,level2,D2_weighted_LS,ok,5.832181082151534,8.0,-2.167818917848466,0.000138848990900442,,,,,,,,,,,,,,,,,
base__seed_202__v_p12__snr_p35__delay_p8ns,base,202,8.0,12.0,35.0,level2,D3_Huber_weighted_LS,ok,5.783639411373351,8.0,-2.2163605886266486,0.0012664649984799325,,,,,,,,,,,,,,,,,
base__seed_202__v_p12__snr_p35__delay_p8ns,base,202,8.0,12.0,35.0,level2,D4_generalized_phase_slope_ML,ok,6.094020466724723,8.0,-1.9059795332752767,1.1010233520064503,,,,,,,,,,,,,,,,,
base__seed_202__v_p12__snr_p35__delay_p8ns,base,202,8.0,12.0,35.0,level2,cross_correlation,ok,2.6325874598715044,8.0,-5.367412540128496,1.0932406470237765,,,,,,,,,,,,,,,,,
base__seed_202__v_p12__snr_p35__delay_p8ns,base,202,8.0,12.0,35.0,level2,gcc_phat,ok,0.41470177669849684,8.0,-7.585298223301503,1.7369976030022372,,,,,,,,,,,,,,,,,
base__seed_202__v_p12__snr_p35__delay_p8ns,base,202,8.0,12.0,35.0,level2,oversampled_cross_correlation,ok,0.5904948126112183,8.0,-7.409505187388782,1.1437786919996142,,,,,,,,,,,,,,,,,
base__seed_202__v_p12__snr_p35__delay_m8ns,base,202,-8.0,12.0,35.0,level2,D1_ordinary_LS,ok,-2.124996240596302,-8.0,5.875003759403699,0.000593176984693855,,,,,,,,,,,,,,,,,
base__seed_202__v_p12__snr_p35__delay_m8ns,base,202,-8.0,12.0,35.0,level2,D2_weighted_LS,ok,-2.2377440503422155,-8.0,5.762255949657785,0.0001437370083294809,,,,,,,,,,,,,,,,,
base__seed_202__v_p12__snr_p35__delay_m8ns,base,202,-8.0,12.0,35.0,level2,D3_Huber_weighted_LS,ok,-2.16488072457905,-8.0,5.835119275420951,0.0013117909838911146,,,,,,,,,,,,,,,,,
base__seed_202__v_p12__snr_p35__delay_m8ns,base,202,-8.0,12.0,35.0,level2,D4_generalized_phase_slope_ML,ok,9.56296069463924,-8.0,17.56296069463924,1.1192839540017303,,,,,,,,,,,,,,,,,
base__seed_202__v_p12__snr_p35__delay_m8ns,base,202,-8.0,12.0,35.0,level2,cross_correlation,ok,-2.6348528418341735,-8.0,5.3651471581658265,1.0869811919983476,,,,,,,,,,,,,,,,,
base__seed_202__v_p12__snr_p35__delay_m8ns,base,202,-8.0,12.0,35.0,level2,gcc_phat,ok,-0.40522085498112925,-8.0,7.594779145018871,1.745841741998447,,,,,,,,,,,,,,,,,
base__seed_202__v_p12__snr_p35__delay_m8ns,base,202,-8.0,12.0,35.0,level2,oversampled_cross_correlation,ok,-0.5686335476105728,-8.0,7.431366452389427,1.1910097810032312,,,,,,,,,,,,,,,,,
base__seed_303__v_p6d7__snr_p30__delay_p0ns,base,303,0.0,6.7,30.0,level2,D1_ordinary_LS,ok,-0.20086586518243718,0.0,-0.20086586518243718,0.0004919040075037628,,,,,,,,,,,,,,,,,
base__seed_303__v_p6d7__snr_p30__delay_p0ns,base,303,0.0,6.7,30.0,level2,D2_weighted_LS,ok,-0.18399017447312369,0.0,-0.18399017447312369,0.00015085999621078372,,,,,,,,,,,,,,,,,
base__seed_303__v_p6d7__snr_p30__delay_p0ns,base,303,0.0,6.7,30.0,level2,D3_Huber_weighted_LS,ok,-0.27568404507841654,0.0,-0.27568404507841654,0.0012704439868684858,,,,,,,,,,,,,,,,,
base__seed_303__v_p6d7__snr_p30__delay_p0ns,base,303,0.0,6.7,30.0,level2,D4_generalized_phase_slope_ML,ok,-0.07188348365212852,0.0,-0.07188348365212852,1.1010835729830433,,,,,,,,,,,,,,,,,
base__seed_303__v_p6d7__snr_p30__delay_p0ns,base,303,0.0,6.7,30.0,level2,cross_correlation,ok,-0.03230636654742368,0.0,-0.03230636654742368,1.1037037950009108,,,,,,,,,,,,,,,,,
base__seed_303__v_p6d7__snr_p30__delay_p0ns,base,303,0.0,6.7,30.0,level2,gcc_phat,ok,-0.03226597699457629,0.0,-0.03226597699457629,1.7167333279794548,,,,,,,,,,,,,,,,,
base__seed_303__v_p6d7__snr_p30__delay_p0ns,base,303,0.0,6.7,30.0,level2,oversampled_cross_correlation,ok,-0.02506353049254544,0.0,-0.02506353049254544,1.105062012997223,,,,,,,,,,,,,,,,,
base__seed_303__v_p6d7__snr_p30__delay_p1ns,base,303,1.0,6.7,30.0,level2,D1_ordinary_LS,ok,0.6439489150276227,1.0,-0.35605108497237725,0.00018988398369401693,,,,,,,,,,,,,,,,,
base__seed_303__v_p6d7__snr_p30__delay_p1ns,base,303,1.0,6.7,30.0,level2,D2_weighted_LS,ok,0.6537263738354662,1.0,-0.34627362616453383,0.00014463099068962038,,,,,,,,,,,,,,,,,
base__seed_303__v_p6d7__snr_p30__delay_p1ns,base,303,1.0,6.7,30.0,level2,D3_Huber_weighted_LS,ok,0.5775029175493848,1.0,-0.42249708245061524,0.0014928859891369939,,,,,,,,,,,,,,,,,
base__seed_303__v_p6d7__snr_p30__delay_p1ns,base,303,1.0,6.7,30.0,level2,D4_generalized_phase_slope_ML,ok,0.9095941004738033,1.0,-0.09040589952619671,1.0965682679961901,,,,,,,,,,,,,,,,,
base__seed_303__v_p6d7__snr_p30__delay_p1ns,base,303,1.0,6.7,30.0,level2,cross_correlation,ok,0.1923050463995523,1.0,-0.8076949536004477,1.1638446360011585,,,,,,,,,,,,,,,,,
base__seed_303__v_p6d7__snr_p30__delay_p1ns,base,303,1.0,6.7,30.0,level2,gcc_phat,ok,0.06510723806080905,1.0,-0.9348927619391909,1.7845924510038458,,,,,,,,,,,,,,,,,
base__seed_303__v_p6d7__snr_p30__delay_p1ns,base,303,1.0,6.7,30.0,level2,oversampled_cross_correlation,ok,0.21910778353860869,1.0,-0.7808922164613913,1.0960931929876097,,,,,,,,,,,,,,,,,
base__seed_303__v_p6d7__snr_p30__delay_m1ns,base,303,-1.0,6.7,30.0,level2,D1_ordinary_LS,ok,-0.1364853969075664,-1.0,0.8635146030924337,0.18017519198474474,,,,,,,,,,,,,,,,,
base__seed_303__v_p6d7__snr_p30__delay_m1ns,base,303,-1.0,6.7,30.0,level2,D2_weighted_LS,ok,-0.11357026353866086,-1.0,0.8864297364613392,0.00018136799917556345,,,,,,,,,,,,,,,,,
base__seed_303__v_p6d7__snr_p30__delay_m1ns,base,303,-1.0,6.7,30.0,level2,D3_Huber_weighted_LS,ok,-0.18909820887217735,-1.0,0.8109017911278227,0.001589783001691103,,,,,,,,,,,,,,,,,
base__seed_303__v_p6d7__snr_p30__delay_m1ns,base,303,-1.0,6.7,30.0,level2,D4_generalized_phase_slope_ML,ok,0.5790806102633536,-1.0,1.5790806102633534,1.142613648000406,,,,,,,,,,,,,,,,,
base__seed_303__v_p6d7__snr_p30__delay_m1ns,base,303,-1.0,6.7,30.0,level2,cross_correlation,ok,-0.2560174441550432,-1.0,0.7439825558449569,1.080232779000653,,,,,,,,,,,,,,,,,
base__seed_303__v_p6d7__snr_p30__delay_m1ns,base,303,-1.0,6.7,30.0,level2,gcc_phat,ok,-0.12133143141138808,-1.0,0.878668568588612,1.7269638149882667,,,,,,,,,,,,,,,,,
base__seed_303__v_p6d7__snr_p30__delay_m1ns,base,303,-1.0,6.7,30.0,level2,oversampled_cross_correlation,ok,-0.26720545755995634,-1.0,0.7327945424400437,1.1595535119995475,,,,,,,,,,,,,,,,,
base__seed_303__v_p6d7__snr_p30__delay_p2ns,base,303,2.0,6.7,30.0,level2,D1_ordinary_LS,ok,1.442631712083785,2.0,-0.557368287916215,0.04463177299476229,,,,,,,,,,,,,,,,,
base__seed_303__v_p6d7__snr_p30__delay_p2ns,base,303,2.0,6.7,30.0,level2,D2_weighted_LS,ok,1.44614965960235,2.0,-0.55385034039765,0.00015636900207027793,,,,,,,,,,,,,,,,,
base__seed_303__v_p6d7__snr_p30__delay_p2ns,base,303,2.0,6.7,30.0,level2,D3_Huber_weighted_LS,ok,1.3843799563370112,2.0,-0.6156200436629888,0.0012896409898530692,,,,,,,,,,,,,,,,,
base__seed_303__v_p6d7__snr_p30__delay_p2ns,base,303,2.0,6.7,30.0,level2,D4_generalized_phase_slope_ML,ok,1.8443569259846024,2.0,-0.15564307401539756,1.1494261639891192,,,,,,,,,,,,,,,,,
base__seed_303__v_p6d7__snr_p30__delay_p2ns,base,303,2.0,6.7,30.0,level2,cross_correlation,ok,0.44560862357747005,2.0,-1.55439137642253,1.1167591879784595,,,,,,,,,,,,,,,,,
base__seed_303__v_p6d7__snr_p30__delay_p2ns,base,303,2.0,6.7,30.0,level2,gcc_phat,ok,0.08505022324866021,2.0,-1.9149497767513397,1.724043979018461,,,,,,,,,,,,,,,,,
base__seed_303__v_p6d7__snr_p30__delay_p2ns,base,303,2.0,6.7,30.0,level2,oversampled_cross_correlation,ok,0.43105710825771426,2.0,-1.5689428917422856,1.115814838994993,,,,,,,,,,,,,,,,,
base__seed_303__v_p6d7__snr_p30__delay_m2ns,base,303,-2.0,6.7,30.0,level2,D1_ordinary_LS,ok,-0.0724458344893551,-2.0,1.927554165510645,0.25988594797672704,,,,,,,,,,,,,,,,,
base__seed_303__v_p6d7__snr_p30__delay_m2ns,base,303,-2.0,6.7,30.0,level2,D2_weighted_LS,ok,-0.05073448923908214,-2.0,1.9492655107609178,0.0002873889752663672,,,,,,,,,,,,,,,,,
base__seed_303__v_p6d7__snr_p30__delay_m2ns,base,303,-2.0,6.7,30.0,level2,D3_Huber_weighted_LS,ok,-0.11369647491595448,-2.0,1.8863035250840454,0.383751499990467,,,,,,,,,,,,,,,,,
base__seed_303__v_p6d7__snr_p30__delay_m2ns,base,303,-2.0,6.7,30.0,level2,D4_generalized_phase_slope_ML,ok,1.332251486985841,-2.0,3.3322514869858413,1.202822597027989,,,,,,,,,,,,,,,,,
base__seed_303__v_p6d7__snr_p30__delay_m2ns,base,303,-2.0,6.7,30.0,level2,cross_correlation,ok,-0.5075029513982371,-2.0,1.4924970486017628,1.1088691139884759,,,,,,,,,,,,,,,,,
base__seed_303__v_p6d7__snr_p30__delay_m2ns,base,303,-2.0,6.7,30.0,level2,gcc_phat,ok,-0.12706217787059332,-2.0,1.8729378221294066,1.7462795059836935,,,,,,,,,,,,,,,,,
base__seed_303__v_p6d7__snr_p30__delay_m2ns,base,303,-2.0,6.7,30.0,level2,oversampled_cross_correlation,ok,-0.476403430158348,-2.0,1.523596569841652,1.2519685810257215,,,,,,,,,,,,,,,,,
base__seed_303__v_p6d7__snr_p30__delay_p4ns,base,303,4.0,6.7,30.0,level2,D1_ordinary_LS,ok,2.933816271958409,4.0,-1.0661837280415911,0.0026333919959142804,,,,,,,,,,,,,,,,,
base__seed_303__v_p6d7__snr_p30__delay_p4ns,base,303,4.0,6.7,30.0,level2,D2_weighted_LS,ok,2.9274945783423916,4.0,-1.0725054216576084,0.00016363500617444515,,,,,,,,,,,,,,,,,
base__seed_303__v_p6d7__snr_p30__delay_p4ns,base,303,4.0,6.7,30.0,level2,D3_Huber_weighted_LS,ok,2.90748763912392,4.0,-1.0925123608760798,0.0015007239999249578,,,,,,,,,,,,,,,,,
base__seed_303__v_p6d7__snr_p30__delay_p4ns,base,303,4.0,6.7,30.0,level2,D4_generalized_phase_slope_ML,ok,3.5096473794518395,4.0,-0.49035262054816053,1.1045186670089606,,,,,,,,,,,,,,,,,
base__seed_303__v_p6d7__snr_p30__delay_p4ns,base,303,4.0,6.7,30.0,level2,cross_correlation,ok,1.0331559440278688,4.0,-2.966844055972131,1.1153459759952966,,,,,,,,,,,,,,,,,
base__seed_303__v_p6d7__snr_p30__delay_p4ns,base,303,4.0,6.7,30.0,level2,gcc_phat,ok,0.08314303444529836,4.0,-3.9168569655547016,1.710789080010727,,,,,,,,,,,,,,,,,
base__seed_303__v_p6d7__snr_p30__delay_p4ns,base,303,4.0,6.7,30.0,level2,oversampled_cross_correlation,ok,0.7251267296663493,4.0,-3.274873270333651,1.1773724209924694,,,,,,,,,,,,,,,,,
base__seed_303__v_p6d7__snr_p30__delay_m4ns,base,303,-4.0,6.7,30.0,level2,D1_ordinary_LS,ok,-0.17036086201098533,-4.0,3.8296391379890147,0.0011934360081795603,,,,,,,,,,,,,,,,,
base__seed_303__v_p6d7__snr_p30__delay_m4ns,base,303,-4.0,6.7,30.0,level2,D2_weighted_LS,ok,-0.15792599205300573,-4.0,3.8420740079469944,0.0001946450211107731,,,,,,,,,,,,,,,,,
base__seed_303__v_p6d7__snr_p30__delay_m4ns,base,303,-4.0,6.7,30.0,level2,D3_Huber_weighted_LS,ok,-0.20907850684079904,-4.0,3.790921493159201,0.001863906014477834,,,,,,,,,,,,,,,,,
base__seed_303__v_p6d7__snr_p30__delay_m4ns,base,303,-4.0,6.7,30.0,level2,D4_generalized_phase_slope_ML,ok,3.257442942723497,-4.0,7.257442942723497,1.2033082430134527,,,,,,,,,,,,,,,,,
base__seed_303__v_p6d7__snr_p30__delay_m4ns,base,303,-4.0,6.7,30.0,level2,cross_correlation,ok,-1.0888002232318585,-4.0,2.9111997767681412,1.1018519840145018,,,,,,,,,,,,,,,,,
base__seed_303__v_p6d7__snr_p30__delay_m4ns,base,303,-4.0,6.7,30.0,level2,gcc_phat,ok,-0.11755112552183229,-4.0,3.8824488744781678,1.7222922230139375,,,,,,,,,,,,,,,,,
base__seed_303__v_p6d7__snr_p30__delay_m4ns,base,303,-4.0,6.7,30.0,level2,oversampled_cross_correlation,ok,-0.7622458358228673,-4.0,3.2377541641771326,1.1432112080219667,,,,,,,,,,,,,,,,,
base__seed_303__v_p6d7__snr_p30__delay_p8ns,base,303,8.0,6.7,30.0,level2,D1_ordinary_LS,ok,5.3374983955984785,8.0,-2.6625016044015215,0.08378152598743327,,,,,,,,,,,,,,,,,
base__seed_303__v_p6d7__snr_p30__delay_p8ns,base,303,8.0,6.7,30.0,level2,D2_weighted_LS,ok,5.328402321876067,8.0,-2.6715976781239332,0.0002192310057580471,,,,,,,,,,,,,,,,,
base__seed_303__v_p6d7__snr_p30__delay_p8ns,base,303,8.0,6.7,30.0,level2,D3_Huber_weighted_LS,ok,5.29521175191175,8.0,-2.70478824808825,0.0020221050071995705,,,,,,,,,,,,,,,,,
base__seed_303__v_p6d7__snr_p30__delay_p8ns,base,303,8.0,6.7,30.0,level2,D4_generalized_phase_slope_ML,ok,5.928651192044526,8.0,-2.0713488079554736,1.1458183129725512,,,,,,,,,,,,,,,,,
base__seed_303__v_p6d7__snr_p30__delay_p8ns,base,303,8.0,6.7,30.0,level2,cross_correlation,ok,2.5371590095189256,8.0,-5.462840990481075,1.075706572009949,,,,,,,,,,,,,,,,,
base__seed_303__v_p6d7__snr_p30__delay_p8ns,base,303,8.0,6.7,30.0,level2,gcc_phat,ok,0.3799763798889048,8.0,-7.620023620111096,1.7399174989841413,,,,,,,,,,,,,,,,,
base__seed_303__v_p6d7__snr_p30__delay_p8ns,base,303,8.0,6.7,30.0,level2,oversampled_cross_correlation,ok,0.5147391081603605,8.0,-7.48526089183964,1.0907693870249204,,,,,,,,,,,,,,,,,
base__seed_303__v_p6d7__snr_p30__delay_m8ns,base,303,-8.0,6.7,30.0,level2,D1_ordinary_LS,ok,-1.2069491171271503,-8.0,6.7930508828728495,0.0004928690032102168,,,,,,,,,,,,,,,,,
base__seed_303__v_p6d7__snr_p30__delay_m8ns,base,303,-8.0,6.7,30.0,level2,D2_weighted_LS,ok,-1.219369536048691,-8.0,6.780630463951309,0.00015043801977299154,,,,,,,,,,,,,,,,,
base__seed_303__v_p6d7__snr_p30__delay_m8ns,base,303,-8.0,6.7,30.0,level2,D3_Huber_weighted_LS,ok,-1.203374851344447,-8.0,6.7966251486555525,0.0013184609997551888,,,,,,,,,,,,,,,,,
base__seed_303__v_p6d7__snr_p30__delay_m8ns,base,303,-8.0,6.7,30.0,level2,D4_generalized_phase_slope_ML,ok,9.460536678770753,-8.0,17.46053667877075,1.1618143920204602,,,,,,,,,,,,,,,,,
base__seed_303__v_p6d7__snr_p30__delay_m8ns,base,303,-8.0,6.7,30.0,level2,cross_correlation,ok,-2.569903208485748,-8.0,5.430096791514252,1.0596726779767778,,,,,,,,,,,,,,,,,
base__seed_303__v_p6d7__snr_p30__delay_m8ns,base,303,-8.0,6.7,30.0,level2,gcc_phat,ok,-0.4177127669906291,-8.0,7.582287233009371,1.7213453490112443,,,,,,,,,,,,,,,,,
base__seed_303__v_p6d7__snr_p30__delay_m8ns,base,303,-8.0,6.7,30.0,level2,oversampled_cross_correlation,ok,-0.5195736719695654,-8.0,7.480426328030434,1.189739428984467,,,,,,,,,,,,,,,,,
base__seed_303__v_p6d7__snr_p35__delay_p0ns,base,303,0.0,6.7,35.0,level2,D1_ordinary_LS,ok,-0.20086586518243718,0.0,-0.20086586518243718,0.0004975500050932169,,,,,,,,,,,,,,,,,
base__seed_303__v_p6d7__snr_p35__delay_p0ns,base,303,0.0,6.7,35.0,level2,D2_weighted_LS,ok,-0.18399017447312369,0.0,-0.18399017447312369,0.00013695901725441217,,,,,,,,,,,,,,,,,
base__seed_303__v_p6d7__snr_p35__delay_p0ns,base,303,0.0,6.7,35.0,level2,D3_Huber_weighted_LS,ok,-0.27568404507841654,0.0,-0.27568404507841654,0.0015198870096355677,,,,,,,,,,,,,,,,,
base__seed_303__v_p6d7__snr_p35__delay_p0ns,base,303,0.0,6.7,35.0,level2,D4_generalized_phase_slope_ML,ok,-0.07188348365212852,0.0,-0.07188348365212852,1.1339295170037076,,,,,,,,,,,,,,,,,
base__seed_303__v_p6d7__snr_p35__delay_p0ns,base,303,0.0,6.7,35.0,level2,cross_correlation,ok,-0.03230636654742368,0.0,-0.03230636654742368,1.0860461650008801,,,,,,,,,,,,,,,,,
base__seed_303__v_p6d7__snr_p35__delay_p0ns,base,303,0.0,6.7,35.0,level2,gcc_phat,ok,-0.03226597699457629,0.0,-0.03226597699457629,1.705770799977472,,,,,,,,,,,,,,,,,
base__seed_303__v_p6d7__snr_p35__delay_p0ns,base,303,0.0,6.7,35.0,level2,oversampled_cross_correlation,ok,-0.02506353049254544,0.0,-0.02506353049254544,1.1607913370244205,,,,,,,,,,,,,,,,,
base__seed_303__v_p6d7__snr_p35__delay_p1ns,base,303,1.0,6.7,35.0,level2,D1_ordinary_LS,ok,0.6439489150276227,1.0,-0.35605108497237725,0.000490567006636411,,,,,,,,,,,,,,,,,
base__seed_303__v_p6d7__snr_p35__delay_p1ns,base,303,1.0,6.7,35.0,level2,D2_weighted_LS,ok,0.6537263738354662,1.0,-0.34627362616453383,0.00013283800217323005,,,,,,,,,,,,,,,,,
base__seed_303__v_p6d7__snr_p35__delay_p1ns,base,303,1.0,6.7,35.0,level2,D3_Huber_weighted_LS,ok,0.5775029175493848,1.0,-0.42249708245061524,0.0013067340187262744,,,,,,,,,,,,,,,,,
base__seed_303__v_p6d7__snr_p35__delay_p1ns,base,303,1.0,6.7,35.0,level2,D4_generalized_phase_slope_ML,ok,0.9095941004738033,1.0,-0.09040589952619671,1.1884278139914386,,,,,,,,,,,,,,,,,
base__seed_303__v_p6d7__snr_p35__delay_p1ns,base,303,1.0,6.7,35.0,level2,cross_correlation,ok,0.1923050463995523,1.0,-0.8076949536004477,1.0711921899928711,,,,,,,,,,,,,,,,,
base__seed_303__v_p6d7__snr_p35__delay_p1ns,base,303,1.0,6.7,35.0,level2,gcc_phat,ok,0.06510723806080905,1.0,-0.9348927619391909,1.7277003710041754,,,,,,,,,,,,,,,,,
base__seed_303__v_p6d7__snr_p35__delay_p1ns,base,303,1.0,6.7,35.0,level2,oversampled_cross_correlation,ok,0.21910778353860869,1.0,-0.7808922164613913,1.2260869560122956,,,,,,,,,,,,,,,,,
base__seed_303__v_p6d7__snr_p35__delay_m1ns,base,303,-1.0,6.7,35.0,level2,D1_ordinary_LS,ok,-0.1364853969075664,-1.0,0.8635146030924337,0.0005123580049257725,,,,,,,,,,,,,,,,,
base__seed_303__v_p6d7__snr_p35__delay_m1ns,base,303,-1.0,6.7,35.0,level2,D2_weighted_LS,ok,-0.11357026353866086,-1.0,0.8864297364613392,0.0001326990022789687,,,,,,,,,,,,,,,,,
base__seed_303__v_p6d7__snr_p35__delay_m1ns,base,303,-1.0,6.7,35.0,level2,D3_Huber_weighted_LS,ok,-0.18909820887217735,-1.0,0.8109017911278227,0.0013079239870421588,,,,,,,,,,,,,,,,,
base__seed_303__v_p6d7__snr_p35__delay_m1ns,base,303,-1.0,6.7,35.0,level2,D4_generalized_phase_slope_ML,ok,0.5790806102633536,-1.0,1.5790806102633534,1.1375383639824577,,,,,,,,,,,,,,,,,
base__seed_303__v_p6d7__snr_p35__delay_m1ns,base,303,-1.0,6.7,35.0,level2,cross_correlation,ok,-0.2560174441550432,-1.0,0.7439825558449569,1.1175641680019908,,,,,,,,,,,,,,,,,
base__seed_303__v_p6d7__snr_p35__delay_m1ns,base,303,-1.0,6.7,35.0,level2,gcc_phat,ok,-0.12133143141138808,-1.0,0.878668568588612,1.7868013449769933,,,,,,,,,,,,,,,,,
base__seed_303__v_p6d7__snr_p35__delay_m1ns,base,303,-1.0,6.7,35.0,level2,oversampled_cross_correlation,ok,-0.26720545755995634,-1.0,0.7327945424400437,1.1427732369920705,,,,,,,,,,,,,,,,,
base__seed_303__v_p6d7__snr_p35__delay_p2ns,base,303,2.0,6.7,35.0,level2,D1_ordinary_LS,ok,1.442631712083785,2.0,-0.557368287916215,0.00090046800323762,,,,,,,,,,,,,,,,,
base__seed_303__v_p6d7__snr_p35__delay_p2ns,base,303,2.0,6.7,35.0,level2,D2_weighted_LS,ok,1.44614965960235,2.0,-0.55385034039765,0.00013654000940732658,,,,,,,,,,,,,,,,,
base__seed_303__v_p6d7__snr_p35__delay_p2ns,base,303,2.0,6.7,35.0,level2,D3_Huber_weighted_LS,ok,1.3843799563370112,2.0,-0.6156200436629888,0.0013025470252614468,,,,,,,,,,,,,,,,,
base__seed_303__v_p6d7__snr_p35__delay_p2ns,base,303,2.0,6.7,35.0,level2,D4_generalized_phase_slope_ML,ok,1.8443569259846024,2.0,-0.15564307401539756,1.1678934630181175,,,,,,,,,,,,,,,,,
base__seed_303__v_p6d7__snr_p35__delay_p2ns,base,303,2.0,6.7,35.0,level2,cross_correlation,ok,0.44560862357747005,2.0,-1.55439137642253,1.1125612700125203,,,,,,,,,,,,,,,,,
base__seed_303__v_p6d7__snr_p35__delay_p2ns,base,303,2.0,6.7,35.0,level2,gcc_phat,ok,0.08505022324866021,2.0,-1.9149497767513397,1.7470910570118576,,,,,,,,,,,,,,,,,
base__seed_303__v_p6d7__snr_p35__delay_p2ns,base,303,2.0,6.7,35.0,level2,oversampled_cross_correlation,ok,0.43105710825771426,2.0,-1.5689428917422856,1.1387345229741186,,,,,,,,,,,,,,,,,
base__seed_303__v_p6d7__snr_p35__delay_m2ns,base,303,-2.0,6.7,35.0,level2,D1_ordinary_LS,ok,-0.0724458344893551,-2.0,1.927554165510645,0.000541273009730503,,,,,,,,,,,,,,,,,
base__seed_303__v_p6d7__snr_p35__delay_m2ns,base,303,-2.0,6.7,35.0,level2,D2_weighted_LS,ok,-0.05073448923908214,-2.0,1.9492655107609178,0.00014073200873099267,,,,,,,,,,,,,,,,,
base__seed_303__v_p6d7__snr_p35__delay_m2ns,base,303,-2.0,6.7,35.0,level2,D3_Huber_weighted_LS,ok,-0.11369647491595448,-2.0,1.8863035250840454,0.0014744289801456034,,,,,,,,,,,,,,,,,
base__seed_303__v_p6d7__snr_p35__delay_m2ns,base,303,-2.0,6.7,35.0,level2,D4_generalized_phase_slope_ML,ok,1.332251486985841,-2.0,3.3322514869858413,1.1213704549882095,,,,,,,,,,,,,,,,,
base__seed_303__v_p6d7__snr_p35__delay_m2ns,base,303,-2.0,6.7,35.0,level2,cross_correlation,ok,-0.5075029513982371,-2.0,1.4924970486017628,1.1315345269977115,,,,,,,,,,,,,,,,,
base__seed_303__v_p6d7__snr_p35__delay_m2ns,base,303,-2.0,6.7,35.0,level2,gcc_phat,ok,-0.12706217787059332,-2.0,1.8729378221294066,1.7329014540009666,,,,,,,,,,,,,,,,,
base__seed_303__v_p6d7__snr_p35__delay_m2ns,base,303,-2.0,6.7,35.0,level2,oversampled_cross_correlation,ok,-0.476403430158348,-2.0,1.523596569841652,1.2073464049899485,,,,,,,,,,,,,,,,,
base__seed_303__v_p6d7__snr_p35__delay_p4ns,base,303,4.0,6.7,35.0,level2,D1_ordinary_LS,ok,2.933816271958409,4.0,-1.0661837280415911,0.0005092660139780492,,,,,,,,,,,,,,,,,
base__seed_303__v_p6d7__snr_p35__delay_p4ns,base,303,4.0,6.7,35.0,level2,D2_weighted_LS,ok,2.9274945783423916,4.0,-1.0725054216576084,0.00013597699580714107,,,,,,,,,,,,,,,,,
base__seed_303__v_p6d7__snr_p35__delay_p4ns,base,303,4.0,6.7,35.0,level2,D3_Huber_weighted_LS,ok,2.90748763912392,4.0,-1.0925123608760798,0.00125633500283584,,,,,,,,,,,,,,,,,
base__seed_303__v_p6d7__snr_p35__delay_p4ns,base,303,4.0,6.7,35.0,level2,D4_generalized_phase_slope_ML,ok,3.5096473794518395,4.0,-0.49035262054816053,1.124328195990529,,,,,,,,,,,,,,,,,
base__seed_303__v_p6d7__snr_p35__delay_p4ns,base,303,4.0,6.7,35.0,level2,cross_correlation,ok,1.0331559440278688,4.0,-2.966844055972131,1.1027736280229874,,,,,,,,,,,,,,,,,
base__seed_303__v_p6d7__snr_p35__delay_p4ns,base,303,4.0,6.7,35.0,level2,gcc_phat,ok,0.08314303444529836,4.0,-3.9168569655547016,1.7266876870125998,,,,,,,,,,,,,,,,,
base__seed_303__v_p6d7__snr_p35__delay_p4ns,base,303,4.0,6.7,35.0,level2,oversampled_cross_correlation,ok,0.7251267296663493,4.0,-3.274873270333651,1.177939139015507,,,,,,,,,,,,,,,,,
base__seed_303__v_p6d7__snr_p35__delay_m4ns,base,303,-4.0,6.7,35.0,level2,D1_ordinary_LS,ok,-0.17036086201098533,-4.0,3.8296391379890147,0.0010166559950448573,,,,,,,,,,,,,,,,,
base__seed_303__v_p6d7__snr_p35__delay_m4ns,base,303,-4.0,6.7,35.0,level2,D2_weighted_LS,ok,-0.15792599205300573,-4.0,3.8420740079469944,0.0001380729954689741,,,,,,,,,,,,,,,,,
base__seed_303__v_p6d7__snr_p35__delay_m4ns,base,303,-4.0,6.7,35.0,level2,D3_Huber_weighted_LS,ok,-0.20907850684079904,-4.0,3.790921493159201,0.0018754049960989505,,,,,,,,,,,,,,,,,
base__seed_303__v_p6d7__snr_p35__delay_m4ns,base,303,-4.0,6.7,35.0,level2,D4_generalized_phase_slope_ML,ok,3.257442942723497,-4.0,7.257442942723497,1.1408886229910422,,,,,,,,,,,,,,,,,
base__seed_303__v_p6d7__snr_p35__delay_m4ns,base,303,-4.0,6.7,35.0,level2,cross_correlation,ok,-1.0888002232318585,-4.0,2.9111997767681412,1.0722493039793335,,,,,,,,,,,,,,,,,
base__seed_303__v_p6d7__snr_p35__delay_m4ns,base,303,-4.0,6.7,35.0,level2,gcc_phat,ok,-0.11755112552183229,-4.0,3.8824488744781678,1.7229677269933745,,,,,,,,,,,,,,,,,
base__seed_303__v_p6d7__snr_p35__delay_m4ns,base,303,-4.0,6.7,35.0,level2,oversampled_cross_correlation,ok,-0.7622458358228673,-4.0,3.2377541641771326,1.1663785849814303,,,,,,,,,,,,,,,,,
base__seed_303__v_p6d7__snr_p35__delay_p8ns,base,303,8.0,6.7,35.0,level2,D1_ordinary_LS,ok,5.3374983955984785,8.0,-2.6625016044015215,0.002204924006946385,,,,,,,,,,,,,,,,,
base__seed_303__v_p6d7__snr_p35__delay_p8ns,base,303,8.0,6.7,35.0,level2,D2_weighted_LS,ok,5.328402321876067,8.0,-2.6715976781239332,0.00013625802239403129,,,,,,,,,,,,,,,,,
base__seed_303__v_p6d7__snr_p35__delay_p8ns,base,303,8.0,6.7,35.0,level2,D3_Huber_weighted_LS,ok,5.29521175191175,8.0,-2.70478824808825,0.0012319799861870706,,,,,,,,,,,,,,,,,
base__seed_303__v_p6d7__snr_p35__delay_p8ns,base,303,8.0,6.7,35.0,level2,D4_generalized_phase_slope_ML,ok,5.928651192044526,8.0,-2.0713488079554736,1.1924714839842636,,,,,,,,,,,,,,,,,
base__seed_303__v_p6d7__snr_p35__delay_p8ns,base,303,8.0,6.7,35.0,level2,cross_correlation,ok,2.5371590095189256,8.0,-5.462840990481075,1.0574320230225567,,,,,,,,,,,,,,,,,
base__seed_303__v_p6d7__snr_p35__delay_p8ns,base,303,8.0,6.7,35.0,level2,gcc_phat,ok,0.3799763798889048,8.0,-7.620023620111096,1.7010113279975485,,,,,,,,,,,,,,,,,
base__seed_303__v_p6d7__snr_p35__delay_p8ns,base,303,8.0,6.7,35.0,level2,oversampled_cross_correlation,ok,0.5147391081603605,8.0,-7.48526089183964,1.1999462179956026,,,,,,,,,,,,,,,,,
base__seed_303__v_p6d7__snr_p35__delay_m8ns,base,303,-8.0,6.7,35.0,level2,D1_ordinary_LS,ok,-1.2069491171271503,-8.0,6.7930508828728495,0.002456847985740751,,,,,,,,,,,,,,,,,
base__seed_303__v_p6d7__snr_p35__delay_m8ns,base,303,-8.0,6.7,35.0,level2,D2_weighted_LS,ok,-1.219369536048691,-8.0,6.780630463951309,0.00014058899250812829,,,,,,,,,,,,,,,,,
base__seed_303__v_p6d7__snr_p35__delay_m8ns,base,303,-8.0,6.7,35.0,level2,D3_Huber_weighted_LS,ok,-1.203374851344447,-8.0,6.7966251486555525,0.0012678829953074455,,,,,,,,,,,,,,,,,
base__seed_303__v_p6d7__snr_p35__delay_m8ns,base,303,-8.0,6.7,35.0,level2,D4_generalized_phase_slope_ML,ok,9.460536678770753,-8.0,17.46053667877075,1.1726723879983183,,,,,,,,,,,,,,,,,
base__seed_303__v_p6d7__snr_p35__delay_m8ns,base,303,-8.0,6.7,35.0,level2,cross_correlation,ok,-2.569903208485748,-8.0,5.430096791514252,1.1481291549862362,,,,,,,,,,,,,,,,,
base__seed_303__v_p6d7__snr_p35__delay_m8ns,base,303,-8.0,6.7,35.0,level2,gcc_phat,ok,-0.4177127669906291,-8.0,7.582287233009371,1.7411572599958163,,,,,,,,,,,,,,,,,
base__seed_303__v_p6d7__snr_p35__delay_m8ns,base,303,-8.0,6.7,35.0,level2,oversampled_cross_correlation,ok,-0.5195736719695654,-8.0,7.480426328030434,1.2313829240156338,,,,,,,,,,,,,,,,,
base__seed_303__v_p12__snr_p30__delay_p0ns,base,303,0.0,12.0,30.0,level2,D1_ordinary_LS,ok,-0.20086586518243718,0.0,-0.20086586518243718,0.002865913003915921,,,,,,,,,,,,,,,,,
base__seed_303__v_p12__snr_p30__delay_p0ns,base,303,0.0,12.0,30.0,level2,D2_weighted_LS,ok,-0.18399017447312369,0.0,-0.18399017447312369,0.00020582100842148066,,,,,,,,,,,,,,,,,
base__seed_303__v_p12__snr_p30__delay_p0ns,base,303,0.0,12.0,30.0,level2,D3_Huber_weighted_LS,ok,-0.27568404507841654,0.0,-0.27568404507841654,0.0016466340166516602,,,,,,,,,,,,,,,,,
base__seed_303__v_p12__snr_p30__delay_p0ns,base,303,0.0,12.0,30.0,level2,D4_generalized_phase_slope_ML,ok,-0.07188348365212852,0.0,-0.07188348365212852,1.2327102110139094,,,,,,,,,,,,,,,,,
base__seed_303__v_p12__snr_p30__delay_p0ns,base,303,0.0,12.0,30.0,level2,cross_correlation,ok,-0.03230636654742368,0.0,-0.03230636654742368,1.0743319890170824,,,,,,,,,,,,,,,,,
base__seed_303__v_p12__snr_p30__delay_p0ns,base,303,0.0,12.0,30.0,level2,gcc_phat,ok,-0.03226597699457629,0.0,-0.03226597699457629,1.7842241410107818,,,,,,,,,,,,,,,,,
base__seed_303__v_p12__snr_p30__delay_p0ns,base,303,0.0,12.0,30.0,level2,oversampled_cross_correlation,ok,-0.02506353049254544,0.0,-0.02506353049254544,1.2681465019995812,,,,,,,,,,,,,,,,,
base__seed_303__v_p12__snr_p30__delay_p1ns,base,303,1.0,12.0,30.0,level2,D1_ordinary_LS,ok,0.6439489150276227,1.0,-0.35605108497237725,0.0011160580033902079,,,,,,,,,,,,,,,,,
base__seed_303__v_p12__snr_p30__delay_p1ns,base,303,1.0,12.0,30.0,level2,D2_weighted_LS,ok,0.6537263738354662,1.0,-0.34627362616453383,0.00014282498159445822,,,,,,,,,,,,,,,,,
base__seed_303__v_p12__snr_p30__delay_p1ns,base,303,1.0,12.0,30.0,level2,D3_Huber_weighted_LS,ok,0.5775029175493848,1.0,-0.42249708245061524,0.00123066600644961,,,,,,,,,,,,,,,,,
base__seed_303__v_p12__snr_p30__delay_p1ns,base,303,1.0,12.0,30.0,level2,D4_generalized_phase_slope_ML,ok,0.9095941004738033,1.0,-0.09040589952619671,1.215874815999996,,,,,,,,,,,,,,,,,
base__seed_303__v_p12__snr_p30__delay_p1ns,base,303,1.0,12.0,30.0,level2,cross_correlation,ok,0.1923050463995523,1.0,-0.8076949536004477,1.1447536849882454,,,,,,,,,,,,,,,,,
base__seed_303__v_p12__snr_p30__delay_p1ns,base,303,1.0,12.0,30.0,level2,gcc_phat,ok,0.06510723806080905,1.0,-0.9348927619391909,1.7382825379900169,,,,,,,,,,,,,,,,,
base__seed_303__v_p12__snr_p30__delay_p1ns,base,303,1.0,12.0,30.0,level2,oversampled_cross_correlation,ok,0.21910778353860869,1.0,-0.7808922164613913,1.25028647101135,,,,,,,,,,,,,,,,,
base__seed_303__v_p12__snr_p30__delay_m1ns,base,303,-1.0,12.0,30.0,level2,D1_ordinary_LS,ok,-0.1364853969075664,-1.0,0.8635146030924337,0.10181012799148448,,,,,,,,,,,,,,,,,
base__seed_303__v_p12__snr_p30__delay_m1ns,base,303,-1.0,12.0,30.0,level2,D2_weighted_LS,ok,-0.11357026353866086,-1.0,0.8864297364613392,0.0001717389968689531,,,,,,,,,,,,,,,,,
base__seed_303__v_p12__snr_p30__delay_m1ns,base,303,-1.0,12.0,30.0,level2,D3_Huber_weighted_LS,ok,-0.18909820887217735,-1.0,0.8109017911278227,0.0013379440060816705,,,,,,,,,,,,,,,,,
base__seed_303__v_p12__snr_p30__delay_m1ns,base,303,-1.0,12.0,30.0,level2,D4_generalized_phase_slope_ML,ok,0.5790806102633536,-1.0,1.5790806102633534,1.1383340079919435,,,,,,,,,,,,,,,,,
base__seed_303__v_p12__snr_p30__delay_m1ns,base,303,-1.0,12.0,30.0,level2,cross_correlation,ok,-0.2560174441550432,-1.0,0.7439825558449569,1.087424800003646,,,,,,,,,,,,,,,,,
base__seed_303__v_p12__snr_p30__delay_m1ns,base,303,-1.0,12.0,30.0,level2,gcc_phat,ok,-0.12133143141138808,-1.0,0.878668568588612,1.8921376859943848,,,,,,,,,,,,,,,,,
base__seed_303__v_p12__snr_p30__delay_m1ns,base,303,-1.0,12.0,30.0,level2,oversampled_cross_correlation,ok,-0.26720545755995634,-1.0,0.7327945424400437,1.0980977269937284,,,,,,,,,,,,,,,,,
base__seed_303__v_p12__snr_p30__delay_p2ns,base,303,2.0,12.0,30.0,level2,D1_ordinary_LS,ok,1.442631712083785,2.0,-0.557368287916215,0.0009105879871640354,,,,,,,,,,,,,,,,,
base__seed_303__v_p12__snr_p30__delay_p2ns,base,303,2.0,12.0,30.0,level2,D2_weighted_LS,ok,1.44614965960235,2.0,-0.55385034039765,0.00013451400445774198,,,,,,,,,,,,,,,,,
base__seed_303__v_p12__snr_p30__delay_p2ns,base,303,2.0,12.0,30.0,level2,D3_Huber_weighted_LS,ok,1.3843799563370112,2.0,-0.6156200436629888,0.00139256299007684,,,,,,,,,,,,,,,,,
base__seed_303__v_p12__snr_p30__delay_p2ns,base,303,2.0,12.0,30.0,level2,D4_generalized_phase_slope_ML,ok,1.8443569259846024,2.0,-0.15564307401539756,1.1391974129946902,,,,,,,,,,,,,,,,,
base__seed_303__v_p12__snr_p30__delay_p2ns,base,303,2.0,12.0,30.0,level2,cross_correlation,ok,0.44560862357747005,2.0,-1.55439137642253,1.1307618010032456,,,,,,,,,,,,,,,,,
base__seed_303__v_p12__snr_p30__delay_p2ns,base,303,2.0,12.0,30.0,level2,gcc_phat,ok,0.08505022324866021,2.0,-1.9149497767513397,1.7230805809958838,,,,,,,,,,,,,,,,,
base__seed_303__v_p12__snr_p30__delay_p2ns,base,303,2.0,12.0,30.0,level2,oversampled_cross_correlation,ok,0.43105710825771426,2.0,-1.5689428917422856,1.1452445680042729,,,,,,,,,,,,,,,,,
base__seed_303__v_p12__snr_p30__delay_m2ns,base,303,-2.0,12.0,30.0,level2,D1_ordinary_LS,ok,-0.0724458344893551,-2.0,1.927554165510645,0.00020596201648004353,,,,,,,,,,,,,,,,,
base__seed_303__v_p12__snr_p30__delay_m2ns,base,303,-2.0,12.0,30.0,level2,D2_weighted_LS,ok,-0.05073448923908214,-2.0,1.9492655107609178,0.00013081199722364545,,,,,,,,,,,,,,,,,
base__seed_303__v_p12__snr_p30__delay_m2ns,base,303,-2.0,12.0,30.0,level2,D3_Huber_weighted_LS,ok,-0.11369647491595448,-2.0,1.8863035250840454,0.001261193014215678,,,,,,,,,,,,,,,,,
base__seed_303__v_p12__snr_p30__delay_m2ns,base,303,-2.0,12.0,30.0,level2,D4_generalized_phase_slope_ML,ok,1.332251486985841,-2.0,3.3322514869858413,1.173265485005686,,,,,,,,,,,,,,,,,
base__seed_303__v_p12__snr_p30__delay_m2ns,base,303,-2.0,12.0,30.0,level2,cross_correlation,ok,-0.5075029513982371,-2.0,1.4924970486017628,1.1173054410028271,,,,,,,,,,,,,,,,,
base__seed_303__v_p12__snr_p30__delay_m2ns,base,303,-2.0,12.0,30.0,level2,gcc_phat,ok,-0.12706217787059332,-2.0,1.8729378221294066,1.819387375988299,,,,,,,,,,,,,,,,,
base__seed_303__v_p12__snr_p30__delay_m2ns,base,303,-2.0,12.0,30.0,level2,oversampled_cross_correlation,ok,-0.476403430158348,-2.0,1.523596569841652,1.2380911300133448,,,,,,,,,,,,,,,,,
base__seed_303__v_p12__snr_p30__delay_p4ns,base,303,4.0,12.0,30.0,level2,D1_ordinary_LS,ok,2.933816271958409,4.0,-1.0661837280415911,0.0026868630084209144,,,,,,,,,,,,,,,,,
base__seed_303__v_p12__snr_p30__delay_p4ns,base,303,4.0,12.0,30.0,level2,D2_weighted_LS,ok,2.9274945783423916,4.0,-1.0725054216576084,0.00016685001901350915,,,,,,,,,,,,,,,,,
base__seed_303__v_p12__snr_p30__delay_p4ns,base,303,4.0,12.0,30.0,level2,D3_Huber_weighted_LS,ok,2.90748763912392,4.0,-1.0925123608760798,0.002539078996051103,,,,,,,,,,,,,,,,,
base__seed_303__v_p12__snr_p30__delay_p4ns,base,303,4.0,12.0,30.0,level2,D4_generalized_phase_slope_ML,ok,3.5096473794518395,4.0,-0.49035262054816053,1.0837819010193925,,,,,,,,,,,,,,,,,
base__seed_303__v_p12__snr_p30__delay_p4ns,base,303,4.0,12.0,30.0,level2,cross_correlation,ok,1.0331559440278688,4.0,-2.966844055972131,1.1678795040061232,,,,,,,,,,,,,,,,,
base__seed_303__v_p12__snr_p30__delay_p4ns,base,303,4.0,12.0,30.0,level2,gcc_phat,ok,0.08314303444529836,4.0,-3.9168569655547016,1.715315161010949,,,,,,,,,,,,,,,,,
base__seed_303__v_p12__snr_p30__delay_p4ns,base,303,4.0,12.0,30.0,level2,oversampled_cross_correlation,ok,0.7251267296663493,4.0,-3.274873270333651,1.1439793489989825,,,,,,,,,,,,,,,,,
base__seed_303__v_p12__snr_p30__delay_m4ns,base,303,-4.0,12.0,30.0,level2,D1_ordinary_LS,ok,-0.17036086201098533,-4.0,3.8296391379890147,0.0009087049984373152,,,,,,,,,,,,,,,,,
base__seed_303__v_p12__snr_p30__delay_m4ns,base,303,-4.0,12.0,30.0,level2,D2_weighted_LS,ok,-0.15792599205300573,-4.0,3.8420740079469944,0.00013765698531642556,,,,,,,,,,,,,,,,,
base__seed_303__v_p12__snr_p30__delay_m4ns,base,303,-4.0,12.0,30.0,level2,D3_Huber_weighted_LS,ok,-0.20907850684079904,-4.0,3.790921493159201,0.0016265340091194957,,,,,,,,,,,,,,,,,
base__seed_303__v_p12__snr_p30__delay_m4ns,base,303,-4.0,12.0,30.0,level2,D4_generalized_phase_slope_ML,ok,3.257442942723497,-4.0,7.257442942723497,1.1653315369912889,,,,,,,,,,,,,,,,,
base__seed_303__v_p12__snr_p30__delay_m4ns,base,303,-4.0,12.0,30.0,level2,cross_correlation,ok,-1.0888002232318585,-4.0,2.9111997767681412,1.0733899569895584,,,,,,,,,,,,,,,,,
base__seed_303__v_p12__snr_p30__delay_m4ns,base,303,-4.0,12.0,30.0,level2,gcc_phat,ok,-0.11755112552183229,-4.0,3.8824488744781678,1.7143050750019029,,,,,,,,,,,,,,,,,
base__seed_303__v_p12__snr_p30__delay_m4ns,base,303,-4.0,12.0,30.0,level2,oversampled_cross_correlation,ok,-0.7622458358228673,-4.0,3.2377541641771326,1.163861598004587,,,,,,,,,,,,,,,,,
base__seed_303__v_p12__snr_p30__delay_p8ns,base,303,8.0,12.0,30.0,level2,D1_ordinary_LS,ok,5.3374983955984785,8.0,-2.6625016044015215,0.12670679998700507,,,,,,,,,,,,,,,,,
base__seed_303__v_p12__snr_p30__delay_p8ns,base,303,8.0,12.0,30.0,level2,D2_weighted_LS,ok,5.328402321876067,8.0,-2.6715976781239332,0.0002084760053548962,,,,,,,,,,,,,,,,,
base__seed_303__v_p12__snr_p30__delay_p8ns,base,303,8.0,12.0,30.0,level2,D3_Huber_weighted_LS,ok,5.29521175191175,8.0,-2.70478824808825,0.0013676320086233318,,,,,,,,,,,,,,,,,
base__seed_303__v_p12__snr_p30__delay_p8ns,base,303,8.0,12.0,30.0,level2,D4_generalized_phase_slope_ML,ok,5.928651192044526,8.0,-2.0713488079554736,1.1763354070135392,,,,,,,,,,,,,,,,,
base__seed_303__v_p12__snr_p30__delay_p8ns,base,303,8.0,12.0,30.0,level2,cross_correlation,ok,2.5371590095189256,8.0,-5.462840990481075,1.1448195190168917,,,,,,,,,,,,,,,,,
base__seed_303__v_p12__snr_p30__delay_p8ns,base,303,8.0,12.0,30.0,level2,gcc_phat,ok,0.3799763798889048,8.0,-7.620023620111096,1.7677069139899686,,,,,,,,,,,,,,,,,
base__seed_303__v_p12__snr_p30__delay_p8ns,base,303,8.0,12.0,30.0,level2,oversampled_cross_correlation,ok,0.5147391081603605,8.0,-7.48526089183964,1.1851853580155876,,,,,,,,,,,,,,,,,
base__seed_303__v_p12__snr_p30__delay_m8ns,base,303,-8.0,12.0,30.0,level2,D1_ordinary_LS,ok,-1.2069491171271503,-8.0,6.7930508828728495,0.0011665630154311657,,,,,,,,,,,,,,,,,
base__seed_303__v_p12__snr_p30__delay_m8ns,base,303,-8.0,12.0,30.0,level2,D2_weighted_LS,ok,-1.219369536048691,-8.0,6.780630463951309,0.00013318000128492713,,,,,,,,,,,,,,,,,
base__seed_303__v_p12__snr_p30__delay_m8ns,base,303,-8.0,12.0,30.0,level2,D3_Huber_weighted_LS,ok,-1.203374851344447,-8.0,6.7966251486555525,0.0012252260057721287,,,,,,,,,,,,,,,,,
base__seed_303__v_p12__snr_p30__delay_m8ns,base,303,-8.0,12.0,30.0,level2,D4_generalized_phase_slope_ML,ok,9.460536678770753,-8.0,17.46053667877075,1.1175696529971901,,,,,,,,,,,,,,,,,
base__seed_303__v_p12__snr_p30__delay_m8ns,base,303,-8.0,12.0,30.0,level2,cross_correlation,ok,-2.569903208485748,-8.0,5.430096791514252,1.0920068710111082,,,,,,,,,,,,,,,,,
base__seed_303__v_p12__snr_p30__delay_m8ns,base,303,-8.0,12.0,30.0,level2,gcc_phat,ok,-0.4177127669906291,-8.0,7.582287233009371,1.7291711770230904,,,,,,,,,,,,,,,,,
base__seed_303__v_p12__snr_p30__delay_m8ns,base,303,-8.0,12.0,30.0,level2,oversampled_cross_correlation,ok,-0.5195736719695654,-8.0,7.480426328030434,1.1456669849867467,,,,,,,,,,,,,,,,,
base__seed_303__v_p12__snr_p35__delay_p0ns,base,303,0.0,12.0,35.0,level2,D1_ordinary_LS,ok,-0.20086586518243718,0.0,-0.20086586518243718,0.0025957460165955126,,,,,,,,,,,,,,,,,
base__seed_303__v_p12__snr_p35__delay_p0ns,base,303,0.0,12.0,35.0,level2,D2_weighted_LS,ok,-0.18399017447312369,0.0,-0.18399017447312369,0.0001506409898865968,,,,,,,,,,,,,,,,,
base__seed_303__v_p12__snr_p35__delay_p0ns,base,303,0.0,12.0,35.0,level2,D3_Huber_weighted_LS,ok,-0.27568404507841654,0.0,-0.27568404507841654,0.00299983102013357,,,,,,,,,,,,,,,,,
base__seed_303__v_p12__snr_p35__delay_p0ns,base,303,0.0,12.0,35.0,level2,D4_generalized_phase_slope_ML,ok,-0.07188348365212852,0.0,-0.07188348365212852,1.1293566870153882,,,,,,,,,,,,,,,,,
base__seed_303__v_p12__snr_p35__delay_p0ns,base,303,0.0,12.0,35.0,level2,cross_correlation,ok,-0.03230636654742368,0.0,-0.03230636654742368,1.093079462996684,,,,,,,,,,,,,,,,,
base__seed_303__v_p12__snr_p35__delay_p0ns,base,303,0.0,12.0,35.0,level2,gcc_phat,ok,-0.03226597699457629,0.0,-0.03226597699457629,1.707396386016626,,,,,,,,,,,,,,,,,
base__seed_303__v_p12__snr_p35__delay_p0ns,base,303,0.0,12.0,35.0,level2,oversampled_cross_correlation,ok,-0.02506353049254544,0.0,-0.02506353049254544,1.1265091570094228,,,,,,,,,,,,,,,,,
base__seed_303__v_p12__snr_p35__delay_p1ns,base,303,1.0,12.0,35.0,level2,D1_ordinary_LS,ok,0.6439489150276227,1.0,-0.35605108497237725,0.0005064719880465418,,,,,,,,,,,,,,,,,
base__seed_303__v_p12__snr_p35__delay_p1ns,base,303,1.0,12.0,35.0,level2,D2_weighted_LS,ok,0.6537263738354662,1.0,-0.34627362616453383,0.0001307389757130295,,,,,,,,,,,,,,,,,
base__seed_303__v_p12__snr_p35__delay_p1ns,base,303,1.0,12.0,35.0,level2,D3_Huber_weighted_LS,ok,0.5775029175493848,1.0,-0.42249708245061524,0.001261151017388329,,,,,,,,,,,,,,,,,
base__seed_303__v_p12__snr_p35__delay_p1ns,base,303,1.0,12.0,35.0,level2,D4_generalized_phase_slope_ML,ok,0.9095941004738033,1.0,-0.09040589952619671,1.15354158799164,,,,,,,,,,,,,,,,,
base__seed_303__v_p12__snr_p35__delay_p1ns,base,303,1.0,12.0,35.0,level2,cross_correlation,ok,0.1923050463995523,1.0,-0.8076949536004477,1.1228980059968308,,,,,,,,,,,,,,,,,
base__seed_303__v_p12__snr_p35__delay_p1ns,base,303,1.0,12.0,35.0,level2,gcc_phat,ok,0.06510723806080905,1.0,-0.9348927619391909,1.9194232049921993,,,,,,,,,,,,,,,,,
base__seed_303__v_p12__snr_p35__delay_p1ns,base,303,1.0,12.0,35.0,level2,oversampled_cross_correlation,ok,0.21910778353860869,1.0,-0.7808922164613913,1.3239003010094166,,,,,,,,,,,,,,,,,
base__seed_303__v_p12__snr_p35__delay_m1ns,base,303,-1.0,12.0,35.0,level2,D1_ordinary_LS,ok,-0.1364853969075664,-1.0,0.8635146030924337,0.0005082919960841537,,,,,,,,,,,,,,,,,
base__seed_303__v_p12__snr_p35__delay_m1ns,base,303,-1.0,12.0,35.0,level2,D2_weighted_LS,ok,-0.11357026353866086,-1.0,0.8864297364613392,0.00014386899420060217,,,,,,,,,,,,,,,,,
base__seed_303__v_p12__snr_p35__delay_m1ns,base,303,-1.0,12.0,35.0,level2,D3_Huber_weighted_LS,ok,-0.18909820887217735,-1.0,0.8109017911278227,0.0012641649809665978,,,,,,,,,,,,,,,,,
base__seed_303__v_p12__snr_p35__delay_m1ns,base,303,-1.0,12.0,35.0,level2,D4_generalized_phase_slope_ML,ok,0.5790806102633536,-1.0,1.5790806102633534,1.214415717025986,,,,,,,,,,,,,,,,,
base__seed_303__v_p12__snr_p35__delay_m1ns,base,303,-1.0,12.0,35.0,level2,cross_correlation,ok,-0.2560174441550432,-1.0,0.7439825558449569,1.11455797101371,,,,,,,,,,,,,,,,,
base__seed_303__v_p12__snr_p35__delay_m1ns,base,303,-1.0,12.0,35.0,level2,gcc_phat,ok,-0.12133143141138808,-1.0,0.878668568588612,1.802583271986805,,,,,,,,,,,,,,,,,
base__seed_303__v_p12__snr_p35__delay_m1ns,base,303,-1.0,12.0,35.0,level2,oversampled_cross_correlation,ok,-0.26720545755995634,-1.0,0.7327945424400437,1.1964368399931118,,,,,,,,,,,,,,,,,
base__seed_303__v_p12__snr_p35__delay_p2ns,base,303,2.0,12.0,35.0,level2,D1_ordinary_LS,ok,1.442631712083785,2.0,-0.557368287916215,0.0004906260001007468,,,,,,,,,,,,,,,,,
base__seed_303__v_p12__snr_p35__delay_p2ns,base,303,2.0,12.0,35.0,level2,D2_weighted_LS,ok,1.44614965960235,2.0,-0.55385034039765,0.0001633560168556869,,,,,,,,,,,,,,,,,
base__seed_303__v_p12__snr_p35__delay_p2ns,base,303,2.0,12.0,35.0,level2,D3_Huber_weighted_LS,ok,1.3843799563370112,2.0,-0.6156200436629888,0.0014067150186747313,,,,,,,,,,,,,,,,,
base__seed_303__v_p12__snr_p35__delay_p2ns,base,303,2.0,12.0,35.0,level2,D4_generalized_phase_slope_ML,ok,1.8443569259846024,2.0,-0.15564307401539756,1.1711805330123752,,,,,,,,,,,,,,,,,
base__seed_303__v_p12__snr_p35__delay_p2ns,base,303,2.0,12.0,35.0,level2,cross_correlation,ok,0.44560862357747005,2.0,-1.55439137642253,1.0996066619991325,,,,,,,,,,,,,,,,,
base__seed_303__v_p12__snr_p35__delay_p2ns,base,303,2.0,12.0,35.0,level2,gcc_phat,ok,0.08505022324866021,2.0,-1.9149497767513397,1.353102437016787,,,,,,,,,,,,,,,,,
base__seed_303__v_p12__snr_p35__delay_p2ns,base,303,2.0,12.0,35.0,level2,oversampled_cross_correlation,ok,0.43105710825771426,2.0,-1.5689428917422856,1.1343352689873427,,,,,,,,,,,,,,,,,
base__seed_303__v_p12__snr_p35__delay_m2ns,base,303,-2.0,12.0,35.0,level2,D1_ordinary_LS,ok,-0.0724458344893551,-2.0,1.927554165510645,0.0002651129907462746,,,,,,,,,,,,,,,,,
base__seed_303__v_p12__snr_p35__delay_m2ns,base,303,-2.0,12.0,35.0,level2,D2_weighted_LS,ok,-0.05073448923908214,-2.0,1.9492655107609178,0.00014079801621846855,,,,,,,,,,,,,,,,,
base__seed_303__v_p12__snr_p35__delay_m2ns,base,303,-2.0,12.0,35.0,level2,D3_Huber_weighted_LS,ok,-0.11369647491595448,-2.0,1.8863035250840454,0.0012746540014632046,,,,,,,,,,,,,,,,,
base__seed_303__v_p12__snr_p35__delay_m2ns,base,303,-2.0,12.0,35.0,level2,D4_generalized_phase_slope_ML,ok,1.332251486985841,-2.0,3.3322514869858413,1.0859443179797381,,,,,,,,,,,,,,,,,
base__seed_303__v_p12__snr_p35__delay_m2ns,base,303,-2.0,12.0,35.0,level2,cross_correlation,ok,-0.5075029513982371,-2.0,1.4924970486017628,1.098439099994721,,,,,,,,,,,,,,,,,
base__seed_303__v_p12__snr_p35__delay_m2ns,base,303,-2.0,12.0,35.0,level2,gcc_phat,ok,-0.12706217787059332,-2.0,1.8729378221294066,1.3519661989994347,,,,,,,,,,,,,,,,,
base__seed_303__v_p12__snr_p35__delay_m2ns,base,303,-2.0,12.0,35.0,level2,oversampled_cross_correlation,ok,-0.476403430158348,-2.0,1.523596569841652,1.1022640920127742,,,,,,,,,,,,,,,,,
base__seed_303__v_p12__snr_p35__delay_p4ns,base,303,4.0,12.0,35.0,level2,D1_ordinary_LS,ok,2.933816271958409,4.0,-1.0661837280415911,0.0004960069782100618,,,,,,,,,,,,,,,,,
base__seed_303__v_p12__snr_p35__delay_p4ns,base,303,4.0,12.0,35.0,level2,D2_weighted_LS,ok,2.9274945783423916,4.0,-1.0725054216576084,0.00013122998643666506,,,,,,,,,,,,,,,,,
base__seed_303__v_p12__snr_p35__delay_p4ns,base,303,4.0,12.0,35.0,level2,D3_Huber_weighted_LS,ok,2.90748763912392,4.0,-1.0925123608760798,0.0012639019987545907,,,,,,,,,,,,,,,,,
base__seed_303__v_p12__snr_p35__delay_p4ns,base,303,4.0,12.0,35.0,level2,D4_generalized_phase_slope_ML,ok,3.5096473794518395,4.0,-0.49035262054816053,1.1463888809958007,,,,,,,,,,,,,,,,,
base__seed_303__v_p12__snr_p35__delay_p4ns,base,303,4.0,12.0,35.0,level2,cross_correlation,ok,1.0331559440278688,4.0,-2.966844055972131,1.1014409519848414,,,,,,,,,,,,,,,,,
base__seed_303__v_p12__snr_p35__delay_p4ns,base,303,4.0,12.0,35.0,level2,gcc_phat,ok,0.08314303444529836,4.0,-3.9168569655547016,1.9546718619822059,,,,,,,,,,,,,,,,,
base__seed_303__v_p12__snr_p35__delay_p4ns,base,303,4.0,12.0,35.0,level2,oversampled_cross_correlation,ok,0.7251267296663493,4.0,-3.274873270333651,1.106966282997746,,,,,,,,,,,,,,,,,
base__seed_303__v_p12__snr_p35__delay_m4ns,base,303,-4.0,12.0,35.0,level2,D1_ordinary_LS,ok,-0.17036086201098533,-4.0,3.8296391379890147,0.00034640898229554296,,,,,,,,,,,,,,,,,
base__seed_303__v_p12__snr_p35__delay_m4ns,base,303,-4.0,12.0,35.0,level2,D2_weighted_LS,ok,-0.15792599205300573,-4.0,3.8420740079469944,0.00014345301315188408,,,,,,,,,,,,,,,,,
base__seed_303__v_p12__snr_p35__delay_m4ns,base,303,-4.0,12.0,35.0,level2,D3_Huber_weighted_LS,ok,-0.20907850684079904,-4.0,3.790921493159201,0.0012442790030036122,,,,,,,,,,,,,,,,,
base__seed_303__v_p12__snr_p35__delay_m4ns,base,303,-4.0,12.0,35.0,level2,D4_generalized_phase_slope_ML,ok,3.257442942723497,-4.0,7.257442942723497,1.1564067539875396,,,,,,,,,,,,,,,,,
base__seed_303__v_p12__snr_p35__delay_m4ns,base,303,-4.0,12.0,35.0,level2,cross_correlation,ok,-1.0888002232318585,-4.0,2.9111997767681412,1.0576253760082182,,,,,,,,,,,,,,,,,
base__seed_303__v_p12__snr_p35__delay_m4ns,base,303,-4.0,12.0,35.0,level2,gcc_phat,ok,-0.11755112552183229,-4.0,3.8824488744781678,1.695464456017362,,,,,,,,,,,,,,,,,
base__seed_303__v_p12__snr_p35__delay_m4ns,base,303,-4.0,12.0,35.0,level2,oversampled_cross_correlation,ok,-0.7622458358228673,-4.0,3.2377541641771326,1.195246096001938,,,,,,,,,,,,,,,,,
base__seed_303__v_p12__snr_p35__delay_p8ns,base,303,8.0,12.0,35.0,level2,D1_ordinary_LS,ok,5.3374983955984785,8.0,-2.6625016044015215,0.0005979760026093572,,,,,,,,,,,,,,,,,
base__seed_303__v_p12__snr_p35__delay_p8ns,base,303,8.0,12.0,35.0,level2,D2_weighted_LS,ok,5.328402321876067,8.0,-2.6715976781239332,0.0001394720165990293,,,,,,,,,,,,,,,,,
base__seed_303__v_p12__snr_p35__delay_p8ns,base,303,8.0,12.0,35.0,level2,D3_Huber_weighted_LS,ok,5.29521175191175,8.0,-2.70478824808825,0.0013169149751774967,,,,,,,,,,,,,,,,,
base__seed_303__v_p12__snr_p35__delay_p8ns,base,303,8.0,12.0,35.0,level2,D4_generalized_phase_slope_ML,ok,5.928651192044526,8.0,-2.0713488079554736,1.1443419319984969,,,,,,,,,,,,,,,,,
base__seed_303__v_p12__snr_p35__delay_p8ns,base,303,8.0,12.0,35.0,level2,cross_correlation,ok,2.5371590095189256,8.0,-5.462840990481075,1.1182167950028088,,,,,,,,,,,,,,,,,
base__seed_303__v_p12__snr_p35__delay_p8ns,base,303,8.0,12.0,35.0,level2,gcc_phat,ok,0.3799763798889048,8.0,-7.620023620111096,1.2138836689991876,,,,,,,,,,,,,,,,,
base__seed_303__v_p12__snr_p35__delay_p8ns,base,303,8.0,12.0,35.0,level2,oversampled_cross_correlation,ok,0.5147391081603605,8.0,-7.48526089183964,1.1227768500102684,,,,,,,,,,,,,,,,,
base__seed_303__v_p12__snr_p35__delay_m8ns,base,303,-8.0,12.0,35.0,level2,D1_ordinary_LS,ok,-1.2069491171271503,-8.0,6.7930508828728495,0.0014804139791522175,,,,,,,,,,,,,,,,,
base__seed_303__v_p12__snr_p35__delay_m8ns,base,303,-8.0,12.0,35.0,level2,D2_weighted_LS,ok,-1.219369536048691,-8.0,6.780630463951309,0.00014680600725114346,,,,,,,,,,,,,,,,,
base__seed_303__v_p12__snr_p35__delay_m8ns,base,303,-8.0,12.0,35.0,level2,D3_Huber_weighted_LS,ok,-1.203374851344447,-8.0,6.7966251486555525,0.0014904709823895246,,,,,,,,,,,,,,,,,
base__seed_303__v_p12__snr_p35__delay_m8ns,base,303,-8.0,12.0,35.0,level2,D4_generalized_phase_slope_ML,ok,9.460536678770753,-8.0,17.46053667877075,1.1280360920063686,,,,,,,,,,,,,,,,,
base__seed_303__v_p12__snr_p35__delay_m8ns,base,303,-8.0,12.0,35.0,level2,cross_correlation,ok,-2.569903208485748,-8.0,5.430096791514252,1.1245636199892033,,,,,,,,,,,,,,,,,
base__seed_303__v_p12__snr_p35__delay_m8ns,base,303,-8.0,12.0,35.0,level2,gcc_phat,ok,-0.4177127669906291,-8.0,7.582287233009371,1.2133995339972898,,,,,,,,,,,,,,,,,
base__seed_303__v_p12__snr_p35__delay_m8ns,base,303,-8.0,12.0,35.0,level2,oversampled_cross_correlation,ok,-0.5195736719695654,-8.0,7.480426328030434,1.1134975139866583,,,,,,,,,,,,,,,,,
low_snr__seed_101__v_p6d7__snr_p20__delay_p0ns,low_snr,101,0.0,6.7,20.0,level2,D1_ordinary_LS,ok,-0.029635960372710345,0.0,-0.029635960372710345,0.0007456199964508414,,,,,,,,,,,,,,,,,
low_snr__seed_101__v_p6d7__snr_p20__delay_p0ns,low_snr,101,0.0,6.7,20.0,level2,D2_weighted_LS,ok,-0.007020225075362978,0.0,-0.007020225075362978,0.000159585993969813,,,,,,,,,,,,,,,,,
low_snr__seed_101__v_p6d7__snr_p20__delay_p0ns,low_snr,101,0.0,6.7,20.0,level2,D3_Huber_weighted_LS,ok,-0.028130307937299665,0.0,-0.028130307937299665,0.0012715210032183677,,,,,,,,,,,,,,,,,
low_snr__seed_101__v_p6d7__snr_p20__delay_p0ns,low_snr,101,0.0,6.7,20.0,level2,D4_generalized_phase_slope_ML,ok,0.0711305929666599,0.0,0.0711305929666599,1.1282517430081498,,,,,,,,,,,,,,,,,
low_snr__seed_101__v_p6d7__snr_p20__delay_p0ns,low_snr,101,0.0,6.7,20.0,level2,cross_correlation,ok,-0.02662150568326747,0.0,-0.02662150568326747,1.11878881600569,,,,,,,,,,,,,,,,,
low_snr__seed_101__v_p6d7__snr_p20__delay_p0ns,low_snr,101,0.0,6.7,20.0,level2,gcc_phat,ok,-0.02412623344305109,0.0,-0.02412623344305109,1.2055929810157977,,,,,,,,,,,,,,,,,
low_snr__seed_101__v_p6d7__snr_p20__delay_p0ns,low_snr,101,0.0,6.7,20.0,level2,oversampled_cross_correlation,ok,-0.02276802418292997,0.0,-0.02276802418292997,1.140494353021495,,,,,,,,,,,,,,,,,
low_snr__seed_101__v_p6d7__snr_p20__delay_p1ns,low_snr,101,1.0,6.7,20.0,level2,D1_ordinary_LS,ok,0.8610374147365133,1.0,-0.1389625852634867,0.40879488000064157,,,,,,,,,,,,,,,,,
low_snr__seed_101__v_p6d7__snr_p20__delay_p1ns,low_snr,101,1.0,6.7,20.0,level2,D2_weighted_LS,ok,0.8812875822992559,1.0,-0.11871241770074414,0.00036945799365639687,,,,,,,,,,,,,,,,,
low_snr__seed_101__v_p6d7__snr_p20__delay_p1ns,low_snr,101,1.0,6.7,20.0,level2,D3_Huber_weighted_LS,ok,0.8639455192566396,1.0,-0.13605448074336035,0.11852169901248999,,,,,,,,,,,,,,,,,
low_snr__seed_101__v_p6d7__snr_p20__delay_p1ns,low_snr,101,1.0,6.7,20.0,level2,D4_generalized_phase_slope_ML,ok,1.0582042513959131,1.0,0.05820425139591312,1.1627717720111832,,,,,,,,,,,,,,,,,
low_snr__seed_101__v_p6d7__snr_p20__delay_p1ns,low_snr,101,1.0,6.7,20.0,level2,cross_correlation,ok,0.20170346627866306,1.0,-0.7982965337213369,1.109835044015199,,,,,,,,,,,,,,,,,
low_snr__seed_101__v_p6d7__snr_p20__delay_p1ns,low_snr,101,1.0,6.7,20.0,level2,gcc_phat,ok,0.07171552122068187,1.0,-0.9282844787793181,1.1918602579971775,,,,,,,,,,,,,,,,,
low_snr__seed_101__v_p6d7__snr_p20__delay_p1ns,low_snr,101,1.0,6.7,20.0,level2,oversampled_cross_correlation,ok,0.22338256670855489,1.0,-0.7766174332914451,1.1694127350056078,,,,,,,,,,,,,,,,,
low_snr__seed_101__v_p6d7__snr_p20__delay_m1ns,low_snr,101,-1.0,6.7,20.0,level2,D1_ordinary_LS,ok,0.0788048195392907,-1.0,1.0788048195392907,0.03793089502141811,,,,,,,,,,,,,,,,,
low_snr__seed_101__v_p6d7__snr_p20__delay_m1ns,low_snr,101,-1.0,6.7,20.0,level2,D2_weighted_LS,ok,0.09555661996197672,-1.0,1.0955566199619766,0.00019185201381333172,,,,,,,,,,,,,,,,,
low_snr__seed_101__v_p6d7__snr_p20__delay_m1ns,low_snr,101,-1.0,6.7,20.0,level2,D3_Huber_weighted_LS,ok,0.08113085891771028,-1.0,1.0811308589177102,0.0013007160159759223,,,,,,,,,,,,,,,,,
low_snr__seed_101__v_p6d7__snr_p20__delay_m1ns,low_snr,101,-1.0,6.7,20.0,level2,D4_generalized_phase_slope_ML,ok,0.7207740127090057,-1.0,1.7207740127090057,1.1761285840184428,,,,,,,,,,,,,,,,,
low_snr__seed_101__v_p6d7__snr_p20__delay_m1ns,low_snr,101,-1.0,6.7,20.0,level2,cross_correlation,ok,-0.2566272341463842,-1.0,0.7433727658536158,1.1729965059785172,,,,,,,,,,,,,,,,,
low_snr__seed_101__v_p6d7__snr_p20__delay_m1ns,low_snr,101,-1.0,6.7,20.0,level2,gcc_phat,ok,-0.11137507845594549,-1.0,0.8886249215440545,1.1887507110077422,,,,,,,,,,,,,,,,,
low_snr__seed_101__v_p6d7__snr_p20__delay_m1ns,low_snr,101,-1.0,6.7,20.0,level2,oversampled_cross_correlation,ok,-0.2689992659898315,-1.0,0.7310007340101685,1.1994828729948495,,,,,,,,,,,,,,,,,
low_snr__seed_101__v_p6d7__snr_p20__delay_p2ns,low_snr,101,2.0,6.7,20.0,level2,D1_ordinary_LS,ok,1.7105058733975447,2.0,-0.2894941266024553,0.0004905189853161573,,,,,,,,,,,,,,,,,
low_snr__seed_101__v_p6d7__snr_p20__delay_p2ns,low_snr,101,2.0,6.7,20.0,level2,D2_weighted_LS,ok,1.7279997384835428,2.0,-0.2720002615164572,0.0001359879970550537,,,,,,,,,,,,,,,,,
low_snr__seed_101__v_p6d7__snr_p20__delay_p2ns,low_snr,101,2.0,6.7,20.0,level2,D3_Huber_weighted_LS,ok,1.7166844941142378,2.0,-0.28331550588576215,0.0014030399906914681,,,,,,,,,,,,,,,,,
low_snr__seed_101__v_p6d7__snr_p20__delay_p2ns,low_snr,101,2.0,6.7,20.0,level2,D4_generalized_phase_slope_ML,ok,1.9936711526879245,2.0,-0.006328847312075503,1.1268585609795991,,,,,,,,,,,,,,,,,
low_snr__seed_101__v_p6d7__snr_p20__delay_p2ns,low_snr,101,2.0,6.7,20.0,level2,cross_correlation,ok,0.4583676392380304,2.0,-1.5416323607619695,1.125896544981515,,,,,,,,,,,,,,,,,
low_snr__seed_101__v_p6d7__snr_p20__delay_p2ns,low_snr,101,2.0,6.7,20.0,level2,gcc_phat,ok,0.08890856969654572,2.0,-1.9110914303034543,1.2012600930174813,,,,,,,,,,,,,,,,,
low_snr__seed_101__v_p6d7__snr_p20__delay_p2ns,low_snr,101,2.0,6.7,20.0,level2,oversampled_cross_correlation,ok,0.4380715697662578,2.0,-1.5619284302337422,1.1229848480143119,,,,,,,,,,,,,,,,,
low_snr__seed_101__v_p6d7__snr_p20__delay_m2ns,low_snr,101,-2.0,6.7,20.0,level2,D1_ordinary_LS,ok,0.10979095974564741,-2.0,2.1097909597456472,0.0008923250134103,,,,,,,,,,,,,,,,,
low_snr__seed_101__v_p6d7__snr_p20__delay_m2ns,low_snr,101,-2.0,6.7,20.0,level2,D2_weighted_LS,ok,0.10931993513096394,-2.0,2.109319935130964,0.0001429010007996112,,,,,,,,,,,,,,,,,
low_snr__seed_101__v_p6d7__snr_p20__delay_m2ns,low_snr,101,-2.0,6.7,20.0,level2,D3_Huber_weighted_LS,ok,0.10230710433891471,-2.0,2.1023071043389145,0.001511700014816597,,,,,,,,,,,,,,,,,
low_snr__seed_101__v_p6d7__snr_p20__delay_m2ns,low_snr,101,-2.0,6.7,20.0,level2,D4_generalized_phase_slope_ML,ok,1.4705753995938773,-2.0,3.4705753995938773,1.1048587770201266,,,,,,,,,,,,,,,,,
low_snr__seed_101__v_p6d7__snr_p20__delay_m2ns,low_snr,101,-2.0,6.7,20.0,level2,cross_correlation,ok,-0.514181326194249,-2.0,1.4858186738057508,1.0752852790174074,,,,,,,,,,,,,,,,,
low_snr__seed_101__v_p6d7__snr_p20__delay_m2ns,low_snr,101,-2.0,6.7,20.0,level2,gcc_phat,ok,-0.1178600641606655,-2.0,1.8821399358393345,1.1894951630092692,,,,,,,,,,,,,,,,,
low_snr__seed_101__v_p6d7__snr_p20__delay_m2ns,low_snr,101,-2.0,6.7,20.0,level2,oversampled_cross_correlation,ok,-0.4834125706757781,-2.0,1.5165874293242219,1.0947864310001023,,,,,,,,,,,,,,,,,
low_snr__seed_101__v_p6d7__snr_p20__delay_p4ns,low_snr,101,4.0,6.7,20.0,level2,D1_ordinary_LS,ok,3.1646591819903485,4.0,-0.8353408180096515,0.0003598329785745591,,,,,,,,,,,,,,,,,
low_snr__seed_101__v_p6d7__snr_p20__delay_p4ns,low_snr,101,4.0,6.7,20.0,level2,D2_weighted_LS,ok,3.183373693039725,4.0,-0.8166263069602748,0.0001362650073133409,,,,,,,,,,,,,,,,,
low_snr__seed_101__v_p6d7__snr_p20__delay_p4ns,low_snr,101,4.0,6.7,20.0,level2,D3_Huber_weighted_LS,ok,3.1823213380139537,4.0,-0.8176786619860463,0.001218065997818485,,,,,,,,,,,,,,,,,
low_snr__seed_101__v_p6d7__snr_p20__delay_p4ns,low_snr,101,4.0,6.7,20.0,level2,D4_generalized_phase_slope_ML,ok,3.6530312651995414,4.0,-0.34696873480045864,1.1147577019874007,,,,,,,,,,,,,,,,,
low_snr__seed_101__v_p6d7__snr_p20__delay_p4ns,low_snr,101,4.0,6.7,20.0,level2,cross_correlation,ok,1.0524996471292734,4.0,-2.9475003528707266,1.1054902850009967,,,,,,,,,,,,,,,,,
low_snr__seed_101__v_p6d7__snr_p20__delay_p4ns,low_snr,101,4.0,6.7,20.0,level2,gcc_phat,ok,0.08480339096996876,4.0,-3.915196609030031,1.1866636489867233,,,,,,,,,,,,,,,,,
low_snr__seed_101__v_p6d7__snr_p20__delay_p4ns,low_snr,101,4.0,6.7,20.0,level2,oversampled_cross_correlation,ok,0.7405825054941746,4.0,-3.2594174945058256,1.1567420450155623,,,,,,,,,,,,,,,,,
low_snr__seed_101__v_p6d7__snr_p20__delay_m4ns,low_snr,101,-4.0,6.7,20.0,level2,D1_ordinary_LS,ok,-0.2537879738733125,-4.0,3.7462120261266874,0.0007008020184002817,,,,,,,,,,,,,,,,,
low_snr__seed_101__v_p6d7__snr_p20__delay_m4ns,low_snr,101,-4.0,6.7,20.0,level2,D2_weighted_LS,ok,-0.2945186557531431,-4.0,3.705481344246857,0.00015637799515388906,,,,,,,,,,,,,,,,,
low_snr__seed_101__v_p6d7__snr_p20__delay_m4ns,low_snr,101,-4.0,6.7,20.0,level2,D3_Huber_weighted_LS,ok,-0.38910501145759807,-4.0,3.6108949885424018,0.0016403979971073568,,,,,,,,,,,,,,,,,
low_snr__seed_101__v_p6d7__snr_p20__delay_m4ns,low_snr,101,-4.0,6.7,20.0,level2,D4_generalized_phase_slope_ML,ok,3.379558683301782,-4.0,7.3795586833017826,1.1747780889854766,,,,,,,,,,,,,,,,,
low_snr__seed_101__v_p6d7__snr_p20__delay_m4ns,low_snr,101,-4.0,6.7,20.0,level2,cross_correlation,ok,-1.107789895955872,-4.0,2.892210104044128,1.0901482649787795,,,,,,,,,,,,,,,,,
low_snr__seed_101__v_p6d7__snr_p20__delay_m4ns,low_snr,101,-4.0,6.7,20.0,level2,gcc_phat,ok,-0.10892032825068193,-4.0,3.891079671749318,1.1930046650231816,,,,,,,,,,,,,,,,,
low_snr__seed_101__v_p6d7__snr_p20__delay_m4ns,low_snr,101,-4.0,6.7,20.0,level2,oversampled_cross_correlation,ok,-0.7839099208190118,-4.0,3.2160900791809883,1.204358332004631,,,,,,,,,,,,,,,,,
low_snr__seed_101__v_p6d7__snr_p20__delay_p8ns,low_snr,101,8.0,6.7,20.0,level2,D1_ordinary_LS,ok,5.922807242942102,8.0,-2.0771927570578983,0.0016561750089749694,,,,,,,,,,,,,,,,,
low_snr__seed_101__v_p6d7__snr_p20__delay_p8ns,low_snr,101,8.0,6.7,20.0,level2,D2_weighted_LS,ok,5.913071873700761,8.0,-2.086928126299239,0.00015113898552954197,,,,,,,,,,,,,,,,,
low_snr__seed_101__v_p6d7__snr_p20__delay_p8ns,low_snr,101,8.0,6.7,20.0,level2,D3_Huber_weighted_LS,ok,5.884241046931248,8.0,-2.1157589530687524,0.0018823939899448305,,,,,,,,,,,,,,,,,
low_snr__seed_101__v_p6d7__snr_p20__delay_p8ns,low_snr,101,8.0,6.7,20.0,level2,D4_generalized_phase_slope_ML,ok,6.054107536827424,8.0,-1.9458924631725756,1.1160272260021884,,,,,,,,,,,,,,,,,
low_snr__seed_101__v_p6d7__snr_p20__delay_p8ns,low_snr,101,8.0,6.7,20.0,level2,cross_correlation,ok,2.5725344363738634,8.0,-5.427465563626137,1.0979832549928688,,,,,,,,,,,,,,,,,
low_snr__seed_101__v_p6d7__snr_p20__delay_p8ns,low_snr,101,8.0,6.7,20.0,level2,gcc_phat,ok,0.3850000405683121,8.0,-7.614999959431688,1.182293693011161,,,,,,,,,,,,,,,,,
low_snr__seed_101__v_p6d7__snr_p20__delay_p8ns,low_snr,101,8.0,6.7,20.0,level2,oversampled_cross_correlation,ok,0.5629600556268071,8.0,-7.437039944373193,1.1386275239929091,,,,,,,,,,,,,,,,,
low_snr__seed_101__v_p6d7__snr_p20__delay_m8ns,low_snr,101,-8.0,6.7,20.0,level2,D1_ordinary_LS,ok,-2.0788005693215172,-8.0,5.921199430678483,0.0001776790013536811,,,,,,,,,,,,,,,,,
low_snr__seed_101__v_p6d7__snr_p20__delay_m8ns,low_snr,101,-8.0,6.7,20.0,level2,D2_weighted_LS,ok,-2.1701257329777603,-8.0,5.829874267022239,0.0001370999962091446,,,,,,,,,,,,,,,,,
low_snr__seed_101__v_p6d7__snr_p20__delay_m8ns,low_snr,101,-8.0,6.7,20.0,level2,D3_Huber_weighted_LS,ok,-2.2232137363653353,-8.0,5.776786263634665,0.0012958529987372458,,,,,,,,,,,,,,,,,
low_snr__seed_101__v_p6d7__snr_p20__delay_m8ns,low_snr,101,-8.0,6.7,20.0,level2,D4_generalized_phase_slope_ML,ok,9.539477195003183,-8.0,17.539477195003183,1.150048434996279,,,,,,,,,,,,,,,,,
low_snr__seed_101__v_p6d7__snr_p20__delay_m8ns,low_snr,101,-8.0,6.7,20.0,level2,cross_correlation,ok,-2.6174358664065633,-8.0,5.382564133593437,1.119671726017259,,,,,,,,,,,,,,,,,
low_snr__seed_101__v_p6d7__snr_p20__delay_m8ns,low_snr,101,-8.0,6.7,20.0,level2,gcc_phat,ok,-0.40874308204278376,-8.0,7.5912569179572165,1.2014079829968978,,,,,,,,,,,,,,,,,
low_snr__seed_101__v_p6d7__snr_p20__delay_m8ns,low_snr,101,-8.0,6.7,20.0,level2,oversampled_cross_correlation,ok,-0.5936862683673433,-8.0,7.406313731632657,1.1387434950156603,,,,,,,,,,,,,,,,,
high_velocity__seed_101__v_p12__snr_p30__delay_p0ns,high_velocity,101,0.0,12.0,30.0,level2,D1_ordinary_LS,ok,-0.029635960372710345,0.0,-0.029635960372710345,0.0008849689911585301,,,,,,,,,,,,,,,,,
high_velocity__seed_101__v_p12__snr_p30__delay_p0ns,high_velocity,101,0.0,12.0,30.0,level2,D2_weighted_LS,ok,-0.007020225075362978,0.0,-0.007020225075362978,0.0001482740044593811,,,,,,,,,,,,,,,,,
high_velocity__seed_101__v_p12__snr_p30__delay_p0ns,high_velocity,101,0.0,12.0,30.0,level2,D3_Huber_weighted_LS,ok,-0.028130307937299665,0.0,-0.028130307937299665,0.0018103059846907854,,,,,,,,,,,,,,,,,
high_velocity__seed_101__v_p12__snr_p30__delay_p0ns,high_velocity,101,0.0,12.0,30.0,level2,D4_generalized_phase_slope_ML,ok,0.0711305929666599,0.0,0.0711305929666599,1.134535188000882,,,,,,,,,,,,,,,,,
high_velocity__seed_101__v_p12__snr_p30__delay_p0ns,high_velocity,101,0.0,12.0,30.0,level2,cross_correlation,ok,-0.02662150568326747,0.0,-0.02662150568326747,1.096379208000144,,,,,,,,,,,,,,,,,
high_velocity__seed_101__v_p12__snr_p30__delay_p0ns,high_velocity,101,0.0,12.0,30.0,level2,gcc_phat,ok,-0.02412623344305109,0.0,-0.02412623344305109,1.1997810270113405,,,,,,,,,,,,,,,,,
high_velocity__seed_101__v_p12__snr_p30__delay_p0ns,high_velocity,101,0.0,12.0,30.0,level2,oversampled_cross_correlation,ok,-0.02276802418292997,0.0,-0.02276802418292997,1.1982219959900249,,,,,,,,,,,,,,,,,
high_velocity__seed_101__v_p12__snr_p30__delay_p1ns,high_velocity,101,1.0,12.0,30.0,level2,D1_ordinary_LS,ok,0.8610374147365133,1.0,-0.1389625852634867,0.00018913100939244032,,,,,,,,,,,,,,,,,
high_velocity__seed_101__v_p12__snr_p30__delay_p1ns,high_velocity,101,1.0,12.0,30.0,level2,D2_weighted_LS,ok,0.8812875822992559,1.0,-0.11871241770074414,0.00013360701268538833,,,,,,,,,,,,,,,,,
high_velocity__seed_101__v_p12__snr_p30__delay_p1ns,high_velocity,101,1.0,12.0,30.0,level2,D3_Huber_weighted_LS,ok,0.8639455192566396,1.0,-0.13605448074336035,0.0012440239952411503,,,,,,,,,,,,,,,,,
high_velocity__seed_101__v_p12__snr_p30__delay_p1ns,high_velocity,101,1.0,12.0,30.0,level2,D4_generalized_phase_slope_ML,ok,1.0582042513959131,1.0,0.05820425139591312,1.1477015120035503,,,,,,,,,,,,,,,,,
high_velocity__seed_101__v_p12__snr_p30__delay_p1ns,high_velocity,101,1.0,12.0,30.0,level2,cross_correlation,ok,0.20170346627866306,1.0,-0.7982965337213369,1.161243704991648,,,,,,,,,,,,,,,,,
high_velocity__seed_101__v_p12__snr_p30__delay_p1ns,high_velocity,101,1.0,12.0,30.0,level2,gcc_phat,ok,0.07171552122068187,1.0,-0.9282844787793181,1.2146650660142768,,,,,,,,,,,,,,,,,
high_velocity__seed_101__v_p12__snr_p30__delay_p1ns,high_velocity,101,1.0,12.0,30.0,level2,oversampled_cross_correlation,ok,0.22338256670855489,1.0,-0.7766174332914451,1.1531200220051687,,,,,,,,,,,,,,,,,
high_velocity__seed_101__v_p12__snr_p30__delay_m1ns,high_velocity,101,-1.0,12.0,30.0,level2,D1_ordinary_LS,ok,0.0788048195392907,-1.0,1.0788048195392907,0.0008495560032315552,,,,,,,,,,,,,,,,,
high_velocity__seed_101__v_p12__snr_p30__delay_m1ns,high_velocity,101,-1.0,12.0,30.0,level2,D2_weighted_LS,ok,0.09555661996197672,-1.0,1.0955566199619766,0.00014792499132454395,,,,,,,,,,,,,,,,,
high_velocity__seed_101__v_p12__snr_p30__delay_m1ns,high_velocity,101,-1.0,12.0,30.0,level2,D3_Huber_weighted_LS,ok,0.08113085891771028,-1.0,1.0811308589177102,0.0013075080059934407,,,,,,,,,,,,,,,,,
high_velocity__seed_101__v_p12__snr_p30__delay_m1ns,high_velocity,101,-1.0,12.0,30.0,level2,D4_generalized_phase_slope_ML,ok,0.7207740127090057,-1.0,1.7207740127090057,1.111875753995264,,,,,,,,,,,,,,,,,
high_velocity__seed_101__v_p12__snr_p30__delay_m1ns,high_velocity,101,-1.0,12.0,30.0,level2,cross_correlation,ok,-0.2566272341463842,-1.0,0.7433727658536158,1.1217108690179884,,,,,,,,,,,,,,,,,
high_velocity__seed_101__v_p12__snr_p30__delay_m1ns,high_velocity,101,-1.0,12.0,30.0,level2,gcc_phat,ok,-0.11137507845594549,-1.0,0.8886249215440545,1.2129702139936853,,,,,,,,,,,,,,,,,
high_velocity__seed_101__v_p12__snr_p30__delay_m1ns,high_velocity,101,-1.0,12.0,30.0,level2,oversampled_cross_correlation,ok,-0.2689992659898315,-1.0,0.7310007340101685,1.1315502359939273,,,,,,,,,,,,,,,,,
high_velocity__seed_101__v_p12__snr_p30__delay_p2ns,high_velocity,101,2.0,12.0,30.0,level2,D1_ordinary_LS,ok,1.7105058733975447,2.0,-0.2894941266024553,0.002030370000284165,,,,,,,,,,,,,,,,,
high_velocity__seed_101__v_p12__snr_p30__delay_p2ns,high_velocity,101,2.0,12.0,30.0,level2,D2_weighted_LS,ok,1.7279997384835428,2.0,-0.2720002615164572,0.0001764899934642017,,,,,,,,,,,,,,,,,
high_velocity__seed_101__v_p12__snr_p30__delay_p2ns,high_velocity,101,2.0,12.0,30.0,level2,D3_Huber_weighted_LS,ok,1.7166844941142378,2.0,-0.28331550588576215,0.0012827129976358265,,,,,,,,,,,,,,,,,
high_velocity__seed_101__v_p12__snr_p30__delay_p2ns,high_velocity,101,2.0,12.0,30.0,level2,D4_generalized_phase_slope_ML,ok,1.9936711526879245,2.0,-0.006328847312075503,1.1141185279993806,,,,,,,,,,,,,,,,,
high_velocity__seed_101__v_p12__snr_p30__delay_p2ns,high_velocity,101,2.0,12.0,30.0,level2,cross_correlation,ok,0.4583676392380304,2.0,-1.5416323607619695,1.1387889999896288,,,,,,,,,,,,,,,,,
high_velocity__seed_101__v_p12__snr_p30__delay_p2ns,high_velocity,101,2.0,12.0,30.0,level2,gcc_phat,ok,0.08890856969654572,2.0,-1.9110914303034543,1.1982846590108238,,,,,,,,,,,,,,,,,
high_velocity__seed_101__v_p12__snr_p30__delay_p2ns,high_velocity,101,2.0,12.0,30.0,level2,oversampled_cross_correlation,ok,0.4380715697662578,2.0,-1.5619284302337422,1.14533923601266,,,,,,,,,,,,,,,,,
high_velocity__seed_101__v_p12__snr_p30__delay_m2ns,high_velocity,101,-2.0,12.0,30.0,level2,D1_ordinary_LS,ok,0.10979095974564741,-2.0,2.1097909597456472,0.0015548859955742955,,,,,,,,,,,,,,,,,
high_velocity__seed_101__v_p12__snr_p30__delay_m2ns,high_velocity,101,-2.0,12.0,30.0,level2,D2_weighted_LS,ok,0.10931993513096394,-2.0,2.109319935130964,0.00014003200340084732,,,,,,,,,,,,,,,,,
high_velocity__seed_101__v_p12__snr_p30__delay_m2ns,high_velocity,101,-2.0,12.0,30.0,level2,D3_Huber_weighted_LS,ok,0.10230710433891471,-2.0,2.1023071043389145,0.00129647200810723,,,,,,,,,,,,,,,,,
high_velocity__seed_101__v_p12__snr_p30__delay_m2ns,high_velocity,101,-2.0,12.0,30.0,level2,D4_generalized_phase_slope_ML,ok,1.4705753995938773,-2.0,3.4705753995938773,1.0883726069878321,,,,,,,,,,,,,,,,,
high_velocity__seed_101__v_p12__snr_p30__delay_m2ns,high_velocity,101,-2.0,12.0,30.0,level2,cross_correlation,ok,-0.514181326194249,-2.0,1.4858186738057508,1.1040503200201783,,,,,,,,,,,,,,,,,
high_velocity__seed_101__v_p12__snr_p30__delay_m2ns,high_velocity,101,-2.0,12.0,30.0,level2,gcc_phat,ok,-0.1178600641606655,-2.0,1.8821399358393345,1.203168676001951,,,,,,,,,,,,,,,,,
high_velocity__seed_101__v_p12__snr_p30__delay_m2ns,high_velocity,101,-2.0,12.0,30.0,level2,oversampled_cross_correlation,ok,-0.4834125706757781,-2.0,1.5165874293242219,1.133704817009857,,,,,,,,,,,,,,,,,
high_velocity__seed_101__v_p12__snr_p30__delay_p4ns,high_velocity,101,4.0,12.0,30.0,level2,D1_ordinary_LS,ok,3.1646591819903485,4.0,-0.8353408180096515,0.00020086500444449484,,,,,,,,,,,,,,,,,
high_velocity__seed_101__v_p12__snr_p30__delay_p4ns,high_velocity,101,4.0,12.0,30.0,level2,D2_weighted_LS,ok,3.183373693039725,4.0,-0.8166263069602748,0.00013891499838791788,,,,,,,,,,,,,,,,,
high_velocity__seed_101__v_p12__snr_p30__delay_p4ns,high_velocity,101,4.0,12.0,30.0,level2,D3_Huber_weighted_LS,ok,3.1823213380139537,4.0,-0.8176786619860463,0.0015191959973890334,,,,,,,,,,,,,,,,,
high_velocity__seed_101__v_p12__snr_p30__delay_p4ns,high_velocity,101,4.0,12.0,30.0,level2,D4_generalized_phase_slope_ML,ok,3.6530312651995414,4.0,-0.34696873480045864,1.1094363730226178,,,,,,,,,,,,,,,,,
high_velocity__seed_101__v_p12__snr_p30__delay_p4ns,high_velocity,101,4.0,12.0,30.0,level2,cross_correlation,ok,1.0524996471292734,4.0,-2.9475003528707266,1.649882374011213,,,,,,,,,,,,,,,,,
high_velocity__seed_101__v_p12__snr_p30__delay_p4ns,high_velocity,101,4.0,12.0,30.0,level2,gcc_phat,ok,0.08480339096996876,4.0,-3.915196609030031,1.203287784010172,,,,,,,,,,,,,,,,,
high_velocity__seed_101__v_p12__snr_p30__delay_p4ns,high_velocity,101,4.0,12.0,30.0,level2,oversampled_cross_correlation,ok,0.7405825054941746,4.0,-3.2594174945058256,1.6523174630128779,,,,,,,,,,,,,,,,,
high_velocity__seed_101__v_p12__snr_p30__delay_m4ns,high_velocity,101,-4.0,12.0,30.0,level2,D1_ordinary_LS,ok,-0.2537879738733125,-4.0,3.7462120261266874,0.00019883402273990214,,,,,,,,,,,,,,,,,
high_velocity__seed_101__v_p12__snr_p30__delay_m4ns,high_velocity,101,-4.0,12.0,30.0,level2,D2_weighted_LS,ok,-0.2945186557531431,-4.0,3.705481344246857,0.00013374400441534817,,,,,,,,,,,,,,,,,
high_velocity__seed_101__v_p12__snr_p30__delay_m4ns,high_velocity,101,-4.0,12.0,30.0,level2,D3_Huber_weighted_LS,ok,-0.38910501145759807,-4.0,3.6108949885424018,0.001280169002711773,,,,,,,,,,,,,,,,,
high_velocity__seed_101__v_p12__snr_p30__delay_m4ns,high_velocity,101,-4.0,12.0,30.0,level2,D4_generalized_phase_slope_ML,ok,3.379558683301782,-4.0,7.3795586833017826,1.1041043949953746,,,,,,,,,,,,,,,,,
high_velocity__seed_101__v_p12__snr_p30__delay_m4ns,high_velocity,101,-4.0,12.0,30.0,level2,cross_correlation,ok,-1.107789895955872,-4.0,2.892210104044128,1.796087169990642,,,,,,,,,,,,,,,,,
high_velocity__seed_101__v_p12__snr_p30__delay_m4ns,high_velocity,101,-4.0,12.0,30.0,level2,gcc_phat,ok,-0.10892032825068193,-4.0,3.891079671749318,1.2159358549979515,,,,,,,,,,,,,,,,,
high_velocity__seed_101__v_p12__snr_p30__delay_m4ns,high_velocity,101,-4.0,12.0,30.0,level2,oversampled_cross_correlation,ok,-0.7839099208190118,-4.0,3.2160900791809883,1.5757696540094912,,,,,,,,,,,,,,,,,
high_velocity__seed_101__v_p12__snr_p30__delay_p8ns,high_velocity,101,8.0,12.0,30.0,level2,D1_ordinary_LS,ok,5.922807242942102,8.0,-2.0771927570578983,0.0001879399933386594,,,,,,,,,,,,,,,,,
high_velocity__seed_101__v_p12__snr_p30__delay_p8ns,high_velocity,101,8.0,12.0,30.0,level2,D2_weighted_LS,ok,5.913071873700761,8.0,-2.086928126299239,0.0001376550062559545,,,,,,,,,,,,,,,,,
high_velocity__seed_101__v_p12__snr_p30__delay_p8ns,high_velocity,101,8.0,12.0,30.0,level2,D3_Huber_weighted_LS,ok,5.884241046931248,8.0,-2.1157589530687524,0.0012421139981597662,,,,,,,,,,,,,,,,,
high_velocity__seed_101__v_p12__snr_p30__delay_p8ns,high_velocity,101,8.0,12.0,30.0,level2,D4_generalized_phase_slope_ML,ok,6.054107536827424,8.0,-1.9458924631725756,1.1811748719774187,,,,,,,,,,,,,,,,,
high_velocity__seed_101__v_p12__snr_p30__delay_p8ns,high_velocity,101,8.0,12.0,30.0,level2,cross_correlation,ok,2.5725344363738634,8.0,-5.427465563626137,1.5130583989957813,,,,,,,,,,,,,,,,,
high_velocity__seed_101__v_p12__snr_p30__delay_p8ns,high_velocity,101,8.0,12.0,30.0,level2,gcc_phat,ok,0.3850000405683121,8.0,-7.614999959431688,1.180431142973248,,,,,,,,,,,,,,,,,
high_velocity__seed_101__v_p12__snr_p30__delay_p8ns,high_velocity,101,8.0,12.0,30.0,level2,oversampled_cross_correlation,ok,0.5629600556268071,8.0,-7.437039944373193,1.3916741390130483,,,,,,,,,,,,,,,,,
high_velocity__seed_101__v_p12__snr_p30__delay_m8ns,high_velocity,101,-8.0,12.0,30.0,level2,D1_ordinary_LS,ok,-2.0788005693215172,-8.0,5.921199430678483,0.0005741610075347126,,,,,,,,,,,,,,,,,
high_velocity__seed_101__v_p12__snr_p30__delay_m8ns,high_velocity,101,-8.0,12.0,30.0,level2,D2_weighted_LS,ok,-2.1701257329777603,-8.0,5.829874267022239,0.0001903160009533167,,,,,,,,,,,,,,,,,
high_velocity__seed_101__v_p12__snr_p30__delay_m8ns,high_velocity,101,-8.0,12.0,30.0,level2,D3_Huber_weighted_LS,ok,-2.2232137363653353,-8.0,5.776786263634665,0.001480415987316519,,,,,,,,,,,,,,,,,
high_velocity__seed_101__v_p12__snr_p30__delay_m8ns,high_velocity,101,-8.0,12.0,30.0,level2,D4_generalized_phase_slope_ML,ok,9.539477195003183,-8.0,17.539477195003183,1.1073961179936305,,,,,,,,,,,,,,,,,
high_velocity__seed_101__v_p12__snr_p30__delay_m8ns,high_velocity,101,-8.0,12.0,30.0,level2,cross_correlation,ok,-2.6174358664065633,-8.0,5.382564133593437,1.736784426990198,,,,,,,,,,,,,,,,,
high_velocity__seed_101__v_p12__snr_p30__delay_m8ns,high_velocity,101,-8.0,12.0,30.0,level2,gcc_phat,ok,-0.40874308204278376,-8.0,7.5912569179572165,1.2255530350084882,,,,,,,,,,,,,,,,,
high_velocity__seed_101__v_p12__snr_p30__delay_m8ns,high_velocity,101,-8.0,12.0,30.0,level2,oversampled_cross_correlation,ok,-0.5936862683673433,-8.0,7.406313731632657,1.3959934799931943,,,,,,,,,,,,,,,,,
alternate_texture_geometry__seed_101__v_p6d7__snr_p30__delay_p0ns,alternate_texture_geometry,101,0.0,6.7,30.0,level2,D1_ordinary_LS,ok,0.5083569305946566,0.0,0.5083569305946566,0.0009949550149030983,,,,,,,,,,,,,,,,,
alternate_texture_geometry__seed_101__v_p6d7__snr_p30__delay_p0ns,alternate_texture_geometry,101,0.0,6.7,30.0,level2,D2_weighted_LS,ok,0.4982181423494186,0.0,0.4982181423494186,0.0001854980073403567,,,,,,,,,,,,,,,,,
alternate_texture_geometry__seed_101__v_p6d7__snr_p30__delay_p0ns,alternate_texture_geometry,101,0.0,6.7,30.0,level2,D3_Huber_weighted_LS,ok,0.4831496526713276,0.0,0.4831496526713276,0.0012469410139601678,,,,,,,,,,,,,,,,,
alternate_texture_geometry__seed_101__v_p6d7__snr_p30__delay_p0ns,alternate_texture_geometry,101,0.0,6.7,30.0,level2,D4_generalized_phase_slope_ML,ok,0.05796154581502563,0.0,0.05796154581502563,1.1138069189910311,,,,,,,,,,,,,,,,,
alternate_texture_geometry__seed_101__v_p6d7__snr_p30__delay_p0ns,alternate_texture_geometry,101,0.0,6.7,30.0,level2,cross_correlation,ok,-0.002710391360118445,0.0,-0.002710391360118445,1.645353760017315,,,,,,,,,,,,,,,,,
alternate_texture_geometry__seed_101__v_p6d7__snr_p30__delay_p0ns,alternate_texture_geometry,101,0.0,6.7,30.0,level2,gcc_phat,ok,0.01359136537510561,0.0,0.01359136537510561,1.189306537999073,,,,,,,,,,,,,,,,,
alternate_texture_geometry__seed_101__v_p6d7__snr_p30__delay_p0ns,alternate_texture_geometry,101,0.0,6.7,30.0,level2,oversampled_cross_correlation,ok,-0.006034441886395083,0.0,-0.006034441886395083,1.7593225160089787,,,,,,,,,,,,,,,,,
alternate_texture_geometry__seed_101__v_p6d7__snr_p30__delay_p1ns,alternate_texture_geometry,101,1.0,6.7,30.0,level2,D1_ordinary_LS,ok,1.3166686099931313,1.0,0.3166686099931313,0.0005645260098390281,,,,,,,,,,,,,,,,,
alternate_texture_geometry__seed_101__v_p6d7__snr_p30__delay_p1ns,alternate_texture_geometry,101,1.0,6.7,30.0,level2,D2_weighted_LS,ok,1.3064675254827969,1.0,0.3064675254827969,0.00013388501247391105,,,,,,,,,,,,,,,,,
alternate_texture_geometry__seed_101__v_p6d7__snr_p30__delay_p1ns,alternate_texture_geometry,101,1.0,6.7,30.0,level2,D3_Huber_weighted_LS,ok,1.3156539674953887,1.0,0.31565396749538865,0.0012894079845864326,,,,,,,,,,,,,,,,,
alternate_texture_geometry__seed_101__v_p6d7__snr_p30__delay_p1ns,alternate_texture_geometry,101,1.0,6.7,30.0,level2,D4_generalized_phase_slope_ML,ok,0.9555681374763828,1.0,-0.044431862523617194,1.22362862501177,,,,,,,,,,,,,,,,,
alternate_texture_geometry__seed_101__v_p6d7__snr_p30__delay_p1ns,alternate_texture_geometry,101,1.0,6.7,30.0,level2,cross_correlation,ok,0.22346931143410942,1.0,-0.7765306885658906,1.4186195180227514,,,,,,,,,,,,,,,,,
alternate_texture_geometry__seed_101__v_p6d7__snr_p30__delay_p1ns,alternate_texture_geometry,101,1.0,6.7,30.0,level2,gcc_phat,ok,0.07380111305541218,1.0,-0.9261988869445879,1.456076397007564,,,,,,,,,,,,,,,,,
alternate_texture_geometry__seed_101__v_p6d7__snr_p30__delay_p1ns,alternate_texture_geometry,101,1.0,6.7,30.0,level2,oversampled_cross_correlation,ok,0.24778166713893823,1.0,-0.7522183328610618,1.6436419939855114,,,,,,,,,,,,,,,,,
alternate_texture_geometry__seed_101__v_p6d7__snr_p30__delay_m1ns,alternate_texture_geometry,101,-1.0,6.7,30.0,level2,D1_ordinary_LS,ok,0.46411294477098386,-1.0,1.4641129447709837,0.0009616439929232001,,,,,,,,,,,,,,,,,
alternate_texture_geometry__seed_101__v_p6d7__snr_p30__delay_m1ns,alternate_texture_geometry,101,-1.0,6.7,30.0,level2,D2_weighted_LS,ok,0.4409914886135643,-1.0,1.4409914886135642,0.0001549780135974288,,,,,,,,,,,,,,,,,
alternate_texture_geometry__seed_101__v_p6d7__snr_p30__delay_m1ns,alternate_texture_geometry,101,-1.0,6.7,30.0,level2,D3_Huber_weighted_LS,ok,0.43855397574473715,-1.0,1.4385539757447372,0.001260146003914997,,,,,,,,,,,,,,,,,
alternate_texture_geometry__seed_101__v_p6d7__snr_p30__delay_m1ns,alternate_texture_geometry,101,-1.0,6.7,30.0,level2,D4_generalized_phase_slope_ML,ok,0.6188986048249827,-1.0,1.6188986048249827,1.2106988939922303,,,,,,,,,,,,,,,,,
alternate_texture_geometry__seed_101__v_p6d7__snr_p30__delay_m1ns,alternate_texture_geometry,101,-1.0,6.7,30.0,level2,cross_correlation,ok,-0.22818845436618224,-1.0,0.7718115456338177,1.7710909620218445,,,,,,,,,,,,,,,,,
alternate_texture_geometry__seed_101__v_p6d7__snr_p30__delay_m1ns,alternate_texture_geometry,101,-1.0,6.7,30.0,level2,gcc_phat,ok,-0.0551332183386754,-1.0,0.9448667816613247,1.1481571620097384,,,,,,,,,,,,,,,,,
alternate_texture_geometry__seed_101__v_p6d7__snr_p30__delay_m1ns,alternate_texture_geometry,101,-1.0,6.7,30.0,level2,oversampled_cross_correlation,ok,-0.2515981221346266,-1.0,0.7484018778653734,1.7294917709950823,,,,,,,,,,,,,,,,,
alternate_texture_geometry__seed_101__v_p6d7__snr_p30__delay_p2ns,alternate_texture_geometry,101,2.0,6.7,30.0,level2,D1_ordinary_LS,ok,2.0634199157292983,2.0,0.06341991572929828,0.00024290799046866596,,,,,,,,,,,,,,,,,
alternate_texture_geometry__seed_101__v_p6d7__snr_p30__delay_p2ns,alternate_texture_geometry,101,2.0,6.7,30.0,level2,D2_weighted_LS,ok,2.0559332850277117,2.0,0.055933285027711666,0.00015644400264136493,,,,,,,,,,,,,,,,,
alternate_texture_geometry__seed_101__v_p6d7__snr_p30__delay_p2ns,alternate_texture_geometry,101,2.0,6.7,30.0,level2,D3_Huber_weighted_LS,ok,2.084246583677711,2.0,0.08424658367771087,0.0014600330032408237,,,,,,,,,,,,,,,,,
alternate_texture_geometry__seed_101__v_p6d7__snr_p30__delay_p2ns,alternate_texture_geometry,101,2.0,6.7,30.0,level2,D4_generalized_phase_slope_ML,ok,1.8221463209689854,2.0,-0.17785367903101457,1.1063503999903332,,,,,,,,,,,,,,,,,
alternate_texture_geometry__seed_101__v_p6d7__snr_p30__delay_p2ns,alternate_texture_geometry,101,2.0,6.7,30.0,level2,cross_correlation,ok,0.47584195914251587,2.0,-1.5241580408574842,1.1268215230084024,,,,,,,,,,,,,,,,,
alternate_texture_geometry__seed_101__v_p6d7__snr_p30__delay_p2ns,alternate_texture_geometry,101,2.0,6.7,30.0,level2,gcc_phat,ok,0.06806778170297047,2.0,-1.9319322182970295,1.1457958070095628,,,,,,,,,,,,,,,,,
alternate_texture_geometry__seed_101__v_p6d7__snr_p30__delay_p2ns,alternate_texture_geometry,101,2.0,6.7,30.0,level2,oversampled_cross_correlation,ok,0.4821902376560773,2.0,-1.5178097623439226,1.1125449140090495,,,,,,,,,,,,,,,,,
alternate_texture_geometry__seed_101__v_p6d7__snr_p30__delay_m2ns,alternate_texture_geometry,101,-2.0,6.7,30.0,level2,D1_ordinary_LS,ok,0.18238733895878664,-2.0,2.1823873389587867,0.0010827500082086772,,,,,,,,,,,,,,,,,
alternate_texture_geometry__seed_101__v_p6d7__snr_p30__delay_m2ns,alternate_texture_geometry,101,-2.0,6.7,30.0,level2,D2_weighted_LS,ok,0.15804845166022433,-2.0,2.1580484516602243,0.00019115599570795894,,,,,,,,,,,,,,,,,
alternate_texture_geometry__seed_101__v_p6d7__snr_p30__delay_m2ns,alternate_texture_geometry,101,-2.0,6.7,30.0,level2,D3_Huber_weighted_LS,ok,0.14912766103206954,-2.0,2.1491276610320695,0.0016308650083374232,,,,,,,,,,,,,,,,,
alternate_texture_geometry__seed_101__v_p6d7__snr_p30__delay_m2ns,alternate_texture_geometry,101,-2.0,6.7,30.0,level2,D4_generalized_phase_slope_ML,ok,1.2552058580945242,-2.0,3.2552058580945245,1.1218551280035172,,,,,,,,,,,,,,,,,
alternate_texture_geometry__seed_101__v_p6d7__snr_p30__delay_m2ns,alternate_texture_geometry,101,-2.0,6.7,30.0,level2,cross_correlation,ok,-0.4791187761450949,-2.0,1.520881223854905,1.100765485985903,,,,,,,,,,,,,,,,,
alternate_texture_geometry__seed_101__v_p6d7__snr_p30__delay_m2ns,alternate_texture_geometry,101,-2.0,6.7,30.0,level2,gcc_phat,ok,-0.05956462355356789,-2.0,1.9404353764464322,1.3153563920059241,,,,,,,,,,,,,,,,,
alternate_texture_geometry__seed_101__v_p6d7__snr_p30__delay_m2ns,alternate_texture_geometry,101,-2.0,6.7,30.0,level2,oversampled_cross_correlation,ok,-0.47638350325943424,-2.0,1.5236164967405657,1.1063057249994017,,,,,,,,,,,,,,,,,
alternate_texture_geometry__seed_101__v_p6d7__snr_p30__delay_p4ns,alternate_texture_geometry,101,4.0,6.7,30.0,level2,D1_ordinary_LS,ok,3.348421431498211,4.0,-0.651578568501789,0.0002488449972588569,,,,,,,,,,,,,,,,,
alternate_texture_geometry__seed_101__v_p6d7__snr_p30__delay_p4ns,alternate_texture_geometry,101,4.0,6.7,30.0,level2,D2_weighted_LS,ok,3.3537506611878385,4.0,-0.6462493388121615,0.00015707299462519586,,,,,,,,,,,,,,,,,
alternate_texture_geometry__seed_101__v_p6d7__snr_p30__delay_p4ns,alternate_texture_geometry,101,4.0,6.7,30.0,level2,D3_Huber_weighted_LS,ok,3.397122967617105,4.0,-0.6028770323828949,0.0014008779835421592,,,,,,,,,,,,,,,,,
alternate_texture_geometry__seed_101__v_p6d7__snr_p30__delay_p4ns,alternate_texture_geometry,101,4.0,6.7,30.0,level2,D4_generalized_phase_slope_ML,ok,3.404166043682362,4.0,-0.5958339563176378,2.4494209040130954,,,,,,,,,,,,,,,,,
alternate_texture_geometry__seed_101__v_p6d7__snr_p30__delay_p4ns,alternate_texture_geometry,101,4.0,6.7,30.0,level2,cross_correlation,ok,1.0570443250293449,4.0,-2.942955674970655,3.031041517999256,,,,,,,,,,,,,,,,,
alternate_texture_geometry__seed_101__v_p6d7__snr_p30__delay_p4ns,alternate_texture_geometry,101,4.0,6.7,30.0,level2,gcc_phat,ok,0.06950993553685055,4.0,-3.9304900644631493,1.340967523981817,,,,,,,,,,,,,,,,,
alternate_texture_geometry__seed_101__v_p6d7__snr_p30__delay_p4ns,alternate_texture_geometry,101,4.0,6.7,30.0,level2,oversampled_cross_correlation,ok,0.8674542550056171,4.0,-3.132545744994383,2.06143256399082,,,,,,,,,,,,,,,,,
alternate_texture_geometry__seed_101__v_p6d7__snr_p30__delay_m4ns,alternate_texture_geometry,101,-4.0,6.7,30.0,level2,D1_ordinary_LS,ok,-0.39259938758791396,-4.0,3.607400612412086,0.000178793998202309,,,,,,,,,,,,,,,,,
alternate_texture_geometry__seed_101__v_p6d7__snr_p30__delay_m4ns,alternate_texture_geometry,101,-4.0,6.7,30.0,level2,D2_weighted_LS,ok,-0.42212921114712043,-4.0,3.57787078885288,0.0001419869950041175,,,,,,,,,,,,,,,,,
alternate_texture_geometry__seed_101__v_p6d7__snr_p30__delay_m4ns,alternate_texture_geometry,101,-4.0,6.7,30.0,level2,D3_Huber_weighted_LS,ok,-0.4390849336493107,-4.0,3.5609150663506894,0.0015309229784179479,,,,,,,,,,,,,,,,,
alternate_texture_geometry__seed_101__v_p6d7__snr_p30__delay_m4ns,alternate_texture_geometry,101,-4.0,6.7,30.0,level2,D4_generalized_phase_slope_ML,ok,2.830147509722618,-4.0,6.830147509722618,1.1248143669799902,,,,,,,,,,,,,,,,,
alternate_texture_geometry__seed_101__v_p6d7__snr_p30__delay_m4ns,alternate_texture_geometry,101,-4.0,6.7,30.0,level2,cross_correlation,ok,-1.056049758112521,-4.0,2.943950241887479,2.9210743730072863,,,,,,,,,,,,,,,,,
alternate_texture_geometry__seed_101__v_p6d7__snr_p30__delay_m4ns,alternate_texture_geometry,101,-4.0,6.7,30.0,level2,gcc_phat,ok,-0.07091544634611004,-4.0,3.92908455365389,1.1262194380105939,,,,,,,,,,,,,,,,,
alternate_texture_geometry__seed_101__v_p6d7__snr_p30__delay_m4ns,alternate_texture_geometry,101,-4.0,6.7,30.0,level2,oversampled_cross_correlation,ok,-0.8392486889759602,-4.0,3.1607513110240397,1.2975955110159703,,,,,,,,,,,,,,,,,
alternate_texture_geometry__seed_101__v_p6d7__snr_p30__delay_p8ns,alternate_texture_geometry,101,8.0,6.7,30.0,level2,D1_ordinary_LS,ok,5.767816523706506,8.0,-2.2321834762934936,0.00022048898972570896,,,,,,,,,,,,,,,,,
alternate_texture_geometry__seed_101__v_p6d7__snr_p30__delay_p8ns,alternate_texture_geometry,101,8.0,6.7,30.0,level2,D2_weighted_LS,ok,5.775288348604552,8.0,-2.224711651395448,0.00014589799684472382,,,,,,,,,,,,,,,,,
alternate_texture_geometry__seed_101__v_p6d7__snr_p30__delay_p8ns,alternate_texture_geometry,101,8.0,6.7,30.0,level2,D3_Huber_weighted_LS,ok,5.81853160418646,8.0,-2.18146839581354,0.0014281859912443906,,,,,,,,,,,,,,,,,
alternate_texture_geometry__seed_101__v_p6d7__snr_p30__delay_p8ns,alternate_texture_geometry,101,8.0,6.7,30.0,level2,D4_generalized_phase_slope_ML,ok,5.810875624853475,8.0,-2.189124375146525,1.2331752569880337,,,,,,,,,,,,,,,,,
alternate_texture_geometry__seed_101__v_p6d7__snr_p30__delay_p8ns,alternate_texture_geometry,101,8.0,6.7,30.0,level2,cross_correlation,ok,2.543087627598143,8.0,-5.456912372401857,1.2348335719725583,,,,,,,,,,,,,,,,,
alternate_texture_geometry__seed_101__v_p6d7__snr_p30__delay_p8ns,alternate_texture_geometry,101,8.0,6.7,30.0,level2,gcc_phat,ok,0.331280285458439,8.0,-7.668719714541561,1.4988988820114173,,,,,,,,,,,,,,,,,
alternate_texture_geometry__seed_101__v_p6d7__snr_p30__delay_p8ns,alternate_texture_geometry,101,8.0,6.7,30.0,level2,oversampled_cross_correlation,ok,1.0953532967709678,8.0,-6.904646703229032,1.20427342801122,,,,,,,,,,,,,,,,,
alternate_texture_geometry__seed_101__v_p6d7__snr_p30__delay_m8ns,alternate_texture_geometry,101,-8.0,6.7,30.0,level2,D1_ordinary_LS,ok,-1.76772008873778,-8.0,6.23227991126222,0.00017285801004618406,,,,,,,,,,,,,,,,,
alternate_texture_geometry__seed_101__v_p6d7__snr_p30__delay_m8ns,alternate_texture_geometry,101,-8.0,6.7,30.0,level2,D2_weighted_LS,ok,-1.8624005825632362,-8.0,6.137599417436764,0.00013961299555376172,,,,,,,,,,,,,,,,,
alternate_texture_geometry__seed_101__v_p6d7__snr_p30__delay_m8ns,alternate_texture_geometry,101,-8.0,6.7,30.0,level2,D3_Huber_weighted_LS,ok,-1.884142106093648,-8.0,6.115857893906352,0.001349334983387962,,,,,,,,,,,,,,,,,
alternate_texture_geometry__seed_101__v_p6d7__snr_p30__delay_m8ns,alternate_texture_geometry,101,-8.0,6.7,30.0,level2,D4_generalized_phase_slope_ML,ok,8.02545987533881,-8.0,16.02545987533881,1.1383451120054815,,,,,,,,,,,,,,,,,
alternate_texture_geometry__seed_101__v_p6d7__snr_p30__delay_m8ns,alternate_texture_geometry,101,-8.0,6.7,30.0,level2,cross_correlation,ok,-2.5318646396853386,-8.0,5.468135360314662,2.1062471389886923,,,,,,,,,,,,,,,,,
alternate_texture_geometry__seed_101__v_p6d7__snr_p30__delay_m8ns,alternate_texture_geometry,101,-8.0,6.7,30.0,level2,gcc_phat,ok,-0.34807449388365763,-8.0,7.651925506116342,1.1931318389833905,,,,,,,,,,,,,,,,,
alternate_texture_geometry__seed_101__v_p6d7__snr_p30__delay_m8ns,alternate_texture_geometry,101,-8.0,6.7,30.0,level2,oversampled_cross_correlation,ok,-1.0022701368628235,-8.0,6.9977298631371765,1.252019373991061,,,,,,,,,,,,,,,,,
,,,0.0,,,level1,D1_ordinary_LS,,0.0007314681950162338,0.0,0.0007314681950162338,,,20.0,0.0007314681950162338,0.0959759369022939,0.09645664446353307,-0.018173686726794726,0.019636623116827196,0.0,0.0,0,100,100,0.00013393605157034473,channel_delay_stage1/formal/seed-20260916,60000000.0,20000000.0,2048
,,,0.0,,,level1,D2_weighted_LS,,0.0011916628778823703,0.0,0.0011916628778823703,,,20.0,0.0011916628778823703,0.09563718927132384,0.09611152986522921,-0.017645850825607132,0.020029176581371873,0.0,0.0,0,100,100,0.00011693816020851954,channel_delay_stage1/formal/seed-20260916,60000000.0,20000000.0,2048
,,,0.0,,,level1,D3_Huber_weighted_LS,,0.0011600994629622037,0.0,0.0011600994629622037,,,20.0,0.0011600994629622037,0.09880663838989508,0.09929756300806648,-0.018301865261878502,0.02062206418780291,0.0,0.0,0,100,100,0.0011939800815889611,channel_delay_stage1/formal/seed-20260916,60000000.0,20000000.0,2048
,,,0.0,,,level1,D4_generalized_phase_slope_ML,,0.0011060681886459521,0.0,0.0011060681886459521,,,20.0,0.0011060681886459521,0.06238530071155131,0.06268973107177332,-0.011180893321471774,0.01339302969876368,0.0,0.0,0,100,100,0.0006436039399704895,channel_delay_stage1/formal/seed-20260916,60000000.0,20000000.0,2048
,,,0.0,,,level1,cross_correlation,,0.002462862447458067,0.0,0.002462862447458067,,,20.0,0.002462862447458067,0.025770499458211936,0.025781775547749772,-0.0025902727056504316,0.007515997600566565,0.0,0.0,0,100,100,0.0004986846301471815,channel_delay_stage1/formal/seed-20260916,60000000.0,20000000.0,2048
,,,0.0,,,level1,gcc_phat,,0.007606332733171227,0.0,0.007606332733171227,,,20.0,0.007606332733171227,0.07649896766629968,0.07650335541833769,-0.00738804939846968,0.022600714864812133,0.0,0.0,0,100,100,0.0006332325376570225,channel_delay_stage1/formal/seed-20260916,60000000.0,20000000.0,2048
,,,0.0,,,level1,oversampled_cross_correlation,,0.0056376315240175435,0.0,0.0056376315240175435,,,20.0,0.0056376315240175435,0.031016294301843387,0.030653284679366895,-0.0003703018739237094,0.011645564921958796,0.0,0.0,0,100,100,0.0017778902096324601,channel_delay_stage1/formal/seed-20260916,60000000.0,20000000.0,2048
,,,0.0,,,level1,D1_ordinary_LS,,-0.00035362872094034175,0.0,-0.00035362872094034175,,,30.0,-0.00035362872094034175,0.032427096111076706,0.03258851983715273,-0.0067408612399691885,0.006033603798088504,0.0,0.0,0,100,100,0.0001375475784880109,channel_delay_stage1/formal/seed-20260916,60000000.0,20000000.0,2048
,,,0.0,,,level1,D2_weighted_LS,,-0.0003594677931492134,0.0,-0.0003594677931492134,,,30.0,-0.0003594677931492134,0.03241440671911963,0.032575701204236154,-0.0067441879062933065,0.00602525231999488,0.0,0.0,0,100,100,0.00012388524133712055,channel_delay_stage1/formal/seed-20260916,60000000.0,20000000.0,2048
,,,0.0,,,level1,D3_Huber_weighted_LS,,-0.0012969305059391317,0.0,-0.0012969305059391317,,,30.0,-0.0012969305059391317,0.033095171246619697,0.03323634877517229,-0.007811135163634094,0.005217274151755831,0.0,0.0,0,100,100,0.0011036149121355266,channel_delay_stage1/formal/seed-20260916,60000000.0,20000000.0,2048
,,,0.0,,,level1,D4_generalized_phase_slope_ML,,-0.0015677342046726695,0.0,-0.0015677342046726695,,,30.0,-0.0015677342046726695,0.018171110606626465,0.01819455657695655,-0.00513380176522379,0.0019983333558784505,0.0,0.0,0,100,100,0.0006365925489808433,channel_delay_stage1/formal/seed-20260916,60000000.0,20000000.0,2048
,,,0.0,,,level1,cross_correlation,,-0.000605086547247994,0.0,-0.000605086547247994,,,30.0,-0.000605086547247994,0.00816346559996311,0.00818202272243391,-0.0022087335329138767,0.0009985604384178887,0.0,0.0,0,100,100,0.0004886918392730876,channel_delay_stage1/formal/seed-20260916,60000000.0,20000000.0,2048
,,,0.0,,,level1,gcc_phat,,-0.011200363763383155,0.0,-0.011200363763383155,,,30.0,-0.011200363763383155,0.08566986253187699,0.08536243110549864,-0.027931092823339047,0.005530365296572739,0.0,0.0,0,100,100,0.0006228863424621523,channel_delay_stage1/formal/seed-20260916,60000000.0,20000000.0,2048
,,,0.0,,,level1,oversampled_cross_correlation,,0.0001618510984007992,0.0,0.0001618510984007992,,,30.0,0.0001618510984007992,0.008214363972220117,0.00825414372153844,-0.001455931343342476,0.0017796335401440743,0.0,0.0,0,100,100,0.0017709382812608964,channel_delay_stage1/formal/seed-20260916,60000000.0,20000000.0,2048
,,,0.0,,,level1,D1_ordinary_LS,,0.00016446097672204507,0.0,0.00016446097672204507,,,35.0,0.00016446097672204507,0.02007046301827583,0.020170897085841008,-0.003788962205689185,0.004117884159133276,0.0,0.0,0,100,100,0.00013290455826791002,channel_delay_stage1/formal/seed-20260916,60000000.0,20000000.0,2048
,,,0.0,,,level1,D2_weighted_LS,,0.0001394112819128188,0.0,0.0001394112819128188,,,35.0,0.0001394112819128188,0.02006608607361104,0.02016668857519577,-0.0038131870475690897,0.004092009611394727,0.0,0.0,0,100,100,0.00011909636057680473,channel_delay_stage1/formal/seed-20260916,60000000.0,20000000.0,2048
,,,0.0,,,level1,D3_Huber_weighted_LS,,9.170844699288572e-05,0.0,9.170844699288572e-05,,,35.0,9.170844699288572e-05,0.02041813788771845,0.02052079370062646,-0.003930293211747542,0.004113710105733313,0.0,0.0,0,100,100,0.0010777681312174536,channel_delay_stage1/formal/seed-20260916,60000000.0,20000000.0,2048
,,,0.0,,,level1,D4_generalized_phase_slope_ML,,-0.0011234157707126912,0.0,-0.0011234157707126912,,,35.0,-0.0011234157707126912,0.010007938279703622,0.009994784782321246,-0.003082357591370556,0.0008355260499451735,0.0,0.0,0,100,100,0.0006286251900019124,channel_delay_stage1/formal/seed-20260916,60000000.0,20000000.0,2048
,,,0.0,,,level1,cross_correlation,,-0.000522802676297987,0.0,-0.000522802676297987,,,35.0,-0.000522802676297987,0.004852209547023119,0.00484826479944457,-0.0014730451157404535,0.00042743976314447963,0.0,0.0,0,100,100,0.0004909001709893346,channel_delay_stage1/formal/seed-20260916,60000000.0,20000000.0,2048
,,,0.0,,,level1,gcc_phat,,0.0024447344743596233,0.0,0.0024447344743596233,,,35.0,0.0024447344743596233,0.07533405235463772,0.07567369288911395,-0.01238703678962119,0.017276505738340435,0.0,0.0,0,100,100,0.0006235372586525045,channel_delay_stage1/formal/seed-20260916,60000000.0,20000000.0,2048
,,,0.0,,,level1,oversampled_cross_correlation,,-0.0001583586104980789,0.0,-0.0001583586104980789,,,35.0,-0.0001583586104980789,0.004888414834068267,0.0049104631784269255,-0.0011207917082107644,0.0008040744872146067,0.0,0.0,0,100,100,0.0017681718524545432,channel_delay_stage1/formal/seed-20260916,60000000.0,20000000.0,2048
,,,1.0,,,level1,D1_ordinary_LS,,-0.0052043884523694265,1.0,-0.0052043884523694265,,,20.0,-0.0052043884523694265,0.12051648946912631,0.12101063721003481,-0.028922037520160503,0.018513260615421648,0.0,0.0,0,100,100,0.00013396050169831142,channel_delay_stage1/formal/seed-20260916,60000000.0,20000000.0,2048
,,,1.0,,,level1,D2_weighted_LS,,-0.005213954254776165,1.0,-0.005213954254776165,,,20.0,-0.005213954254776165,0.12091698525168927,0.12141311065022584,-0.029010486667318074,0.018582578157765744,0.0,0.0,0,100,100,0.00011835665762191638,channel_delay_stage1/formal/seed-20260916,60000000.0,20000000.0,2048
,,,1.0,,,level1,D3_Huber_weighted_LS,,-0.0005265888182291967,1.0,-0.0005265888182291967,,,20.0,-0.0005265888182291967,0.11951502333976789,0.12011595201052912,-0.024068882809167056,0.02301570517270866,0.0,0.0,0,100,100,0.0010712792075355537,channel_delay_stage1/formal/seed-20260916,60000000.0,20000000.0,2048
,,,1.0,,,level1,D4_generalized_phase_slope_ML,,0.00011891818500128992,1.0,0.00011891818500128992,,,20.0,0.00011891818500128992,0.05554353407300875,0.055823224193686134,-0.010822232707051693,0.011060069077054271,0.0,0.0,0,100,100,0.0006269894799333997,channel_delay_stage1/formal/seed-20260916,60000000.0,20000000.0,2048
,,,1.0,,,level1,cross_correlation,,-0.6199955227124463,1.0,-0.6199955227124463,,,20.0,-0.6199955227124463,0.620432260486532,0.023392601544476116,-0.6245803883656332,-0.6154106570592593,0.0,0.0,0,100,100,0.0004968268997617997,channel_delay_stage1/formal/seed-20260916,60000000.0,20000000.0,2048
,,,1.0,,,level1,gcc_phat,,-0.8877265344738815,1.0,-0.8877265344738815,,,20.0,-0.8877265344738815,0.8906081556825557,0.07194615662990159,-0.90182772205595,-0.873625346891813,0.0,0.0,0,100,100,0.000627882800763473,channel_delay_stage1/formal/seed-20260916,60000000.0,20000000.0,2048
,,,1.0,,,level1,oversampled_cross_correlation,,-0.6838118231519591,1.0,-0.6838118231519591,,,20.0,-0.6838118231519591,0.6842777575737408,0.025374767307298336,-0.688785186155798,-0.6788384601481202,0.0,0.0,0,100,100,0.0017474074196070432,channel_delay_stage1/formal/seed-20260916,60000000.0,20000000.0,2048
,,,1.0,,,level1,D1_ordinary_LS,,-0.0019392457667293883,1.0,-0.0019392457667293883,,,30.0,-0.0019392457667293883,0.0414096454203328,0.041572597565917004,-0.010087325164026873,0.006208833630568097,0.0,0.0,0,100,100,0.0001320245984243229,channel_delay_stage1/formal/seed-20260916,60000000.0,20000000.0,2048
,,,1.0,,,level1,D2_weighted_LS,,-0.0020045482971939154,1.0,-0.0020045482971939154,,,30.0,-0.0020045482971939154,0.041427956850361054,0.041587893961599044,-0.010155625732954407,0.006146529138566576,0.0,0.0,0,100,100,0.00011768125899834558,channel_delay_stage1/formal/seed-20260916,60000000.0,20000000.0,2048
,,,1.0,,,level1,D3_Huber_weighted_LS,,-0.0027852988925353827,1.0,-0.0027852988925353827,,,30.0,-0.0027852988925353827,0.04247940200065635,0.0426015329597162,-0.011135045921259362,0.0055644481361885965,0.0,0.0,0,100,100,0.0010712883798987606,channel_delay_stage1/formal/seed-20260916,60000000.0,20000000.0,2048
,,,1.0,,,level1,D4_generalized_phase_slope_ML,,-0.0006440511710263219,1.0,-0.0006440511710263219,,,30.0,-0.0006440511710263219,0.020428238306361635,0.02052094565305303,-0.004666082611895094,0.0033779802698424496,0.0,0.0,0,100,100,0.000616144620871637,channel_delay_stage1/formal/seed-20260916,60000000.0,20000000.0,2048
,,,1.0,,,level1,cross_correlation,,-0.6232111624514095,1.0,-0.6232111624514095,,,30.0,-0.6232111624514095,0.6232844205067707,0.009604073337429889,-0.6250935262360339,-0.6213287986667851,0.0,0.0,0,100,100,0.00048037732136435807,channel_delay_stage1/formal/seed-20260916,60000000.0,20000000.0,2048
,,,1.0,,,level1,gcc_phat,,-0.8868746194934899,1.0,-0.8868746194934899,,,30.0,-0.8868746194934899,0.8906158096563155,0.0819579203933594,-0.9029380767153684,-0.8708111622716114,0.0,0.0,0,100,100,0.0006289898022077977,channel_delay_stage1/formal/seed-20260916,60000000.0,20000000.0,2048
,,,1.0,,,level1,oversampled_cross_correlation,,-0.6881286488414703,1.0,-0.6881286488414703,,,30.0,-0.6881286488414703,0.6882065965817201,0.010409893420063094,-0.6901689504600927,-0.6860883472228478,0.0,0.0,0,100,100,0.0017578402993967757,channel_delay_stage1/formal/seed-20260916,60000000.0,20000000.0,2048
,,,1.0,,,level1,D1_ordinary_LS,,-0.0012690538650165894,1.0,-0.0012690538650165894,,,35.0,-0.0012690538650165894,0.017871460221683955,0.017916151303170542,-0.0047805549945950515,0.0022424472645618723,0.0,0.0,0,100,100,0.00013020799931837246,channel_delay_stage1/formal/seed-20260916,60000000.0,20000000.0,2048
,,,1.0,,,level1,D2_weighted_LS,,-0.0012619990201943843,1.0,-0.0012619990201943843,,,35.0,-0.0012619990201943843,0.017882654560644713,0.017927933528840426,-0.004775809423569916,0.0022518113831811477,0.0,0.0,0,100,100,0.0001159296915284358,channel_delay_stage1/formal/seed-20260916,60000000.0,20000000.0,2048
,,,1.0,,,level1,D3_Huber_weighted_LS,,-0.001173341483226874,1.0,-0.001173341483226874,,,35.0,-0.001173341483226874,0.018129733710666902,0.018182867787930608,-0.004737118083226621,0.0023904351167728733,0.0,0.0,0,100,100,0.0010620015996391885,channel_delay_stage1/formal/seed-20260916,60000000.0,20000000.0,2048
,,,1.0,,,level1,D4_generalized_phase_slope_ML,,-0.0021231464377323506,1.0,-0.0021231464377323506,,,35.0,-0.0021231464377323506,0.010569289166617816,0.01040600655466284,-0.004162686244735041,-8.36066307296603e-05,0.0,0.0,0,100,100,0.0006212464469717815,channel_delay_stage1/formal/seed-20260916,60000000.0,20000000.0,2048
,,,1.0,,,level1,cross_correlation,,-0.6235344090494026,1.0,-0.6235344090494026,,,35.0,-0.6235344090494026,0.623556968486079,0.005330840228021804,-0.6245792345348286,-0.6224895835639767,0.0,0.0,0,100,100,0.00048166579887038097,channel_delay_stage1/formal/seed-20260916,60000000.0,20000000.0,2048
,,,1.0,,,level1,gcc_phat,,-0.894384777668667,1.0,-0.894384777668667,,,35.0,-0.894384777668667,0.8973689075922413,0.07349036759435272,-0.9087886250382211,-0.8799809302991128,0.0,0.0,0,100,100,0.0006190451589645818,channel_delay_stage1/formal/seed-20260916,60000000.0,20000000.0,2048
,,,1.0,,,level1,oversampled_cross_correlation,,-0.6879744773887304,1.0,-0.6879744773887304,,,35.0,-0.6879744773887304,0.6879921725898207,0.004959228369953314,-0.6889464682883522,-0.6870024864891087,0.0,0.0,0,100,100,0.0017253210578928701,channel_delay_stage1/formal/seed-20260916,60000000.0,20000000.0,2048
,,,-1.0,,,level1,D1_ordinary_LS,,0.001393115960590866,-1.0,0.001393115960590866,,,20.0,0.001393115960590866,0.10130093227836774,0.10180163970612334,-0.01855963877852158,0.021345870699703316,0.0,0.0,0,100,100,0.00013022542931139468,channel_delay_stage1/formal/seed-20260916,60000000.0,20000000.0,2048
,,,-1.0,,,level1,D2_weighted_LS,,0.0014610284789648488,-1.0,0.0014610284789648488,,,20.0,0.0014610284789648488,0.10090207165990059,0.10139976620738578,-0.018412960501760924,0.021335017459690624,0.0,0.0,0,100,100,0.0001162747194757685,channel_delay_stage1/formal/seed-20260916,60000000.0,20000000.0,2048
,,,-1.0,,,level1,D3_Huber_weighted_LS,,-0.003935100840135779,-1.0,-0.003935100840135779,,,20.0,-0.003935100840135779,0.10435079064852461,0.1048018933938675,-0.024475894496494434,0.016605692816222872,0.0,0.0,0,100,100,0.0010664567904314025,channel_delay_stage1/formal/seed-20260916,60000000.0,20000000.0,2048
,,,-1.0,,,level1,D4_generalized_phase_slope_ML,,0.001189696101386185,-1.0,0.001189696101386185,,,20.0,0.001189696101386185,0.06616004809150154,0.0664825988219272,-0.011840653827574049,0.014220046030346418,0.0,0.0,0,100,100,0.0006223674491047859,channel_delay_stage1/formal/seed-20260916,60000000.0,20000000.0,2048
,,,-1.0,,,level1,cross_correlation,,0.6119759520014191,-1.0,0.6119759520014191,,,20.0,0.6119759520014191,0.6126866100852649,0.029649745765687935,0.6061647086162674,0.6177871953865708,0.0,0.0,0,100,100,0.0004934039889485575,channel_delay_stage1/formal/seed-20260916,60000000.0,20000000.0,2048
,,,-1.0,,,level1,gcc_phat,,0.9006068060532653,-1.0,0.9006068060532653,,,20.0,0.9006068060532653,0.9046626146285391,0.08599875026741005,0.8837513607293075,0.917462251377223,0.0,0.0,0,100,100,0.0006221893493784592,channel_delay_stage1/formal/seed-20260916,60000000.0,20000000.0,2048
,,,-1.0,,,level1,oversampled_cross_correlation,,0.6774032086180182,-1.0,0.6774032086180182,,,20.0,0.6774032086180182,0.678041396479085,0.02955953235167795,0.6716096467371047,0.6831967704989317,0.0,0.0,0,100,100,0.0017210873210569844,channel_delay_stage1/formal/seed-20260916,60000000.0,20000000.0,2048
,,,-1.0,,,level1,D1_ordinary_LS,,-0.0023711566338236755,-1.0,-0.0023711566338236755,,,30.0,-0.0023711566338236755,0.03216377452035882,0.03223784725396622,-0.008689658589511404,0.0039473453218640524,0.0,0.0,0,100,100,0.00013553130032960324,channel_delay_stage1/formal/seed-20260916,60000000.0,20000000.0,2048
,,,-1.0,,,level1,D2_weighted_LS,,-0.002427837377869343,-1.0,-0.002427837377869343,,,30.0,-0.002427837377869343,0.03218071219249537,0.03225065723052554,-0.008748850042826977,0.0038931752870882902,0.0,0.0,0,100,100,0.0001177812204696238,channel_delay_stage1/formal/seed-20260916,60000000.0,20000000.0,2048
,,,-1.0,,,level1,D3_Huber_weighted_LS,,-0.0018194048015396402,-1.0,-0.0018194048015396402,,,30.0,-0.0018194048015396402,0.032712459995047634,0.03282636912906609,-0.00825325492515834,0.00461444532207906,0.0,0.0,0,100,100,0.0010825879318872467,channel_delay_stage1/formal/seed-20260916,60000000.0,20000000.0,2048
,,,-1.0,,,level1,D4_generalized_phase_slope_ML,,-0.0004654817509201636,-1.0,-0.0004654817509201636,,,30.0,-0.0004654817509201636,0.019669405792855307,0.019762960227483667,-0.004338950778296714,0.0034079872764563868,0.0,0.0,0,100,100,0.0006295805814443156,channel_delay_stage1/formal/seed-20260916,60000000.0,20000000.0,2048
,,,-1.0,,,level1,cross_correlation,,0.6113380078053461,-1.0,0.6113380078053461,,,30.0,0.6113380078053461,0.611406445726288,0.00919387632402139,0.6095360411580063,0.6131399744526859,0.0,0.0,0,100,100,0.0004944426185102202,channel_delay_stage1/formal/seed-20260916,60000000.0,20000000.0,2048
,,,-1.0,,,level1,gcc_phat,,0.8874561241754908,-1.0,0.8874561241754908,,,30.0,0.8874561241754908,0.8917084109793265,0.08741817458150868,0.8703224767980916,0.90458977155289,0.0,0.0,0,100,100,0.0006368699297308922,channel_delay_stage1/formal/seed-20260916,60000000.0,20000000.0,2048
,,,-1.0,,,level1,oversampled_cross_correlation,,0.6762304868674168,-1.0,0.6762304868674168,,,30.0,0.6762304868674168,0.6763041497272371,0.010031846730587124,0.6742642810383792,0.6781966926964544,0.0,0.0,0,100,100,0.0017986672700499185,channel_delay_stage1/formal/seed-20260916,60000000.0,20000000.0,2048
,,,-1.0,,,level1,D1_ordinary_LS,,-0.0022687157676393745,-1.0,-0.0022687157676393745,,,35.0,-0.0022687157676393745,0.017438845056019836,0.017377747458193173,-0.005674691682688483,0.0011372601474097343,0.0,0.0,0,100,100,0.00013088337116641923,channel_delay_stage1/formal/seed-20260916,60000000.0,20000000.0,2048
,,,-1.0,,,level1,D2_weighted_LS,,-0.0022713673160427573,-1.0,-0.0022713673160427573,,,35.0,-0.0022713673160427573,0.0174658436165221,0.017404764927288163,-0.005682638557729826,0.001139903925644312,0.0,0.0,0,100,100,0.00011468654061900451,channel_delay_stage1/formal/seed-20260916,60000000.0,20000000.0,2048
,,,-1.0,,,level1,D3_Huber_weighted_LS,,-0.0020842443422019164,-1.0,-0.0020842443422019164,,,35.0,-0.0020842443422019164,0.01816148615372507,0.018132383688200172,-0.005638126240475306,0.001469637556071473,0.0,0.0,0,100,100,0.0010655265604145826,channel_delay_stage1/formal/seed-20260916,60000000.0,20000000.0,2048
,,,-1.0,,,level1,D4_generalized_phase_slope_ML,,0.0002593213124101812,-1.0,0.0002593213124101812,,,35.0,0.0002593213124101812,0.011952450193166611,0.012009836796385561,-0.0020945634457017787,0.0026132060705221414,0.0,0.0,0,100,100,0.0006151857401710003,channel_delay_stage1/formal/seed-20260916,60000000.0,20000000.0,2048
,,,-1.0,,,level1,cross_correlation,,0.6117748533296381,-1.0,0.6117748533296381,,,35.0,0.6117748533296381,0.6117975762752065,0.005299434858074022,0.610736183183614,0.6128135234756622,0.0,0.0,0,100,100,0.0004926037299446762,channel_delay_stage1/formal/seed-20260916,60000000.0,20000000.0,2048
,,,-1.0,,,level1,gcc_phat,,0.8961909746104929,-1.0,0.8961909746104929,,,35.0,0.8961909746104929,0.8997111268019383,0.07991061115812532,0.8805287826252419,0.9118531665957439,0.0,0.0,0,100,100,0.0006254027725663036,channel_delay_stage1/formal/seed-20260916,60000000.0,20000000.0,2048
,,,-1.0,,,level1,oversampled_cross_correlation,,0.6758231606321413,-1.0,0.6758231606321413,,,35.0,0.6758231606321413,0.6758419090643452,0.005059404776065058,0.6748315355177116,0.6768147857465711,0.0,0.0,0,100,100,0.001729308272479102,channel_delay_stage1/formal/seed-20260916,60000000.0,20000000.0,2048
,,,2.0,,,level1,D1_ordinary_LS,,-0.02272151295362996,2.0,-0.02272151295362996,,,20.0,-0.02272151295362996,0.10085497560773611,0.09875722172255891,-0.042077572732575175,-0.0033654531746847467,0.0,0.0,0,100,100,0.0001326384287676774,channel_delay_stage1/formal/seed-20260916,60000000.0,20000000.0,2048
,,,2.0,,,level1,D2_weighted_LS,,-0.022453997521585115,2.0,-0.022453997521585115,,,20.0,-0.022453997521585115,0.10018486116903316,0.0981280569375677,-0.041686743268637964,-0.003221251774532266,0.0,0.0,0,100,100,0.0001168118097120896,channel_delay_stage1/formal/seed-20260916,60000000.0,20000000.0,2048
,,,2.0,,,level1,D3_Huber_weighted_LS,,-0.02082781303247585,2.0,-0.02082781303247585,,,20.0,-0.02082781303247585,0.10354244192788034,0.10193699522066998,-0.04080709696495033,-0.0008485291000013724,0.0,0.0,0,100,100,0.0010721802807529457,channel_delay_stage1/formal/seed-20260916,60000000.0,20000000.0,2048
,,,2.0,,,level1,D4_generalized_phase_slope_ML,,-0.008200057571342683,2.0,-0.008200057571342683,,,20.0,-0.008200057571342683,0.06675230752438441,0.06658047166950676,-0.02124959022593495,0.0048494750832495815,0.0,0.0,0,100,100,0.0006196227806503884,channel_delay_stage1/formal/seed-20260916,60000000.0,20000000.0,2048
,,,2.0,,,level1,cross_correlation,,-1.2595564739732168,2.0,-1.2595564739732168,,,20.0,-1.2595564739732168,1.259985386858468,0.03303906425290188,-1.266032011575076,-1.2530809363713575,0.0,0.0,0,100,100,0.0004915679999976419,channel_delay_stage1/formal/seed-20260916,60000000.0,20000000.0,2048
,,,2.0,,,level1,gcc_phat,,-1.7903858294293655,2.0,-1.7903858294293655,,,20.0,-1.7903858294293655,1.792047837331792,0.07755111096688475,-1.805585567874982,-1.7751860909837491,0.0,0.0,0,100,100,0.0006268533074762672,channel_delay_stage1/formal/seed-20260916,60000000.0,20000000.0,2048
,,,2.0,,,level1,oversampled_cross_correlation,,-1.3863276284923518,2.0,-1.3863276284923518,,,20.0,-1.3863276284923518,1.3866735825263323,0.031129104819355043,-1.3924288209240425,-1.380226436060661,0.0,0.0,0,100,100,0.0017438365501584484,channel_delay_stage1/formal/seed-20260916,60000000.0,20000000.0,2048
,,,2.0,,,level1,D1_ordinary_LS,,8.002070399381056e-05,2.0,8.002070399381056e-05,,,30.0,8.002070399381056e-05,0.032959534835327146,0.03312548125433636,-0.0064124543189117865,0.006572495726899407,0.0,0.0,0,100,100,0.0001293167716357857,channel_delay_stage1/formal/seed-20260916,60000000.0,20000000.0,2048
,,,2.0,,,level1,D2_weighted_LS,,9.519959799113131e-05,2.0,9.519959799113131e-05,,,30.0,9.519959799113131e-05,0.03294376522360267,0.03310959158146334,-0.006394161106258741,0.006584560302241004,0.0,0.0,0,100,100,0.00011473129066871479,channel_delay_stage1/formal/seed-20260916,60000000.0,20000000.0,2048
,,,2.0,,,level1,D3_Huber_weighted_LS,,0.0003361206432038144,2.0,0.0003361206432038144,,,30.0,0.0003361206432038144,0.034667882964479875,0.03484089568703472,-0.00649256943036668,0.007164810716774309,0.0,0.0,0,100,100,0.0010553521013935098,channel_delay_stage1/formal/seed-20260916,60000000.0,20000000.0,2048
,,,2.0,,,level1,D4_generalized_phase_slope_ML,,-0.0015953486961387498,2.0,-0.0015953486961387498,,,30.0,-0.0015953486961387498,0.018262261570821392,0.018284095319024675,-0.005178965527657325,0.001988268135379825,0.0,0.0,0,100,100,0.0006080410108552315,channel_delay_stage1/formal/seed-20260916,60000000.0,20000000.0,2048
,,,2.0,,,level1,cross_correlation,,-1.2553641170182837,2.0,-1.2553641170182837,,,30.0,-1.2553641170182837,1.2553881948806025,0.007814357963794757,-1.2568957030354178,-1.2538325310011496,0.0,0.0,0,100,100,0.0004888413695152849,channel_delay_stage1/formal/seed-20260916,60000000.0,20000000.0,2048
,,,2.0,,,level1,gcc_phat,,-1.7894201880440912,2.0,-1.7894201880440912,,,30.0,-1.7894201880440912,1.7912944775850594,0.08233521067041681,-1.8055575928014447,-1.7732827832867377,0.0,0.0,0,100,100,0.0006179724211688154,channel_delay_stage1/formal/seed-20260916,60000000.0,20000000.0,2048
,,,2.0,,,level1,oversampled_cross_correlation,,-1.3851990191003847,2.0,-1.3851990191003847,,,30.0,-1.3851990191003847,1.385226012851809,0.00869134973723156,-1.3869024923465862,-1.383495545854183,0.0,0.0,0,100,100,0.0017163660697406158,channel_delay_stage1/formal/seed-20260916,60000000.0,20000000.0,2048
,,,2.0,,,level1,D1_ordinary_LS,,5.034315811515144e-05,2.0,5.034315811515144e-05,,,35.0,5.034315811515144e-05,0.018867834366834008,0.018962819529431036,-0.003666301174186609,0.0037669874904169122,0.0,0.0,0,100,100,0.00012875044951215386,channel_delay_stage1/formal/seed-20260916,60000000.0,20000000.0,2048
,,,2.0,,,level1,D2_weighted_LS,,1.996496324479402e-05,2.0,1.996496324479402e-05,,,35.0,1.996496324479402e-05,0.018881081371528437,0.018976190162659494,-0.003699299965014794,0.003739229891504382,0.0,0.0,0,100,100,0.0001147828996181488,channel_delay_stage1/formal/seed-20260916,60000000.0,20000000.0,2048
,,,2.0,,,level1,D3_Huber_weighted_LS,,-0.00015953201574047337,2.0,-0.00015953201574047337,,,35.0,-0.00015953201574047337,0.020147501118620372,0.020248365711848716,-0.004128138769842395,0.0038090747383614475,0.0,0.0,0,100,100,0.0010563858196837828,channel_delay_stage1/formal/seed-20260916,60000000.0,20000000.0,2048
,,,2.0,,,level1,D4_generalized_phase_slope_ML,,-0.00036348322010345993,2.0,-0.00036348322010345993,,,35.0,-0.00036348322010345993,0.011290384724535588,0.011341381597589921,-0.002586353166723619,0.0018593867265166988,0.0,0.0,0,100,100,0.000604130570718553,channel_delay_stage1/formal/seed-20260916,60000000.0,20000000.0,2048
,,,2.0,,,level1,cross_correlation,,-1.2554181690075392,2.0,-1.2554181690075392,,,35.0,-1.2554181690075392,1.255427933934855,0.004976533791929944,-1.2563935517075422,-1.2544427863075363,0.0,0.0,0,100,100,0.0004800064899609424,channel_delay_stage1/formal/seed-20260916,60000000.0,20000000.0,2048
,,,2.0,,,level1,gcc_phat,,-1.7953057931055887,2.0,-1.7953057931055887,,,35.0,-1.7953057931055887,1.7968759902324707,0.0754811737544341,-1.8100998313125387,-1.7805117548986387,0.0,0.0,0,100,100,0.0006115253578172997,channel_delay_stage1/formal/seed-20260916,60000000.0,20000000.0,2048
,,,2.0,,,level1,oversampled_cross_correlation,,-1.3853948637383118,2.0,-1.3853948637383118,,,35.0,-1.3853948637383118,1.3854023478121418,0.004576714327942187,-1.3862918832633413,-1.3844978442132823,0.0,0.0,0,100,100,0.0017179110198048875,channel_delay_stage1/formal/seed-20260916,60000000.0,20000000.0,2048
,,,-2.0,,,level1,D1_ordinary_LS,,-0.018766901235315082,-2.0,-0.018766901235315082,,,20.0,-0.018766901235315082,0.10523574187428865,0.10407051215817321,-0.039164346803580816,0.0016305443329506474,0.0,0.0,0,100,100,0.00012976808124221862,channel_delay_stage1/formal/seed-20260916,60000000.0,20000000.0,2048
,,,-2.0,,,level1,D2_weighted_LS,,-0.018453557304311374,-2.0,-0.018453557304311374,,,20.0,-0.018453557304311374,0.10509260123862976,0.10398096687685006,-0.03883345231993922,0.0019263377113164677,0.0,0.0,0,100,100,0.00011485064867883921,channel_delay_stage1/formal/seed-20260916,60000000.0,20000000.0,2048
,,,-2.0,,,level1,D3_Huber_weighted_LS,,-0.016519235490735362,-2.0,-0.016519235490735362,,,20.0,-0.016519235490735362,0.10588745313358378,0.10511786357390426,-0.03712195816440009,0.004083487182929359,0.0,0.0,0,100,100,0.0010490084695629776,channel_delay_stage1/formal/seed-20260916,60000000.0,20000000.0,2048
,,,-2.0,,,level1,D4_generalized_phase_slope_ML,,-0.000742001224916451,-2.0,-0.000742001224916451,,,20.0,-0.000742001224916451,0.05589582833901871,0.05617247123937718,-0.01175160328009558,0.010267600830262678,0.0,0.0,0,100,100,0.0006146116397576407,channel_delay_stage1/formal/seed-20260916,60000000.0,20000000.0,2048
,,,-2.0,,,level1,cross_correlation,,1.2095921736580306,-2.0,1.2095921736580306,,,20.0,1.2095921736580306,1.209893189963889,0.02712307426920686,1.2042761487862657,1.2149081985297956,0.0,0.0,0,100,100,0.0004893833881942555,channel_delay_stage1/formal/seed-20260916,60000000.0,20000000.0,2048
,,,-2.0,,,level1,gcc_phat,,1.7646945569752288,-2.0,1.7646945569752288,,,20.0,1.7646945569752288,1.7670249408310845,0.09117782659021642,1.7468240313446826,1.782565082605775,0.0,0.0,0,100,100,0.00062011233123485,channel_delay_stage1/formal/seed-20260916,60000000.0,20000000.0,2048
,,,-2.0,,,level1,oversampled_cross_correlation,,1.3380999710723438,-2.0,1.3380999710723438,,,20.0,1.3380999710723438,1.3383863896167776,0.027826942246187064,1.3326459906121035,1.343553951532584,0.0,0.0,0,100,100,0.0017333696884452366,channel_delay_stage1/formal/seed-20260916,60000000.0,20000000.0,2048
,,,-2.0,,,level1,D1_ordinary_LS,,0.0009809376121317293,-2.0,0.0009809376121317293,,,30.0,0.0009809376121317293,0.033749756423352595,0.03390545112808149,-0.005664408696930538,0.007626283921193996,0.0,0.0,0,100,100,0.00012807366874767467,channel_delay_stage1/formal/seed-20260916,60000000.0,20000000.0,2048
,,,-2.0,,,level1,D2_weighted_LS,,0.0010168905445534283,-2.0,0.0010168905445534283,,,30.0,0.0010168905445534283,0.03379698704412055,0.03395187126663138,-0.005637553944480353,0.007671335033587209,0.0,0.0,0,100,100,0.00011324291001074015,channel_delay_stage1/formal/seed-20260916,60000000.0,20000000.0,2048
,,,-2.0,,,level1,D3_Huber_weighted_LS,,0.0008255423830119857,-2.0,0.0008255423830119857,,,30.0,0.0008255423830119857,0.03397199723423,0.03413305924156615,-0.005864414296552186,0.007515499062576156,0.0,0.0,0,100,100,0.0010553989105392247,channel_delay_stage1/formal/seed-20260916,60000000.0,20000000.0,2048
,,,-2.0,,,level1,D4_generalized_phase_slope_ML,,0.0024094753331918373,-2.0,0.0024094753331918373,,,30.0,0.0024094753331918373,0.018061348689597214,0.0179900855160475,-0.0011165166358330396,0.005935467302216714,0.0,0.0,0,100,100,0.0006090292616863735,channel_delay_stage1/formal/seed-20260916,60000000.0,20000000.0,2048
,,,-2.0,,,level1,cross_correlation,,1.2115069155724822,-2.0,1.2115069155724822,,,30.0,1.2115069155724822,1.2115430427617278,0.009403308272138712,1.2096639010175902,1.2133499301273742,0.0,0.0,0,100,100,0.00048424779815832154,channel_delay_stage1/formal/seed-20260916,60000000.0,20000000.0,2048
,,,-2.0,,,level1,gcc_phat,,1.7757573569793026,-2.0,1.7757573569793026,,,30.0,1.7757573569793026,1.7776781646933355,0.0830325867717427,1.7594832690177213,1.7920314449408838,0.0,0.0,0,100,100,0.0006142401037504897,channel_delay_stage1/formal/seed-20260916,60000000.0,20000000.0,2048
,,,-2.0,,,level1,oversampled_cross_correlation,,1.3409008331090047,-2.0,1.3409008331090047,,,30.0,1.3409008331090047,1.3409312466581984,0.00907677866847955,1.3391218171804185,1.3426798490375909,0.0,0.0,0,100,100,0.0017253923712996766,channel_delay_stage1/formal/seed-20260916,60000000.0,20000000.0,2048
,,,-2.0,,,level1,D1_ordinary_LS,,-0.002418384955948716,-2.0,-0.002418384955948716,,,35.0,-0.002418384955948716,0.02179769915356038,0.021772262554947835,-0.0066856700029134936,0.0018489000910160616,0.0,0.0,0,100,100,0.00012830418243538587,channel_delay_stage1/formal/seed-20260916,60000000.0,20000000.0,2048
,,,-2.0,,,level1,D2_weighted_LS,,-0.0024212617853427497,-2.0,-0.0024212617853427497,,,35.0,-0.0024212617853427497,0.02179727481618478,0.021771510454115458,-0.006688399423253107,0.0018458758525676075,0.0,0.0,0,100,100,0.00011302507016807794,channel_delay_stage1/formal/seed-20260916,60000000.0,20000000.0,2048
,,,-2.0,,,level1,D3_Huber_weighted_LS,,-0.0018130274536408719,-2.0,-0.0018130274536408719,,,35.0,-0.0018130274536408719,0.021890086137309903,0.021924775030834842,-0.006110204396598807,0.0024841494893170627,0.0,0.0,0,100,100,0.0010524272202746942,channel_delay_stage1/formal/seed-20260916,60000000.0,20000000.0,2048
,,,-2.0,,,level1,D4_generalized_phase_slope_ML,,-0.0016404469674369594,-2.0,-0.0016404469674369594,,,35.0,-0.0016404469674369594,0.010514429574595585,0.010437992135674428,-0.0036862558331203794,0.00040536189824646063,0.0,0.0,0,100,100,0.0006044812497566454,channel_delay_stage1/formal/seed-20260916,60000000.0,20000000.0,2048
,,,-2.0,,,level1,cross_correlation,,1.2102453113584095,-2.0,1.2102453113584095,,,35.0,1.2102453113584095,1.2102561360011825,0.0051444844937278056,1.2092370109257364,1.2112536117910826,0.0,0.0,0,100,100,0.0004844518695608713,channel_delay_stage1/formal/seed-20260916,60000000.0,20000000.0,2048
,,,-2.0,,,level1,gcc_phat,,1.773886640336202,-2.0,1.773886640336202,,,35.0,1.773886640336202,1.7756193116578605,0.07881782581202443,1.75843863034307,1.789334650329334,0.0,0.0,0,100,100,0.0006130263401428238,channel_delay_stage1/formal/seed-20260916,60000000.0,20000000.0,2048
,,,-2.0,,,level1,oversampled_cross_correlation,,1.33916915134763,-2.0,1.33916915134763,,,35.0,1.33916915134763,1.3391776784064988,0.0048030315646149565,1.3382277744593045,1.3401105282359556,0.0,0.0,0,100,100,0.0017151928893872537,channel_delay_stage1/formal/seed-20260916,60000000.0,20000000.0,2048
,,,4.0,,,level1,D1_ordinary_LS,,0.014897210460845333,4.0,0.014897210460845333,,,20.0,0.014897210460845333,0.10763189574274819,0.10713296798820951,-0.006100465420531982,0.03589488634222265,0.0,0.0,0,100,100,0.00013017167919315397,channel_delay_stage1/formal/seed-20260916,60000000.0,20000000.0,2048
,,,4.0,,,level1,D2_weighted_LS,,0.0148148515095957,4.0,0.0148148515095957,,,20.0,0.0148148515095957,0.10728496363945285,0.10679246179780533,-0.006116086384811103,0.0357457894040025,0.0,0.0,0,100,100,0.00011468029086245224,channel_delay_stage1/formal/seed-20260916,60000000.0,20000000.0,2048
,,,4.0,,,level1,D3_Huber_weighted_LS,,0.011556326499617757,4.0,0.011556326499617757,,,20.0,0.011556326499617757,0.11311708809485273,0.1130921093126338,-0.010609319619225155,0.03372197261846067,0.0,0.0,0,100,100,0.0010510828281985595,channel_delay_stage1/formal/seed-20260916,60000000.0,20000000.0,2048
,,,4.0,,,level1,D4_generalized_phase_slope_ML,,0.006335437806429889,4.0,0.006335437806429889,,,20.0,0.006335437806429889,0.06351367977364202,0.06351528684354484,-0.006113329661677972,0.018784205274537752,0.0,0.0,0,100,100,0.0006112578496686183,channel_delay_stage1/formal/seed-20260916,60000000.0,20000000.0,2048
,,,4.0,,,level1,cross_correlation,,-2.542998347948475,4.0,-2.542998347948475,,,20.0,-2.542998347948475,2.5431758442582493,0.030197617639446412,-2.5489169722476976,-2.537079723649252,0.0,0.0,0,100,100,0.0004895453696371988,channel_delay_stage1/formal/seed-20260916,60000000.0,20000000.0,2048
,,,4.0,,,level1,gcc_phat,,-3.59022879471883,4.0,-3.59022879471883,,,20.0,-3.59022879471883,3.591121186068701,0.08045686844545631,-3.6059980511650274,-3.5744595382726327,0.0,0.0,0,100,100,0.0006209176292759366,channel_delay_stage1/formal/seed-20260916,60000000.0,20000000.0,2048
,,,4.0,,,level1,oversampled_cross_correlation,,-2.800957497343568,4.0,-2.800957497343568,,,20.0,-2.800957497343568,2.801101971384495,0.02859243682167248,-2.8065615119836393,-2.7953534827034967,0.0,0.0,0,100,100,0.0017236799802049063,channel_delay_stage1/formal/seed-20260916,60000000.0,20000000.0,2048
,,,4.0,,,level1,D1_ordinary_LS,,-0.0004402469283990085,4.0,-0.0004402469283990085,,,30.0,-0.0004402469283990085,0.0361000137829963,0.036279180909290776,-0.00755083572548131,0.006670341868683293,0.0,0.0,0,100,100,0.00012883286020951346,channel_delay_stage1/formal/seed-20260916,60000000.0,20000000.0,2048
,,,4.0,,,level1,D2_weighted_LS,,-0.0004692759405020608,4.0,-0.0004692759405020608,,,30.0,-0.0004692759405020608,0.03606327367706509,0.03624188503245407,-0.007572554880047182,0.006634002999043061,0.0,0.0,0,100,100,0.00011475350969703868,channel_delay_stage1/formal/seed-20260916,60000000.0,20000000.0,2048
,,,4.0,,,level1,D3_Huber_weighted_LS,,-0.0004320224850972432,4.0,-0.0004320224850972432,,,30.0,-0.0004320224850972432,0.0363166672888426,0.036497041246356436,-0.007585311123610389,0.006721266153415902,0.0,0.0,0,100,100,0.0010534811799880117,channel_delay_stage1/formal/seed-20260916,60000000.0,20000000.0,2048
,,,4.0,,,level1,D4_generalized_phase_slope_ML,,-0.0013011061842519522,4.0,-0.0013011061842519522,,,30.0,-0.0013011061842519522,0.019100575044131752,0.01915221035095116,-0.005054870435471903,0.002452658066967998,0.0,0.0,0,100,100,0.0006064200503169559,channel_delay_stage1/formal/seed-20260916,60000000.0,20000000.0,2048
,,,4.0,,,level1,cross_correlation,,-2.54506757422952,4.0,-2.54506757422952,,,30.0,-2.54506757422952,2.5450788920204754,0.007628310749427956,-2.5465626956626957,-2.543572452796344,0.0,0.0,0,100,100,0.0004790867009432986,channel_delay_stage1/formal/seed-20260916,60000000.0,20000000.0,2048
,,,4.0,,,level1,gcc_phat,,-3.614626054735918,4.0,-3.614626054735918,,,30.0,-3.614626054735918,3.6155167110066317,0.08065121309816439,-3.6304334020341047,-3.598818707437731,0.0,0.0,0,100,100,0.0006149979107431136,channel_delay_stage1/formal/seed-20260916,60000000.0,20000000.0,2048
,,,4.0,,,level1,oversampled_cross_correlation,,-2.800961785883141,4.0,-2.800961785883141,,,30.0,-2.800961785883141,2.8009743024536826,0.008415775723619635,-2.802611247615167,-2.799312324151115,0.0,0.0,0,100,100,0.001720913449244108,channel_delay_stage1/formal/seed-20260916,60000000.0,20000000.0,2048
,,,4.0,,,level1,D1_ordinary_LS,,0.00025113688869760065,4.0,0.00025113688869760065,,,35.0,0.00025113688869760065,0.01976114888443111,0.019859097996335808,-0.003641174795129373,0.004143448572524574,0.0,0.0,0,100,100,0.00012999012949876487,channel_delay_stage1/formal/seed-20260916,60000000.0,20000000.0,2048
,,,4.0,,,level1,D2_weighted_LS,,0.00025133442971591257,4.0,0.00025133442971591257,,,35.0,0.00025133442971591257,0.019774764083518855,0.01987278036810288,-0.0036436589496997157,0.004146327809131541,0.0,0.0,0,100,100,0.00011436951957875863,channel_delay_stage1/formal/seed-20260916,60000000.0,20000000.0,2048
,,,4.0,,,level1,D3_Huber_weighted_LS,,0.0008870882826690307,4.0,0.0008870882826690307,,,35.0,0.0008870882826690307,0.020217502135719795,0.020299785215229006,-0.003091596508905721,0.0048657730742437824,0.0,0.0,0,100,100,0.0010644154096371495,channel_delay_stage1/formal/seed-20260916,60000000.0,20000000.0,2048
,,,4.0,,,level1,D4_generalized_phase_slope_ML,,-0.0008234328177568217,4.0,-0.0008234328177568217,,,35.0,-0.0008234328177568217,0.01034709263051451,0.010366237168297019,-0.002855177968263085,0.0012083123327494417,0.0,0.0,0,100,100,0.0006158367119496688,channel_delay_stage1/formal/seed-20260916,60000000.0,20000000.0,2048
,,,4.0,,,level1,cross_correlation,,-2.5449963994398104,4.0,-2.5449963994398104,,,35.0,-2.5449963994398104,2.5450011609098255,0.004947795219838002,-2.5459661494831867,-2.544026649396434,0.0,0.0,0,100,100,0.0004814920786884613,channel_delay_stage1/formal/seed-20260916,60000000.0,20000000.0,2048
,,,4.0,,,level1,gcc_phat,,-3.610869777780339,4.0,-3.610869777780339,,,35.0,-3.610869777780339,3.6117027976287126,0.0779571645629685,-3.626149101268367,-3.595590454292311,0.0,0.0,0,100,100,0.0006140892693656496,channel_delay_stage1/formal/seed-20260916,60000000.0,20000000.0,2048
,,,4.0,,,level1,oversampled_cross_correlation,,-2.801911208807311,4.0,-2.801911208807311,,,35.0,-2.801911208807311,2.8019150842532983,0.004683662355284237,-2.8028291897605215,-2.8009932278541005,0.0,0.0,0,100,100,0.0017244273010874167,channel_delay_stage1/formal/seed-20260916,60000000.0,20000000.0,2048
,,,-4.0,,,level1,D1_ordinary_LS,,-0.010925455737655026,-4.0,-0.010925455737655026,,,20.0,-0.010925455737655026,0.11867228657321281,0.11876360535538394,-0.03420269465472311,0.012351783179413054,0.0,0.0,0,100,100,0.00012852199230110274,channel_delay_stage1/formal/seed-20260916,60000000.0,20000000.0,2048
,,,-4.0,,,level1,D2_weighted_LS,,-0.010506301384754245,-4.0,-0.010506301384754245,,,20.0,-0.010506301384754245,0.11887142262027543,0.11900272786526613,-0.03383040745254852,0.012817804683040026,0.0,0.0,0,100,100,0.00011717499903170392,channel_delay_stage1/formal/seed-20260916,60000000.0,20000000.0,2048
,,,-4.0,,,level1,D3_Huber_weighted_LS,,-0.010826237461433413,-4.0,-0.010826237461433413,,,20.0,-0.010826237461433413,0.1237118513636484,0.12385807595813281,-0.03510197426867008,0.013449499345803253,0.0,0.0,0,100,100,0.0010559493774781005,channel_delay_stage1/formal/seed-20260916,60000000.0,20000000.0,2048
,,,-4.0,,,level1,D4_generalized_phase_slope_ML,,0.003879656136803824,-4.0,0.003879656136803824,,,20.0,0.003879656136803824,0.07070817155267693,0.07095733383401087,-0.010027725738560849,0.017787038012168497,0.0,0.0,0,100,100,0.0006118984005297534,channel_delay_stage1/formal/seed-20260916,60000000.0,20000000.0,2048
,,,-4.0,,,level1,cross_correlation,,2.365149075799276,-4.0,2.365149075799276,,,20.0,2.365149075799276,2.3653972771938117,0.03443817768922573,2.3583993170028688,2.371898834595683,0.0,0.0,0,100,100,0.0004913660322199575,channel_delay_stage1/formal/seed-20260916,60000000.0,20000000.0,2048
,,,-4.0,,,level1,gcc_phat,,3.5460695253720433,-4.0,3.5460695253720433,,,20.0,3.5460695253720433,3.54711777837866,0.08666349013790263,3.52908379342756,3.5630552573165266,0.0,0.0,0,100,100,0.000621928999607917,channel_delay_stage1/formal/seed-20260916,60000000.0,20000000.0,2048
,,,-4.0,,,level1,oversampled_cross_correlation,,2.6150078899023295,-4.0,2.6150078899023295,,,20.0,2.6150078899023295,2.6152300597487383,0.03425986788404395,2.6082930791855468,2.621722700619112,0.0,0.0,0,100,100,0.0017260266092489474,channel_delay_stage1/formal/seed-20260916,60000000.0,20000000.0,2048
,,,-4.0,,,level1,D1_ordinary_LS,,0.000749962468799854,-4.0,0.000749962468799854,,,30.0,0.000749962468799854,0.03325709257823761,0.03341613598993512,-0.005799479835476701,0.007299404773076408,0.0,0.0,0,100,100,0.0001288384507643059,channel_delay_stage1/formal/seed-20260916,60000000.0,20000000.0,2048
,,,-4.0,,,level1,D2_weighted_LS,,0.0007503409675833384,-4.0,0.0007503409675833384,,,30.0,0.0007503409675833384,0.03329803877709107,0.03345729035067122,-0.005807167443178169,0.007307849378344846,0.0,0.0,0,100,100,0.00011544084991328418,channel_delay_stage1/formal/seed-20260916,60000000.0,20000000.0,2048
,,,-4.0,,,level1,D3_Huber_weighted_LS,,0.0021939702865620705,-4.0,0.0021939702865620705,,,30.0,0.0021939702865620705,0.033167382836667175,0.03326146462356663,-0.0043251569869623,0.00871309756008644,0.0,0.0,0,100,100,0.0010545923589961603,channel_delay_stage1/formal/seed-20260916,60000000.0,20000000.0,2048
,,,-4.0,,,level1,D4_generalized_phase_slope_ML,,0.0026488463830367914,-4.0,0.0026488463830367914,,,30.0,0.0026488463830367914,0.016846672675733258,0.016720941719962856,-0.0006283979728352509,0.005926090738908834,0.0,0.0,0,100,100,0.0006072986501385458,channel_delay_stage1/formal/seed-20260916,60000000.0,20000000.0,2048
,,,-4.0,,,level1,cross_correlation,,2.3647034721202953,-4.0,2.3647034721202953,,,30.0,2.3647034721202953,2.364719892764566,0.008856897026034127,2.362967552201715,2.3664393920388758,0.0,0.0,0,100,100,0.00047890575922792777,channel_delay_stage1/formal/seed-20260916,60000000.0,20000000.0,2048
,,,-4.0,,,level1,gcc_phat,,3.5320255121333584,-4.0,3.5320255121333584,,,30.0,3.5320255121333584,3.532679386111965,0.06830876645972896,3.518637239924416,3.545413784342301,0.0,0.0,0,100,100,0.0006144692914676852,channel_delay_stage1/formal/seed-20260916,60000000.0,20000000.0,2048
,,,-4.0,,,level1,oversampled_cross_correlation,,2.614703722627405,-4.0,2.614703722627405,,,30.0,2.614703722627405,2.6147195701598407,0.009149347564920463,2.6129104834564765,2.6164969617983336,0.0,0.0,0,100,100,0.001714898197678849,channel_delay_stage1/formal/seed-20260916,60000000.0,20000000.0,2048
,,,-4.0,,,level1,D1_ordinary_LS,,-0.0020078503437329642,-4.0,-0.0020078503437329642,,,35.0,-0.0020078503437329642,0.016919869287964837,0.016884949778103512,-0.00531723968831801,0.0013015390008520819,0.0,0.0,0,100,100,0.00012888807017588988,channel_delay_stage1/formal/seed-20260916,60000000.0,20000000.0,2048
,,,-4.0,,,level1,D2_weighted_LS,,-0.0020074825884960346,-4.0,-0.0020074825884960346,,,35.0,-0.0020074825884960346,0.016921550382498422,0.0168866955282242,-0.0053172140938173365,0.001302248916825267,0.0,0.0,0,100,100,0.000114282219146844,channel_delay_stage1/formal/seed-20260916,60000000.0,20000000.0,2048
,,,-4.0,,,level1,D3_Huber_weighted_LS,,-0.0013466282334028223,-4.0,-0.0013466282334028223,,,35.0,-0.0013466282334028223,0.017699112932111457,0.017736716212554234,-0.00482296073146422,0.002129704264658575,0.0,0.0,0,100,100,0.0010584895304054953,channel_delay_stage1/formal/seed-20260916,60000000.0,20000000.0,2048
,,,-4.0,,,level1,D4_generalized_phase_slope_ML,,-0.00137548798277348,-4.0,-0.00137548798277348,,,35.0,-0.00137548798277348,0.009967907627930005,0.009922284646911427,-0.0033202200380035925,0.0005692440724566323,0.0,0.0,0,100,100,0.0006069312983890996,channel_delay_stage1/formal/seed-20260916,60000000.0,20000000.0,2048
,,,-4.0,,,level1,cross_correlation,,2.3643105761647867,-4.0,2.3643105761647867,,,35.0,2.3643105761647867,2.364315355239608,0.004777732136729966,2.3633741578732095,2.365246994456364,0.0,0.0,0,100,100,0.0004783924695220776,channel_delay_stage1/formal/seed-20260916,60000000.0,20000000.0,2048
,,,-4.0,,,level1,gcc_phat,,3.55783697162888,-4.0,3.55783697162888,,,35.0,3.55783697162888,3.558641691500788,0.07605667609092927,3.542930137036675,3.572743806221085,0.0,0.0,0,100,100,0.0006166670899256133,channel_delay_stage1/formal/seed-20260916,60000000.0,20000000.0,2048
,,,-4.0,,,level1,oversampled_cross_correlation,,2.614623309858514,-4.0,2.614623309858514,,,35.0,2.614623309858514,2.614628802373287,0.005386266156676039,2.6135676210906906,2.615678998626337,0.0,0.0,0,100,100,0.0017181430291384459,channel_delay_stage1/formal/seed-20260916,60000000.0,20000000.0,2048
,,,8.0,,,level1,D1_ordinary_LS,,0.007834667794386236,8.0,0.007834667794386236,,,20.0,0.007834667794386236,0.09904598804637828,0.09923304744736923,-0.011614652112913565,0.027283987701686038,0.0,0.0,0,100,100,0.00012954446749063208,channel_delay_stage1/formal/seed-20260916,60000000.0,20000000.0,2048
,,,8.0,,,level1,D2_weighted_LS,,0.007648697855140378,8.0,0.007648697855140378,,,20.0,0.007648697855140378,0.09914334547435208,0.09934584206865835,-0.011822729391697078,0.027120125101977834,0.0,0.0,0,100,100,0.00011480943037895486,channel_delay_stage1/formal/seed-20260916,60000000.0,20000000.0,2048
,,,8.0,,,level1,D3_Huber_weighted_LS,,0.006157358199508609,8.0,0.006157358199508609,,,20.0,0.006157358199508609,0.0971786015114276,0.09747192049285495,-0.012946787167486127,0.025261503566503345,0.0,0.0,0,100,100,0.0010510074818739668,channel_delay_stage1/formal/seed-20260916,60000000.0,20000000.0,2048
,,,8.0,,,level1,D4_generalized_phase_slope_ML,,0.002342556932486728,8.0,0.002342556932486728,,,20.0,0.002342556932486728,0.05511079744695934,0.055338375292905216,-0.008503565321218811,0.013188679186192266,0.0,0.0,0,100,100,0.00060767785878852,channel_delay_stage1/formal/seed-20260916,60000000.0,20000000.0,2048
,,,8.0,,,level1,cross_correlation,,-5.186037184367924,8.0,-5.186037184367924,,,20.0,-5.186037184367924,5.186101433133373,0.025944717864551013,-5.191122255628281,-5.180952113107567,0.0,0.0,0,100,100,0.00047881713951937856,channel_delay_stage1/formal/seed-20260916,60000000.0,20000000.0,2048
,,,8.0,,,level1,gcc_phat,,-7.273152623361476,8.0,-7.273152623361476,,,20.0,-7.273152623361476,7.273663822854548,0.08666856171067076,-7.290139349315956,-7.256165897406996,0.0,0.0,0,100,100,0.0006138121092226356,channel_delay_stage1/formal/seed-20260916,60000000.0,20000000.0,2048
,,,8.0,,,level1,oversampled_cross_correlation,,-5.6958213354957135,8.0,-5.6958213354957135,,,20.0,-5.6958213354957135,5.69589412458815,0.0289407724976132,-5.7014936226737225,-5.690149048317704,0.0,0.0,0,100,100,0.001702645370096434,channel_delay_stage1/formal/seed-20260916,60000000.0,20000000.0,2048
,,,8.0,,,level1,D1_ordinary_LS,,-0.002898925350661692,8.0,-0.002898925350661692,,,30.0,-0.002898925350661692,0.036115983997276856,0.03618081041555191,-0.009990233885257034,0.004192383183933649,0.0,0.0,0,100,100,0.00012955290818354116,channel_delay_stage1/formal/seed-20260916,60000000.0,20000000.0,2048
,,,8.0,,,level1,D2_weighted_LS,,-0.0028451152244068647,8.0,-0.0028451152244068647,,,30.0,-0.0028451152244068647,0.036120218473016455,0.0361893938072978,-0.00993810607287092,0.004247875624057191,0.0,0.0,0,100,100,0.00011497565894387663,channel_delay_stage1/formal/seed-20260916,60000000.0,20000000.0,2048
,,,8.0,,,level1,D3_Huber_weighted_LS,,-0.0022079793491090703,8.0,-0.0022079793491090703,,,30.0,-0.0022079793491090703,0.036363155438779916,0.03647891186379388,-0.00935771469393376,0.00494175599571562,0.0,0.0,0,100,100,0.0010566037308308296,channel_delay_stage1/formal/seed-20260916,60000000.0,20000000.0,2048
,,,8.0,,,level1,D4_generalized_phase_slope_ML,,-0.002806577690435086,8.0,-0.002806577690435086,,,30.0,-0.002806577690435086,0.018915462753491312,0.018800329162341627,-0.006491374496003854,0.0008782191151336812,0.0,0.0,0,100,100,0.0006061531903105788,channel_delay_stage1/formal/seed-20260916,60000000.0,20000000.0,2048
,,,8.0,,,level1,cross_correlation,,-5.192318912940188,8.0,-5.192318912940188,,,30.0,-5.192318912940188,5.19232708377334,0.00925787733282244,-5.19413342355475,-5.190504402325625,0.0,0.0,0,100,100,0.00048057859850814566,channel_delay_stage1/formal/seed-20260916,60000000.0,20000000.0,2048
,,,8.0,,,level1,gcc_phat,,-7.281918551685336,8.0,-7.281918551685336,,,30.0,-7.281918551685336,7.282325277867916,0.07735304930854943,-7.297079470759247,-7.266757632611425,0.0,0.0,0,100,100,0.0006170393704087473,channel_delay_stage1/formal/seed-20260916,60000000.0,20000000.0,2048
,,,8.0,,,level1,oversampled_cross_correlation,,-5.700945320811474,8.0,-5.700945320811474,,,30.0,-5.700945320811474,5.700951981116546,0.00875826388523777,-5.702661908989691,-5.699228732633258,0.0,0.0,0,100,100,0.0017221735802013427,channel_delay_stage1/formal/seed-20260916,60000000.0,20000000.0,2048
,,,8.0,,,level1,D1_ordinary_LS,,0.0016849060411083538,8.0,0.0016849060411083538,,,35.0,0.0016849060411083538,0.019437909953874385,0.019462303241969833,-0.002129635299937447,0.005499447382154154,0.0,0.0,0,100,100,0.00012917856918647885,channel_delay_stage1/formal/seed-20260916,60000000.0,20000000.0,2048
,,,8.0,,,level1,D2_weighted_LS,,0.0016681889257432836,8.0,0.0016681889257432836,,,35.0,0.0016681889257432836,0.019433344573582707,0.019459152426433576,-0.0021457348668052177,0.0054821127182917845,0.0,0.0,0,100,100,0.00011409150843974203,channel_delay_stage1/formal/seed-20260916,60000000.0,20000000.0,2048
,,,8.0,,,level1,D3_Huber_weighted_LS,,0.0016904726357551692,8.0,0.0016904726357551692,,,35.0,0.0016904726357551692,0.0201257286428455,0.020155638248521617,-0.002259959869496865,0.005640905141007203,0.0,0.0,0,100,100,0.0010563663885113782,channel_delay_stage1/formal/seed-20260916,60000000.0,20000000.0,2048
,,,8.0,,,level1,D4_generalized_phase_slope_ML,,0.00047857120375902615,8.0,0.00047857120375902615,,,35.0,0.00047857120375902615,0.01035700205170072,0.010398060284430558,-0.0015594111628969942,0.0025165535704150467,0.0,0.0,0,100,100,0.0006008125792141073,channel_delay_stage1/formal/seed-20260916,60000000.0,20000000.0,2048
,,,8.0,,,level1,cross_correlation,,-5.190094856393461,8.0,-5.190094856393461,,,35.0,-5.190094856393461,5.190097306962896,0.005068956981779437,-5.191088353705808,-5.189101359081114,0.0,0.0,0,100,100,0.0004754256902378984,channel_delay_stage1/formal/seed-20260916,60000000.0,20000000.0,2048
,,,8.0,,,level1,gcc_phat,,-7.290004961549918,8.0,-7.290004961549918,,,35.0,-7.290004961549918,7.29039776458494,0.07605969507466476,-7.304912387852061,-7.275097535247774,0.0,0.0,0,100,100,0.0006080955700599589,channel_delay_stage1/formal/seed-20260916,60000000.0,20000000.0,2048
,,,8.0,,,level1,oversampled_cross_correlation,,-5.699714436284022,8.0,-5.699714436284022,,,35.0,-5.699714436284022,5.699716611952397,0.005005187370637058,-5.700695434982255,-5.69873343758579,0.0,0.0,0,100,100,0.001708319939498324,channel_delay_stage1/formal/seed-20260916,60000000.0,20000000.0,2048
,,,-8.0,,,level1,D1_ordinary_LS,,-0.006229036795284628,-8.0,-0.006229036795284628,,,20.0,-0.006229036795284628,0.10903656161779485,0.10940689907721118,-0.027672394980438872,0.015214321389869613,0.0,0.0,0,100,100,0.00013029952824581415,channel_delay_stage1/formal/seed-20260916,60000000.0,20000000.0,2048
,,,-8.0,,,level1,D2_weighted_LS,,-0.006131718971537961,-8.0,-0.006131718971537961,,,20.0,-0.006131718971537961,0.10912391314732316,0.10950038256027729,-0.02759339958268809,0.01532996163961217,0.0,0.0,0,100,100,0.00011461676913313568,channel_delay_stage1/formal/seed-20260916,60000000.0,20000000.0,2048
,,,-8.0,,,level1,D3_Huber_weighted_LS,,-0.009049306037131624,-8.0,-0.009049306037131624,,,20.0,-0.009049306037131624,0.11389438385026757,0.11410628012744811,-0.0314137259830953,0.013315113908832055,0.0,0.0,0,100,100,0.0010641438490711153,channel_delay_stage1/formal/seed-20260916,60000000.0,20000000.0,2048
,,,-8.0,,,level1,D4_generalized_phase_slope_ML,,-0.006578839740504234,-8.0,-0.006578839740504234,,,20.0,-0.006578839740504234,0.05537913536316442,0.055263989967351844,-0.017410382738303483,0.004252703257295015,0.0,0.0,0,100,100,0.0006105211793328635,channel_delay_stage1/formal/seed-20260916,60000000.0,20000000.0,2048
,,,-8.0,,,level1,cross_correlation,,4.4364526856233875,-8.0,4.4364526856233875,,,20.0,4.4364526856233875,4.436546415702744,0.028983919433946556,4.430771941801253,4.442133429445522,0.0,0.0,0,100,100,0.0004826954304007813,channel_delay_stage1/formal/seed-20260916,60000000.0,20000000.0,2048
,,,-8.0,,,level1,gcc_phat,,7.029871717454861,-8.0,7.029871717454861,,,20.0,7.029871717454861,7.03028640363391,0.07674273728058689,7.014830417340364,7.044913017569358,0.0,0.0,0,100,100,0.0006188594602281228,channel_delay_stage1/formal/seed-20260916,60000000.0,20000000.0,2048
,,,-8.0,,,level1,oversampled_cross_correlation,,4.947523646527269,-8.0,4.947523646527269,,,20.0,4.947523646527269,4.947620558895172,0.03112311583169132,4.941423627915591,4.953623665138948,0.0,0.0,0,100,100,0.0017200358305126428,channel_delay_stage1/formal/seed-20260916,60000000.0,20000000.0,2048
,,,-8.0,,,level1,D1_ordinary_LS,,0.0013442558583223985,-8.0,0.0013442558583223985,,,30.0,0.0013442558583223985,0.032275180293870345,0.03240962943307272,-0.0050079147857887835,0.00769642650243358,0.0,0.0,0,100,100,0.0001315371788223274,channel_delay_stage1/formal/seed-20260916,60000000.0,20000000.0,2048
,,,-8.0,,,level1,D2_weighted_LS,,0.0013255429693714937,-8.0,0.0013255429693714937,,,30.0,0.0013255429693714937,0.03228206408045787,0.03241733226910558,-0.00502813740286001,0.007679223341602997,0.0,0.0,0,100,100,0.00011512583965668455,channel_delay_stage1/formal/seed-20260916,60000000.0,20000000.0,2048
,,,-8.0,,,level1,D3_Huber_weighted_LS,,0.0013854653254910599,-8.0,0.0013854653254910599,,,30.0,0.0013854653254910599,0.03340764552994778,0.03354706125542526,-0.005189637859288196,0.007960568510270315,0.0,0.0,0,100,100,0.0010666937197674998,channel_delay_stage1/formal/seed-20260916,60000000.0,20000000.0,2048
,,,-8.0,,,level1,D4_generalized_phase_slope_ML,,0.00028223675410952607,-8.0,0.00028223675410952607,,,30.0,0.00028223675410952607,0.020246082533893026,0.0203461013162609,-0.00370552582645791,0.0042699993346769615,0.0,0.0,0,100,100,0.0006058467205730266,channel_delay_stage1/formal/seed-20260916,60000000.0,20000000.0,2048
,,,-8.0,,,level1,cross_correlation,,4.434788766979247,-8.0,4.434788766979247,,,30.0,4.434788766979247,4.434803026794055,0.011302933220306587,4.432573432776101,4.437004101182394,0.0,0.0,0,100,100,0.000478682340180967,channel_delay_stage1/formal/seed-20260916,60000000.0,20000000.0,2048
,,,-8.0,,,level1,gcc_phat,,7.051868928050001,-8.0,7.051868928050001,,,30.0,7.051868928050001,7.052272319928283,0.07580874412929835,7.037010687229337,7.066727168870665,0.0,0.0,0,100,100,0.0006138378602918238,channel_delay_stage1/formal/seed-20260916,60000000.0,20000000.0,2048
,,,-8.0,,,level1,oversampled_cross_correlation,,4.9446301208991965,-8.0,4.9446301208991965,,,30.0,4.9446301208991965,4.9446424664071325,0.011105012664360602,4.942453578412196,4.946806663386197,0.0,0.0,0,100,100,0.0017067577005946077,channel_delay_stage1/formal/seed-20260916,60000000.0,20000000.0,2048
,,,-8.0,,,level1,D1_ordinary_LS,,4.1219639157201726e-05,-8.0,4.1219639157201726e-05,,,35.0,4.1219639157201726e-05,0.02076007629750106,0.020864620599159767,-0.004048170853387365,0.004130610131701768,0.0,0.0,0,100,100,0.00012966393871465697,channel_delay_stage1/formal/seed-20260916,60000000.0,20000000.0,2048
,,,-8.0,,,level1,D2_weighted_LS,,4.358040488598114e-05,-8.0,4.358040488598114e-05,,,35.0,4.358040488598114e-05,0.020782407281973024,0.020887059286517583,-0.004050207989566753,0.004137368799338716,0.0,0.0,0,100,100,0.00011325281026074663,channel_delay_stage1/formal/seed-20260916,60000000.0,20000000.0,2048
,,,-8.0,,,level1,D3_Huber_weighted_LS,,0.000400887398230676,-8.0,0.000400887398230676,,,35.0,0.000400887398230676,0.020875616133476518,0.020976914637845085,-0.003710512321464068,0.00451228711792542,0.0,0.0,0,100,100,0.001048743991414085,channel_delay_stage1/formal/seed-20260916,60000000.0,20000000.0,2048
,,,-8.0,,,level1,D4_generalized_phase_slope_ML,,2.1000190354865113e-05,-8.0,2.1000190354865113e-05,,,35.0,2.1000190354865113e-05,0.011754674232914613,0.011813873256778408,-0.0022944764197657943,0.002336476800475525,0.0,0.0,0,100,100,0.0006089378500473686,channel_delay_stage1/formal/seed-20260916,60000000.0,20000000.0,2048
,,,-8.0,,,level1,cross_correlation,,4.43361976181049,-8.0,4.43361976181049,,,35.0,4.43361976181049,4.433624861407412,0.006758412146711975,4.432295137370466,4.434944386250513,0.0,0.0,0,100,100,0.0004800121104926802,channel_delay_stage1/formal/seed-20260916,60000000.0,20000000.0,2048
,,,-8.0,,,level1,gcc_phat,,7.042631594018839,-8.0,7.042631594018839,,,35.0,7.042631594018839,7.043150766025079,0.08594656483769232,7.0257863768511575,7.05947681118652,0.0,0.0,0,100,100,0.0006164562786580063,channel_delay_stage1/formal/seed-20260916,60000000.0,20000000.0,2048
,,,-8.0,,,level1,oversampled_cross_correlation,,4.9431696673085135,-8.0,4.9431696673085135,,,35.0,4.9431696673085135,4.943173899542437,0.00650107361919037,4.941895480293068,4.944443854323959,0.0,0.0,0,100,100,0.0017351257204427384,channel_delay_stage1/formal/seed-20260916,60000000.0,20000000.0,2048
