case_id,factor,factor_level,seed,scenario_label,method,comparison_protocol,method_family,target_id,target_snr_config_dB,target_fd_truth_hz,fa_ctr_hz,target_clutter_center_offset_hz,target_motion_ve_mps,target_motion_vn_mps,target_velocity_mode,target_radial_speed_config_mps,target_azimuth_offset_deg,channel_valid_fraction,target_row_truth,target_range_bin_truth,runtime_ms,status,training_source,steering_source,p38_fit_source,p38_rmse_rad,p38_inlier_ratio,p38_sample_count,p38_k_rad_per_hz,p38_b_rad,covariance_condition_number,estimated_clutter_rank,loading_coefficient,shrinkage_coefficient,steering_projection_error_mean,steering_projection_error_p95,robust_lsq_condition_number,robust_lsq_confidence,robust_lsq_iterations,residual_suppression_dB,input_SCNR_dB,output_SCNR_dB,SCNR_improvement_dB,target_loss_dB,background_residual_p95_dB_over_input_median,background_residual_p99_dB_over_input_median,background_residual_cvar95_dB_over_input_median,high_tail_fraction_15dB,target_signal_power_before,target_signal_power_after,background_power_before_roi,background_power_after_roi,target_detected,detection_threshold_scale,target_cfar_candidate_cells,target_peak_power,false_alarm_count,background_Pfa,cfar_test_cells,cfar_alpha,academic_reference_status,training_mode,training_sample_count,training_valid_fraction,training_channel_valid_fraction,covariance_condition_number_p95,weight_build_runtime_ms,cut_guard_bins,range_block_size
baseline_v2_mixed_stress_lhs01_s20261151,mixed_stress,lhs_01,20261151,Baseline V2 controlled single-target case,Current legacy CSI [production replay],production_replay,F1/F2 strict,B2_TARGET_mixed_stress_1_20261151,7.3200295200541206,-128.832329604,-10.057033289345165,-118.77529631465482,-0.5,0.5,radial,1.2097637025941932,0.0,0.7153846153846154,52,2200,436.81443900004524,ok,target-observation P38,not applicable to two-channel CSI,observed,0.015790821824470443,1.0,34.0,0.000829793008843758,-0.010403909451289379,nan,nan,nan,nan,nan,nan,nan,nan,nan,18.662078401700622,19.68836178255906,30.559629578105316,10.871267795546256,-0.31383917797887506,12.465323675650154,19.43916669542242,19.95683358915279,0.028697285620362542,842669816.1043249,783923205.0231,9053599.101776253,689144.9252705462,1.0,1.0,5583.0,17406998977.53093,5587.0,0.010595888332574722,527280.0,13.44971616743564,,,,,,,,,
baseline_v2_mixed_stress_lhs01_s20261151,mixed_stress,lhs_01,20261151,Baseline V2 controlled single-target case,Phase-only CSI [production replay],production_replay,F1/F2 strict,B2_TARGET_mixed_stress_1_20261151,7.3200295200541206,-128.832329604,-10.057033289345165,-118.77529631465482,-0.5,0.5,radial,1.2097637025941932,0.0,0.7153846153846154,52,2200,266.01827800004685,ok,target-observation P38,not applicable to two-channel CSI,observed,0.015790821824470443,1.0,34.0,0.000829793008843758,-0.010403909451289379,nan,nan,nan,nan,nan,nan,nan,nan,nan,13.446511796680428,19.68836178255906,27.645901896379353,7.9575401138202935,0.20957041658613806,16.770911899296582,24.45885850527769,25.530233608553377,0.0696421527190758,842669816.1043249,884330247.2842033,9053599.101776253,1520632.5762593253,1.0,1.0,5365.0,19701018276.58365,5380.0,0.010203307540585647,527280.0,13.44971616743564,,,,,,,,,
baseline_v2_mixed_stress_lhs01_s20261151,mixed_stress,lhs_01,20261151,Baseline V2 controlled single-target case,Current legacy CSI [scientific controlled],scientific_controlled,F1/F2 strict,B2_TARGET_mixed_stress_1_20261151,7.3200295200541206,-128.832329604,-10.057033289345165,-118.77529631465482,-0.5,0.5,radial,1.2097637025941932,0.0,0.7153846153846154,52,2200,246.40052399990964,ok,paired C+N background,not applicable to two-channel CSI,observed,0.01515219542837758,1.0,34.0,0.0008006822037450883,-0.008752153391807595,nan,nan,nan,nan,nan,nan,nan,nan,nan,18.66724159196902,19.68836178255906,30.64563609028469,10.95727430772563,-0.27288836412461137,12.46788253616212,19.4361947119072,19.95047220367794,0.028723584108199494,842669816.1043249,791349990.7803383,9053599.101776253,682032.3784365173,1.0,1.0,5582.0,17567650727.59364,5591.0,0.010603474434835381,527280.0,13.44971616743564,,,,,,,,,
baseline_v2_mixed_stress_lhs01_s20261151,mixed_stress,lhs_01,20261151,Baseline V2 controlled single-target case,Phase-only CSI [scientific controlled],scientific_controlled,F1/F2 strict,B2_TARGET_mixed_stress_1_20261151,7.3200295200541206,-128.832329604,-10.057033289345165,-118.77529631465482,-0.5,0.5,radial,1.2097637025941932,0.0,0.7153846153846154,52,2200,228.77179100009926,ok,paired C+N background,not applicable to two-channel CSI,observed,0.01515219542837758,1.0,34.0,0.0008006822037450883,-0.008752153391807595,nan,nan,nan,nan,nan,nan,nan,nan,nan,13.447871564817525,19.68836178255906,27.707182482770058,8.018820700210998,0.25002915519584734,16.772201487475023,24.457837873865586,25.528601598323533,0.06963651732882502,842669816.1043249,892607134.0615704,9053599.101776253,1513359.4928270448,1.0,1.0,5367.0,19880924944.717266,5379.0,0.010201411015020482,527280.0,13.44971616743564,,,,,,,,,
baseline_v2_mixed_stress_lhs01_s20261151,mixed_stress,lhs_01,20261151,Baseline V2 controlled single-target case,Row complex LS / Wiener [scientific controlled],scientific_controlled,F1/F2 strict,B2_TARGET_mixed_stress_1_20261151,7.3200295200541206,-128.832329604,-10.057033289345165,-118.77529631465482,-0.5,0.5,radial,1.2097637025941932,0.0,0.7153846153846154,52,2200,258.39665400008016,ok,paired C+N background,not applicable to two-channel CSI,observed,0.01515219542837758,1.0,34.0,0.0008006822037450883,-0.008752153391807595,nan,nan,nan,nan,nan,nan,nan,nan,nan,15.155490592119076,19.68836178255906,28.094850913862608,8.406489131303548,0.6596064803453319,15.469154102611675,22.7545909033871,23.671511039228818,0.05479477787170095,842669816.1043249,980884983.8851689,9053599.101776253,1521013.240748356,1.0,1.0,5871.0,21837839290.197594,5888.0,0.011166742527689273,527280.0,13.44971616743564,,,,,,,,,
baseline_v2_mixed_stress_lhs01_s20261151,mixed_stress,lhs_01,20261151,Baseline V2 controlled single-target case,Row complex LS / Wiener robust IRLS [scientific controlled],scientific_controlled,F1/F2 strict,B2_TARGET_mixed_stress_1_20261151,7.3200295200541206,-128.832329604,-10.057033289345165,-118.77529631465482,-0.5,0.5,radial,1.2097637025941932,0.0,0.7153846153846154,52,2200,307.53178999998454,ok,paired C+N background,not applicable to two-channel CSI,observed,0.01515219542837758,1.0,34.0,0.0008006822037450883,-0.008752153391807595,nan,nan,nan,nan,nan,nan,41006.12573431511,0.8964004672682687,5.0,15.110711791098868,19.68836178255906,27.973579786118023,8.285218003558963,0.6180801199209457,15.40659307995352,22.701448688617347,23.73985060403494,0.05427632196862966,842669816.1043249,971550657.5460281,9053599.101776253,1549199.9397669062,1.0,1.0,5883.0,21649511250.111935,5906.0,0.011200879987862237,527280.0,13.44971616743564,,,,,,,,,
baseline_v2_mixed_stress_lhs01_s20261151,mixed_stress,lhs_01,20261151,Baseline V2 controlled single-target case,DL-SMI/MVDR global,scientific_controlled,4-channel physical academic reference,B2_TARGET_mixed_stress_1_20261151,7.3200295200541206,-128.832329604,-10.057033289345165,-118.77529631465482,-0.5,0.5,radial,1.2097637025941932,0.0,0.7153846153846154,52,2200,2519.620912000164,ok,paired C+N background only,configured beam-center spatial hypothesis; Doppler row used only for temporal/JDL frequency,,,,,,,4344.137357696699,1.0,465350.828937625,0.0,8.64011721736406e-17,2.2887833992611187e-16,,,,-0.10294434576718407,19.738804409569543,19.69072110150131,-0.048083308068232355,-0.24441211484808834,24.66061534951653,35.734293481854465,39.88369584477485,0.15370526908988447,875017821.0949507,827133644.7950569,9292583.179645475,8881852.907875305,1.0,1.0,2836.0,17730113787.88791,2842.0,0.0053899256561978455,527280.0,13.44971616743564,corrected research baseline,global,4086.0,1.0,0.7153846153846154,8948.197539705212,2287.349053000071,4,256
baseline_v2_mixed_stress_lhs01_s20261151,mixed_stress,lhs_01,20261151,Baseline V2 controlled single-target case,DL-SMI/MVDR local,scientific_controlled,4-channel physical academic reference,B2_TARGET_mixed_stress_1_20261151,7.3200295200541206,-128.832329604,-10.057033289345165,-118.77529631465482,-0.5,0.5,radial,1.2097637025941932,0.0,0.7153846153846154,52,2200,1447.35552200018,ok,paired C+N background only,configured beam-center spatial hypothesis; Doppler row used only for temporal/JDL frequency,,,,,,,310267.56923948065,0.9985576923076923,471080.606768081,0.0,8.423580761385542e-17,2.2887833992611187e-16,,,,0.3448954362043743,19.738804409569543,19.301393446492483,-0.43741096307705973,-0.44128922179824925,24.35626172461732,35.35002146552784,39.43071412747548,0.1502150840612379,875017821.0949507,790474702.891117,9292583.179645475,9284288.587708611,1.0,1.0,2839.0,16882576594.717915,2844.0,0.005393718707328175,527280.0,13.44971616743564,corrected research baseline,local,487.875,1.0,0.7153846153846154,792391.4875982818,1209.0942859999814,4,256
baseline_v2_mixed_stress_lhs01_s20261151,mixed_stress,lhs_01,20261151,Baseline V2 controlled single-target case,Shrinkage-SMI/MVDR global,scientific_controlled,4-channel physical academic reference,B2_TARGET_mixed_stress_1_20261151,7.3200295200541206,-128.832329604,-10.057033289345165,-118.77529631465482,-0.5,0.5,radial,1.2097637025941932,0.0,0.7153846153846154,52,2200,4089.4179730000815,ok,paired C+N background only,configured beam-center spatial hypothesis; Doppler row used only for temporal/JDL frequency,,,,,,,113.23490465968742,1.0,465350.828937625,0.06264725458282533,7.719221874123699e-17,2.2591401799415137e-16,,,,0.5514309450035884,19.738804409569543,19.740193202750916,0.0013887931813734156,-0.9183523268309134,24.17209847066318,35.15189743891608,39.222879954560696,0.1479327510096741,875017821.0949507,708241980.2597617,9292583.179645475,7519039.134877163,1.0,1.0,2876.0,15085834281.642376,2885.0,0.0054714762554999245,527280.0,13.44971616743564,corrected research baseline,global,4086.0,1.0,0.7153846153846154,255.4732997474902,3857.172336000076,4,256
baseline_v2_mixed_stress_lhs01_s20261151,mixed_stress,lhs_01,20261151,Baseline V2 controlled single-target case,Shrinkage-SMI/MVDR local,scientific_controlled,4-channel physical academic reference,B2_TARGET_mixed_stress_1_20261151,7.3200295200541206,-128.832329604,-10.057033289345165,-118.77529631465482,-0.5,0.5,radial,1.2097637025941932,0.0,0.7153846153846154,52,2200,2007.4518530000205,ok,paired C+N background only,configured beam-center spatial hypothesis; Doppler row used only for temporal/JDL frequency,,,,,,,41.7188560678822,0.9783653846153846,471080.606768081,0.14308519651767312,7.334212780882095e-17,2.237726045655905e-16,,,,0.7827919803950527,19.738804409569543,18.527312594175164,-1.2114918153943783,-1.403893783124138,24.022514021599903,34.94666937664733,38.98826472091416,0.1463435709589556,875017821.0949507,633326295.0837429,9292583.179645475,8889887.405434445,1.0,1.0,2947.0,13330045036.792662,2956.0,0.005606129570626612,527280.0,13.44971616743564,corrected research baseline,local,487.875,1.0,0.7153846153846154,98.62083071997684,1800.3949720000492,4,256
baseline_v2_mixed_stress_lhs01_s20261151,mixed_stress,lhs_01,20261151,Baseline V2 controlled single-target case,Corrected JDL physical,scientific_controlled,4-channel physical academic reference,B2_TARGET_mixed_stress_1_20261151,7.3200295200541206,-128.832329604,-10.057033289345165,-118.77529631465482,-0.5,0.5,radial,1.2097637025941932,0.0,0.7153846153846154,52,2200,4406.838655999991,ok,paired C+N background only,configured beam-center spatial hypothesis; Doppler row used only for temporal/JDL frequency,,,,,,,36079065.51863882,4.515384615384615,465350.8289376249,0.0,8.647517596258339e-17,2.2887833992611187e-16,,,,-1.6957149443766109,19.738804409569543,17.69375649689982,-2.045047912669723,0.8396070881627559,25.636195917700107,37.29408261228031,41.51056722119088,0.14851507466892083,875017821.0949507,1061640815.7115598,9292583.179645475,18055185.606736973,1.0,1.0,3219.0,22923965485.29673,3231.0,0.006127674101046882,527280.0,13.44971616743564,corrected research baseline,global,4086.0,1.0,0.7153846153846154,119649269.23713773,4032.8072459999476,4,256
baseline_v2_mixed_stress_lhs01_s20261151,mixed_stress,lhs_01,20261151,Baseline V2 controlled single-target case,MNEC physical,scientific_controlled,4-channel physical academic reference,B2_TARGET_mixed_stress_1_20261151,7.3200295200541206,-128.832329604,-10.057033289345165,-118.77529631465482,-0.5,0.5,radial,1.2097637025941932,0.0,0.7153846153846154,52,2200,2408.746982000139,ok,paired C+N background only,configured beam-center spatial hypothesis; Doppler row used only for temporal/JDL frequency,,,,,,,4344.137357696699,1.0,465350.828937625,0.0,7.242724769989506e-17,2.2887833992611187e-16,,,,0.7339658606320745,19.738804409569543,18.35851443029801,-1.3802899792715344,-1.8795353145942875,24.053331134463733,34.896831211072055,39.035949751699526,0.14844181459566075,875017821.0949507,567627420.3488995,9292583.179645475,8283462.751945292,1.0,1.0,2831.0,11895200908.136095,2842.0,0.0053899256561978455,527280.0,13.44971616743564,corrected research baseline,global,4086.0,1.0,0.7153846153846154,8948.197539705212,2196.2813040001947,4,256
baseline_v2_mixed_stress_lhs01_s20261151,mixed_stress,lhs_01,20261151,Baseline V2 controlled single-target case,SA-MNEC physical [approximate academic reference],scientific_controlled,4-channel physical academic reference,B2_TARGET_mixed_stress_1_20261151,7.3200295200541206,-128.832329604,-10.057033289345165,-118.77529631465482,-0.5,0.5,radial,1.2097637025941932,0.0,0.7153846153846154,52,2200,7475.653622999971,ok,paired C+N background only,configured beam-center spatial hypothesis; Doppler row used only for temporal/JDL frequency,,,,,,,1478.4622516003724,1.0,2.3656566266038672e-06,0.0,7.611623167215914e-17,2.2887833992611187e-16,,,,0.5140810441490464,19.738804409569543,18.285926804092007,-1.4528776054775356,-1.7539324314650688,24.408532719837655,35.119241344084756,39.24670526751487,0.15835446604677375,17.851403704445115,11.920078854875573,0.18957974317529572,0.17688314359623708,1.0,1.0,2586.0,248.89452810640634,2589.0,0.0049101046882111974,527280.0,13.44971616743564,approximate academic reference,global,16344.0,1.0,0.7153846153846154,2548.3169949300523,7218.436930000053,4,256
baseline_v2_mixed_stress_lhs02_s20261152,mixed_stress,lhs_02,20261152,Baseline V2 controlled single-target case,Current legacy CSI [production replay],production_replay,F1/F2 strict,B2_TARGET_mixed_stress_2_20261152,0.588956948389951,-122.685686294,-19.443871983206922,-103.24181431079309,-0.5,0.5,radial,1.1520453799287056,0.0,0.5076923076923077,53,2200,262.111042000015,ok,target-observation P38,not applicable to two-channel CSI,observed,0.009277641733633105,1.0,34.0,0.0008088451411517615,0.002689127761765854,nan,nan,nan,nan,nan,nan,nan,nan,nan,16.980150094108634,6.529701595053582,17.60309886972424,11.073397274670658,-1.0440295587716668,12.946872768653812,19.588507052410964,19.90742533055079,0.032215647600262985,59462648.97269667,46756424.8954088,13221297.966384571,811953.9700295457,1.0,1.0,4427.0,807643889.4619342,4423.0,0.008388332574723108,527280.0,13.44971616743564,,,,,,,,,
baseline_v2_mixed_stress_lhs02_s20261152,mixed_stress,lhs_02,20261152,Baseline V2 controlled single-target case,Phase-only CSI [production replay],production_replay,F1/F2 strict,B2_TARGET_mixed_stress_2_20261152,0.588956948389951,-122.685686294,-19.443871983206922,-103.24181431079309,-0.5,0.5,radial,1.1520453799287056,0.0,0.5076923076923077,53,2200,233.81092499994338,ok,target-observation P38,not applicable to two-channel CSI,observed,0.009277641733633105,1.0,34.0,0.0008088451411517615,0.002689127761765854,nan,nan,nan,nan,nan,nan,nan,nan,nan,11.951763348531085,6.529701595053582,15.914045612431371,9.384344017377789,-0.21823930399932528,17.841153548559053,24.69189637395997,25.180501444394658,0.08466046773739082,59462648.97269667,56548400.09337827,13221297.966384571,1448824.4313774449,1.0,1.0,4769.0,953490807.3192781,4772.0,0.009050219996965559,527280.0,13.44971616743564,,,,,,,,,
baseline_v2_mixed_stress_lhs02_s20261152,mixed_stress,lhs_02,20261152,Baseline V2 controlled single-target case,Current legacy CSI [scientific controlled],scientific_controlled,F1/F2 strict,B2_TARGET_mixed_stress_2_20261152,0.588956948389951,-122.685686294,-19.443871983206922,-103.24181431079309,-0.5,0.5,radial,1.1520453799287056,0.0,0.5076923076923077,53,2200,264.96831600002224,ok,paired C+N background,not applicable to two-channel CSI,observed,0.009673518659904212,1.0,34.0,0.0008053946722313218,0.0027402419422933423,nan,nan,nan,nan,nan,nan,nan,nan,nan,16.980284350534358,6.529701595053582,17.609083256648663,11.079381661595082,-1.037866804306654,12.94783853380107,19.585743139947557,19.90736293424584,0.03222879684418146,59462648.97269667,46822820.60618864,13221297.966384571,811987.3181868062,1.0,1.0,4429.0,808840085.2331342,4425.0,0.008392125625853437,527280.0,13.44971616743564,,,,,,,,,
baseline_v2_mixed_stress_lhs02_s20261152,mixed_stress,lhs_02,20261152,Baseline V2 controlled single-target case,Phase-only CSI [scientific controlled],scientific_controlled,F1/F2 strict,B2_TARGET_mixed_stress_2_20261152,0.588956948389951,-122.685686294,-19.443871983206922,-103.24181431079309,-0.5,0.5,radial,1.1520453799287056,0.0,0.5076923076923077,53,2200,246.72830400004386,ok,paired C+N background,not applicable to two-channel CSI,observed,0.009673518659904212,1.0,34.0,0.0008053946722313218,0.0027402419422933423,nan,nan,nan,nan,nan,nan,nan,nan,nan,11.951799041580419,6.529701595053582,15.919814996238095,9.390113401184514,-0.21225343219681897,17.841227165596884,24.692171998472002,25.18045491639791,0.08467173851789236,59462648.97269667,56626394.37282831,13221297.966384571,1448896.6544721683,1.0,1.0,4770.0,954873661.4125979,4773.0,0.009052116522530724,527280.0,13.44971616743564,,,,,,,,,
baseline_v2_mixed_stress_lhs02_s20261152,mixed_stress,lhs_02,20261152,Baseline V2 controlled single-target case,Row complex LS / Wiener [scientific controlled],scientific_controlled,F1/F2 strict,B2_TARGET_mixed_stress_2_20261152,0.588956948389951,-122.685686294,-19.443871983206922,-103.24181431079309,-0.5,0.5,radial,1.1520453799287056,0.0,0.5076923076923077,53,2200,247.36605299995063,ok,paired C+N background,not applicable to two-channel CSI,observed,0.009673518659904212,1.0,34.0,0.0008053946722313218,0.0027402419422933423,nan,nan,nan,nan,nan,nan,nan,nan,nan,13.394500669296864,6.529701595053582,16.098925309609516,9.569223714555935,0.29131246980600445,16.607100691114702,23.37253106306114,23.638332621739533,0.06819385742462665,59462648.97269667,63588048.887508415,13221297.966384571,1561287.8085372897,1.0,1.0,4741.0,1088865010.7343297,4737.0,0.008983841602184798,527280.0,13.44971616743564,,,,,,,,,
baseline_v2_mixed_stress_lhs02_s20261152,mixed_stress,lhs_02,20261152,Baseline V2 controlled single-target case,Row complex LS / Wiener robust IRLS [scientific controlled],scientific_controlled,F1/F2 strict,B2_TARGET_mixed_stress_2_20261152,0.588956948389951,-122.685686294,-19.443871983206922,-103.24181431079309,-0.5,0.5,radial,1.1520453799287056,0.0,0.5076923076923077,53,2200,337.74154100001397,ok,paired C+N background,not applicable to two-channel CSI,observed,0.009673518659904212,1.0,34.0,0.0008053946722313218,0.0027402419422933423,nan,nan,nan,nan,nan,nan,46283.712786480406,0.8939281225853472,5.0,13.373873788500784,6.529701595053582,15.973855753692343,9.44415415863876,0.0919975868152742,16.58209046308029,23.33052690209076,23.674466151612165,0.06777120315581854,59462648.97269667,60735695.79167914,13221297.966384571,1534823.4845791494,1.0,1.0,4747.0,1030171509.1797148,4742.0,0.00899332423001062,527280.0,13.44971616743564,,,,,,,,,
baseline_v2_mixed_stress_lhs02_s20261152,mixed_stress,lhs_02,20261152,Baseline V2 controlled single-target case,DL-SMI/MVDR global,scientific_controlled,4-channel physical academic reference,B2_TARGET_mixed_stress_2_20261152,0.588956948389951,-122.685686294,-19.443871983206922,-103.24181431079309,-0.5,0.5,radial,1.1520453799287056,0.0,0.5076923076923077,53,2200,2615.2968400001555,ok,paired C+N background only,configured beam-center spatial hypothesis; Doppler row used only for temporal/JDL frequency,,,,,,,9314.482438806763,1.0,180444.2904652657,0.0,7.954882974031177e-17,2.2887833992611187e-16,,,,-0.2982555525500447,6.539071119733389,5.619829242484695,-0.9192418772486945,-0.30447175089360884,24.62116709229376,35.701161783801176,38.562328096535204,0.151839954916878,59901215.87668896,55845535.88450542,13290108.478736866,15311069.874332972,1.0,1.0,2409.0,1034996970.9628819,2408.0,0.004566833560916401,527280.0,13.44971616743564,corrected research baseline,global,4086.0,1.0,0.5076923076923077,20120.532099403477,2359.489921999966,4,256
baseline_v2_mixed_stress_lhs02_s20261152,mixed_stress,lhs_02,20261152,Baseline V2 controlled single-target case,DL-SMI/MVDR local,scientific_controlled,4-channel physical academic reference,B2_TARGET_mixed_stress_2_20261152,0.588956948389951,-122.685686294,-19.443871983206922,-103.24181431079309,-0.5,0.5,radial,1.1520453799287056,0.0,0.5076923076923077,53,2200,1448.5399679999773,ok,paired C+N background only,configured beam-center spatial hypothesis; Doppler row used only for temporal/JDL frequency,,,,,,,614738.5603391802,1.0,180402.87482200618,0.0,7.959471018742828e-17,2.259472700557805e-16,,,,0.19976145813808077,6.539071119733389,6.351684548156239,-0.1873865715771501,-0.12732502282646999,24.18422654489326,35.27694171282282,38.05938773006871,0.1468263360571053,59901215.87668896,58170545.37436818,13290108.478736866,13475183.274876302,1.0,1.0,2423.0,1085384181.6439862,2422.0,0.004593384918828706,527280.0,13.44971616743564,corrected research baseline,local,487.875,1.0,0.5076923076923077,1630440.329621261,1197.0772879999458,4,256
baseline_v2_mixed_stress_lhs02_s20261152,mixed_stress,lhs_02,20261152,Baseline V2 controlled single-target case,Shrinkage-SMI/MVDR global,scientific_controlled,4-channel physical academic reference,B2_TARGET_mixed_stress_2_20261152,0.588956948389951,-122.685686294,-19.443871983206922,-103.24181431079309,-0.5,0.5,radial,1.1520453799287056,0.0,0.5076923076923077,53,2200,3991.865164000046,ok,paired C+N background only,configured beam-center spatial hypothesis; Doppler row used only for temporal/JDL frequency,,,,,,,209.7394337046715,1.0,180444.2904652657,0.03595055210657224,7.29836464087842e-17,2.2591401799415137e-16,,,,0.3260937802307428,6.539071119733389,4.9177920757204925,-1.6212790440128968,-1.1390398456876432,24.25819605171001,35.215713586812434,37.924638747266414,0.1485808208885132,59901215.87668896,46082035.401745684,13290108.478736866,14850888.781401003,1.0,1.0,2427.0,856645625.1716895,2426.0,0.004600971021089364,527280.0,13.44971616743564,corrected research baseline,global,4086.0,1.0,0.5076923076923077,493.4822213781414,3742.6739999998517,4,256
baseline_v2_mixed_stress_lhs02_s20261152,mixed_stress,lhs_02,20261152,Baseline V2 controlled single-target case,Shrinkage-SMI/MVDR local,scientific_controlled,4-channel physical academic reference,B2_TARGET_mixed_stress_2_20261152,0.588956948389951,-122.685686294,-19.443871983206922,-103.24181431079309,-0.5,0.5,radial,1.1520453799287056,0.0,0.5076923076923077,53,2200,2082.640541000046,ok,paired C+N background only,configured beam-center spatial hypothesis; Doppler row used only for temporal/JDL frequency,,,,,,,64.7578977093105,0.9942307692307693,180402.87482200618,0.10719616159422941,7.402931877977949e-17,2.237726045655905e-16,,,,0.592250871014691,6.539071119733389,5.971633869343473,-0.5674372503899159,-0.4925717489695962,24.057014800493953,34.98293599331002,37.65420364763273,0.1463980463980464,59901215.87668896,53478407.0942807,13290108.478736866,13521194.99455337,1.0,1.0,2538.0,1005537011.9231699,2537.0,0.004811485358822637,527280.0,13.44971616743564,corrected research baseline,local,487.875,1.0,0.5076923076923077,167.70894086434524,1800.2112950000537,4,256
baseline_v2_mixed_stress_lhs02_s20261152,mixed_stress,lhs_02,20261152,Baseline V2 controlled single-target case,Corrected JDL physical,scientific_controlled,4-channel physical academic reference,B2_TARGET_mixed_stress_2_20261152,0.588956948389951,-122.685686294,-19.443871983206922,-103.24181431079309,-0.5,0.5,radial,1.1520453799287056,0.0,0.5076923076923077,53,2200,4212.701197999877,ok,paired C+N background only,configured beam-center spatial hypothesis; Doppler row used only for temporal/JDL frequency,,,,,,,27597025.682865266,4.608653846153846,180444.2904652657,0.0,8.479752190411976e-17,2.2887833992611187e-16,,,,-1.818748706975226,6.539071119733389,4.608680905185091,-1.9303902145482983,1.3181903183805364,25.774555838745506,37.37875015223464,40.120622121879165,0.14996149149995303,59901215.87668896,81143674.36711402,13290108.478736866,28079319.54051293,1.0,1.0,2742.0,1433892984.431873,2741.0,0.005198376574116219,527280.0,13.44971616743564,corrected research baseline,global,4086.0,1.0,0.5076923076923077,152427836.95706725,3840.6644070000766,4,256
baseline_v2_mixed_stress_lhs02_s20261152,mixed_stress,lhs_02,20261152,Baseline V2 controlled single-target case,MNEC physical,scientific_controlled,4-channel physical academic reference,B2_TARGET_mixed_stress_2_20261152,0.588956948389951,-122.685686294,-19.443871983206922,-103.24181431079309,-0.5,0.5,radial,1.1520453799287056,0.0,0.5076923076923077,53,2200,2432.642461999876,ok,paired C+N background only,configured beam-center spatial hypothesis; Doppler row used only for temporal/JDL frequency,,,,,,,9314.482438806763,1.0,180444.2904652657,0.0,7.352165307342333e-17,2.2887833992611187e-16,,,,0.6877847284957979,6.539071119733389,4.8656406263315874,-1.6734304934018018,-1.6251061044862447,24.17210032958931,34.82417615843225,37.546973150446476,0.15036160420775804,59901215.87668896,41202638.447185844,13290108.478736866,13438814.668256678,1.0,1.0,2464.0,792981617.8462874,2462.0,0.004669245941435291,527280.0,13.44971616743564,corrected research baseline,global,4086.0,1.0,0.5076923076923077,20120.532099403477,2202.4819660000503,4,256
baseline_v2_mixed_stress_lhs02_s20261152,mixed_stress,lhs_02,20261152,Baseline V2 controlled single-target case,SA-MNEC physical [approximate academic reference],scientific_controlled,4-channel physical academic reference,B2_TARGET_mixed_stress_2_20261152,0.588956948389951,-122.685686294,-19.443871983206922,-103.24181431079309,-0.5,0.5,radial,1.1520453799287056,0.0,0.5076923076923077,53,2200,7469.032334999838,ok,paired C+N background only,configured beam-center spatial hypothesis; Doppler row used only for temporal/JDL frequency,,,,,,,2218.109732613794,1.0,2.360361667976987e-06,0.0,7.437333055858022e-17,2.2887833992611187e-16,,,,0.8349727413889827,6.539071119733392,5.154850410071237,-1.3842207096621548,-1.7941841651626893,24.146269423492548,34.71329203336194,37.38427132575601,0.1557621865314173,3.3754041999371687,2.2330958780588763,0.7488911088064643,0.6814316936661469,1.0,1.0,2491.0,43.156345682256536,2490.0,0.0047223486572599,527280.0,13.44971616743564,approximate academic reference,global,16344.0,1.0,0.5076923076923077,4518.835878850783,7259.9351380001735,4,256
baseline_v2_mixed_stress_lhs03_s20261153,mixed_stress,lhs_03,20261153,Baseline V2 controlled single-target case,Current legacy CSI [production replay],production_replay,F1/F2 strict,B2_TARGET_mixed_stress_3_20261153,3.036706035231907,-211.486876554,-0.4061303534022802,-211.0807462005977,-0.5,0.5,radial,1.9859079441889782,0.0,0.7076923076923077,44,2200,254.9788050000643,ok,target-observation P38,not applicable to two-channel CSI,observed,0.005020838581552792,1.0,34.0,0.0009121114562150163,-0.007810118153465719,nan,nan,nan,nan,nan,nan,nan,nan,nan,17.840479297440673,24.263545545133837,26.05448882374553,1.7909432786116923,3.436932436189148,9.275092589223206,14.425717706294867,13.249211208115096,0.00799474030243261,3852322.0751831466,8499939.46934105,14433.37963551659,21084.67691463546,1.0,1.0,2068.0,185958760.29652846,2063.0,0.003912532240934608,527280.0,13.44971616743564,,,,,,,,,
baseline_v2_mixed_stress_lhs03_s20261153,mixed_stress,lhs_03,20261153,Baseline V2 controlled single-target case,Phase-only CSI [production replay],production_replay,F1/F2 strict,B2_TARGET_mixed_stress_3_20261153,3.036706035231907,-211.486876554,-0.4061303534022802,-211.0807462005977,-0.5,0.5,radial,1.9859079441889782,0.0,0.7076923076923077,44,2200,259.79039300000295,ok,target-observation P38,not applicable to two-channel CSI,observed,0.005020838581552792,1.0,34.0,0.0009121114562150163,-0.007810118153465719,nan,nan,nan,nan,nan,nan,nan,nan,nan,14.128088806716432,24.263545545133837,20.359291788365994,-3.9042537567678437,3.6321440382182195,13.21807728232036,18.667692979825674,17.53084069657429,0.03229266460035691,3852322.0751831466,8890721.232036123,14433.37963551659,81847.95150694213,1.0,1.0,2407.0,198020777.34383065,2397.0,0.004545971779699591,527280.0,13.44971616743564,,,,,,,,,
baseline_v2_mixed_stress_lhs03_s20261153,mixed_stress,lhs_03,20261153,Baseline V2 controlled single-target case,Current legacy CSI [scientific controlled],scientific_controlled,F1/F2 strict,B2_TARGET_mixed_stress_3_20261153,3.036706035231907,-211.486876554,-0.4061303534022802,-211.0807462005977,-0.5,0.5,radial,1.9859079441889782,0.0,0.7076923076923077,44,2200,254.9676300000101,ok,paired C+N background,not applicable to two-channel CSI,observed,0.005021372430134562,1.0,34.0,0.0009121421096065443,-0.008033438942429694,nan,nan,nan,nan,nan,nan,nan,nan,nan,17.840442583386512,24.263545545133837,26.055197013172847,1.79165146803901,3.437737758928016,9.275133696034718,14.423585497530564,13.24920055666306,0.00800225415610031,3852322.0751831466,8501515.779775243,14433.37963551659,21085.148494975536,1.0,1.0,2063.0,185992458.47903857,2059.0,0.0039049461386739493,527280.0,13.44971616743564,,,,,,,,,
baseline_v2_mixed_stress_lhs03_s20261153,mixed_stress,lhs_03,20261153,Baseline V2 controlled single-target case,Phase-only CSI [scientific controlled],scientific_controlled,F1/F2 strict,B2_TARGET_mixed_stress_3_20261153,3.036706035231907,-211.486876554,-0.4061303534022802,-211.0807462005977,-0.5,0.5,radial,1.9859079441889782,0.0,0.7076923076923077,44,2200,244.4800610001039,ok,paired C+N background,not applicable to two-channel CSI,observed,0.005021372430134562,1.0,34.0,0.0009121421096065443,-0.008033438942429694,nan,nan,nan,nan,nan,nan,nan,nan,nan,14.128072876129266,24.263545545133837,20.360042030461045,-3.903503514672792,3.632955874107143,13.217537074767197,18.665653060512092,17.53086600353507,0.03229266460035691,3852322.0751831466,8892383.348765058,14433.37963551659,81849.1123233497,1.0,1.0,2407.0,198056609.49034467,2397.0,0.004545971779699591,527280.0,13.44971616743564,,,,,,,,,
baseline_v2_mixed_stress_lhs03_s20261153,mixed_stress,lhs_03,20261153,Baseline V2 controlled single-target case,Row complex LS / Wiener [scientific controlled],scientific_controlled,F1/F2 strict,B2_TARGET_mixed_stress_3_20261153,3.036706035231907,-211.486876554,-0.4061303534022802,-211.0807462005977,-0.5,0.5,radial,1.9859079441889782,0.0,0.7076923076923077,44,2200,252.93984099994304,ok,paired C+N background,not applicable to two-channel CSI,observed,0.005021372430134562,1.0,34.0,0.0009121421096065443,-0.008033438942429694,nan,nan,nan,nan,nan,nan,nan,nan,nan,15.585303935675633,24.263545545133837,24.144058650467986,-0.11948689466585094,0.26319842210313577,11.751996440206245,16.854865543126614,15.568936398637641,0.01958673804827651,3852322.0751831466,4093006.473945763,14433.37963551659,15762.916192517,1.0,1.0,2048.0,87840917.1245208,2044.0,0.00387649825519648,527280.0,13.44971616743564,,,,,,,,,
baseline_v2_mixed_stress_lhs03_s20261153,mixed_stress,lhs_03,20261153,Baseline V2 controlled single-target case,Row complex LS / Wiener robust IRLS [scientific controlled],scientific_controlled,F1/F2 strict,B2_TARGET_mixed_stress_3_20261153,3.036706035231907,-211.486876554,-0.4061303534022802,-211.0807462005977,-0.5,0.5,radial,1.9859079441889782,0.0,0.7076923076923077,44,2200,360.44009900001583,ok,paired C+N background,not applicable to two-channel CSI,observed,0.005021372430134562,1.0,34.0,0.0009121421096065443,-0.008033438942429694,nan,nan,nan,nan,nan,nan,73932.40227663187,0.8913822852095752,5.0,15.58122217105156,24.263545545133837,24.035423729784263,-0.22812181534957432,0.30023027060235075,11.754856155792911,16.89379548307751,15.599540768721525,0.019725744341128955,3852322.0751831466,4128056.3445852455,14433.37963551659,16300.586977194504,1.0,1.0,2068.0,88731538.55579066,2064.0,0.003914428766499773,527280.0,13.44971616743564,,,,,,,,,
baseline_v2_mixed_stress_lhs03_s20261153,mixed_stress,lhs_03,20261153,Baseline V2 controlled single-target case,DL-SMI/MVDR global,scientific_controlled,4-channel physical academic reference,B2_TARGET_mixed_stress_3_20261153,3.036706035231907,-211.486876554,-0.4061303534022802,-211.0807462005977,-0.5,0.5,radial,1.9859079441889782,0.0,0.7076923076923077,44,2200,2571.299341999975,ok,paired C+N background only,configured beam-center spatial hypothesis; Doppler row used only for temporal/JDL frequency,,,,,,,2997.9658974055606,1.0,6114.716067478158,0.0,8.169845664273573e-17,2.2887833992611187e-16,,,,-0.1800680177991926,23.632232285018592,23.603257041347025,-0.02897524367156734,-0.029389611667522273,24.140809984856737,35.573823931234784,34.388898674020005,0.14242697473466703,3960743.313752328,3934030.6263352167,17161.429842806523,17159.792518742943,1.0,1.0,2381.0,83134771.43815178,2380.0,0.004513730845091792,527280.0,13.44971616743564,corrected research baseline,global,4086.0,1.0,0.7076923076923077,5416.477964578098,2321.123368000144,4,256
baseline_v2_mixed_stress_lhs03_s20261153,mixed_stress,lhs_03,20261153,Baseline V2 controlled single-target case,DL-SMI/MVDR local,scientific_controlled,4-channel physical academic reference,B2_TARGET_mixed_stress_3_20261153,3.036706035231907,-211.486876554,-0.4061303534022802,-211.0807462005977,-0.5,0.5,radial,1.9859079441889782,0.0,0.7076923076923077,44,2200,1697.0758740001202,ok,paired C+N background only,configured beam-center spatial hypothesis; Doppler row used only for temporal/JDL frequency,,,,,,,72352.4402122141,0.9961538461538462,6125.8853697994955,0.0,8.365000901851477e-17,2.2887833992611187e-16,,,,0.30475638134495,23.632232285018592,23.618272220001298,-0.013960065017293743,-0.023486998513992198,23.608010033825593,35.02727419617784,33.90057631452927,0.13654362731285807,3960743.313752328,3939381.108375749,17161.429842806523,17123.824804799802,1.0,1.0,2417.0,83216778.3228505,2416.0,0.0045820057654377185,527280.0,13.44971616743564,corrected research baseline,local,487.875,1.0,0.7076923076923077,129715.3270989483,1437.5250850000612,4,256
baseline_v2_mixed_stress_lhs03_s20261153,mixed_stress,lhs_03,20261153,Baseline V2 controlled single-target case,Shrinkage-SMI/MVDR global,scientific_controlled,4-channel physical academic reference,B2_TARGET_mixed_stress_3_20261153,3.036706035231907,-211.486876554,-0.4061303534022802,-211.0807462005977,-0.5,0.5,radial,1.9859079441889782,0.0,0.7076923076923077,44,2200,4200.74641500014,ok,paired C+N background only,configured beam-center spatial hypothesis; Doppler row used only for temporal/JDL frequency,,,,,,,1152.9256155906276,1.0,6114.716067478158,0.0024021277754877938,8.326508532101348e-17,2.276721302528256e-16,,,,-0.05065017604692143,23.632232285018592,23.607806522259192,-0.02442576275939956,-0.031695247148556316,24.015398298293277,35.44043073547669,34.257590543281054,0.14106321029397953,3960743.313752328,3931942.6345033143,17161.429842806523,17132.72802900635,1.0,1.0,2378.0,83108749.73437168,2377.0,0.004508041268396298,527280.0,13.44971616743564,corrected research baseline,global,4086.0,1.0,0.7076923076923077,1894.291562569663,3946.1075520000577,4,256
baseline_v2_mixed_stress_lhs03_s20261153,mixed_stress,lhs_03,20261153,Baseline V2 controlled single-target case,Shrinkage-SMI/MVDR local,scientific_controlled,4-channel physical academic reference,B2_TARGET_mixed_stress_3_20261153,3.036706035231907,-211.486876554,-0.4061303534022802,-211.0807462005977,-0.5,0.5,radial,1.9859079441889782,0.0,0.7076923076923077,44,2200,2276.4922320000096,ok,paired C+N background only,configured beam-center spatial hypothesis; Doppler row used only for temporal/JDL frequency,,,,,,,262.64808819171293,0.9956730769230769,6125.8853697994955,0.01824141099330675,7.828722589037064e-17,2.2729511820139823e-16,,,,0.4323367272092804,23.632232285018592,23.607031857514798,-0.025200427503794032,-0.04426641477851721,23.493605456585847,34.90349148208352,33.7709829233048,0.13511223818916127,3960743.313752328,3920577.6179536823,17161.429842806523,17086.254484602978,1.0,1.0,2409.0,82964916.22064759,2408.0,0.004566833560916401,527280.0,13.44971616743564,corrected research baseline,local,487.875,1.0,0.7076923076923077,462.87084690873536,2024.8320829998647,4,256
baseline_v2_mixed_stress_lhs03_s20261153,mixed_stress,lhs_03,20261153,Baseline V2 controlled single-target case,Corrected JDL physical,scientific_controlled,4-channel physical academic reference,B2_TARGET_mixed_stress_3_20261153,3.036706035231907,-211.486876554,-0.4061303534022802,-211.0807462005977,-0.5,0.5,radial,1.9859079441889782,0.0,0.7076923076923077,44,2200,4840.531329999976,ok,paired C+N background only,configured beam-center spatial hypothesis; Doppler row used only for temporal/JDL frequency,,,,,,,2093871.8239483025,4.7125,6114.716067478159,0.0,8.385087385558625e-17,2.2887833992611187e-16,,,,-1.8537409140589576,23.632232285018592,37.90895394524371,14.276721660225117,2.5505732568389594,25.63582155913881,37.47495820210977,36.1412242901749,0.14774678313139852,3960743.313752328,7125806.474291996,17161.429842806523,1153.2902723296306,1.0,1.0,2301.0,113285311.61508706,2300.0,0.004362008799878622,527280.0,13.44971616743564,corrected research baseline,global,4086.0,1.0,0.7076923076923077,11543735.964765858,4410.92433599988,4,256
baseline_v2_mixed_stress_lhs03_s20261153,mixed_stress,lhs_03,20261153,Baseline V2 controlled single-target case,MNEC physical,scientific_controlled,4-channel physical academic reference,B2_TARGET_mixed_stress_3_20261153,3.036706035231907,-211.486876554,-0.4061303534022802,-211.0807462005977,-0.5,0.5,radial,1.9859079441889782,0.0,0.7076923076923077,44,2200,2823.379075000048,ok,paired C+N background only,configured beam-center spatial hypothesis; Doppler row used only for temporal/JDL frequency,,,,,,,2997.9658974055606,1.0,6114.716067478158,0.0,7.426327706302925e-17,2.2887833992611187e-16,,,,0.5449998490104847,23.632232285018592,23.13968220445394,-0.49255008056465144,-0.17780919357678465,23.431894307935394,34.824317969099646,33.64899472572941,0.1357171034094111,3960743.313752328,3801857.0065262113,17161.429842806523,18451.324973960654,1.0,1.0,2366.0,80792624.45528631,2365.0,0.004485282961614322,527280.0,13.44971616743564,corrected research baseline,global,4086.0,1.0,0.7076923076923077,5416.477964578098,2565.344661000154,4,256
baseline_v2_mixed_stress_lhs03_s20261153,mixed_stress,lhs_03,20261153,Baseline V2 controlled single-target case,SA-MNEC physical [approximate academic reference],scientific_controlled,4-channel physical academic reference,B2_TARGET_mixed_stress_3_20261153,3.036706035231907,-211.486876554,-0.4061303534022802,-211.0807462005977,-0.5,0.5,radial,1.9859079441889782,0.0,0.7076923076923077,44,2200,9210.951061999822,ok,paired C+N background only,configured beam-center spatial hypothesis; Doppler row used only for temporal/JDL frequency,,,,,,,1267.8409471559391,0.9846153846153847,2.3679183671073594e-06,0.0,7.101753062326337e-17,2.2773244073648987e-16,,,,0.35409688412317786,23.63223228501859,17.08515116543699,-6.547081119581598,-0.9731908568675602,23.616348825338687,34.98143137731864,33.82427687957437,0.14155161078238002,6.22317635462581,4.973853880965741,0.02696428320373644,0.09731457854558945,1.0,1.0,2373.0,104.51119359054485,2372.0,0.004498558640570475,527280.0,13.44971616743564,approximate academic reference,global,16344.0,1.0,0.7076923076923077,2258.4881112221574,8965.925011000081,4,256
baseline_v2_mixed_stress_lhs04_s20261154,mixed_stress,lhs_04,20261154,Baseline V2 controlled single-target case,Current legacy CSI [production replay],production_replay,F1/F2 strict,B2_TARGET_mixed_stress_4_20261154,-7.840143011350651,73.0511370627,-0.5503180144716617,73.60145507717165,-0.5,0.5,radial,-0.6859661260736944,0.0,0.5307692307692308,72,2200,263.12937900002,ok,target-observation P38,not applicable to two-channel CSI,observed,0.006065252301582035,1.0,34.0,0.0007734943763807642,-0.007880895223518647,nan,nan,nan,nan,nan,nan,nan,nan,nan,15.424191373591656,-9.665835969965023,-6.7381571499647155,2.927678820000308,-10.515283940357154,12.049493915366243,18.077310510031865,16.950313273369094,0.024354278200432046,516169.51711064833,45842.042478301606,4779428.294346241,216311.53253937495,0.0,1.0,2742.0,1132055.8999839926,2741.0,0.005198376574116219,527280.0,13.44971616743564,,,,,,,,,
baseline_v2_mixed_stress_lhs04_s20261154,mixed_stress,lhs_04,20261154,Baseline V2 controlled single-target case,Phase-only CSI [production replay],production_replay,F1/F2 strict,B2_TARGET_mixed_stress_4_20261154,-7.840143011350651,73.0511370627,-0.5503180144716617,73.60145507717165,-0.5,0.5,radial,-0.6859661260736944,0.0,0.5307692307692308,72,2200,251.56417699986378,ok,target-observation P38,not applicable to two-channel CSI,observed,0.006065252301582035,1.0,34.0,0.0007734943763807642,-0.007880895223518647,nan,nan,nan,nan,nan,nan,nan,nan,nan,10.545727827378943,-9.665835969965023,-6.604754329670656,3.0610816402943675,-4.0741086523953625,17.785144010285233,23.069425279339463,21.915652285270983,0.0875495444726214,516169.51711064833,202014.00931442104,4779428.294346241,924393.5808746256,0.0,1.0,2020.0,5179971.848525888,2020.0,0.003830981641632529,527280.0,13.44971616743564,,,,,,,,,
baseline_v2_mixed_stress_lhs04_s20261154,mixed_stress,lhs_04,20261154,Baseline V2 controlled single-target case,Current legacy CSI [scientific controlled],scientific_controlled,F1/F2 strict,B2_TARGET_mixed_stress_4_20261154,-7.840143011350651,73.0511370627,-0.5503180144716617,73.60145507717165,-0.5,0.5,radial,-0.6859661260736944,0.0,0.5307692307692308,72,2200,262.89679599995,ok,paired C+N background,not applicable to two-channel CSI,observed,0.006061782321348084,1.0,34.0,0.0007733790862165177,-0.007876564140221306,nan,nan,nan,nan,nan,nan,nan,nan,nan,15.424195475505071,-9.665835969965023,-6.737106982084162,2.928728987880861,-10.514778505487898,12.049655879725679,18.07778293825933,16.95030843344147,0.024352399737015123,516169.51711064833,45847.37791682182,4779428.294346241,216284.4024127176,0.0,1.0,2742.0,1131611.2284994286,2741.0,0.005198376574116219,527280.0,13.44971616743564,,,,,,,,,
baseline_v2_mixed_stress_lhs04_s20261154,mixed_stress,lhs_04,20261154,Baseline V2 controlled single-target case,Phase-only CSI [scientific controlled],scientific_controlled,F1/F2 strict,B2_TARGET_mixed_stress_4_20261154,-7.840143011350651,73.0511370627,-0.5503180144716617,73.60145507717165,-0.5,0.5,radial,-0.6859661260736944,0.0,0.5307692307692308,72,2200,258.1331260000752,ok,paired C+N background,not applicable to two-channel CSI,observed,0.006061782321348084,1.0,34.0,0.0007733790862165177,-0.007876564140221306,nan,nan,nan,nan,nan,nan,nan,nan,nan,10.545728255066694,-9.665835969965023,-6.604081113106767,3.061754856858256,-4.07358930599985,17.785203351036802,23.06942554870663,21.915654413448582,0.08754578754578754,516169.51711064833,202038.16838742132,4779428.294346241,924360.8302682571,0.0,1.0,2021.0,5179757.416348501,2020.0,0.003830981641632529,527280.0,13.44971616743564,,,,,,,,,
baseline_v2_mixed_stress_lhs04_s20261154,mixed_stress,lhs_04,20261154,Baseline V2 controlled single-target case,Row complex LS / Wiener [scientific controlled],scientific_controlled,F1/F2 strict,B2_TARGET_mixed_stress_4_20261154,-7.840143011350651,73.0511370627,-0.5503180144716617,73.60145507717165,-0.5,0.5,radial,-0.6859661260736944,0.0,0.5307692307692308,72,2200,226.7022650000854,ok,paired C+N background,not applicable to two-channel CSI,observed,0.006061782321348084,1.0,34.0,0.0007733790862165177,-0.007876564140221306,nan,nan,nan,nan,nan,nan,nan,nan,nan,11.663138173757437,-9.665835969965023,-6.794511991317985,2.8713239786470384,-4.031490874290119,16.296646827752912,22.07747663563311,20.93654224058501,0.0650211327134404,516169.51711064833,204006.15278379075,4779428.294346241,975201.7343606048,1.0,1.0,2535.0,5954476.049507667,2536.0,0.004809588833257473,527280.0,13.44971616743564,,,,,,,,,
baseline_v2_mixed_stress_lhs04_s20261154,mixed_stress,lhs_04,20261154,Baseline V2 controlled single-target case,Row complex LS / Wiener robust IRLS [scientific controlled],scientific_controlled,F1/F2 strict,B2_TARGET_mixed_stress_4_20261154,-7.840143011350651,73.0511370627,-0.5503180144716617,73.60145507717165,-0.5,0.5,radial,-0.6859661260736944,0.0,0.5307692307692308,72,2200,353.53604099987024,ok,paired C+N background,not applicable to two-channel CSI,observed,0.006061782321348084,1.0,34.0,0.0007733790862165177,-0.007876564140221306,nan,nan,nan,nan,nan,nan,72001.95503371187,0.902442035607566,5.0,11.645865792155636,-9.665835969965023,-6.781252231981108,2.884583737983915,-4.008812052329224,16.220196670247734,22.13727258391922,21.000285698151462,0.06408190100497793,516169.51711064833,205074.25761811688,4779428.294346241,977319.0659466869,1.0,1.0,2605.0,5929983.169737761,2606.0,0.004942345622818996,527280.0,13.44971616743564,,,,,,,,,
baseline_v2_mixed_stress_lhs04_s20261154,mixed_stress,lhs_04,20261154,Baseline V2 controlled single-target case,DL-SMI/MVDR global,scientific_controlled,4-channel physical academic reference,B2_TARGET_mixed_stress_4_20261154,-7.840143011350651,73.0511370627,-0.5503180144716617,73.60145507717165,-0.5,0.5,radial,-0.6859661260736944,0.0,0.5307692307692308,72,2200,2623.5289300000204,ok,paired C+N background only,configured beam-center spatial hypothesis; Doppler row used only for temporal/JDL frequency,,,,,,,5998.5756389448725,1.0,11807.49483957002,0.0,8.350135702919392e-17,2.2887833992611187e-16,,,,-0.43396679110621056,-9.752428313444678,-10.730356376097411,-0.9779280626527331,-0.0013378064873966345,24.568501522324446,35.88286203103826,35.10269572766714,0.14813562505870198,525868.5132142052,525706.548926422,4967295.530423148,6219837.305349289,0.0,1.0,2248.0,46316203.13288023,2248.0,0.004263389470490062,527280.0,13.44971616743564,corrected research baseline,global,4086.0,1.0,0.5307692307692308,11416.548393844401,2364.897092000092,4,256
baseline_v2_mixed_stress_lhs04_s20261154,mixed_stress,lhs_04,20261154,Baseline V2 controlled single-target case,DL-SMI/MVDR local,scientific_controlled,4-channel physical academic reference,B2_TARGET_mixed_stress_4_20261154,-7.840143011350651,73.0511370627,-0.5503180144716617,73.60145507717165,-0.5,0.5,radial,-0.6859661260736944,0.0,0.5307692307692308,72,2200,1713.8138360000994,ok,paired C+N background only,configured beam-center spatial hypothesis; Doppler row used only for temporal/JDL frequency,,,,,,,191377.44203197365,1.0,11796.384379955392,0.0,8.162654040486058e-17,2.2810254564618997e-16,,,,-0.03200372156748435,-9.752428313444678,-10.315728290843884,-0.5632999773992058,-0.06395508128832574,24.08882187697718,35.392851195119526,34.69921643341551,0.14303371841833382,525868.5132142052,518181.20875216863,4967295.530423148,5572556.607183878,0.0,1.0,2270.0,40535700.51537877,2270.0,0.004305113032923684,527280.0,13.44971616743564,corrected research baseline,local,487.875,1.0,0.5307692307692308,357123.9949910074,1449.186187000123,4,256
baseline_v2_mixed_stress_lhs04_s20261154,mixed_stress,lhs_04,20261154,Baseline V2 controlled single-target case,Shrinkage-SMI/MVDR global,scientific_controlled,4-channel physical academic reference,B2_TARGET_mixed_stress_4_20261154,-7.840143011350651,73.0511370627,-0.5503180144716617,73.60145507717165,-0.5,0.5,radial,-0.6859661260736944,0.0,0.5307692307692308,72,2200,4158.831267000096,ok,paired C+N background only,configured beam-center spatial hypothesis; Doppler row used only for temporal/JDL frequency,,,,,,,1405.734408321495,1.0,11807.49483957002,0.0029548562876221813,8.028649187444008e-17,2.2591401799415137e-16,,,,-0.30296795562361695,-9.752428313444678,-10.670817288743867,-0.9183889752991892,-0.019014872529980856,24.44271303556567,35.72478320776976,34.968969299381925,0.14701981778904855,525868.5132142052,523571.11712093913,4967295.530423148,6110227.908193922,0.0,1.0,2250.0,44957219.161873765,2251.0,0.004269079047185556,527280.0,13.44971616743564,corrected research baseline,global,4086.0,1.0,0.5307692307692308,2191.4369014376134,3889.608446000011,4,256
baseline_v2_mixed_stress_lhs04_s20261154,mixed_stress,lhs_04,20261154,Baseline V2 controlled single-target case,Shrinkage-SMI/MVDR local,scientific_controlled,4-channel physical academic reference,B2_TARGET_mixed_stress_4_20261154,-7.840143011350651,73.0511370627,-0.5503180144716617,73.60145507717165,-0.5,0.5,radial,-0.6859661260736944,0.0,0.5307692307692308,72,2200,2283.6726009998074,ok,paired C+N background only,configured beam-center spatial hypothesis; Doppler row used only for temporal/JDL frequency,,,,,,,256.17067409594466,1.0,11796.384379955392,0.022037676976985766,7.740608434292002e-17,2.2598307300451364e-16,,,,0.15360578962431493,-9.752428313444678,-10.34183196864672,-0.589403655202041,-0.15561291145069261,24.04275444470423,35.25101687214331,34.501399416627365,0.1432140509063586,525868.5132142052,507359.5935045645,4967295.530423148,5489073.847132051,0.0,1.0,2250.0,37998194.22031093,2250.0,0.004267182521620391,527280.0,13.44971616743564,corrected research baseline,local,487.875,1.0,0.5307692307692308,445.3786135102386,2011.383942999828,4,256
baseline_v2_mixed_stress_lhs04_s20261154,mixed_stress,lhs_04,20261154,Baseline V2 controlled single-target case,Corrected JDL physical,scientific_controlled,4-channel physical academic reference,B2_TARGET_mixed_stress_4_20261154,-7.840143011350651,73.0511370627,-0.5503180144716617,73.60145507717165,-0.5,0.5,radial,-0.6859661260736944,0.0,0.5307692307692308,72,2200,4727.183727000011,ok,paired C+N background only,configured beam-center spatial hypothesis; Doppler row used only for temporal/JDL frequency,,,,,,,3648938.1669899975,4.738942307692308,11807.494839570018,0.0,8.460536887391686e-17,2.2887833992611187e-16,,,,-1.9957220703339085,-9.752428313444678,-11.00810796506958,-1.2556796516249022,1.7533203174625704,25.933446341966025,37.65444492389793,36.73136990084298,0.15225697379543535,525868.5132142052,787425.0009173666,4967295.530423148,9931617.752981072,0.0,1.0,2239.0,65394609.24617485,2239.0,0.004246320740403581,527280.0,13.44971616743564,corrected research baseline,global,4086.0,1.0,0.5307692307692308,17397976.471562974,4275.314627999933,4,256
baseline_v2_mixed_stress_lhs04_s20261154,mixed_stress,lhs_04,20261154,Baseline V2 controlled single-target case,MNEC physical,scientific_controlled,4-channel physical academic reference,B2_TARGET_mixed_stress_4_20261154,-7.840143011350651,73.0511370627,-0.5503180144716617,73.60145507717165,-0.5,0.5,radial,-0.6859661260736944,0.0,0.5307692307692308,72,2200,2846.1662719998913,ok,paired C+N background only,configured beam-center spatial hypothesis; Doppler row used only for temporal/JDL frequency,,,,,,,5998.5756389448725,1.0,11807.49483957002,0.0,7.406902699552793e-17,2.2887833992611187e-16,,,,0.5028844550576649,-9.752428313444678,-10.198822995351948,-0.44639468190726994,-0.5121177453407423,24.123133795970638,34.8609796537645,34.0946395009435,0.15061143984220907,525868.5132142052,467374.9087149581,4967295.530423148,4892689.921880921,0.0,1.0,2170.0,32102175.667038348,2170.0,0.004115460476407222,527280.0,13.44971616743564,corrected research baseline,global,4086.0,1.0,0.5307692307692308,11416.548393844401,2572.5813920000746,4,256
baseline_v2_mixed_stress_lhs04_s20261154,mixed_stress,lhs_04,20261154,Baseline V2 controlled single-target case,SA-MNEC physical [approximate academic reference],scientific_controlled,4-channel physical academic reference,B2_TARGET_mixed_stress_4_20261154,-7.840143011350651,73.0511370627,-0.5503180144716617,73.60145507717165,-0.5,0.5,radial,-0.6859661260736944,0.0,0.5307692307692308,72,2200,8424.391936999882,ok,paired C+N background only,configured beam-center spatial hypothesis; Doppler row used only for temporal/JDL frequency,,,,,,,1457.1838440669817,1.0,2.3661855620035358e-06,0.0,7.553801578005403e-17,2.2887833992611187e-16,,,,0.7754848792817872,-9.75242831344468,-10.26029108997779,-0.5078627765331092,-0.7077559669564157,23.771695759016247,34.557412179357634,33.8128794680382,0.14923264769418615,0.48013096961474283,0.40792857024538587,4.53526377688555,4.3312498032190465,0.0,1.0,2211.0,28.280904962155002,2211.0,0.004193218024578971,527280.0,13.44971616743564,approximate academic reference,global,16344.0,1.0,0.5307692307692308,2519.4316644733917,8135.392535999927,4,256
baseline_v2_mixed_stress_lhs05_s20261155,mixed_stress,lhs_05,20261155,Baseline V2 controlled single-target case,Current legacy CSI [production replay],production_replay,F1/F2 strict,B2_TARGET_mixed_stress_5_20261155,-4.294203974606613,-226.14461303,-2.0865819484969843,-224.058031081503,-0.5,0.5,radial,2.123547289885219,0.0,0.8461538461538461,42,2200,247.62443700001313,ok,target-observation P38,not applicable to two-channel CSI,observed,0.007432351767643955,1.0,34.0,0.0008849534322143555,-0.006428995680588583,nan,nan,nan,nan,nan,nan,nan,nan,nan,18.047206529855437,14.591301329812163,16.676634733360103,2.0853334035479403,4.09328156911621,9.776157313070406,14.898972798833693,13.915604773484425,0.009598948060486522,1414839.8625039458,3631076.8804516937,49156.07004412294,78049.83170482882,1.0,1.0,2683.0,52955336.66934958,2679.0,0.005080791989076012,527280.0,13.44971616743564,,,,,,,,,
baseline_v2_mixed_stress_lhs05_s20261155,mixed_stress,lhs_05,20261155,Baseline V2 controlled single-target case,Phase-only CSI [production replay],production_replay,F1/F2 strict,B2_TARGET_mixed_stress_5_20261155,-4.294203974606613,-226.14461303,-2.0865819484969843,-224.058031081503,-0.5,0.5,radial,2.123547289885219,0.0,0.8461538461538461,42,2200,243.3336619999409,ok,target-observation P38,not applicable to two-channel CSI,observed,0.007432351767643955,1.0,34.0,0.0008849534322143555,-0.006428995680588583,nan,nan,nan,nan,nan,nan,nan,nan,nan,13.831186542966577,14.591301329812163,12.347646796703412,-2.243654533108751,4.702080226383207,14.355485337543016,19.75669165494708,18.64638345664794,0.04298487836949375,1414839.8625039458,4177488.9520365507,49156.07004412294,243304.77390350544,1.0,1.0,2390.0,55543120.597305305,2385.0,0.004523213472917615,527280.0,13.44971616743564,,,,,,,,,
baseline_v2_mixed_stress_lhs05_s20261155,mixed_stress,lhs_05,20261155,Baseline V2 controlled single-target case,Current legacy CSI [scientific controlled],scientific_controlled,F1/F2 strict,B2_TARGET_mixed_stress_5_20261155,-4.294203974606613,-226.14461303,-2.0865819484969843,-224.058031081503,-0.5,0.5,radial,2.123547289885219,0.0,0.8461538461538461,42,2200,258.2222210000964,ok,paired C+N background,not applicable to two-channel CSI,observed,0.007413276063249953,1.0,34.0,0.0008848464505805845,-0.006464419696724745,nan,nan,nan,nan,nan,nan,nan,nan,nan,18.047223901908986,14.591301329812163,16.67685297398335,2.085551644171188,4.093487291308864,9.775968755631428,14.89886788748969,13.915582530357856,0.009598948060486522,1414839.8625039458,3631248.8860426485,49156.07004412294,78049.60672845137,1.0,1.0,2684.0,52957718.39031626,2680.0,0.005082688514641177,527280.0,13.44971616743564,,,,,,,,,
baseline_v2_mixed_stress_lhs05_s20261155,mixed_stress,lhs_05,20261155,Baseline V2 controlled single-target case,Phase-only CSI [scientific controlled],scientific_controlled,F1/F2 strict,B2_TARGET_mixed_stress_5_20261155,-4.294203974606613,-226.14461303,-2.0865819484969843,-224.058031081503,-0.5,0.5,radial,2.123547289885219,0.0,0.8461538461538461,42,2200,259.32393300013246,ok,paired C+N background,not applicable to two-channel CSI,observed,0.007413276063249953,1.0,34.0,0.0008848464505805845,-0.006464419696724745,nan,nan,nan,nan,nan,nan,nan,nan,nan,13.831191144165679,14.591301329812163,12.34784887402833,-2.2434524557838333,4.702284682054524,14.35464779612136,19.756649909494406,18.646377431035106,0.042988635296327606,1414839.8625039458,4177685.6230625007,49156.07004412294,243304.90714562926,1.0,1.0,2391.0,55545616.817729436,2386.0,0.004525109998482779,527280.0,13.44971616743564,,,,,,,,,
baseline_v2_mixed_stress_lhs05_s20261155,mixed_stress,lhs_05,20261155,Baseline V2 controlled single-target case,Row complex LS / Wiener [scientific controlled],scientific_controlled,F1/F2 strict,B2_TARGET_mixed_stress_5_20261155,-4.294203974606613,-226.14461303,-2.0865819484969843,-224.058031081503,-0.5,0.5,radial,2.123547289885219,0.0,0.8461538461538461,42,2200,252.3477689999254,ok,paired C+N background,not applicable to two-channel CSI,observed,0.007413276063249953,1.0,34.0,0.0008848464505805845,-0.006464419696724745,nan,nan,nan,nan,nan,nan,nan,nan,nan,15.817717817263855,14.591301329812163,14.422996098889486,-0.16830523092267669,0.2872294409988155,12.276879344514303,17.206254398374618,16.152084415480257,0.022389405466328543,1414839.8625039458,1511576.8481090497,49156.07004412294,54592.20319061887,1.0,1.0,2514.0,21811062.067471556,2515.0,0.0047697617963890155,527280.0,13.44971616743564,,,,,,,,,
baseline_v2_mixed_stress_lhs05_s20261155,mixed_stress,lhs_05,20261155,Baseline V2 controlled single-target case,Row complex LS / Wiener robust IRLS [scientific controlled],scientific_controlled,F1/F2 strict,B2_TARGET_mixed_stress_5_20261155,-4.294203974606613,-226.14461303,-2.0865819484969843,-224.058031081503,-0.5,0.5,radial,2.123547289885219,0.0,0.8461538461538461,42,2200,359.0499270001146,ok,paired C+N background,not applicable to two-channel CSI,observed,0.007413276063249953,1.0,34.0,0.0008848464505805845,-0.006464419696724745,nan,nan,nan,nan,nan,nan,70712.07100888647,0.932116741306648,5.0,15.814924653137002,14.591301329812163,14.384756831698589,-0.20654449811357445,0.36437638691693225,12.275564042274045,17.219077592925746,16.168609853372786,0.022498356344510192,1414839.8625039458,1538668.0152366452,49156.07004412294,56062.08465985608,1.0,1.0,2536.0,22228623.35676353,2536.0,0.004809588833257473,527280.0,13.44971616743564,,,,,,,,,
baseline_v2_mixed_stress_lhs05_s20261155,mixed_stress,lhs_05,20261155,Baseline V2 controlled single-target case,DL-SMI/MVDR global,scientific_controlled,4-channel physical academic reference,B2_TARGET_mixed_stress_5_20261155,-4.294203974606613,-226.14461303,-2.0865819484969843,-224.058031081503,-0.5,0.5,radial,2.123547289885219,0.0,0.8461538461538461,42,2200,2294.385363999936,ok,paired C+N background only,configured beam-center spatial hypothesis; Doppler row used only for temporal/JDL frequency,,,,,,,3431.656680935831,1.0,15289.598840407127,0.0,8.236296216911582e-17,2.2887833992611187e-16,,,,-0.592824163035402,17.742401431763838,17.8984694946297,0.15606806286586306,-0.01524755488663125,24.787566849530698,36.0216680939464,35.48431342381234,0.15032779186625342,1431224.3695160467,1426208.3240799978,24069.52829318099,23138.5434703575,0.0,1.0,2189.0,18748696.943076,2189.0,0.00415149446214535,527280.0,13.44971616743564,corrected research baseline,global,4086.0,1.0,0.8461538461538461,5687.647929851451,2037.863041000037,4,256
baseline_v2_mixed_stress_lhs05_s20261155,mixed_stress,lhs_05,20261155,Baseline V2 controlled single-target case,DL-SMI/MVDR local,scientific_controlled,4-channel physical academic reference,B2_TARGET_mixed_stress_5_20261155,-4.294203974606613,-226.14461303,-2.0865819484969843,-224.058031081503,-0.5,0.5,radial,2.123547289885219,0.0,0.8461538461538461,42,2200,1349.4717999999466,ok,paired C+N background only,configured beam-center spatial hypothesis; Doppler row used only for temporal/JDL frequency,,,,,,,110911.42019316462,1.0,15249.803409075294,0.0,8.411829552045857e-17,2.2729511820139823e-16,,,,-0.015282748599229241,17.742401431763838,17.855937261075777,0.11353582931193884,-0.014636626870904949,24.10018156991348,35.368114409463054,34.9078306661203,0.14234995773457312,1431224.3695160467,1426408.9648767053,24069.52829318099,23369.54912848774,0.0,1.0,2217.0,18710570.848572113,2217.0,0.004204597177969959,527280.0,13.44971616743564,corrected research baseline,local,487.875,1.0,0.8461538461538461,190217.36623316412,1092.6371099999415,4,256
baseline_v2_mixed_stress_lhs05_s20261155,mixed_stress,lhs_05,20261155,Baseline V2 controlled single-target case,Shrinkage-SMI/MVDR global,scientific_controlled,4-channel physical academic reference,B2_TARGET_mixed_stress_5_20261155,-4.294203974606613,-226.14461303,-2.0865819484969843,-224.058031081503,-0.5,0.5,radial,2.123547289885219,0.0,0.8461538461538461,42,2200,4591.093297999805,ok,paired C+N background only,configured beam-center spatial hypothesis; Doppler row used only for temporal/JDL frequency,,,,,,,1070.147746687203,1.0,15289.598840407127,0.0035663144287519447,8.039075132183031e-17,2.2887833992611187e-16,,,,-0.4772546291420588,17.742401431763838,17.916344991874467,0.1739435601106294,-0.0158198133919973,24.6800043644675,35.901335226029914,35.36664244711582,0.14928148774302621,1431224.3695160467,1426020.408711827,24069.52829318099,23040.465112734437,0.0,1.0,2185.0,18762350.56318099,2185.0,0.0041439083598846915,527280.0,13.44971616743564,corrected research baseline,global,4086.0,1.0,0.8461538461538461,1755.5293260243188,4309.142592999933,4,256
baseline_v2_mixed_stress_lhs05_s20261155,mixed_stress,lhs_05,20261155,Baseline V2 controlled single-target case,Shrinkage-SMI/MVDR local,scientific_controlled,4-channel physical academic reference,B2_TARGET_mixed_stress_5_20261155,-4.294203974606613,-226.14461303,-2.0865819484969843,-224.058031081503,-0.5,0.5,radial,2.123547289885219,0.0,0.8461538461538461,42,2200,1599.467490999814,ok,paired C+N background only,configured beam-center spatial hypothesis; Doppler row used only for temporal/JDL frequency,,,,,,,214.28988640578476,1.0,15249.803409075294,0.025393876601951738,7.447074719618361e-17,2.2530044628618934e-16,,,,-0.16975123403960665,17.742401431763838,17.919648676749382,0.17724724498554423,-0.01694810405436016,24.322324920916625,35.52936761704131,35.057156340321384,0.14560157790927022,1431224.3695160467,1425649.9788322893,24069.52829318099,23016.96430955823,0.0,1.0,2205.0,18783728.05562882,2204.0,0.004179942345622819,527280.0,13.44971616743564,corrected research baseline,local,487.875,1.0,0.8461538461538461,396.1255696226718,1342.0062130001043,4,256
baseline_v2_mixed_stress_lhs05_s20261155,mixed_stress,lhs_05,20261155,Baseline V2 controlled single-target case,Corrected JDL physical,scientific_controlled,4-channel physical academic reference,B2_TARGET_mixed_stress_5_20261155,-4.294203974606613,-226.14461303,-2.0865819484969843,-224.058031081503,-0.5,0.5,radial,2.123547289885219,0.0,0.8461538461538461,42,2200,4549.181781000016,ok,paired C+N background only,configured beam-center spatial hypothesis; Doppler row used only for temporal/JDL frequency,,,,,,,4470219.10536105,4.500480769230769,15289.598840407132,0.0,8.608122952751993e-17,2.2887833992611187e-16,,,,-2.125831533036332,17.742401431763838,29.925230887345368,12.18282945558153,2.6682508198744874,26.1450460764688,37.73411150724587,37.074912977027545,0.15637080867850098,1431224.3695160467,2645652.526089532,24069.52829318099,2691.5950170698516,0.0,1.0,2194.0,35556849.14487537,2194.0,0.004160977089971173,527280.0,13.44971616743564,corrected research baseline,global,4086.0,1.0,0.8461538461538461,24668344.255641982,4116.493116999891,4,256
baseline_v2_mixed_stress_lhs05_s20261155,mixed_stress,lhs_05,20261155,Baseline V2 controlled single-target case,MNEC physical,scientific_controlled,4-channel physical academic reference,B2_TARGET_mixed_stress_5_20261155,-4.294203974606613,-226.14461303,-2.0865819484969843,-224.058031081503,-0.5,0.5,radial,2.123547289885219,0.0,0.8461538461538461,42,2200,2686.9555349999246,ok,paired C+N background only,configured beam-center spatial hypothesis; Doppler row used only for temporal/JDL frequency,,,,,,,3431.656680935831,1.0,15289.598840407127,0.0,7.412097560144644e-17,2.2887833992611187e-16,,,,-0.3028167407169491,17.742401431763838,17.70860046235269,-0.03380096941114985,-0.11288103530276968,24.610538540308955,35.722120131004836,35.17561907777331,0.1515469146238377,1431224.3695160467,1394503.532825137,24069.52829318099,23635.215835290845,0.0,1.0,2209.0,18881080.767721903,2208.0,0.004187528447883477,527280.0,13.44971616743564,corrected research baseline,global,4086.0,1.0,0.8461538461538461,5687.647929851451,2464.3299399999705,4,256
baseline_v2_mixed_stress_lhs05_s20261155,mixed_stress,lhs_05,20261155,Baseline V2 controlled single-target case,SA-MNEC physical [approximate academic reference],scientific_controlled,4-channel physical academic reference,B2_TARGET_mixed_stress_5_20261155,-4.294203974606613,-226.14461303,-2.0865819484969843,-224.058031081503,-0.5,0.5,radial,2.123547289885219,0.0,0.8461538461538461,42,2200,7547.074450000082,ok,paired C+N background only,configured beam-center spatial hypothesis; Doppler row used only for temporal/JDL frequency,,,,,,,882.4640289237217,1.0,2.369853899374179e-06,0.0,7.33864300689384e-17,2.2591401799415137e-16,,,,0.0780641875211384,17.742401431763838,12.568968480634307,-5.173432951129531,-0.42704281093026203,24.193956793783343,35.317964116551714,34.77573451329607,0.15117873579412042,1.053953702949799,0.9552504543768698,0.017724801934046887,0.05287135063217042,0.0,1.0,2394.0,12.59570809279641,2394.0,0.004540282203004097,527280.0,13.44971616743564,approximate academic reference,global,16344.0,1.0,0.8461538461538461,1234.4693215896602,7282.839029000115,4,256
baseline_v2_mixed_stress_lhs06_s20261156,mixed_stress,lhs_06,20261156,Baseline V2 controlled single-target case,Current legacy CSI [production replay],production_replay,F1/F2 strict,B2_TARGET_mixed_stress_6_20261156,9.381017452600123,-63.484755392,-2.1747694961872557,-61.309985895812744,-0.5,0.5,radial,0.5961357135836574,0.0,0.46153846153846156,59,2200,247.47422100017502,ok,target-observation P38,not applicable to two-channel CSI,observed,0.009884557587452837,1.0,34.0,0.0009813803968634657,-0.006971089607185765,nan,nan,nan,nan,nan,nan,nan,nan,nan,16.029486608543312,5.793924469485033,13.241309273805278,7.4473848043202455,-7.521371680270795,11.982365084012576,17.839780854818358,16.818702805653803,0.023886540809617732,44529718.46575379,7879756.21318148,11728905.91136302,373578.48277137993,1.0,1.0,2785.0,92133554.89114325,2781.0,0.005274237596722804,527280.0,13.44971616743564,,,,,,,,,
baseline_v2_mixed_stress_lhs06_s20261156,mixed_stress,lhs_06,20261156,Baseline V2 controlled single-target case,Phase-only CSI [production replay],production_replay,F1/F2 strict,B2_TARGET_mixed_stress_6_20261156,9.381017452600123,-63.484755392,-2.1747694961872557,-61.309985895812744,-0.5,0.5,radial,0.5961357135836574,0.0,0.46153846153846156,59,2200,237.68258599989167,ok,target-observation P38,not applicable to two-channel CSI,observed,0.009884557587452837,1.0,34.0,0.0009813803968634657,-0.006971089607185765,nan,nan,nan,nan,nan,nan,nan,nan,nan,10.016211435595206,5.793924469485033,10.41510613303558,4.621181663550548,-5.580276026616509,18.07369285262917,24.141873619107848,23.441228151684633,0.08875927491312106,44529718.46575379,12320330.174144892,11728905.91136302,1119725.924628909,1.0,1.0,2349.0,147251808.34992632,2357.0,0.004470110757093006,527280.0,13.44971616743564,,,,,,,,,
baseline_v2_mixed_stress_lhs06_s20261156,mixed_stress,lhs_06,20261156,Baseline V2 controlled single-target case,Current legacy CSI [scientific controlled],scientific_controlled,F1/F2 strict,B2_TARGET_mixed_stress_6_20261156,9.381017452600123,-63.484755392,-2.1747694961872557,-61.309985895812744,-0.5,0.5,radial,0.5961357135836574,0.0,0.46153846153846156,59,2200,240.48723700002483,ok,paired C+N background,not applicable to two-channel CSI,observed,0.009836001433402502,1.0,34.0,0.000976329533083691,-0.006648141892439776,nan,nan,nan,nan,nan,nan,nan,nan,nan,16.029444937319106,5.793924469485033,13.233889626715438,7.4399651572304055,-7.502310844241374,11.981444481601756,17.839572933858953,16.819064493636947,0.02389405466328543,44529718.46575379,7914415.833888628,11728905.91136302,375863.2825279437,1.0,1.0,2786.0,92610456.67604731,2782.0,0.005276134122287969,527280.0,13.44971616743564,,,,,,,,,
baseline_v2_mixed_stress_lhs06_s20261156,mixed_stress,lhs_06,20261156,Baseline V2 controlled single-target case,Phase-only CSI [scientific controlled],scientific_controlled,F1/F2 strict,B2_TARGET_mixed_stress_6_20261156,9.381017452600123,-63.484755392,-2.1747694961872557,-61.309985895812744,-0.5,0.5,radial,0.5961357135836574,0.0,0.46153846153846156,59,2200,242.7722999998423,ok,paired C+N background,not applicable to two-channel CSI,observed,0.009836001433402502,1.0,34.0,0.000976329533083691,-0.006648141892439776,nan,nan,nan,nan,nan,nan,nan,nan,nan,10.016112282686883,5.793924469485033,10.41996748777228,4.6260430182872465,-5.563933998573365,18.073727500094925,24.14251912274748,23.441255464063712,0.08876491030337184,44529718.46575379,12366777.567306938,11728905.91136302,1122689.8614433948,1.0,1.0,2350.0,147857520.37060913,2358.0,0.00447200728265817,527280.0,13.44971616743564,,,,,,,,,
baseline_v2_mixed_stress_lhs06_s20261156,mixed_stress,lhs_06,20261156,Baseline V2 controlled single-target case,Row complex LS / Wiener [scientific controlled],scientific_controlled,F1/F2 strict,B2_TARGET_mixed_stress_6_20261156,9.381017452600123,-63.484755392,-2.1747694961872557,-61.309985895812744,-0.5,0.5,radial,0.5961357135836574,0.0,0.46153846153846156,59,2200,234.9628010001652,ok,paired C+N background,not applicable to two-channel CSI,observed,0.009836001433402502,1.0,34.0,0.000976329533083691,-0.006648141892439776,nan,nan,nan,nan,nan,nan,nan,nan,nan,12.015651913989876,5.793924469485033,11.070489786181861,5.2765653166968285,-5.426548805128517,16.50967842792767,22.164846732517365,21.070192433517953,0.06805860805860806,44529718.46575379,12764243.157004349,11728905.91136302,997576.2251708923,1.0,1.0,2326.0,141812260.75708523,2327.0,0.004413214990138067,527280.0,13.44971616743564,,,,,,,,,
baseline_v2_mixed_stress_lhs06_s20261156,mixed_stress,lhs_06,20261156,Baseline V2 controlled single-target case,Row complex LS / Wiener robust IRLS [scientific controlled],scientific_controlled,F1/F2 strict,B2_TARGET_mixed_stress_6_20261156,9.381017452600123,-63.484755392,-2.1747694961872557,-61.309985895812744,-0.5,0.5,radial,0.5961357135836574,0.0,0.46153846153846156,59,2200,437.71124099998815,ok,paired C+N background,not applicable to two-channel CSI,observed,0.009836001433402502,1.0,34.0,0.000976329533083691,-0.006648141892439776,nan,nan,nan,nan,nan,nan,67128.52521736658,0.881348981842498,5.0,12.007733722161625,5.793924469485033,11.070969985771962,5.277045516286929,-5.377221379023432,16.482852502964867,22.19587868711196,21.097869949377355,0.06761904761904762,44529718.46575379,12910046.646473475,11728905.91136302,1008859.7902869876,1.0,1.0,2358.0,144059842.12876034,2357.0,0.004470110757093006,527280.0,13.44971616743564,,,,,,,,,
baseline_v2_mixed_stress_lhs06_s20261156,mixed_stress,lhs_06,20261156,Baseline V2 controlled single-target case,DL-SMI/MVDR global,scientific_controlled,4-channel physical academic reference,B2_TARGET_mixed_stress_6_20261156,9.381017452600123,-63.484755392,-2.1747694961872557,-61.309985895812744,-0.5,0.5,radial,0.5961357135836574,0.0,0.46153846153846156,59,2200,2942.429061999974,ok,paired C+N background only,configured beam-center spatial hypothesis; Doppler row used only for temporal/JDL frequency,,,,,,,4623.175970453189,1.0,16897.703807010203,0.0,8.180646624908411e-17,2.2591401799415137e-16,,,,-0.1331595575461066,5.444365657106508,5.400702560529731,-0.04366309657677725,-0.3987382270559208,24.405731733566675,35.532032198336616,35.248732018529665,0.1472865595942519,44892444.04667092,40954292.460086286,12815533.32585425,11809436.390876627,1.0,1.0,2074.0,631207321.1203938,2075.0,0.003935290547716583,527280.0,13.44971616743564,corrected research baseline,global,4086.0,1.0,0.46153846153846156,8864.975930255585,2686.1511339998287,4,256
baseline_v2_mixed_stress_lhs06_s20261156,mixed_stress,lhs_06,20261156,Baseline V2 controlled single-target case,DL-SMI/MVDR local,scientific_controlled,4-channel physical academic reference,B2_TARGET_mixed_stress_6_20261156,9.381017452600123,-63.484755392,-2.1747694961872557,-61.309985895812744,-0.5,0.5,radial,0.5961357135836574,0.0,0.46153846153846156,59,2200,1220.329768000056,ok,paired C+N background only,configured beam-center spatial hypothesis; Doppler row used only for temporal/JDL frequency,,,,,,,175515.07163524552,1.0,16898.498820397715,0.0,8.002657680187748e-17,2.259472700557805e-16,,,,0.24353232913316328,5.444365657106508,6.256410753958569,0.8120450968520609,-0.28031385078025906,23.966254381685054,35.09597191173755,34.87240665195322,0.1420174697097774,44892444.04667092,42086408.37570824,12815533.32585425,9965538.918739716,1.0,1.0,2090.0,653041416.9165243,2091.0,0.003965634956759217,527280.0,13.44971616743564,corrected research baseline,local,487.875,1.0,0.46153846153846156,352824.1943670885,963.6655550000341,4,256
baseline_v2_mixed_stress_lhs06_s20261156,mixed_stress,lhs_06,20261156,Baseline V2 controlled single-target case,Shrinkage-SMI/MVDR global,scientific_controlled,4-channel physical academic reference,B2_TARGET_mixed_stress_6_20261156,9.381017452600123,-63.484755392,-2.1747694961872557,-61.309985895812744,-0.5,0.5,radial,0.5961357135836574,0.0,0.46153846153846156,59,2200,4561.6242450000755,ok,paired C+N background only,configured beam-center spatial hypothesis; Doppler row used only for temporal/JDL frequency,,,,,,,1005.5025841735783,1.0,16897.703807010203,0.004690480786566737,8.076518432972171e-17,2.2887833992611187e-16,,,,0.16149259480920375,5.444365657106508,5.770075183453072,0.32570952634656347,-0.6853913755719454,24.17215869923471,35.22101255748333,34.94671124675143,0.14498168498168498,44892444.04667092,38338411.31935696,12815533.32585425,10153752.989793124,1.0,1.0,2078.0,602624724.4831804,2078.0,0.003940980124412077,527280.0,13.44971616743564,corrected research baseline,global,4086.0,1.0,0.46153846153846156,1776.648638408559,4305.591778000007,4,256
baseline_v2_mixed_stress_lhs06_s20261156,mixed_stress,lhs_06,20261156,Baseline V2 controlled single-target case,Shrinkage-SMI/MVDR local,scientific_controlled,4-channel physical academic reference,B2_TARGET_mixed_stress_6_20261156,9.381017452600123,-63.484755392,-2.1747694961872557,-61.309985895812744,-0.5,0.5,radial,0.5961357135836574,0.0,0.46153846153846156,59,2200,1941.269094999825,ok,paired C+N background only,configured beam-center spatial hypothesis; Doppler row used only for temporal/JDL frequency,,,,,,,195.4090229734093,1.0,16898.498820397715,0.030160705920229867,7.703116516664588e-17,2.2591401799415137e-16,,,,0.6666262370042498,5.444365657106508,6.303982893649812,0.8596172365433041,-1.0087651911092683,23.72862960987304,34.71563574804847,34.42893344288581,0.14094862402554711,44892444.04667092,35587438.60472026,12815533.32585425,8334862.535870117,1.0,1.0,2077.0,562912091.8108974,2077.0,0.0039390835988469125,527280.0,13.44971616743564,corrected research baseline,local,487.875,1.0,0.46153846153846156,379.9600791567844,1659.9660370000038,4,256
baseline_v2_mixed_stress_lhs06_s20261156,mixed_stress,lhs_06,20261156,Baseline V2 controlled single-target case,Corrected JDL physical,scientific_controlled,4-channel physical academic reference,B2_TARGET_mixed_stress_6_20261156,9.381017452600123,-63.484755392,-2.1747694961872557,-61.309985895812744,-0.5,0.5,radial,0.5961357135836574,0.0,0.46153846153846156,59,2200,4510.847313000113,ok,paired C+N background only,configured beam-center spatial hypothesis; Doppler row used only for temporal/JDL frequency,,,,,,,4813533.486887977,4.569711538461538,16897.703807010206,0.0,8.140705578835023e-17,2.2887833992611187e-16,,,,-1.7299834228415367,5.444365657106508,5.552452288462863,0.10808663135635488,1.0126771472112568,25.79128658383324,37.318108931084694,36.913142209319474,0.15060392598854136,44892444.04667092,56681451.709262,12815533.32585425,15783224.570841493,1.0,1.0,2067.0,873802343.9968011,2072.0,0.003929600971021089,527280.0,13.44971616743564,corrected research baseline,global,4086.0,1.0,0.46153846153846156,26327537.48443775,4123.772082000187,4,256
baseline_v2_mixed_stress_lhs06_s20261156,mixed_stress,lhs_06,20261156,Baseline V2 controlled single-target case,MNEC physical,scientific_controlled,4-channel physical academic reference,B2_TARGET_mixed_stress_6_20261156,9.381017452600123,-63.484755392,-2.1747694961872557,-61.309985895812744,-0.5,0.5,radial,0.5961357135836574,0.0,0.46153846153846156,59,2200,2335.5383690000053,ok,paired C+N background only,configured beam-center spatial hypothesis; Doppler row used only for temporal/JDL frequency,,,,,,,4623.175970453189,1.0,16897.703807010203,0.0,7.37259042377693e-17,2.2887833992611187e-16,,,,1.0834968514297885,5.444365657106508,5.734597160457879,0.2902315033513707,-1.830143892267799,23.59065314745358,34.2303911521957,33.97077336857869,0.14406687329764253,44892444.04667092,29454988.72279333,12815533.32585425,7865007.566145338,1.0,1.0,2046.0,469259540.06495994,2046.0,0.003880291306326809,527280.0,13.44971616743564,corrected research baseline,global,4086.0,1.0,0.46153846153846156,8864.975930255585,2089.0325440000197,4,256
baseline_v2_mixed_stress_lhs06_s20261156,mixed_stress,lhs_06,20261156,Baseline V2 controlled single-target case,SA-MNEC physical [approximate academic reference],scientific_controlled,4-channel physical academic reference,B2_TARGET_mixed_stress_6_20261156,9.381017452600123,-63.484755392,-2.1747694961872557,-61.309985895812744,-0.5,0.5,radial,0.5961357135836574,0.0,0.46153846153846156,59,2200,8123.3854809997865,ok,paired C+N background only,configured beam-center spatial hypothesis; Doppler row used only for temporal/JDL frequency,,,,,,,1900.071930548182,1.0,2.3674339344248523e-06,0.0,7.215837410790619e-17,2.2887833992611187e-16,,,,0.7490336764530434,5.444365657106509,5.789908566716817,0.345542909610308,-1.4288053307987987,23.99086366743247,34.53045749897649,34.28930868621919,0.1530064806987884,24.993516767185383,17.98650719225817,7.134947848398865,4.7419391756091835,1.0,1.0,2240.0,287.6452192885276,2237.0,0.004242527689273252,527280.0,13.44971616743564,approximate academic reference,global,16344.0,1.0,0.46153846153846156,3308.584246814727,7904.160422000132,4,256
baseline_v2_mixed_stress_lhs07_s20261157,mixed_stress,lhs_07,20261157,Baseline V2 controlled single-target case,Current legacy CSI [production replay],production_replay,F1/F2 strict,B2_TARGET_mixed_stress_7_20261157,-0.7434389831345367,215.464699716,0.6635257095652378,214.80117400643476,-0.5,0.5,radial,-2.023260572155544,0.0,0.8307692307692308,87,2200,193.88408000008894,ok,target-observation P38,not applicable to two-channel CSI,observed,0.0038223625853381665,1.0,34.0,0.0008084399398564751,-0.0005146563973651317,nan,nan,nan,nan,nan,nan,nan,nan,nan,19.15067887751573,13.304561592142495,17.411624500156922,4.107062908014427,3.6817658473749577,8.391364504500787,13.065974679417906,12.080232379251344,0.004367427444350521,2127104.26082037,4965527.166536319,99387.69494514937,90116.20872547805,1.0,1.0,2208.0,65907976.39956953,2201.0,0.004174252768927325,527280.0,13.44971616743564,,,,,,,,,
baseline_v2_mixed_stress_lhs07_s20261157,mixed_stress,lhs_07,20261157,Baseline V2 controlled single-target case,Phase-only CSI [production replay],production_replay,F1/F2 strict,B2_TARGET_mixed_stress_7_20261157,-0.7434389831345367,215.464699716,0.6635257095652378,214.80117400643476,-0.5,0.5,radial,-2.023260572155544,0.0,0.8307692307692308,87,2200,190.40519000009226,ok,target-observation P38,not applicable to two-channel CSI,observed,0.0038223625853381665,1.0,34.0,0.0008084399398564751,-0.0005146563973651317,nan,nan,nan,nan,nan,nan,nan,nan,nan,16.10096230909197,13.304561592142495,15.355747844183812,2.051186252041317,4.244493176611525,11.64947409188594,16.67747448896645,15.491303482154752,0.01894242509627125,2127104.26082037,5652467.776353371,99387.69494514937,164688.51395821347,1.0,1.0,2170.0,70987033.77176142,2163.0,0.00410218479745107,527280.0,13.44971616743564,,,,,,,,,
baseline_v2_mixed_stress_lhs07_s20261157,mixed_stress,lhs_07,20261157,Baseline V2 controlled single-target case,Current legacy CSI [scientific controlled],scientific_controlled,F1/F2 strict,B2_TARGET_mixed_stress_7_20261157,-0.7434389831345367,215.464699716,0.6635257095652378,214.80117400643476,-0.5,0.5,radial,-2.023260572155544,0.0,0.8307692307692308,87,2200,193.84728499994708,ok,paired C+N background,not applicable to two-channel CSI,observed,0.0037967313521873425,1.0,34.0,0.0008081504377944162,-0.00048291795672219737,nan,nan,nan,nan,nan,nan,nan,nan,nan,19.150701749047983,13.304561592142495,17.41212485931268,4.107563267170185,3.682191126809294,8.391048247483159,13.065387555153798,12.080229440017494,0.004365548980933596,2127104.26082037,4966013.435662686,99387.69494514937,90114.65083293155,1.0,1.0,2210.0,65914074.03102837,2203.0,0.004178045820057655,527280.0,13.44971616743564,,,,,,,,,
baseline_v2_mixed_stress_lhs07_s20261157,mixed_stress,lhs_07,20261157,Baseline V2 controlled single-target case,Phase-only CSI [scientific controlled],scientific_controlled,F1/F2 strict,B2_TARGET_mixed_stress_7_20261157,-0.7434389831345367,215.464699716,0.6635257095652378,214.80117400643476,-0.5,0.5,radial,-2.023260572155544,0.0,0.8307692307692308,87,2200,259.2681809999249,ok,paired C+N background,not applicable to two-channel CSI,observed,0.0037967313521873425,1.0,34.0,0.0008081504377944162,-0.00048291795672219737,nan,nan,nan,nan,nan,nan,nan,nan,nan,16.100970877754996,13.304561592142495,15.35620686468205,2.051645272539556,4.244931761856067,11.649345375126343,16.67675316238158,15.491309606823085,0.018940546632854324,2127104.26082037,5653038.636506695,99387.69494514937,164687.73903617644,1.0,1.0,2170.0,70993589.19084348,2163.0,0.00410218479745107,527280.0,13.44971616743564,,,,,,,,,
baseline_v2_mixed_stress_lhs07_s20261157,mixed_stress,lhs_07,20261157,Baseline V2 controlled single-target case,Row complex LS / Wiener [scientific controlled],scientific_controlled,F1/F2 strict,B2_TARGET_mixed_stress_7_20261157,-0.7434389831345367,215.464699716,0.6635257095652378,214.80117400643476,-0.5,0.5,radial,-2.023260572155544,0.0,0.8307692307692308,87,2200,222.9173420000734,ok,paired C+N background,not applicable to two-channel CSI,observed,0.0037967313521873425,1.0,34.0,0.0008081504377944162,-0.00048291795672219737,nan,nan,nan,nan,nan,nan,nan,nan,nan,16.840079254869025,13.304561592142495,15.698784254518571,2.3942226623760767,1.2090358377644188,10.773669445784329,15.78474125315336,14.60655288890559,0.013425378040762655,2127104.26082037,2809909.685649948,99387.69494514937,75650.87156718849,1.0,1.0,2100.0,35819519.8765859,2094.0,0.003971324533454711,527280.0,13.44971616743564,,,,,,,,,
baseline_v2_mixed_stress_lhs07_s20261157,mixed_stress,lhs_07,20261157,Baseline V2 controlled single-target case,Row complex LS / Wiener robust IRLS [scientific controlled],scientific_controlled,F1/F2 strict,B2_TARGET_mixed_stress_7_20261157,-0.7434389831345367,215.464699716,0.6635257095652378,214.80117400643476,-0.5,0.5,radial,-2.023260572155544,0.0,0.8307692307692308,87,2200,274.46558499991625,ok,paired C+N background,not applicable to two-channel CSI,observed,0.0037967313521873425,1.0,34.0,0.0008081504377944162,-0.00048291795672219737,nan,nan,nan,nan,nan,nan,73454.38530080576,0.9332554714276916,5.0,16.836157360709926,13.304561592142495,15.766042419960183,2.461480827817688,1.3340700690730318,10.775237357531234,15.812898230772605,14.633834588145673,0.013541842772612004,2127104.26082037,2891983.324507253,99387.69494514937,76664.0118808534,1.0,1.0,2115.0,36823437.18626481,2109.0,0.00399977241693218,527280.0,13.44971616743564,,,,,,,,,
baseline_v2_mixed_stress_lhs07_s20261157,mixed_stress,lhs_07,20261157,Baseline V2 controlled single-target case,DL-SMI/MVDR global,scientific_controlled,4-channel physical academic reference,B2_TARGET_mixed_stress_7_20261157,-0.7434389831345367,215.464699716,0.6635257095652378,214.80117400643476,-0.5,0.5,radial,-2.023260572155544,0.0,0.8307692307692308,87,2200,1471.8746260000444,ok,paired C+N background only,configured beam-center spatial hypothesis; Doppler row used only for temporal/JDL frequency,,,,,,,2746.0087581178605,1.0,9853.64785525802,0.0,8.334591664168781e-17,2.2887833992611187e-16,,,,-0.6602177993061643,21.631124155286223,21.569203536814165,-0.06192061847205821,-0.010808221158327237,24.728718540532032,35.99832293258423,35.116124032068484,0.15000845308537616,2135348.043762615,2130040.442559611,14667.505371944631,14841.147988725847,0.0,1.0,2225.0,23588015.41817664,2224.0,0.004217872856926112,527280.0,13.44971616743564,corrected research baseline,global,4086.0,1.0,0.8307692307692308,6300.852905705916,1246.1758489998829,4,256
baseline_v2_mixed_stress_lhs07_s20261157,mixed_stress,lhs_07,20261157,Baseline V2 controlled single-target case,DL-SMI/MVDR local,scientific_controlled,4-channel physical academic reference,B2_TARGET_mixed_stress_7_20261157,-0.7434389831345367,215.464699716,0.6635257095652378,214.80117400643476,-0.5,0.5,radial,-2.023260572155544,0.0,0.8307692307692308,87,2200,971.7674250000528,ok,paired C+N background only,configured beam-center spatial hypothesis; Doppler row used only for temporal/JDL frequency,,,,,,,81836.11321702281,1.0,9852.209683171654,0.0,8.304395002283022e-17,2.2887833992611187e-16,,,,-0.11958301376961664,21.631124155286223,21.58121586833144,-0.049908286954782,-0.010527306286710407,24.085686102949282,35.3748800639748,34.57750411928632,0.14223912839297453,2135348.043762615,2130178.2245058906,14667.505371944631,14801.112309145357,0.0,1.0,2250.0,23574681.089409053,2250.0,0.004267182521620391,527280.0,13.44971616743564,corrected research baseline,local,487.875,1.0,0.8307692307692308,166335.55008026876,751.9793440001195,4,256
baseline_v2_mixed_stress_lhs07_s20261157,mixed_stress,lhs_07,20261157,Baseline V2 controlled single-target case,Shrinkage-SMI/MVDR global,scientific_controlled,4-channel physical academic reference,B2_TARGET_mixed_stress_7_20261157,-0.7434389831345367,215.464699716,0.6635257095652378,214.80117400643476,-0.5,0.5,radial,-2.023260572155544,0.0,0.8307692307692308,87,2200,4137.10186000003,ok,paired C+N background only,configured beam-center spatial hypothesis; Doppler row used only for temporal/JDL frequency,,,,,,,994.1541937975184,1.0,9853.64785525802,0.002868226763634898,8.30073426834164e-17,2.2887833992611187e-16,,,,-0.5659090081914205,21.631124155286223,21.566615328900916,-0.06450882638530686,-0.010539345361700217,24.64669342586726,35.88678292348408,35.01940246199857,0.14919319996243074,2135348.043762615,2130172.3194481684,14667.505371944631,14850.914714891893,0.0,1.0,2235.0,23593432.774311002,2235.0,0.004238734638142922,527280.0,13.44971616743564,corrected research baseline,global,4086.0,1.0,0.8307692307692308,1727.578830788231,3924.987321999879,4,256
baseline_v2_mixed_stress_lhs07_s20261157,mixed_stress,lhs_07,20261157,Baseline V2 controlled single-target case,Shrinkage-SMI/MVDR local,scientific_controlled,4-channel physical academic reference,B2_TARGET_mixed_stress_7_20261157,-0.7434389831345367,215.464699716,0.6635257095652378,214.80117400643476,-0.5,0.5,radial,-2.023260572155544,0.0,0.8307692307692308,87,2200,1423.989483000014,ok,paired C+N background only,configured beam-center spatial hypothesis; Doppler row used only for temporal/JDL frequency,,,,,,,225.41761954566638,1.0,9852.209683171654,0.021588970404306778,7.86549018564602e-17,2.2591401799415137e-16,,,,-0.2116662115352214,21.631124155286223,21.513804234210557,-0.11731992107566569,-0.008086364422559297,24.253500655700066,35.462996602756334,34.66315231403738,0.14487649103033717,2135348.043762615,2131375.8226610236,14667.505371944631,15041.100448845658,0.0,1.0,2249.0,23608063.54129581,2249.0,0.004265285996055227,527280.0,13.44971616743564,corrected research baseline,local,487.875,1.0,0.8307692307692308,409.32860689320944,1207.025066999904,4,256
baseline_v2_mixed_stress_lhs07_s20261157,mixed_stress,lhs_07,20261157,Baseline V2 controlled single-target case,Corrected JDL physical,scientific_controlled,4-channel physical academic reference,B2_TARGET_mixed_stress_7_20261157,-0.7434389831345367,215.464699716,0.6635257095652378,214.80117400643476,-0.5,0.5,radial,-2.023260572155544,0.0,0.8307692307692308,87,2200,3589.690627999971,ok,paired C+N background only,configured beam-center spatial hypothesis; Doppler row used only for temporal/JDL frequency,,,,,,,3111705.511896133,4.476923076923077,9853.647855258017,0.0,8.528280937208591e-17,2.2887833992611187e-16,,,,-2.193639929044389,21.631124155286223,35.49961787947162,13.868493724185399,2.7230979548880603,26.088444306020975,37.742522477512026,36.7173616717821,0.15434394665163895,2135348.043762615,3997407.905029576,14667.505371944631,1126.7217528296471,0.0,1.0,2402.0,48088935.86511729,2403.0,0.004557350933090578,527280.0,13.44971616743564,corrected research baseline,global,4086.0,1.0,0.8307692307692308,17319687.132185623,3215.1278230001026,4,256
baseline_v2_mixed_stress_lhs07_s20261157,mixed_stress,lhs_07,20261157,Baseline V2 controlled single-target case,MNEC physical,scientific_controlled,4-channel physical academic reference,B2_TARGET_mixed_stress_7_20261157,-0.7434389831345367,215.464699716,0.6635257095652378,214.80117400643476,-0.5,0.5,radial,-2.023260572155544,0.0,0.8307692307692308,87,2200,2666.2148540001454,ok,paired C+N background only,configured beam-center spatial hypothesis; Doppler row used only for temporal/JDL frequency,,,,,,,2746.0087581178605,1.0,9853.64785525802,0.0,7.204631225782523e-17,2.2887833992611187e-16,,,,-0.2831855371248113,21.631124155286223,21.045668040512567,-0.5854561147736561,-0.01821619016599035,24.44410907243971,35.58399958163419,34.71806767871235,0.15017375786606557,2135348.043762615,2126410.2275424562,14667.505371944631,16713.994249415173,0.0,1.0,2252.0,23697098.611949414,2253.0,0.004272872098315885,527280.0,13.44971616743564,corrected research baseline,global,4086.0,1.0,0.8307692307692308,6300.852905705916,2441.0233480000443,4,256
baseline_v2_mixed_stress_lhs07_s20261157,mixed_stress,lhs_07,20261157,Baseline V2 controlled single-target case,SA-MNEC physical [approximate academic reference],scientific_controlled,4-channel physical academic reference,B2_TARGET_mixed_stress_7_20261157,-0.7434389831345367,215.464699716,0.6635257095652378,214.80117400643476,-0.5,0.5,radial,-2.023260572155544,0.0,0.8307692307692308,87,2200,7079.596726000091,ok,paired C+N background only,configured beam-center spatial hypothesis; Doppler row used only for temporal/JDL frequency,,,,,,,879.483587097322,1.0,2.3644499174230327e-06,0.0,7.558561360661734e-17,2.2887833992611187e-16,,,,-0.042365148323206536,21.631124155286216,17.6187563360948,-4.0123678191914145,-0.08558318196743891,24.189486101408562,35.31284036727973,34.46363896173126,0.14976613130459285,2.2973540441500693,2.2525249549346302,0.01578030938902806,0.03897570481433069,0.0,1.0,2303.0,25.03019409525643,2305.0,0.0043714914277044456,527280.0,13.44971616743564,approximate academic reference,global,16344.0,1.0,0.8307692307692308,1558.0060552119662,6827.880031999939,4,256
baseline_v2_mixed_stress_lhs08_s20261158,mixed_stress,lhs_08,20261158,Baseline V2 controlled single-target case,Current legacy CSI [production replay],production_replay,F1/F2 strict,B2_TARGET_mixed_stress_8_20261158,-8.374236389244148,-18.3221995445,-2.642709331551915,-15.679490212948084,-0.5,0.5,radial,0.17204945395888194,0.0,0.9461538461538461,63,2200,233.03532299996732,ok,target-observation P38,not applicable to two-channel CSI,observed,0.003721384750703676,1.0,34.0,0.000838440478042886,-0.005329800658972641,nan,nan,nan,nan,nan,nan,nan,nan,nan,19.142398254811592,-15.412460585002592,-3.414215703102901,11.99824488189969,-18.945877385844764,9.433403040148848,14.644243851061427,13.900716092254529,0.008849441157133466,1408177.7128874785,17950.21802425974,48967003.10493142,39399.55332386684,0.0,1.0,3153.0,293087.5084684518,3155.0,0.005983538158094371,527280.0,13.44971616743564,,,,,,,,,
baseline_v2_mixed_stress_lhs08_s20261158,mixed_stress,lhs_08,20261158,Baseline V2 controlled single-target case,Phase-only CSI [production replay],production_replay,F1/F2 strict,B2_TARGET_mixed_stress_8_20261158,-8.374236389244148,-18.3221995445,-2.642709331551915,-15.679490212948084,-0.5,0.5,radial,0.17204945395888194,0.0,0.9461538461538461,63,2200,199.9862719999328,ok,target-observation P38,not applicable to two-channel CSI,observed,0.003721384750703676,1.0,34.0,0.000838440478042886,-0.005329800658972641,nan,nan,nan,nan,nan,nan,nan,nan,nan,11.33673909965413,-15.412460585002592,-13.43611322522461,1.9763473597779821,-10.532778010296301,15.662283961223771,23.09378232735314,23.190965431497787,0.056973795435333895,1408177.7128874785,124560.30571229727,48967003.10493142,2747837.1323405337,1.0,1.0,2961.0,17189093.150634047,2962.0,0.0056175087240176,527280.0,13.44971616743564,,,,,,,,,
baseline_v2_mixed_stress_lhs08_s20261158,mixed_stress,lhs_08,20261158,Baseline V2 controlled single-target case,Current legacy CSI [scientific controlled],scientific_controlled,F1/F2 strict,B2_TARGET_mixed_stress_8_20261158,-8.374236389244148,-18.3221995445,-2.642709331551915,-15.679490212948084,-0.5,0.5,radial,0.17204945395888194,0.0,0.9461538461538461,63,2200,210.29208000004473,ok,paired C+N background,not applicable to two-channel CSI,observed,0.0037203325257282004,1.0,34.0,0.0008384189534021663,-0.005329067478700418,nan,nan,nan,nan,nan,nan,nan,nan,nan,19.142396567143354,-15.412460585002592,-3.4149215023091113,11.99753908269348,-18.9456981805384,9.433371570904372,14.644291956704791,13.90072031251792,0.00885131962055039,1408177.7128874785,17950.95872920144,48967003.10493142,39407.58297585565,0.0,1.0,3153.0,293008.0293852364,3155.0,0.005983538158094371,527280.0,13.44971616743564,,,,,,,,,
baseline_v2_mixed_stress_lhs08_s20261158,mixed_stress,lhs_08,20261158,Baseline V2 controlled single-target case,Phase-only CSI [scientific controlled],scientific_controlled,F1/F2 strict,B2_TARGET_mixed_stress_8_20261158,-8.374236389244148,-18.3221995445,-2.642709331551915,-15.679490212948084,-0.5,0.5,radial,0.17204945395888194,0.0,0.9461538461538461,63,2200,211.81010000009337,ok,paired C+N background,not applicable to two-channel CSI,observed,0.0037203325257282004,1.0,34.0,0.0008384189534021663,-0.005329067478700418,nan,nan,nan,nan,nan,nan,nan,nan,nan,11.336738549053289,-15.412460585002592,-13.435931795196934,1.9765287898056574,-10.532581705033085,15.662232640986062,23.093782264746746,23.190965738853325,0.056973795435333895,1408177.7128874785,124565.93608460225,48967003.10493142,2747846.5441098027,1.0,1.0,2961.0,17189370.49164211,2962.0,0.0056175087240176,527280.0,13.44971616743564,,,,,,,,,
baseline_v2_mixed_stress_lhs08_s20261158,mixed_stress,lhs_08,20261158,Baseline V2 controlled single-target case,Row complex LS / Wiener [scientific controlled],scientific_controlled,F1/F2 strict,B2_TARGET_mixed_stress_8_20261158,-8.374236389244148,-18.3221995445,-2.642709331551915,-15.679490212948084,-0.5,0.5,radial,0.17204945395888194,0.0,0.9461538461538461,63,2200,204.47707599987552,ok,paired C+N background,not applicable to two-channel CSI,observed,0.0037203325257282004,1.0,34.0,0.0008384189534021663,-0.005329067478700418,nan,nan,nan,nan,nan,nan,nan,nan,nan,17.343536313451068,-15.412460585002592,-7.43105942441696,7.981401160585632,-15.455539847851707,11.282244527468979,16.41587557652181,15.674367501074995,0.016350145580914813,1408177.7128874785,40096.22457011382,48967003.10493142,221926.63296034627,0.0,1.0,3161.0,1649154.392868139,3166.0,0.006004399939311182,527280.0,13.44971616743564,,,,,,,,,
baseline_v2_mixed_stress_lhs08_s20261158,mixed_stress,lhs_08,20261158,Baseline V2 controlled single-target case,Row complex LS / Wiener robust IRLS [scientific controlled],scientific_controlled,F1/F2 strict,B2_TARGET_mixed_stress_8_20261158,-8.374236389244148,-18.3221995445,-2.642709331551915,-15.679490212948084,-0.5,0.5,radial,0.17204945395888194,0.0,0.9461538461538461,63,2200,622.674280999945,ok,paired C+N background,not applicable to two-channel CSI,observed,0.0037203325257282004,1.0,34.0,0.0008384189534021663,-0.005329067478700418,nan,nan,nan,nan,nan,nan,67321.98931407288,0.9297059374027028,5.0,17.33997171168182,-15.412460585002592,-7.392012206312705,8.020448378689887,-15.42102783623742,11.281146459397291,16.432330737834157,15.690424572106847,0.016367051751667135,1408177.7128874785,40416.126004675505,48967003.10493142,221695.00262404283,0.0,1.0,3173.0,1628534.572730626,3175.0,0.0060214686693976635,527280.0,13.44971616743564,,,,,,,,,
baseline_v2_mixed_stress_lhs08_s20261158,mixed_stress,lhs_08,20261158,Baseline V2 controlled single-target case,DL-SMI/MVDR global,scientific_controlled,4-channel physical academic reference,B2_TARGET_mixed_stress_8_20261158,-8.374236389244148,-18.3221995445,-2.642709331551915,-15.679490212948084,-0.5,0.5,radial,0.17204945395888194,0.0,0.9461538461538461,63,2200,1955.4731939999783,ok,paired C+N background only,configured beam-center spatial hypothesis; Doppler row used only for temporal/JDL frequency,,,,,,,2099.590286401192,1.0,43588.69201709813,0.0,8.05986258724782e-17,2.2887833992611187e-16,,,,-0.7404800984192623,-15.46239111520785,-15.738828172285476,-0.2764370570776258,-0.264891930391812,24.87658190480773,36.04360184137211,36.348744562148134,0.15320559782098245,1453357.0756698304,1367360.834826148,51122424.33925423,51258507.13298321,1.0,1.0,2183.0,527882032.254861,2183.0,0.004140115308754362,527280.0,13.44971616743564,corrected research baseline,global,4086.0,1.0,0.9461538461538461,3931.1366757190763,1741.0026410000228,4,256
baseline_v2_mixed_stress_lhs08_s20261158,mixed_stress,lhs_08,20261158,Baseline V2 controlled single-target case,DL-SMI/MVDR local,scientific_controlled,4-channel physical academic reference,B2_TARGET_mixed_stress_8_20261158,-8.374236389244148,-18.3221995445,-2.642709331551915,-15.679490212948084,-0.5,0.5,radial,0.17204945395888194,0.0,0.9461538461538461,63,2200,1074.1902290001235,ok,paired C+N background only,configured beam-center spatial hypothesis; Doppler row used only for temporal/JDL frequency,,,,,,,97453.1738570834,1.0,43290.55993709839,0.0,8.227386638947032e-17,2.2887833992611187e-16,,,,-0.045878933715796794,-15.46239111520785,-15.568378049690343,-0.10598693448249286,-0.13636140446537742,24.044036428202674,35.29665305167528,35.65541027337887,0.14319338780877242,1453357.0756698304,1408432.989357201,51122424.33925423,50766122.552934274,1.0,1.0,2214.0,528704546.8990137,2214.0,0.004198907601274465,527280.0,13.44971616743564,corrected research baseline,local,487.875,1.0,0.9461538461538461,196795.39788140016,858.1279749998885,4,256
baseline_v2_mixed_stress_lhs08_s20261158,mixed_stress,lhs_08,20261158,Baseline V2 controlled single-target case,Shrinkage-SMI/MVDR global,scientific_controlled,4-channel physical academic reference,B2_TARGET_mixed_stress_8_20261158,-8.374236389244148,-18.3221995445,-2.642709331551915,-15.679490212948084,-0.5,0.5,radial,0.17204945395888194,0.0,0.9461538461538461,63,2200,4220.332101999929,ok,paired C+N background only,configured beam-center spatial hypothesis; Doppler row used only for temporal/JDL frequency,,,,,,,489.0539999851054,1.0,43588.69201709813,0.008901066547032715,7.894952470819009e-17,2.2729511820139823e-16,,,,-0.5585019759353079,-15.46239111520785,-15.701351247239753,-0.23896013203190236,-0.17551853584779456,24.697913040073765,35.876205005036816,36.164289692715265,0.1513515544284775,1453357.0756698304,1395791.2637288468,51122424.33925423,51874700.27933989,1.0,1.0,2192.0,530648757.2757733,2192.0,0.004157184038840843,527280.0,13.44971616743564,corrected research baseline,global,4086.0,1.0,0.9461538461538461,887.0916680070587,3984.627595999882,4,256
baseline_v2_mixed_stress_lhs08_s20261158,mixed_stress,lhs_08,20261158,Baseline V2 controlled single-target case,Shrinkage-SMI/MVDR local,scientific_controlled,4-channel physical academic reference,B2_TARGET_mixed_stress_8_20261158,-8.374236389244148,-18.3221995445,-2.642709331551915,-15.679490212948084,-0.5,0.5,radial,0.17204945395888194,0.0,0.9461538461538461,63,2200,1854.040015999999,ok,paired C+N background only,configured beam-center spatial hypothesis; Doppler row used only for temporal/JDL frequency,,,,,,,134.70805353084938,0.9995192307692308,43290.55993709839,0.04306678304766145,7.829242231596729e-17,2.2591401799415137e-16,,,,-0.3280527944410513,-15.46239111520785,-15.706422895375438,-0.2440317801675871,-0.09127239819223851,24.425984699476693,35.604541478447885,35.934837299343236,0.14805485113177422,1453357.0756698304,1423131.6899067152,51122424.33925423,52952610.973237365,1.0,1.0,2214.0,537179423.3394419,2214.0,0.004198907601274465,527280.0,13.44971616743564,corrected research baseline,local,487.875,1.0,0.9461538461538461,265.9582042742925,1621.4731439999923,4,256
baseline_v2_mixed_stress_lhs08_s20261158,mixed_stress,lhs_08,20261158,Baseline V2 controlled single-target case,Corrected JDL physical,scientific_controlled,4-channel physical academic reference,B2_TARGET_mixed_stress_8_20261158,-8.374236389244148,-18.3221995445,-2.642709331551915,-15.679490212948084,-0.5,0.5,radial,0.17204945395888194,0.0,0.9461538461538461,63,2200,3597.898046000182,ok,paired C+N background only,configured beam-center spatial hypothesis; Doppler row used only for temporal/JDL frequency,,,,,,,9267320.457352782,4.594230769230769,43588.69201709813,0.0,8.449394861224488e-17,2.2887833992611187e-16,,,,-2.2343694388492943,-15.46239111520785,-16.380305532971484,-0.9179144177636331,0.6327292952903435,26.156448506257913,37.65728902769131,37.89426153767397,0.15729313421621113,1453357.0756698304,1681300.1776299146,51122424.33925423,73059351.36719431,1.0,1.0,2568.0,735259559.7889476,2568.0,0.00487027765134274,527280.0,13.44971616743564,corrected research baseline,global,4086.0,1.0,0.9461538461538461,58766393.40185097,3227.742016000093,4,256
baseline_v2_mixed_stress_lhs08_s20261158,mixed_stress,lhs_08,20261158,Baseline V2 controlled single-target case,MNEC physical,scientific_controlled,4-channel physical academic reference,B2_TARGET_mixed_stress_8_20261158,-8.374236389244148,-18.3221995445,-2.642709331551915,-15.679490212948084,-0.5,0.5,radial,0.17204945395888194,0.0,0.9461538461538461,63,2200,1939.3209280001429,ok,paired C+N background only,configured beam-center spatial hypothesis; Doppler row used only for temporal/JDL frequency,,,,,,,2099.590286401192,1.0,43588.69201709813,0.0,7.265896183136965e-17,2.2887833992611187e-16,,,,-0.4428844274258034,-15.46239111520785,-15.745939834557365,-0.28354871934951476,-0.11707452402268644,24.670861895396442,35.7799534647664,36.04084356970398,0.15235089696628157,1453357.0756698304,1414701.7049526337,51122424.33925423,53120097.11971274,1.0,1.0,2258.0,534339745.9652013,2258.0,0.004282354726141709,527280.0,13.44971616743564,corrected research baseline,global,4086.0,1.0,0.9461538461538461,3931.1366757190763,1711.2960040001326,4,256
baseline_v2_mixed_stress_lhs08_s20261158,mixed_stress,lhs_08,20261158,Baseline V2 controlled single-target case,SA-MNEC physical [approximate academic reference],scientific_controlled,4-channel physical academic reference,B2_TARGET_mixed_stress_8_20261158,-8.374236389244148,-18.3221995445,-2.642709331551915,-15.679490212948084,-0.5,0.5,radial,0.17204945395888194,0.0,0.9461538461538461,63,2200,6978.739237999889,ok,paired C+N background only,configured beam-center spatial hypothesis; Doppler row used only for temporal/JDL frequency,,,,,,,738.2671003429772,1.0,2.365041756812299e-06,0.0,7.444857877959274e-17,2.2591401799415137e-16,,,,0.03389862195465735,-15.46239111520785,-15.392135383546567,0.07025573166128396,-0.5113845564904128,24.119466297468357,35.27745270376037,35.55497344512762,0.14713252559406406,0.4262180188692268,0.37887273270622707,14.992391605914543,13.113145763600444,1.0,1.0,2635.0,136.74005452219146,2636.0,0.004999241389773934,527280.0,13.44971616743564,approximate academic reference,global,16344.0,1.0,0.9461538461538461,1850.444766885266,6747.025803000042,4,256
baseline_v2_mixed_stress_lhs09_s20261159,mixed_stress,lhs_09,20261159,Baseline V2 controlled single-target case,Current legacy CSI [production replay],production_replay,F1/F2 strict,B2_TARGET_mixed_stress_9_20261159,-5.10613792030842,90.2703754868,0.13147887947921405,90.13889660732079,-0.5,0.5,radial,-0.8476585343052692,0.0,0.8923076923076924,74,2200,239.03616199982025,ok,target-observation P38,not applicable to two-channel CSI,observed,0.0049690061967186125,1.0,34.0,0.000932989985080586,-0.0009793028224758585,nan,nan,nan,nan,nan,nan,nan,nan,nan,18.50165046512031,-10.009909608550352,6.5888699398914286,16.59877954844178,-2.854822937804633,9.589683067442401,14.785117403250245,13.922131749214103,0.009343477035784729,2038261.7074078738,1056276.5826986085,20429178.65398401,231681.1273303369,1.0,1.0,3337.0,31271630.32376259,3343.0,0.006340084964345319,527280.0,13.44971616743564,,,,,,,,,
baseline_v2_mixed_stress_lhs09_s20261159,mixed_stress,lhs_09,20261159,Baseline V2 controlled single-target case,Phase-only CSI [production replay],production_replay,F1/F2 strict,B2_TARGET_mixed_stress_9_20261159,-5.10613792030842,90.2703754868,0.13147887947921405,90.13889660732079,-0.5,0.5,radial,-0.8476585343052692,0.0,0.8923076923076924,74,2200,233.66857099995286,ok,target-observation P38,not applicable to two-channel CSI,observed,0.0049690061967186125,1.0,34.0,0.000932989985080586,-0.0009793028224758585,nan,nan,nan,nan,nan,nan,nan,nan,nan,16.12676555694513,-10.009909608550352,4.730422309548626,14.740331918098978,-2.217211062357103,12.193987886527783,17.461205715026445,16.378493131205897,0.02295294449140603,2038261.7074078738,1223316.5162590162,20429178.65398401,411620.1326903198,1.0,1.0,2504.0,33950415.146234125,2504.0,0.004748900015172204,527280.0,13.44971616743564,,,,,,,,,
baseline_v2_mixed_stress_lhs09_s20261159,mixed_stress,lhs_09,20261159,Baseline V2 controlled single-target case,Current legacy CSI [scientific controlled],scientific_controlled,F1/F2 strict,B2_TARGET_mixed_stress_9_20261159,-5.10613792030842,90.2703754868,0.13147887947921405,90.13889660732079,-0.5,0.5,radial,-0.8476585343052692,0.0,0.8923076923076924,74,2200,238.24819700007538,ok,paired C+N background,not applicable to two-channel CSI,observed,0.004980290110158674,1.0,34.0,0.0009323466709421473,-0.0010090674549067579,nan,nan,nan,nan,nan,nan,nan,nan,nan,18.50164011792589,-10.009909608550352,6.585420819175644,16.595330427725997,-2.853305346163855,9.589362061959052,14.785046127692318,13.922270503354468,0.009343477035784729,2038261.7074078738,1056645.7507829259,20429178.65398401,231946.23586827825,1.0,1.0,3336.0,31286005.017971,3342.0,0.006338188438780154,527280.0,13.44971616743564,,,,,,,,,
baseline_v2_mixed_stress_lhs09_s20261159,mixed_stress,lhs_09,20261159,Baseline V2 controlled single-target case,Phase-only CSI [scientific controlled],scientific_controlled,F1/F2 strict,B2_TARGET_mixed_stress_9_20261159,-5.10613792030842,90.2703754868,0.13147887947921405,90.13889660732079,-0.5,0.5,radial,-0.8476585343052692,0.0,0.8923076923076924,74,2200,229.7623790000216,ok,paired C+N background,not applicable to two-channel CSI,observed,0.004980290110158674,1.0,34.0,0.0009323466709421473,-0.0010090674549067579,nan,nan,nan,nan,nan,nan,nan,nan,nan,16.12671776623881,-10.009909608550352,4.728893694261368,14.73880330281172,-2.215677459162369,12.193659381193536,17.46167092778596,16.378638473499944,0.02295670141823988,2038261.7074078738,1223748.5764118873,20429178.65398401,411910.4691590145,1.0,1.0,2503.0,33965821.752537906,2503.0,0.00474700348960704,527280.0,13.44971616743564,,,,,,,,,
baseline_v2_mixed_stress_lhs09_s20261159,mixed_stress,lhs_09,20261159,Baseline V2 controlled single-target case,Row complex LS / Wiener [scientific controlled],scientific_controlled,F1/F2 strict,B2_TARGET_mixed_stress_9_20261159,-5.10613792030842,90.2703754868,0.13147887947921405,90.13889660732079,-0.5,0.5,radial,-0.8476585343052692,0.0,0.8923076923076924,74,2200,217.21128800004408,ok,paired C+N background,not applicable to two-channel CSI,observed,0.004980290110158674,1.0,34.0,0.0009323466709421473,-0.0010090674549067579,nan,nan,nan,nan,nan,nan,nan,nan,nan,16.6579073290578,-10.009909608550352,4.531886389150091,14.541795997700444,-2.2922996830753073,11.550453765533561,16.866114162832588,15.813616245503201,0.01878275570583263,2038261.7074078738,1202347.4238625348,20429178.65398401,423488.2239478417,1.0,1.0,2641.0,33206747.207206056,2638.0,0.005003034440904264,527280.0,13.44971616743564,,,,,,,,,
baseline_v2_mixed_stress_lhs09_s20261159,mixed_stress,lhs_09,20261159,Baseline V2 controlled single-target case,Row complex LS / Wiener robust IRLS [scientific controlled],scientific_controlled,F1/F2 strict,B2_TARGET_mixed_stress_9_20261159,-5.10613792030842,90.2703754868,0.13147887947921405,90.13889660732079,-0.5,0.5,radial,-0.8476585343052692,0.0,0.8923076923076924,74,2200,313.5541839999405,ok,paired C+N background,not applicable to two-channel CSI,observed,0.004980290110158674,1.0,34.0,0.0009323466709421473,-0.0010090674549067579,nan,nan,nan,nan,nan,nan,70430.10774728042,0.9142451652828925,5.0,16.651870867198394,-10.009909608550352,4.48475853830973,14.494668146860082,-2.2450242918384093,11.553147917092648,16.91929179912781,15.8452096287204,0.018951817413355877,2038261.7074078738,1215507.1457552006,20429178.65398401,432794.42966975586,1.0,1.0,2666.0,33674762.68936274,2664.0,0.005052344105598543,527280.0,13.44971616743564,,,,,,,,,
baseline_v2_mixed_stress_lhs09_s20261159,mixed_stress,lhs_09,20261159,Baseline V2 controlled single-target case,DL-SMI/MVDR global,scientific_controlled,4-channel physical academic reference,B2_TARGET_mixed_stress_9_20261159,-5.10613792030842,90.2703754868,0.13147887947921405,90.13889660732079,-0.5,0.5,radial,-0.8476585343052692,0.0,0.8923076923076924,74,2200,1773.765641999944,ok,paired C+N background only,configured beam-center spatial hypothesis; Doppler row used only for temporal/JDL frequency,,,,,,,2003.5126536094708,1.0,23619.629354927267,0.0,8.738449132918408e-17,2.306595211858756e-16,,,,-0.3213532037237734,-9.84956227951044,-10.86892928846519,-1.0193670089547489,-0.09063165284581717,24.33674012709976,35.58770235340981,35.45931645729937,0.14627406781252936,2103637.5035492913,2060192.204418411,20320160.44462679,25165216.343908187,1.0,1.0,2101.0,238908098.9413286,2101.0,0.003984600212410864,527280.0,13.44971616743564,corrected research baseline,global,4086.0,1.0,0.8923076923076924,4330.9728987490735,1426.3044189999619,4,256
baseline_v2_mixed_stress_lhs09_s20261159,mixed_stress,lhs_09,20261159,Baseline V2 controlled single-target case,DL-SMI/MVDR local,scientific_controlled,4-channel physical academic reference,B2_TARGET_mixed_stress_9_20261159,-5.10613792030842,90.2703754868,0.13147887947921405,90.13889660732079,-0.5,0.5,radial,-0.8476585343052692,0.0,0.8923076923076924,74,2200,1010.7246669999768,ok,paired C+N background only,configured beam-center spatial hypothesis; Doppler row used only for temporal/JDL frequency,,,,,,,76388.8179908028,1.0,23785.0491142945,0.0,8.085235378469004e-17,2.283398991689945e-16,,,,0.4453389765261722,-9.84956227951044,-10.251652174295263,-0.4020898947848224,-0.3511704492101171,23.55707402268589,34.80642435820379,34.68403221133693,0.1375993237531699,2103637.5035492913,1940232.87920698,20320160.44462679,20559809.072944872,1.0,1.0,2109.0,197392112.53596753,2109.0,0.00399977241693218,527280.0,13.44971616743564,corrected research baseline,local,487.875,1.0,0.8923076923076924,164591.64847205684,724.480875999916,4,256
baseline_v2_mixed_stress_lhs09_s20261159,mixed_stress,lhs_09,20261159,Baseline V2 controlled single-target case,Shrinkage-SMI/MVDR global,scientific_controlled,4-channel physical academic reference,B2_TARGET_mixed_stress_9_20261159,-5.10613792030842,90.2703754868,0.13147887947921405,90.13889660732079,-0.5,0.5,radial,-0.8476585343052692,0.0,0.8923076923076924,74,2200,4795.529130999967,ok,paired C+N background only,configured beam-center spatial hypothesis; Doppler row used only for temporal/JDL frequency,,,,,,,623.660495003428,1.0,23619.629354927267,0.005110824836936436,8.38949347314071e-17,2.2887833992611187e-16,,,,-0.05278018514381588,-9.84956227951044,-10.707848722189206,-0.8582864426787662,-0.12226358359394199,24.09215425349447,35.32360543644938,35.18673752884275,0.1434244388090542,2103637.5035492913,2045241.2646183872,20320160.44462679,24072955.811974235,1.0,1.0,2083.0,231011529.6291302,2083.0,0.0039504627522379005,527280.0,13.44971616743564,corrected research baseline,global,4086.0,1.0,0.8923076923076924,1189.798832315552,4533.396335000134,4,256
baseline_v2_mixed_stress_lhs09_s20261159,mixed_stress,lhs_09,20261159,Baseline V2 controlled single-target case,Shrinkage-SMI/MVDR local,scientific_controlled,4-channel physical academic reference,B2_TARGET_mixed_stress_9_20261159,-5.10613792030842,90.2703754868,0.13147887947921405,90.13889660732079,-0.5,0.5,radial,-0.8476585343052692,0.0,0.8923076923076924,74,2200,1692.4631809999937,ok,paired C+N background only,configured beam-center spatial hypothesis; Doppler row used only for temporal/JDL frequency,,,,,,,137.06200634581234,1.0,23785.0491142945,0.03638198041896884,8.030332667660324e-17,2.2729511820139823e-16,,,,0.36791289981557057,-9.84956227951044,-10.377265675002388,-0.5277033954919474,-0.24003739464947332,23.653414226893318,34.85838684385055,34.76273663422311,0.1382530290222598,2103637.5035492913,1990522.8405573063,20320160.44462679,21711695.165957224,1.0,1.0,2095.0,207319302.29338294,2095.0,0.003973221059019876,527280.0,13.44971616743564,corrected research baseline,local,487.875,1.0,0.8923076923076924,258.21848520367564,1416.0254840001016,4,256
baseline_v2_mixed_stress_lhs09_s20261159,mixed_stress,lhs_09,20261159,Baseline V2 controlled single-target case,Corrected JDL physical,scientific_controlled,4-channel physical academic reference,B2_TARGET_mixed_stress_9_20261159,-5.10613792030842,90.2703754868,0.13147887947921405,90.13889660732079,-0.5,0.5,radial,-0.8476585343052692,0.0,0.8923076923076924,74,2200,3867.491742000084,ok,paired C+N background only,configured beam-center spatial hypothesis; Doppler row used only for temporal/JDL frequency,,,,,,,5762376.382765319,4.662019230769231,23619.62935492727,0.0,8.616673121428221e-17,2.2887833992611187e-16,,,,-2.1211726196665537,-9.84956227951044,-10.67422895585851,-0.8246666763480697,1.6735482259644285,25.8406143660234,37.57081732613573,37.329648862110965,0.15067530759838452,2103637.5035492913,3092614.0699283276,20320160.44462679,36120073.299955994,1.0,1.0,2488.0,513820584.47039115,2489.0,0.004720452131694735,527280.0,13.44971616743564,corrected research baseline,global,4086.0,1.0,0.8923076923076924,36387430.955117635,3463.9839430001302,4,256
baseline_v2_mixed_stress_lhs09_s20261159,mixed_stress,lhs_09,20261159,Baseline V2 controlled single-target case,MNEC physical,scientific_controlled,4-channel physical academic reference,B2_TARGET_mixed_stress_9_20261159,-5.10613792030842,90.2703754868,0.13147887947921405,90.13889660732079,-0.5,0.5,radial,-0.8476585343052692,0.0,0.8923076923076924,74,2200,3091.796626999894,ok,paired C+N background only,configured beam-center spatial hypothesis; Doppler row used only for temporal/JDL frequency,,,,,,,2003.5126536094708,1.0,23619.629354927267,0.0,7.523082632997133e-17,2.2887833992611187e-16,,,,0.28332415172059194,-9.84956227951044,-10.46055303344305,-0.6109907539326098,-0.20914700531353786,23.864500487445675,34.965060917541166,34.83586738386037,0.1420850943927867,2103637.5035492913,2004731.4530839259,20320160.44462679,22290073.862643186,1.0,1.0,2069.0,211726639.9630661,2069.0,0.003923911394325595,527280.0,13.44971616743564,corrected research baseline,global,4086.0,1.0,0.8923076923076924,4330.9728987490735,2803.837342000179,4,256
baseline_v2_mixed_stress_lhs09_s20261159,mixed_stress,lhs_09,20261159,Baseline V2 controlled single-target case,SA-MNEC physical [approximate academic reference],scientific_controlled,4-channel physical academic reference,B2_TARGET_mixed_stress_9_20261159,-5.10613792030842,90.2703754868,0.13147887947921405,90.13889660732079,-0.5,0.5,radial,-0.8476585343052692,0.0,0.8923076923076924,74,2200,9370.9620489999,ok,paired C+N background only,configured beam-center spatial hypothesis; Doppler row used only for temporal/JDL frequency,,,,,,,775.5078865504491,1.0,2.3673330212555515e-06,0.0,7.642433535275171e-17,2.2887833992611187e-16,,,,0.38655386645508744,-9.849562279510439,-10.475252595610103,-0.6256903160996643,-0.3094637526093288,23.747587639348286,34.84945973213566,34.72496904715733,0.14178266178266177,0.9159441102762106,0.8529480862772845,8.847594344425234,9.515855940739408,1.0,1.0,2192.0,90.60366420336676,2191.0,0.004155287513275679,527280.0,13.44971616743564,approximate academic reference,global,16344.0,1.0,0.8923076923076924,1430.5013858727943,9064.035311999987,4,256
baseline_v2_mixed_stress_lhs10_s20261160,mixed_stress,lhs_10,20261160,Baseline V2 controlled single-target case,Current legacy CSI [production replay],production_replay,F1/F2 strict,B2_TARGET_mixed_stress_10_20261160,5.61545878413204,200.963378999,-1.6866590795753764,202.6500380785754,-0.5,0.5,radial,-1.8870900045866899,0.0,0.6538461538461539,85,2200,310.1748800002042,ok,target-observation P38,not applicable to two-channel CSI,observed,0.0058461736810037825,1.0,34.0,0.000944786001376965,-0.006592095482591031,nan,nan,nan,nan,nan,nan,nan,nan,nan,17.80743019973412,27.773013550014074,31.304394637709265,3.531381087695191,2.268432510899483,11.090136791397065,17.180330838741032,16.710361427320542,0.01875645721799568,62844217.894614495,105951857.95562287,104945.53617751581,78463.75951015393,1.0,1.0,3962.0,2272349409.0610003,3947.0,0.007485586405704749,527280.0,13.44971616743564,,,,,,,,,
baseline_v2_mixed_stress_lhs10_s20261160,mixed_stress,lhs_10,20261160,Baseline V2 controlled single-target case,Phase-only CSI [production replay],production_replay,F1/F2 strict,B2_TARGET_mixed_stress_10_20261160,5.61545878413204,200.963378999,-1.6866590795753764,202.6500380785754,-0.5,0.5,radial,-1.8870900045866899,0.0,0.6538461538461539,85,2200,317.9292190000069,ok,target-observation P38,not applicable to two-channel CSI,observed,0.0058461736810037825,1.0,34.0,0.000944786001376965,-0.006592095482591031,nan,nan,nan,nan,nan,nan,nan,nan,nan,12.643829747667315,27.773013550014074,25.66425042740849,-2.108763122605584,3.0696198204222576,15.668076334927852,22.63020285314294,22.500946849168816,0.057022635484173946,62844217.894614495,127416980.12922928,104945.53617751581,345781.90694035887,1.0,1.0,3655.0,2718554103.4216237,3644.0,0.006910939159459869,527280.0,13.44971616743564,,,,,,,,,
baseline_v2_mixed_stress_lhs10_s20261160,mixed_stress,lhs_10,20261160,Baseline V2 controlled single-target case,Current legacy CSI [scientific controlled],scientific_controlled,F1/F2 strict,B2_TARGET_mixed_stress_10_20261160,5.61545878413204,200.963378999,-1.6866590795753764,202.6500380785754,-0.5,0.5,radial,-1.8870900045866899,0.0,0.6538461538461539,85,2200,294.9450109999816,ok,paired C+N background,not applicable to two-channel CSI,observed,0.0058304364177269325,1.0,34.0,0.0009448159042107383,-0.006442529495001793,nan,nan,nan,nan,nan,nan,nan,nan,nan,17.80745402046292,27.773013550014074,31.305182984742057,3.532169434727983,2.269146587673182,11.09006664117144,17.180118423726228,16.71035325204919,0.018752700291161828,62844217.894614495,105969280.23112944,104945.53617751581,78462.41768469632,1.0,1.0,3961.0,2272720695.026668,3946.0,0.0074836898801395844,527280.0,13.44971616743564,,,,,,,,,
baseline_v2_mixed_stress_lhs10_s20261160,mixed_stress,lhs_10,20261160,Baseline V2 controlled single-target case,Phase-only CSI [scientific controlled],scientific_controlled,F1/F2 strict,B2_TARGET_mixed_stress_10_20261160,5.61545878413204,200.963378999,-1.6866590795753764,202.6500380785754,-0.5,0.5,radial,-1.8870900045866899,0.0,0.6538461538461539,85,2200,259.732091999922,ok,paired C+N background,not applicable to two-channel CSI,observed,0.0058304364177269325,1.0,34.0,0.0009448159042107383,-0.006442529495001793,nan,nan,nan,nan,nan,nan,nan,nan,nan,12.64383632404117,27.773013550014074,25.664948389848384,-2.1080651601656903,3.070323074078087,15.668409974763684,22.630113391272026,22.500941608474683,0.05703578472809242,62844217.894614495,127437614.44907661,104945.53617751581,345782.328223135,1.0,1.0,3655.0,2718993065.8636007,3644.0,0.006910939159459869,527280.0,13.44971616743564,,,,,,,,,
baseline_v2_mixed_stress_lhs10_s20261160,mixed_stress,lhs_10,20261160,Baseline V2 controlled single-target case,Row complex LS / Wiener [scientific controlled],scientific_controlled,F1/F2 strict,B2_TARGET_mixed_stress_10_20261160,5.61545878413204,200.963378999,-1.6866590795753764,202.6500380785754,-0.5,0.5,radial,-1.8870900045866899,0.0,0.6538461538461539,85,2200,255.77000799989946,ok,paired C+N background,not applicable to two-channel CSI,observed,0.0058304364177269325,1.0,34.0,0.0009448159042107383,-0.006442529495001793,nan,nan,nan,nan,nan,nan,nan,nan,nan,14.609995688111113,27.773013550014074,27.522296291698964,-0.2507172583151096,-0.39356937267180625,14.3490336091744,20.78191405705834,20.141076262833412,0.04350896966281582,62844217.894614495,57399536.89446102,104945.53617751581,101549.72678870746,1.0,1.0,3532.0,1230072836.9939368,3516.0,0.006668183887118798,527280.0,13.44971616743564,,,,,,,,,
baseline_v2_mixed_stress_lhs10_s20261160,mixed_stress,lhs_10,20261160,Baseline V2 controlled single-target case,Row complex LS / Wiener robust IRLS [scientific controlled],scientific_controlled,F1/F2 strict,B2_TARGET_mixed_stress_10_20261160,5.61545878413204,200.963378999,-1.6866590795753764,202.6500380785754,-0.5,0.5,radial,-1.8870900045866899,0.0,0.6538461538461539,85,2200,412.1231169999646,ok,paired C+N background,not applicable to two-channel CSI,observed,0.0058304364177269325,1.0,34.0,0.0009448159042107383,-0.006442529495001793,nan,nan,nan,nan,nan,nan,61320.677211761176,0.9020380856703394,5.0,14.595434440595467,27.773013550014074,27.40644485305614,-0.36656869695793404,-0.39070962197599624,14.308523328363489,20.813907483198165,20.1814766028632,0.04321029397952475,62844217.894614495,57437345.89932895,104945.53617751581,104363.79865175947,1.0,1.0,3564.0,1231057223.8627868,3547.0,0.006726976179638902,527280.0,13.44971616743564,,,,,,,,,
baseline_v2_mixed_stress_lhs10_s20261160,mixed_stress,lhs_10,20261160,Baseline V2 controlled single-target case,DL-SMI/MVDR global,scientific_controlled,4-channel physical academic reference,B2_TARGET_mixed_stress_10_20261160,5.61545878413204,200.963378999,-1.6866590795753764,202.6500380785754,-0.5,0.5,radial,-1.8870900045866899,0.0,0.6538461538461539,85,2200,2405.616708000025,ok,paired C+N background only,configured beam-center spatial hypothesis; Doppler row used only for temporal/JDL frequency,,,,,,,3243.714259073764,1.0,52466.95165345101,0.0,8.543741642909156e-17,2.2887833992611187e-16,,,,-0.09013608039632541,30.701382864888856,30.47267406607189,-0.22870879881696737,-0.026515534311490705,24.460266048127956,35.659242332813925,36.556761076652286,0.15060392598854136,64945477.20211928,64550165.307867825,55259.96757388102,57893.51948829751,1.0,1.0,2363.0,1398094490.4547868,2362.0,0.004479593384918829,527280.0,13.44971616743564,corrected research baseline,global,4086.0,1.0,0.6538461538461539,7958.8591423639045,2144.531270000016,4,256
baseline_v2_mixed_stress_lhs10_s20261160,mixed_stress,lhs_10,20261160,Baseline V2 controlled single-target case,DL-SMI/MVDR local,scientific_controlled,4-channel physical academic reference,B2_TARGET_mixed_stress_10_20261160,5.61545878413204,200.963378999,-1.6866590795753764,202.6500380785754,-0.5,0.5,radial,-1.8870900045866899,0.0,0.6538461538461539,85,2200,1306.0612930000843,ok,paired C+N background only,configured beam-center spatial hypothesis; Doppler row used only for temporal/JDL frequency,,,,,,,187578.8310726346,0.9995192307692308,52824.702757976724,0.0,8.524227989634137e-17,2.2887833992611187e-16,,,,0.2963665561525342,30.701382864888856,30.50486553215525,-0.19651733273360605,-0.025114135955413404,24.033848945023962,35.24373798236271,36.16937364303487,0.14555273786043016,64945477.20211928,64570997.967724115,55259.96757388102,57484.52477788527,1.0,1.0,2398.0,1398582839.7422674,2398.0,0.004547868305264755,527280.0,13.44971616743564,corrected research baseline,local,487.875,1.0,0.6538461538461539,482119.80541656824,1034.8821860000044,4,256
baseline_v2_mixed_stress_lhs10_s20261160,mixed_stress,lhs_10,20261160,Baseline V2 controlled single-target case,Shrinkage-SMI/MVDR global,scientific_controlled,4-channel physical academic reference,B2_TARGET_mixed_stress_10_20261160,5.61545878413204,200.963378999,-1.6866590795753764,202.6500380785754,-0.5,0.5,radial,-1.8870900045866899,0.0,0.6538461538461539,85,2200,5529.122778000101,ok,paired C+N background only,configured beam-center spatial hypothesis; Doppler row used only for temporal/JDL frequency,,,,,,,460.18383934126246,1.0,52466.95165345101,0.011111952225005783,7.819576795917532e-17,2.2591401799415137e-16,,,,0.3142030632499908,30.701382864888856,30.357404493122075,-0.3439783717667808,-0.03362272768769975,24.109292142167902,35.26402372849451,36.14611749042462,0.14667793744716823,64945477.20211928,64444615.88368136,55259.96757388102,59353.4803626499,1.0,1.0,2372.0,1395544169.7495043,2370.0,0.0044947655894401455,527280.0,13.44971616743564,corrected research baseline,global,4086.0,1.0,0.6538461538461539,906.8933985614266,5219.074663999891,4,256
baseline_v2_mixed_stress_lhs10_s20261160,mixed_stress,lhs_10,20261160,Baseline V2 controlled single-target case,Shrinkage-SMI/MVDR local,scientific_controlled,4-channel physical academic reference,B2_TARGET_mixed_stress_10_20261160,5.61545878413204,200.963378999,-1.6866590795753764,202.6500380785754,-0.5,0.5,radial,-1.8870900045866899,0.0,0.6538461538461539,85,2200,1806.4577580000787,ok,paired C+N background only,configured beam-center spatial hypothesis; Doppler row used only for temporal/JDL frequency,,,,,,,101.395242435828,0.9990384615384615,52824.702757976724,0.057431317911350546,7.713616559053752e-17,2.2591401799415137e-16,,,,0.7327033873848833,30.701382864888856,29.97803407886758,-0.7233487860212762,-0.05403840315480934,23.73547270564061,34.82876674505703,35.72156590781831,0.14231426692965155,64945477.20211928,64142380.22827258,55259.96757388102,64467.623963133636,1.0,1.0,2406.0,1387992658.6715434,2404.0,0.0045592474586557425,527280.0,13.44971616743564,corrected research baseline,local,487.875,1.0,0.6538461538461539,224.72204648493422,1529.9349680001342,4,256
baseline_v2_mixed_stress_lhs10_s20261160,mixed_stress,lhs_10,20261160,Baseline V2 controlled single-target case,Corrected JDL physical,scientific_controlled,4-channel physical academic reference,B2_TARGET_mixed_stress_10_20261160,5.61545878413204,200.963378999,-1.6866590795753764,202.6500380785754,-0.5,0.5,radial,-1.8870900045866899,0.0,0.6538461538461539,85,2200,4242.935836000015,ok,paired C+N background only,configured beam-center spatial hypothesis; Doppler row used only for temporal/JDL frequency,,,,,,,10260850.748424042,4.476923076923077,52466.95165345101,0.0,8.668826320859055e-17,2.2887833992611187e-16,,,,-1.7207481844983343,30.701382864888856,35.80231543215644,5.100932567267584,2.376472648294137,25.731905145387948,37.45524728002711,38.24875617473347,0.14973044049967127,64945477.20211928,112252540.064992,55259.96757388102,29509.689088986874,1.0,1.0,3013.0,1853429323.2940643,3016.0,0.005719921104536489,527280.0,13.44971616743564,corrected research baseline,global,4086.0,1.0,0.6538461538461539,56877942.78647915,3783.957949999831,4,256
baseline_v2_mixed_stress_lhs10_s20261160,mixed_stress,lhs_10,20261160,Baseline V2 controlled single-target case,MNEC physical,scientific_controlled,4-channel physical academic reference,B2_TARGET_mixed_stress_10_20261160,5.61545878413204,200.963378999,-1.6866590795753764,202.6500380785754,-0.5,0.5,radial,-1.8870900045866899,0.0,0.6538461538461539,85,2200,2604.00573600009,ok,paired C+N background only,configured beam-center spatial hypothesis; Doppler row used only for temporal/JDL frequency,,,,,,,3243.714259073764,1.0,52466.95165345101,0.0,7.369731705839489e-17,2.2887833992611187e-16,,,,0.8989032228769562,30.701382864888856,28.58134472898561,-2.120038135903247,0.17238255334924815,23.709212252127394,34.63571639680136,35.54233782058207,0.14379637456560534,64945477.20211928,67575173.2099209,55259.96757388102,93681.25382227452,1.0,1.0,2419.0,1468841829.181657,2419.0,0.004587695342133212,527280.0,13.44971616743564,corrected research baseline,global,4086.0,1.0,0.6538461538461539,7958.8591423639045,2305.415382000092,4,256
baseline_v2_mixed_stress_lhs10_s20261160,mixed_stress,lhs_10,20261160,Baseline V2 controlled single-target case,SA-MNEC physical [approximate academic reference],scientific_controlled,4-channel physical academic reference,B2_TARGET_mixed_stress_10_20261160,5.61545878413204,200.963378999,-1.6866590795753764,202.6500380785754,-0.5,0.5,radial,-1.8870900045866899,0.0,0.6538461538461539,85,2200,8450.662562999923,ok,paired C+N background only,configured beam-center spatial hypothesis; Doppler row used only for temporal/JDL frequency,,,,,,,1466.5228015066132,1.0,2.3756439059673625e-06,0.0,7.019241613100808e-17,2.2591401799415137e-16,,,,0.4890038068035185,30.701382864888856,27.332499772814135,-3.3688830920747215,-0.22919011774401898,24.15642062521002,35.032016892996026,35.94436999493718,0.15323753169907017,11.489176366245685,10.898579196284816,0.009775761774349072,0.020142803085927145,1.0,1.0,2320.0,235.15276057389312,2322.0,0.004403732362312244,527280.0,13.44971616743564,approximate academic reference,global,16344.0,1.0,0.6538461538461539,3373.20275997241,8200.429167000038,4,256
baseline_v2_mixed_stress_lhs11_s20261161,mixed_stress,lhs_11,20261161,Baseline V2 controlled single-target case,Current legacy CSI [production replay],production_replay,F1/F2 strict,B2_TARGET_mixed_stress_11_20261161,3.6001464159571768,140.013386713,3.8314329110503444,136.18195380194965,-0.5,0.5,radial,-1.3147562699786062,0.0,0.7307692307692307,79,2200,252.87090799997713,ok,target-observation P38,not applicable to two-channel CSI,observed,0.007678865303615225,1.0,34.0,0.000851260200114096,-0.00469649939912278,nan,nan,nan,nan,nan,nan,nan,nan,nan,17.735052566137913,13.539458830450947,25.12077355344854,11.581314722997593,1.25500206656834,11.548103723838173,17.902788905624703,17.490563566525562,0.021797689489997184,65526026.20751666,87481060.2296184,2900467.1301403088,269052.28359766456,1.0,1.0,4888.0,1977347556.1664495,4883.0,0.009260734334698833,527280.0,13.44971616743564,,,,,,,,,
baseline_v2_mixed_stress_lhs11_s20261161,mixed_stress,lhs_11,20261161,Baseline V2 controlled single-target case,Phase-only CSI [production replay],production_replay,F1/F2 strict,B2_TARGET_mixed_stress_11_20261161,3.6001464159571768,140.013386713,3.8314329110503444,136.18195380194965,-0.5,0.5,radial,-1.3147562699786062,0.0,0.7307692307692307,79,2200,245.9784000000127,ok,target-observation P38,not applicable to two-channel CSI,observed,0.007678865303615225,1.0,34.0,0.000851260200114096,-0.00469649939912278,nan,nan,nan,nan,nan,nan,nan,nan,nan,13.860624998306843,13.539458830450947,19.286671076686556,5.747212246235609,1.0432271446338106,15.694018878913791,22.06377346329351,21.537079783157505,0.05758429604583451,65526026.20751666,83317560.52533406,2900467.1301403088,981904.9241669326,1.0,1.0,4607.0,2008047088.5376756,4598.0,0.008720224548626915,527280.0,13.44971616743564,,,,,,,,,
baseline_v2_mixed_stress_lhs11_s20261161,mixed_stress,lhs_11,20261161,Baseline V2 controlled single-target case,Current legacy CSI [scientific controlled],scientific_controlled,F1/F2 strict,B2_TARGET_mixed_stress_11_20261161,3.6001464159571768,140.013386713,3.8314329110503444,136.18195380194965,-0.5,0.5,radial,-1.3147562699786062,0.0,0.7307692307692307,79,2200,233.0318140000145,ok,paired C+N background,not applicable to two-channel CSI,observed,0.006489275842746249,1.0,34.0,0.0008376348688985626,-0.005286469305286409,nan,nan,nan,nan,nan,nan,nan,nan,nan,17.73557876162249,13.539458830450947,25.135351318893377,11.59589248844243,1.2724376730406286,11.549421428298423,17.90230905599721,17.490855081996553,0.021803324880247957,65526026.20751666,87832976.10333246,2900467.1301403088,269229.3896234889,1.0,1.0,4885.0,1985423248.9176073,4881.0,0.009256941283568503,527280.0,13.44971616743564,,,,,,,,,
baseline_v2_mixed_stress_lhs11_s20261161,mixed_stress,lhs_11,20261161,Baseline V2 controlled single-target case,Phase-only CSI [scientific controlled],scientific_controlled,F1/F2 strict,B2_TARGET_mixed_stress_11_20261161,3.6001464159571768,140.013386713,3.8314329110503444,136.18195380194965,-0.5,0.5,radial,-1.3147562699786062,0.0,0.7307692307692307,79,2200,234.07127999985278,ok,paired C+N background,not applicable to two-channel CSI,observed,0.006489275842746249,1.0,34.0,0.0008376348688985626,-0.005286469305286409,nan,nan,nan,nan,nan,nan,nan,nan,nan,13.86059465640429,13.539458830450947,19.30420313225458,5.764744301803635,1.061102488250705,15.694281895744133,22.064584754167157,21.537116652148292,0.057618108387339155,65526026.20751666,83661198.1489513,2900467.1301403088,981982.5419037646,1.0,1.0,4604.0,2016246766.1605167,4595.0,0.008714534971931422,527280.0,13.44971616743564,,,,,,,,,
baseline_v2_mixed_stress_lhs11_s20261161,mixed_stress,lhs_11,20261161,Baseline V2 controlled single-target case,Row complex LS / Wiener [scientific controlled],scientific_controlled,F1/F2 strict,B2_TARGET_mixed_stress_11_20261161,3.6001464159571768,140.013386713,3.8314329110503444,136.18195380194965,-0.5,0.5,radial,-1.3147562699786062,0.0,0.7307692307692307,79,2200,241.24552400007815,ok,paired C+N background,not applicable to two-channel CSI,observed,0.006489275842746249,1.0,34.0,0.0008376348688985626,-0.005286469305286409,nan,nan,nan,nan,nan,nan,nan,nan,nan,14.694113211050158,13.539458830450947,19.360368494934693,5.820909664483747,1.139284207361865,14.76823481906996,21.23526564252236,20.66980511541328,0.0474518643749413,65526026.20751666,85180905.39665997,2900467.1301403088,986973.2961611985,1.0,1.0,4709.0,2057188852.7145836,4698.0,0.008909877105143377,527280.0,13.44971616743564,,,,,,,,,
baseline_v2_mixed_stress_lhs11_s20261161,mixed_stress,lhs_11,20261161,Baseline V2 controlled single-target case,Row complex LS / Wiener robust IRLS [scientific controlled],scientific_controlled,F1/F2 strict,B2_TARGET_mixed_stress_11_20261161,3.6001464159571768,140.013386713,3.8314329110503444,136.18195380194965,-0.5,0.5,radial,-1.3147562699786062,0.0,0.7307692307692307,79,2200,321.6961339999216,ok,paired C+N background,not applicable to two-channel CSI,observed,0.006489275842746249,1.0,34.0,0.0008376348688985626,-0.005286469305286409,nan,nan,nan,nan,nan,nan,57875.36040027456,0.9095051400700362,5.0,14.682851707112295,13.539458830450947,19.368707164108404,5.829248333657457,1.2022829062351517,14.744762544823063,21.253646240917533,20.69785797254592,0.047423687423687425,65526026.20751666,86425543.98985095,2900467.1301403088,999473.77998347,1.0,1.0,4759.0,2089683563.6670454,4751.0,0.009010392960097102,527280.0,13.44971616743564,,,,,,,,,
baseline_v2_mixed_stress_lhs11_s20261161,mixed_stress,lhs_11,20261161,Baseline V2 controlled single-target case,DL-SMI/MVDR global,scientific_controlled,4-channel physical academic reference,B2_TARGET_mixed_stress_11_20261161,3.6001464159571768,140.013386713,3.8314329110503444,136.18195380194965,-0.5,0.5,radial,-1.3147562699786062,0.0,0.7307692307692307,79,2200,1646.8492259998584,ok,paired C+N background only,configured beam-center spatial hypothesis; Doppler row used only for temporal/JDL frequency,,,,,,,3277.4304861826877,1.0,92440.041883925,0.0,8.697023141693201e-17,2.2887833992611187e-16,,,,-0.38358920037735544,13.51103024727741,13.127894887399766,-0.38313535987764524,-0.09777802320935448,24.62709302158881,35.67760400966719,37.292129052634955,0.15161266084343009,67831616.04775423,66321503.28924677,3022241.3222487867,3227489.759248218,1.0,1.0,2350.0,1485447774.4858358,2350.0,0.004456835078136853,527280.0,13.44971616743564,corrected research baseline,global,4086.0,1.0,0.7307692307692307,7239.180753965393,1400.2281860000494,4,256
baseline_v2_mixed_stress_lhs11_s20261161,mixed_stress,lhs_11,20261161,Baseline V2 controlled single-target case,DL-SMI/MVDR local,scientific_controlled,4-channel physical academic reference,B2_TARGET_mixed_stress_11_20261161,3.6001464159571768,140.013386713,3.8314329110503444,136.18195380194965,-0.5,0.5,radial,-1.3147562699786062,0.0,0.7307692307692307,79,2200,906.9469669998398,ok,paired C+N background only,configured beam-center spatial hypothesis; Doppler row used only for temporal/JDL frequency,,,,,,,218431.82891243798,1.0,93115.296840972,0.0,8.079388942053317e-17,2.280617143682994e-16,,,,0.10291167863581542,13.51103024727741,13.535967167397082,0.024936920119671413,-0.0817544318053183,24.154743769281005,35.19758299839254,36.801450053809006,0.14627406781252936,67831616.04775423,66566652.97357076,3022241.3222487867,2948899.7189694,1.0,1.0,2353.0,1482173918.6141407,2353.0,0.004462524654832347,527280.0,13.44971616743564,corrected research baseline,local,487.875,1.0,0.7307692307692307,533035.7840057025,631.9522940000297,4,256
baseline_v2_mixed_stress_lhs11_s20261161,mixed_stress,lhs_11,20261161,Baseline V2 controlled single-target case,Shrinkage-SMI/MVDR global,scientific_controlled,4-channel physical academic reference,B2_TARGET_mixed_stress_11_20261161,3.6001464159571768,140.013386713,3.8314329110503444,136.18195380194965,-0.5,0.5,radial,-1.3147562699786062,0.0,0.7307692307692307,79,2200,4428.786289000072,ok,paired C+N background only,configured beam-center spatial hypothesis; Doppler row used only for temporal/JDL frequency,,,,,,,409.9953241486108,1.0,92440.041883925,0.013662477434836645,7.974241079076433e-17,2.2729511820139823e-16,,,,0.05363402881778969,13.51103024727741,13.278062083302826,-0.23296816397458464,-0.15588946213192822,24.318964181521704,35.29138524633903,36.84499249288141,0.1487536395228703,67831616.04775423,65439989.018140174,3022241.3222487867,3076358.9629181786,1.0,1.0,2335.0,1489554255.415057,2336.0,0.0044302837202245485,527280.0,13.44971616743564,corrected research baseline,global,4086.0,1.0,0.7307692307692307,756.1452601861405,4149.600350000128,4,256
baseline_v2_mixed_stress_lhs11_s20261161,mixed_stress,lhs_11,20261161,Baseline V2 controlled single-target case,Shrinkage-SMI/MVDR local,scientific_controlled,4-channel physical academic reference,B2_TARGET_mixed_stress_11_20261161,3.6001464159571768,140.013386713,3.8314329110503444,136.18195380194965,-0.5,0.5,radial,-1.3147562699786062,0.0,0.7307692307692307,79,2200,1938.749954000059,ok,paired C+N background only,configured beam-center spatial hypothesis; Doppler row used only for temporal/JDL frequency,,,,,,,90.02556421130738,0.9980769230769231,93115.296840972,0.06958900353454094,7.544969058430559e-17,2.280617143682994e-16,,,,0.3822437226397441,13.51103024727741,13.466626364856918,-0.04440388242049309,-0.1729788648242862,24.07446852599701,34.97982029971272,36.50993842309175,0.1463435709589556,67831616.04775423,65182989.91953555,3022241.3222487867,2934077.9054977624,1.0,1.0,2364.0,1488705395.0810516,2364.0,0.0044833864360491575,527280.0,13.44971616743564,corrected research baseline,local,487.875,1.0,0.7307692307692307,199.4750510261606,1650.4352120000476,4,256
baseline_v2_mixed_stress_lhs11_s20261161,mixed_stress,lhs_11,20261161,Baseline V2 controlled single-target case,Corrected JDL physical,scientific_controlled,4-channel physical academic reference,B2_TARGET_mixed_stress_11_20261161,3.6001464159571768,140.013386713,3.8314329110503444,136.18195380194965,-0.5,0.5,radial,-1.3147562699786062,0.0,0.7307692307692307,79,2200,3941.071974999886,ok,paired C+N background only,configured beam-center spatial hypothesis; Doppler row used only for temporal/JDL frequency,,,,,,,14819138.611404283,4.5,92440.04188392503,0.0,8.562120318966025e-17,2.2887833992611187e-16,,,,-1.991906928748427,13.51103024727741,12.045546340260877,-1.4654839070165337,1.5487374712462119,25.81982014950228,37.408125455455774,38.95562564247229,0.149536958767728,67831616.04775423,96896013.82658619,3022241.3222487867,6049942.918651891,1.0,1.0,2713.0,2028357504.0321155,2711.0,0.005141480807161281,527280.0,13.44971616743564,corrected research baseline,global,4086.0,1.0,0.7307692307692307,83028947.5136291,3516.9888929999615,4,256
baseline_v2_mixed_stress_lhs11_s20261161,mixed_stress,lhs_11,20261161,Baseline V2 controlled single-target case,MNEC physical,scientific_controlled,4-channel physical academic reference,B2_TARGET_mixed_stress_11_20261161,3.6001464159571768,140.013386713,3.8314329110503444,136.18195380194965,-0.5,0.5,radial,-1.3147562699786062,0.0,0.7307692307692307,79,2200,2911.742939000078,ok,paired C+N background only,configured beam-center spatial hypothesis; Doppler row used only for temporal/JDL frequency,,,,,,,3277.4304861826877,1.0,92440.041883925,0.0,7.278695795614181e-17,2.2887833992611187e-16,,,,0.4549556192985393,13.51103024727741,13.106331322523827,-0.4046989247535837,-0.25539274052378885,24.187095868944787,34.92692546167129,36.421963914388016,0.15061519676904292,67831616.04775423,63957707.71212635,3022241.3222487867,3127949.678812259,1.0,1.0,2322.0,1488415895.3150828,2321.0,0.004401835836747079,527280.0,13.44971616743564,corrected research baseline,global,4086.0,1.0,0.7307692307692307,7239.180753965393,2623.9690340000834,4,256
baseline_v2_mixed_stress_lhs11_s20261161,mixed_stress,lhs_11,20261161,Baseline V2 controlled single-target case,SA-MNEC physical [approximate academic reference],scientific_controlled,4-channel physical academic reference,B2_TARGET_mixed_stress_11_20261161,3.6001464159571768,140.013386713,3.8314329110503444,136.18195380194965,-0.5,0.5,radial,-1.3147562699786062,0.0,0.7307692307692307,79,2200,9052.075949000027,ok,paired C+N background only,configured beam-center spatial hypothesis; Doppler row used only for temporal/JDL frequency,,,,,,,1107.1240781635458,1.0,2.359381403563139e-06,0.0,7.449198974044545e-17,2.2887833992611187e-16,,,,0.47090201432636425,13.51103024727741,13.001628516495657,-0.5094017307817538,-0.26886769150985124,24.191397785795225,34.893517112746665,36.397695916628635,0.15379919226073072,7.330874670403955,6.890790172488349,0.3266275174916066,0.34522812856334745,1.0,1.0,2245.0,160.28909602998263,2244.0,0.004255803368229403,527280.0,13.44971616743564,approximate academic reference,global,16344.0,1.0,0.7307692307692307,2260.3200448061984,8773.455450000029,4,256
baseline_v2_mixed_stress_lhs12_s20261162,mixed_stress,lhs_12,20261162,Baseline V2 controlled single-target case,Current legacy CSI [production replay],production_replay,F1/F2 strict,B2_TARGET_mixed_stress_12_20261162,-1.742008664096769,17.2384078139,0.4461313901196706,16.79227642378033,-0.5,0.5,radial,-0.16187241298684674,0.0,0.5769230769230769,67,2200,254.50329399996008,ok,target-observation P38,not applicable to two-channel CSI,observed,0.010732091135356168,1.0,34.0,0.000923044070538381,0.0006996699441923276,nan,nan,nan,nan,nan,nan,nan,nan,nan,15.817285249694425,-9.678906964577976,-1.1243877227417385,8.554519241836237,-16.179410859728062,11.22298359041183,17.043732945059094,15.794516638289053,0.019244857706396168,1143549.0249000613,27562.188713772983,10620512.743119871,35706.92688031168,0.0,1.0,2239.0,129370.33182542023,2240.0,0.004248217265968746,527280.0,13.44971616743564,,,,,,,,,
baseline_v2_mixed_stress_lhs12_s20261162,mixed_stress,lhs_12,20261162,Baseline V2 controlled single-target case,Phase-only CSI [production replay],production_replay,F1/F2 strict,B2_TARGET_mixed_stress_12_20261162,-1.742008664096769,17.2384078139,0.4461313901196706,16.79227642378033,-0.5,0.5,radial,-0.16187241298684674,0.0,0.5769230769230769,67,2200,259.8918280000362,ok,target-observation P38,not applicable to two-channel CSI,observed,0.010732091135356168,1.0,34.0,0.000923044070538381,0.0006996699441923276,nan,nan,nan,nan,nan,nan,nan,nan,nan,11.419283607234851,-9.678906964577976,-6.682423493784988,2.996483470792988,-14.79991889004342,16.30896398464095,21.743874980694542,20.45798252826557,0.0652916314454776,1143549.0249000613,37867.17431904967,10620512.743119871,176402.70819395088,1.0,1.0,2353.0,2967633.636612098,2351.0,0.004458731603702018,527280.0,13.44971616743564,,,,,,,,,
baseline_v2_mixed_stress_lhs12_s20261162,mixed_stress,lhs_12,20261162,Baseline V2 controlled single-target case,Current legacy CSI [scientific controlled],scientific_controlled,F1/F2 strict,B2_TARGET_mixed_stress_12_20261162,-1.742008664096769,17.2384078139,0.4461313901196706,16.79227642378033,-0.5,0.5,radial,-0.16187241298684674,0.0,0.5769230769230769,67,2200,252.3714149999705,ok,paired C+N background,not applicable to two-channel CSI,observed,0.01074712319657625,1.0,34.0,0.0009230779708082252,0.000694111665366549,nan,nan,nan,nan,nan,nan,nan,nan,nan,15.817295514492267,-9.678906964577976,-1.1223291642248427,8.556577800353134,-16.17816006771131,11.223010316743116,17.043260718733446,15.794505309719245,0.019244857706396168,1143549.0249000613,27570.127919071037,10620512.743119871,35700.286184099874,0.0,1.0,2239.0,129338.92695423115,2240.0,0.004248217265968746,527280.0,13.44971616743564,,,,,,,,,
baseline_v2_mixed_stress_lhs12_s20261162,mixed_stress,lhs_12,20261162,Baseline V2 controlled single-target case,Phase-only CSI [scientific controlled],scientific_controlled,F1/F2 strict,B2_TARGET_mixed_stress_12_20261162,-1.742008664096769,17.2384078139,0.4461313901196706,16.79227642378033,-0.5,0.5,radial,-0.16187241298684674,0.0,0.5769230769230769,67,2200,245.0884090001182,ok,paired C+N background,not applicable to two-channel CSI,observed,0.01074712319657625,1.0,34.0,0.0009230779708082252,0.000694111665366549,nan,nan,nan,nan,nan,nan,nan,nan,nan,11.419288467698202,-9.678906964577976,-6.680582924115416,2.9983240404625597,-14.798295647517687,16.308789779021055,21.743106253647298,20.45797402590341,0.06529350990889453,1143549.0249000613,37881.330404127824,10620512.743119871,176393.88097207053,1.0,1.0,2353.0,2967925.477243122,2351.0,0.004458731603702018,527280.0,13.44971616743564,,,,,,,,,
baseline_v2_mixed_stress_lhs12_s20261162,mixed_stress,lhs_12,20261162,Baseline V2 controlled single-target case,Row complex LS / Wiener [scientific controlled],scientific_controlled,F1/F2 strict,B2_TARGET_mixed_stress_12_20261162,-1.742008664096769,17.2384078139,0.4461313901196706,16.79227642378033,-0.5,0.5,radial,-0.16187241298684674,0.0,0.5769230769230769,67,2200,261.71353300014744,ok,paired C+N background,not applicable to two-channel CSI,observed,0.01074712319657625,1.0,34.0,0.0009230779708082252,0.000694111665366549,nan,nan,nan,nan,nan,nan,nan,nan,nan,12.681679991534287,-9.678906964577976,-5.521046218230204,4.157860746347772,-15.28517500086894,14.950138827979277,20.20390321151094,18.999313761211383,0.04945054945054945,1143549.0249000613,33863.9245482568,10620512.743119871,120737.4250959615,0.0,1.0,2027.0,1186694.1391930154,2026.0,0.003842360795023517,527280.0,13.44971616743564,,,,,,,,,
baseline_v2_mixed_stress_lhs12_s20261162,mixed_stress,lhs_12,20261162,Baseline V2 controlled single-target case,Row complex LS / Wiener robust IRLS [scientific controlled],scientific_controlled,F1/F2 strict,B2_TARGET_mixed_stress_12_20261162,-1.742008664096769,17.2384078139,0.4461313901196706,16.79227642378033,-0.5,0.5,radial,-0.16187241298684674,0.0,0.5769230769230769,67,2200,412.7893200000017,ok,paired C+N background,not applicable to two-channel CSI,observed,0.01074712319657625,1.0,34.0,0.0009230779708082252,0.000694111665366549,nan,nan,nan,nan,nan,nan,72630.51083080293,0.900828585154304,5.0,12.666473397943134,-9.678906964577976,-5.448992931581678,4.229914032996298,-15.204846235761202,14.90980348800694,20.274439653475547,19.070754367261586,0.04898656898656899,1143549.0249000613,34496.11320073929,10620512.743119871,120967.70951276404,0.0,1.0,2115.0,1299578.731382242,2115.0,0.004011151570323168,527280.0,13.44971616743564,,,,,,,,,
baseline_v2_mixed_stress_lhs12_s20261162,mixed_stress,lhs_12,20261162,Baseline V2 controlled single-target case,DL-SMI/MVDR global,scientific_controlled,4-channel physical academic reference,B2_TARGET_mixed_stress_12_20261162,-1.742008664096769,17.2384078139,0.4461313901196706,16.79227642378033,-0.5,0.5,radial,-0.16187241298684674,0.0,0.5769230769230769,67,2200,2401.665512000136,ok,paired C+N background only,configured beam-center spatial hypothesis; Doppler row used only for temporal/JDL frequency,,,,,,,4719.735676712344,1.0,6088.960825583181,0.0,7.678253824220724e-17,2.277015837859318e-16,,,,-0.35904307686499887,-9.745841009834885,-9.979448820697566,-0.23360781086268112,-0.1460340596667607,24.230238589591465,35.62983897656049,34.42902821480037,0.144480135249366,1165074.6561276158,1126549.6816622226,10988485.9224977,11212313.473655842,1.0,1.0,2357.0,117185806.51935405,2358.0,0.00447200728265817,527280.0,13.44971616743564,corrected research baseline,global,4086.0,1.0,0.5769230769230769,9999.044595462336,2142.2648589998516,4,256
baseline_v2_mixed_stress_lhs12_s20261162,mixed_stress,lhs_12,20261162,Baseline V2 controlled single-target case,DL-SMI/MVDR local,scientific_controlled,4-channel physical academic reference,B2_TARGET_mixed_stress_12_20261162,-1.742008664096769,17.2384078139,0.4461313901196706,16.79227642378033,-0.5,0.5,radial,-0.16187241298684674,0.0,0.5769230769230769,67,2200,1410.5991459998677,ok,paired C+N background only,configured beam-center spatial hypothesis; Doppler row used only for temporal/JDL frequency,,,,,,,108820.02900163193,1.0,6097.12820261542,0.0,8.009984819491005e-17,2.2729511820139823e-16,,,,0.06418424471805403,-9.745841009834885,-9.897031012740133,-0.1511900029052473,-0.14557175045269144,23.75181628702847,35.146197698404166,34.00417177029736,0.138923640462102,1165074.6561276158,1126669.6099691966,10988485.9224977,11002710.380841462,1.0,1.0,2379.0,115357051.21608561,2380.0,0.004513730845091792,527280.0,13.44971616743564,corrected research baseline,local,487.875,1.0,0.5769230769230769,200407.80643619344,1155.7263279999006,4,256
baseline_v2_mixed_stress_lhs12_s20261162,mixed_stress,lhs_12,20261162,Baseline V2 controlled single-target case,Shrinkage-SMI/MVDR global,scientific_controlled,4-channel physical academic reference,B2_TARGET_mixed_stress_12_20261162,-1.742008664096769,17.2384078139,0.4461313901196706,16.79227642378033,-0.5,0.5,radial,-0.16187241298684674,0.0,0.5769230769230769,67,2200,5552.070174999926,ok,paired C+N background only,configured beam-center spatial hypothesis; Doppler row used only for temporal/JDL frequency,,,,,,,1458.5580564613313,1.0,6088.960825583181,0.002252453684805298,7.653767558145252e-17,2.2591401799415137e-16,,,,-0.2623662440497444,-9.745841009834885,-9.971774699301792,-0.22593368946690617,-0.1818888724254022,24.129263986997774,35.53093594078628,34.3301215542401,0.14367427444350522,1165074.6561276158,1117287.3145645284,10988485.9224977,11100494.803152647,1.0,1.0,2347.0,115463699.09198321,2347.0,0.004451145501441359,527280.0,13.44971616743564,corrected research baseline,global,4086.0,1.0,0.5769230769230769,2451.656708769317,5272.757483000078,4,256
baseline_v2_mixed_stress_lhs12_s20261162,mixed_stress,lhs_12,20261162,Baseline V2 controlled single-target case,Shrinkage-SMI/MVDR local,scientific_controlled,4-channel physical academic reference,B2_TARGET_mixed_stress_12_20261162,-1.742008664096769,17.2384078139,0.4461313901196706,16.79227642378033,-0.5,0.5,radial,-0.16187241298684674,0.0,0.5769230769230769,67,2200,1988.796776999834,ok,paired C+N background only,configured beam-center spatial hypothesis; Doppler row used only for temporal/JDL frequency,,,,,,,311.57894848010403,1.0,6097.12820261542,0.016770605802546152,7.514894065942389e-17,2.2591401799415137e-16,,,,0.14065032569703032,-9.745841009834885,-9.85712837343774,-0.1112873636028553,-0.2776076496937348,23.730511029149536,35.08816713656352,33.920476662199746,0.13935944397482858,1165074.6561276158,1092931.6182602185,10988485.9224977,10575619.757544864,1.0,1.0,2363.0,110515438.50278121,2365.0,0.004485282961614322,527280.0,13.44971616743564,corrected research baseline,local,487.875,1.0,0.5769230769230769,579.1348464648264,1724.5385100000021,4,256
baseline_v2_mixed_stress_lhs12_s20261162,mixed_stress,lhs_12,20261162,Baseline V2 controlled single-target case,Corrected JDL physical,scientific_controlled,4-channel physical academic reference,B2_TARGET_mixed_stress_12_20261162,-1.742008664096769,17.2384078139,0.4461313901196706,16.79227642378033,-0.5,0.5,radial,-0.16187241298684674,0.0,0.5769230769230769,67,2200,4000.944252000181,ok,paired C+N background only,configured beam-center spatial hypothesis; Doppler row used only for temporal/JDL frequency,,,,,,,2087713.3758997614,4.530769230769231,6088.960825583179,0.0,8.028840147853882e-17,2.2887833992611187e-16,,,,-1.9190724822013203,-9.745841009834885,-10.082584159463266,-0.33674314962838103,1.630319776218673,25.6397511722992,37.38178399560876,36.06248584872097,0.1492439184746877,1165074.6561276158,1695843.350193032,10988485.9224977,17283995.665259894,1.0,1.0,2370.0,173110332.65560853,2371.0,0.00449666211500531,527280.0,13.44971616743564,corrected research baseline,global,4086.0,1.0,0.5769230769230769,10150321.13733378,3543.274993000068,4,256
baseline_v2_mixed_stress_lhs12_s20261162,mixed_stress,lhs_12,20261162,Baseline V2 controlled single-target case,MNEC physical,scientific_controlled,4-channel physical academic reference,B2_TARGET_mixed_stress_12_20261162,-1.742008664096769,17.2384078139,0.4461313901196706,16.79227642378033,-0.5,0.5,radial,-0.16187241298684674,0.0,0.5769230769230769,67,2200,2500.3862569999455,ok,paired C+N background only,configured beam-center spatial hypothesis; Doppler row used only for temporal/JDL frequency,,,,,,,4719.735676712344,1.0,6088.960825583181,0.0,7.161938102892323e-17,2.2591401799415137e-16,,,,0.24597664230813593,-9.745841009834885,-9.829194765072316,-0.0833537552374306,-0.5643190336602335,23.85231380646991,34.95218106511822,33.77963826525465,0.14561284868977176,1165074.6561276158,1023108.8745253404,10988485.9224977,9836516.579458684,1.0,1.0,2348.0,96066840.86097133,2348.0,0.004453042027006524,527280.0,13.44971616743564,corrected research baseline,global,4086.0,1.0,0.5769230769230769,9999.044595462336,2203.447191999885,4,256
baseline_v2_mixed_stress_lhs12_s20261162,mixed_stress,lhs_12,20261162,Baseline V2 controlled single-target case,SA-MNEC physical [approximate academic reference],scientific_controlled,4-channel physical academic reference,B2_TARGET_mixed_stress_12_20261162,-1.742008664096769,17.2384078139,0.4461313901196706,16.79227642378033,-0.5,0.5,radial,-0.16187241298684674,0.0,0.5769230769230769,67,2200,7073.350802000277,ok,paired C+N background only,configured beam-center spatial hypothesis; Doppler row used only for temporal/JDL frequency,,,,,,,1531.7468676777032,1.0,2.3700899371065023e-06,0.0,7.39150793995622e-17,2.2887833992611187e-16,,,,0.39094382540807376,-9.745841009834885,-9.841081697482089,-0.09524068764720361,-0.7018496400174474,23.703764197407715,34.799836683212234,33.61959550874034,0.1468657837888607,1.9698349981001595,1.675887591114314,18.578641319184232,16.156714659089644,1.0,1.0,2357.0,157.34487219883474,2359.0,0.004473903808223335,527280.0,13.44971616743564,approximate academic reference,global,16344.0,1.0,0.5769230769230769,2963.0625173656204,6856.369301000086,4,256
