factor,factor_level,method,comparison_protocol,n_cases,n_seeds,failure_rate,SCNR_improvement_dB__mean,SCNR_improvement_dB__std,SCNR_improvement_dB__ci95_low,SCNR_improvement_dB__ci95_high,SCNR_improvement_dB__p05,SCNR_improvement_dB__p95,target_loss_dB__mean,target_loss_dB__std,target_loss_dB__ci95_low,target_loss_dB__ci95_high,target_loss_dB__p05,target_loss_dB__p95,residual_suppression_dB__mean,residual_suppression_dB__std,residual_suppression_dB__ci95_low,residual_suppression_dB__ci95_high,residual_suppression_dB__p05,residual_suppression_dB__p95,background_residual_p95_dB_over_input_median__mean,background_residual_p95_dB_over_input_median__std,background_residual_p95_dB_over_input_median__ci95_low,background_residual_p95_dB_over_input_median__ci95_high,background_residual_p95_dB_over_input_median__p05,background_residual_p95_dB_over_input_median__p95,background_residual_p99_dB_over_input_median__mean,background_residual_p99_dB_over_input_median__std,background_residual_p99_dB_over_input_median__ci95_low,background_residual_p99_dB_over_input_median__ci95_high,background_residual_p99_dB_over_input_median__p05,background_residual_p99_dB_over_input_median__p95,background_residual_cvar95_dB_over_input_median__mean,background_residual_cvar95_dB_over_input_median__std,background_residual_cvar95_dB_over_input_median__ci95_low,background_residual_cvar95_dB_over_input_median__ci95_high,background_residual_cvar95_dB_over_input_median__p05,background_residual_cvar95_dB_over_input_median__p95,high_tail_fraction_15dB__mean,high_tail_fraction_15dB__std,high_tail_fraction_15dB__ci95_low,high_tail_fraction_15dB__ci95_high,high_tail_fraction_15dB__p05,high_tail_fraction_15dB__p95,background_Pfa__mean,background_Pfa__std,background_Pfa__ci95_low,background_Pfa__ci95_high,background_Pfa__p05,background_Pfa__p95,Pd__mean,Pd__std,Pd__successes,Pd__trials,Pd__ci95_low,Pd__ci95_high,Pd__p05,Pd__p95,runtime_ms__mean,runtime_ms__std,runtime_ms__ci95_low,runtime_ms__ci95_high,runtime_ms__p05,runtime_ms__p95
mixed_stress,lhs_01,Corrected JDL physical,scientific_controlled,1,1,0.0,-2.045047912669723,nan,-2.045047912669723,nan,-2.045047912669723,-2.045047912669723,0.8396070881627559,nan,0.8396070881627559,nan,0.8396070881627559,0.8396070881627559,-1.6957149443766109,nan,-1.6957149443766109,nan,-1.6957149443766109,-1.6957149443766109,25.636195917700107,nan,25.636195917700107,nan,25.636195917700107,25.636195917700107,37.29408261228031,nan,37.29408261228031,nan,37.29408261228031,37.29408261228031,41.51056722119088,nan,41.51056722119088,nan,41.51056722119088,41.51056722119088,0.14851507466892083,nan,0.14851507466892083,nan,0.14851507466892083,0.14851507466892083,0.006127674101046882,nan,0.006127674101046882,nan,0.006127674101046882,0.006127674101046882,1.0,nan,1,1,0.20654329147389294,1.0,1.0,1.0,4406.838655999991,nan,4406.838655999991,nan,4406.838655999991,4406.838655999991
mixed_stress,lhs_01,Current legacy CSI [production replay],production_replay,1,1,0.0,10.871267795546256,nan,10.871267795546256,nan,10.871267795546256,10.871267795546256,-0.31383917797887506,nan,-0.31383917797887506,nan,-0.31383917797887506,-0.31383917797887506,18.662078401700622,nan,18.662078401700622,nan,18.662078401700622,18.662078401700622,12.465323675650154,nan,12.465323675650154,nan,12.465323675650154,12.465323675650154,19.43916669542242,nan,19.43916669542242,nan,19.43916669542242,19.43916669542242,19.95683358915279,nan,19.95683358915279,nan,19.95683358915279,19.95683358915279,0.028697285620362542,nan,0.028697285620362542,nan,0.028697285620362542,0.028697285620362542,0.010595888332574722,nan,0.010595888332574722,nan,0.010595888332574722,0.010595888332574722,1.0,nan,1,1,0.20654329147389294,1.0,1.0,1.0,436.81443900004524,nan,436.81443900004524,nan,436.81443900004524,436.81443900004524
mixed_stress,lhs_01,Current legacy CSI [scientific controlled],scientific_controlled,1,1,0.0,10.95727430772563,nan,10.95727430772563,nan,10.95727430772563,10.95727430772563,-0.27288836412461137,nan,-0.27288836412461137,nan,-0.27288836412461137,-0.27288836412461137,18.66724159196902,nan,18.66724159196902,nan,18.66724159196902,18.66724159196902,12.46788253616212,nan,12.46788253616212,nan,12.46788253616212,12.46788253616212,19.4361947119072,nan,19.4361947119072,nan,19.4361947119072,19.4361947119072,19.95047220367794,nan,19.95047220367794,nan,19.95047220367794,19.95047220367794,0.028723584108199494,nan,0.028723584108199494,nan,0.028723584108199494,0.028723584108199494,0.010603474434835381,nan,0.010603474434835381,nan,0.010603474434835381,0.010603474434835381,1.0,nan,1,1,0.20654329147389294,1.0,1.0,1.0,246.40052399990964,nan,246.40052399990964,nan,246.40052399990964,246.40052399990964
mixed_stress,lhs_01,DL-SMI/MVDR global,scientific_controlled,1,1,0.0,-0.048083308068232355,nan,-0.048083308068232355,nan,-0.048083308068232355,-0.048083308068232355,-0.24441211484808834,nan,-0.24441211484808834,nan,-0.24441211484808834,-0.24441211484808834,-0.10294434576718407,nan,-0.10294434576718407,nan,-0.10294434576718407,-0.10294434576718407,24.66061534951653,nan,24.66061534951653,nan,24.66061534951653,24.66061534951653,35.734293481854465,nan,35.734293481854465,nan,35.734293481854465,35.734293481854465,39.88369584477485,nan,39.88369584477485,nan,39.88369584477485,39.88369584477485,0.15370526908988447,nan,0.15370526908988447,nan,0.15370526908988447,0.15370526908988447,0.0053899256561978455,nan,0.0053899256561978455,nan,0.0053899256561978455,0.0053899256561978455,1.0,nan,1,1,0.20654329147389294,1.0,1.0,1.0,2519.620912000164,nan,2519.620912000164,nan,2519.620912000164,2519.620912000164
mixed_stress,lhs_01,DL-SMI/MVDR local,scientific_controlled,1,1,0.0,-0.43741096307705973,nan,-0.43741096307705973,nan,-0.43741096307705973,-0.43741096307705973,-0.44128922179824925,nan,-0.44128922179824925,nan,-0.44128922179824925,-0.44128922179824925,0.3448954362043743,nan,0.3448954362043743,nan,0.3448954362043743,0.3448954362043743,24.35626172461732,nan,24.35626172461732,nan,24.35626172461732,24.35626172461732,35.35002146552784,nan,35.35002146552784,nan,35.35002146552784,35.35002146552784,39.43071412747548,nan,39.43071412747548,nan,39.43071412747548,39.43071412747548,0.1502150840612379,nan,0.1502150840612379,nan,0.1502150840612379,0.1502150840612379,0.005393718707328175,nan,0.005393718707328175,nan,0.005393718707328175,0.005393718707328175,1.0,nan,1,1,0.20654329147389294,1.0,1.0,1.0,1447.35552200018,nan,1447.35552200018,nan,1447.35552200018,1447.35552200018
mixed_stress,lhs_01,MNEC physical,scientific_controlled,1,1,0.0,-1.3802899792715344,nan,-1.3802899792715344,nan,-1.3802899792715344,-1.3802899792715344,-1.8795353145942875,nan,-1.8795353145942875,nan,-1.8795353145942875,-1.8795353145942875,0.7339658606320745,nan,0.7339658606320745,nan,0.7339658606320745,0.7339658606320745,24.053331134463733,nan,24.053331134463733,nan,24.053331134463733,24.053331134463733,34.896831211072055,nan,34.896831211072055,nan,34.896831211072055,34.896831211072055,39.035949751699526,nan,39.035949751699526,nan,39.035949751699526,39.035949751699526,0.14844181459566075,nan,0.14844181459566075,nan,0.14844181459566075,0.14844181459566075,0.0053899256561978455,nan,0.0053899256561978455,nan,0.0053899256561978455,0.0053899256561978455,1.0,nan,1,1,0.20654329147389294,1.0,1.0,1.0,2408.746982000139,nan,2408.746982000139,nan,2408.746982000139,2408.746982000139
mixed_stress,lhs_01,Phase-only CSI [production replay],production_replay,1,1,0.0,7.9575401138202935,nan,7.9575401138202935,nan,7.9575401138202935,7.9575401138202935,0.20957041658613806,nan,0.20957041658613806,nan,0.20957041658613806,0.20957041658613806,13.446511796680428,nan,13.446511796680428,nan,13.446511796680428,13.446511796680428,16.770911899296582,nan,16.770911899296582,nan,16.770911899296582,16.770911899296582,24.45885850527769,nan,24.45885850527769,nan,24.45885850527769,24.45885850527769,25.530233608553377,nan,25.530233608553377,nan,25.530233608553377,25.530233608553377,0.0696421527190758,nan,0.0696421527190758,nan,0.0696421527190758,0.0696421527190758,0.010203307540585647,nan,0.010203307540585647,nan,0.010203307540585647,0.010203307540585647,1.0,nan,1,1,0.20654329147389294,1.0,1.0,1.0,266.01827800004685,nan,266.01827800004685,nan,266.01827800004685,266.01827800004685
mixed_stress,lhs_01,Phase-only CSI [scientific controlled],scientific_controlled,1,1,0.0,8.018820700210998,nan,8.018820700210998,nan,8.018820700210998,8.018820700210998,0.25002915519584734,nan,0.25002915519584734,nan,0.25002915519584734,0.25002915519584734,13.447871564817525,nan,13.447871564817525,nan,13.447871564817525,13.447871564817525,16.772201487475023,nan,16.772201487475023,nan,16.772201487475023,16.772201487475023,24.457837873865586,nan,24.457837873865586,nan,24.457837873865586,24.457837873865586,25.528601598323533,nan,25.528601598323533,nan,25.528601598323533,25.528601598323533,0.06963651732882502,nan,0.06963651732882502,nan,0.06963651732882502,0.06963651732882502,0.010201411015020482,nan,0.010201411015020482,nan,0.010201411015020482,0.010201411015020482,1.0,nan,1,1,0.20654329147389294,1.0,1.0,1.0,228.77179100009926,nan,228.77179100009926,nan,228.77179100009926,228.77179100009926
mixed_stress,lhs_01,Row complex LS / Wiener [scientific controlled],scientific_controlled,1,1,0.0,8.406489131303548,nan,8.406489131303548,nan,8.406489131303548,8.406489131303548,0.6596064803453319,nan,0.6596064803453319,nan,0.6596064803453319,0.6596064803453319,15.155490592119076,nan,15.155490592119076,nan,15.155490592119076,15.155490592119076,15.469154102611675,nan,15.469154102611675,nan,15.469154102611675,15.469154102611675,22.7545909033871,nan,22.7545909033871,nan,22.7545909033871,22.7545909033871,23.671511039228818,nan,23.671511039228818,nan,23.671511039228818,23.671511039228818,0.05479477787170095,nan,0.05479477787170095,nan,0.05479477787170095,0.05479477787170095,0.011166742527689273,nan,0.011166742527689273,nan,0.011166742527689273,0.011166742527689273,1.0,nan,1,1,0.20654329147389294,1.0,1.0,1.0,258.39665400008016,nan,258.39665400008016,nan,258.39665400008016,258.39665400008016
mixed_stress,lhs_01,Row complex LS / Wiener robust IRLS [scientific controlled],scientific_controlled,1,1,0.0,8.285218003558963,nan,8.285218003558963,nan,8.285218003558963,8.285218003558963,0.6180801199209457,nan,0.6180801199209457,nan,0.6180801199209457,0.6180801199209457,15.110711791098868,nan,15.110711791098868,nan,15.110711791098868,15.110711791098868,15.40659307995352,nan,15.40659307995352,nan,15.40659307995352,15.40659307995352,22.701448688617347,nan,22.701448688617347,nan,22.701448688617347,22.701448688617347,23.73985060403494,nan,23.73985060403494,nan,23.73985060403494,23.73985060403494,0.05427632196862966,nan,0.05427632196862966,nan,0.05427632196862966,0.05427632196862966,0.011200879987862237,nan,0.011200879987862237,nan,0.011200879987862237,0.011200879987862237,1.0,nan,1,1,0.20654329147389294,1.0,1.0,1.0,307.53178999998454,nan,307.53178999998454,nan,307.53178999998454,307.53178999998454
mixed_stress,lhs_01,SA-MNEC physical [approximate academic reference],scientific_controlled,1,1,0.0,-1.4528776054775356,nan,-1.4528776054775356,nan,-1.4528776054775356,-1.4528776054775356,-1.7539324314650688,nan,-1.7539324314650688,nan,-1.7539324314650688,-1.7539324314650688,0.5140810441490464,nan,0.5140810441490464,nan,0.5140810441490464,0.5140810441490464,24.408532719837655,nan,24.408532719837655,nan,24.408532719837655,24.408532719837655,35.119241344084756,nan,35.119241344084756,nan,35.119241344084756,35.119241344084756,39.24670526751487,nan,39.24670526751487,nan,39.24670526751487,39.24670526751487,0.15835446604677375,nan,0.15835446604677375,nan,0.15835446604677375,0.15835446604677375,0.0049101046882111974,nan,0.0049101046882111974,nan,0.0049101046882111974,0.0049101046882111974,1.0,nan,1,1,0.20654329147389294,1.0,1.0,1.0,7475.653622999971,nan,7475.653622999971,nan,7475.653622999971,7475.653622999971
mixed_stress,lhs_01,Shrinkage-SMI/MVDR global,scientific_controlled,1,1,0.0,0.0013887931813734156,nan,0.0013887931813734156,nan,0.0013887931813734156,0.0013887931813734156,-0.9183523268309134,nan,-0.9183523268309134,nan,-0.9183523268309134,-0.9183523268309134,0.5514309450035884,nan,0.5514309450035884,nan,0.5514309450035884,0.5514309450035884,24.17209847066318,nan,24.17209847066318,nan,24.17209847066318,24.17209847066318,35.15189743891608,nan,35.15189743891608,nan,35.15189743891608,35.15189743891608,39.222879954560696,nan,39.222879954560696,nan,39.222879954560696,39.222879954560696,0.1479327510096741,nan,0.1479327510096741,nan,0.1479327510096741,0.1479327510096741,0.0054714762554999245,nan,0.0054714762554999245,nan,0.0054714762554999245,0.0054714762554999245,1.0,nan,1,1,0.20654329147389294,1.0,1.0,1.0,4089.4179730000815,nan,4089.4179730000815,nan,4089.4179730000815,4089.4179730000815
mixed_stress,lhs_01,Shrinkage-SMI/MVDR local,scientific_controlled,1,1,0.0,-1.2114918153943783,nan,-1.2114918153943783,nan,-1.2114918153943783,-1.2114918153943783,-1.403893783124138,nan,-1.403893783124138,nan,-1.403893783124138,-1.403893783124138,0.7827919803950527,nan,0.7827919803950527,nan,0.7827919803950527,0.7827919803950527,24.022514021599903,nan,24.022514021599903,nan,24.022514021599903,24.022514021599903,34.94666937664733,nan,34.94666937664733,nan,34.94666937664733,34.94666937664733,38.98826472091416,nan,38.98826472091416,nan,38.98826472091416,38.98826472091416,0.1463435709589556,nan,0.1463435709589556,nan,0.1463435709589556,0.1463435709589556,0.005606129570626612,nan,0.005606129570626612,nan,0.005606129570626612,0.005606129570626612,1.0,nan,1,1,0.20654329147389294,1.0,1.0,1.0,2007.4518530000205,nan,2007.4518530000205,nan,2007.4518530000205,2007.4518530000205
mixed_stress,lhs_02,Corrected JDL physical,scientific_controlled,1,1,0.0,-1.9303902145482983,nan,-1.9303902145482983,nan,-1.9303902145482983,-1.9303902145482983,1.3181903183805364,nan,1.3181903183805364,nan,1.3181903183805364,1.3181903183805364,-1.818748706975226,nan,-1.818748706975226,nan,-1.818748706975226,-1.818748706975226,25.774555838745506,nan,25.774555838745506,nan,25.774555838745506,25.774555838745506,37.37875015223464,nan,37.37875015223464,nan,37.37875015223464,37.37875015223464,40.120622121879165,nan,40.120622121879165,nan,40.120622121879165,40.120622121879165,0.14996149149995303,nan,0.14996149149995303,nan,0.14996149149995303,0.14996149149995303,0.005198376574116219,nan,0.005198376574116219,nan,0.005198376574116219,0.005198376574116219,1.0,nan,1,1,0.20654329147389294,1.0,1.0,1.0,4212.701197999877,nan,4212.701197999877,nan,4212.701197999877,4212.701197999877
mixed_stress,lhs_02,Current legacy CSI [production replay],production_replay,1,1,0.0,11.073397274670658,nan,11.073397274670658,nan,11.073397274670658,11.073397274670658,-1.0440295587716668,nan,-1.0440295587716668,nan,-1.0440295587716668,-1.0440295587716668,16.980150094108634,nan,16.980150094108634,nan,16.980150094108634,16.980150094108634,12.946872768653812,nan,12.946872768653812,nan,12.946872768653812,12.946872768653812,19.588507052410964,nan,19.588507052410964,nan,19.588507052410964,19.588507052410964,19.90742533055079,nan,19.90742533055079,nan,19.90742533055079,19.90742533055079,0.032215647600262985,nan,0.032215647600262985,nan,0.032215647600262985,0.032215647600262985,0.008388332574723108,nan,0.008388332574723108,nan,0.008388332574723108,0.008388332574723108,1.0,nan,1,1,0.20654329147389294,1.0,1.0,1.0,262.111042000015,nan,262.111042000015,nan,262.111042000015,262.111042000015
mixed_stress,lhs_02,Current legacy CSI [scientific controlled],scientific_controlled,1,1,0.0,11.079381661595082,nan,11.079381661595082,nan,11.079381661595082,11.079381661595082,-1.037866804306654,nan,-1.037866804306654,nan,-1.037866804306654,-1.037866804306654,16.980284350534358,nan,16.980284350534358,nan,16.980284350534358,16.980284350534358,12.94783853380107,nan,12.94783853380107,nan,12.94783853380107,12.94783853380107,19.585743139947557,nan,19.585743139947557,nan,19.585743139947557,19.585743139947557,19.90736293424584,nan,19.90736293424584,nan,19.90736293424584,19.90736293424584,0.03222879684418146,nan,0.03222879684418146,nan,0.03222879684418146,0.03222879684418146,0.008392125625853437,nan,0.008392125625853437,nan,0.008392125625853437,0.008392125625853437,1.0,nan,1,1,0.20654329147389294,1.0,1.0,1.0,264.96831600002224,nan,264.96831600002224,nan,264.96831600002224,264.96831600002224
mixed_stress,lhs_02,DL-SMI/MVDR global,scientific_controlled,1,1,0.0,-0.9192418772486945,nan,-0.9192418772486945,nan,-0.9192418772486945,-0.9192418772486945,-0.30447175089360884,nan,-0.30447175089360884,nan,-0.30447175089360884,-0.30447175089360884,-0.2982555525500447,nan,-0.2982555525500447,nan,-0.2982555525500447,-0.2982555525500447,24.62116709229376,nan,24.62116709229376,nan,24.62116709229376,24.62116709229376,35.701161783801176,nan,35.701161783801176,nan,35.701161783801176,35.701161783801176,38.562328096535204,nan,38.562328096535204,nan,38.562328096535204,38.562328096535204,0.151839954916878,nan,0.151839954916878,nan,0.151839954916878,0.151839954916878,0.004566833560916401,nan,0.004566833560916401,nan,0.004566833560916401,0.004566833560916401,1.0,nan,1,1,0.20654329147389294,1.0,1.0,1.0,2615.2968400001555,nan,2615.2968400001555,nan,2615.2968400001555,2615.2968400001555
mixed_stress,lhs_02,DL-SMI/MVDR local,scientific_controlled,1,1,0.0,-0.1873865715771501,nan,-0.1873865715771501,nan,-0.1873865715771501,-0.1873865715771501,-0.12732502282646999,nan,-0.12732502282646999,nan,-0.12732502282646999,-0.12732502282646999,0.19976145813808077,nan,0.19976145813808077,nan,0.19976145813808077,0.19976145813808077,24.18422654489326,nan,24.18422654489326,nan,24.18422654489326,24.18422654489326,35.27694171282282,nan,35.27694171282282,nan,35.27694171282282,35.27694171282282,38.05938773006871,nan,38.05938773006871,nan,38.05938773006871,38.05938773006871,0.1468263360571053,nan,0.1468263360571053,nan,0.1468263360571053,0.1468263360571053,0.004593384918828706,nan,0.004593384918828706,nan,0.004593384918828706,0.004593384918828706,1.0,nan,1,1,0.20654329147389294,1.0,1.0,1.0,1448.5399679999773,nan,1448.5399679999773,nan,1448.5399679999773,1448.5399679999773
mixed_stress,lhs_02,MNEC physical,scientific_controlled,1,1,0.0,-1.6734304934018018,nan,-1.6734304934018018,nan,-1.6734304934018018,-1.6734304934018018,-1.6251061044862447,nan,-1.6251061044862447,nan,-1.6251061044862447,-1.6251061044862447,0.6877847284957979,nan,0.6877847284957979,nan,0.6877847284957979,0.6877847284957979,24.17210032958931,nan,24.17210032958931,nan,24.17210032958931,24.17210032958931,34.82417615843225,nan,34.82417615843225,nan,34.82417615843225,34.82417615843225,37.546973150446476,nan,37.546973150446476,nan,37.546973150446476,37.546973150446476,0.15036160420775804,nan,0.15036160420775804,nan,0.15036160420775804,0.15036160420775804,0.004669245941435291,nan,0.004669245941435291,nan,0.004669245941435291,0.004669245941435291,1.0,nan,1,1,0.20654329147389294,1.0,1.0,1.0,2432.642461999876,nan,2432.642461999876,nan,2432.642461999876,2432.642461999876
mixed_stress,lhs_02,Phase-only CSI [production replay],production_replay,1,1,0.0,9.384344017377789,nan,9.384344017377789,nan,9.384344017377789,9.384344017377789,-0.21823930399932528,nan,-0.21823930399932528,nan,-0.21823930399932528,-0.21823930399932528,11.951763348531085,nan,11.951763348531085,nan,11.951763348531085,11.951763348531085,17.841153548559053,nan,17.841153548559053,nan,17.841153548559053,17.841153548559053,24.69189637395997,nan,24.69189637395997,nan,24.69189637395997,24.69189637395997,25.180501444394658,nan,25.180501444394658,nan,25.180501444394658,25.180501444394658,0.08466046773739082,nan,0.08466046773739082,nan,0.08466046773739082,0.08466046773739082,0.009050219996965559,nan,0.009050219996965559,nan,0.009050219996965559,0.009050219996965559,1.0,nan,1,1,0.20654329147389294,1.0,1.0,1.0,233.81092499994338,nan,233.81092499994338,nan,233.81092499994338,233.81092499994338
mixed_stress,lhs_02,Phase-only CSI [scientific controlled],scientific_controlled,1,1,0.0,9.390113401184514,nan,9.390113401184514,nan,9.390113401184514,9.390113401184514,-0.21225343219681897,nan,-0.21225343219681897,nan,-0.21225343219681897,-0.21225343219681897,11.951799041580419,nan,11.951799041580419,nan,11.951799041580419,11.951799041580419,17.841227165596884,nan,17.841227165596884,nan,17.841227165596884,17.841227165596884,24.692171998472002,nan,24.692171998472002,nan,24.692171998472002,24.692171998472002,25.18045491639791,nan,25.18045491639791,nan,25.18045491639791,25.18045491639791,0.08467173851789236,nan,0.08467173851789236,nan,0.08467173851789236,0.08467173851789236,0.009052116522530724,nan,0.009052116522530724,nan,0.009052116522530724,0.009052116522530724,1.0,nan,1,1,0.20654329147389294,1.0,1.0,1.0,246.72830400004386,nan,246.72830400004386,nan,246.72830400004386,246.72830400004386
mixed_stress,lhs_02,Row complex LS / Wiener [scientific controlled],scientific_controlled,1,1,0.0,9.569223714555935,nan,9.569223714555935,nan,9.569223714555935,9.569223714555935,0.29131246980600445,nan,0.29131246980600445,nan,0.29131246980600445,0.29131246980600445,13.394500669296864,nan,13.394500669296864,nan,13.394500669296864,13.394500669296864,16.607100691114702,nan,16.607100691114702,nan,16.607100691114702,16.607100691114702,23.37253106306114,nan,23.37253106306114,nan,23.37253106306114,23.37253106306114,23.638332621739533,nan,23.638332621739533,nan,23.638332621739533,23.638332621739533,0.06819385742462665,nan,0.06819385742462665,nan,0.06819385742462665,0.06819385742462665,0.008983841602184798,nan,0.008983841602184798,nan,0.008983841602184798,0.008983841602184798,1.0,nan,1,1,0.20654329147389294,1.0,1.0,1.0,247.36605299995063,nan,247.36605299995063,nan,247.36605299995063,247.36605299995063
mixed_stress,lhs_02,Row complex LS / Wiener robust IRLS [scientific controlled],scientific_controlled,1,1,0.0,9.44415415863876,nan,9.44415415863876,nan,9.44415415863876,9.44415415863876,0.0919975868152742,nan,0.0919975868152742,nan,0.0919975868152742,0.0919975868152742,13.373873788500784,nan,13.373873788500784,nan,13.373873788500784,13.373873788500784,16.58209046308029,nan,16.58209046308029,nan,16.58209046308029,16.58209046308029,23.33052690209076,nan,23.33052690209076,nan,23.33052690209076,23.33052690209076,23.674466151612165,nan,23.674466151612165,nan,23.674466151612165,23.674466151612165,0.06777120315581854,nan,0.06777120315581854,nan,0.06777120315581854,0.06777120315581854,0.00899332423001062,nan,0.00899332423001062,nan,0.00899332423001062,0.00899332423001062,1.0,nan,1,1,0.20654329147389294,1.0,1.0,1.0,337.74154100001397,nan,337.74154100001397,nan,337.74154100001397,337.74154100001397
mixed_stress,lhs_02,SA-MNEC physical [approximate academic reference],scientific_controlled,1,1,0.0,-1.3842207096621548,nan,-1.3842207096621548,nan,-1.3842207096621548,-1.3842207096621548,-1.7941841651626893,nan,-1.7941841651626893,nan,-1.7941841651626893,-1.7941841651626893,0.8349727413889827,nan,0.8349727413889827,nan,0.8349727413889827,0.8349727413889827,24.146269423492548,nan,24.146269423492548,nan,24.146269423492548,24.146269423492548,34.71329203336194,nan,34.71329203336194,nan,34.71329203336194,34.71329203336194,37.38427132575601,nan,37.38427132575601,nan,37.38427132575601,37.38427132575601,0.1557621865314173,nan,0.1557621865314173,nan,0.1557621865314173,0.1557621865314173,0.0047223486572599,nan,0.0047223486572599,nan,0.0047223486572599,0.0047223486572599,1.0,nan,1,1,0.20654329147389294,1.0,1.0,1.0,7469.032334999838,nan,7469.032334999838,nan,7469.032334999838,7469.032334999838
mixed_stress,lhs_02,Shrinkage-SMI/MVDR global,scientific_controlled,1,1,0.0,-1.6212790440128968,nan,-1.6212790440128968,nan,-1.6212790440128968,-1.6212790440128968,-1.1390398456876432,nan,-1.1390398456876432,nan,-1.1390398456876432,-1.1390398456876432,0.3260937802307428,nan,0.3260937802307428,nan,0.3260937802307428,0.3260937802307428,24.25819605171001,nan,24.25819605171001,nan,24.25819605171001,24.25819605171001,35.215713586812434,nan,35.215713586812434,nan,35.215713586812434,35.215713586812434,37.924638747266414,nan,37.924638747266414,nan,37.924638747266414,37.924638747266414,0.1485808208885132,nan,0.1485808208885132,nan,0.1485808208885132,0.1485808208885132,0.004600971021089364,nan,0.004600971021089364,nan,0.004600971021089364,0.004600971021089364,1.0,nan,1,1,0.20654329147389294,1.0,1.0,1.0,3991.865164000046,nan,3991.865164000046,nan,3991.865164000046,3991.865164000046
mixed_stress,lhs_02,Shrinkage-SMI/MVDR local,scientific_controlled,1,1,0.0,-0.5674372503899159,nan,-0.5674372503899159,nan,-0.5674372503899159,-0.5674372503899159,-0.4925717489695962,nan,-0.4925717489695962,nan,-0.4925717489695962,-0.4925717489695962,0.592250871014691,nan,0.592250871014691,nan,0.592250871014691,0.592250871014691,24.057014800493953,nan,24.057014800493953,nan,24.057014800493953,24.057014800493953,34.98293599331002,nan,34.98293599331002,nan,34.98293599331002,34.98293599331002,37.65420364763273,nan,37.65420364763273,nan,37.65420364763273,37.65420364763273,0.1463980463980464,nan,0.1463980463980464,nan,0.1463980463980464,0.1463980463980464,0.004811485358822637,nan,0.004811485358822637,nan,0.004811485358822637,0.004811485358822637,1.0,nan,1,1,0.20654329147389294,1.0,1.0,1.0,2082.640541000046,nan,2082.640541000046,nan,2082.640541000046,2082.640541000046
mixed_stress,lhs_03,Corrected JDL physical,scientific_controlled,1,1,0.0,14.276721660225117,nan,14.276721660225117,nan,14.276721660225117,14.276721660225117,2.5505732568389594,nan,2.5505732568389594,nan,2.5505732568389594,2.5505732568389594,-1.8537409140589576,nan,-1.8537409140589576,nan,-1.8537409140589576,-1.8537409140589576,25.63582155913881,nan,25.63582155913881,nan,25.63582155913881,25.63582155913881,37.47495820210977,nan,37.47495820210977,nan,37.47495820210977,37.47495820210977,36.1412242901749,nan,36.1412242901749,nan,36.1412242901749,36.1412242901749,0.14774678313139852,nan,0.14774678313139852,nan,0.14774678313139852,0.14774678313139852,0.004362008799878622,nan,0.004362008799878622,nan,0.004362008799878622,0.004362008799878622,1.0,nan,1,1,0.20654329147389294,1.0,1.0,1.0,4840.531329999976,nan,4840.531329999976,nan,4840.531329999976,4840.531329999976
mixed_stress,lhs_03,Current legacy CSI [production replay],production_replay,1,1,0.0,1.7909432786116923,nan,1.7909432786116923,nan,1.7909432786116923,1.7909432786116923,3.436932436189148,nan,3.436932436189148,nan,3.436932436189148,3.436932436189148,17.840479297440673,nan,17.840479297440673,nan,17.840479297440673,17.840479297440673,9.275092589223206,nan,9.275092589223206,nan,9.275092589223206,9.275092589223206,14.425717706294867,nan,14.425717706294867,nan,14.425717706294867,14.425717706294867,13.249211208115096,nan,13.249211208115096,nan,13.249211208115096,13.249211208115096,0.00799474030243261,nan,0.00799474030243261,nan,0.00799474030243261,0.00799474030243261,0.003912532240934608,nan,0.003912532240934608,nan,0.003912532240934608,0.003912532240934608,1.0,nan,1,1,0.20654329147389294,1.0,1.0,1.0,254.9788050000643,nan,254.9788050000643,nan,254.9788050000643,254.9788050000643
mixed_stress,lhs_03,Current legacy CSI [scientific controlled],scientific_controlled,1,1,0.0,1.79165146803901,nan,1.79165146803901,nan,1.79165146803901,1.79165146803901,3.437737758928016,nan,3.437737758928016,nan,3.437737758928016,3.437737758928016,17.840442583386512,nan,17.840442583386512,nan,17.840442583386512,17.840442583386512,9.275133696034718,nan,9.275133696034718,nan,9.275133696034718,9.275133696034718,14.423585497530564,nan,14.423585497530564,nan,14.423585497530564,14.423585497530564,13.24920055666306,nan,13.24920055666306,nan,13.24920055666306,13.24920055666306,0.00800225415610031,nan,0.00800225415610031,nan,0.00800225415610031,0.00800225415610031,0.0039049461386739493,nan,0.0039049461386739493,nan,0.0039049461386739493,0.0039049461386739493,1.0,nan,1,1,0.20654329147389294,1.0,1.0,1.0,254.9676300000101,nan,254.9676300000101,nan,254.9676300000101,254.9676300000101
mixed_stress,lhs_03,DL-SMI/MVDR global,scientific_controlled,1,1,0.0,-0.02897524367156734,nan,-0.02897524367156734,nan,-0.02897524367156734,-0.02897524367156734,-0.029389611667522273,nan,-0.029389611667522273,nan,-0.029389611667522273,-0.029389611667522273,-0.1800680177991926,nan,-0.1800680177991926,nan,-0.1800680177991926,-0.1800680177991926,24.140809984856737,nan,24.140809984856737,nan,24.140809984856737,24.140809984856737,35.573823931234784,nan,35.573823931234784,nan,35.573823931234784,35.573823931234784,34.388898674020005,nan,34.388898674020005,nan,34.388898674020005,34.388898674020005,0.14242697473466703,nan,0.14242697473466703,nan,0.14242697473466703,0.14242697473466703,0.004513730845091792,nan,0.004513730845091792,nan,0.004513730845091792,0.004513730845091792,1.0,nan,1,1,0.20654329147389294,1.0,1.0,1.0,2571.299341999975,nan,2571.299341999975,nan,2571.299341999975,2571.299341999975
mixed_stress,lhs_03,DL-SMI/MVDR local,scientific_controlled,1,1,0.0,-0.013960065017293743,nan,-0.013960065017293743,nan,-0.013960065017293743,-0.013960065017293743,-0.023486998513992198,nan,-0.023486998513992198,nan,-0.023486998513992198,-0.023486998513992198,0.30475638134495,nan,0.30475638134495,nan,0.30475638134495,0.30475638134495,23.608010033825593,nan,23.608010033825593,nan,23.608010033825593,23.608010033825593,35.02727419617784,nan,35.02727419617784,nan,35.02727419617784,35.02727419617784,33.90057631452927,nan,33.90057631452927,nan,33.90057631452927,33.90057631452927,0.13654362731285807,nan,0.13654362731285807,nan,0.13654362731285807,0.13654362731285807,0.0045820057654377185,nan,0.0045820057654377185,nan,0.0045820057654377185,0.0045820057654377185,1.0,nan,1,1,0.20654329147389294,1.0,1.0,1.0,1697.0758740001202,nan,1697.0758740001202,nan,1697.0758740001202,1697.0758740001202
mixed_stress,lhs_03,MNEC physical,scientific_controlled,1,1,0.0,-0.49255008056465144,nan,-0.49255008056465144,nan,-0.49255008056465144,-0.49255008056465144,-0.17780919357678465,nan,-0.17780919357678465,nan,-0.17780919357678465,-0.17780919357678465,0.5449998490104847,nan,0.5449998490104847,nan,0.5449998490104847,0.5449998490104847,23.431894307935394,nan,23.431894307935394,nan,23.431894307935394,23.431894307935394,34.824317969099646,nan,34.824317969099646,nan,34.824317969099646,34.824317969099646,33.64899472572941,nan,33.64899472572941,nan,33.64899472572941,33.64899472572941,0.1357171034094111,nan,0.1357171034094111,nan,0.1357171034094111,0.1357171034094111,0.004485282961614322,nan,0.004485282961614322,nan,0.004485282961614322,0.004485282961614322,1.0,nan,1,1,0.20654329147389294,1.0,1.0,1.0,2823.379075000048,nan,2823.379075000048,nan,2823.379075000048,2823.379075000048
mixed_stress,lhs_03,Phase-only CSI [production replay],production_replay,1,1,0.0,-3.9042537567678437,nan,-3.9042537567678437,nan,-3.9042537567678437,-3.9042537567678437,3.6321440382182195,nan,3.6321440382182195,nan,3.6321440382182195,3.6321440382182195,14.128088806716432,nan,14.128088806716432,nan,14.128088806716432,14.128088806716432,13.21807728232036,nan,13.21807728232036,nan,13.21807728232036,13.21807728232036,18.667692979825674,nan,18.667692979825674,nan,18.667692979825674,18.667692979825674,17.53084069657429,nan,17.53084069657429,nan,17.53084069657429,17.53084069657429,0.03229266460035691,nan,0.03229266460035691,nan,0.03229266460035691,0.03229266460035691,0.004545971779699591,nan,0.004545971779699591,nan,0.004545971779699591,0.004545971779699591,1.0,nan,1,1,0.20654329147389294,1.0,1.0,1.0,259.79039300000295,nan,259.79039300000295,nan,259.79039300000295,259.79039300000295
mixed_stress,lhs_03,Phase-only CSI [scientific controlled],scientific_controlled,1,1,0.0,-3.903503514672792,nan,-3.903503514672792,nan,-3.903503514672792,-3.903503514672792,3.632955874107143,nan,3.632955874107143,nan,3.632955874107143,3.632955874107143,14.128072876129266,nan,14.128072876129266,nan,14.128072876129266,14.128072876129266,13.217537074767197,nan,13.217537074767197,nan,13.217537074767197,13.217537074767197,18.665653060512092,nan,18.665653060512092,nan,18.665653060512092,18.665653060512092,17.53086600353507,nan,17.53086600353507,nan,17.53086600353507,17.53086600353507,0.03229266460035691,nan,0.03229266460035691,nan,0.03229266460035691,0.03229266460035691,0.004545971779699591,nan,0.004545971779699591,nan,0.004545971779699591,0.004545971779699591,1.0,nan,1,1,0.20654329147389294,1.0,1.0,1.0,244.4800610001039,nan,244.4800610001039,nan,244.4800610001039,244.4800610001039
mixed_stress,lhs_03,Row complex LS / Wiener [scientific controlled],scientific_controlled,1,1,0.0,-0.11948689466585094,nan,-0.11948689466585094,nan,-0.11948689466585094,-0.11948689466585094,0.26319842210313577,nan,0.26319842210313577,nan,0.26319842210313577,0.26319842210313577,15.585303935675633,nan,15.585303935675633,nan,15.585303935675633,15.585303935675633,11.751996440206245,nan,11.751996440206245,nan,11.751996440206245,11.751996440206245,16.854865543126614,nan,16.854865543126614,nan,16.854865543126614,16.854865543126614,15.568936398637641,nan,15.568936398637641,nan,15.568936398637641,15.568936398637641,0.01958673804827651,nan,0.01958673804827651,nan,0.01958673804827651,0.01958673804827651,0.00387649825519648,nan,0.00387649825519648,nan,0.00387649825519648,0.00387649825519648,1.0,nan,1,1,0.20654329147389294,1.0,1.0,1.0,252.93984099994304,nan,252.93984099994304,nan,252.93984099994304,252.93984099994304
mixed_stress,lhs_03,Row complex LS / Wiener robust IRLS [scientific controlled],scientific_controlled,1,1,0.0,-0.22812181534957432,nan,-0.22812181534957432,nan,-0.22812181534957432,-0.22812181534957432,0.30023027060235075,nan,0.30023027060235075,nan,0.30023027060235075,0.30023027060235075,15.58122217105156,nan,15.58122217105156,nan,15.58122217105156,15.58122217105156,11.754856155792911,nan,11.754856155792911,nan,11.754856155792911,11.754856155792911,16.89379548307751,nan,16.89379548307751,nan,16.89379548307751,16.89379548307751,15.599540768721525,nan,15.599540768721525,nan,15.599540768721525,15.599540768721525,0.019725744341128955,nan,0.019725744341128955,nan,0.019725744341128955,0.019725744341128955,0.003914428766499773,nan,0.003914428766499773,nan,0.003914428766499773,0.003914428766499773,1.0,nan,1,1,0.20654329147389294,1.0,1.0,1.0,360.44009900001583,nan,360.44009900001583,nan,360.44009900001583,360.44009900001583
mixed_stress,lhs_03,SA-MNEC physical [approximate academic reference],scientific_controlled,1,1,0.0,-6.547081119581598,nan,-6.547081119581598,nan,-6.547081119581598,-6.547081119581598,-0.9731908568675602,nan,-0.9731908568675602,nan,-0.9731908568675602,-0.9731908568675602,0.35409688412317786,nan,0.35409688412317786,nan,0.35409688412317786,0.35409688412317786,23.616348825338687,nan,23.616348825338687,nan,23.616348825338687,23.616348825338687,34.98143137731864,nan,34.98143137731864,nan,34.98143137731864,34.98143137731864,33.82427687957437,nan,33.82427687957437,nan,33.82427687957437,33.82427687957437,0.14155161078238002,nan,0.14155161078238002,nan,0.14155161078238002,0.14155161078238002,0.004498558640570475,nan,0.004498558640570475,nan,0.004498558640570475,0.004498558640570475,1.0,nan,1,1,0.20654329147389294,1.0,1.0,1.0,9210.951061999822,nan,9210.951061999822,nan,9210.951061999822,9210.951061999822
mixed_stress,lhs_03,Shrinkage-SMI/MVDR global,scientific_controlled,1,1,0.0,-0.02442576275939956,nan,-0.02442576275939956,nan,-0.02442576275939956,-0.02442576275939956,-0.031695247148556316,nan,-0.031695247148556316,nan,-0.031695247148556316,-0.031695247148556316,-0.05065017604692143,nan,-0.05065017604692143,nan,-0.05065017604692143,-0.05065017604692143,24.015398298293277,nan,24.015398298293277,nan,24.015398298293277,24.015398298293277,35.44043073547669,nan,35.44043073547669,nan,35.44043073547669,35.44043073547669,34.257590543281054,nan,34.257590543281054,nan,34.257590543281054,34.257590543281054,0.14106321029397953,nan,0.14106321029397953,nan,0.14106321029397953,0.14106321029397953,0.004508041268396298,nan,0.004508041268396298,nan,0.004508041268396298,0.004508041268396298,1.0,nan,1,1,0.20654329147389294,1.0,1.0,1.0,4200.74641500014,nan,4200.74641500014,nan,4200.74641500014,4200.74641500014
mixed_stress,lhs_03,Shrinkage-SMI/MVDR local,scientific_controlled,1,1,0.0,-0.025200427503794032,nan,-0.025200427503794032,nan,-0.025200427503794032,-0.025200427503794032,-0.04426641477851721,nan,-0.04426641477851721,nan,-0.04426641477851721,-0.04426641477851721,0.4323367272092804,nan,0.4323367272092804,nan,0.4323367272092804,0.4323367272092804,23.493605456585847,nan,23.493605456585847,nan,23.493605456585847,23.493605456585847,34.90349148208352,nan,34.90349148208352,nan,34.90349148208352,34.90349148208352,33.7709829233048,nan,33.7709829233048,nan,33.7709829233048,33.7709829233048,0.13511223818916127,nan,0.13511223818916127,nan,0.13511223818916127,0.13511223818916127,0.004566833560916401,nan,0.004566833560916401,nan,0.004566833560916401,0.004566833560916401,1.0,nan,1,1,0.20654329147389294,1.0,1.0,1.0,2276.4922320000096,nan,2276.4922320000096,nan,2276.4922320000096,2276.4922320000096
mixed_stress,lhs_04,Corrected JDL physical,scientific_controlled,1,1,0.0,-1.2556796516249022,nan,-1.2556796516249022,nan,-1.2556796516249022,-1.2556796516249022,1.7533203174625704,nan,1.7533203174625704,nan,1.7533203174625704,1.7533203174625704,-1.9957220703339085,nan,-1.9957220703339085,nan,-1.9957220703339085,-1.9957220703339085,25.933446341966025,nan,25.933446341966025,nan,25.933446341966025,25.933446341966025,37.65444492389793,nan,37.65444492389793,nan,37.65444492389793,37.65444492389793,36.73136990084298,nan,36.73136990084298,nan,36.73136990084298,36.73136990084298,0.15225697379543535,nan,0.15225697379543535,nan,0.15225697379543535,0.15225697379543535,0.004246320740403581,nan,0.004246320740403581,nan,0.004246320740403581,0.004246320740403581,0.0,nan,0,1,0.0,0.7934567085261071,0.0,0.0,4727.183727000011,nan,4727.183727000011,nan,4727.183727000011,4727.183727000011
mixed_stress,lhs_04,Current legacy CSI [production replay],production_replay,1,1,0.0,2.927678820000308,nan,2.927678820000308,nan,2.927678820000308,2.927678820000308,-10.515283940357154,nan,-10.515283940357154,nan,-10.515283940357154,-10.515283940357154,15.424191373591656,nan,15.424191373591656,nan,15.424191373591656,15.424191373591656,12.049493915366243,nan,12.049493915366243,nan,12.049493915366243,12.049493915366243,18.077310510031865,nan,18.077310510031865,nan,18.077310510031865,18.077310510031865,16.950313273369094,nan,16.950313273369094,nan,16.950313273369094,16.950313273369094,0.024354278200432046,nan,0.024354278200432046,nan,0.024354278200432046,0.024354278200432046,0.005198376574116219,nan,0.005198376574116219,nan,0.005198376574116219,0.005198376574116219,0.0,nan,0,1,0.0,0.7934567085261071,0.0,0.0,263.12937900002,nan,263.12937900002,nan,263.12937900002,263.12937900002
mixed_stress,lhs_04,Current legacy CSI [scientific controlled],scientific_controlled,1,1,0.0,2.928728987880861,nan,2.928728987880861,nan,2.928728987880861,2.928728987880861,-10.514778505487898,nan,-10.514778505487898,nan,-10.514778505487898,-10.514778505487898,15.424195475505071,nan,15.424195475505071,nan,15.424195475505071,15.424195475505071,12.049655879725679,nan,12.049655879725679,nan,12.049655879725679,12.049655879725679,18.07778293825933,nan,18.07778293825933,nan,18.07778293825933,18.07778293825933,16.95030843344147,nan,16.95030843344147,nan,16.95030843344147,16.95030843344147,0.024352399737015123,nan,0.024352399737015123,nan,0.024352399737015123,0.024352399737015123,0.005198376574116219,nan,0.005198376574116219,nan,0.005198376574116219,0.005198376574116219,0.0,nan,0,1,0.0,0.7934567085261071,0.0,0.0,262.89679599995,nan,262.89679599995,nan,262.89679599995,262.89679599995
mixed_stress,lhs_04,DL-SMI/MVDR global,scientific_controlled,1,1,0.0,-0.9779280626527331,nan,-0.9779280626527331,nan,-0.9779280626527331,-0.9779280626527331,-0.0013378064873966345,nan,-0.0013378064873966345,nan,-0.0013378064873966345,-0.0013378064873966345,-0.43396679110621056,nan,-0.43396679110621056,nan,-0.43396679110621056,-0.43396679110621056,24.568501522324446,nan,24.568501522324446,nan,24.568501522324446,24.568501522324446,35.88286203103826,nan,35.88286203103826,nan,35.88286203103826,35.88286203103826,35.10269572766714,nan,35.10269572766714,nan,35.10269572766714,35.10269572766714,0.14813562505870198,nan,0.14813562505870198,nan,0.14813562505870198,0.14813562505870198,0.004263389470490062,nan,0.004263389470490062,nan,0.004263389470490062,0.004263389470490062,0.0,nan,0,1,0.0,0.7934567085261071,0.0,0.0,2623.5289300000204,nan,2623.5289300000204,nan,2623.5289300000204,2623.5289300000204
mixed_stress,lhs_04,DL-SMI/MVDR local,scientific_controlled,1,1,0.0,-0.5632999773992058,nan,-0.5632999773992058,nan,-0.5632999773992058,-0.5632999773992058,-0.06395508128832574,nan,-0.06395508128832574,nan,-0.06395508128832574,-0.06395508128832574,-0.03200372156748435,nan,-0.03200372156748435,nan,-0.03200372156748435,-0.03200372156748435,24.08882187697718,nan,24.08882187697718,nan,24.08882187697718,24.08882187697718,35.392851195119526,nan,35.392851195119526,nan,35.392851195119526,35.392851195119526,34.69921643341551,nan,34.69921643341551,nan,34.69921643341551,34.69921643341551,0.14303371841833382,nan,0.14303371841833382,nan,0.14303371841833382,0.14303371841833382,0.004305113032923684,nan,0.004305113032923684,nan,0.004305113032923684,0.004305113032923684,0.0,nan,0,1,0.0,0.7934567085261071,0.0,0.0,1713.8138360000994,nan,1713.8138360000994,nan,1713.8138360000994,1713.8138360000994
mixed_stress,lhs_04,MNEC physical,scientific_controlled,1,1,0.0,-0.44639468190726994,nan,-0.44639468190726994,nan,-0.44639468190726994,-0.44639468190726994,-0.5121177453407423,nan,-0.5121177453407423,nan,-0.5121177453407423,-0.5121177453407423,0.5028844550576649,nan,0.5028844550576649,nan,0.5028844550576649,0.5028844550576649,24.123133795970638,nan,24.123133795970638,nan,24.123133795970638,24.123133795970638,34.8609796537645,nan,34.8609796537645,nan,34.8609796537645,34.8609796537645,34.0946395009435,nan,34.0946395009435,nan,34.0946395009435,34.0946395009435,0.15061143984220907,nan,0.15061143984220907,nan,0.15061143984220907,0.15061143984220907,0.004115460476407222,nan,0.004115460476407222,nan,0.004115460476407222,0.004115460476407222,0.0,nan,0,1,0.0,0.7934567085261071,0.0,0.0,2846.1662719998913,nan,2846.1662719998913,nan,2846.1662719998913,2846.1662719998913
mixed_stress,lhs_04,Phase-only CSI [production replay],production_replay,1,1,0.0,3.0610816402943675,nan,3.0610816402943675,nan,3.0610816402943675,3.0610816402943675,-4.0741086523953625,nan,-4.0741086523953625,nan,-4.0741086523953625,-4.0741086523953625,10.545727827378943,nan,10.545727827378943,nan,10.545727827378943,10.545727827378943,17.785144010285233,nan,17.785144010285233,nan,17.785144010285233,17.785144010285233,23.069425279339463,nan,23.069425279339463,nan,23.069425279339463,23.069425279339463,21.915652285270983,nan,21.915652285270983,nan,21.915652285270983,21.915652285270983,0.0875495444726214,nan,0.0875495444726214,nan,0.0875495444726214,0.0875495444726214,0.003830981641632529,nan,0.003830981641632529,nan,0.003830981641632529,0.003830981641632529,0.0,nan,0,1,0.0,0.7934567085261071,0.0,0.0,251.56417699986378,nan,251.56417699986378,nan,251.56417699986378,251.56417699986378
mixed_stress,lhs_04,Phase-only CSI [scientific controlled],scientific_controlled,1,1,0.0,3.061754856858256,nan,3.061754856858256,nan,3.061754856858256,3.061754856858256,-4.07358930599985,nan,-4.07358930599985,nan,-4.07358930599985,-4.07358930599985,10.545728255066694,nan,10.545728255066694,nan,10.545728255066694,10.545728255066694,17.785203351036802,nan,17.785203351036802,nan,17.785203351036802,17.785203351036802,23.06942554870663,nan,23.06942554870663,nan,23.06942554870663,23.06942554870663,21.915654413448582,nan,21.915654413448582,nan,21.915654413448582,21.915654413448582,0.08754578754578754,nan,0.08754578754578754,nan,0.08754578754578754,0.08754578754578754,0.003830981641632529,nan,0.003830981641632529,nan,0.003830981641632529,0.003830981641632529,0.0,nan,0,1,0.0,0.7934567085261071,0.0,0.0,258.1331260000752,nan,258.1331260000752,nan,258.1331260000752,258.1331260000752
mixed_stress,lhs_04,Row complex LS / Wiener [scientific controlled],scientific_controlled,1,1,0.0,2.8713239786470384,nan,2.8713239786470384,nan,2.8713239786470384,2.8713239786470384,-4.031490874290119,nan,-4.031490874290119,nan,-4.031490874290119,-4.031490874290119,11.663138173757437,nan,11.663138173757437,nan,11.663138173757437,11.663138173757437,16.296646827752912,nan,16.296646827752912,nan,16.296646827752912,16.296646827752912,22.07747663563311,nan,22.07747663563311,nan,22.07747663563311,22.07747663563311,20.93654224058501,nan,20.93654224058501,nan,20.93654224058501,20.93654224058501,0.0650211327134404,nan,0.0650211327134404,nan,0.0650211327134404,0.0650211327134404,0.004809588833257473,nan,0.004809588833257473,nan,0.004809588833257473,0.004809588833257473,1.0,nan,1,1,0.20654329147389294,1.0,1.0,1.0,226.7022650000854,nan,226.7022650000854,nan,226.7022650000854,226.7022650000854
mixed_stress,lhs_04,Row complex LS / Wiener robust IRLS [scientific controlled],scientific_controlled,1,1,0.0,2.884583737983915,nan,2.884583737983915,nan,2.884583737983915,2.884583737983915,-4.008812052329224,nan,-4.008812052329224,nan,-4.008812052329224,-4.008812052329224,11.645865792155636,nan,11.645865792155636,nan,11.645865792155636,11.645865792155636,16.220196670247734,nan,16.220196670247734,nan,16.220196670247734,16.220196670247734,22.13727258391922,nan,22.13727258391922,nan,22.13727258391922,22.13727258391922,21.000285698151462,nan,21.000285698151462,nan,21.000285698151462,21.000285698151462,0.06408190100497793,nan,0.06408190100497793,nan,0.06408190100497793,0.06408190100497793,0.004942345622818996,nan,0.004942345622818996,nan,0.004942345622818996,0.004942345622818996,1.0,nan,1,1,0.20654329147389294,1.0,1.0,1.0,353.53604099987024,nan,353.53604099987024,nan,353.53604099987024,353.53604099987024
mixed_stress,lhs_04,SA-MNEC physical [approximate academic reference],scientific_controlled,1,1,0.0,-0.5078627765331092,nan,-0.5078627765331092,nan,-0.5078627765331092,-0.5078627765331092,-0.7077559669564157,nan,-0.7077559669564157,nan,-0.7077559669564157,-0.7077559669564157,0.7754848792817872,nan,0.7754848792817872,nan,0.7754848792817872,0.7754848792817872,23.771695759016247,nan,23.771695759016247,nan,23.771695759016247,23.771695759016247,34.557412179357634,nan,34.557412179357634,nan,34.557412179357634,34.557412179357634,33.8128794680382,nan,33.8128794680382,nan,33.8128794680382,33.8128794680382,0.14923264769418615,nan,0.14923264769418615,nan,0.14923264769418615,0.14923264769418615,0.004193218024578971,nan,0.004193218024578971,nan,0.004193218024578971,0.004193218024578971,0.0,nan,0,1,0.0,0.7934567085261071,0.0,0.0,8424.391936999882,nan,8424.391936999882,nan,8424.391936999882,8424.391936999882
mixed_stress,lhs_04,Shrinkage-SMI/MVDR global,scientific_controlled,1,1,0.0,-0.9183889752991892,nan,-0.9183889752991892,nan,-0.9183889752991892,-0.9183889752991892,-0.019014872529980856,nan,-0.019014872529980856,nan,-0.019014872529980856,-0.019014872529980856,-0.30296795562361695,nan,-0.30296795562361695,nan,-0.30296795562361695,-0.30296795562361695,24.44271303556567,nan,24.44271303556567,nan,24.44271303556567,24.44271303556567,35.72478320776976,nan,35.72478320776976,nan,35.72478320776976,35.72478320776976,34.968969299381925,nan,34.968969299381925,nan,34.968969299381925,34.968969299381925,0.14701981778904855,nan,0.14701981778904855,nan,0.14701981778904855,0.14701981778904855,0.004269079047185556,nan,0.004269079047185556,nan,0.004269079047185556,0.004269079047185556,0.0,nan,0,1,0.0,0.7934567085261071,0.0,0.0,4158.831267000096,nan,4158.831267000096,nan,4158.831267000096,4158.831267000096
mixed_stress,lhs_04,Shrinkage-SMI/MVDR local,scientific_controlled,1,1,0.0,-0.589403655202041,nan,-0.589403655202041,nan,-0.589403655202041,-0.589403655202041,-0.15561291145069261,nan,-0.15561291145069261,nan,-0.15561291145069261,-0.15561291145069261,0.15360578962431493,nan,0.15360578962431493,nan,0.15360578962431493,0.15360578962431493,24.04275444470423,nan,24.04275444470423,nan,24.04275444470423,24.04275444470423,35.25101687214331,nan,35.25101687214331,nan,35.25101687214331,35.25101687214331,34.501399416627365,nan,34.501399416627365,nan,34.501399416627365,34.501399416627365,0.1432140509063586,nan,0.1432140509063586,nan,0.1432140509063586,0.1432140509063586,0.004267182521620391,nan,0.004267182521620391,nan,0.004267182521620391,0.004267182521620391,0.0,nan,0,1,0.0,0.7934567085261071,0.0,0.0,2283.6726009998074,nan,2283.6726009998074,nan,2283.6726009998074,2283.6726009998074
mixed_stress,lhs_05,Corrected JDL physical,scientific_controlled,1,1,0.0,12.18282945558153,nan,12.18282945558153,nan,12.18282945558153,12.18282945558153,2.6682508198744874,nan,2.6682508198744874,nan,2.6682508198744874,2.6682508198744874,-2.125831533036332,nan,-2.125831533036332,nan,-2.125831533036332,-2.125831533036332,26.1450460764688,nan,26.1450460764688,nan,26.1450460764688,26.1450460764688,37.73411150724587,nan,37.73411150724587,nan,37.73411150724587,37.73411150724587,37.074912977027545,nan,37.074912977027545,nan,37.074912977027545,37.074912977027545,0.15637080867850098,nan,0.15637080867850098,nan,0.15637080867850098,0.15637080867850098,0.004160977089971173,nan,0.004160977089971173,nan,0.004160977089971173,0.004160977089971173,0.0,nan,0,1,0.0,0.7934567085261071,0.0,0.0,4549.181781000016,nan,4549.181781000016,nan,4549.181781000016,4549.181781000016
mixed_stress,lhs_05,Current legacy CSI [production replay],production_replay,1,1,0.0,2.0853334035479403,nan,2.0853334035479403,nan,2.0853334035479403,2.0853334035479403,4.09328156911621,nan,4.09328156911621,nan,4.09328156911621,4.09328156911621,18.047206529855437,nan,18.047206529855437,nan,18.047206529855437,18.047206529855437,9.776157313070406,nan,9.776157313070406,nan,9.776157313070406,9.776157313070406,14.898972798833693,nan,14.898972798833693,nan,14.898972798833693,14.898972798833693,13.915604773484425,nan,13.915604773484425,nan,13.915604773484425,13.915604773484425,0.009598948060486522,nan,0.009598948060486522,nan,0.009598948060486522,0.009598948060486522,0.005080791989076012,nan,0.005080791989076012,nan,0.005080791989076012,0.005080791989076012,1.0,nan,1,1,0.20654329147389294,1.0,1.0,1.0,247.62443700001313,nan,247.62443700001313,nan,247.62443700001313,247.62443700001313
mixed_stress,lhs_05,Current legacy CSI [scientific controlled],scientific_controlled,1,1,0.0,2.085551644171188,nan,2.085551644171188,nan,2.085551644171188,2.085551644171188,4.093487291308864,nan,4.093487291308864,nan,4.093487291308864,4.093487291308864,18.047223901908986,nan,18.047223901908986,nan,18.047223901908986,18.047223901908986,9.775968755631428,nan,9.775968755631428,nan,9.775968755631428,9.775968755631428,14.89886788748969,nan,14.89886788748969,nan,14.89886788748969,14.89886788748969,13.915582530357856,nan,13.915582530357856,nan,13.915582530357856,13.915582530357856,0.009598948060486522,nan,0.009598948060486522,nan,0.009598948060486522,0.009598948060486522,0.005082688514641177,nan,0.005082688514641177,nan,0.005082688514641177,0.005082688514641177,1.0,nan,1,1,0.20654329147389294,1.0,1.0,1.0,258.2222210000964,nan,258.2222210000964,nan,258.2222210000964,258.2222210000964
mixed_stress,lhs_05,DL-SMI/MVDR global,scientific_controlled,1,1,0.0,0.15606806286586306,nan,0.15606806286586306,nan,0.15606806286586306,0.15606806286586306,-0.01524755488663125,nan,-0.01524755488663125,nan,-0.01524755488663125,-0.01524755488663125,-0.592824163035402,nan,-0.592824163035402,nan,-0.592824163035402,-0.592824163035402,24.787566849530698,nan,24.787566849530698,nan,24.787566849530698,24.787566849530698,36.0216680939464,nan,36.0216680939464,nan,36.0216680939464,36.0216680939464,35.48431342381234,nan,35.48431342381234,nan,35.48431342381234,35.48431342381234,0.15032779186625342,nan,0.15032779186625342,nan,0.15032779186625342,0.15032779186625342,0.00415149446214535,nan,0.00415149446214535,nan,0.00415149446214535,0.00415149446214535,0.0,nan,0,1,0.0,0.7934567085261071,0.0,0.0,2294.385363999936,nan,2294.385363999936,nan,2294.385363999936,2294.385363999936
mixed_stress,lhs_05,DL-SMI/MVDR local,scientific_controlled,1,1,0.0,0.11353582931193884,nan,0.11353582931193884,nan,0.11353582931193884,0.11353582931193884,-0.014636626870904949,nan,-0.014636626870904949,nan,-0.014636626870904949,-0.014636626870904949,-0.015282748599229241,nan,-0.015282748599229241,nan,-0.015282748599229241,-0.015282748599229241,24.10018156991348,nan,24.10018156991348,nan,24.10018156991348,24.10018156991348,35.368114409463054,nan,35.368114409463054,nan,35.368114409463054,35.368114409463054,34.9078306661203,nan,34.9078306661203,nan,34.9078306661203,34.9078306661203,0.14234995773457312,nan,0.14234995773457312,nan,0.14234995773457312,0.14234995773457312,0.004204597177969959,nan,0.004204597177969959,nan,0.004204597177969959,0.004204597177969959,0.0,nan,0,1,0.0,0.7934567085261071,0.0,0.0,1349.4717999999466,nan,1349.4717999999466,nan,1349.4717999999466,1349.4717999999466
mixed_stress,lhs_05,MNEC physical,scientific_controlled,1,1,0.0,-0.03380096941114985,nan,-0.03380096941114985,nan,-0.03380096941114985,-0.03380096941114985,-0.11288103530276968,nan,-0.11288103530276968,nan,-0.11288103530276968,-0.11288103530276968,-0.3028167407169491,nan,-0.3028167407169491,nan,-0.3028167407169491,-0.3028167407169491,24.610538540308955,nan,24.610538540308955,nan,24.610538540308955,24.610538540308955,35.722120131004836,nan,35.722120131004836,nan,35.722120131004836,35.722120131004836,35.17561907777331,nan,35.17561907777331,nan,35.17561907777331,35.17561907777331,0.1515469146238377,nan,0.1515469146238377,nan,0.1515469146238377,0.1515469146238377,0.004187528447883477,nan,0.004187528447883477,nan,0.004187528447883477,0.004187528447883477,0.0,nan,0,1,0.0,0.7934567085261071,0.0,0.0,2686.9555349999246,nan,2686.9555349999246,nan,2686.9555349999246,2686.9555349999246
mixed_stress,lhs_05,Phase-only CSI [production replay],production_replay,1,1,0.0,-2.243654533108751,nan,-2.243654533108751,nan,-2.243654533108751,-2.243654533108751,4.702080226383207,nan,4.702080226383207,nan,4.702080226383207,4.702080226383207,13.831186542966577,nan,13.831186542966577,nan,13.831186542966577,13.831186542966577,14.355485337543016,nan,14.355485337543016,nan,14.355485337543016,14.355485337543016,19.75669165494708,nan,19.75669165494708,nan,19.75669165494708,19.75669165494708,18.64638345664794,nan,18.64638345664794,nan,18.64638345664794,18.64638345664794,0.04298487836949375,nan,0.04298487836949375,nan,0.04298487836949375,0.04298487836949375,0.004523213472917615,nan,0.004523213472917615,nan,0.004523213472917615,0.004523213472917615,1.0,nan,1,1,0.20654329147389294,1.0,1.0,1.0,243.3336619999409,nan,243.3336619999409,nan,243.3336619999409,243.3336619999409
mixed_stress,lhs_05,Phase-only CSI [scientific controlled],scientific_controlled,1,1,0.0,-2.2434524557838333,nan,-2.2434524557838333,nan,-2.2434524557838333,-2.2434524557838333,4.702284682054524,nan,4.702284682054524,nan,4.702284682054524,4.702284682054524,13.831191144165679,nan,13.831191144165679,nan,13.831191144165679,13.831191144165679,14.35464779612136,nan,14.35464779612136,nan,14.35464779612136,14.35464779612136,19.756649909494406,nan,19.756649909494406,nan,19.756649909494406,19.756649909494406,18.646377431035106,nan,18.646377431035106,nan,18.646377431035106,18.646377431035106,0.042988635296327606,nan,0.042988635296327606,nan,0.042988635296327606,0.042988635296327606,0.004525109998482779,nan,0.004525109998482779,nan,0.004525109998482779,0.004525109998482779,1.0,nan,1,1,0.20654329147389294,1.0,1.0,1.0,259.32393300013246,nan,259.32393300013246,nan,259.32393300013246,259.32393300013246
mixed_stress,lhs_05,Row complex LS / Wiener [scientific controlled],scientific_controlled,1,1,0.0,-0.16830523092267669,nan,-0.16830523092267669,nan,-0.16830523092267669,-0.16830523092267669,0.2872294409988155,nan,0.2872294409988155,nan,0.2872294409988155,0.2872294409988155,15.817717817263855,nan,15.817717817263855,nan,15.817717817263855,15.817717817263855,12.276879344514303,nan,12.276879344514303,nan,12.276879344514303,12.276879344514303,17.206254398374618,nan,17.206254398374618,nan,17.206254398374618,17.206254398374618,16.152084415480257,nan,16.152084415480257,nan,16.152084415480257,16.152084415480257,0.022389405466328543,nan,0.022389405466328543,nan,0.022389405466328543,0.022389405466328543,0.0047697617963890155,nan,0.0047697617963890155,nan,0.0047697617963890155,0.0047697617963890155,1.0,nan,1,1,0.20654329147389294,1.0,1.0,1.0,252.3477689999254,nan,252.3477689999254,nan,252.3477689999254,252.3477689999254
mixed_stress,lhs_05,Row complex LS / Wiener robust IRLS [scientific controlled],scientific_controlled,1,1,0.0,-0.20654449811357445,nan,-0.20654449811357445,nan,-0.20654449811357445,-0.20654449811357445,0.36437638691693225,nan,0.36437638691693225,nan,0.36437638691693225,0.36437638691693225,15.814924653137002,nan,15.814924653137002,nan,15.814924653137002,15.814924653137002,12.275564042274045,nan,12.275564042274045,nan,12.275564042274045,12.275564042274045,17.219077592925746,nan,17.219077592925746,nan,17.219077592925746,17.219077592925746,16.168609853372786,nan,16.168609853372786,nan,16.168609853372786,16.168609853372786,0.022498356344510192,nan,0.022498356344510192,nan,0.022498356344510192,0.022498356344510192,0.004809588833257473,nan,0.004809588833257473,nan,0.004809588833257473,0.004809588833257473,1.0,nan,1,1,0.20654329147389294,1.0,1.0,1.0,359.0499270001146,nan,359.0499270001146,nan,359.0499270001146,359.0499270001146
mixed_stress,lhs_05,SA-MNEC physical [approximate academic reference],scientific_controlled,1,1,0.0,-5.173432951129531,nan,-5.173432951129531,nan,-5.173432951129531,-5.173432951129531,-0.42704281093026203,nan,-0.42704281093026203,nan,-0.42704281093026203,-0.42704281093026203,0.0780641875211384,nan,0.0780641875211384,nan,0.0780641875211384,0.0780641875211384,24.193956793783343,nan,24.193956793783343,nan,24.193956793783343,24.193956793783343,35.317964116551714,nan,35.317964116551714,nan,35.317964116551714,35.317964116551714,34.77573451329607,nan,34.77573451329607,nan,34.77573451329607,34.77573451329607,0.15117873579412042,nan,0.15117873579412042,nan,0.15117873579412042,0.15117873579412042,0.004540282203004097,nan,0.004540282203004097,nan,0.004540282203004097,0.004540282203004097,0.0,nan,0,1,0.0,0.7934567085261071,0.0,0.0,7547.074450000082,nan,7547.074450000082,nan,7547.074450000082,7547.074450000082
mixed_stress,lhs_05,Shrinkage-SMI/MVDR global,scientific_controlled,1,1,0.0,0.1739435601106294,nan,0.1739435601106294,nan,0.1739435601106294,0.1739435601106294,-0.0158198133919973,nan,-0.0158198133919973,nan,-0.0158198133919973,-0.0158198133919973,-0.4772546291420588,nan,-0.4772546291420588,nan,-0.4772546291420588,-0.4772546291420588,24.6800043644675,nan,24.6800043644675,nan,24.6800043644675,24.6800043644675,35.901335226029914,nan,35.901335226029914,nan,35.901335226029914,35.901335226029914,35.36664244711582,nan,35.36664244711582,nan,35.36664244711582,35.36664244711582,0.14928148774302621,nan,0.14928148774302621,nan,0.14928148774302621,0.14928148774302621,0.0041439083598846915,nan,0.0041439083598846915,nan,0.0041439083598846915,0.0041439083598846915,0.0,nan,0,1,0.0,0.7934567085261071,0.0,0.0,4591.093297999805,nan,4591.093297999805,nan,4591.093297999805,4591.093297999805
mixed_stress,lhs_05,Shrinkage-SMI/MVDR local,scientific_controlled,1,1,0.0,0.17724724498554423,nan,0.17724724498554423,nan,0.17724724498554423,0.17724724498554423,-0.01694810405436016,nan,-0.01694810405436016,nan,-0.01694810405436016,-0.01694810405436016,-0.16975123403960665,nan,-0.16975123403960665,nan,-0.16975123403960665,-0.16975123403960665,24.322324920916625,nan,24.322324920916625,nan,24.322324920916625,24.322324920916625,35.52936761704131,nan,35.52936761704131,nan,35.52936761704131,35.52936761704131,35.057156340321384,nan,35.057156340321384,nan,35.057156340321384,35.057156340321384,0.14560157790927022,nan,0.14560157790927022,nan,0.14560157790927022,0.14560157790927022,0.004179942345622819,nan,0.004179942345622819,nan,0.004179942345622819,0.004179942345622819,0.0,nan,0,1,0.0,0.7934567085261071,0.0,0.0,1599.467490999814,nan,1599.467490999814,nan,1599.467490999814,1599.467490999814
mixed_stress,lhs_06,Corrected JDL physical,scientific_controlled,1,1,0.0,0.10808663135635488,nan,0.10808663135635488,nan,0.10808663135635488,0.10808663135635488,1.0126771472112568,nan,1.0126771472112568,nan,1.0126771472112568,1.0126771472112568,-1.7299834228415367,nan,-1.7299834228415367,nan,-1.7299834228415367,-1.7299834228415367,25.79128658383324,nan,25.79128658383324,nan,25.79128658383324,25.79128658383324,37.318108931084694,nan,37.318108931084694,nan,37.318108931084694,37.318108931084694,36.913142209319474,nan,36.913142209319474,nan,36.913142209319474,36.913142209319474,0.15060392598854136,nan,0.15060392598854136,nan,0.15060392598854136,0.15060392598854136,0.003929600971021089,nan,0.003929600971021089,nan,0.003929600971021089,0.003929600971021089,1.0,nan,1,1,0.20654329147389294,1.0,1.0,1.0,4510.847313000113,nan,4510.847313000113,nan,4510.847313000113,4510.847313000113
mixed_stress,lhs_06,Current legacy CSI [production replay],production_replay,1,1,0.0,7.4473848043202455,nan,7.4473848043202455,nan,7.4473848043202455,7.4473848043202455,-7.521371680270795,nan,-7.521371680270795,nan,-7.521371680270795,-7.521371680270795,16.029486608543312,nan,16.029486608543312,nan,16.029486608543312,16.029486608543312,11.982365084012576,nan,11.982365084012576,nan,11.982365084012576,11.982365084012576,17.839780854818358,nan,17.839780854818358,nan,17.839780854818358,17.839780854818358,16.818702805653803,nan,16.818702805653803,nan,16.818702805653803,16.818702805653803,0.023886540809617732,nan,0.023886540809617732,nan,0.023886540809617732,0.023886540809617732,0.005274237596722804,nan,0.005274237596722804,nan,0.005274237596722804,0.005274237596722804,1.0,nan,1,1,0.20654329147389294,1.0,1.0,1.0,247.47422100017502,nan,247.47422100017502,nan,247.47422100017502,247.47422100017502
mixed_stress,lhs_06,Current legacy CSI [scientific controlled],scientific_controlled,1,1,0.0,7.4399651572304055,nan,7.4399651572304055,nan,7.4399651572304055,7.4399651572304055,-7.502310844241374,nan,-7.502310844241374,nan,-7.502310844241374,-7.502310844241374,16.029444937319106,nan,16.029444937319106,nan,16.029444937319106,16.029444937319106,11.981444481601756,nan,11.981444481601756,nan,11.981444481601756,11.981444481601756,17.839572933858953,nan,17.839572933858953,nan,17.839572933858953,17.839572933858953,16.819064493636947,nan,16.819064493636947,nan,16.819064493636947,16.819064493636947,0.02389405466328543,nan,0.02389405466328543,nan,0.02389405466328543,0.02389405466328543,0.005276134122287969,nan,0.005276134122287969,nan,0.005276134122287969,0.005276134122287969,1.0,nan,1,1,0.20654329147389294,1.0,1.0,1.0,240.48723700002483,nan,240.48723700002483,nan,240.48723700002483,240.48723700002483
mixed_stress,lhs_06,DL-SMI/MVDR global,scientific_controlled,1,1,0.0,-0.04366309657677725,nan,-0.04366309657677725,nan,-0.04366309657677725,-0.04366309657677725,-0.3987382270559208,nan,-0.3987382270559208,nan,-0.3987382270559208,-0.3987382270559208,-0.1331595575461066,nan,-0.1331595575461066,nan,-0.1331595575461066,-0.1331595575461066,24.405731733566675,nan,24.405731733566675,nan,24.405731733566675,24.405731733566675,35.532032198336616,nan,35.532032198336616,nan,35.532032198336616,35.532032198336616,35.248732018529665,nan,35.248732018529665,nan,35.248732018529665,35.248732018529665,0.1472865595942519,nan,0.1472865595942519,nan,0.1472865595942519,0.1472865595942519,0.003935290547716583,nan,0.003935290547716583,nan,0.003935290547716583,0.003935290547716583,1.0,nan,1,1,0.20654329147389294,1.0,1.0,1.0,2942.429061999974,nan,2942.429061999974,nan,2942.429061999974,2942.429061999974
mixed_stress,lhs_06,DL-SMI/MVDR local,scientific_controlled,1,1,0.0,0.8120450968520609,nan,0.8120450968520609,nan,0.8120450968520609,0.8120450968520609,-0.28031385078025906,nan,-0.28031385078025906,nan,-0.28031385078025906,-0.28031385078025906,0.24353232913316328,nan,0.24353232913316328,nan,0.24353232913316328,0.24353232913316328,23.966254381685054,nan,23.966254381685054,nan,23.966254381685054,23.966254381685054,35.09597191173755,nan,35.09597191173755,nan,35.09597191173755,35.09597191173755,34.87240665195322,nan,34.87240665195322,nan,34.87240665195322,34.87240665195322,0.1420174697097774,nan,0.1420174697097774,nan,0.1420174697097774,0.1420174697097774,0.003965634956759217,nan,0.003965634956759217,nan,0.003965634956759217,0.003965634956759217,1.0,nan,1,1,0.20654329147389294,1.0,1.0,1.0,1220.329768000056,nan,1220.329768000056,nan,1220.329768000056,1220.329768000056
mixed_stress,lhs_06,MNEC physical,scientific_controlled,1,1,0.0,0.2902315033513707,nan,0.2902315033513707,nan,0.2902315033513707,0.2902315033513707,-1.830143892267799,nan,-1.830143892267799,nan,-1.830143892267799,-1.830143892267799,1.0834968514297885,nan,1.0834968514297885,nan,1.0834968514297885,1.0834968514297885,23.59065314745358,nan,23.59065314745358,nan,23.59065314745358,23.59065314745358,34.2303911521957,nan,34.2303911521957,nan,34.2303911521957,34.2303911521957,33.97077336857869,nan,33.97077336857869,nan,33.97077336857869,33.97077336857869,0.14406687329764253,nan,0.14406687329764253,nan,0.14406687329764253,0.14406687329764253,0.003880291306326809,nan,0.003880291306326809,nan,0.003880291306326809,0.003880291306326809,1.0,nan,1,1,0.20654329147389294,1.0,1.0,1.0,2335.5383690000053,nan,2335.5383690000053,nan,2335.5383690000053,2335.5383690000053
mixed_stress,lhs_06,Phase-only CSI [production replay],production_replay,1,1,0.0,4.621181663550548,nan,4.621181663550548,nan,4.621181663550548,4.621181663550548,-5.580276026616509,nan,-5.580276026616509,nan,-5.580276026616509,-5.580276026616509,10.016211435595206,nan,10.016211435595206,nan,10.016211435595206,10.016211435595206,18.07369285262917,nan,18.07369285262917,nan,18.07369285262917,18.07369285262917,24.141873619107848,nan,24.141873619107848,nan,24.141873619107848,24.141873619107848,23.441228151684633,nan,23.441228151684633,nan,23.441228151684633,23.441228151684633,0.08875927491312106,nan,0.08875927491312106,nan,0.08875927491312106,0.08875927491312106,0.004470110757093006,nan,0.004470110757093006,nan,0.004470110757093006,0.004470110757093006,1.0,nan,1,1,0.20654329147389294,1.0,1.0,1.0,237.68258599989167,nan,237.68258599989167,nan,237.68258599989167,237.68258599989167
mixed_stress,lhs_06,Phase-only CSI [scientific controlled],scientific_controlled,1,1,0.0,4.6260430182872465,nan,4.6260430182872465,nan,4.6260430182872465,4.6260430182872465,-5.563933998573365,nan,-5.563933998573365,nan,-5.563933998573365,-5.563933998573365,10.016112282686883,nan,10.016112282686883,nan,10.016112282686883,10.016112282686883,18.073727500094925,nan,18.073727500094925,nan,18.073727500094925,18.073727500094925,24.14251912274748,nan,24.14251912274748,nan,24.14251912274748,24.14251912274748,23.441255464063712,nan,23.441255464063712,nan,23.441255464063712,23.441255464063712,0.08876491030337184,nan,0.08876491030337184,nan,0.08876491030337184,0.08876491030337184,0.00447200728265817,nan,0.00447200728265817,nan,0.00447200728265817,0.00447200728265817,1.0,nan,1,1,0.20654329147389294,1.0,1.0,1.0,242.7722999998423,nan,242.7722999998423,nan,242.7722999998423,242.7722999998423
mixed_stress,lhs_06,Row complex LS / Wiener [scientific controlled],scientific_controlled,1,1,0.0,5.2765653166968285,nan,5.2765653166968285,nan,5.2765653166968285,5.2765653166968285,-5.426548805128517,nan,-5.426548805128517,nan,-5.426548805128517,-5.426548805128517,12.015651913989876,nan,12.015651913989876,nan,12.015651913989876,12.015651913989876,16.50967842792767,nan,16.50967842792767,nan,16.50967842792767,16.50967842792767,22.164846732517365,nan,22.164846732517365,nan,22.164846732517365,22.164846732517365,21.070192433517953,nan,21.070192433517953,nan,21.070192433517953,21.070192433517953,0.06805860805860806,nan,0.06805860805860806,nan,0.06805860805860806,0.06805860805860806,0.004413214990138067,nan,0.004413214990138067,nan,0.004413214990138067,0.004413214990138067,1.0,nan,1,1,0.20654329147389294,1.0,1.0,1.0,234.9628010001652,nan,234.9628010001652,nan,234.9628010001652,234.9628010001652
mixed_stress,lhs_06,Row complex LS / Wiener robust IRLS [scientific controlled],scientific_controlled,1,1,0.0,5.277045516286929,nan,5.277045516286929,nan,5.277045516286929,5.277045516286929,-5.377221379023432,nan,-5.377221379023432,nan,-5.377221379023432,-5.377221379023432,12.007733722161625,nan,12.007733722161625,nan,12.007733722161625,12.007733722161625,16.482852502964867,nan,16.482852502964867,nan,16.482852502964867,16.482852502964867,22.19587868711196,nan,22.19587868711196,nan,22.19587868711196,22.19587868711196,21.097869949377355,nan,21.097869949377355,nan,21.097869949377355,21.097869949377355,0.06761904761904762,nan,0.06761904761904762,nan,0.06761904761904762,0.06761904761904762,0.004470110757093006,nan,0.004470110757093006,nan,0.004470110757093006,0.004470110757093006,1.0,nan,1,1,0.20654329147389294,1.0,1.0,1.0,437.71124099998815,nan,437.71124099998815,nan,437.71124099998815,437.71124099998815
mixed_stress,lhs_06,SA-MNEC physical [approximate academic reference],scientific_controlled,1,1,0.0,0.345542909610308,nan,0.345542909610308,nan,0.345542909610308,0.345542909610308,-1.4288053307987987,nan,-1.4288053307987987,nan,-1.4288053307987987,-1.4288053307987987,0.7490336764530434,nan,0.7490336764530434,nan,0.7490336764530434,0.7490336764530434,23.99086366743247,nan,23.99086366743247,nan,23.99086366743247,23.99086366743247,34.53045749897649,nan,34.53045749897649,nan,34.53045749897649,34.53045749897649,34.28930868621919,nan,34.28930868621919,nan,34.28930868621919,34.28930868621919,0.1530064806987884,nan,0.1530064806987884,nan,0.1530064806987884,0.1530064806987884,0.004242527689273252,nan,0.004242527689273252,nan,0.004242527689273252,0.004242527689273252,1.0,nan,1,1,0.20654329147389294,1.0,1.0,1.0,8123.3854809997865,nan,8123.3854809997865,nan,8123.3854809997865,8123.3854809997865
mixed_stress,lhs_06,Shrinkage-SMI/MVDR global,scientific_controlled,1,1,0.0,0.32570952634656347,nan,0.32570952634656347,nan,0.32570952634656347,0.32570952634656347,-0.6853913755719454,nan,-0.6853913755719454,nan,-0.6853913755719454,-0.6853913755719454,0.16149259480920375,nan,0.16149259480920375,nan,0.16149259480920375,0.16149259480920375,24.17215869923471,nan,24.17215869923471,nan,24.17215869923471,24.17215869923471,35.22101255748333,nan,35.22101255748333,nan,35.22101255748333,35.22101255748333,34.94671124675143,nan,34.94671124675143,nan,34.94671124675143,34.94671124675143,0.14498168498168498,nan,0.14498168498168498,nan,0.14498168498168498,0.14498168498168498,0.003940980124412077,nan,0.003940980124412077,nan,0.003940980124412077,0.003940980124412077,1.0,nan,1,1,0.20654329147389294,1.0,1.0,1.0,4561.6242450000755,nan,4561.6242450000755,nan,4561.6242450000755,4561.6242450000755
mixed_stress,lhs_06,Shrinkage-SMI/MVDR local,scientific_controlled,1,1,0.0,0.8596172365433041,nan,0.8596172365433041,nan,0.8596172365433041,0.8596172365433041,-1.0087651911092683,nan,-1.0087651911092683,nan,-1.0087651911092683,-1.0087651911092683,0.6666262370042498,nan,0.6666262370042498,nan,0.6666262370042498,0.6666262370042498,23.72862960987304,nan,23.72862960987304,nan,23.72862960987304,23.72862960987304,34.71563574804847,nan,34.71563574804847,nan,34.71563574804847,34.71563574804847,34.42893344288581,nan,34.42893344288581,nan,34.42893344288581,34.42893344288581,0.14094862402554711,nan,0.14094862402554711,nan,0.14094862402554711,0.14094862402554711,0.0039390835988469125,nan,0.0039390835988469125,nan,0.0039390835988469125,0.0039390835988469125,1.0,nan,1,1,0.20654329147389294,1.0,1.0,1.0,1941.269094999825,nan,1941.269094999825,nan,1941.269094999825,1941.269094999825
mixed_stress,lhs_07,Corrected JDL physical,scientific_controlled,1,1,0.0,13.868493724185399,nan,13.868493724185399,nan,13.868493724185399,13.868493724185399,2.7230979548880603,nan,2.7230979548880603,nan,2.7230979548880603,2.7230979548880603,-2.193639929044389,nan,-2.193639929044389,nan,-2.193639929044389,-2.193639929044389,26.088444306020975,nan,26.088444306020975,nan,26.088444306020975,26.088444306020975,37.742522477512026,nan,37.742522477512026,nan,37.742522477512026,37.742522477512026,36.7173616717821,nan,36.7173616717821,nan,36.7173616717821,36.7173616717821,0.15434394665163895,nan,0.15434394665163895,nan,0.15434394665163895,0.15434394665163895,0.004557350933090578,nan,0.004557350933090578,nan,0.004557350933090578,0.004557350933090578,0.0,nan,0,1,0.0,0.7934567085261071,0.0,0.0,3589.690627999971,nan,3589.690627999971,nan,3589.690627999971,3589.690627999971
mixed_stress,lhs_07,Current legacy CSI [production replay],production_replay,1,1,0.0,4.107062908014427,nan,4.107062908014427,nan,4.107062908014427,4.107062908014427,3.6817658473749577,nan,3.6817658473749577,nan,3.6817658473749577,3.6817658473749577,19.15067887751573,nan,19.15067887751573,nan,19.15067887751573,19.15067887751573,8.391364504500787,nan,8.391364504500787,nan,8.391364504500787,8.391364504500787,13.065974679417906,nan,13.065974679417906,nan,13.065974679417906,13.065974679417906,12.080232379251344,nan,12.080232379251344,nan,12.080232379251344,12.080232379251344,0.004367427444350521,nan,0.004367427444350521,nan,0.004367427444350521,0.004367427444350521,0.004174252768927325,nan,0.004174252768927325,nan,0.004174252768927325,0.004174252768927325,1.0,nan,1,1,0.20654329147389294,1.0,1.0,1.0,193.88408000008894,nan,193.88408000008894,nan,193.88408000008894,193.88408000008894
mixed_stress,lhs_07,Current legacy CSI [scientific controlled],scientific_controlled,1,1,0.0,4.107563267170185,nan,4.107563267170185,nan,4.107563267170185,4.107563267170185,3.682191126809294,nan,3.682191126809294,nan,3.682191126809294,3.682191126809294,19.150701749047983,nan,19.150701749047983,nan,19.150701749047983,19.150701749047983,8.391048247483159,nan,8.391048247483159,nan,8.391048247483159,8.391048247483159,13.065387555153798,nan,13.065387555153798,nan,13.065387555153798,13.065387555153798,12.080229440017494,nan,12.080229440017494,nan,12.080229440017494,12.080229440017494,0.004365548980933596,nan,0.004365548980933596,nan,0.004365548980933596,0.004365548980933596,0.004178045820057655,nan,0.004178045820057655,nan,0.004178045820057655,0.004178045820057655,1.0,nan,1,1,0.20654329147389294,1.0,1.0,1.0,193.84728499994708,nan,193.84728499994708,nan,193.84728499994708,193.84728499994708
mixed_stress,lhs_07,DL-SMI/MVDR global,scientific_controlled,1,1,0.0,-0.06192061847205821,nan,-0.06192061847205821,nan,-0.06192061847205821,-0.06192061847205821,-0.010808221158327237,nan,-0.010808221158327237,nan,-0.010808221158327237,-0.010808221158327237,-0.6602177993061643,nan,-0.6602177993061643,nan,-0.6602177993061643,-0.6602177993061643,24.728718540532032,nan,24.728718540532032,nan,24.728718540532032,24.728718540532032,35.99832293258423,nan,35.99832293258423,nan,35.99832293258423,35.99832293258423,35.116124032068484,nan,35.116124032068484,nan,35.116124032068484,35.116124032068484,0.15000845308537616,nan,0.15000845308537616,nan,0.15000845308537616,0.15000845308537616,0.004217872856926112,nan,0.004217872856926112,nan,0.004217872856926112,0.004217872856926112,0.0,nan,0,1,0.0,0.7934567085261071,0.0,0.0,1471.8746260000444,nan,1471.8746260000444,nan,1471.8746260000444,1471.8746260000444
mixed_stress,lhs_07,DL-SMI/MVDR local,scientific_controlled,1,1,0.0,-0.049908286954782,nan,-0.049908286954782,nan,-0.049908286954782,-0.049908286954782,-0.010527306286710407,nan,-0.010527306286710407,nan,-0.010527306286710407,-0.010527306286710407,-0.11958301376961664,nan,-0.11958301376961664,nan,-0.11958301376961664,-0.11958301376961664,24.085686102949282,nan,24.085686102949282,nan,24.085686102949282,24.085686102949282,35.3748800639748,nan,35.3748800639748,nan,35.3748800639748,35.3748800639748,34.57750411928632,nan,34.57750411928632,nan,34.57750411928632,34.57750411928632,0.14223912839297453,nan,0.14223912839297453,nan,0.14223912839297453,0.14223912839297453,0.004267182521620391,nan,0.004267182521620391,nan,0.004267182521620391,0.004267182521620391,0.0,nan,0,1,0.0,0.7934567085261071,0.0,0.0,971.7674250000528,nan,971.7674250000528,nan,971.7674250000528,971.7674250000528
mixed_stress,lhs_07,MNEC physical,scientific_controlled,1,1,0.0,-0.5854561147736561,nan,-0.5854561147736561,nan,-0.5854561147736561,-0.5854561147736561,-0.01821619016599035,nan,-0.01821619016599035,nan,-0.01821619016599035,-0.01821619016599035,-0.2831855371248113,nan,-0.2831855371248113,nan,-0.2831855371248113,-0.2831855371248113,24.44410907243971,nan,24.44410907243971,nan,24.44410907243971,24.44410907243971,35.58399958163419,nan,35.58399958163419,nan,35.58399958163419,35.58399958163419,34.71806767871235,nan,34.71806767871235,nan,34.71806767871235,34.71806767871235,0.15017375786606557,nan,0.15017375786606557,nan,0.15017375786606557,0.15017375786606557,0.004272872098315885,nan,0.004272872098315885,nan,0.004272872098315885,0.004272872098315885,0.0,nan,0,1,0.0,0.7934567085261071,0.0,0.0,2666.2148540001454,nan,2666.2148540001454,nan,2666.2148540001454,2666.2148540001454
mixed_stress,lhs_07,Phase-only CSI [production replay],production_replay,1,1,0.0,2.051186252041317,nan,2.051186252041317,nan,2.051186252041317,2.051186252041317,4.244493176611525,nan,4.244493176611525,nan,4.244493176611525,4.244493176611525,16.10096230909197,nan,16.10096230909197,nan,16.10096230909197,16.10096230909197,11.64947409188594,nan,11.64947409188594,nan,11.64947409188594,11.64947409188594,16.67747448896645,nan,16.67747448896645,nan,16.67747448896645,16.67747448896645,15.491303482154752,nan,15.491303482154752,nan,15.491303482154752,15.491303482154752,0.01894242509627125,nan,0.01894242509627125,nan,0.01894242509627125,0.01894242509627125,0.00410218479745107,nan,0.00410218479745107,nan,0.00410218479745107,0.00410218479745107,1.0,nan,1,1,0.20654329147389294,1.0,1.0,1.0,190.40519000009226,nan,190.40519000009226,nan,190.40519000009226,190.40519000009226
mixed_stress,lhs_07,Phase-only CSI [scientific controlled],scientific_controlled,1,1,0.0,2.051645272539556,nan,2.051645272539556,nan,2.051645272539556,2.051645272539556,4.244931761856067,nan,4.244931761856067,nan,4.244931761856067,4.244931761856067,16.100970877754996,nan,16.100970877754996,nan,16.100970877754996,16.100970877754996,11.649345375126343,nan,11.649345375126343,nan,11.649345375126343,11.649345375126343,16.67675316238158,nan,16.67675316238158,nan,16.67675316238158,16.67675316238158,15.491309606823085,nan,15.491309606823085,nan,15.491309606823085,15.491309606823085,0.018940546632854324,nan,0.018940546632854324,nan,0.018940546632854324,0.018940546632854324,0.00410218479745107,nan,0.00410218479745107,nan,0.00410218479745107,0.00410218479745107,1.0,nan,1,1,0.20654329147389294,1.0,1.0,1.0,259.2681809999249,nan,259.2681809999249,nan,259.2681809999249,259.2681809999249
mixed_stress,lhs_07,Row complex LS / Wiener [scientific controlled],scientific_controlled,1,1,0.0,2.3942226623760767,nan,2.3942226623760767,nan,2.3942226623760767,2.3942226623760767,1.2090358377644188,nan,1.2090358377644188,nan,1.2090358377644188,1.2090358377644188,16.840079254869025,nan,16.840079254869025,nan,16.840079254869025,16.840079254869025,10.773669445784329,nan,10.773669445784329,nan,10.773669445784329,10.773669445784329,15.78474125315336,nan,15.78474125315336,nan,15.78474125315336,15.78474125315336,14.60655288890559,nan,14.60655288890559,nan,14.60655288890559,14.60655288890559,0.013425378040762655,nan,0.013425378040762655,nan,0.013425378040762655,0.013425378040762655,0.003971324533454711,nan,0.003971324533454711,nan,0.003971324533454711,0.003971324533454711,1.0,nan,1,1,0.20654329147389294,1.0,1.0,1.0,222.9173420000734,nan,222.9173420000734,nan,222.9173420000734,222.9173420000734
mixed_stress,lhs_07,Row complex LS / Wiener robust IRLS [scientific controlled],scientific_controlled,1,1,0.0,2.461480827817688,nan,2.461480827817688,nan,2.461480827817688,2.461480827817688,1.3340700690730318,nan,1.3340700690730318,nan,1.3340700690730318,1.3340700690730318,16.836157360709926,nan,16.836157360709926,nan,16.836157360709926,16.836157360709926,10.775237357531234,nan,10.775237357531234,nan,10.775237357531234,10.775237357531234,15.812898230772605,nan,15.812898230772605,nan,15.812898230772605,15.812898230772605,14.633834588145673,nan,14.633834588145673,nan,14.633834588145673,14.633834588145673,0.013541842772612004,nan,0.013541842772612004,nan,0.013541842772612004,0.013541842772612004,0.00399977241693218,nan,0.00399977241693218,nan,0.00399977241693218,0.00399977241693218,1.0,nan,1,1,0.20654329147389294,1.0,1.0,1.0,274.46558499991625,nan,274.46558499991625,nan,274.46558499991625,274.46558499991625
mixed_stress,lhs_07,SA-MNEC physical [approximate academic reference],scientific_controlled,1,1,0.0,-4.0123678191914145,nan,-4.0123678191914145,nan,-4.0123678191914145,-4.0123678191914145,-0.08558318196743891,nan,-0.08558318196743891,nan,-0.08558318196743891,-0.08558318196743891,-0.042365148323206536,nan,-0.042365148323206536,nan,-0.042365148323206536,-0.042365148323206536,24.189486101408562,nan,24.189486101408562,nan,24.189486101408562,24.189486101408562,35.31284036727973,nan,35.31284036727973,nan,35.31284036727973,35.31284036727973,34.46363896173126,nan,34.46363896173126,nan,34.46363896173126,34.46363896173126,0.14976613130459285,nan,0.14976613130459285,nan,0.14976613130459285,0.14976613130459285,0.0043714914277044456,nan,0.0043714914277044456,nan,0.0043714914277044456,0.0043714914277044456,0.0,nan,0,1,0.0,0.7934567085261071,0.0,0.0,7079.596726000091,nan,7079.596726000091,nan,7079.596726000091,7079.596726000091
mixed_stress,lhs_07,Shrinkage-SMI/MVDR global,scientific_controlled,1,1,0.0,-0.06450882638530686,nan,-0.06450882638530686,nan,-0.06450882638530686,-0.06450882638530686,-0.010539345361700217,nan,-0.010539345361700217,nan,-0.010539345361700217,-0.010539345361700217,-0.5659090081914205,nan,-0.5659090081914205,nan,-0.5659090081914205,-0.5659090081914205,24.64669342586726,nan,24.64669342586726,nan,24.64669342586726,24.64669342586726,35.88678292348408,nan,35.88678292348408,nan,35.88678292348408,35.88678292348408,35.01940246199857,nan,35.01940246199857,nan,35.01940246199857,35.01940246199857,0.14919319996243074,nan,0.14919319996243074,nan,0.14919319996243074,0.14919319996243074,0.004238734638142922,nan,0.004238734638142922,nan,0.004238734638142922,0.004238734638142922,0.0,nan,0,1,0.0,0.7934567085261071,0.0,0.0,4137.10186000003,nan,4137.10186000003,nan,4137.10186000003,4137.10186000003
mixed_stress,lhs_07,Shrinkage-SMI/MVDR local,scientific_controlled,1,1,0.0,-0.11731992107566569,nan,-0.11731992107566569,nan,-0.11731992107566569,-0.11731992107566569,-0.008086364422559297,nan,-0.008086364422559297,nan,-0.008086364422559297,-0.008086364422559297,-0.2116662115352214,nan,-0.2116662115352214,nan,-0.2116662115352214,-0.2116662115352214,24.253500655700066,nan,24.253500655700066,nan,24.253500655700066,24.253500655700066,35.462996602756334,nan,35.462996602756334,nan,35.462996602756334,35.462996602756334,34.66315231403738,nan,34.66315231403738,nan,34.66315231403738,34.66315231403738,0.14487649103033717,nan,0.14487649103033717,nan,0.14487649103033717,0.14487649103033717,0.004265285996055227,nan,0.004265285996055227,nan,0.004265285996055227,0.004265285996055227,0.0,nan,0,1,0.0,0.7934567085261071,0.0,0.0,1423.989483000014,nan,1423.989483000014,nan,1423.989483000014,1423.989483000014
mixed_stress,lhs_08,Corrected JDL physical,scientific_controlled,1,1,0.0,-0.9179144177636331,nan,-0.9179144177636331,nan,-0.9179144177636331,-0.9179144177636331,0.6327292952903435,nan,0.6327292952903435,nan,0.6327292952903435,0.6327292952903435,-2.2343694388492943,nan,-2.2343694388492943,nan,-2.2343694388492943,-2.2343694388492943,26.156448506257913,nan,26.156448506257913,nan,26.156448506257913,26.156448506257913,37.65728902769131,nan,37.65728902769131,nan,37.65728902769131,37.65728902769131,37.89426153767397,nan,37.89426153767397,nan,37.89426153767397,37.89426153767397,0.15729313421621113,nan,0.15729313421621113,nan,0.15729313421621113,0.15729313421621113,0.00487027765134274,nan,0.00487027765134274,nan,0.00487027765134274,0.00487027765134274,1.0,nan,1,1,0.20654329147389294,1.0,1.0,1.0,3597.898046000182,nan,3597.898046000182,nan,3597.898046000182,3597.898046000182
mixed_stress,lhs_08,Current legacy CSI [production replay],production_replay,1,1,0.0,11.99824488189969,nan,11.99824488189969,nan,11.99824488189969,11.99824488189969,-18.945877385844764,nan,-18.945877385844764,nan,-18.945877385844764,-18.945877385844764,19.142398254811592,nan,19.142398254811592,nan,19.142398254811592,19.142398254811592,9.433403040148848,nan,9.433403040148848,nan,9.433403040148848,9.433403040148848,14.644243851061427,nan,14.644243851061427,nan,14.644243851061427,14.644243851061427,13.900716092254529,nan,13.900716092254529,nan,13.900716092254529,13.900716092254529,0.008849441157133466,nan,0.008849441157133466,nan,0.008849441157133466,0.008849441157133466,0.005983538158094371,nan,0.005983538158094371,nan,0.005983538158094371,0.005983538158094371,0.0,nan,0,1,0.0,0.7934567085261071,0.0,0.0,233.03532299996732,nan,233.03532299996732,nan,233.03532299996732,233.03532299996732
mixed_stress,lhs_08,Current legacy CSI [scientific controlled],scientific_controlled,1,1,0.0,11.99753908269348,nan,11.99753908269348,nan,11.99753908269348,11.99753908269348,-18.9456981805384,nan,-18.9456981805384,nan,-18.9456981805384,-18.9456981805384,19.142396567143354,nan,19.142396567143354,nan,19.142396567143354,19.142396567143354,9.433371570904372,nan,9.433371570904372,nan,9.433371570904372,9.433371570904372,14.644291956704791,nan,14.644291956704791,nan,14.644291956704791,14.644291956704791,13.90072031251792,nan,13.90072031251792,nan,13.90072031251792,13.90072031251792,0.00885131962055039,nan,0.00885131962055039,nan,0.00885131962055039,0.00885131962055039,0.005983538158094371,nan,0.005983538158094371,nan,0.005983538158094371,0.005983538158094371,0.0,nan,0,1,0.0,0.7934567085261071,0.0,0.0,210.29208000004473,nan,210.29208000004473,nan,210.29208000004473,210.29208000004473
mixed_stress,lhs_08,DL-SMI/MVDR global,scientific_controlled,1,1,0.0,-0.2764370570776258,nan,-0.2764370570776258,nan,-0.2764370570776258,-0.2764370570776258,-0.264891930391812,nan,-0.264891930391812,nan,-0.264891930391812,-0.264891930391812,-0.7404800984192623,nan,-0.7404800984192623,nan,-0.7404800984192623,-0.7404800984192623,24.87658190480773,nan,24.87658190480773,nan,24.87658190480773,24.87658190480773,36.04360184137211,nan,36.04360184137211,nan,36.04360184137211,36.04360184137211,36.348744562148134,nan,36.348744562148134,nan,36.348744562148134,36.348744562148134,0.15320559782098245,nan,0.15320559782098245,nan,0.15320559782098245,0.15320559782098245,0.004140115308754362,nan,0.004140115308754362,nan,0.004140115308754362,0.004140115308754362,1.0,nan,1,1,0.20654329147389294,1.0,1.0,1.0,1955.4731939999783,nan,1955.4731939999783,nan,1955.4731939999783,1955.4731939999783
mixed_stress,lhs_08,DL-SMI/MVDR local,scientific_controlled,1,1,0.0,-0.10598693448249286,nan,-0.10598693448249286,nan,-0.10598693448249286,-0.10598693448249286,-0.13636140446537742,nan,-0.13636140446537742,nan,-0.13636140446537742,-0.13636140446537742,-0.045878933715796794,nan,-0.045878933715796794,nan,-0.045878933715796794,-0.045878933715796794,24.044036428202674,nan,24.044036428202674,nan,24.044036428202674,24.044036428202674,35.29665305167528,nan,35.29665305167528,nan,35.29665305167528,35.29665305167528,35.65541027337887,nan,35.65541027337887,nan,35.65541027337887,35.65541027337887,0.14319338780877242,nan,0.14319338780877242,nan,0.14319338780877242,0.14319338780877242,0.004198907601274465,nan,0.004198907601274465,nan,0.004198907601274465,0.004198907601274465,1.0,nan,1,1,0.20654329147389294,1.0,1.0,1.0,1074.1902290001235,nan,1074.1902290001235,nan,1074.1902290001235,1074.1902290001235
mixed_stress,lhs_08,MNEC physical,scientific_controlled,1,1,0.0,-0.28354871934951476,nan,-0.28354871934951476,nan,-0.28354871934951476,-0.28354871934951476,-0.11707452402268644,nan,-0.11707452402268644,nan,-0.11707452402268644,-0.11707452402268644,-0.4428844274258034,nan,-0.4428844274258034,nan,-0.4428844274258034,-0.4428844274258034,24.670861895396442,nan,24.670861895396442,nan,24.670861895396442,24.670861895396442,35.7799534647664,nan,35.7799534647664,nan,35.7799534647664,35.7799534647664,36.04084356970398,nan,36.04084356970398,nan,36.04084356970398,36.04084356970398,0.15235089696628157,nan,0.15235089696628157,nan,0.15235089696628157,0.15235089696628157,0.004282354726141709,nan,0.004282354726141709,nan,0.004282354726141709,0.004282354726141709,1.0,nan,1,1,0.20654329147389294,1.0,1.0,1.0,1939.3209280001429,nan,1939.3209280001429,nan,1939.3209280001429,1939.3209280001429
mixed_stress,lhs_08,Phase-only CSI [production replay],production_replay,1,1,0.0,1.9763473597779821,nan,1.9763473597779821,nan,1.9763473597779821,1.9763473597779821,-10.532778010296301,nan,-10.532778010296301,nan,-10.532778010296301,-10.532778010296301,11.33673909965413,nan,11.33673909965413,nan,11.33673909965413,11.33673909965413,15.662283961223771,nan,15.662283961223771,nan,15.662283961223771,15.662283961223771,23.09378232735314,nan,23.09378232735314,nan,23.09378232735314,23.09378232735314,23.190965431497787,nan,23.190965431497787,nan,23.190965431497787,23.190965431497787,0.056973795435333895,nan,0.056973795435333895,nan,0.056973795435333895,0.056973795435333895,0.0056175087240176,nan,0.0056175087240176,nan,0.0056175087240176,0.0056175087240176,1.0,nan,1,1,0.20654329147389294,1.0,1.0,1.0,199.9862719999328,nan,199.9862719999328,nan,199.9862719999328,199.9862719999328
mixed_stress,lhs_08,Phase-only CSI [scientific controlled],scientific_controlled,1,1,0.0,1.9765287898056574,nan,1.9765287898056574,nan,1.9765287898056574,1.9765287898056574,-10.532581705033085,nan,-10.532581705033085,nan,-10.532581705033085,-10.532581705033085,11.336738549053289,nan,11.336738549053289,nan,11.336738549053289,11.336738549053289,15.662232640986062,nan,15.662232640986062,nan,15.662232640986062,15.662232640986062,23.093782264746746,nan,23.093782264746746,nan,23.093782264746746,23.093782264746746,23.190965738853325,nan,23.190965738853325,nan,23.190965738853325,23.190965738853325,0.056973795435333895,nan,0.056973795435333895,nan,0.056973795435333895,0.056973795435333895,0.0056175087240176,nan,0.0056175087240176,nan,0.0056175087240176,0.0056175087240176,1.0,nan,1,1,0.20654329147389294,1.0,1.0,1.0,211.81010000009337,nan,211.81010000009337,nan,211.81010000009337,211.81010000009337
mixed_stress,lhs_08,Row complex LS / Wiener [scientific controlled],scientific_controlled,1,1,0.0,7.981401160585632,nan,7.981401160585632,nan,7.981401160585632,7.981401160585632,-15.455539847851707,nan,-15.455539847851707,nan,-15.455539847851707,-15.455539847851707,17.343536313451068,nan,17.343536313451068,nan,17.343536313451068,17.343536313451068,11.282244527468979,nan,11.282244527468979,nan,11.282244527468979,11.282244527468979,16.41587557652181,nan,16.41587557652181,nan,16.41587557652181,16.41587557652181,15.674367501074995,nan,15.674367501074995,nan,15.674367501074995,15.674367501074995,0.016350145580914813,nan,0.016350145580914813,nan,0.016350145580914813,0.016350145580914813,0.006004399939311182,nan,0.006004399939311182,nan,0.006004399939311182,0.006004399939311182,0.0,nan,0,1,0.0,0.7934567085261071,0.0,0.0,204.47707599987552,nan,204.47707599987552,nan,204.47707599987552,204.47707599987552
mixed_stress,lhs_08,Row complex LS / Wiener robust IRLS [scientific controlled],scientific_controlled,1,1,0.0,8.020448378689887,nan,8.020448378689887,nan,8.020448378689887,8.020448378689887,-15.42102783623742,nan,-15.42102783623742,nan,-15.42102783623742,-15.42102783623742,17.33997171168182,nan,17.33997171168182,nan,17.33997171168182,17.33997171168182,11.281146459397291,nan,11.281146459397291,nan,11.281146459397291,11.281146459397291,16.432330737834157,nan,16.432330737834157,nan,16.432330737834157,16.432330737834157,15.690424572106847,nan,15.690424572106847,nan,15.690424572106847,15.690424572106847,0.016367051751667135,nan,0.016367051751667135,nan,0.016367051751667135,0.016367051751667135,0.0060214686693976635,nan,0.0060214686693976635,nan,0.0060214686693976635,0.0060214686693976635,0.0,nan,0,1,0.0,0.7934567085261071,0.0,0.0,622.674280999945,nan,622.674280999945,nan,622.674280999945,622.674280999945
mixed_stress,lhs_08,SA-MNEC physical [approximate academic reference],scientific_controlled,1,1,0.0,0.07025573166128396,nan,0.07025573166128396,nan,0.07025573166128396,0.07025573166128396,-0.5113845564904128,nan,-0.5113845564904128,nan,-0.5113845564904128,-0.5113845564904128,0.03389862195465735,nan,0.03389862195465735,nan,0.03389862195465735,0.03389862195465735,24.119466297468357,nan,24.119466297468357,nan,24.119466297468357,24.119466297468357,35.27745270376037,nan,35.27745270376037,nan,35.27745270376037,35.27745270376037,35.55497344512762,nan,35.55497344512762,nan,35.55497344512762,35.55497344512762,0.14713252559406406,nan,0.14713252559406406,nan,0.14713252559406406,0.14713252559406406,0.004999241389773934,nan,0.004999241389773934,nan,0.004999241389773934,0.004999241389773934,1.0,nan,1,1,0.20654329147389294,1.0,1.0,1.0,6978.739237999889,nan,6978.739237999889,nan,6978.739237999889,6978.739237999889
mixed_stress,lhs_08,Shrinkage-SMI/MVDR global,scientific_controlled,1,1,0.0,-0.23896013203190236,nan,-0.23896013203190236,nan,-0.23896013203190236,-0.23896013203190236,-0.17551853584779456,nan,-0.17551853584779456,nan,-0.17551853584779456,-0.17551853584779456,-0.5585019759353079,nan,-0.5585019759353079,nan,-0.5585019759353079,-0.5585019759353079,24.697913040073765,nan,24.697913040073765,nan,24.697913040073765,24.697913040073765,35.876205005036816,nan,35.876205005036816,nan,35.876205005036816,35.876205005036816,36.164289692715265,nan,36.164289692715265,nan,36.164289692715265,36.164289692715265,0.1513515544284775,nan,0.1513515544284775,nan,0.1513515544284775,0.1513515544284775,0.004157184038840843,nan,0.004157184038840843,nan,0.004157184038840843,0.004157184038840843,1.0,nan,1,1,0.20654329147389294,1.0,1.0,1.0,4220.332101999929,nan,4220.332101999929,nan,4220.332101999929,4220.332101999929
mixed_stress,lhs_08,Shrinkage-SMI/MVDR local,scientific_controlled,1,1,0.0,-0.2440317801675871,nan,-0.2440317801675871,nan,-0.2440317801675871,-0.2440317801675871,-0.09127239819223851,nan,-0.09127239819223851,nan,-0.09127239819223851,-0.09127239819223851,-0.3280527944410513,nan,-0.3280527944410513,nan,-0.3280527944410513,-0.3280527944410513,24.425984699476693,nan,24.425984699476693,nan,24.425984699476693,24.425984699476693,35.604541478447885,nan,35.604541478447885,nan,35.604541478447885,35.604541478447885,35.934837299343236,nan,35.934837299343236,nan,35.934837299343236,35.934837299343236,0.14805485113177422,nan,0.14805485113177422,nan,0.14805485113177422,0.14805485113177422,0.004198907601274465,nan,0.004198907601274465,nan,0.004198907601274465,0.004198907601274465,1.0,nan,1,1,0.20654329147389294,1.0,1.0,1.0,1854.040015999999,nan,1854.040015999999,nan,1854.040015999999,1854.040015999999
mixed_stress,lhs_09,Corrected JDL physical,scientific_controlled,1,1,0.0,-0.8246666763480697,nan,-0.8246666763480697,nan,-0.8246666763480697,-0.8246666763480697,1.6735482259644285,nan,1.6735482259644285,nan,1.6735482259644285,1.6735482259644285,-2.1211726196665537,nan,-2.1211726196665537,nan,-2.1211726196665537,-2.1211726196665537,25.8406143660234,nan,25.8406143660234,nan,25.8406143660234,25.8406143660234,37.57081732613573,nan,37.57081732613573,nan,37.57081732613573,37.57081732613573,37.329648862110965,nan,37.329648862110965,nan,37.329648862110965,37.329648862110965,0.15067530759838452,nan,0.15067530759838452,nan,0.15067530759838452,0.15067530759838452,0.004720452131694735,nan,0.004720452131694735,nan,0.004720452131694735,0.004720452131694735,1.0,nan,1,1,0.20654329147389294,1.0,1.0,1.0,3867.491742000084,nan,3867.491742000084,nan,3867.491742000084,3867.491742000084
mixed_stress,lhs_09,Current legacy CSI [production replay],production_replay,1,1,0.0,16.59877954844178,nan,16.59877954844178,nan,16.59877954844178,16.59877954844178,-2.854822937804633,nan,-2.854822937804633,nan,-2.854822937804633,-2.854822937804633,18.50165046512031,nan,18.50165046512031,nan,18.50165046512031,18.50165046512031,9.589683067442401,nan,9.589683067442401,nan,9.589683067442401,9.589683067442401,14.785117403250245,nan,14.785117403250245,nan,14.785117403250245,14.785117403250245,13.922131749214103,nan,13.922131749214103,nan,13.922131749214103,13.922131749214103,0.009343477035784729,nan,0.009343477035784729,nan,0.009343477035784729,0.009343477035784729,0.006340084964345319,nan,0.006340084964345319,nan,0.006340084964345319,0.006340084964345319,1.0,nan,1,1,0.20654329147389294,1.0,1.0,1.0,239.03616199982025,nan,239.03616199982025,nan,239.03616199982025,239.03616199982025
mixed_stress,lhs_09,Current legacy CSI [scientific controlled],scientific_controlled,1,1,0.0,16.595330427725997,nan,16.595330427725997,nan,16.595330427725997,16.595330427725997,-2.853305346163855,nan,-2.853305346163855,nan,-2.853305346163855,-2.853305346163855,18.50164011792589,nan,18.50164011792589,nan,18.50164011792589,18.50164011792589,9.589362061959052,nan,9.589362061959052,nan,9.589362061959052,9.589362061959052,14.785046127692318,nan,14.785046127692318,nan,14.785046127692318,14.785046127692318,13.922270503354468,nan,13.922270503354468,nan,13.922270503354468,13.922270503354468,0.009343477035784729,nan,0.009343477035784729,nan,0.009343477035784729,0.009343477035784729,0.006338188438780154,nan,0.006338188438780154,nan,0.006338188438780154,0.006338188438780154,1.0,nan,1,1,0.20654329147389294,1.0,1.0,1.0,238.24819700007538,nan,238.24819700007538,nan,238.24819700007538,238.24819700007538
mixed_stress,lhs_09,DL-SMI/MVDR global,scientific_controlled,1,1,0.0,-1.0193670089547489,nan,-1.0193670089547489,nan,-1.0193670089547489,-1.0193670089547489,-0.09063165284581717,nan,-0.09063165284581717,nan,-0.09063165284581717,-0.09063165284581717,-0.3213532037237734,nan,-0.3213532037237734,nan,-0.3213532037237734,-0.3213532037237734,24.33674012709976,nan,24.33674012709976,nan,24.33674012709976,24.33674012709976,35.58770235340981,nan,35.58770235340981,nan,35.58770235340981,35.58770235340981,35.45931645729937,nan,35.45931645729937,nan,35.45931645729937,35.45931645729937,0.14627406781252936,nan,0.14627406781252936,nan,0.14627406781252936,0.14627406781252936,0.003984600212410864,nan,0.003984600212410864,nan,0.003984600212410864,0.003984600212410864,1.0,nan,1,1,0.20654329147389294,1.0,1.0,1.0,1773.765641999944,nan,1773.765641999944,nan,1773.765641999944,1773.765641999944
mixed_stress,lhs_09,DL-SMI/MVDR local,scientific_controlled,1,1,0.0,-0.4020898947848224,nan,-0.4020898947848224,nan,-0.4020898947848224,-0.4020898947848224,-0.3511704492101171,nan,-0.3511704492101171,nan,-0.3511704492101171,-0.3511704492101171,0.4453389765261722,nan,0.4453389765261722,nan,0.4453389765261722,0.4453389765261722,23.55707402268589,nan,23.55707402268589,nan,23.55707402268589,23.55707402268589,34.80642435820379,nan,34.80642435820379,nan,34.80642435820379,34.80642435820379,34.68403221133693,nan,34.68403221133693,nan,34.68403221133693,34.68403221133693,0.1375993237531699,nan,0.1375993237531699,nan,0.1375993237531699,0.1375993237531699,0.00399977241693218,nan,0.00399977241693218,nan,0.00399977241693218,0.00399977241693218,1.0,nan,1,1,0.20654329147389294,1.0,1.0,1.0,1010.7246669999768,nan,1010.7246669999768,nan,1010.7246669999768,1010.7246669999768
mixed_stress,lhs_09,MNEC physical,scientific_controlled,1,1,0.0,-0.6109907539326098,nan,-0.6109907539326098,nan,-0.6109907539326098,-0.6109907539326098,-0.20914700531353786,nan,-0.20914700531353786,nan,-0.20914700531353786,-0.20914700531353786,0.28332415172059194,nan,0.28332415172059194,nan,0.28332415172059194,0.28332415172059194,23.864500487445675,nan,23.864500487445675,nan,23.864500487445675,23.864500487445675,34.965060917541166,nan,34.965060917541166,nan,34.965060917541166,34.965060917541166,34.83586738386037,nan,34.83586738386037,nan,34.83586738386037,34.83586738386037,0.1420850943927867,nan,0.1420850943927867,nan,0.1420850943927867,0.1420850943927867,0.003923911394325595,nan,0.003923911394325595,nan,0.003923911394325595,0.003923911394325595,1.0,nan,1,1,0.20654329147389294,1.0,1.0,1.0,3091.796626999894,nan,3091.796626999894,nan,3091.796626999894,3091.796626999894
mixed_stress,lhs_09,Phase-only CSI [production replay],production_replay,1,1,0.0,14.740331918098978,nan,14.740331918098978,nan,14.740331918098978,14.740331918098978,-2.217211062357103,nan,-2.217211062357103,nan,-2.217211062357103,-2.217211062357103,16.12676555694513,nan,16.12676555694513,nan,16.12676555694513,16.12676555694513,12.193987886527783,nan,12.193987886527783,nan,12.193987886527783,12.193987886527783,17.461205715026445,nan,17.461205715026445,nan,17.461205715026445,17.461205715026445,16.378493131205897,nan,16.378493131205897,nan,16.378493131205897,16.378493131205897,0.02295294449140603,nan,0.02295294449140603,nan,0.02295294449140603,0.02295294449140603,0.004748900015172204,nan,0.004748900015172204,nan,0.004748900015172204,0.004748900015172204,1.0,nan,1,1,0.20654329147389294,1.0,1.0,1.0,233.66857099995286,nan,233.66857099995286,nan,233.66857099995286,233.66857099995286
mixed_stress,lhs_09,Phase-only CSI [scientific controlled],scientific_controlled,1,1,0.0,14.73880330281172,nan,14.73880330281172,nan,14.73880330281172,14.73880330281172,-2.215677459162369,nan,-2.215677459162369,nan,-2.215677459162369,-2.215677459162369,16.12671776623881,nan,16.12671776623881,nan,16.12671776623881,16.12671776623881,12.193659381193536,nan,12.193659381193536,nan,12.193659381193536,12.193659381193536,17.46167092778596,nan,17.46167092778596,nan,17.46167092778596,17.46167092778596,16.378638473499944,nan,16.378638473499944,nan,16.378638473499944,16.378638473499944,0.02295670141823988,nan,0.02295670141823988,nan,0.02295670141823988,0.02295670141823988,0.00474700348960704,nan,0.00474700348960704,nan,0.00474700348960704,0.00474700348960704,1.0,nan,1,1,0.20654329147389294,1.0,1.0,1.0,229.7623790000216,nan,229.7623790000216,nan,229.7623790000216,229.7623790000216
mixed_stress,lhs_09,Row complex LS / Wiener [scientific controlled],scientific_controlled,1,1,0.0,14.541795997700444,nan,14.541795997700444,nan,14.541795997700444,14.541795997700444,-2.2922996830753073,nan,-2.2922996830753073,nan,-2.2922996830753073,-2.2922996830753073,16.6579073290578,nan,16.6579073290578,nan,16.6579073290578,16.6579073290578,11.550453765533561,nan,11.550453765533561,nan,11.550453765533561,11.550453765533561,16.866114162832588,nan,16.866114162832588,nan,16.866114162832588,16.866114162832588,15.813616245503201,nan,15.813616245503201,nan,15.813616245503201,15.813616245503201,0.01878275570583263,nan,0.01878275570583263,nan,0.01878275570583263,0.01878275570583263,0.005003034440904264,nan,0.005003034440904264,nan,0.005003034440904264,0.005003034440904264,1.0,nan,1,1,0.20654329147389294,1.0,1.0,1.0,217.21128800004408,nan,217.21128800004408,nan,217.21128800004408,217.21128800004408
mixed_stress,lhs_09,Row complex LS / Wiener robust IRLS [scientific controlled],scientific_controlled,1,1,0.0,14.494668146860082,nan,14.494668146860082,nan,14.494668146860082,14.494668146860082,-2.2450242918384093,nan,-2.2450242918384093,nan,-2.2450242918384093,-2.2450242918384093,16.651870867198394,nan,16.651870867198394,nan,16.651870867198394,16.651870867198394,11.553147917092648,nan,11.553147917092648,nan,11.553147917092648,11.553147917092648,16.91929179912781,nan,16.91929179912781,nan,16.91929179912781,16.91929179912781,15.8452096287204,nan,15.8452096287204,nan,15.8452096287204,15.8452096287204,0.018951817413355877,nan,0.018951817413355877,nan,0.018951817413355877,0.018951817413355877,0.005052344105598543,nan,0.005052344105598543,nan,0.005052344105598543,0.005052344105598543,1.0,nan,1,1,0.20654329147389294,1.0,1.0,1.0,313.5541839999405,nan,313.5541839999405,nan,313.5541839999405,313.5541839999405
mixed_stress,lhs_09,SA-MNEC physical [approximate academic reference],scientific_controlled,1,1,0.0,-0.6256903160996643,nan,-0.6256903160996643,nan,-0.6256903160996643,-0.6256903160996643,-0.3094637526093288,nan,-0.3094637526093288,nan,-0.3094637526093288,-0.3094637526093288,0.38655386645508744,nan,0.38655386645508744,nan,0.38655386645508744,0.38655386645508744,23.747587639348286,nan,23.747587639348286,nan,23.747587639348286,23.747587639348286,34.84945973213566,nan,34.84945973213566,nan,34.84945973213566,34.84945973213566,34.72496904715733,nan,34.72496904715733,nan,34.72496904715733,34.72496904715733,0.14178266178266177,nan,0.14178266178266177,nan,0.14178266178266177,0.14178266178266177,0.004155287513275679,nan,0.004155287513275679,nan,0.004155287513275679,0.004155287513275679,1.0,nan,1,1,0.20654329147389294,1.0,1.0,1.0,9370.9620489999,nan,9370.9620489999,nan,9370.9620489999,9370.9620489999
mixed_stress,lhs_09,Shrinkage-SMI/MVDR global,scientific_controlled,1,1,0.0,-0.8582864426787662,nan,-0.8582864426787662,nan,-0.8582864426787662,-0.8582864426787662,-0.12226358359394199,nan,-0.12226358359394199,nan,-0.12226358359394199,-0.12226358359394199,-0.05278018514381588,nan,-0.05278018514381588,nan,-0.05278018514381588,-0.05278018514381588,24.09215425349447,nan,24.09215425349447,nan,24.09215425349447,24.09215425349447,35.32360543644938,nan,35.32360543644938,nan,35.32360543644938,35.32360543644938,35.18673752884275,nan,35.18673752884275,nan,35.18673752884275,35.18673752884275,0.1434244388090542,nan,0.1434244388090542,nan,0.1434244388090542,0.1434244388090542,0.0039504627522379005,nan,0.0039504627522379005,nan,0.0039504627522379005,0.0039504627522379005,1.0,nan,1,1,0.20654329147389294,1.0,1.0,1.0,4795.529130999967,nan,4795.529130999967,nan,4795.529130999967,4795.529130999967
mixed_stress,lhs_09,Shrinkage-SMI/MVDR local,scientific_controlled,1,1,0.0,-0.5277033954919474,nan,-0.5277033954919474,nan,-0.5277033954919474,-0.5277033954919474,-0.24003739464947332,nan,-0.24003739464947332,nan,-0.24003739464947332,-0.24003739464947332,0.36791289981557057,nan,0.36791289981557057,nan,0.36791289981557057,0.36791289981557057,23.653414226893318,nan,23.653414226893318,nan,23.653414226893318,23.653414226893318,34.85838684385055,nan,34.85838684385055,nan,34.85838684385055,34.85838684385055,34.76273663422311,nan,34.76273663422311,nan,34.76273663422311,34.76273663422311,0.1382530290222598,nan,0.1382530290222598,nan,0.1382530290222598,0.1382530290222598,0.003973221059019876,nan,0.003973221059019876,nan,0.003973221059019876,0.003973221059019876,1.0,nan,1,1,0.20654329147389294,1.0,1.0,1.0,1692.4631809999937,nan,1692.4631809999937,nan,1692.4631809999937,1692.4631809999937
mixed_stress,lhs_10,Corrected JDL physical,scientific_controlled,1,1,0.0,5.100932567267584,nan,5.100932567267584,nan,5.100932567267584,5.100932567267584,2.376472648294137,nan,2.376472648294137,nan,2.376472648294137,2.376472648294137,-1.7207481844983343,nan,-1.7207481844983343,nan,-1.7207481844983343,-1.7207481844983343,25.731905145387948,nan,25.731905145387948,nan,25.731905145387948,25.731905145387948,37.45524728002711,nan,37.45524728002711,nan,37.45524728002711,37.45524728002711,38.24875617473347,nan,38.24875617473347,nan,38.24875617473347,38.24875617473347,0.14973044049967127,nan,0.14973044049967127,nan,0.14973044049967127,0.14973044049967127,0.005719921104536489,nan,0.005719921104536489,nan,0.005719921104536489,0.005719921104536489,1.0,nan,1,1,0.20654329147389294,1.0,1.0,1.0,4242.935836000015,nan,4242.935836000015,nan,4242.935836000015,4242.935836000015
mixed_stress,lhs_10,Current legacy CSI [production replay],production_replay,1,1,0.0,3.531381087695191,nan,3.531381087695191,nan,3.531381087695191,3.531381087695191,2.268432510899483,nan,2.268432510899483,nan,2.268432510899483,2.268432510899483,17.80743019973412,nan,17.80743019973412,nan,17.80743019973412,17.80743019973412,11.090136791397065,nan,11.090136791397065,nan,11.090136791397065,11.090136791397065,17.180330838741032,nan,17.180330838741032,nan,17.180330838741032,17.180330838741032,16.710361427320542,nan,16.710361427320542,nan,16.710361427320542,16.710361427320542,0.01875645721799568,nan,0.01875645721799568,nan,0.01875645721799568,0.01875645721799568,0.007485586405704749,nan,0.007485586405704749,nan,0.007485586405704749,0.007485586405704749,1.0,nan,1,1,0.20654329147389294,1.0,1.0,1.0,310.1748800002042,nan,310.1748800002042,nan,310.1748800002042,310.1748800002042
mixed_stress,lhs_10,Current legacy CSI [scientific controlled],scientific_controlled,1,1,0.0,3.532169434727983,nan,3.532169434727983,nan,3.532169434727983,3.532169434727983,2.269146587673182,nan,2.269146587673182,nan,2.269146587673182,2.269146587673182,17.80745402046292,nan,17.80745402046292,nan,17.80745402046292,17.80745402046292,11.09006664117144,nan,11.09006664117144,nan,11.09006664117144,11.09006664117144,17.180118423726228,nan,17.180118423726228,nan,17.180118423726228,17.180118423726228,16.71035325204919,nan,16.71035325204919,nan,16.71035325204919,16.71035325204919,0.018752700291161828,nan,0.018752700291161828,nan,0.018752700291161828,0.018752700291161828,0.0074836898801395844,nan,0.0074836898801395844,nan,0.0074836898801395844,0.0074836898801395844,1.0,nan,1,1,0.20654329147389294,1.0,1.0,1.0,294.9450109999816,nan,294.9450109999816,nan,294.9450109999816,294.9450109999816
mixed_stress,lhs_10,DL-SMI/MVDR global,scientific_controlled,1,1,0.0,-0.22870879881696737,nan,-0.22870879881696737,nan,-0.22870879881696737,-0.22870879881696737,-0.026515534311490705,nan,-0.026515534311490705,nan,-0.026515534311490705,-0.026515534311490705,-0.09013608039632541,nan,-0.09013608039632541,nan,-0.09013608039632541,-0.09013608039632541,24.460266048127956,nan,24.460266048127956,nan,24.460266048127956,24.460266048127956,35.659242332813925,nan,35.659242332813925,nan,35.659242332813925,35.659242332813925,36.556761076652286,nan,36.556761076652286,nan,36.556761076652286,36.556761076652286,0.15060392598854136,nan,0.15060392598854136,nan,0.15060392598854136,0.15060392598854136,0.004479593384918829,nan,0.004479593384918829,nan,0.004479593384918829,0.004479593384918829,1.0,nan,1,1,0.20654329147389294,1.0,1.0,1.0,2405.616708000025,nan,2405.616708000025,nan,2405.616708000025,2405.616708000025
mixed_stress,lhs_10,DL-SMI/MVDR local,scientific_controlled,1,1,0.0,-0.19651733273360605,nan,-0.19651733273360605,nan,-0.19651733273360605,-0.19651733273360605,-0.025114135955413404,nan,-0.025114135955413404,nan,-0.025114135955413404,-0.025114135955413404,0.2963665561525342,nan,0.2963665561525342,nan,0.2963665561525342,0.2963665561525342,24.033848945023962,nan,24.033848945023962,nan,24.033848945023962,24.033848945023962,35.24373798236271,nan,35.24373798236271,nan,35.24373798236271,35.24373798236271,36.16937364303487,nan,36.16937364303487,nan,36.16937364303487,36.16937364303487,0.14555273786043016,nan,0.14555273786043016,nan,0.14555273786043016,0.14555273786043016,0.004547868305264755,nan,0.004547868305264755,nan,0.004547868305264755,0.004547868305264755,1.0,nan,1,1,0.20654329147389294,1.0,1.0,1.0,1306.0612930000843,nan,1306.0612930000843,nan,1306.0612930000843,1306.0612930000843
mixed_stress,lhs_10,MNEC physical,scientific_controlled,1,1,0.0,-2.120038135903247,nan,-2.120038135903247,nan,-2.120038135903247,-2.120038135903247,0.17238255334924815,nan,0.17238255334924815,nan,0.17238255334924815,0.17238255334924815,0.8989032228769562,nan,0.8989032228769562,nan,0.8989032228769562,0.8989032228769562,23.709212252127394,nan,23.709212252127394,nan,23.709212252127394,23.709212252127394,34.63571639680136,nan,34.63571639680136,nan,34.63571639680136,34.63571639680136,35.54233782058207,nan,35.54233782058207,nan,35.54233782058207,35.54233782058207,0.14379637456560534,nan,0.14379637456560534,nan,0.14379637456560534,0.14379637456560534,0.004587695342133212,nan,0.004587695342133212,nan,0.004587695342133212,0.004587695342133212,1.0,nan,1,1,0.20654329147389294,1.0,1.0,1.0,2604.00573600009,nan,2604.00573600009,nan,2604.00573600009,2604.00573600009
mixed_stress,lhs_10,Phase-only CSI [production replay],production_replay,1,1,0.0,-2.108763122605584,nan,-2.108763122605584,nan,-2.108763122605584,-2.108763122605584,3.0696198204222576,nan,3.0696198204222576,nan,3.0696198204222576,3.0696198204222576,12.643829747667315,nan,12.643829747667315,nan,12.643829747667315,12.643829747667315,15.668076334927852,nan,15.668076334927852,nan,15.668076334927852,15.668076334927852,22.63020285314294,nan,22.63020285314294,nan,22.63020285314294,22.63020285314294,22.500946849168816,nan,22.500946849168816,nan,22.500946849168816,22.500946849168816,0.057022635484173946,nan,0.057022635484173946,nan,0.057022635484173946,0.057022635484173946,0.006910939159459869,nan,0.006910939159459869,nan,0.006910939159459869,0.006910939159459869,1.0,nan,1,1,0.20654329147389294,1.0,1.0,1.0,317.9292190000069,nan,317.9292190000069,nan,317.9292190000069,317.9292190000069
mixed_stress,lhs_10,Phase-only CSI [scientific controlled],scientific_controlled,1,1,0.0,-2.1080651601656903,nan,-2.1080651601656903,nan,-2.1080651601656903,-2.1080651601656903,3.070323074078087,nan,3.070323074078087,nan,3.070323074078087,3.070323074078087,12.64383632404117,nan,12.64383632404117,nan,12.64383632404117,12.64383632404117,15.668409974763684,nan,15.668409974763684,nan,15.668409974763684,15.668409974763684,22.630113391272026,nan,22.630113391272026,nan,22.630113391272026,22.630113391272026,22.500941608474683,nan,22.500941608474683,nan,22.500941608474683,22.500941608474683,0.05703578472809242,nan,0.05703578472809242,nan,0.05703578472809242,0.05703578472809242,0.006910939159459869,nan,0.006910939159459869,nan,0.006910939159459869,0.006910939159459869,1.0,nan,1,1,0.20654329147389294,1.0,1.0,1.0,259.732091999922,nan,259.732091999922,nan,259.732091999922,259.732091999922
mixed_stress,lhs_10,Row complex LS / Wiener [scientific controlled],scientific_controlled,1,1,0.0,-0.2507172583151096,nan,-0.2507172583151096,nan,-0.2507172583151096,-0.2507172583151096,-0.39356937267180625,nan,-0.39356937267180625,nan,-0.39356937267180625,-0.39356937267180625,14.609995688111113,nan,14.609995688111113,nan,14.609995688111113,14.609995688111113,14.3490336091744,nan,14.3490336091744,nan,14.3490336091744,14.3490336091744,20.78191405705834,nan,20.78191405705834,nan,20.78191405705834,20.78191405705834,20.141076262833412,nan,20.141076262833412,nan,20.141076262833412,20.141076262833412,0.04350896966281582,nan,0.04350896966281582,nan,0.04350896966281582,0.04350896966281582,0.006668183887118798,nan,0.006668183887118798,nan,0.006668183887118798,0.006668183887118798,1.0,nan,1,1,0.20654329147389294,1.0,1.0,1.0,255.77000799989946,nan,255.77000799989946,nan,255.77000799989946,255.77000799989946
mixed_stress,lhs_10,Row complex LS / Wiener robust IRLS [scientific controlled],scientific_controlled,1,1,0.0,-0.36656869695793404,nan,-0.36656869695793404,nan,-0.36656869695793404,-0.36656869695793404,-0.39070962197599624,nan,-0.39070962197599624,nan,-0.39070962197599624,-0.39070962197599624,14.595434440595467,nan,14.595434440595467,nan,14.595434440595467,14.595434440595467,14.308523328363489,nan,14.308523328363489,nan,14.308523328363489,14.308523328363489,20.813907483198165,nan,20.813907483198165,nan,20.813907483198165,20.813907483198165,20.1814766028632,nan,20.1814766028632,nan,20.1814766028632,20.1814766028632,0.04321029397952475,nan,0.04321029397952475,nan,0.04321029397952475,0.04321029397952475,0.006726976179638902,nan,0.006726976179638902,nan,0.006726976179638902,0.006726976179638902,1.0,nan,1,1,0.20654329147389294,1.0,1.0,1.0,412.1231169999646,nan,412.1231169999646,nan,412.1231169999646,412.1231169999646
mixed_stress,lhs_10,SA-MNEC physical [approximate academic reference],scientific_controlled,1,1,0.0,-3.3688830920747215,nan,-3.3688830920747215,nan,-3.3688830920747215,-3.3688830920747215,-0.22919011774401898,nan,-0.22919011774401898,nan,-0.22919011774401898,-0.22919011774401898,0.4890038068035185,nan,0.4890038068035185,nan,0.4890038068035185,0.4890038068035185,24.15642062521002,nan,24.15642062521002,nan,24.15642062521002,24.15642062521002,35.032016892996026,nan,35.032016892996026,nan,35.032016892996026,35.032016892996026,35.94436999493718,nan,35.94436999493718,nan,35.94436999493718,35.94436999493718,0.15323753169907017,nan,0.15323753169907017,nan,0.15323753169907017,0.15323753169907017,0.004403732362312244,nan,0.004403732362312244,nan,0.004403732362312244,0.004403732362312244,1.0,nan,1,1,0.20654329147389294,1.0,1.0,1.0,8450.662562999923,nan,8450.662562999923,nan,8450.662562999923,8450.662562999923
mixed_stress,lhs_10,Shrinkage-SMI/MVDR global,scientific_controlled,1,1,0.0,-0.3439783717667808,nan,-0.3439783717667808,nan,-0.3439783717667808,-0.3439783717667808,-0.03362272768769975,nan,-0.03362272768769975,nan,-0.03362272768769975,-0.03362272768769975,0.3142030632499908,nan,0.3142030632499908,nan,0.3142030632499908,0.3142030632499908,24.109292142167902,nan,24.109292142167902,nan,24.109292142167902,24.109292142167902,35.26402372849451,nan,35.26402372849451,nan,35.26402372849451,35.26402372849451,36.14611749042462,nan,36.14611749042462,nan,36.14611749042462,36.14611749042462,0.14667793744716823,nan,0.14667793744716823,nan,0.14667793744716823,0.14667793744716823,0.0044947655894401455,nan,0.0044947655894401455,nan,0.0044947655894401455,0.0044947655894401455,1.0,nan,1,1,0.20654329147389294,1.0,1.0,1.0,5529.122778000101,nan,5529.122778000101,nan,5529.122778000101,5529.122778000101
mixed_stress,lhs_10,Shrinkage-SMI/MVDR local,scientific_controlled,1,1,0.0,-0.7233487860212762,nan,-0.7233487860212762,nan,-0.7233487860212762,-0.7233487860212762,-0.05403840315480934,nan,-0.05403840315480934,nan,-0.05403840315480934,-0.05403840315480934,0.7327033873848833,nan,0.7327033873848833,nan,0.7327033873848833,0.7327033873848833,23.73547270564061,nan,23.73547270564061,nan,23.73547270564061,23.73547270564061,34.82876674505703,nan,34.82876674505703,nan,34.82876674505703,34.82876674505703,35.72156590781831,nan,35.72156590781831,nan,35.72156590781831,35.72156590781831,0.14231426692965155,nan,0.14231426692965155,nan,0.14231426692965155,0.14231426692965155,0.0045592474586557425,nan,0.0045592474586557425,nan,0.0045592474586557425,0.0045592474586557425,1.0,nan,1,1,0.20654329147389294,1.0,1.0,1.0,1806.4577580000787,nan,1806.4577580000787,nan,1806.4577580000787,1806.4577580000787
mixed_stress,lhs_11,Corrected JDL physical,scientific_controlled,1,1,0.0,-1.4654839070165337,nan,-1.4654839070165337,nan,-1.4654839070165337,-1.4654839070165337,1.5487374712462119,nan,1.5487374712462119,nan,1.5487374712462119,1.5487374712462119,-1.991906928748427,nan,-1.991906928748427,nan,-1.991906928748427,-1.991906928748427,25.81982014950228,nan,25.81982014950228,nan,25.81982014950228,25.81982014950228,37.408125455455774,nan,37.408125455455774,nan,37.408125455455774,37.408125455455774,38.95562564247229,nan,38.95562564247229,nan,38.95562564247229,38.95562564247229,0.149536958767728,nan,0.149536958767728,nan,0.149536958767728,0.149536958767728,0.005141480807161281,nan,0.005141480807161281,nan,0.005141480807161281,0.005141480807161281,1.0,nan,1,1,0.20654329147389294,1.0,1.0,1.0,3941.071974999886,nan,3941.071974999886,nan,3941.071974999886,3941.071974999886
mixed_stress,lhs_11,Current legacy CSI [production replay],production_replay,1,1,0.0,11.581314722997593,nan,11.581314722997593,nan,11.581314722997593,11.581314722997593,1.25500206656834,nan,1.25500206656834,nan,1.25500206656834,1.25500206656834,17.735052566137913,nan,17.735052566137913,nan,17.735052566137913,17.735052566137913,11.548103723838173,nan,11.548103723838173,nan,11.548103723838173,11.548103723838173,17.902788905624703,nan,17.902788905624703,nan,17.902788905624703,17.902788905624703,17.490563566525562,nan,17.490563566525562,nan,17.490563566525562,17.490563566525562,0.021797689489997184,nan,0.021797689489997184,nan,0.021797689489997184,0.021797689489997184,0.009260734334698833,nan,0.009260734334698833,nan,0.009260734334698833,0.009260734334698833,1.0,nan,1,1,0.20654329147389294,1.0,1.0,1.0,252.87090799997713,nan,252.87090799997713,nan,252.87090799997713,252.87090799997713
mixed_stress,lhs_11,Current legacy CSI [scientific controlled],scientific_controlled,1,1,0.0,11.59589248844243,nan,11.59589248844243,nan,11.59589248844243,11.59589248844243,1.2724376730406286,nan,1.2724376730406286,nan,1.2724376730406286,1.2724376730406286,17.73557876162249,nan,17.73557876162249,nan,17.73557876162249,17.73557876162249,11.549421428298423,nan,11.549421428298423,nan,11.549421428298423,11.549421428298423,17.90230905599721,nan,17.90230905599721,nan,17.90230905599721,17.90230905599721,17.490855081996553,nan,17.490855081996553,nan,17.490855081996553,17.490855081996553,0.021803324880247957,nan,0.021803324880247957,nan,0.021803324880247957,0.021803324880247957,0.009256941283568503,nan,0.009256941283568503,nan,0.009256941283568503,0.009256941283568503,1.0,nan,1,1,0.20654329147389294,1.0,1.0,1.0,233.0318140000145,nan,233.0318140000145,nan,233.0318140000145,233.0318140000145
mixed_stress,lhs_11,DL-SMI/MVDR global,scientific_controlled,1,1,0.0,-0.38313535987764524,nan,-0.38313535987764524,nan,-0.38313535987764524,-0.38313535987764524,-0.09777802320935448,nan,-0.09777802320935448,nan,-0.09777802320935448,-0.09777802320935448,-0.38358920037735544,nan,-0.38358920037735544,nan,-0.38358920037735544,-0.38358920037735544,24.62709302158881,nan,24.62709302158881,nan,24.62709302158881,24.62709302158881,35.67760400966719,nan,35.67760400966719,nan,35.67760400966719,35.67760400966719,37.292129052634955,nan,37.292129052634955,nan,37.292129052634955,37.292129052634955,0.15161266084343009,nan,0.15161266084343009,nan,0.15161266084343009,0.15161266084343009,0.004456835078136853,nan,0.004456835078136853,nan,0.004456835078136853,0.004456835078136853,1.0,nan,1,1,0.20654329147389294,1.0,1.0,1.0,1646.8492259998584,nan,1646.8492259998584,nan,1646.8492259998584,1646.8492259998584
mixed_stress,lhs_11,DL-SMI/MVDR local,scientific_controlled,1,1,0.0,0.024936920119671413,nan,0.024936920119671413,nan,0.024936920119671413,0.024936920119671413,-0.0817544318053183,nan,-0.0817544318053183,nan,-0.0817544318053183,-0.0817544318053183,0.10291167863581542,nan,0.10291167863581542,nan,0.10291167863581542,0.10291167863581542,24.154743769281005,nan,24.154743769281005,nan,24.154743769281005,24.154743769281005,35.19758299839254,nan,35.19758299839254,nan,35.19758299839254,35.19758299839254,36.801450053809006,nan,36.801450053809006,nan,36.801450053809006,36.801450053809006,0.14627406781252936,nan,0.14627406781252936,nan,0.14627406781252936,0.14627406781252936,0.004462524654832347,nan,0.004462524654832347,nan,0.004462524654832347,0.004462524654832347,1.0,nan,1,1,0.20654329147389294,1.0,1.0,1.0,906.9469669998398,nan,906.9469669998398,nan,906.9469669998398,906.9469669998398
mixed_stress,lhs_11,MNEC physical,scientific_controlled,1,1,0.0,-0.4046989247535837,nan,-0.4046989247535837,nan,-0.4046989247535837,-0.4046989247535837,-0.25539274052378885,nan,-0.25539274052378885,nan,-0.25539274052378885,-0.25539274052378885,0.4549556192985393,nan,0.4549556192985393,nan,0.4549556192985393,0.4549556192985393,24.187095868944787,nan,24.187095868944787,nan,24.187095868944787,24.187095868944787,34.92692546167129,nan,34.92692546167129,nan,34.92692546167129,34.92692546167129,36.421963914388016,nan,36.421963914388016,nan,36.421963914388016,36.421963914388016,0.15061519676904292,nan,0.15061519676904292,nan,0.15061519676904292,0.15061519676904292,0.004401835836747079,nan,0.004401835836747079,nan,0.004401835836747079,0.004401835836747079,1.0,nan,1,1,0.20654329147389294,1.0,1.0,1.0,2911.742939000078,nan,2911.742939000078,nan,2911.742939000078,2911.742939000078
mixed_stress,lhs_11,Phase-only CSI [production replay],production_replay,1,1,0.0,5.747212246235609,nan,5.747212246235609,nan,5.747212246235609,5.747212246235609,1.0432271446338106,nan,1.0432271446338106,nan,1.0432271446338106,1.0432271446338106,13.860624998306843,nan,13.860624998306843,nan,13.860624998306843,13.860624998306843,15.694018878913791,nan,15.694018878913791,nan,15.694018878913791,15.694018878913791,22.06377346329351,nan,22.06377346329351,nan,22.06377346329351,22.06377346329351,21.537079783157505,nan,21.537079783157505,nan,21.537079783157505,21.537079783157505,0.05758429604583451,nan,0.05758429604583451,nan,0.05758429604583451,0.05758429604583451,0.008720224548626915,nan,0.008720224548626915,nan,0.008720224548626915,0.008720224548626915,1.0,nan,1,1,0.20654329147389294,1.0,1.0,1.0,245.9784000000127,nan,245.9784000000127,nan,245.9784000000127,245.9784000000127
mixed_stress,lhs_11,Phase-only CSI [scientific controlled],scientific_controlled,1,1,0.0,5.764744301803635,nan,5.764744301803635,nan,5.764744301803635,5.764744301803635,1.061102488250705,nan,1.061102488250705,nan,1.061102488250705,1.061102488250705,13.86059465640429,nan,13.86059465640429,nan,13.86059465640429,13.86059465640429,15.694281895744133,nan,15.694281895744133,nan,15.694281895744133,15.694281895744133,22.064584754167157,nan,22.064584754167157,nan,22.064584754167157,22.064584754167157,21.537116652148292,nan,21.537116652148292,nan,21.537116652148292,21.537116652148292,0.057618108387339155,nan,0.057618108387339155,nan,0.057618108387339155,0.057618108387339155,0.008714534971931422,nan,0.008714534971931422,nan,0.008714534971931422,0.008714534971931422,1.0,nan,1,1,0.20654329147389294,1.0,1.0,1.0,234.07127999985278,nan,234.07127999985278,nan,234.07127999985278,234.07127999985278
mixed_stress,lhs_11,Row complex LS / Wiener [scientific controlled],scientific_controlled,1,1,0.0,5.820909664483747,nan,5.820909664483747,nan,5.820909664483747,5.820909664483747,1.139284207361865,nan,1.139284207361865,nan,1.139284207361865,1.139284207361865,14.694113211050158,nan,14.694113211050158,nan,14.694113211050158,14.694113211050158,14.76823481906996,nan,14.76823481906996,nan,14.76823481906996,14.76823481906996,21.23526564252236,nan,21.23526564252236,nan,21.23526564252236,21.23526564252236,20.66980511541328,nan,20.66980511541328,nan,20.66980511541328,20.66980511541328,0.0474518643749413,nan,0.0474518643749413,nan,0.0474518643749413,0.0474518643749413,0.008909877105143377,nan,0.008909877105143377,nan,0.008909877105143377,0.008909877105143377,1.0,nan,1,1,0.20654329147389294,1.0,1.0,1.0,241.24552400007815,nan,241.24552400007815,nan,241.24552400007815,241.24552400007815
mixed_stress,lhs_11,Row complex LS / Wiener robust IRLS [scientific controlled],scientific_controlled,1,1,0.0,5.829248333657457,nan,5.829248333657457,nan,5.829248333657457,5.829248333657457,1.2022829062351517,nan,1.2022829062351517,nan,1.2022829062351517,1.2022829062351517,14.682851707112295,nan,14.682851707112295,nan,14.682851707112295,14.682851707112295,14.744762544823063,nan,14.744762544823063,nan,14.744762544823063,14.744762544823063,21.253646240917533,nan,21.253646240917533,nan,21.253646240917533,21.253646240917533,20.69785797254592,nan,20.69785797254592,nan,20.69785797254592,20.69785797254592,0.047423687423687425,nan,0.047423687423687425,nan,0.047423687423687425,0.047423687423687425,0.009010392960097102,nan,0.009010392960097102,nan,0.009010392960097102,0.009010392960097102,1.0,nan,1,1,0.20654329147389294,1.0,1.0,1.0,321.6961339999216,nan,321.6961339999216,nan,321.6961339999216,321.6961339999216
mixed_stress,lhs_11,SA-MNEC physical [approximate academic reference],scientific_controlled,1,1,0.0,-0.5094017307817538,nan,-0.5094017307817538,nan,-0.5094017307817538,-0.5094017307817538,-0.26886769150985124,nan,-0.26886769150985124,nan,-0.26886769150985124,-0.26886769150985124,0.47090201432636425,nan,0.47090201432636425,nan,0.47090201432636425,0.47090201432636425,24.191397785795225,nan,24.191397785795225,nan,24.191397785795225,24.191397785795225,34.893517112746665,nan,34.893517112746665,nan,34.893517112746665,34.893517112746665,36.397695916628635,nan,36.397695916628635,nan,36.397695916628635,36.397695916628635,0.15379919226073072,nan,0.15379919226073072,nan,0.15379919226073072,0.15379919226073072,0.004255803368229403,nan,0.004255803368229403,nan,0.004255803368229403,0.004255803368229403,1.0,nan,1,1,0.20654329147389294,1.0,1.0,1.0,9052.075949000027,nan,9052.075949000027,nan,9052.075949000027,9052.075949000027
mixed_stress,lhs_11,Shrinkage-SMI/MVDR global,scientific_controlled,1,1,0.0,-0.23296816397458464,nan,-0.23296816397458464,nan,-0.23296816397458464,-0.23296816397458464,-0.15588946213192822,nan,-0.15588946213192822,nan,-0.15588946213192822,-0.15588946213192822,0.05363402881778969,nan,0.05363402881778969,nan,0.05363402881778969,0.05363402881778969,24.318964181521704,nan,24.318964181521704,nan,24.318964181521704,24.318964181521704,35.29138524633903,nan,35.29138524633903,nan,35.29138524633903,35.29138524633903,36.84499249288141,nan,36.84499249288141,nan,36.84499249288141,36.84499249288141,0.1487536395228703,nan,0.1487536395228703,nan,0.1487536395228703,0.1487536395228703,0.0044302837202245485,nan,0.0044302837202245485,nan,0.0044302837202245485,0.0044302837202245485,1.0,nan,1,1,0.20654329147389294,1.0,1.0,1.0,4428.786289000072,nan,4428.786289000072,nan,4428.786289000072,4428.786289000072
mixed_stress,lhs_11,Shrinkage-SMI/MVDR local,scientific_controlled,1,1,0.0,-0.04440388242049309,nan,-0.04440388242049309,nan,-0.04440388242049309,-0.04440388242049309,-0.1729788648242862,nan,-0.1729788648242862,nan,-0.1729788648242862,-0.1729788648242862,0.3822437226397441,nan,0.3822437226397441,nan,0.3822437226397441,0.3822437226397441,24.07446852599701,nan,24.07446852599701,nan,24.07446852599701,24.07446852599701,34.97982029971272,nan,34.97982029971272,nan,34.97982029971272,34.97982029971272,36.50993842309175,nan,36.50993842309175,nan,36.50993842309175,36.50993842309175,0.1463435709589556,nan,0.1463435709589556,nan,0.1463435709589556,0.1463435709589556,0.0044833864360491575,nan,0.0044833864360491575,nan,0.0044833864360491575,0.0044833864360491575,1.0,nan,1,1,0.20654329147389294,1.0,1.0,1.0,1938.749954000059,nan,1938.749954000059,nan,1938.749954000059,1938.749954000059
mixed_stress,lhs_12,Corrected JDL physical,scientific_controlled,1,1,0.0,-0.33674314962838103,nan,-0.33674314962838103,nan,-0.33674314962838103,-0.33674314962838103,1.630319776218673,nan,1.630319776218673,nan,1.630319776218673,1.630319776218673,-1.9190724822013203,nan,-1.9190724822013203,nan,-1.9190724822013203,-1.9190724822013203,25.6397511722992,nan,25.6397511722992,nan,25.6397511722992,25.6397511722992,37.38178399560876,nan,37.38178399560876,nan,37.38178399560876,37.38178399560876,36.06248584872097,nan,36.06248584872097,nan,36.06248584872097,36.06248584872097,0.1492439184746877,nan,0.1492439184746877,nan,0.1492439184746877,0.1492439184746877,0.00449666211500531,nan,0.00449666211500531,nan,0.00449666211500531,0.00449666211500531,1.0,nan,1,1,0.20654329147389294,1.0,1.0,1.0,4000.944252000181,nan,4000.944252000181,nan,4000.944252000181,4000.944252000181
mixed_stress,lhs_12,Current legacy CSI [production replay],production_replay,1,1,0.0,8.554519241836237,nan,8.554519241836237,nan,8.554519241836237,8.554519241836237,-16.179410859728062,nan,-16.179410859728062,nan,-16.179410859728062,-16.179410859728062,15.817285249694425,nan,15.817285249694425,nan,15.817285249694425,15.817285249694425,11.22298359041183,nan,11.22298359041183,nan,11.22298359041183,11.22298359041183,17.043732945059094,nan,17.043732945059094,nan,17.043732945059094,17.043732945059094,15.794516638289053,nan,15.794516638289053,nan,15.794516638289053,15.794516638289053,0.019244857706396168,nan,0.019244857706396168,nan,0.019244857706396168,0.019244857706396168,0.004248217265968746,nan,0.004248217265968746,nan,0.004248217265968746,0.004248217265968746,0.0,nan,0,1,0.0,0.7934567085261071,0.0,0.0,254.50329399996008,nan,254.50329399996008,nan,254.50329399996008,254.50329399996008
mixed_stress,lhs_12,Current legacy CSI [scientific controlled],scientific_controlled,1,1,0.0,8.556577800353134,nan,8.556577800353134,nan,8.556577800353134,8.556577800353134,-16.17816006771131,nan,-16.17816006771131,nan,-16.17816006771131,-16.17816006771131,15.817295514492267,nan,15.817295514492267,nan,15.817295514492267,15.817295514492267,11.223010316743116,nan,11.223010316743116,nan,11.223010316743116,11.223010316743116,17.043260718733446,nan,17.043260718733446,nan,17.043260718733446,17.043260718733446,15.794505309719245,nan,15.794505309719245,nan,15.794505309719245,15.794505309719245,0.019244857706396168,nan,0.019244857706396168,nan,0.019244857706396168,0.019244857706396168,0.004248217265968746,nan,0.004248217265968746,nan,0.004248217265968746,0.004248217265968746,0.0,nan,0,1,0.0,0.7934567085261071,0.0,0.0,252.3714149999705,nan,252.3714149999705,nan,252.3714149999705,252.3714149999705
mixed_stress,lhs_12,DL-SMI/MVDR global,scientific_controlled,1,1,0.0,-0.23360781086268112,nan,-0.23360781086268112,nan,-0.23360781086268112,-0.23360781086268112,-0.1460340596667607,nan,-0.1460340596667607,nan,-0.1460340596667607,-0.1460340596667607,-0.35904307686499887,nan,-0.35904307686499887,nan,-0.35904307686499887,-0.35904307686499887,24.230238589591465,nan,24.230238589591465,nan,24.230238589591465,24.230238589591465,35.62983897656049,nan,35.62983897656049,nan,35.62983897656049,35.62983897656049,34.42902821480037,nan,34.42902821480037,nan,34.42902821480037,34.42902821480037,0.144480135249366,nan,0.144480135249366,nan,0.144480135249366,0.144480135249366,0.00447200728265817,nan,0.00447200728265817,nan,0.00447200728265817,0.00447200728265817,1.0,nan,1,1,0.20654329147389294,1.0,1.0,1.0,2401.665512000136,nan,2401.665512000136,nan,2401.665512000136,2401.665512000136
mixed_stress,lhs_12,DL-SMI/MVDR local,scientific_controlled,1,1,0.0,-0.1511900029052473,nan,-0.1511900029052473,nan,-0.1511900029052473,-0.1511900029052473,-0.14557175045269144,nan,-0.14557175045269144,nan,-0.14557175045269144,-0.14557175045269144,0.06418424471805403,nan,0.06418424471805403,nan,0.06418424471805403,0.06418424471805403,23.75181628702847,nan,23.75181628702847,nan,23.75181628702847,23.75181628702847,35.146197698404166,nan,35.146197698404166,nan,35.146197698404166,35.146197698404166,34.00417177029736,nan,34.00417177029736,nan,34.00417177029736,34.00417177029736,0.138923640462102,nan,0.138923640462102,nan,0.138923640462102,0.138923640462102,0.004513730845091792,nan,0.004513730845091792,nan,0.004513730845091792,0.004513730845091792,1.0,nan,1,1,0.20654329147389294,1.0,1.0,1.0,1410.5991459998677,nan,1410.5991459998677,nan,1410.5991459998677,1410.5991459998677
mixed_stress,lhs_12,MNEC physical,scientific_controlled,1,1,0.0,-0.0833537552374306,nan,-0.0833537552374306,nan,-0.0833537552374306,-0.0833537552374306,-0.5643190336602335,nan,-0.5643190336602335,nan,-0.5643190336602335,-0.5643190336602335,0.24597664230813593,nan,0.24597664230813593,nan,0.24597664230813593,0.24597664230813593,23.85231380646991,nan,23.85231380646991,nan,23.85231380646991,23.85231380646991,34.95218106511822,nan,34.95218106511822,nan,34.95218106511822,34.95218106511822,33.77963826525465,nan,33.77963826525465,nan,33.77963826525465,33.77963826525465,0.14561284868977176,nan,0.14561284868977176,nan,0.14561284868977176,0.14561284868977176,0.004453042027006524,nan,0.004453042027006524,nan,0.004453042027006524,0.004453042027006524,1.0,nan,1,1,0.20654329147389294,1.0,1.0,1.0,2500.3862569999455,nan,2500.3862569999455,nan,2500.3862569999455,2500.3862569999455
mixed_stress,lhs_12,Phase-only CSI [production replay],production_replay,1,1,0.0,2.996483470792988,nan,2.996483470792988,nan,2.996483470792988,2.996483470792988,-14.79991889004342,nan,-14.79991889004342,nan,-14.79991889004342,-14.79991889004342,11.419283607234851,nan,11.419283607234851,nan,11.419283607234851,11.419283607234851,16.30896398464095,nan,16.30896398464095,nan,16.30896398464095,16.30896398464095,21.743874980694542,nan,21.743874980694542,nan,21.743874980694542,21.743874980694542,20.45798252826557,nan,20.45798252826557,nan,20.45798252826557,20.45798252826557,0.0652916314454776,nan,0.0652916314454776,nan,0.0652916314454776,0.0652916314454776,0.004458731603702018,nan,0.004458731603702018,nan,0.004458731603702018,0.004458731603702018,1.0,nan,1,1,0.20654329147389294,1.0,1.0,1.0,259.8918280000362,nan,259.8918280000362,nan,259.8918280000362,259.8918280000362
mixed_stress,lhs_12,Phase-only CSI [scientific controlled],scientific_controlled,1,1,0.0,2.9983240404625597,nan,2.9983240404625597,nan,2.9983240404625597,2.9983240404625597,-14.798295647517687,nan,-14.798295647517687,nan,-14.798295647517687,-14.798295647517687,11.419288467698202,nan,11.419288467698202,nan,11.419288467698202,11.419288467698202,16.308789779021055,nan,16.308789779021055,nan,16.308789779021055,16.308789779021055,21.743106253647298,nan,21.743106253647298,nan,21.743106253647298,21.743106253647298,20.45797402590341,nan,20.45797402590341,nan,20.45797402590341,20.45797402590341,0.06529350990889453,nan,0.06529350990889453,nan,0.06529350990889453,0.06529350990889453,0.004458731603702018,nan,0.004458731603702018,nan,0.004458731603702018,0.004458731603702018,1.0,nan,1,1,0.20654329147389294,1.0,1.0,1.0,245.0884090001182,nan,245.0884090001182,nan,245.0884090001182,245.0884090001182
mixed_stress,lhs_12,Row complex LS / Wiener [scientific controlled],scientific_controlled,1,1,0.0,4.157860746347772,nan,4.157860746347772,nan,4.157860746347772,4.157860746347772,-15.28517500086894,nan,-15.28517500086894,nan,-15.28517500086894,-15.28517500086894,12.681679991534287,nan,12.681679991534287,nan,12.681679991534287,12.681679991534287,14.950138827979277,nan,14.950138827979277,nan,14.950138827979277,14.950138827979277,20.20390321151094,nan,20.20390321151094,nan,20.20390321151094,20.20390321151094,18.999313761211383,nan,18.999313761211383,nan,18.999313761211383,18.999313761211383,0.04945054945054945,nan,0.04945054945054945,nan,0.04945054945054945,0.04945054945054945,0.003842360795023517,nan,0.003842360795023517,nan,0.003842360795023517,0.003842360795023517,0.0,nan,0,1,0.0,0.7934567085261071,0.0,0.0,261.71353300014744,nan,261.71353300014744,nan,261.71353300014744,261.71353300014744
mixed_stress,lhs_12,Row complex LS / Wiener robust IRLS [scientific controlled],scientific_controlled,1,1,0.0,4.229914032996298,nan,4.229914032996298,nan,4.229914032996298,4.229914032996298,-15.204846235761202,nan,-15.204846235761202,nan,-15.204846235761202,-15.204846235761202,12.666473397943134,nan,12.666473397943134,nan,12.666473397943134,12.666473397943134,14.90980348800694,nan,14.90980348800694,nan,14.90980348800694,14.90980348800694,20.274439653475547,nan,20.274439653475547,nan,20.274439653475547,20.274439653475547,19.070754367261586,nan,19.070754367261586,nan,19.070754367261586,19.070754367261586,0.04898656898656899,nan,0.04898656898656899,nan,0.04898656898656899,0.04898656898656899,0.004011151570323168,nan,0.004011151570323168,nan,0.004011151570323168,0.004011151570323168,0.0,nan,0,1,0.0,0.7934567085261071,0.0,0.0,412.7893200000017,nan,412.7893200000017,nan,412.7893200000017,412.7893200000017
mixed_stress,lhs_12,SA-MNEC physical [approximate academic reference],scientific_controlled,1,1,0.0,-0.09524068764720361,nan,-0.09524068764720361,nan,-0.09524068764720361,-0.09524068764720361,-0.7018496400174474,nan,-0.7018496400174474,nan,-0.7018496400174474,-0.7018496400174474,0.39094382540807376,nan,0.39094382540807376,nan,0.39094382540807376,0.39094382540807376,23.703764197407715,nan,23.703764197407715,nan,23.703764197407715,23.703764197407715,34.799836683212234,nan,34.799836683212234,nan,34.799836683212234,34.799836683212234,33.61959550874034,nan,33.61959550874034,nan,33.61959550874034,33.61959550874034,0.1468657837888607,nan,0.1468657837888607,nan,0.1468657837888607,0.1468657837888607,0.004473903808223335,nan,0.004473903808223335,nan,0.004473903808223335,0.004473903808223335,1.0,nan,1,1,0.20654329147389294,1.0,1.0,1.0,7073.350802000277,nan,7073.350802000277,nan,7073.350802000277,7073.350802000277
mixed_stress,lhs_12,Shrinkage-SMI/MVDR global,scientific_controlled,1,1,0.0,-0.22593368946690617,nan,-0.22593368946690617,nan,-0.22593368946690617,-0.22593368946690617,-0.1818888724254022,nan,-0.1818888724254022,nan,-0.1818888724254022,-0.1818888724254022,-0.2623662440497444,nan,-0.2623662440497444,nan,-0.2623662440497444,-0.2623662440497444,24.129263986997774,nan,24.129263986997774,nan,24.129263986997774,24.129263986997774,35.53093594078628,nan,35.53093594078628,nan,35.53093594078628,35.53093594078628,34.3301215542401,nan,34.3301215542401,nan,34.3301215542401,34.3301215542401,0.14367427444350522,nan,0.14367427444350522,nan,0.14367427444350522,0.14367427444350522,0.004451145501441359,nan,0.004451145501441359,nan,0.004451145501441359,0.004451145501441359,1.0,nan,1,1,0.20654329147389294,1.0,1.0,1.0,5552.070174999926,nan,5552.070174999926,nan,5552.070174999926,5552.070174999926
mixed_stress,lhs_12,Shrinkage-SMI/MVDR local,scientific_controlled,1,1,0.0,-0.1112873636028553,nan,-0.1112873636028553,nan,-0.1112873636028553,-0.1112873636028553,-0.2776076496937348,nan,-0.2776076496937348,nan,-0.2776076496937348,-0.2776076496937348,0.14065032569703032,nan,0.14065032569703032,nan,0.14065032569703032,0.14065032569703032,23.730511029149536,nan,23.730511029149536,nan,23.730511029149536,23.730511029149536,35.08816713656352,nan,35.08816713656352,nan,35.08816713656352,35.08816713656352,33.920476662199746,nan,33.920476662199746,nan,33.920476662199746,33.920476662199746,0.13935944397482858,nan,0.13935944397482858,nan,0.13935944397482858,0.13935944397482858,0.004485282961614322,nan,0.004485282961614322,nan,0.004485282961614322,0.004485282961614322,1.0,nan,1,1,0.20654329147389294,1.0,1.0,1.0,1988.796776999834,nan,1988.796776999834,nan,1988.796776999834,1988.796776999834
