split,scene_id,actual_family,role,method,required_delay,required_phase,state,fallback,fallback_reason,global_uncertain,global_decorrelated,blocker,delay_estimate_ns,delay_confidence,delay_rmse_rad,delay_deadband_inside,delay_confidence_ok,delay_fit_ok,delay_support_ok,delay_active_independent,phase_method,phase_estimate_deg_per_pulse,phase_confidence,phase_rmse_rad,phase_deadband_inside,phase_confidence_ok,phase_fit_ok,phase_active_independent,pulse_coherence,estimated_gain_db,oracle_cancellation_db,current_cancellation_db,oracle_headroom_db,recovery_ratio,fallback_opportunity_cost_db,uncertain_headroom_gt_0_5_db,uncertain_headroom_gt_1_db,old_delay_blocked,old_phase_blocked
validation,validation_001,M1,target_on,J1_D3_delay_only,True,False,DECORRELATED,True,state_decorrelated,False,True,coherence,8.571205855416604,0.8071049852306557,0.07669620734442774,False,True,True,True,False,P1,0.005953367687470491,0.31644107775019403,0.005607240169487363,True,True,True,False,0.7964860970135018,0.0,17.2157862513852,13.2196998169938,3.996086434391401,0.0,3.996086434391401,False,False,True,False
validation,validation_001,M1,target_on,J2_P1_phase_only,True,False,DECORRELATED,True,state_decorrelated,False,True,coherence,8.571205855416604,0.8071049852306557,0.07669620734442774,False,True,True,True,False,P1,0.005953367687470491,0.31644107775019403,0.005607240169487363,True,True,True,False,0.7964860970135018,0.0,17.2157862513852,13.2196998169938,3.996086434391401,0.0,3.996086434391401,False,False,True,False
validation,validation_001,M1,target_on,J3_D3_P1_joint,True,False,DECORRELATED,True,state_decorrelated,False,True,coherence,8.571205855416604,0.8071049852306557,0.07669620734442774,False,True,True,True,False,P1,0.005953367687470491,0.31644107775019403,0.005607240169487363,True,True,True,False,0.7964860970135018,0.0,17.2157862513852,13.2196998169938,3.996086434391401,0.0,3.996086434391401,False,False,True,False
validation,validation_001,M1,target_on,J4_D3_P2_joint,True,False,DECORRELATED,True,state_decorrelated,False,True,coherence,8.571205855416604,0.8071049852306557,0.07669620734442774,False,True,True,True,False,P2,0.006239692763159523,0.3809748125481002,0.005529110431062045,True,True,True,False,0.7964860970135018,0.0,17.2157862513852,13.2196998169938,3.996086434391401,0.0,3.996086434391401,False,False,True,False
validation,validation_001,M1,target_off,J1_D3_delay_only,True,False,DECORRELATED,True,state_decorrelated,False,True,coherence,8.57784160137376,0.80788003138474,0.07672428154385993,False,True,True,True,False,P1,0.00597686198495258,0.31868842058448155,0.0055997679921680876,True,True,True,False,0.7965011043802366,0.0,17.2185445148601,13.2278704546054,3.9906740602546993,0.0,3.9906740602546993,False,False,True,False
validation,validation_001,M1,target_off,J2_P1_phase_only,True,False,DECORRELATED,True,state_decorrelated,False,True,coherence,8.57784160137376,0.80788003138474,0.07672428154385993,False,True,True,True,False,P1,0.00597686198495258,0.31868842058448155,0.0055997679921680876,True,True,True,False,0.7965011043802366,0.0,17.2185445148601,13.2278704546054,3.9906740602546993,0.0,3.9906740602546993,False,False,True,False
validation,validation_001,M1,target_off,J3_D3_P1_joint,True,False,DECORRELATED,True,state_decorrelated,False,True,coherence,8.57784160137376,0.80788003138474,0.07672428154385993,False,True,True,True,False,P1,0.00597686198495258,0.31868842058448155,0.0055997679921680876,True,True,True,False,0.7965011043802366,0.0,17.2185445148601,13.2278704546054,3.9906740602546993,0.0,3.9906740602546993,False,False,True,False
validation,validation_001,M1,target_off,J4_D3_P2_joint,True,False,DECORRELATED,True,state_decorrelated,False,True,coherence,8.57784160137376,0.80788003138474,0.07672428154385993,False,True,True,True,False,P2,0.006251583602567474,0.3833500348498605,0.005508592896023083,True,True,True,False,0.7965011043802366,0.0,17.2185445148601,13.2278704546054,3.9906740602546993,0.0,3.9906740602546993,False,False,True,False
validation,validation_002,M2,target_on,J1_D3_delay_only,False,True,CALIBRATABLE,True,both_components_inside_null_deadband,False,False,none,-0.12298697371819844,0.001557185739483713,0.08082018454745278,True,True,True,True,False,P1,-0.2135911862592605,0.9997181313408529,0.002349092982512057,False,True,True,True,0.8608060736916179,0.0,23.7208495471263,23.0723598982814,0.6484896488448975,0.0,0.6484896488448975,False,False,False,False
validation,validation_002,M2,target_on,J2_P1_phase_only,False,True,CALIBRATABLE,False,,False,False,none,-0.12298697371819844,0.001557185739483713,0.08082018454745278,True,True,True,True,False,P1,-0.2135911862592605,0.9997181313408529,0.002349092982512057,False,True,True,True,0.8608060736916179,0.017301074973197217,23.7208495471263,23.0723598982814,0.6484896488448975,0.02667903027290294,0.6484896488448975,False,False,False,False
validation,validation_002,M2,target_on,J3_D3_P1_joint,False,True,CALIBRATABLE,False,,False,False,none,-0.12298697371819844,0.001557185739483713,0.08082018454745278,True,True,True,True,False,P1,-0.2135911862592605,0.9997181313408529,0.002349092982512057,False,True,True,True,0.8608060736916179,0.017301074973197217,23.7208495471263,23.0723598982814,0.6484896488448975,0.02667903027290294,0.6484896488448975,False,False,False,False
validation,validation_002,M2,target_on,J4_D3_P2_joint,False,True,CALIBRATABLE,False,,False,False,none,-0.12298697371819844,0.001557185739483713,0.08082018454745278,True,True,True,True,False,P2,-0.2135340663326996,0.9997638292882254,0.002177584435999255,False,True,True,True,0.8608060736916179,0.017164696815498814,23.7208495471263,23.0723598982814,0.6484896488448975,0.026468729063097475,0.6484896488448975,False,False,False,False
validation,validation_002,M2,target_off,J1_D3_delay_only,False,True,CALIBRATABLE,True,both_components_inside_null_deadband,False,False,none,-0.12293858225550504,0.0015560920459541938,0.08081629101164822,True,True,True,True,False,P1,-0.21359438431181588,0.9997200115986973,0.002341800099205199,False,True,True,True,0.8608141669327898,0.0,23.7209252784471,23.0723987493862,0.6485265290609021,0.0,0.6485265290609021,False,False,False,False
validation,validation_002,M2,target_off,J2_P1_phase_only,False,True,CALIBRATABLE,False,,False,False,none,-0.12293858225550504,0.0015560920459541938,0.08081629101164822,True,True,True,True,False,P1,-0.21359438431181588,0.9997200115986973,0.002341800099205199,False,True,True,True,0.8608141669327898,0.017302904345100956,23.7209252784471,23.0723987493862,0.6485265290609021,0.026680333910405175,0.6485265290609021,False,False,False,False
validation,validation_002,M2,target_off,J3_D3_P1_joint,False,True,CALIBRATABLE,False,,False,False,none,-0.12293858225550504,0.0015560920459541938,0.08081629101164822,True,True,True,True,False,P1,-0.21359438431181588,0.9997200115986973,0.002341800099205199,False,True,True,True,0.8608141669327898,0.017302904345100956,23.7209252784471,23.0723987493862,0.6485265290609021,0.026680333910405175,0.6485265290609021,False,False,False,False
validation,validation_002,M2,target_off,J4_D3_P2_joint,False,True,CALIBRATABLE,False,,False,False,none,-0.12293858225550504,0.0015560920459541938,0.08081629101164822,True,True,True,True,False,P2,-0.2135338211497506,0.9997642185471074,0.002175641023663013,False,True,True,True,0.8608141669327898,0.017165899693701192,23.7209252784471,23.0723987493862,0.6485265290609021,0.02646907863361927,0.6485265290609021,False,False,False,False
validation,validation_005,M1,target_on,J1_D3_delay_only,True,False,CALIBRATABLE,True,both_components_inside_null_deadband,False,False,none,0.5292186439910967,0.026090864988644324,0.0876472099793817,True,True,True,True,False,P1,0.001270746343671814,0.0009545760000301273,0.026972137416270404,True,True,True,False,0.8595492292242841,0.0,24.4867888751948,24.299969726757,0.18681914843780234,0.0,0.18681914843780234,False,False,True,False
validation,validation_005,M1,target_on,J2_P1_phase_only,True,False,CALIBRATABLE,True,both_components_inside_null_deadband,False,False,none,0.5292186439910967,0.026090864988644324,0.0876472099793817,True,True,True,True,False,P1,0.001270746343671814,0.0009545760000301273,0.026972137416270404,True,True,True,False,0.8595492292242841,0.0,24.4867888751948,24.299969726757,0.18681914843780234,0.0,0.18681914843780234,False,False,True,False
validation,validation_005,M1,target_on,J3_D3_P1_joint,True,False,CALIBRATABLE,True,both_components_inside_null_deadband,False,False,none,0.5292186439910967,0.026090864988644324,0.0876472099793817,True,True,True,True,False,P1,0.001270746343671814,0.0009545760000301273,0.026972137416270404,True,True,True,False,0.8595492292242841,0.0,24.4867888751948,24.299969726757,0.18681914843780234,0.0,0.18681914843780234,False,False,True,False
validation,validation_005,M1,target_on,J4_D3_P2_joint,True,False,CALIBRATABLE,True,both_components_inside_null_deadband,False,False,none,0.5292186439910967,0.026090864988644324,0.0876472099793817,True,True,True,True,False,P2,0.001135311106507249,0.24666873661331035,0.022831618525225673,True,True,True,False,0.8595492292242841,0.0,24.4867888751948,24.299969726757,0.18681914843780234,0.0,0.18681914843780234,False,False,True,False
validation,validation_005,M1,target_off,J1_D3_delay_only,True,False,CALIBRATABLE,True,both_components_inside_null_deadband,False,False,none,0.5291472460761589,0.026086584128794832,0.08764320773962214,True,True,True,True,False,P1,0.001274083771309368,0.0009591278436528183,0.026978851852074725,True,True,True,False,0.8595512340126575,0.0,24.4875931502713,24.3005407065936,0.18705244367770035,0.0,0.18705244367770035,False,False,True,False
validation,validation_005,M1,target_off,J2_P1_phase_only,True,False,CALIBRATABLE,True,both_components_inside_null_deadband,False,False,none,0.5291472460761589,0.026086584128794832,0.08764320773962214,True,True,True,True,False,P1,0.001274083771309368,0.0009591278436528183,0.026978851852074725,True,True,True,False,0.8595512340126575,0.0,24.4875931502713,24.3005407065936,0.18705244367770035,0.0,0.18705244367770035,False,False,True,False
validation,validation_005,M1,target_off,J3_D3_P1_joint,True,False,CALIBRATABLE,True,both_components_inside_null_deadband,False,False,none,0.5291472460761589,0.026086584128794832,0.08764320773962214,True,True,True,True,False,P1,0.001274083771309368,0.0009591278436528183,0.026978851852074725,True,True,True,False,0.8595512340126575,0.0,24.4875931502713,24.3005407065936,0.18705244367770035,0.0,0.18705244367770035,False,False,True,False
validation,validation_005,M1,target_off,J4_D3_P2_joint,True,False,CALIBRATABLE,True,both_components_inside_null_deadband,False,False,none,0.5291472460761589,0.026086584128794832,0.08764320773962214,True,True,True,True,False,P2,0.001132757316853703,0.24734511534908132,0.022821142348150643,True,True,True,False,0.8595512340126575,0.0,24.4875931502713,24.3005407065936,0.18705244367770035,0.0,0.18705244367770035,False,False,True,False
validation,validation_006,M2,target_on,J1_D3_delay_only,False,True,UNCERTAIN,True,state_uncertain,True,False,delay,-0.22943370477429098,0.003024224414178489,0.09855080945601474,True,True,False,True,False,P1,-0.4265100966616854,0.9997752846418856,0.004099690221613519,False,True,True,True,0.8404000825526048,0.0,18.512173108118,16.0494816636521,2.4626914444659,0.0,2.4626914444659,True,True,False,False
validation,validation_006,M2,target_on,J2_P1_phase_only,False,True,UNCERTAIN,True,state_uncertain,True,False,delay,-0.22943370477429098,0.003024224414178489,0.09855080945601474,True,True,False,True,False,P1,-0.4265100966616854,0.9997752846418856,0.004099690221613519,False,True,True,True,0.8404000825526048,0.0,18.512173108118,16.0494816636521,2.4626914444659,0.0,2.4626914444659,True,True,False,False
validation,validation_006,M2,target_on,J3_D3_P1_joint,False,True,UNCERTAIN,True,state_uncertain,True,False,delay,-0.22943370477429098,0.003024224414178489,0.09855080945601474,True,True,False,True,False,P1,-0.4265100966616854,0.9997752846418856,0.004099690221613519,False,True,True,True,0.8404000825526048,0.0,18.512173108118,16.0494816636521,2.4626914444659,0.0,2.4626914444659,True,True,False,False
validation,validation_006,M2,target_on,J4_D3_P2_joint,False,True,UNCERTAIN,True,state_uncertain,True,False,delay,-0.22943370477429098,0.003024224414178489,0.09855080945601474,True,True,False,True,False,P2,-0.42668963499454227,0.9998105411075295,0.0038072356322508783,False,True,True,True,0.8404000825526048,0.0,18.512173108118,16.0494816636521,2.4626914444659,0.0,2.4626914444659,True,True,False,False
validation,validation_006,M2,target_off,J1_D3_delay_only,False,True,UNCERTAIN,True,state_uncertain,True,False,delay,-0.22915646897576797,0.0030344855026672723,0.0983241741907856,True,True,False,True,False,P1,-0.42650989237360815,0.9997751988950001,0.004101610845427847,False,True,True,True,0.8404092676862103,0.0,18.5120356387601,16.0494268662189,2.4626087725411985,0.0,2.4626087725411985,True,True,False,False
validation,validation_006,M2,target_off,J2_P1_phase_only,False,True,UNCERTAIN,True,state_uncertain,True,False,delay,-0.22915646897576797,0.0030344855026672723,0.0983241741907856,True,True,False,True,False,P1,-0.42650989237360815,0.9997751988950001,0.004101610845427847,False,True,True,True,0.8404092676862103,0.0,18.5120356387601,16.0494268662189,2.4626087725411985,0.0,2.4626087725411985,True,True,False,False
validation,validation_006,M2,target_off,J3_D3_P1_joint,False,True,UNCERTAIN,True,state_uncertain,True,False,delay,-0.22915646897576797,0.0030344855026672723,0.0983241741907856,True,True,False,True,False,P1,-0.42650989237360815,0.9997751988950001,0.004101610845427847,False,True,True,True,0.8404092676862103,0.0,18.5120356387601,16.0494268662189,2.4626087725411985,0.0,2.4626087725411985,True,True,False,False
validation,validation_006,M2,target_off,J4_D3_P2_joint,False,True,UNCERTAIN,True,state_uncertain,True,False,delay,-0.22915646897576797,0.0030344855026672723,0.0983241741907856,True,True,False,True,False,P2,-0.42668774648074664,0.9998108740886293,0.0038038638894712772,False,True,True,True,0.8404092676862103,0.0,18.5120356387601,16.0494268662189,2.4626087725411985,0.0,2.4626087725411985,True,True,False,False
test,test_000,M1,target_on,J1_D3_delay_only,True,False,DECORRELATED,True,state_decorrelated,False,True,coherence,6.824045311224551,0.6403808681551257,0.08939596133990954,False,True,True,True,False,P1,0.0023082887635317837,0.05090197219228676,0.006425119052380876,True,True,True,False,0.792646183885346,0.0,18.8480243075735,16.3264899620653,2.5215343455082007,0.0,2.5215343455082007,False,False,True,False
test,test_000,M1,target_on,J2_P1_phase_only,True,False,DECORRELATED,True,state_decorrelated,False,True,coherence,6.824045311224551,0.6403808681551257,0.08939596133990954,False,True,True,True,False,P1,0.0023082887635317837,0.05090197219228676,0.006425119052380876,True,True,True,False,0.792646183885346,0.0,18.8480243075735,16.3264899620653,2.5215343455082007,0.0,2.5215343455082007,False,False,True,False
test,test_000,M1,target_on,J3_D3_P1_joint,True,False,DECORRELATED,True,state_decorrelated,False,True,coherence,6.824045311224551,0.6403808681551257,0.08939596133990954,False,True,True,True,False,P1,0.0023082887635317837,0.05090197219228676,0.006425119052380876,True,True,True,False,0.792646183885346,0.0,18.8480243075735,16.3264899620653,2.5215343455082007,0.0,2.5215343455082007,False,False,True,False
test,test_000,M1,target_on,J4_D3_P2_joint,True,False,DECORRELATED,True,state_decorrelated,False,True,coherence,6.824045311224551,0.6403808681551257,0.08939596133990954,False,True,True,True,False,P2,0.0024850578945726245,0.11229424300911472,0.00621537785887037,True,True,True,False,0.792646183885346,0.0,18.8480243075735,16.3264899620653,2.5215343455082007,0.0,2.5215343455082007,False,False,True,False
test,test_000,M1,target_off,J1_D3_delay_only,True,False,DECORRELATED,True,state_decorrelated,False,True,coherence,6.823692081981308,0.640326247702156,0.08940151910624021,False,True,True,True,False,P1,0.002302076917613544,0.0506316950386001,0.006425491689027994,True,True,True,False,0.7926457083664555,0.0,18.844420605036,16.3250744443161,2.5193461607198984,0.0,2.5193461607198984,False,False,True,False
test,test_000,M1,target_off,J2_P1_phase_only,True,False,DECORRELATED,True,state_decorrelated,False,True,coherence,6.823692081981308,0.640326247702156,0.08940151910624021,False,True,True,True,False,P1,0.002302076917613544,0.0506316950386001,0.006425491689027994,True,True,True,False,0.7926457083664555,0.0,18.844420605036,16.3250744443161,2.5193461607198984,0.0,2.5193461607198984,False,False,True,False
test,test_000,M1,target_off,J3_D3_P1_joint,True,False,DECORRELATED,True,state_decorrelated,False,True,coherence,6.823692081981308,0.640326247702156,0.08940151910624021,False,True,True,True,False,P1,0.002302076917613544,0.0506316950386001,0.006425491689027994,True,True,True,False,0.7926457083664555,0.0,18.844420605036,16.3250744443161,2.5193461607198984,0.0,2.5193461607198984,False,False,True,False
test,test_000,M1,target_off,J4_D3_P2_joint,True,False,DECORRELATED,True,state_decorrelated,False,True,coherence,6.823692081981308,0.640326247702156,0.08940151910624021,False,True,True,True,False,P2,0.0024772411189687635,0.11148807130823346,0.006223711256453704,True,True,True,False,0.7926457083664555,0.0,18.844420605036,16.3250744443161,2.5193461607198984,0.0,2.5193461607198984,False,False,True,False
test,test_001,M2,target_on,J1_D3_delay_only,False,True,CALIBRATABLE,True,both_components_inside_null_deadband,False,False,none,0.40259233844666564,0.009505855197291524,0.09403573571679999,True,True,True,True,False,P1,-0.36392507006815755,0.9988768236789868,0.007935598249482898,False,True,True,True,0.8479773096283647,0.0,24.6007142632112,23.1408774142934,1.4598368489177993,0.0,1.4598368489177993,False,False,False,False
test,test_001,M2,target_on,J2_P1_phase_only,False,True,CALIBRATABLE,False,,False,False,none,0.40259233844666564,0.009505855197291524,0.09403573571679999,True,True,True,True,False,P1,-0.36392507006815755,0.9988768236789868,0.007935598249482898,False,True,True,True,0.8479773096283647,0.03857525434539966,24.6007142632112,23.1408774142934,1.4598368489177993,0.02642435993720539,1.4598368489177993,False,False,False,False
test,test_001,M2,target_on,J3_D3_P1_joint,False,True,CALIBRATABLE,False,,False,False,none,0.40259233844666564,0.009505855197291524,0.09403573571679999,True,True,True,True,False,P1,-0.36392507006815755,0.9988768236789868,0.007935598249482898,False,True,True,True,0.8479773096283647,0.03857525434539966,24.6007142632112,23.1408774142934,1.4598368489177993,0.02642435993720539,1.4598368489177993,False,False,False,False
test,test_001,M2,target_on,J4_D3_P2_joint,False,True,CALIBRATABLE,False,,False,False,none,0.40259233844666564,0.009505855197291524,0.09403573571679999,True,True,True,True,False,P2,-0.3638421972632193,0.9988506136748001,0.008016587771280741,False,True,True,True,0.8479773096283647,0.03863590362120206,24.6007142632112,23.1408774142934,1.4598368489177993,0.026465905179639412,1.4598368489177993,False,False,False,False
test,test_001,M2,target_off,J1_D3_delay_only,False,True,CALIBRATABLE,True,both_components_inside_null_deadband,False,False,none,0.40342066336662086,0.009540499405445657,0.09405403181529524,True,True,True,True,False,P1,-0.363916087327952,0.9988739410490962,0.007944509219053097,False,True,True,True,0.8479227492333601,0.0,24.6051455998199,23.143779611086,1.461365988733899,0.0,1.461365988733899,False,False,False,False
test,test_001,M2,target_off,J2_P1_phase_only,False,True,CALIBRATABLE,False,,False,False,none,0.40342066336662086,0.009540499405445657,0.09405403181529524,True,True,True,True,False,P1,-0.363916087327952,0.9988739410490962,0.007944509219053097,False,True,True,True,0.8479227492333601,0.03860461771419921,24.6051455998199,23.143779611086,1.461365988733899,0.026416803190859497,1.461365988733899,False,False,False,False
test,test_001,M2,target_off,J3_D3_P1_joint,False,True,CALIBRATABLE,False,,False,False,none,0.40342066336662086,0.009540499405445657,0.09405403181529524,True,True,True,True,False,P1,-0.363916087327952,0.9988739410490962,0.007944509219053097,False,True,True,True,0.8479227492333601,0.03860461771419921,24.6051455998199,23.143779611086,1.461365988733899,0.026416803190859497,1.461365988733899,False,False,False,False
test,test_001,M2,target_off,J4_D3_P2_joint,False,True,CALIBRATABLE,False,,False,False,none,0.40342066336662086,0.009540499405445657,0.09405403181529524,True,True,True,True,False,P2,-0.36385510123787046,0.9988545187440959,0.008003829624282458,False,True,True,True,0.8479227492333601,0.03866625485889941,24.6051455998199,23.143779611086,1.461365988733899,0.026458980951376287,1.461365988733899,False,False,False,False
test,test_003,M1+M2,target_on,J1_D3_delay_only,True,True,UNCERTAIN,True,state_uncertain,True,False,delay,3.638293231206852,0.33995461085041323,0.09846657451326662,False,True,False,True,False,P1,-0.45096228141166894,0.9996642266747287,0.005284522414089678,False,True,True,True,0.8234484151278252,0.0,16.2482898472024,15.2392188813518,1.0090709658506007,0.0,1.0090709658506007,True,True,True,False
test,test_003,M1+M2,target_on,J2_P1_phase_only,True,True,UNCERTAIN,True,state_uncertain,True,False,delay,3.638293231206852,0.33995461085041323,0.09846657451326662,False,True,False,True,False,P1,-0.45096228141166894,0.9996642266747287,0.005284522414089678,False,True,True,True,0.8234484151278252,0.0,16.2482898472024,15.2392188813518,1.0090709658506007,0.0,1.0090709658506007,True,True,True,False
test,test_003,M1+M2,target_on,J3_D3_P1_joint,True,True,UNCERTAIN,True,state_uncertain,True,False,delay,3.638293231206852,0.33995461085041323,0.09846657451326662,False,True,False,True,False,P1,-0.45096228141166894,0.9996642266747287,0.005284522414089678,False,True,True,True,0.8234484151278252,0.0,16.2482898472024,15.2392188813518,1.0090709658506007,0.0,1.0090709658506007,True,True,True,False
test,test_003,M1+M2,target_on,J4_D3_P2_joint,True,True,UNCERTAIN,True,state_uncertain,True,False,delay,3.638293231206852,0.33995461085041323,0.09846657451326662,False,True,False,True,False,P2,-0.45113603704375005,0.9996925140237205,0.0050542403089322225,False,True,True,True,0.8234484151278252,0.0,16.2482898472024,15.2392188813518,1.0090709658506007,0.0,1.0090709658506007,True,True,True,False
test,test_003,M1+M2,target_off,J1_D3_delay_only,True,True,UNCERTAIN,True,state_uncertain,True,False,delay,3.6417886957460657,0.3401469728239106,0.09860802018991198,False,True,False,True,False,P1,-0.45097407323004135,0.999663190601679,0.005293195103308654,False,True,True,True,0.823374390100662,0.0,16.2497932162693,15.2397095093137,1.0100837069555997,0.0,1.0100837069555997,True,True,True,False
test,test_003,M1+M2,target_off,J2_P1_phase_only,True,True,UNCERTAIN,True,state_uncertain,True,False,delay,3.6417886957460657,0.3401469728239106,0.09860802018991198,False,True,False,True,False,P1,-0.45097407323004135,0.999663190601679,0.005293195103308654,False,True,True,True,0.823374390100662,0.0,16.2497932162693,15.2397095093137,1.0100837069555997,0.0,1.0100837069555997,True,True,True,False
test,test_003,M1+M2,target_off,J3_D3_P1_joint,True,True,UNCERTAIN,True,state_uncertain,True,False,delay,3.6417886957460657,0.3401469728239106,0.09860802018991198,False,True,False,True,False,P1,-0.45097407323004135,0.999663190601679,0.005293195103308654,False,True,True,True,0.823374390100662,0.0,16.2497932162693,15.2397095093137,1.0100837069555997,0.0,1.0100837069555997,True,True,True,False
test,test_003,M1+M2,target_off,J4_D3_P2_joint,True,True,UNCERTAIN,True,state_uncertain,True,False,delay,3.6417886957460657,0.3401469728239106,0.09860802018991198,False,True,False,True,False,P2,-0.4511442802213811,0.9996910238652732,0.0050679043902046635,False,True,True,True,0.823374390100662,0.0,16.2497932162693,15.2397095093137,1.0100837069555997,0.0,1.0100837069555997,True,True,True,False
test,test_004,M1+M3,target_on,J1_D3_delay_only,True,False,DECORRELATED,True,state_decorrelated,False,True,coherence,8.463778410138945,0.8290098600782299,0.06792821701567588,False,True,True,True,False,P1,0.005748033153588089,0.012764604294382087,0.032395493995072286,True,True,True,False,0.7864975227847323,0.0,7.71088132247317,7.22549865802804,0.48538266444512956,0.0,0.48538266444512956,False,False,True,False
test,test_004,M1+M3,target_on,J2_P1_phase_only,True,False,DECORRELATED,True,state_decorrelated,False,True,coherence,8.463778410138945,0.8290098600782299,0.06792821701567588,False,True,True,True,False,P1,0.005748033153588089,0.012764604294382087,0.032395493995072286,True,True,True,False,0.7864975227847323,0.0,7.71088132247317,7.22549865802804,0.48538266444512956,0.0,0.48538266444512956,False,False,True,False
test,test_004,M1+M3,target_on,J3_D3_P1_joint,True,False,DECORRELATED,True,state_decorrelated,False,True,coherence,8.463778410138945,0.8290098600782299,0.06792821701567588,False,True,True,True,False,P1,0.005748033153588089,0.012764604294382087,0.032395493995072286,True,True,True,False,0.7864975227847323,0.0,7.71088132247317,7.22549865802804,0.48538266444512956,0.0,0.48538266444512956,False,False,True,False
test,test_004,M1+M3,target_on,J4_D3_P2_joint,True,False,DECORRELATED,True,state_decorrelated,False,True,coherence,8.463778410138945,0.8290098600782299,0.06792821701567588,False,True,True,True,False,P2,0.005845232638840526,0.052601984960293,0.03151849976449294,True,True,True,False,0.7864975227847323,0.0,7.71088132247317,7.22549865802804,0.48538266444512956,0.0,0.48538266444512956,False,False,True,False
test,test_004,M1+M3,target_off,J1_D3_delay_only,True,False,DECORRELATED,True,state_decorrelated,False,True,coherence,8.47538832491591,0.8306081627804629,0.0676147000545893,False,True,True,True,False,P1,0.005731864030019617,0.012686506294006916,0.03240532010820808,True,True,True,False,0.786472451530752,0.0,7.712682464985,7.22665157969665,0.4860308852883497,0.0,0.4860308852883497,False,False,True,False
test,test_004,M1+M3,target_off,J2_P1_phase_only,True,False,DECORRELATED,True,state_decorrelated,False,True,coherence,8.47538832491591,0.8306081627804629,0.0676147000545893,False,True,True,True,False,P1,0.005731864030019617,0.012686506294006916,0.03240532010820808,True,True,True,False,0.786472451530752,0.0,7.712682464985,7.22665157969665,0.4860308852883497,0.0,0.4860308852883497,False,False,True,False
test,test_004,M1+M3,target_off,J3_D3_P1_joint,True,False,DECORRELATED,True,state_decorrelated,False,True,coherence,8.47538832491591,0.8306081627804629,0.0676147000545893,False,True,True,True,False,P1,0.005731864030019617,0.012686506294006916,0.03240532010820808,True,True,True,False,0.786472451530752,0.0,7.712682464985,7.22665157969665,0.4860308852883497,0.0,0.4860308852883497,False,False,True,False
test,test_004,M1+M3,target_off,J4_D3_P2_joint,True,False,DECORRELATED,True,state_decorrelated,False,True,coherence,8.47538832491591,0.8306081627804629,0.0676147000545893,False,True,True,True,False,P2,0.0058314754024512555,0.052700502453782105,0.031515743458142766,True,True,True,False,0.786472451530752,0.0,7.712682464985,7.22665157969665,0.4860308852883497,0.0,0.4860308852883497,False,False,True,False
test,test_005,M2+M3,target_on,J1_D3_delay_only,False,True,UNCERTAIN,True,state_uncertain,True,False,delay_and_phase,0.42439717007863975,0.01143110939282821,0.09653488508500714,True,True,False,True,False,P1,-0.6183403961699575,0.9777056335744041,0.05718146181177776,False,True,False,False,0.880763503564725,0.0,13.1066693320781,11.7831248644561,1.3235444676219998,0.0,1.3235444676219998,True,True,False,True
test,test_005,M2+M3,target_on,J2_P1_phase_only,False,True,UNCERTAIN,True,state_uncertain,True,False,delay_and_phase,0.42439717007863975,0.01143110939282821,0.09653488508500714,True,True,False,True,False,P1,-0.6183403961699575,0.9777056335744041,0.05718146181177776,False,True,False,False,0.880763503564725,0.0,13.1066693320781,11.7831248644561,1.3235444676219998,0.0,1.3235444676219998,True,True,False,True
test,test_005,M2+M3,target_on,J3_D3_P1_joint,False,True,UNCERTAIN,True,state_uncertain,True,False,delay_and_phase,0.42439717007863975,0.01143110939282821,0.09653488508500714,True,True,False,True,False,P1,-0.6183403961699575,0.9777056335744041,0.05718146181177776,False,True,False,False,0.880763503564725,0.0,13.1066693320781,11.7831248644561,1.3235444676219998,0.0,1.3235444676219998,True,True,False,True
test,test_005,M2+M3,target_on,J4_D3_P2_joint,False,True,UNCERTAIN,True,state_uncertain,True,False,delay_and_phase,0.42439717007863975,0.01143110939282821,0.09653488508500714,True,True,False,True,False,P2,-0.62785308367466,0.9843023621812356,0.04854984819067435,False,True,False,False,0.880763503564725,0.0,13.1066693320781,11.7831248644561,1.3235444676219998,0.0,1.3235444676219998,True,True,False,True
test,test_005,M2+M3,target_off,J1_D3_delay_only,False,True,UNCERTAIN,True,state_uncertain,True,False,delay_and_phase,0.4164976302903999,0.011041203050408344,0.09661893735317355,True,True,False,True,False,P1,-0.6183476963143496,0.9776913198928282,0.05720119720568187,False,True,False,False,0.880743746789898,0.0,13.1072074058726,11.783402174679,1.3238052311935995,0.0,1.3238052311935995,True,True,False,True
test,test_005,M2+M3,target_off,J2_P1_phase_only,False,True,UNCERTAIN,True,state_uncertain,True,False,delay_and_phase,0.4164976302903999,0.011041203050408344,0.09661893735317355,True,True,False,True,False,P1,-0.6183476963143496,0.9776913198928282,0.05720119720568187,False,True,False,False,0.880743746789898,0.0,13.1072074058726,11.783402174679,1.3238052311935995,0.0,1.3238052311935995,True,True,False,True
test,test_005,M2+M3,target_off,J3_D3_P1_joint,False,True,UNCERTAIN,True,state_uncertain,True,False,delay_and_phase,0.4164976302903999,0.011041203050408344,0.09661893735317355,True,True,False,True,False,P1,-0.6183476963143496,0.9776913198928282,0.05720119720568187,False,True,False,False,0.880743746789898,0.0,13.1072074058726,11.783402174679,1.3238052311935995,0.0,1.3238052311935995,True,True,False,True
test,test_005,M2+M3,target_off,J4_D3_P2_joint,False,True,UNCERTAIN,True,state_uncertain,True,False,delay_and_phase,0.4164976302903999,0.011041203050408344,0.09661893735317355,True,True,False,True,False,P2,-0.6278617131246376,0.9842925798724808,0.048565775300646076,False,True,False,False,0.880743746789898,0.0,13.1072074058726,11.783402174679,1.3238052311935995,0.0,1.3238052311935995,True,True,False,True
test,test_006,M1+M2+M3,target_on,J1_D3_delay_only,True,True,UNCERTAIN,True,state_uncertain,True,False,phase,2.106011984269684,0.19812745625810613,0.07905110802203591,False,True,True,True,True,P1,-0.5613631869735141,0.9850467567481395,0.044497267703528694,False,True,False,False,0.8651039083129708,0.0,8.85809289354348,8.26316652132211,0.5949263722213693,0.0,0.5949263722213693,True,False,False,True
test,test_006,M1+M2+M3,target_on,J2_P1_phase_only,True,True,UNCERTAIN,True,state_uncertain,True,False,phase,2.106011984269684,0.19812745625810613,0.07905110802203591,False,True,True,True,True,P1,-0.5613631869735141,0.9850467567481395,0.044497267703528694,False,True,False,False,0.8651039083129708,0.0,8.85809289354348,8.26316652132211,0.5949263722213693,0.0,0.5949263722213693,True,False,False,True
test,test_006,M1+M2+M3,target_on,J3_D3_P1_joint,True,True,UNCERTAIN,True,state_uncertain,True,False,phase,2.106011984269684,0.19812745625810613,0.07905110802203591,False,True,True,True,True,P1,-0.5613631869735141,0.9850467567481395,0.044497267703528694,False,True,False,False,0.8651039083129708,0.0,8.85809289354348,8.26316652132211,0.5949263722213693,0.0,0.5949263722213693,True,False,False,True
test,test_006,M1+M2+M3,target_on,J4_D3_P2_joint,True,True,UNCERTAIN,True,state_uncertain,True,False,phase,2.106011984269684,0.19812745625810613,0.07905110802203591,False,True,True,True,True,P2,-0.559900213609486,0.9859055041594457,0.04324708589571254,False,True,False,False,0.8651039083129708,0.0,8.85809289354348,8.26316652132211,0.5949263722213693,0.0,0.5949263722213693,True,False,False,True
test,test_006,M1+M2+M3,target_off,J1_D3_delay_only,True,True,UNCERTAIN,True,state_uncertain,True,False,phase,2.1060790546492956,0.19807248670269906,0.0790661008750679,False,True,True,True,True,P1,-0.5613616048974448,0.9850370471052419,0.044511972274116574,False,True,False,False,0.8650606300471584,0.0,8.85811818126462,8.26322188425678,0.5948962970078409,0.0,0.5948962970078409,True,False,False,True
test,test_006,M1+M2+M3,target_off,J2_P1_phase_only,True,True,UNCERTAIN,True,state_uncertain,True,False,phase,2.1060790546492956,0.19807248670269906,0.0790661008750679,False,True,True,True,True,P1,-0.5613616048974448,0.9850370471052419,0.044511972274116574,False,True,False,False,0.8650606300471584,0.0,8.85811818126462,8.26322188425678,0.5948962970078409,0.0,0.5948962970078409,True,False,False,True
test,test_006,M1+M2+M3,target_off,J3_D3_P1_joint,True,True,UNCERTAIN,True,state_uncertain,True,False,phase,2.1060790546492956,0.19807248670269906,0.0790661008750679,False,True,True,True,True,P1,-0.5613616048974448,0.9850370471052419,0.044511972274116574,False,True,False,False,0.8650606300471584,0.0,8.85811818126462,8.26322188425678,0.5948962970078409,0.0,0.5948962970078409,True,False,False,True
test,test_006,M1+M2+M3,target_off,J4_D3_P2_joint,True,True,UNCERTAIN,True,state_uncertain,True,False,phase,2.1060790546492956,0.19807248670269906,0.0790661008750679,False,True,True,True,True,P2,-0.5598936562536688,0.9858880954904796,0.043272889745524803,False,True,False,False,0.8650606300471584,0.0,8.85811818126462,8.26322188425678,0.5948962970078409,0.0,0.5948962970078409,True,False,False,True
test,test_007,M1,target_on,J1_D3_delay_only,True,False,DECORRELATED,True,state_decorrelated,False,True,coherence,9.992957500582506,0.8329572662237038,0.07614123503862953,False,True,True,True,False,P1,0.00027832106753215846,0.00032352040705441176,0.01001045559791748,True,False,True,False,0.7665046448781578,0.0,21.8947114611521,13.1838696326281,8.710841828523998,0.0,8.710841828523998,False,False,True,False
test,test_007,M1,target_on,J2_P1_phase_only,True,False,DECORRELATED,True,state_decorrelated,False,True,coherence,9.992957500582506,0.8329572662237038,0.07614123503862953,False,True,True,True,False,P1,0.00027832106753215846,0.00032352040705441176,0.01001045559791748,True,False,True,False,0.7665046448781578,0.0,21.8947114611521,13.1838696326281,8.710841828523998,0.0,8.710841828523998,False,False,True,False
test,test_007,M1,target_on,J3_D3_P1_joint,True,False,DECORRELATED,True,state_decorrelated,False,True,coherence,9.992957500582506,0.8329572662237038,0.07614123503862953,False,True,True,True,False,P1,0.00027832106753215846,0.00032352040705441176,0.01001045559791748,True,False,True,False,0.7665046448781578,0.0,21.8947114611521,13.1838696326281,8.710841828523998,0.0,8.710841828523998,False,False,True,False
test,test_007,M1,target_on,J4_D3_P2_joint,True,False,DECORRELATED,True,state_decorrelated,False,True,coherence,9.992957500582506,0.8329572662237038,0.07614123503862953,False,True,True,True,False,P2,0.00044070260405679846,0.04212593341331694,0.0099896885020895,True,True,True,False,0.7665046448781578,0.0,21.8947114611521,13.1838696326281,8.710841828523998,0.0,8.710841828523998,False,False,True,False
test,test_007,M1,target_off,J1_D3_delay_only,True,False,DECORRELATED,True,state_decorrelated,False,True,coherence,9.988835692433565,0.8326247279698322,0.07622364376979057,False,True,True,True,False,P1,0.0002988071111039446,0.00037357428782580637,0.010000938478905144,True,False,True,False,0.7665566641349371,0.0,21.8975979056758,13.2087781643858,8.688819741289999,0.0,8.688819741289999,False,False,True,False
test,test_007,M1,target_off,J2_P1_phase_only,True,False,DECORRELATED,True,state_decorrelated,False,True,coherence,9.988835692433565,0.8326247279698322,0.07622364376979057,False,True,True,True,False,P1,0.0002988071111039446,0.00037357428782580637,0.010000938478905144,True,False,True,False,0.7665566641349371,0.0,21.8975979056758,13.2087781643858,8.688819741289999,0.0,8.688819741289999,False,False,True,False
test,test_007,M1,target_off,J3_D3_P1_joint,True,False,DECORRELATED,True,state_decorrelated,False,True,coherence,9.988835692433565,0.8326247279698322,0.07622364376979057,False,True,True,True,False,P1,0.0002988071111039446,0.00037357428782580637,0.010000938478905144,True,False,True,False,0.7665566641349371,0.0,21.8975979056758,13.2087781643858,8.688819741289999,0.0,8.688819741289999,False,False,True,False
test,test_007,M1,target_off,J4_D3_P2_joint,True,False,DECORRELATED,True,state_decorrelated,False,True,coherence,9.988835692433565,0.8326247279698322,0.07622364376979057,False,True,True,True,False,P2,0.0004631364060904773,0.042298359472785374,0.009982625073092978,True,True,True,False,0.7665566641349371,0.0,21.8975979056758,13.2087781643858,8.688819741289999,0.0,8.688819741289999,False,False,True,False
test,test_008,M2,target_on,J1_D3_delay_only,False,True,CALIBRATABLE,True,both_components_inside_null_deadband,False,False,none,-0.13328974831260312,0.0017918606754542266,0.07258039473163157,True,True,True,True,False,P1,-0.08131464134676317,0.9814014512287642,0.007226555893151675,False,True,True,True,0.8289038024988775,0.0,24.1138246925608,24.0292298168765,0.08459487568429935,0.0,0.08459487568429935,False,False,False,False
test,test_008,M2,target_on,J2_P1_phase_only,False,True,CALIBRATABLE,False,,False,False,none,-0.13328974831260312,0.0017918606754542266,0.07258039473163157,True,True,True,True,False,P1,-0.08131464134676317,0.9814014512287642,0.007226555893151675,False,True,True,True,0.8289038024988775,0.002376109939998372,24.1138246925608,24.0292298168765,0.08459487568429935,0.02808810723791126,0.08459487568429935,False,False,False,False
test,test_008,M2,target_on,J3_D3_P1_joint,False,True,CALIBRATABLE,False,,False,False,none,-0.13328974831260312,0.0017918606754542266,0.07258039473163157,True,True,True,True,False,P1,-0.08131464134676317,0.9814014512287642,0.007226555893151675,False,True,True,True,0.8289038024988775,0.002376109939998372,24.1138246925608,24.0292298168765,0.08459487568429935,0.02808810723791126,0.08459487568429935,False,False,False,False
test,test_008,M2,target_on,J4_D3_P2_joint,False,True,CALIBRATABLE,False,,False,False,none,-0.13328974831260312,0.0017918606754542266,0.07258039473163157,True,True,True,True,False,P2,-0.0814194068720156,0.9828421740910516,0.0069670371443935125,False,True,True,True,0.8289038024988775,0.00255410525949884,24.1138246925608,24.0292298168765,0.08459487568429935,0.03019219827251164,0.08459487568429935,False,False,False,False
test,test_008,M2,target_off,J1_D3_delay_only,False,True,CALIBRATABLE,True,both_components_inside_null_deadband,False,False,none,-0.13358498661966905,0.0017994773053650048,0.07258721328507337,True,True,True,True,False,P1,-0.08131596637244538,0.9814260499442359,0.007221943805212272,False,True,True,True,0.8289148126063149,0.0,24.1150876894142,24.0304727292026,0.08461496021159931,0.0,0.08461496021159931,False,False,False,False
test,test_008,M2,target_off,J2_P1_phase_only,False,True,CALIBRATABLE,False,,False,False,none,-0.13358498661966905,0.0017994773053650048,0.07258721328507337,True,True,True,True,False,P1,-0.08131596637244538,0.9814260499442359,0.007221943805212272,False,True,True,True,0.8289148126063149,0.0023771293955014983,24.1150876894142,24.0304727292026,0.08461496021159931,0.028093488309359663,0.08461496021159931,False,False,False,False
test,test_008,M2,target_off,J3_D3_P1_joint,False,True,CALIBRATABLE,False,,False,False,none,-0.13358498661966905,0.0017994773053650048,0.07258721328507337,True,True,True,True,False,P1,-0.08131596637244538,0.9814260499442359,0.007221943805212272,False,True,True,True,0.8289148126063149,0.0023771293955014983,24.1150876894142,24.0304727292026,0.08461496021159931,0.028093488309359663,0.08461496021159931,False,False,False,False
test,test_008,M2,target_off,J4_D3_P2_joint,False,True,CALIBRATABLE,False,,False,False,none,-0.13358498661966905,0.0017994773053650048,0.07258721328507337,True,True,True,True,False,P2,-0.08141859351106358,0.9828456781651619,0.006964546136058384,False,True,True,True,0.8289148126063149,0.0025539311099009865,24.1150876894142,24.0304727292026,0.08461496021159931,0.03018297359609093,0.08461496021159931,False,False,False,False
test,test_010,M1+M2,target_on,J1_D3_delay_only,True,True,CALIBRATABLE,False,,False,False,none,0.8917488441001203,0.07878540669611178,0.06587350784541728,False,True,True,True,True,P1,-0.2619266285694228,0.9997855885183796,0.002493706431344721,False,True,True,True,0.8757162234826712,0.08077204635270263,17.6202798338245,16.8076016393267,0.8126781944978028,0.09938995152025211,0.8126781944978028,False,False,False,False
test,test_010,M1+M2,target_on,J2_P1_phase_only,True,True,CALIBRATABLE,False,,False,False,none,0.8917488441001203,0.07878540669611178,0.06587350784541728,False,True,True,True,True,P1,-0.2619266285694228,0.9997855885183796,0.002493706431344721,False,True,True,True,0.8757162234826712,0.011046980585202704,17.6202798338245,16.8076016393267,0.8126781944978028,0.013593302564281576,0.8126781944978028,False,False,False,False
test,test_010,M1+M2,target_on,J3_D3_P1_joint,True,True,CALIBRATABLE,False,,False,False,none,0.8917488441001203,0.07878540669611178,0.06587350784541728,False,True,True,True,True,P1,-0.2619266285694228,0.9997855885183796,0.002493706431344721,False,True,True,True,0.8757162234826712,0.08077204635270263,17.6202798338245,16.8076016393267,0.8126781944978028,0.09938995152025211,0.8126781944978028,False,False,False,False
test,test_010,M1+M2,target_on,J4_D3_P2_joint,True,True,CALIBRATABLE,False,,False,False,none,0.8917488441001203,0.07878540669611178,0.06587350784541728,False,True,True,True,True,P2,-0.2618927736872759,0.9997892017319683,0.002472860380997207,False,True,True,True,0.8757162234826712,0.08077204635270263,17.6202798338245,16.8076016393267,0.8126781944978028,0.09938995152025211,0.8126781944978028,False,False,False,False
test,test_010,M1+M2,target_off,J1_D3_delay_only,True,True,CALIBRATABLE,False,,False,False,none,0.8917584051657543,0.078780426042655,0.06587657496068494,False,True,True,True,True,P1,-0.2619219922149117,0.999784984134578,0.002497220725930501,False,True,True,True,0.8757502081540012,0.08073171443350091,17.6228579533232,16.8094918601374,0.8133660931858024,0.09925630673549463,0.8133660931858024,False,False,False,False
test,test_010,M1+M2,target_off,J2_P1_phase_only,True,True,CALIBRATABLE,False,,False,False,none,0.8917584051657543,0.078780426042655,0.06587657496068494,False,True,True,True,True,P1,-0.2619219922149117,0.999784984134578,0.002497220725930501,False,True,True,True,0.8757502081540012,0.01105611685810004,17.6228579533232,16.8094918601374,0.8133660931858024,0.013593038793632647,0.8133660931858024,False,False,False,False
test,test_010,M1+M2,target_off,J3_D3_P1_joint,True,True,CALIBRATABLE,False,,False,False,none,0.8917584051657543,0.078780426042655,0.06587657496068494,False,True,True,True,True,P1,-0.2619219922149117,0.999784984134578,0.002497220725930501,False,True,True,True,0.8757502081540012,0.08073171443350091,17.6228579533232,16.8094918601374,0.8133660931858024,0.09925630673549463,0.8133660931858024,False,False,False,False
test,test_010,M1+M2,target_off,J4_D3_P2_joint,True,True,CALIBRATABLE,False,,False,False,none,0.8917584051657543,0.078780426042655,0.06587657496068494,False,True,True,True,True,P2,-0.2618931732083611,0.9997911641969175,0.002462897400649456,False,True,True,True,0.8757502081540012,0.08073171443350091,17.6228579533232,16.8094918601374,0.8133660931858024,0.09925630673549463,0.8133660931858024,False,False,False,False
test,test_011,M1+M3,target_on,J1_D3_delay_only,True,False,UNCERTAIN,True,state_uncertain,True,False,phase,2.937182540667505,0.4585449071098924,0.06422143717849836,False,True,True,True,True,P1,0.005260679984105291,0.009145759683701238,0.03516577031517009,True,True,False,False,0.8670777549358198,0.0,9.89581597054307,9.86026524518579,0.035550725357280655,0.0,0.035550725357280655,False,False,False,False
test,test_011,M1+M3,target_on,J2_P1_phase_only,True,False,UNCERTAIN,True,state_uncertain,True,False,phase,2.937182540667505,0.4585449071098924,0.06422143717849836,False,True,True,True,True,P1,0.005260679984105291,0.009145759683701238,0.03516577031517009,True,True,False,False,0.8670777549358198,0.0,9.89581597054307,9.86026524518579,0.035550725357280655,0.0,0.035550725357280655,False,False,False,False
test,test_011,M1+M3,target_on,J3_D3_P1_joint,True,False,UNCERTAIN,True,state_uncertain,True,False,phase,2.937182540667505,0.4585449071098924,0.06422143717849836,False,True,True,True,True,P1,0.005260679984105291,0.009145759683701238,0.03516577031517009,True,True,False,False,0.8670777549358198,0.0,9.89581597054307,9.86026524518579,0.035550725357280655,0.0,0.035550725357280655,False,False,False,False
test,test_011,M1+M3,target_on,J4_D3_P2_joint,True,False,CALIBRATABLE,False,,False,False,none,2.937182540667505,0.4585449071098924,0.06422143717849836,False,True,True,True,True,P2,0.003193888340215313,0.11598052098148293,0.03271691280381888,True,True,True,False,0.8670777549358198,0.049642787661710486,9.89581597054307,9.86026524518579,0.035550725357280655,1.3963931020480242,0.035550725357280655,False,False,False,False
test,test_011,M1+M3,target_off,J1_D3_delay_only,True,False,UNCERTAIN,True,state_uncertain,True,False,phase,2.937091395779543,0.4585397143199682,0.0642199600309804,False,True,True,True,True,P1,0.005288412996937729,0.00924643251326207,0.03515687818404412,True,True,False,False,0.86709747031898,0.0,9.89582467625768,9.86030379439663,0.03552088186104996,0.0,0.03552088186104996,False,False,False,False
test,test_011,M1+M3,target_off,J2_P1_phase_only,True,False,UNCERTAIN,True,state_uncertain,True,False,phase,2.937091395779543,0.4585397143199682,0.0642199600309804,False,True,True,True,True,P1,0.005288412996937729,0.00924643251326207,0.03515687818404412,True,True,False,False,0.86709747031898,0.0,9.89582467625768,9.86030379439663,0.03552088186104996,0.0,0.03552088186104996,False,False,False,False
test,test_011,M1+M3,target_off,J3_D3_P1_joint,True,False,UNCERTAIN,True,state_uncertain,True,False,phase,2.937091395779543,0.4585397143199682,0.0642199600309804,False,True,True,True,True,P1,0.005288412996937729,0.00924643251326207,0.03515687818404412,True,True,False,False,0.86709747031898,0.0,9.89582467625768,9.86030379439663,0.03552088186104996,0.0,0.03552088186104996,False,False,False,False
test,test_011,M1+M3,target_off,J4_D3_P2_joint,True,False,CALIBRATABLE,False,,False,False,none,2.937091395779543,0.4585397143199682,0.0642199600309804,False,True,True,True,True,P2,0.0031989505873562096,0.11583110908326233,0.03272912622350713,True,True,True,False,0.86709747031898,0.049543150744240094,9.89582467625768,9.86030379439663,0.03552088186104996,1.394761282617989,0.03552088186104996,False,False,False,False
test,test_012,M2+M3,target_on,J1_D3_delay_only,False,True,UNCERTAIN,True,state_uncertain,True,False,phase,-0.12451324595780729,0.0008979342238697452,0.08111408767369413,True,True,True,True,False,P1,-0.530783690993789,0.9838187670072944,0.043928464591132275,False,True,False,False,0.8491404987488274,0.0,8.46800069469167,8.0502241800681,0.41777651462357035,0.0,0.41777651462357035,False,False,False,True
test,test_012,M2+M3,target_on,J2_P1_phase_only,False,True,UNCERTAIN,True,state_uncertain,True,False,phase,-0.12451324595780729,0.0008979342238697452,0.08111408767369413,True,True,True,True,False,P1,-0.530783690993789,0.9838187670072944,0.043928464591132275,False,True,False,False,0.8491404987488274,0.0,8.46800069469167,8.0502241800681,0.41777651462357035,0.0,0.41777651462357035,False,False,False,True
test,test_012,M2+M3,target_on,J3_D3_P1_joint,False,True,UNCERTAIN,True,state_uncertain,True,False,phase,-0.12451324595780729,0.0008979342238697452,0.08111408767369413,True,True,True,True,False,P1,-0.530783690993789,0.9838187670072944,0.043928464591132275,False,True,False,False,0.8491404987488274,0.0,8.46800069469167,8.0502241800681,0.41777651462357035,0.0,0.41777651462357035,False,False,False,True
test,test_012,M2+M3,target_on,J4_D3_P2_joint,False,True,UNCERTAIN,True,state_uncertain,True,False,phase,-0.12451324595780729,0.0008979342238697452,0.08111408767369413,True,True,True,True,False,P2,-0.5313752509584114,0.9832368223615665,0.044740932900049005,False,True,False,False,0.8491404987488274,0.0,8.46800069469167,8.0502241800681,0.41777651462357035,0.0,0.41777651462357035,False,False,False,True
test,test_012,M2+M3,target_off,J1_D3_delay_only,False,True,UNCERTAIN,True,state_uncertain,True,False,phase,-0.12269023294065823,0.0008710118854207138,0.08116282917754522,True,True,True,True,False,P1,-0.5307857920040651,0.9838191817422082,0.04392845119652253,False,True,False,False,0.8491403246824634,0.0,8.46799913635219,8.05024684058285,0.4177522957693416,0.0,0.4177522957693416,False,False,False,True
test,test_012,M2+M3,target_off,J2_P1_phase_only,False,True,UNCERTAIN,True,state_uncertain,True,False,phase,-0.12269023294065823,0.0008710118854207138,0.08116282917754522,True,True,True,True,False,P1,-0.5307857920040651,0.9838191817422082,0.04392845119652253,False,True,False,False,0.8491403246824634,0.0,8.46799913635219,8.05024684058285,0.4177522957693416,0.0,0.4177522957693416,False,False,False,True
test,test_012,M2+M3,target_off,J3_D3_P1_joint,False,True,UNCERTAIN,True,state_uncertain,True,False,phase,-0.12269023294065823,0.0008710118854207138,0.08116282917754522,True,True,True,True,False,P1,-0.5307857920040651,0.9838191817422082,0.04392845119652253,False,True,False,False,0.8491403246824634,0.0,8.46799913635219,8.05024684058285,0.4177522957693416,0.0,0.4177522957693416,False,False,False,True
test,test_012,M2+M3,target_off,J4_D3_P2_joint,False,True,UNCERTAIN,True,state_uncertain,True,False,phase,-0.12269023294065823,0.0008710118854207138,0.08116282917754522,True,True,True,True,False,P2,-0.5313790110146366,0.9832384815849998,0.044739642454226417,False,True,False,False,0.8491403246824634,0.0,8.46799913635219,8.05024684058285,0.4177522957693416,0.0,0.4177522957693416,False,False,False,True
test,test_013,M1+M2+M3,target_on,J1_D3_delay_only,True,True,UNCERTAIN,True,state_uncertain,True,False,phase,1.631600735463549,0.1490203192202566,0.07544611445351014,False,True,True,True,True,P1,-0.37619035361806474,0.9775147672371474,0.0373972518335253,False,True,False,False,0.8441817664434059,0.0,7.43118074420452,7.31582616164131,0.11535458256321007,0.0,0.11535458256321007,False,False,False,True
test,test_013,M1+M2+M3,target_on,J2_P1_phase_only,True,True,UNCERTAIN,True,state_uncertain,True,False,phase,1.631600735463549,0.1490203192202566,0.07544611445351014,False,True,True,True,True,P1,-0.37619035361806474,0.9775147672371474,0.0373972518335253,False,True,False,False,0.8441817664434059,0.0,7.43118074420452,7.31582616164131,0.11535458256321007,0.0,0.11535458256321007,False,False,False,True
test,test_013,M1+M2+M3,target_on,J3_D3_P1_joint,True,True,UNCERTAIN,True,state_uncertain,True,False,phase,1.631600735463549,0.1490203192202566,0.07544611445351014,False,True,True,True,True,P1,-0.37619035361806474,0.9775147672371474,0.0373972518335253,False,True,False,False,0.8441817664434059,0.0,7.43118074420452,7.31582616164131,0.11535458256321007,0.0,0.11535458256321007,False,False,False,True
test,test_013,M1+M2+M3,target_on,J4_D3_P2_joint,True,True,UNCERTAIN,True,state_uncertain,True,False,phase,1.631600735463549,0.1490203192202566,0.07544611445351014,False,True,True,True,True,P2,-0.3770632152308516,0.978154386778097,0.036820796927016626,False,True,False,False,0.8441817664434059,0.0,7.43118074420452,7.31582616164131,0.11535458256321007,0.0,0.11535458256321007,False,False,False,True
test,test_013,M1+M2+M3,target_off,J1_D3_delay_only,True,True,UNCERTAIN,True,state_uncertain,True,False,phase,1.6449071699088096,0.1507636968827697,0.07536502001690847,False,True,True,True,True,P1,-0.3761654835169112,0.977675042616442,0.03726760830543021,False,True,False,False,0.8440932069175664,0.0,7.42755994765058,7.31499199530408,0.11256795234649974,0.0,0.11256795234649974,False,False,False,True
test,test_013,M1+M2+M3,target_off,J2_P1_phase_only,True,True,UNCERTAIN,True,state_uncertain,True,False,phase,1.6449071699088096,0.1507636968827697,0.07536502001690847,False,True,True,True,True,P1,-0.3761654835169112,0.977675042616442,0.03726760830543021,False,True,False,False,0.8440932069175664,0.0,7.42755994765058,7.31499199530408,0.11256795234649974,0.0,0.11256795234649974,False,False,False,True
test,test_013,M1+M2+M3,target_off,J3_D3_P1_joint,True,True,UNCERTAIN,True,state_uncertain,True,False,phase,1.6449071699088096,0.1507636968827697,0.07536502001690847,False,True,True,True,True,P1,-0.3761654835169112,0.977675042616442,0.03726760830543021,False,True,False,False,0.8440932069175664,0.0,7.42755994765058,7.31499199530408,0.11256795234649974,0.0,0.11256795234649974,False,False,False,True
test,test_013,M1+M2+M3,target_off,J4_D3_P2_joint,True,True,UNCERTAIN,True,state_uncertain,True,False,phase,1.6449071699088096,0.1507636968827697,0.07536502001690847,False,True,True,True,True,P2,-0.3770454309238259,0.978287457955489,0.03671827559655948,False,True,False,False,0.8440932069175664,0.0,7.42755994765058,7.31499199530408,0.11256795234649974,0.0,0.11256795234649974,False,False,False,True
test,test_014,M1,target_on,J1_D3_delay_only,True,False,CALIBRATABLE,False,,False,False,none,1.7848467638967753,0.21446744697374498,0.06884851293456475,False,True,True,True,True,P1,-0.0006010846193356624,0.024307468643567254,0.0025106652600410924,True,True,True,False,0.8589686557142228,0.20775996584850276,17.8728071765122,17.6882446541511,0.1845625223611016,1.1256888082728667,0.1845625223611016,False,False,False,False
test,test_014,M1,target_on,J2_P1_phase_only,True,False,CALIBRATABLE,True,both_components_inside_null_deadband,False,False,none,1.7848467638967753,0.21446744697374498,0.06884851293456475,False,True,True,True,True,P1,-0.0006010846193356624,0.024307468643567254,0.0025106652600410924,True,True,True,False,0.8589686557142228,0.0,17.8728071765122,17.6882446541511,0.1845625223611016,0.0,0.1845625223611016,False,False,False,False
test,test_014,M1,target_on,J3_D3_P1_joint,True,False,CALIBRATABLE,False,,False,False,none,1.7848467638967753,0.21446744697374498,0.06884851293456475,False,True,True,True,True,P1,-0.0006010846193356624,0.024307468643567254,0.0025106652600410924,True,True,True,False,0.8589686557142228,0.20775996584850276,17.8728071765122,17.6882446541511,0.1845625223611016,1.1256888082728667,0.1845625223611016,False,False,False,False
test,test_014,M1,target_on,J4_D3_P2_joint,True,False,CALIBRATABLE,False,,False,False,none,1.7848467638967753,0.21446744697374498,0.06884851293456475,False,True,True,True,True,P2,-0.0005107905881872224,0.07414739346989419,0.0025075274882603365,True,True,True,False,0.8589686557142228,0.20775996584850276,17.8728071765122,17.6882446541511,0.1845625223611016,1.1256888082728667,0.1845625223611016,False,False,False,False
test,test_014,M1,target_off,J1_D3_delay_only,True,False,CALIBRATABLE,False,,False,False,none,1.7702584560736627,0.2119999972795693,0.06879136438507166,False,True,True,True,True,P1,-0.0006041285368585793,0.02464516852635701,0.0025063502848920297,True,True,True,False,0.8589439580001679,0.21162035904890075,17.9500141195257,17.761516359986,0.18849775953970038,1.1226677683897373,0.18849775953970038,False,False,False,False
test,test_014,M1,target_off,J2_P1_phase_only,True,False,CALIBRATABLE,True,both_components_inside_null_deadband,False,False,none,1.7702584560736627,0.2119999972795693,0.06879136438507166,False,True,True,True,True,P1,-0.0006041285368585793,0.02464516852635701,0.0025063502848920297,True,True,True,False,0.8589439580001679,0.0,17.9500141195257,17.761516359986,0.18849775953970038,0.0,0.18849775953970038,False,False,False,False
test,test_014,M1,target_off,J3_D3_P1_joint,True,False,CALIBRATABLE,False,,False,False,none,1.7702584560736627,0.2119999972795693,0.06879136438507166,False,True,True,True,True,P1,-0.0006041285368585793,0.02464516852635701,0.0025063502848920297,True,True,True,False,0.8589439580001679,0.21162035904890075,17.9500141195257,17.761516359986,0.18849775953970038,1.1226677683897373,0.18849775953970038,False,False,False,False
test,test_014,M1,target_off,J4_D3_P2_joint,True,False,CALIBRATABLE,False,,False,False,none,1.7702584560736627,0.2119999972795693,0.06879136438507166,False,True,True,True,True,P2,-0.0005036517854932845,0.07642088156708216,0.0024817544311043997,True,True,True,False,0.8589439580001679,0.21162035904890075,17.9500141195257,17.761516359986,0.18849775953970038,1.1226677683897373,0.18849775953970038,False,False,False,False
test,test_015,M2,target_on,J1_D3_delay_only,False,True,CALIBRATABLE,True,both_components_inside_null_deadband,False,False,none,-0.36891135745275994,0.015400141703699632,0.0894800769983215,True,True,True,True,False,P1,-0.4225874821447842,0.9901084206213675,0.02789905351793762,False,True,True,True,0.8513161955263812,0.0,24.3680369163789,21.9441954593284,2.4238414570505,0.0,2.4238414570505,False,False,False,False
test,test_015,M2,target_on,J2_P1_phase_only,False,True,CALIBRATABLE,False,,False,False,none,-0.36891135745275994,0.015400141703699632,0.0894800769983215,True,True,True,True,False,P1,-0.4225874821447842,0.9901084206213675,0.02789905351793762,False,True,True,True,0.8513161955263812,0.06561624936579946,24.3680369163789,21.9441954593284,2.4238414570505,0.027071180408658375,2.4238414570505,False,False,False,False
test,test_015,M2,target_on,J3_D3_P1_joint,False,True,CALIBRATABLE,False,,False,False,none,-0.36891135745275994,0.015400141703699632,0.0894800769983215,True,True,True,True,False,P1,-0.4225874821447842,0.9901084206213675,0.02789905351793762,False,True,True,True,0.8513161955263812,0.06561624936579946,24.3680369163789,21.9441954593284,2.4238414570505,0.027071180408658375,2.4238414570505,False,False,False,False
test,test_015,M2,target_on,J4_D3_P2_joint,False,True,CALIBRATABLE,False,,False,False,none,-0.36891135745275994,0.015400141703699632,0.0894800769983215,True,True,True,True,False,P2,-0.4223325875113895,0.9902065942758914,0.02774184086158325,False,True,True,True,0.8513161955263812,0.06560301527939671,24.3680369163789,21.9441954593284,2.4238414570505,0.027065720444944884,2.4238414570505,False,False,False,False
test,test_015,M2,target_off,J1_D3_delay_only,False,True,CALIBRATABLE,True,both_components_inside_null_deadband,False,False,none,-0.3689053098579742,0.015395702327389515,0.08949127760020952,True,True,True,True,False,P1,-0.42258711202908444,0.9901068932016641,0.027901036755128998,False,True,True,True,0.8513038383799211,0.0,24.3751852777457,21.9488262001166,2.426359077629101,0.0,2.426359077629101,False,False,False,False
test,test_015,M2,target_off,J2_P1_phase_only,False,True,CALIBRATABLE,False,,False,False,none,-0.3689053098579742,0.015395702327389515,0.08949127760020952,True,True,True,True,False,P1,-0.42258711202908444,0.9901068932016641,0.027901036755128998,False,True,True,True,0.8513038383799211,0.06567884105810151,24.3751852777457,21.9488262001166,2.426359077629101,0.027068887562297295,2.426359077629101,False,False,False,False
test,test_015,M2,target_off,J3_D3_P1_joint,False,True,CALIBRATABLE,False,,False,False,none,-0.3689053098579742,0.015395702327389515,0.08949127760020952,True,True,True,True,False,P1,-0.42258711202908444,0.9901068932016641,0.027901036755128998,False,True,True,True,0.8513038383799211,0.06567884105810151,24.3751852777457,21.9488262001166,2.426359077629101,0.027068887562297295,2.426359077629101,False,False,False,False
test,test_015,M2,target_off,J4_D3_P2_joint,False,True,CALIBRATABLE,False,,False,False,none,-0.3689053098579742,0.015395702327389515,0.08949127760020952,True,True,True,True,False,P2,-0.42233064154283234,0.9902060335683428,0.027742474828350024,False,True,True,True,0.8513038383799211,0.06566554955429993,24.3751852777457,21.9488262001166,2.426359077629101,0.027063409599895057,2.426359077629101,False,False,False,False
test,test_017,M1+M2,target_on,J1_D3_delay_only,True,True,CALIBRATABLE,False,,False,False,none,3.986097805345886,0.5626714145422588,0.06965726446490919,False,True,True,True,True,P1,-0.20352252012950672,0.9997914103456227,0.0018638994010834707,False,True,True,True,0.8506670142099384,1.1227832497602002,22.6602348260567,21.5379889450716,1.1222458809851013,1.0004788333681627,1.1222458809851013,False,False,False,False
test,test_017,M1+M2,target_on,J2_P1_phase_only,True,True,CALIBRATABLE,False,,False,False,none,3.986097805345886,0.5626714145422588,0.06965726446490919,False,True,True,True,True,P1,-0.20352252012950672,0.9997914103456227,0.0018638994010834707,False,True,True,True,0.8506670142099384,0.008471685591199929,22.6602348260567,21.5379889450716,1.1222458809851013,0.007548867618710732,1.1222458809851013,False,False,False,False
test,test_017,M1+M2,target_on,J3_D3_P1_joint,True,True,CALIBRATABLE,False,,False,False,none,3.986097805345886,0.5626714145422588,0.06965726446490919,False,True,True,True,True,P1,-0.20352252012950672,0.9997914103456227,0.0018638994010834707,False,True,True,True,0.8506670142099384,1.1227832497602002,22.6602348260567,21.5379889450716,1.1222458809851013,1.0004788333681627,1.1222458809851013,False,False,False,False
test,test_017,M1+M2,target_on,J4_D3_P2_joint,True,True,CALIBRATABLE,False,,False,False,none,3.986097805345886,0.5626714145422588,0.06965726446490919,False,True,True,True,True,P2,-0.20365519165330873,0.9998063242006671,0.0018218318862772067,False,True,True,True,0.8506670142099384,1.1227832497602002,22.6602348260567,21.5379889450716,1.1222458809851013,1.0004788333681627,1.1222458809851013,False,False,False,False
test,test_017,M1+M2,target_off,J1_D3_delay_only,True,True,CALIBRATABLE,False,,False,False,none,3.9882132899877747,0.5651028378747323,0.06952020824626039,False,True,True,True,True,P1,-0.20351762388703376,0.999788231081236,0.0018781114796401254,False,True,True,True,0.850626558163581,1.1488525883560996,22.7420501319822,21.5924579597287,1.1495921722534987,0.9993566554163731,1.1495921722534987,False,False,False,False
test,test_017,M1+M2,target_off,J2_P1_phase_only,True,True,CALIBRATABLE,False,,False,False,none,3.9882132899877747,0.5651028378747323,0.06952020824626039,False,True,True,True,True,P1,-0.20351762388703376,0.999788231081236,0.0018781114796401254,False,True,True,True,0.850626558163581,0.008583713822996941,22.7420501319822,21.5924579597287,1.1495921722534987,0.007466746930061847,1.1495921722534987,False,False,False,False
test,test_017,M1+M2,target_off,J3_D3_P1_joint,True,True,CALIBRATABLE,False,,False,False,none,3.9882132899877747,0.5651028378747323,0.06952020824626039,False,True,True,True,True,P1,-0.20351762388703376,0.999788231081236,0.0018781114796401254,False,True,True,True,0.850626558163581,1.1488525883560996,22.7420501319822,21.5924579597287,1.1495921722534987,0.9993566554163731,1.1495921722534987,False,False,False,False
test,test_017,M1+M2,target_off,J4_D3_P2_joint,True,True,CALIBRATABLE,False,,False,False,none,3.9882132899877747,0.5651028378747323,0.06952020824626039,False,True,True,True,True,P2,-0.20365709850372835,0.9998047454539443,0.0018296974349134812,False,True,True,True,0.850626558163581,1.1488525883560996,22.7420501319822,21.5924579597287,1.1495921722534987,0.9993566554163731,1.1495921722534987,False,False,False,False
test,test_018,M1+M3,target_on,J1_D3_delay_only,True,False,CALIBRATABLE,False,,False,False,none,5.3924080092728195,0.7336638058437993,0.05915440125171957,False,True,True,True,True,P1,0.006071179125096142,0.019248914879352874,0.027654029485068787,True,True,True,False,0.8245924559220558,0.17147775634624018,7.64760467620428,7.49008452566076,0.15752015054352064,1.0886083828294923,0.15752015054352064,False,False,False,False
test,test_018,M1+M3,target_on,J2_P1_phase_only,True,False,CALIBRATABLE,True,both_components_inside_null_deadband,False,False,none,5.3924080092728195,0.7336638058437993,0.05915440125171957,False,True,True,True,True,P1,0.006071179125096142,0.019248914879352874,0.027654029485068787,True,True,True,False,0.8245924559220558,0.0,7.64760467620428,7.49008452566076,0.15752015054352064,0.0,0.15752015054352064,False,False,False,False
test,test_018,M1+M3,target_on,J3_D3_P1_joint,True,False,CALIBRATABLE,False,,False,False,none,5.3924080092728195,0.7336638058437993,0.05915440125171957,False,True,True,True,True,P1,0.006071179125096142,0.019248914879352874,0.027654029485068787,True,True,True,False,0.8245924559220558,0.17147775634624018,7.64760467620428,7.49008452566076,0.15752015054352064,1.0886083828294923,0.15752015054352064,False,False,False,False
test,test_018,M1+M3,target_on,J4_D3_P2_joint,True,False,UNCERTAIN,True,state_uncertain,True,False,phase,5.3924080092728195,0.7336638058437993,0.05915440125171957,False,True,True,True,True,P2,0.006090775864601406,0.020801937590158914,0.027753537952766714,True,False,True,False,0.8245924559220558,0.0,7.64760467620428,7.49008452566076,0.15752015054352064,0.0,0.15752015054352064,False,False,False,False
test,test_018,M1+M3,target_off,J1_D3_delay_only,True,False,CALIBRATABLE,False,,False,False,none,5.394782901142335,0.7342122359471956,0.05911956520576605,False,True,True,True,True,P1,0.006081703320739188,0.01930507164475681,0.0276605245106699,True,True,True,False,0.8245975026185202,0.17131954506694047,7.64763866538908,7.49022308269654,0.15741558269254075,1.0883264676633477,0.15741558269254075,False,False,False,False
test,test_018,M1+M3,target_off,J2_P1_phase_only,True,False,CALIBRATABLE,True,both_components_inside_null_deadband,False,False,none,5.394782901142335,0.7342122359471956,0.05911956520576605,False,True,True,True,True,P1,0.006081703320739188,0.01930507164475681,0.0276605245106699,True,True,True,False,0.8245975026185202,0.0,7.64763866538908,7.49022308269654,0.15741558269254075,0.0,0.15741558269254075,False,False,False,False
test,test_018,M1+M3,target_off,J3_D3_P1_joint,True,False,CALIBRATABLE,False,,False,False,none,5.394782901142335,0.7342122359471956,0.05911956520576605,False,True,True,True,True,P1,0.006081703320739188,0.01930507164475681,0.0276605245106699,True,True,True,False,0.8245975026185202,0.17131954506694047,7.64763866538908,7.49022308269654,0.15741558269254075,1.0883264676633477,0.15741558269254075,False,False,False,False
test,test_018,M1+M3,target_off,J4_D3_P2_joint,True,False,UNCERTAIN,True,state_uncertain,True,False,phase,5.394782901142335,0.7342122359471956,0.05911956520576605,False,True,True,True,True,P2,0.006103692512761294,0.02084067701695891,0.027763364661548995,True,False,True,False,0.8245975026185202,0.0,7.64763866538908,7.49022308269654,0.15741558269254075,0.0,0.15741558269254075,False,False,False,False
test,test_019,M2+M3,target_on,J1_D3_delay_only,False,True,UNCERTAIN,True,state_uncertain,True,False,phase,-0.08819678682123722,0.0009564353004938297,0.06398851060754954,True,True,True,True,False,P1,-0.16950108039968004,0.8776820271883694,0.04172930283494367,False,True,False,False,0.8857430182052417,0.0,10.7855408976149,10.6954764863202,0.09006441129470133,0.0,0.09006441129470133,False,False,False,True
test,test_019,M2+M3,target_on,J2_P1_phase_only,False,True,UNCERTAIN,True,state_uncertain,True,False,phase,-0.08819678682123722,0.0009564353004938297,0.06398851060754954,True,True,True,True,False,P1,-0.16950108039968004,0.8776820271883694,0.04172930283494367,False,True,False,False,0.8857430182052417,0.0,10.7855408976149,10.6954764863202,0.09006441129470133,0.0,0.09006441129470133,False,False,False,True
test,test_019,M2+M3,target_on,J3_D3_P1_joint,False,True,UNCERTAIN,True,state_uncertain,True,False,phase,-0.08819678682123722,0.0009564353004938297,0.06398851060754954,True,True,True,True,False,P1,-0.16950108039968004,0.8776820271883694,0.04172930283494367,False,True,False,False,0.8857430182052417,0.0,10.7855408976149,10.6954764863202,0.09006441129470133,0.0,0.09006441129470133,False,False,False,True
test,test_019,M2+M3,target_on,J4_D3_P2_joint,False,True,UNCERTAIN,True,state_uncertain,True,False,phase,-0.08819678682123722,0.0009564353004938297,0.06398851060754954,True,True,True,True,False,P2,-0.1697548862933417,0.8804393323981647,0.041312023762908004,False,True,False,False,0.8857430182052417,0.0,10.7855408976149,10.6954764863202,0.09006441129470133,0.0,0.09006441129470133,False,False,False,True
test,test_019,M2+M3,target_off,J1_D3_delay_only,False,True,UNCERTAIN,True,state_uncertain,True,False,phase,-0.09078507772115871,0.0010082187938460496,0.06403950542384129,True,True,True,True,False,P1,-0.1695010818150107,0.8776381756403318,0.04173768173812268,False,True,False,False,0.8857334361679792,0.0,10.7856301656575,10.6955024831304,0.09012768252709868,0.0,0.09012768252709868,False,False,False,True
test,test_019,M2+M3,target_off,J2_P1_phase_only,False,True,UNCERTAIN,True,state_uncertain,True,False,phase,-0.09078507772115871,0.0010082187938460496,0.06403950542384129,True,True,True,True,False,P1,-0.1695010818150107,0.8776381756403318,0.04173768173812268,False,True,False,False,0.8857334361679792,0.0,10.7856301656575,10.6955024831304,0.09012768252709868,0.0,0.09012768252709868,False,False,False,True
test,test_019,M2+M3,target_off,J3_D3_P1_joint,False,True,UNCERTAIN,True,state_uncertain,True,False,phase,-0.09078507772115871,0.0010082187938460496,0.06403950542384129,True,True,True,True,False,P1,-0.1695010818150107,0.8776381756403318,0.04173768173812268,False,True,False,False,0.8857334361679792,0.0,10.7856301656575,10.6955024831304,0.09012768252709868,0.0,0.09012768252709868,False,False,False,True
test,test_019,M2+M3,target_off,J4_D3_P2_joint,False,True,UNCERTAIN,True,state_uncertain,True,False,phase,-0.09078507772115871,0.0010082187938460496,0.06403950542384129,True,True,True,True,False,P2,-0.16975496580423116,0.8804032613811916,0.04131900954331977,False,True,False,False,0.8857334361679792,0.0,10.7856301656575,10.6955024831304,0.09012768252709868,0.0,0.09012768252709868,False,False,False,True
test,test_020,M1+M2+M3,target_on,J1_D3_delay_only,True,True,UNCERTAIN,True,state_uncertain,True,False,phase,6.304289684958295,0.6420637798343491,0.08534727628880116,False,True,True,True,True,P1,-0.5608661607608993,0.9911044159709986,0.034794805020588467,False,True,False,False,0.8168120202856408,0.0,7.5753037831125,7.08870739299079,0.4865963901217105,0.0,0.4865963901217105,False,False,False,True
test,test_020,M1+M2+M3,target_on,J2_P1_phase_only,True,True,UNCERTAIN,True,state_uncertain,True,False,phase,6.304289684958295,0.6420637798343491,0.08534727628880116,False,True,True,True,True,P1,-0.5608661607608993,0.9911044159709986,0.034794805020588467,False,True,False,False,0.8168120202856408,0.0,7.5753037831125,7.08870739299079,0.4865963901217105,0.0,0.4865963901217105,False,False,False,True
test,test_020,M1+M2+M3,target_on,J3_D3_P1_joint,True,True,UNCERTAIN,True,state_uncertain,True,False,phase,6.304289684958295,0.6420637798343491,0.08534727628880116,False,True,True,True,True,P1,-0.5608661607608993,0.9911044159709986,0.034794805020588467,False,True,False,False,0.8168120202856408,0.0,7.5753037831125,7.08870739299079,0.4865963901217105,0.0,0.4865963901217105,False,False,False,True
test,test_020,M1+M2+M3,target_on,J4_D3_P2_joint,True,True,UNCERTAIN,True,state_uncertain,True,False,phase,6.304289684958295,0.6420637798343491,0.08534727628880116,False,True,True,True,True,P2,-0.5601849363383358,0.9919229760719265,0.03319047372408767,False,True,False,False,0.8168120202856408,0.0,7.5753037831125,7.08870739299079,0.4865963901217105,0.0,0.4865963901217105,False,False,False,True
test,test_020,M1+M2+M3,target_off,J1_D3_delay_only,True,True,UNCERTAIN,True,state_uncertain,True,False,phase,6.304956272130758,0.6429172388211286,0.08521316034085832,False,True,True,True,True,P1,-0.5608637119449291,0.9910937620517963,0.0348134591365903,False,True,False,False,0.8167506357273828,0.0,7.57532033547322,7.08862165100312,0.4866986844701007,0.0,0.4866986844701007,False,False,False,True
test,test_020,M1+M2+M3,target_off,J2_P1_phase_only,True,True,UNCERTAIN,True,state_uncertain,True,False,phase,6.304956272130758,0.6429172388211286,0.08521316034085832,False,True,True,True,True,P1,-0.5608637119449291,0.9910937620517963,0.0348134591365903,False,True,False,False,0.8167506357273828,0.0,7.57532033547322,7.08862165100312,0.4866986844701007,0.0,0.4866986844701007,False,False,False,True
test,test_020,M1+M2+M3,target_off,J3_D3_P1_joint,True,True,UNCERTAIN,True,state_uncertain,True,False,phase,6.304956272130758,0.6429172388211286,0.08521316034085832,False,True,True,True,True,P1,-0.5608637119449291,0.9910937620517963,0.0348134591365903,False,True,False,False,0.8167506357273828,0.0,7.57532033547322,7.08862165100312,0.4866986844701007,0.0,0.4866986844701007,False,False,False,True
test,test_020,M1+M2+M3,target_off,J4_D3_P2_joint,True,True,UNCERTAIN,True,state_uncertain,True,False,phase,6.304956272130758,0.6429172388211286,0.08521316034085832,False,True,True,True,True,P2,-0.5601811396166365,0.9919281715796552,0.03318005017531404,False,True,False,False,0.8167506357273828,0.0,7.57532033547322,7.08862165100312,0.4866986844701007,0.0,0.4866986844701007,False,False,False,True
test,test_021,M1,target_on,J1_D3_delay_only,True,False,CALIBRATABLE,False,,False,False,none,1.259163255969163,0.14500707402780388,0.06809274459364222,False,True,True,True,True,P1,0.0005185080442128935,0.06496690875710787,0.001268099102255756,True,True,True,False,0.8716091947502772,-0.01611114878780029,24.2309603100646,24.3910350535675,-0.16007474350289996,nan,-0.16007474350289996,False,False,False,False
test,test_021,M1,target_on,J2_P1_phase_only,True,False,CALIBRATABLE,True,both_components_inside_null_deadband,False,False,none,1.259163255969163,0.14500707402780388,0.06809274459364222,False,True,True,True,True,P1,0.0005185080442128935,0.06496690875710787,0.001268099102255756,True,True,True,False,0.8716091947502772,0.0,24.2309603100646,24.3910350535675,-0.16007474350289996,nan,-0.16007474350289996,False,False,False,False
test,test_021,M1,target_on,J3_D3_P1_joint,True,False,CALIBRATABLE,False,,False,False,none,1.259163255969163,0.14500707402780388,0.06809274459364222,False,True,True,True,True,P1,0.0005185080442128935,0.06496690875710787,0.001268099102255756,True,True,True,False,0.8716091947502772,-0.01611114878780029,24.2309603100646,24.3910350535675,-0.16007474350289996,nan,-0.16007474350289996,False,False,False,False
test,test_021,M1,target_on,J4_D3_P2_joint,True,False,CALIBRATABLE,False,,False,False,none,1.259163255969163,0.14500707402780388,0.06809274459364222,False,True,True,True,True,P2,0.0005366674783695916,0.08247812274699406,0.0012593660599272741,True,True,True,False,0.8716091947502772,-0.01611114878780029,24.2309603100646,24.3910350535675,-0.16007474350289996,nan,-0.16007474350289996,False,False,False,False
test,test_021,M1,target_off,J1_D3_delay_only,True,False,CALIBRATABLE,False,,False,False,none,1.259176555705834,0.14503693945349627,0.06808628145833776,False,True,True,True,True,P1,0.0005149487197952683,0.06416941202796822,0.0012676919055981358,True,True,True,False,0.871627758553342,-0.016090849870199264,24.2311300437808,24.3911793262994,-0.1600492825185995,nan,-0.1600492825185995,False,False,False,False
test,test_021,M1,target_off,J2_P1_phase_only,True,False,CALIBRATABLE,True,both_components_inside_null_deadband,False,False,none,1.259176555705834,0.14503693945349627,0.06808628145833776,False,True,True,True,True,P1,0.0005149487197952683,0.06416941202796822,0.0012676919055981358,True,True,True,False,0.871627758553342,0.0,24.2311300437808,24.3911793262994,-0.1600492825185995,nan,-0.1600492825185995,False,False,False,False
test,test_021,M1,target_off,J3_D3_P1_joint,True,False,CALIBRATABLE,False,,False,False,none,1.259176555705834,0.14503693945349627,0.06808628145833776,False,True,True,True,True,P1,0.0005149487197952683,0.06416941202796822,0.0012676919055981358,True,True,True,False,0.871627758553342,-0.016090849870199264,24.2311300437808,24.3911793262994,-0.1600492825185995,nan,-0.1600492825185995,False,False,False,False
test,test_021,M1,target_off,J4_D3_P2_joint,True,False,CALIBRATABLE,False,,False,False,none,1.259176555705834,0.14503693945349627,0.06808628145833776,False,True,True,True,True,P2,0.0005343313379668254,0.08214994803681352,0.0012562300083055198,True,True,True,False,0.871627758553342,-0.016090849870199264,24.2311300437808,24.3911793262994,-0.1600492825185995,nan,-0.1600492825185995,False,False,False,False
test,test_022,M2,target_on,J1_D3_delay_only,False,True,UNCERTAIN,True,state_uncertain,True,False,delay,-0.0033028899068291793,6.562983194680072e-07,0.08822373206802972,True,False,True,True,False,P1,-0.46274830618098606,0.9998868685303296,0.0031857774472144745,False,True,True,True,0.8796517999778074,0.0,23.200266993924,17.2554992590598,5.9447677348642,0.0,5.9447677348642,True,True,False,False
test,test_022,M2,target_on,J2_P1_phase_only,False,True,UNCERTAIN,True,state_uncertain,True,False,delay,-0.0033028899068291793,6.562983194680072e-07,0.08822373206802972,True,False,True,True,False,P1,-0.46274830618098606,0.9998868685303296,0.0031857774472144745,False,True,True,True,0.8796517999778074,0.0,23.200266993924,17.2554992590598,5.9447677348642,0.0,5.9447677348642,True,True,False,False
test,test_022,M2,target_on,J3_D3_P1_joint,False,True,UNCERTAIN,True,state_uncertain,True,False,delay,-0.0033028899068291793,6.562983194680072e-07,0.08822373206802972,True,False,True,True,False,P1,-0.46274830618098606,0.9998868685303296,0.0031857774472144745,False,True,True,True,0.8796517999778074,0.0,23.200266993924,17.2554992590598,5.9447677348642,0.0,5.9447677348642,True,True,False,False
test,test_022,M2,target_on,J4_D3_P2_joint,False,True,UNCERTAIN,True,state_uncertain,True,False,delay,-0.0033028899068291793,6.562983194680072e-07,0.08822373206802972,True,False,True,True,False,P2,-0.46275163487495363,0.999885450772889,0.003202235873894056,False,True,True,True,0.8796517999778074,0.0,23.200266993924,17.2554992590598,5.9447677348642,0.0,5.9447677348642,True,True,False,False
test,test_022,M2,target_off,J1_D3_delay_only,False,True,UNCERTAIN,True,state_uncertain,True,False,delay,-0.0033484021910000343,6.744812067749351e-07,0.08822550564016152,True,False,True,True,False,P1,-0.46274672825090013,0.9998862424060411,0.003193585425960658,False,True,True,True,0.8796491796743537,0.0,23.1994461174936,17.2555619937465,5.9438841237471,0.0,5.9438841237471,True,True,False,False
test,test_022,M2,target_off,J2_P1_phase_only,False,True,UNCERTAIN,True,state_uncertain,True,False,delay,-0.0033484021910000343,6.744812067749351e-07,0.08822550564016152,True,False,True,True,False,P1,-0.46274672825090013,0.9998862424060411,0.003193585425960658,False,True,True,True,0.8796491796743537,0.0,23.1994461174936,17.2555619937465,5.9438841237471,0.0,5.9438841237471,True,True,False,False
test,test_022,M2,target_off,J3_D3_P1_joint,False,True,UNCERTAIN,True,state_uncertain,True,False,delay,-0.0033484021910000343,6.744812067749351e-07,0.08822550564016152,True,False,True,True,False,P1,-0.46274672825090013,0.9998862424060411,0.003193585425960658,False,True,True,True,0.8796491796743537,0.0,23.1994461174936,17.2555619937465,5.9438841237471,0.0,5.9438841237471,True,True,False,False
test,test_022,M2,target_off,J4_D3_P2_joint,False,True,UNCERTAIN,True,state_uncertain,True,False,delay,-0.0033484021910000343,6.744812067749351e-07,0.08822550564016152,True,False,True,True,False,P2,-0.46275167126159134,0.9998855720983695,0.003200401049377297,False,True,True,True,0.8796491796743537,0.0,23.1994461174936,17.2555619937465,5.9438841237471,0.0,5.9438841237471,True,True,False,False
test,test_024,M1+M2,target_on,J1_D3_delay_only,True,True,DECORRELATED,True,state_decorrelated,False,True,coherence,7.947420298010176,0.7744948664978999,0.08174512488892563,False,True,True,True,False,P1,-0.14918496278898152,0.9959529829941174,0.006100698266761364,False,True,True,False,0.7983133371484235,0.0,16.9897854994248,14.0629849297057,2.926800569719102,0.0,2.926800569719102,False,False,True,True
test,test_024,M1+M2,target_on,J2_P1_phase_only,True,True,DECORRELATED,True,state_decorrelated,False,True,coherence,7.947420298010176,0.7744948664978999,0.08174512488892563,False,True,True,True,False,P1,-0.14918496278898152,0.9959529829941174,0.006100698266761364,False,True,True,False,0.7983133371484235,0.0,16.9897854994248,14.0629849297057,2.926800569719102,0.0,2.926800569719102,False,False,True,True
test,test_024,M1+M2,target_on,J3_D3_P1_joint,True,True,DECORRELATED,True,state_decorrelated,False,True,coherence,7.947420298010176,0.7744948664978999,0.08174512488892563,False,True,True,True,False,P1,-0.14918496278898152,0.9959529829941174,0.006100698266761364,False,True,True,False,0.7983133371484235,0.0,16.9897854994248,14.0629849297057,2.926800569719102,0.0,2.926800569719102,False,False,True,True
test,test_024,M1+M2,target_on,J4_D3_P2_joint,True,True,DECORRELATED,True,state_decorrelated,False,True,coherence,7.947420298010176,0.7744948664978999,0.08174512488892563,False,True,True,True,False,P2,-0.14882063592901357,0.9962864352889046,0.005849269406996148,False,True,True,False,0.7983133371484235,0.0,16.9897854994248,14.0629849297057,2.926800569719102,0.0,2.926800569719102,False,False,True,True
test,test_024,M1+M2,target_off,J1_D3_delay_only,True,True,DECORRELATED,True,state_decorrelated,False,True,coherence,7.9474812849082515,0.774426709741058,0.08176066210830014,False,True,True,True,False,P1,-0.14917992797940788,0.995924875218196,0.006122869929206764,False,True,True,False,0.7982838126864209,0.0,17.3370858481461,14.2409039055547,3.0961819425913983,0.0,3.0961819425913983,False,False,True,True
test,test_024,M1+M2,target_off,J2_P1_phase_only,True,True,DECORRELATED,True,state_decorrelated,False,True,coherence,7.9474812849082515,0.774426709741058,0.08176066210830014,False,True,True,True,False,P1,-0.14917992797940788,0.995924875218196,0.006122869929206764,False,True,True,False,0.7982838126864209,0.0,17.3370858481461,14.2409039055547,3.0961819425913983,0.0,3.0961819425913983,False,False,True,True
test,test_024,M1+M2,target_off,J3_D3_P1_joint,True,True,DECORRELATED,True,state_decorrelated,False,True,coherence,7.9474812849082515,0.774426709741058,0.08176066210830014,False,True,True,True,False,P1,-0.14917992797940788,0.995924875218196,0.006122869929206764,False,True,True,False,0.7982838126864209,0.0,17.3370858481461,14.2409039055547,3.0961819425913983,0.0,3.0961819425913983,False,False,True,True
test,test_024,M1+M2,target_off,J4_D3_P2_joint,True,True,DECORRELATED,True,state_decorrelated,False,True,coherence,7.9474812849082515,0.774426709741058,0.08176066210830014,False,True,True,True,False,P2,-0.14884166970225093,0.996247361010573,0.005881363508007722,False,True,True,False,0.7982838126864209,0.0,17.3370858481461,14.2409039055547,3.0961819425913983,0.0,3.0961819425913983,False,False,True,True
test,test_025,M1+M3,target_on,J1_D3_delay_only,True,False,UNCERTAIN,True,state_uncertain,True,False,phase,3.3998782887132735,0.3997776326870367,0.07863749195615011,False,True,True,True,True,P1,0.000525463721810791,6.0661002916351237e-05,0.04260871372819472,True,False,False,False,0.8201728660431147,0.0,8.91924167124678,8.91493796604546,0.00430370520131973,0.0,0.00430370520131973,False,False,False,False
test,test_025,M1+M3,target_on,J2_P1_phase_only,True,False,UNCERTAIN,True,state_uncertain,True,False,phase,3.3998782887132735,0.3997776326870367,0.07863749195615011,False,True,True,True,True,P1,0.000525463721810791,6.0661002916351237e-05,0.04260871372819472,True,False,False,False,0.8201728660431147,0.0,8.91924167124678,8.91493796604546,0.00430370520131973,0.0,0.00430370520131973,False,False,False,False
test,test_025,M1+M3,target_on,J3_D3_P1_joint,True,False,UNCERTAIN,True,state_uncertain,True,False,phase,3.3998782887132735,0.3997776326870367,0.07863749195615011,False,True,True,True,True,P1,0.000525463721810791,6.0661002916351237e-05,0.04260871372819472,True,False,False,False,0.8201728660431147,0.0,8.91924167124678,8.91493796604546,0.00430370520131973,0.0,0.00430370520131973,False,False,False,False
test,test_025,M1+M3,target_on,J4_D3_P2_joint,True,False,UNCERTAIN,True,state_uncertain,True,False,phase,3.3998782887132735,0.3997776326870367,0.07863749195615011,False,True,True,True,True,P2,0.00017409391796884867,0.03282377286993632,0.04199744586545208,True,False,False,False,0.8201728660431147,0.0,8.91924167124678,8.91493796604546,0.00430370520131973,0.0,0.00430370520131973,False,False,False,False
test,test_025,M1+M3,target_off,J1_D3_delay_only,True,False,UNCERTAIN,True,state_uncertain,True,False,phase,3.4113443478119607,0.3982830915893213,0.07900354784382195,False,True,True,True,True,P1,0.0005817319491338423,7.429398509994911e-05,0.042617307212541554,True,False,False,False,0.820236416633964,0.0,8.91852968691194,8.91413564673188,0.004394040180059733,0.0,0.004394040180059733,False,False,False,False
test,test_025,M1+M3,target_off,J2_P1_phase_only,True,False,UNCERTAIN,True,state_uncertain,True,False,phase,3.4113443478119607,0.3982830915893213,0.07900354784382195,False,True,True,True,True,P1,0.0005817319491338423,7.429398509994911e-05,0.042617307212541554,True,False,False,False,0.820236416633964,0.0,8.91852968691194,8.91413564673188,0.004394040180059733,0.0,0.004394040180059733,False,False,False,False
test,test_025,M1+M3,target_off,J3_D3_P1_joint,True,False,UNCERTAIN,True,state_uncertain,True,False,phase,3.4113443478119607,0.3982830915893213,0.07900354784382195,False,True,True,True,True,P1,0.0005817319491338423,7.429398509994911e-05,0.042617307212541554,True,False,False,False,0.820236416633964,0.0,8.91852968691194,8.91413564673188,0.004394040180059733,0.0,0.004394040180059733,False,False,False,False
test,test_025,M1+M3,target_off,J4_D3_P2_joint,True,False,UNCERTAIN,True,state_uncertain,True,False,phase,3.4113443478119607,0.3982830915893213,0.07900354784382195,False,True,True,True,True,P2,0.00022439875734622854,0.032621268533663206,0.042044687679650215,True,False,False,False,0.820236416633964,0.0,8.91852968691194,8.91413564673188,0.004394040180059733,0.0,0.004394040180059733,False,False,False,False
test,test_026,M2+M3,target_on,J1_D3_delay_only,False,True,CALIBRATABLE,True,both_components_inside_null_deadband,False,False,none,-0.15621348887044945,0.0014956419833077605,0.09056333031052394,True,True,True,True,False,P1,-0.5615199911063438,0.9921452727422038,0.03181162998770196,False,True,True,True,0.861889832565436,0.0,8.22023411850402,7.70004128272777,0.5201928357762506,0.0,0.5201928357762506,False,False,False,False
test,test_026,M2+M3,target_on,J2_P1_phase_only,False,True,CALIBRATABLE,False,,False,False,none,-0.15621348887044945,0.0014956419833077605,0.09056333031052394,True,True,True,True,False,P1,-0.5615199911063438,0.9921452727422038,0.03181162998770196,False,True,True,True,0.861889832565436,0.015459126107770338,8.22023411850402,7.70004128272777,0.5201928357762506,0.02971806807893013,0.5201928357762506,False,False,False,False
test,test_026,M2+M3,target_on,J3_D3_P1_joint,False,True,CALIBRATABLE,False,,False,False,none,-0.15621348887044945,0.0014956419833077605,0.09056333031052394,True,True,True,True,False,P1,-0.5615199911063438,0.9921452727422038,0.03181162998770196,False,True,True,True,0.861889832565436,0.015459126107770338,8.22023411850402,7.70004128272777,0.5201928357762506,0.02971806807893013,0.5201928357762506,False,False,False,False
test,test_026,M2+M3,target_on,J4_D3_P2_joint,False,True,CALIBRATABLE,False,,False,False,none,-0.15621348887044945,0.0014956419833077605,0.09056333031052394,True,True,True,True,False,P2,-0.5618157194654585,0.992257979804332,0.03154603642607773,False,True,True,True,0.861889832565436,0.015465206468149972,8.22023411850402,7.70004128272777,0.5201928357762506,0.02972975674505826,0.5201928357762506,False,False,False,False
test,test_026,M2+M3,target_off,J1_D3_delay_only,False,True,CALIBRATABLE,True,both_components_inside_null_deadband,False,False,none,-0.13801886425924018,0.0011554512945346485,0.09086656736945596,True,True,True,True,False,P1,-0.5614951590136464,0.9921493217345398,0.03180190238870556,False,True,True,True,0.8618741046046222,0.0,8.21972910763377,7.69907286382024,0.5206562438135292,0.0,0.5206562438135292,False,False,False,False
test,test_026,M2+M3,target_off,J2_P1_phase_only,False,True,CALIBRATABLE,False,,False,False,none,-0.13801886425924018,0.0011554512945346485,0.09086656736945596,True,True,True,True,False,P1,-0.5614951590136464,0.9921493217345398,0.03180190238870556,False,True,True,True,0.8618741046046222,0.015645557735829208,8.21972910763377,7.69907286382024,0.5206562438135292,0.030049688103678248,0.5206562438135292,False,False,False,False
test,test_026,M2+M3,target_off,J3_D3_P1_joint,False,True,CALIBRATABLE,False,,False,False,none,-0.13801886425924018,0.0011554512945346485,0.09086656736945596,True,True,True,True,False,P1,-0.5614951590136464,0.9921493217345398,0.03180190238870556,False,True,True,True,0.8618741046046222,0.015645557735829208,8.21972910763377,7.69907286382024,0.5206562438135292,0.030049688103678248,0.5206562438135292,False,False,False,False
test,test_026,M2+M3,target_off,J4_D3_P2_joint,False,True,CALIBRATABLE,False,,False,False,none,-0.13801886425924018,0.0011554512945346485,0.09086656736945596,True,True,True,True,False,P2,-0.561791823958411,0.9922629106930976,0.031534192028631274,False,True,True,True,0.8618741046046222,0.015651873908929304,8.21972910763377,7.69907286382024,0.5206562438135292,0.030061819280774737,0.5206562438135292,False,False,False,False
test,test_027,M1+M2+M3,target_on,J1_D3_delay_only,True,True,UNCERTAIN,True,state_uncertain,True,False,phase,4.3090490524546565,0.5099640146883138,0.0771871144302809,False,True,True,True,True,P1,-0.32694977104367706,0.9361041503485037,0.05807844982052631,False,True,False,False,0.8244369450993541,0.0,10.4702709415115,9.72610979009404,0.74416115141746,0.0,0.74416115141746,True,False,False,True
test,test_027,M1+M2+M3,target_on,J2_P1_phase_only,True,True,UNCERTAIN,True,state_uncertain,True,False,phase,4.3090490524546565,0.5099640146883138,0.0771871144302809,False,True,True,True,True,P1,-0.32694977104367706,0.9361041503485037,0.05807844982052631,False,True,False,False,0.8244369450993541,0.0,10.4702709415115,9.72610979009404,0.74416115141746,0.0,0.74416115141746,True,False,False,True
test,test_027,M1+M2+M3,target_on,J3_D3_P1_joint,True,True,UNCERTAIN,True,state_uncertain,True,False,phase,4.3090490524546565,0.5099640146883138,0.0771871144302809,False,True,True,True,True,P1,-0.32694977104367706,0.9361041503485037,0.05807844982052631,False,True,False,False,0.8244369450993541,0.0,10.4702709415115,9.72610979009404,0.74416115141746,0.0,0.74416115141746,True,False,False,True
test,test_027,M1+M2+M3,target_on,J4_D3_P2_joint,True,True,UNCERTAIN,True,state_uncertain,True,False,phase,4.3090490524546565,0.5099640146883138,0.0771871144302809,False,True,True,True,True,P2,-0.3276983975738562,0.9369433959287132,0.05775397189432022,False,True,False,False,0.8244369450993541,0.0,10.4702709415115,9.72610979009404,0.74416115141746,0.0,0.74416115141746,True,False,False,True
test,test_027,M1+M2+M3,target_off,J1_D3_delay_only,True,True,UNCERTAIN,True,state_uncertain,True,False,phase,4.287626719735355,0.5068305085477578,0.07718006293913819,False,True,True,True,True,P1,-0.32694704009619374,0.9361003277071271,0.05808115644689554,False,True,False,False,0.8244886348604372,0.0,10.4702862265354,9.72611190617606,0.7441743203593401,0.0,0.7441743203593401,True,False,False,True
test,test_027,M1+M2+M3,target_off,J2_P1_phase_only,True,True,UNCERTAIN,True,state_uncertain,True,False,phase,4.287626719735355,0.5068305085477578,0.07718006293913819,False,True,True,True,True,P1,-0.32694704009619374,0.9361003277071271,0.05808115644689554,False,True,False,False,0.8244886348604372,0.0,10.4702862265354,9.72611190617606,0.7441743203593401,0.0,0.7441743203593401,True,False,False,True
test,test_027,M1+M2+M3,target_off,J3_D3_P1_joint,True,True,UNCERTAIN,True,state_uncertain,True,False,phase,4.287626719735355,0.5068305085477578,0.07718006293913819,False,True,True,True,True,P1,-0.32694704009619374,0.9361003277071271,0.05808115644689554,False,True,False,False,0.8244886348604372,0.0,10.4702862265354,9.72611190617606,0.7441743203593401,0.0,0.7441743203593401,True,False,False,True
test,test_027,M1+M2+M3,target_off,J4_D3_P2_joint,True,True,UNCERTAIN,True,state_uncertain,True,False,phase,4.287626719735355,0.5068305085477578,0.07718006293913819,False,True,True,True,True,P2,-0.3277064500920015,0.9369147648715236,0.05776833722274863,False,True,False,False,0.8244886348604372,0.0,10.4702862265354,9.72611190617606,0.7441743203593401,0.0,0.7441743203593401,True,False,False,True
test,test_028,M1,target_on,J1_D3_delay_only,True,False,UNCERTAIN,True,state_uncertain,True,False,delay,3.5580367861445334,0.34063602437791174,0.09709852893566442,False,True,False,True,False,P1,-0.0018482158977465844,0.3041592555477808,0.0018168032243219483,True,True,True,False,0.8295739215358732,0.0,23.2515436513999,22.9466705432789,0.30487310812100077,0.0,0.30487310812100077,False,False,True,False
test,test_028,M1,target_on,J2_P1_phase_only,True,False,UNCERTAIN,True,state_uncertain,True,False,delay,3.5580367861445334,0.34063602437791174,0.09709852893566442,False,True,False,True,False,P1,-0.0018482158977465844,0.3041592555477808,0.0018168032243219483,True,True,True,False,0.8295739215358732,0.0,23.2515436513999,22.9466705432789,0.30487310812100077,0.0,0.30487310812100077,False,False,True,False
test,test_028,M1,target_on,J3_D3_P1_joint,True,False,UNCERTAIN,True,state_uncertain,True,False,delay,3.5580367861445334,0.34063602437791174,0.09709852893566442,False,True,False,True,False,P1,-0.0018482158977465844,0.3041592555477808,0.0018168032243219483,True,True,True,False,0.8295739215358732,0.0,23.2515436513999,22.9466705432789,0.30487310812100077,0.0,0.30487310812100077,False,False,True,False
test,test_028,M1,target_on,J4_D3_P2_joint,True,False,UNCERTAIN,True,state_uncertain,True,False,delay,3.5580367861445334,0.34063602437791174,0.09709852893566442,False,True,False,True,False,P2,-0.0018464092077236554,0.3092965152646384,0.0018007348803627176,True,True,True,False,0.8295739215358732,0.0,23.2515436513999,22.9466705432789,0.30487310812100077,0.0,0.30487310812100077,False,False,True,False
test,test_028,M1,target_off,J1_D3_delay_only,True,False,UNCERTAIN,True,state_uncertain,True,False,delay,3.5579094625229146,0.34065869952507555,0.0970912841243948,False,True,False,True,False,P1,-0.0018534341628841878,0.3046092855881065,0.00181986260442086,True,True,True,False,0.8295437062956024,0.0,23.255579295725,22.9499225265937,0.3056567691312999,0.0,0.3056567691312999,False,False,True,False
test,test_028,M1,target_off,J2_P1_phase_only,True,False,UNCERTAIN,True,state_uncertain,True,False,delay,3.5579094625229146,0.34065869952507555,0.0970912841243948,False,True,False,True,False,P1,-0.0018534341628841878,0.3046092855881065,0.00181986260442086,True,True,True,False,0.8295437062956024,0.0,23.255579295725,22.9499225265937,0.3056567691312999,0.0,0.3056567691312999,False,False,True,False
test,test_028,M1,target_off,J3_D3_P1_joint,True,False,UNCERTAIN,True,state_uncertain,True,False,delay,3.5579094625229146,0.34065869952507555,0.0970912841243948,False,True,False,True,False,P1,-0.0018534341628841878,0.3046092855881065,0.00181986260442086,True,True,True,False,0.8295437062956024,0.0,23.255579295725,22.9499225265937,0.3056567691312999,0.0,0.3056567691312999,False,False,True,False
test,test_028,M1,target_off,J4_D3_P2_joint,True,False,UNCERTAIN,True,state_uncertain,True,False,delay,3.5579094625229146,0.34065869952507555,0.0970912841243948,False,True,False,True,False,P2,-0.001851842030802983,0.30961165250256384,0.0018047269291575948,True,True,True,False,0.8295437062956024,0.0,23.255579295725,22.9499225265937,0.3056567691312999,0.0,0.3056567691312999,False,False,True,False
test,test_029,M2,target_on,J1_D3_delay_only,False,True,CALIBRATABLE,True,both_components_inside_null_deadband,False,False,none,0.27337703262143975,0.010397148116471189,0.06824716779294282,True,True,True,True,False,P1,-0.10350945621597557,0.997692706758704,0.0032429418703725592,False,True,True,True,0.8939277130624463,0.0,23.7371315847925,23.5533626180608,0.1837689667317015,0.0,0.1837689667317015,False,False,False,False
test,test_029,M2,target_on,J2_P1_phase_only,False,True,CALIBRATABLE,False,,False,False,none,0.27337703262143975,0.010397148116471189,0.06824716779294282,True,True,True,True,False,P1,-0.10350945621597557,0.997692706758704,0.0032429418703725592,False,True,True,True,0.8939277130624463,0.004656045557002386,23.7371315847925,23.5533626180608,0.1837689667317015,0.02533640820759528,0.1837689667317015,False,False,False,False
test,test_029,M2,target_on,J3_D3_P1_joint,False,True,CALIBRATABLE,False,,False,False,none,0.27337703262143975,0.010397148116471189,0.06824716779294282,True,True,True,True,False,P1,-0.10350945621597557,0.997692706758704,0.0032429418703725592,False,True,True,True,0.8939277130624463,0.004656045557002386,23.7371315847925,23.5533626180608,0.1837689667317015,0.02533640820759528,0.1837689667317015,False,False,False,False
test,test_029,M2,target_on,J4_D3_P2_joint,False,True,CALIBRATABLE,False,,False,False,none,0.27337703262143975,0.010397148116471189,0.06824716779294282,True,True,True,True,False,P2,-0.10358022788408242,0.9978763342965923,0.0031112128104210835,False,True,True,True,0.8939277130624463,0.004724509275700228,23.7371315847925,23.5533626180608,0.1837689667317015,0.025708961418920658,0.1837689667317015,False,False,False,False
test,test_029,M2,target_off,J1_D3_delay_only,False,True,CALIBRATABLE,True,both_components_inside_null_deadband,False,False,none,0.27263759042355196,0.010379932911511958,0.06817903929183809,True,True,True,True,False,P1,-0.10351961464288231,0.9977105016356641,0.0032313925577328404,False,True,True,True,0.8938661951788055,0.0,23.7488750209409,23.5644877494188,0.18438727152210177,0.0,0.18438727152210177,False,False,False,False
test,test_029,M2,target_off,J2_P1_phase_only,False,True,CALIBRATABLE,False,,False,False,none,0.27263759042355196,0.010379932911511958,0.06817903929183809,True,True,True,True,False,P1,-0.10351961464288231,0.9977105016356641,0.0032313925577328404,False,True,True,True,0.8938661951788055,0.004670022998201517,23.7488750209409,23.5644877494188,0.18438727152210177,0.025327252579046597,0.18438727152210177,False,False,False,False
test,test_029,M2,target_off,J3_D3_P1_joint,False,True,CALIBRATABLE,False,,False,False,none,0.27263759042355196,0.010379932911511958,0.06817903929183809,True,True,True,True,False,P1,-0.10351961464288231,0.9977105016356641,0.0032313925577328404,False,True,True,True,0.8938661951788055,0.004670022998201517,23.7488750209409,23.5644877494188,0.18438727152210177,0.025327252579046597,0.18438727152210177,False,False,False,False
test,test_029,M2,target_off,J4_D3_P2_joint,False,True,CALIBRATABLE,False,,False,False,none,0.27263759042355196,0.010379932911511958,0.06817903929183809,True,True,True,True,False,P2,-0.10359966340745368,0.9979471095879822,0.0030641529358439033,False,True,True,True,0.8938661951788055,0.004738680566699571,23.7488750209409,23.5644877494188,0.18438727152210177,0.025699607828578146,0.18438727152210177,False,False,False,False
test,test_031,M1+M2,target_on,J1_D3_delay_only,True,True,CALIBRATABLE,False,,False,False,none,2.686977843278266,0.3292572764985646,0.07780287540744613,False,True,True,True,True,P1,-0.18110270620298152,0.999520057068018,0.0025631606870465777,False,True,True,True,0.8535527970893146,0.15698527649439953,23.7716550917836,23.1239370021219,0.6477180896617014,0.24236667000668738,0.6477180896617014,False,False,False,False
test,test_031,M1+M2,target_on,J2_P1_phase_only,True,True,CALIBRATABLE,False,,False,False,none,2.686977843278266,0.3292572764985646,0.07780287540744613,False,True,True,True,True,P1,-0.18110270620298152,0.999520057068018,0.0025631606870465777,False,True,True,True,0.8535527970893146,0.0125622138631023,23.7716550917836,23.1239370021219,0.6477180896617014,0.019394570050781594,0.6477180896617014,False,False,False,False
test,test_031,M1+M2,target_on,J3_D3_P1_joint,True,True,CALIBRATABLE,False,,False,False,none,2.686977843278266,0.3292572764985646,0.07780287540744613,False,True,True,True,True,P1,-0.18110270620298152,0.999520057068018,0.0025631606870465777,False,True,True,True,0.8535527970893146,0.15698527649439953,23.7716550917836,23.1239370021219,0.6477180896617014,0.24236667000668738,0.6477180896617014,False,False,False,False
test,test_031,M1+M2,target_on,J4_D3_P2_joint,True,True,CALIBRATABLE,False,,False,False,none,2.686977843278266,0.3292572764985646,0.07780287540744613,False,True,True,True,True,P2,-0.1810963646546208,0.9995434901984275,0.0025141631562010584,False,True,True,True,0.8535527970893146,0.15698527649439953,23.7716550917836,23.1239370021219,0.6477180896617014,0.24236667000668738,0.6477180896617014,False,False,False,False
test,test_031,M1+M2,target_off,J1_D3_delay_only,True,True,CALIBRATABLE,False,,False,False,none,2.686942887428369,0.32922246900728314,0.07780805494619726,False,True,True,True,True,P1,-0.18110620606374694,0.9995257403271464,0.0025499975006422967,False,True,True,True,0.8535813671077768,0.1569773723025989,23.7717384963582,23.123995747742,0.6477427486161993,0.24234524066530488,0.6477427486161993,False,False,False,False
test,test_031,M1+M2,target_off,J2_P1_phase_only,True,True,CALIBRATABLE,False,,False,False,none,2.686942887428369,0.32922246900728314,0.07780805494619726,False,True,True,True,True,P1,-0.18110620606374694,0.9995257403271464,0.0025499975006422967,False,True,True,True,0.8535813671077768,0.012563901178801018,23.7717384963582,23.123995747742,0.6477427486161993,0.019396436634206746,0.6477427486161993,False,False,False,False
test,test_031,M1+M2,target_off,J3_D3_P1_joint,True,True,CALIBRATABLE,False,,False,False,none,2.686942887428369,0.32922246900728314,0.07780805494619726,False,True,True,True,True,P1,-0.18110620606374694,0.9995257403271464,0.0025499975006422967,False,True,True,True,0.8535813671077768,0.1569773723025989,23.7717384963582,23.123995747742,0.6477427486161993,0.24234524066530488,0.6477427486161993,False,False,False,False
test,test_031,M1+M2,target_off,J4_D3_P2_joint,True,True,CALIBRATABLE,False,,False,False,none,2.686942887428369,0.32922246900728314,0.07780805494619726,False,True,True,True,True,P2,-0.18109630904173207,0.9995438797029064,0.002513259726475585,False,True,True,True,0.8535813671077768,0.1569773723025989,23.7717384963582,23.123995747742,0.6477427486161993,0.24234524066530488,0.6477427486161993,False,False,False,False
