factor,factor_level,method,comparison_protocol,n_cases,n_seeds,failure_rate,SCNR_improvement_dB__mean,SCNR_improvement_dB__std,SCNR_improvement_dB__ci95_low,SCNR_improvement_dB__ci95_high,SCNR_improvement_dB__p05,SCNR_improvement_dB__p95,target_loss_dB__mean,target_loss_dB__std,target_loss_dB__ci95_low,target_loss_dB__ci95_high,target_loss_dB__p05,target_loss_dB__p95,residual_suppression_dB__mean,residual_suppression_dB__std,residual_suppression_dB__ci95_low,residual_suppression_dB__ci95_high,residual_suppression_dB__p05,residual_suppression_dB__p95,background_residual_p95_dB_over_input_median__mean,background_residual_p95_dB_over_input_median__std,background_residual_p95_dB_over_input_median__ci95_low,background_residual_p95_dB_over_input_median__ci95_high,background_residual_p95_dB_over_input_median__p05,background_residual_p95_dB_over_input_median__p95,background_residual_p99_dB_over_input_median__mean,background_residual_p99_dB_over_input_median__std,background_residual_p99_dB_over_input_median__ci95_low,background_residual_p99_dB_over_input_median__ci95_high,background_residual_p99_dB_over_input_median__p05,background_residual_p99_dB_over_input_median__p95,background_residual_cvar95_dB_over_input_median__mean,background_residual_cvar95_dB_over_input_median__std,background_residual_cvar95_dB_over_input_median__ci95_low,background_residual_cvar95_dB_over_input_median__ci95_high,background_residual_cvar95_dB_over_input_median__p05,background_residual_cvar95_dB_over_input_median__p95,high_tail_fraction_15dB__mean,high_tail_fraction_15dB__std,high_tail_fraction_15dB__ci95_low,high_tail_fraction_15dB__ci95_high,high_tail_fraction_15dB__p05,high_tail_fraction_15dB__p95,background_Pfa__mean,background_Pfa__std,background_Pfa__ci95_low,background_Pfa__ci95_high,background_Pfa__p05,background_Pfa__p95,Pd__mean,Pd__std,Pd__successes,Pd__trials,Pd__ci95_low,Pd__ci95_high,Pd__p05,Pd__p95,runtime_ms__mean,runtime_ms__std,runtime_ms__ci95_low,runtime_ms__ci95_high,runtime_ms__p05,runtime_ms__p95
target_snr_db,-12.0,Corrected JDL physical,scientific_controlled,8,8,0.0,-0.8874293778736955,0.43563074822686887,-1.2516257974052631,-0.5232329583421278,-1.534876592038828,-0.44153914705527086,1.4575731650651353,0.10910616258217774,1.3663581304905685,1.5487881996397022,1.3030797757495536,1.5854968138482257,-2.377167687977848,0.021341321223904863,-2.39500947901178,-2.359325896943916,-2.403015586487422,-2.349074438306788,26.121728156248032,0.07732024576594293,26.05708681313836,26.186369499357706,25.997603163096134,26.195792596351424,37.94117308313635,0.07051078438651087,37.88222459220348,38.00012157406922,37.83654048510863,38.0257603811365,36.68701243130596,0.086797847978179,36.61444761446196,36.75957724814996,36.54984855063766,36.77826509577318,0.15508312200619892,0.0010339874106426864,0.1542186868984166,0.15594755711398123,0.15377665069972762,0.15624542124542123,0.0014809494006979213,5.2130433063678705e-05,0.0014373672680139942,0.0015245315333818484,0.00141348050371719,0.00155230617508724,0.25,0.4629100498862757,2,8,0.07147768885802763,0.5907301208974108,0.0,1.0,4355.39414387501,245.70278473833704,4149.981475382573,4560.806812367447,3999.9742981500162,4657.649598700004
target_snr_db,-12.0,Current legacy CSI [production replay],production_replay,8,8,0.0,15.222398552092775,2.6173983130010545,13.034198802734139,17.41059830145141,12.564441047543673,19.209341583024784,-7.234892334776512,0.5523241893365051,-7.6966469124682435,-6.77313775708478,-7.88265364137927,-6.409874400009291,20.299959950248564,0.04425598972224228,20.262961016942615,20.336958883554512,20.256403594561387,20.36541139061327,7.0943272993638296,0.0776387858994701,7.029419650038214,7.159234948689445,7.032730995343084,7.221282136268435,11.028699032107976,0.10442485881137424,10.941397665425324,11.116000398790629,10.889108744383357,11.167161299707669,10.041444619404052,0.09582302936923216,9.961334562097518,10.121554676710586,9.895246129181041,10.135098285715426,0.0008478914248145016,0.00012752988991415447,0.0007412737687398624,0.0009545090808891408,0.0006475063398140321,0.0009472151779844087,2.892201486876043e-05,1.784145778545249e-05,1.400618289148808e-05,4.383784684603278e-05,1.0810195721438325e-05,5.518889394629038e-05,1.0,0.0,8,8,0.6755843804891231,1.0,1.0,1.0,1419.9103755000024,121.93133294587702,1317.9732301806055,1521.8475208193993,1274.2081740999822,1586.2583155500288
target_snr_db,-12.0,Current legacy CSI [scientific controlled],scientific_controlled,8,8,0.0,15.222459902906479,2.6175324166879563,13.034148040059954,17.410771765753005,12.56434606405918,19.20961592149232,-7.234790375676818,0.5523345116343886,-7.696553583025537,-6.773027168328099,-7.882557092713998,-6.409750451040165,20.299957733240444,0.04425658987391696,20.262958298195137,20.33695716828575,20.256400150324772,20.36540909744793,7.094362066332709,0.077630467144367,7.029461371660401,7.159262761005018,7.032725430598678,7.221298140083358,11.028654762859686,0.10434859677324279,10.941417152836422,11.11589237288295,10.889125045751241,11.166995763047822,10.041450484503633,0.09582344460923943,9.961340080047766,10.1215608889595,9.895249465764557,10.1350984613736,0.0008478914248145016,0.00012752988991415447,0.0007412737687398624,0.0009545090808891408,0.0006475063398140321,0.0009472151779844087,2.892201486876043e-05,1.784145778545249e-05,1.400618289148808e-05,4.383784684603278e-05,1.0810195721438325e-05,5.518889394629038e-05,1.0,0.0,8,8,0.6755843804891231,1.0,1.0,1.0,1420.436178750016,147.56652210790378,1297.0674789666023,1543.80487853343,1210.25527445006,1597.9114363000122
target_snr_db,-12.0,DL-SMI/MVDR global,scientific_controlled,8,8,0.0,-0.9210408641159797,0.10042747539380145,-1.0050003346306031,-0.8370813936013564,-1.0243617520819759,-0.7797895752083255,-0.01125135586623437,6.69688451367238e-05,-0.011307343221852015,-0.011195368510616725,-0.011325719969717346,-0.011151381575363661,-0.811353831377496,0.008262178722100126,-0.8182611856456838,-0.8044464771093081,-0.8214506346640286,-0.7995939852320243,24.831852619402625,0.07564008817577915,24.76861592318961,24.89508931561564,24.714207395294483,24.907314902749263,36.173952656226305,0.08709304446189309,36.10114104894599,36.24676426350662,36.047214620108,36.2689175911763,35.04304768339561,0.10116194415624814,34.958474181629455,35.12762118516177,34.89118951487107,35.15996481822634,0.151405325443787,0.0008824997127807863,0.150667537220755,0.15214311366681899,0.1502063492063492,0.15246059922983,0.0016009046426945835,5.94695459343299e-05,0.0015511868581061282,0.0016506224272830388,0.0015359012289485662,0.0016855370960400546,0.375,0.5175491695067657,3,8,0.13684175946152105,0.6942621454161981,0.0,1.0,2849.2448597500083,281.318455991133,2614.056744959813,3084.4329745402038,2568.874303050032,3265.752044650037
target_snr_db,-12.0,DL-SMI/MVDR local,scientific_controlled,8,8,0.0,-0.07010365360133508,0.05857664114326012,-0.11907495110361972,-0.02113235609905044,-0.1558771528259701,-0.008504913526893712,-0.012269431215092398,6.075248404658406e-05,-0.012320221562783585,-0.012218640867401211,-0.012339285588658475,-0.012195757358220332,0.12151981674062451,0.004452583752743797,0.11779736356895534,0.12524226991229367,0.11548033612742956,0.1275010435883284,23.559602794301394,0.07627203420228773,23.49583777798901,23.62336781061378,23.446464280465104,23.64625507424158,35.06158833524211,0.0800830052766557,34.994637267380625,35.12853940310359,34.96133386383376,35.1749595766306,34.12896273361482,0.0991480159410438,34.04607291797081,34.21185254925883,33.98316374151768,34.24612227421907,0.1346555367709214,0.0007717584706642997,0.13401033054316283,0.13530074299867997,0.1335112238189161,0.1354039635578097,0.0018723448642087694,5.07551588103905e-05,0.0018299124895732816,0.0019147772388442572,0.001814690487027765,0.0019470679714762554,0.5,0.5345224838248488,4,8,0.21521252682444186,0.7847874731755582,0.0,1.0,2070.6872278750125,242.20814616127865,1868.1961503457987,2273.178305404226,1835.1390455000285,2458.5012026500635
target_snr_db,-12.0,MNEC physical,scientific_controlled,8,8,0.0,-0.27563271041816084,0.06126984028241325,-0.3268555787463282,-0.22440984208999348,-0.35363376873088176,-0.2072930451288679,-0.011645615475181212,5.8134682871532916e-05,-0.011694217286321938,-0.011597013664040486,-0.011731526267328445,-0.011579361259815166,-0.22414752463472656,0.003152593377115482,-0.22678315865472565,-0.22151189061472748,-0.22844711721353878,-0.2212458588350308,24.14706573370994,0.07358841366194512,24.085544280314437,24.208587187105444,24.034625885502933,24.224544402035537,35.5164785151037,0.07751604888850383,35.45167347648709,35.58128355372031,35.409735479873795,35.61419978588608,34.45578883534565,0.09533533502937326,34.3760865007105,34.5354911699808,34.31443555756419,34.5678484030561,0.14346106884568424,0.0007672131082134784,0.14281966263603002,0.14410247505533846,0.14233615102845873,0.14416013900629285,0.0017194374905173723,5.3698688116042614e-05,0.001674544263799546,0.0017643307172351985,0.001654054771658322,0.0017864322561068123,0.375,0.5175491695067657,3,8,0.13684175946152105,0.6942621454161981,0.0,1.0,3153.2152145000155,322.5410719551319,2883.5641303282496,3422.8662986717814,2828.2059895499915,3626.914518950042
target_snr_db,-12.0,Phase-only CSI [production replay],production_replay,8,8,0.0,13.413932027170201,2.7394876780866446,11.123663014317112,15.70420104002329,10.344648260997483,17.458811016451957,-6.693591982545698,0.022104474673826334,-6.712071785830018,-6.675112179261378,-6.719261011299989,-6.668031259452753,18.572366734842404,0.04292323807967991,18.536482009792696,18.608251459892113,18.517859461310362,18.624684906978434,8.753801176923709,0.10847492061308454,8.663113873841782,8.844488480005635,8.619650685416932,8.90634487633008,12.810470475159883,0.11952652688552513,12.710543798018898,12.910397152300868,12.676682493611727,12.9762114581221,11.784380478002198,0.1008190316062471,11.700093658302059,11.868667297702338,11.628066319081357,11.888673051822131,0.0029721987414295108,0.00030495270239837166,0.002717251902180865,0.0032271455806781564,0.002501925425002348,0.003242227857612473,4.741313912911546e-07,1.341046087821551e-06,-6.470111947162795e-07,1.5952739772985886e-06,0.0,2.4654832347140017e-06,0.75,0.4629100498862757,6,8,0.40926987910258916,0.9285223111419724,0.0,1.0,1415.8465786250006,139.349719509352,1299.3472977211554,1532.3458595288457,1263.1156819499722,1623.8060773000454
target_snr_db,-12.0,Phase-only CSI [scientific controlled],scientific_controlled,8,8,0.0,13.4140080946351,2.739568957679488,11.12367113034191,15.704345058928292,10.344649914668228,17.45900738192994,-6.693484280585578,0.022111009193974386,-6.711969546865453,-6.674999014305702,-6.719179520554307,-6.667932893289891,18.57236505031598,0.04292426279802628,18.536479468580296,18.608250632051664,18.5178565218064,18.624683559843053,8.753844053152523,0.108488768868639,8.663145172639227,8.844542933665819,8.619689722019567,8.906434975326693,12.810491091312057,0.1195433713515581,12.71055033184506,12.910431850779055,12.676525475175037,12.97618053814665,11.784385044020398,0.10082051721706782,11.70009698231853,11.868673105722266,11.628068074393001,11.888678473978803,0.0029721987414295103,0.0003057121404488019,0.0027166169960821827,0.003227780486776838,0.0025007044237813467,0.003242227857612473,4.741313912911546e-07,1.341046087821551e-06,-6.470111947162795e-07,1.5952739772985886e-06,0.0,2.4654832347140017e-06,0.75,0.4629100498862757,6,8,0.40926987910258916,0.9285223111419724,0.0,1.0,1445.6743274999938,151.5878809153345,1318.943687621031,1572.4049673789566,1253.0018100499547,1660.9196036000242
target_snr_db,-12.0,Row complex LS / Wiener [scientific controlled],scientific_controlled,8,8,0.0,13.471139359768866,2.658718432315196,11.248395126188031,15.693883593349701,10.458419480452006,17.3238537513732,-6.720818572901934,0.03240327733671211,-6.747908390678004,-6.693728755125864,-6.763726536285838,-6.6816476172850345,18.77456188730928,0.03739781297399141,18.743296533247666,18.805827241370892,18.724985830137307,18.816091627089726,8.521609685561085,0.10855947482820986,8.43085169338632,8.61236767773585,8.392486947178943,8.6778506505886,12.55054122674855,0.11067530071501236,12.458014359866334,12.643068093630765,12.401029097123054,12.683651380033771,11.523802934725133,0.09843662619525462,11.441507855791887,11.606098013658379,11.371476442905095,11.623306209727081,0.0024443505212735986,0.00024553987748887683,0.002239074046649962,0.0026496269958972353,0.0020667793744716823,0.002651169343477036,7.111970869367319e-07,1.411060175130566e-06,-4.684787408551744e-07,1.8908729147286383e-06,0.0,3.1292671825216194e-06,0.875,0.3535533905932738,7,8,0.5291051942301386,0.9775830911367038,0.35000000000000003,1.0,1430.7581028750037,129.77641960284316,1322.2623009800293,1539.2539047699781,1258.3958385500182,1600.6720279000206
target_snr_db,-12.0,Row complex LS / Wiener robust IRLS [scientific controlled],scientific_controlled,8,8,0.0,13.471150291270233,2.660843201971304,11.246629705803693,15.695670876736772,10.457889045617124,17.331839663553247,-6.693103985756245,0.03078320045257758,-6.71883938536287,-6.667368586149621,-6.735877069903109,-6.658746913859512,18.772888256429397,0.037461885441598466,18.741569336444375,18.80420717641442,18.723384599061433,18.814751187315764,8.526400910939223,0.1095476531368396,8.43481678102435,8.617985040854096,8.392973859191155,8.682266119161822,12.564715740729852,0.11098820741170981,12.471927277302745,12.65750420415696,12.416904604634682,12.700344654769507,11.53824499236611,0.09849546818849175,11.45590072029546,11.62058926443676,11.385027766299531,11.636987968529358,0.0024877899877899876,0.00025343634726355965,0.0022759118992293544,0.002699668076350621,0.0020960834037757115,0.0026845120691274538,7.111970869367319e-07,1.411060175130566e-06,-4.684787408551744e-07,1.8908729147286383e-06,0.0,3.1292671825216194e-06,0.875,0.3535533905932738,7,8,0.5291051942301386,0.9775830911367038,0.35000000000000003,1.0,1569.8311273749964,145.38428919616172,1448.2868199612105,1691.3754347887823,1428.9517436999972,1802.0524968499642
target_snr_db,-12.0,SA-MNEC physical [approximate academic reference],scientific_controlled,8,8,0.0,-0.2083009945009009,0.04168942629441712,-0.2431542270850361,-0.1734477619167657,-0.2582104809215293,-0.1499935676749715,0.005003822799667164,0.0007269499470130432,0.004396077435139005,0.005611568164195323,0.004140093794495199,0.005866085046036687,-0.22235522755133652,0.003438122978204177,-0.2252295702915305,-0.21948088481114253,-0.2274241480147114,-0.21922827259326894,24.145341580464418,0.07313195266981588,24.084201738008144,24.206481422920692,24.03454005494733,24.222641922636576,35.510737102338126,0.08228932610757217,35.44194150410263,35.57953270057362,35.3975864116078,35.61454955224335,34.45336263601659,0.09510412449679986,34.373853598223924,34.53287167380926,34.31197191602082,34.564536795895364,0.14354254719639334,0.0007647099341677588,0.1429032336926113,0.14418186070017538,0.14241016248708557,0.14421085751854984,0.0017220452131694736,5.404265987245868e-05,0.001676864418866906,0.0017672260074720412,0.0016628736155363374,0.0017968631467152178,0.375,0.5175491695067657,3,8,0.13684175946152105,0.6942621454161981,0.0,1.0,8106.664792875015,918.986494978276,7338.372856570621,8874.95672917941,7152.561534900019,9386.84688874999
target_snr_db,-12.0,Shrinkage-SMI/MVDR global,scientific_controlled,8,8,0.0,-0.7290609211714296,0.08719812158577088,-0.8019603751256703,-0.6561614672171889,-0.8179475218443565,-0.6083184837036679,-0.011243785839636861,6.20302939339974e-05,-0.011295644463127523,-0.011191927216146199,-0.011308836854884348,-0.011149571088227811,-0.6207900031084332,0.006696048318526178,-0.6263880395935613,-0.6151919666233052,-0.6288310195001685,-0.611091768549601,24.600797387873254,0.07647744896189307,24.53686064052427,24.664734135222236,24.482061711884644,24.675532199497255,35.95966489274479,0.08681473195523681,35.887085960542734,36.032243824946846,35.83024137438114,36.0505391458058,34.8535717148956,0.09778008102558214,34.77182552146006,34.93531790833114,34.70664066833558,34.96670106467017,0.1485207100591716,0.0008303682525471702,0.1478265048275591,0.14921491529078412,0.1474179581102658,0.14944951629567013,0.0016336197086936734,5.974109286420262e-05,0.0015836749051906971,0.0016835645121966497,0.0015652973752086179,0.001714838416021848,0.375,0.5175491695067657,3,8,0.13684175946152105,0.6942621454161981,0.0,1.0,4705.955597749999,395.73115547378416,4375.116072516153,5036.7951229838445,4175.159464249987,5178.557641949965
target_snr_db,-12.0,Shrinkage-SMI/MVDR local,scientific_controlled,8,8,0.0,-0.19847668366295346,0.06132213432993429,-0.24974327090891413,-0.1472100964169928,-0.28169222470662286,-0.1286380727632812,-0.011718931898411587,6.758818153937028e-05,-0.011775437032219243,-0.01166242676460393,-0.011793752724068242,-0.011619888630747664,-0.07757407868326473,0.004205815989180275,-0.08109022884186273,-0.07405792852466672,-0.08309522089266048,-0.07200852875363879,23.85784810139162,0.08111933108070715,23.790030643476545,23.925665559306697,23.734327556465704,23.940953294334527,35.304546956239946,0.08215734257980414,35.23586169899495,35.37323221348494,35.19144302946221,35.404423349538725,34.322726481781146,0.0984272295044591,34.240439258677995,34.4050137048843,34.176904710079036,34.43793483013552,0.13846834789142481,0.0008260858477077498,0.13777772283985204,0.1391589729429976,0.13726927773081618,0.13930759838452147,0.0017969579729934758,5.237197671157742e-05,0.0017531739047664692,0.0018407420412204824,0.0017309588833257473,0.0018690259444697314,0.5,0.5345224838248488,4,8,0.21521252682444186,0.7847874731755582,0.0,1.0,2641.0973257499963,318.1665287786894,2375.103451195392,2907.0912003046005,2239.901561550019,3027.8075629999876
target_snr_db,-18.0,Corrected JDL physical,scientific_controlled,3,3,0.0,-0.9666673287936499,0.45483010351847925,-2.0965279413702222,0.1631932837829223,-1.404745993504966,-0.6029950316921096,1.463559820028579,0.10777820772882203,1.195823909707629,1.731295730349529,1.3676288832433066,1.5615741703390655,-2.371125139063226,0.028261958539901003,-2.441331736079311,-2.3009185420471407,-2.3971990162682593,-2.346418717501415,26.125404584583322,0.08908230115778056,25.904111880830325,26.34669728833632,26.04088297320616,26.199561043073818,37.95411886357433,0.07502536246108181,37.76774553134916,38.140492195799496,37.89373645961561,38.026231544591916,36.696181723371396,0.09498671386150628,36.4602216453555,36.93214180138729,36.61189284324652,36.782790836102464,0.15554804170188785,0.001195926356677792,0.15257719593882252,0.15851888746495318,0.15437212360289282,0.15625716164177703,0.001481186466393567,2.9624676361351315e-05,0.0014075946906467816,0.0015547782421403524,0.0014626005158549537,0.0015103929600971022,0.3333333333333333,0.5773502691896258,1,3,0.0614903152761605,0.7923450448735121,0.0,0.8999999999999999,4633.675234333358,356.79492556427573,3747.347504388178,5520.0029642785385,4282.275144200048,4882.56311840002
target_snr_db,-18.0,Current legacy CSI [production replay],production_replay,3,3,0.0,15.894069524777015,3.6204307298832035,6.900421015997765,24.887718033556265,12.866853776830194,19.3221859686228,-6.5954510090374265,0.8436906582754383,-8.691294790286811,-4.499607227788043,-7.422126255666152,-5.9736042354391685,20.3051348290673,0.057851987161775496,20.16142252606069,20.448847132073908,20.261437448767598,20.361608674019852,7.055097458059673,0.024959671042292225,6.993094197951345,7.117100718168,7.031125384889193,7.0752329239008995,11.035236875758315,0.0589370038911648,10.88882924177638,11.18164450974025,10.987647476216683,11.091824434411603,10.049231911347086,0.047305095709928045,9.931719539137445,10.166744283556726,10.007898413673114,10.092890071162964,0.0008891393506778121,8.045293100609773e-05,0.0006892831907470148,0.0010889955106086094,0.0008098055790363482,0.0009399830938292477,2.5287007535528246e-05,1.044524834487578e-05,-6.604277862771156e-07,5.123444285733361e-05,1.4982551964800487e-05,3.205128205128205e-05,0.6666666666666666,0.5773502691896258,2,3,0.2076549551264879,0.9385096847238394,0.1,1.0,1596.308213666646,210.18878976712145,1074.17031442498,2118.446112908312,1390.1499846999968,1749.9884832999726
target_snr_db,-18.0,Current legacy CSI [scientific controlled],scientific_controlled,3,3,0.0,15.894068787614296,3.6204531020090376,6.900364703393569,24.887772871835026,12.86683205118665,19.32220520781568,-6.595439073359956,0.8436972703521014,-8.691299279918333,-4.49957886680158,-7.422119176566482,-5.973578189470037,20.30513413566339,0.05785250359382172,20.161420549768458,20.448847721558323,20.2614365586205,20.36160852826333,7.055137953677334,0.02500926921685658,6.993011484873138,7.117264422481529,7.03111409484003,7.075302963176363,11.035249104377394,0.05894482221509469,10.888822048602142,11.181676160152646,10.987649339276773,11.0918425472024,10.04923295736039,0.04730560025338153,9.93171933179533,10.16674658292545,10.007898391464334,10.09289110528796,0.0008891393506778121,8.045293100609773e-05,0.0006892831907470148,0.0010889955106086094,0.0008098055790363482,0.0009399830938292477,2.5287007535528246e-05,1.044524834487578e-05,-6.604277862771156e-07,5.123444285733361e-05,1.4982551964800487e-05,3.205128205128205e-05,0.6666666666666666,0.5773502691896258,2,3,0.2076549551264879,0.9385096847238394,0.1,1.0,1542.257518333334,108.0657079586406,1273.8074178493632,1810.7076188173048,1435.8833413999662,1607.5769678000313
target_snr_db,-18.0,DL-SMI/MVDR global,scientific_controlled,3,3,0.0,-0.9435124836245107,0.13280121895063898,-1.2734089997824132,-0.6136159674666082,-1.0322206707363375,-0.8125130659283137,-0.011276748490961969,3.1178609824101995e-05,-0.01135420045142508,-0.011199296530498858,-0.011307497384856736,-0.011255699314150481,-0.8134869121207539,0.005784794335916231,-0.8278571378851579,-0.7991166863563498,-0.8180507250905125,-0.8078936135372536,24.833997323316712,0.11024308432396514,24.560138320091028,25.107856326542397,24.72656458192796,24.918049806846287,36.21195699956339,0.07383383442549767,36.02854358706599,36.39537041206079,36.14062838921031,36.27038907271234,35.06073488269978,0.12966612834954985,34.7386263633337,35.38284340206585,34.942682760827815,35.175999211035226,0.15181490873798567,0.0010456232256734635,0.14921743665083806,0.15441238082513328,0.15078500986193294,0.15254325162017468,0.0015962423506802204,3.851083399210554e-05,0.0015005761356505743,0.0016919085657098665,0.0015710817781823699,0.0016342360795023518,0.3333333333333333,0.5773502691896258,1,3,0.0614903152761605,0.7923450448735121,0.0,0.8999999999999999,3404.6616826666614,791.342775761434,1438.8572504990964,5370.466114834227,2625.321197199969,3957.118013200005
target_snr_db,-18.0,DL-SMI/MVDR local,scientific_controlled,3,3,0.0,-0.09042855002331389,0.07597111364864134,-0.2791512584394046,0.09829415839277679,-0.16156160472996603,-0.025517349097311032,-0.012278502451038826,5.914712731719236e-05,-0.012425432060547473,-0.012131572841530179,-0.012328460227165666,-0.012222773862234745,0.11775904850093828,0.0037102085800005424,0.10854237944900524,0.12697571755287132,0.11521627998077594,0.12141633349564715,23.564712125069377,0.10697457979131746,23.298972537214176,23.830451712924578,23.463479853193473,23.654271361259426,35.096548323065555,0.07710636812251269,34.90500548619852,35.28809115993259,35.03630106815309,35.171288047162214,34.14885214618255,0.12954070144977206,33.82705520450828,34.47064908785682,34.031985940080375,34.2651558377911,0.13484173945712408,0.0007230400660831478,0.13304560836188112,0.13663787055236704,0.13413318305625996,0.13537409598948058,0.0018718707328174782,2.1118814909839265e-05,0.0018194086882730744,0.001924332777361882,0.0018517675618267334,0.0018893187680169927,0.6666666666666666,0.5773502691896258,2,3,0.2076549551264879,0.9385096847238394,0.1,1.0,2349.564452000019,551.6666004854607,979.1486454367373,3719.980258563301,1805.4680147000056,2701.0404368000195
target_snr_db,-18.0,MNEC physical,scientific_controlled,3,3,0.0,-0.2887311949176876,0.08104749317995963,-0.4900643291665385,-0.08739806066883668,-0.35931589535803676,-0.213758100748332,-0.011680524994373762,5.837625017983584e-05,-0.011825539638914397,-0.011535510349833127,-0.011737292422144184,-0.011635549114467418,-0.22602603755370385,0.003482670294617807,-0.2346774701700571,-0.21737460493735059,-0.22868852237395268,-0.22263393887127542,24.146780510943586,0.10755209770614438,23.87960628905697,24.413954732830202,24.04383013374122,24.23438291900826,35.5367563868653,0.06361825372677529,35.37871988362873,35.694792890101866,35.483845312433345,35.59714197223435,34.473650611796295,0.12330240813905025,34.16735044979197,34.77995077380062,34.361911163744814,34.583828244916674,0.1437099652484268,0.0007469602957188946,0.14185441300867266,0.14556551748818095,0.14297511035972577,0.14415685169531323,0.0017289991402417437,3.0482383682903968e-05,0.0016532767013918695,0.001804721579091618,0.001707821271430739,0.0017590274616901835,0.3333333333333333,0.5773502691896258,1,3,0.0614903152761605,0.7923450448735121,0.0,0.8999999999999999,3030.8399643333246,77.06697916990107,2839.394975048897,3222.2849536177523,2955.7643752999693,3089.706112099998
target_snr_db,-18.0,Phase-only CSI [production replay],production_replay,3,3,0.0,13.72700774417536,4.203009340144502,3.2861537396035576,24.167861748747164,10.412531135755183,17.79135100134086,-6.691356219579888,0.02298181190864785,-6.748446205225857,-6.63426623393392,-6.713806030178886,-6.674067413243761,18.57534874599631,0.0454588366616901,18.462422735514004,18.688274756478613,18.53506361141943,18.6168450523511,8.701944059444967,0.08554618084102655,8.489435565524003,8.914452553365932,8.620509872358653,8.772616641684257,12.834182149435192,0.10043391208883465,12.584690480879567,13.083673817990816,12.735691550175776,12.90772220582762,11.796505966488288,0.03899837591580947,11.699628630179923,11.893383302796654,11.764568610870871,11.833759998319968,0.003029961491499953,0.00011838791213741892,0.002735869614347387,0.003324053368652519,0.0029221376913684607,0.0031351554428477504,0.0,0.0,0.0,0.0,0.0,0.0,0.0,0.0,0,3,0.0,0.5615060804490177,0.0,0.0,1611.3968670000152,194.355705508526,1128.5905294579945,2094.2032045420356,1420.209503600023,1727.4795412999936
target_snr_db,-18.0,Phase-only CSI [scientific controlled],scientific_controlled,3,3,0.0,13.727010745566181,4.203020873451433,3.2861280906716868,24.167893400460677,10.412525315590136,17.791365245755237,-6.6913431340519525,0.02298207620205292,-6.7484337762391355,-6.634252491864769,-6.713795674046533,-6.674065580413666,18.575348331636594,0.045459124798860454,18.462421605381877,18.68827505789131,18.535063143981446,18.616845075596213,8.701926371789002,0.08551789622804547,8.489488140741805,8.914364602836198,8.620513904423161,8.77256474816237,12.834184713909385,0.10042617071838894,12.584712275984026,13.083657151834744,12.735701651034297,12.907718763856188,11.796506690291993,0.038998565764222226,11.699628882374027,11.89338449820996,11.76456831086757,11.83376051428772,0.003029961491499953,0.00011838791213741892,0.002735869614347387,0.003324053368652519,0.0029221376913684607,0.0031351554428477504,0.0,0.0,0.0,0.0,0.0,0.0,0.0,0.0,0,3,0.0,0.5615060804490177,0.0,0.0,1480.7729253333264,79.76535877081058,1282.6247895217386,1678.9210611449141,1402.1640593999905,1530.2541194999833
target_snr_db,-18.0,Row complex LS / Wiener [scientific controlled],scientific_controlled,3,3,0.0,13.767063288181253,4.052850045491837,3.699225650221676,23.834900926140833,10.568180361706435,17.68526737507388,-6.71390392903161,0.050629217008106,-6.839673876316391,-6.588133981746829,-6.763104637600038,-6.674775509155882,18.774840258001223,0.038686225246344616,18.678738346942616,18.87094216905983,18.737335803190312,18.805049320862455,8.483270279984337,0.07921576841707735,8.286487402296457,8.680053157672218,8.40511799220032,8.535301340708218,12.579102693583813,0.07085420489885544,12.403091091160505,12.755114296007122,12.525297080000517,12.648202688588423,11.540821198512011,0.03995277374911754,11.441573006553941,11.640069390470082,11.508644292997902,11.579214359267983,0.002546570238877931,8.470460698455707e-05,0.0023361523303110214,0.0027569881474448408,0.0024683009298393913,0.002620456466610313,6.321751883882062e-07,1.0949595455727995e-06,-2.0878551115789206e-06,3.3522054883553327e-06,0.0,1.7068730086481564e-06,0.0,0.0,0,3,0.0,0.5615060804490177,0.0,0.0,1427.3228859999942,47.07491996155607,1310.3823020472087,1544.2634699527798,1380.879915599985,1458.1317162000062
target_snr_db,-18.0,Row complex LS / Wiener robust IRLS [scientific controlled],scientific_controlled,3,3,0.0,13.762811855564332,4.045936624729786,3.7121481068367643,23.8134756042919,10.56351335227774,17.67236615326597,-6.686644567111929,0.04499496735480761,-6.798418262355697,-6.574870871868161,-6.730927892938368,-6.654914240289041,18.773108438804016,0.038737528111233675,18.676879084364018,18.869337793244014,18.735613590784933,18.80354790459679,8.486220231029328,0.08279862512692603,8.280537043872817,8.69190341818584,8.404533787333465,8.54023147682916,12.592837657309085,0.074519933380208,12.407719880524317,12.777955434093853,12.535156441590996,12.665230125110623,11.555650264352954,0.03906345798454493,11.458611255223287,11.65268927348262,11.525680046311981,11.593670590122485,0.002582261043799505,9.549420251521019e-05,0.0023450402940806752,0.002819481793518335,0.0024884004884004884,0.0026506997276228047,6.321751883882062e-07,1.0949595455727995e-06,-2.0878551115789206e-06,3.3522054883553327e-06,0.0,1.7068730086481564e-06,0.0,0.0,0,3,0.0,0.5615060804490177,0.0,0.0,1659.4054733333414,193.8028667674598,1177.9724633565042,2140.8384833101786,1468.3918387000006,1779.9807829000144
target_snr_db,-18.0,SA-MNEC physical [approximate academic reference],scientific_controlled,3,3,0.0,-0.21795276578022774,0.0462739876729901,-0.3329037236304509,-0.10300180793000457,-0.2634607987673352,-0.18500256576206092,0.004622353889430316,0.0007663682427608387,0.0027185896365221696,0.006526118142338462,0.004061310514191335,0.005373911379815476,-0.22321809702425766,0.0036867498666033577,-0.23237649140157227,-0.21405970264694305,-0.22597708155363108,-0.2196136327526664,24.144111507673504,0.10578171805083306,23.88133515265271,24.406887862694298,24.043721489818555,24.232122395967654,35.532032811881436,0.0664043024450894,35.36707537995701,35.696990243805864,35.47736524199807,35.59533586398697,34.470199484906885,0.12230105073813094,34.1663868325851,34.774012137228674,34.3599118007133,34.580051554649984,0.14378259916721456,0.0006779257966738644,0.142098538129948,0.14546666020448112,0.14311618296233683,0.1441829623368085,0.001727102614676579,2.6976923447822584e-05,0.0016600882217936116,0.0017941170075595465,0.0017093384918828705,0.0017537171901077227,0.3333333333333333,0.5773502691896258,1,3,0.0614903152761605,0.7923450448735121,0.0,0.8999999999999999,10402.458344999975,1871.4004390084413,5753.641940726424,15051.274749273527,8560.754375799961,11723.147252500006
target_snr_db,-18.0,Shrinkage-SMI/MVDR global,scientific_controlled,3,3,0.0,-0.7510763297829458,0.11421886512817161,-1.0348117200379,-0.4673409395279917,-0.8195348815162127,-0.6386968767738374,-0.011268631215110894,3.3797141073763885e-05,-0.011352587967800611,-0.011184674462421176,-0.011301432296899522,-0.011242362102974591,-0.6243809987232725,0.004695330340855343,-0.6360448458919826,-0.6127171515545623,-0.6288567246033167,-0.6205148664726002,24.60460024397649,0.10549017023816046,24.342548133871926,24.86665235408105,24.50226334581461,24.68674404129885,35.99319606934742,0.06994811123299313,35.819435328369835,36.166956810325004,35.92524502016312,36.04733894021607,34.87287912987455,0.12418365257146013,34.56438983534243,35.181368424406664,34.7596788789475,34.98311173856513,0.14887636579944272,0.0008874329857198535,0.14667186005299018,0.15108087154589525,0.14800788954635108,0.14953620738236123,0.0016335406867951246,3.6595245128221125e-05,0.0015426330583024081,0.0017244483152878411,0.0016061675011379154,0.0016693218024578973,0.3333333333333333,0.5773502691896258,1,3,0.0614903152761605,0.7923450448735121,0.0,0.8999999999999999,4411.858804333311,68.74240635748038,4241.093200306192,4582.624408360431,4360.01735029999,4478.98191169997
target_snr_db,-18.0,Shrinkage-SMI/MVDR local,scientific_controlled,3,3,0.0,-0.2147488957105672,0.07992463280561994,-0.4132926901585229,-0.016205101262611515,-0.28261825231658017,-0.13965607088648468,-0.011709319040894747,8.917787602902442e-05,-0.011930849165789695,-0.011487788915999799,-0.011764544244357925,-0.011621439904472865,-0.08064425611075192,0.0037672556891095357,-0.09000263803776731,-0.07128587418373653,-0.08398307450594644,-0.0772056559444018,23.860585258264802,0.11113127311138728,23.584519871777154,24.13665064475245,23.75338825848676,23.949005353863743,35.3268263789952,0.07054641618876874,35.15157936611386,35.50207339187654,35.273282029832295,35.39563270907819,34.34184525845895,0.12766031306774164,34.024719460477165,34.65897105644074,34.22591924603204,34.45565969103175,0.13868069252684637,0.0008716319903063014,0.13651543862898338,0.14084594642470935,0.13782098243636703,0.13926646003569082,0.0018010671117179994,1.4484953266309545e-05,0.0017650844930566323,0.0018370497303793665,0.0017893718707328175,0.0018149749658625397,0.3333333333333333,0.5773502691896258,1,3,0.0614903152761605,0.7923450448735121,0.0,0.8999999999999999,2574.2618696666946,383.11630472410206,1622.548209126062,3525.975530207327,2201.6813077000506,2869.3487494000124
target_snr_db,-3.0,Corrected JDL physical,scientific_controlled,5,5,0.0,-0.8398865913943327,0.4702500363649936,-1.42377913170322,-0.2559940510854454,-1.4606313413740657,-0.41802988393460494,1.4539811880144617,0.12239759088577595,1.3020045059445997,1.6059578700843238,1.30373056859705,1.5816818866436677,-2.380793217326621,0.018811086043874537,-2.404150265634432,-2.35743616901881,-2.4024434152217733,-2.3604325084813693,26.119522299246864,0.080487192578304,26.01958424990581,26.219460348587916,26.00993771886172,26.175637088512296,37.93340561487356,0.07539949845532949,37.83978477215888,38.027026457588235,37.83378371305128,38.000085702231075,36.6815108560667,0.09258583702918102,36.56655035548391,36.79647135664949,36.55420401912502,36.746623310505335,0.1548041701887856,0.0009468247599041524,0.15362853197180373,0.15597980840576744,0.15372818634357097,0.15586662909739832,0.0014808071612805343,6.570304730399826e-05,0.001399226052870816,0.0015623882696902526,0.0014083598846912457,0.0015581854043392506,0.2,0.44721359549995804,1,5,0.03622316096978745,0.6244717358814613,0.0,0.7999999999999998,5065.467403800018,302.64419577539934,4689.685001640074,5441.249805959961,4652.645708800037,5284.607344400069
target_snr_db,-3.0,Current legacy CSI [production replay],production_replay,5,5,0.0,14.930174516014475,2.4385676361644952,11.90229287500176,17.95805615702719,12.499378919071722,17.901376024384483,-7.508272897837894,0.13483361611403058,-7.675690944714446,-7.340854850961342,-7.655748308661327,-7.364131434839653,20.296868545254455,0.04149147870416097,20.24535006991522,20.34838702059369,20.256691886323914,20.348712628564922,7.117953071431248,0.09181460279587082,7.0039501846301455,7.23195595823235,7.044540720651803,7.225303732420572,11.024737118194928,0.13095940474001425,10.862129540102927,11.187344696286928,10.880733744435567,11.177605675798446,10.036719680084348,0.12197201279276965,9.885271423010996,10.188167937157699,9.875394877644993,10.138090394167392,0.0008220155912463604,0.00015161888043342128,0.0006337558859640705,0.0010102752965286503,0.0006157603080680004,0.0009418615572461726,3.1482324381732664e-05,2.2222553989428047e-05,3.889379144898497e-06,5.907526961856683e-05,1.0241238051888939e-05,5.955090274616901e-05,1.0,0.0,5,5,0.5655085052479191,1.0,1.0,1.0,1673.3606057999623,61.72502793910237,1596.7188608197964,1750.0023507801282,1606.7407678000563,1737.3638779999055
target_snr_db,-3.0,Current legacy CSI [scientific controlled],scientific_controlled,5,5,0.0,14.93078467224215,2.4395219298835507,11.901718119074769,17.95985122540953,12.498828818122632,17.903300371047983,-7.507111056906572,0.1347723010171745,-7.674452971034811,-7.339769142778333,-7.6545167113177355,-7.36304120858794,20.296851891786677,0.04149722642815358,20.245326279705488,20.348377503867866,20.25665624414659,20.34869454445188,7.117896533925935,0.09158268128385191,7.004181615716716,7.231611452135153,7.044522292688574,7.22506038367126,11.02469815794906,0.13139890959938086,10.86154486249615,11.187851453401972,10.880225859063751,11.178271844287519,10.03678100078958,0.12197188926625342,9.885332897094656,10.188229104484503,9.875457063195508,10.138121766024904,0.0008231426692965154,0.00015226217756976774,0.0006340842051198758,0.001012201133473155,0.0006161360007513854,0.0009437400206630976,3.1103019268699744e-05,2.206010624123099e-05,3.711779552391293e-06,5.8494258985008196e-05,1.0241238051888939e-05,5.917159763313609e-05,1.0,0.0,5,5,0.5655085052479191,1.0,1.0,1.0,1562.815287800072,136.82392952117408,1392.925940420726,1732.704635179418,1383.189936800045,1666.4013854000586
target_snr_db,-3.0,DL-SMI/MVDR global,scientific_controlled,5,5,0.0,-0.9075578800620285,0.09069668326150251,-1.0201726864244156,-0.7949430736996415,-0.994269780787277,-0.7933859679020697,-0.011236107942566019,8.113651664606712e-05,-0.01133685223422518,-0.011135363650906857,-0.011323417559189355,-0.01113708766642031,-0.8100739829315412,0.009862521597427999,-0.8223199209305844,-0.797828044932498,-0.8211223753699298,-0.7984814037434422,24.83056579705417,0.06269132011039477,24.752724241873164,24.908407352235177,24.74585785602799,24.873128679580248,36.151150050224054,0.09388920864991346,36.03457120002352,36.267728900424586,36.030528747524876,36.244385518681305,35.03243536381312,0.09553526213354237,34.91381266826285,35.15105805936339,34.901542488435624,35.10390503616561,0.15115957546726777,0.0007841784971892172,0.15018588925914161,0.15213326167539393,0.15018127171973325,0.1519496571804264,0.0016037020179032013,7.363063585414374e-05,0.0015122775081981871,0.0016951265276082155,0.0015327719617660447,0.001689804278561675,0.2,0.44721359549995804,1,5,0.03622316096978745,0.6244717358814613,0.0,0.7999999999999998,3356.9467261999757,378.3143512806488,2887.2074162106087,3826.6860361893428,2905.9787734000565,3729.1252323999743
target_snr_db,-3.0,DL-SMI/MVDR local,scientific_controlled,5,5,0.0,-0.057908692076159875,0.051216395957153785,-0.1215022470539571,0.00568486290163734,-0.1198820245913339,-0.007927500756489536,-0.012263964801534627,6.793141980839636e-05,-0.012348312799857646,-0.012179616803211609,-0.012338158466239441,-0.012194839574546713,0.12377627768443625,0.0032923777843501868,0.1196882507211195,0.127864304647753,0.12060330056560208,0.12802175465151777,23.5565371958406,0.06653858976962682,23.47391862443234,23.639155767248862,23.466890231003987,23.611574700980317,35.040612342548044,0.08236453504929325,34.938343264648466,35.14288142044762,34.94995113629112,35.14111322135061,34.11702908607419,0.09131250034378183,34.00364964181126,34.23040853033712,33.99278992300923,34.18594025724446,0.13454381515919978,0.0008598373641706888,0.13347618605979777,0.13561144425860178,0.1334640743871513,0.13536770921386307,0.0018726293430435443,6.545898580775183e-05,0.0017913512770070632,0.0019539074090800254,0.0018115612198452435,0.0019530420270065239,0.4,0.5477225575051662,2,5,0.1176182311592533,0.769280067791163,0.0,1.0,2468.706531799967,393.69826317082305,1979.8655722650165,2957.547491334917,2006.1560082001051,2911.0853555998574
target_snr_db,-3.0,MNEC physical,scientific_controlled,5,5,0.0,-0.26777359715671134,0.05549110208546483,-0.3366749008369376,-0.1988722934764851,-0.3286361389883227,-0.21468092398141803,-0.011624647201932289,5.2385140155060295e-05,-0.011689691944503738,-0.01155960245936084,-0.011692869019608991,-0.011579079405593343,-0.2230204168833402,0.002663439433867898,-0.2263275137397728,-0.2197133200269076,-0.22662256433807831,-0.22108977442078517,24.147236867369752,0.060768997945621614,24.071782190413696,24.22269154432581,24.06396920532543,24.191296973302094,35.504311792046735,0.08943276585407862,35.393266346425854,35.61535723766762,35.39656048793094,35.603178916296834,34.44507176947526,0.08899916902995958,34.334564705420625,34.5555788335299,34.32441275372943,34.51407269326189,0.14331173100403868,0.0008226565344221562,0.1422902680023588,0.14433319400571856,0.14226317272471117,0.1441104536489152,0.0017137005006827495,6.687236276956461e-05,0.0016306674953568932,0.0017967335060086057,0.0016514944621453499,0.0017872856926111364,0.4,0.5477225575051662,2,5,0.1176182311592533,0.769280067791163,0.0,1.0,3552.2226088000475,460.70586861869947,2980.18071797456,4124.264499625535,3043.142868200084,4108.5576680001395
target_snr_db,-3.0,Phase-only CSI [production replay],production_replay,5,5,0.0,13.225463832440724,2.044832561555192,10.686468858400842,15.764458806480606,10.884830851144413,15.491647874718415,-6.695899236878256,0.024181027668154866,-6.7259239483733975,-6.665874525383115,-6.720690364096254,-6.6686506195864075,18.57059081465839,0.04668814648180316,18.512619824029027,18.628561805287756,18.515764382545463,18.619751448929623,8.784912886069572,0.1171218150661275,8.639486944897566,8.930338827241577,8.652975625287427,8.9107855639244,12.796151851817008,0.13888295766090458,12.623705883325268,12.968597820308748,12.67157448410312,12.978360559083551,11.777060077266023,0.1298089335247656,11.615880997862968,11.938239156669079,11.614469221657773,11.893217425490109,0.002936789706020475,0.00038935113842788967,0.00245334641477453,0.00342023299726642,0.0024153282614821077,0.0032519958673804827,7.586102260658473e-07,1.6963040339097175e-06,-1.3476294228493397e-06,2.8648498749810344e-06,0.0,3.0344409042633886e-06,1.0,0.0,5,5,0.5655085052479191,1.0,1.0,1.0,1607.6849254000308,97.64175171323467,1486.4466775760602,1728.9231732240014,1474.1548485999829,1672.5876594000056
target_snr_db,-3.0,Phase-only CSI [scientific controlled],scientific_controlled,5,5,0.0,13.226206571996562,2.045460844890698,10.686431481158309,15.765981662834815,10.885234942374122,15.493316121055296,-6.694768900585643,0.024206927249670242,-6.72482577065872,-6.664712030512566,-6.719625048352195,-6.667513671900072,18.57057508152361,0.04669492065155287,18.51259567965155,18.62855448339567,18.515741534092548,18.619736696144304,8.784994661970636,0.11707255291132727,8.63962988784272,8.930359436098552,8.653108094378055,8.91079270162118,12.796274917753658,0.13889639187159547,12.623812268486159,12.968737567021158,12.671709896276178,12.978473864823913,11.77711205625744,0.12981368947465158,11.615927071562634,11.938297040952246,11.61451774189956,11.893278269948773,0.002937541091387245,0.00039056773574651545,0.00245258719505045,0.00342249498772404,0.0024145768761153377,0.0032534986381140226,7.586102260658473e-07,1.6963040339097175e-06,-1.3476294228493397e-06,2.8648498749810344e-06,0.0,3.0344409042633886e-06,1.0,0.0,5,5,0.5655085052479191,1.0,1.0,1.0,1593.3622866000405,86.80445809936121,1485.580316094391,1701.14425710569,1486.9811509999636,1683.8137196000844
target_snr_db,-3.0,Row complex LS / Wiener [scientific controlled],scientific_controlled,5,5,0.0,13.29358507035656,2.01307974554808,10.794016424794329,15.793153715918791,10.916451770309363,15.394418500995457,-6.724967291589006,0.022325166594210633,-6.75268764720296,-6.697246935975051,-6.750527530209041,-6.7044601619760105,18.77439486489411,0.041220610457268256,18.723212716905298,18.82557701288292,18.72549535455019,18.816523559616204,8.544613328907133,0.1253896656398811,8.388921495335161,8.700305162479104,8.410895719611426,8.681343109493119,12.53340434664739,0.13396537160163605,12.367064367723518,12.699744325571263,12.388708078011927,12.686156224810865,11.513591976453007,0.12574354369638527,11.35746074523852,11.669723207667495,11.362420622990381,11.624394310676855,0.0023830186907109986,0.00029896676235403896,0.0020118024252361527,0.0027542349561858444,0.0019949281487743028,0.002649760495914342,7.586102260658473e-07,1.6963040339097175e-06,-1.3476294228493397e-06,2.8648498749810344e-06,0.0,3.0344409042633886e-06,1.0,0.0,5,5,0.5655085052479191,1.0,1.0,1.0,1556.6124066000157,113.46621991606611,1415.7254863178534,1697.499326882178,1412.7102507999098,1671.8887916000313
target_snr_db,-3.0,Row complex LS / Wiener robust IRLS [scientific controlled],scientific_controlled,5,5,0.0,13.296153420228293,2.025653130489555,10.780972855248663,15.811333985207924,10.91958198097622,15.429314338365538,-6.696979569408316,0.024412302746835174,-6.727291446842336,-6.666667691974296,-6.728239330086354,-6.675940070407746,18.77275614700463,0.041298683853738145,18.7214770580902,18.824035235919055,18.723879773954692,18.815114444675945,8.55050931888516,0.1250440479653107,8.395246626336846,8.705772011433474,8.415097881211336,8.685372501690498,12.547842590782311,0.13353481926752536,12.382037213191047,12.713647968373575,12.406270826259453,12.701815921396847,11.527801829174006,0.12590022290506267,11.371476055026836,11.684127603321176,11.375302353364921,11.638017467142236,0.002431107354184277,0.00031166193356703864,0.0020441279516632046,0.0028180867567053495,0.002019723865877712,0.002688456842302996,7.586102260658473e-07,1.6963040339097175e-06,-1.3476294228493397e-06,2.8648498749810344e-06,0.0,3.0344409042633886e-06,1.0,0.0,5,5,0.5655085052479191,1.0,1.0,1.0,1743.1963817999756,132.0856797506006,1579.1903485752525,1907.2024150246987,1575.5784528000277,1873.8993489999757
target_snr_db,-3.0,SA-MNEC physical [approximate academic reference],scientific_controlled,5,5,0.0,-0.20250991128374488,0.04311719551869127,-0.256046980662859,-0.1489728419046307,-0.2348925771693425,-0.1438936225205282,0.005232724595368516,0.0006756360385469208,0.004393811650415127,0.006071637540321905,0.004430881338261581,0.005951340872975593,-0.22183750586758383,0.003605092517673885,-0.22631381945697682,-0.21736119227819084,-0.22681621290938975,-0.21954199506759933,24.14607962413897,0.06134160696865732,24.069913959173963,24.222245289103977,24.061960650679598,24.18990459301558,35.497959676612155,0.09540025523610739,35.37950461426593,35.616414738958376,35.3815520963953,35.60292211463192,34.44326052668242,0.08949548304824746,34.33213720737947,34.55438384598538,34.32204559813708,34.511915186568515,0.1433985160139006,0.0008511319607698212,0.1423416961004913,0.1444553359273099,0.14229848783694937,0.14418934911242604,0.00171901077226521,6.867674955396637e-05,0.001633737324830326,0.0018042842197000942,0.00166059778485814,0.0018005613715672889,0.4,0.5477225575051662,2,5,0.1176182311592533,0.769280067791163,0.0,1.0,8993.804918400065,1221.729999078076,7476.826763018094,10510.783073782035,7897.012974400059,10388.6185888
target_snr_db,-3.0,Shrinkage-SMI/MVDR global,scientific_controlled,5,5,0.0,-0.7158516597880545,0.0787499967500853,-0.8136326956113766,-0.6180706239647324,-0.7879114569318885,-0.6165126445212001,-0.011228862397886494,7.359865767130547e-05,-0.01132024720143315,-0.011137477594339838,-0.011304850240791043,-0.0111383464610085,-0.6186354057395297,0.007208848554743935,-0.6275863734584656,-0.6096844380205938,-0.6267579500528629,-0.6107008730953065,24.59851567421132,0.06821992585469332,24.51380944831735,24.68322190010529,24.504668319045457,24.642416965495226,35.939546186783204,0.09692171609110306,35.81920198126866,36.059890392297746,35.81531156331021,36.03472508427316,34.84198726590823,0.09259336433351326,34.72701741894265,34.95695711287381,34.71529578044154,34.91145472555832,0.1483073166150089,0.000813072661076324,0.1472977535638259,0.1493168796661919,0.14734291349675965,0.1491638959331267,0.0016336671218328022,7.467351158688338e-05,0.0015409477108758438,0.0017263865327897606,0.0015650128963738432,0.0017171142467000454,0.4,0.5477225575051662,2,5,0.1176182311592533,0.769280067791163,0.0,1.0,5420.926709400055,671.6067610902631,4587.016773203376,6254.836645596734,4566.951959400149,6091.4166891999685
target_snr_db,-3.0,Shrinkage-SMI/MVDR local,scientific_controlled,5,5,0.0,-0.18871333259773912,0.055398531456185715,-0.2574996946602983,-0.1199269705351799,-0.25755308064044036,-0.13220754665985054,-0.011724675776275246,6.255657971318982e-05,-0.01180235002915594,-0.011647001523394552,-0.011796286038750218,-0.011652841997198762,-0.07573197222677243,0.00354235221271284,-0.0801303834382589,-0.07133356101528596,-0.07921990189649207,-0.07124650473706606,23.856205807267717,0.0730173603757386,23.76554277964522,23.946868834890214,23.75747029965563,23.911732148715434,35.291179302586784,0.09342459532745204,35.17517734602184,35.40718125915173,35.17541213399826,35.38951462022147,34.311255215774466,0.09146938409436355,34.197680974606534,34.4248294569424,34.18677883535752,34.38070157472365,0.13834094111017187,0.0008719241608803291,0.13725830427044186,0.13942357794990187,0.13726345449422372,0.13924297924297924,0.001794492489758762,6.83723112257738e-05,0.001709597052435668,0.0018793879270818559,0.0017303899256561979,0.0018718707328174784,0.4,0.5477225575051662,2,5,0.1176182311592533,0.769280067791163,0.0,1.0,2926.7099291998875,599.2048609237225,2182.6988258416163,3670.7210325581586,2241.2736051998763,3621.083122799928
target_snr_db,-6.0,Corrected JDL physical,scientific_controlled,8,8,0.0,-0.8874293914328255,0.43563070071041027,-1.2516257712396397,-0.5232330116260113,-1.5348765230764787,-0.44153920580726425,1.4575731515060049,0.10910610437356781,1.3663581655950539,1.5487881374169559,1.303079844711903,1.5854967219763711,-2.377167687977848,0.021341321223904863,-2.39500947901178,-2.359325896943916,-2.403015586487422,-2.349074438306788,26.121728156248032,0.07732024576594293,26.05708681313836,26.186369499357706,25.997603163096134,26.195792596351424,37.94117308313635,0.07051078438651087,37.88222459220348,38.00012157406922,37.83654048510863,38.0257603811365,36.68701243130596,0.086797847978179,36.61444761446196,36.75957724814996,36.54984855063766,36.77826509577318,0.15508312200619892,0.0010339874106426864,0.1542186868984166,0.15594755711398123,0.15377665069972762,0.15624542124542123,0.0014809494006979213,5.2130433063678705e-05,0.0014373672680139942,0.0015245315333818484,0.00141348050371719,0.00155230617508724,0.25,0.4629100498862757,2,8,0.07147768885802763,0.5907301208974108,0.0,1.0,4653.712150500006,603.5455607932098,4149.135434646638,5158.288866353374,4104.427508400039,5538.689485850023
target_snr_db,-6.0,Current legacy CSI [production replay],production_replay,8,8,0.0,15.029396406632452,2.938167845587591,12.573026617077314,17.48576619618759,11.912949765685042,19.384496047539788,-7.428055272473023,0.30256370267064175,-7.68100485796802,-7.175105686978027,-7.753436797607626,-6.976687648297558,20.299967605077732,0.04425525832786511,20.262969283232785,20.33696592692268,20.256417124542065,20.36542157934265,7.094325408266257,0.077669473650225,7.029392103338979,7.159258713193535,7.032784225315107,7.221368651297599,11.028848781953123,0.10429662428897889,10.941654622014042,11.116042941892204,10.88945754563535,11.16709106855295,10.041418961598762,0.09582296306526968,9.961308959723727,10.121528963473796,9.89522404102677,10.135080531682975,0.0008471870010331548,0.0001272491852939828,0.0007408040198937184,0.0009535699821725912,0.0006475063398140321,0.0009459941767634075,2.892201486876043e-05,1.784145778545249e-05,1.400618289148808e-05,4.383784684603278e-05,1.0810195721438325e-05,5.518889394629038e-05,1.0,0.0,8,8,0.6755843804891231,1.0,1.0,1.0,1531.4233531249924,232.60754597459868,1336.958578210033,1725.8881280399519,1208.8463445499856,1798.904455999974
target_snr_db,-6.0,Current legacy CSI [scientific controlled],scientific_controlled,8,8,0.0,15.029740790203782,2.93882519714314,12.572821440995478,17.486660139412088,11.912576266531563,19.385958565743998,-7.427509488379514,0.30256183861668856,-7.680457515486407,-7.174561461272622,-7.75286126405992,-6.976121920142559,20.299957733240444,0.04425658987391696,20.262958298195137,20.33695716828575,20.256400150324772,20.36540909744793,7.094362066332709,0.077630467144367,7.029461371660401,7.159262761005018,7.032725430598678,7.221298140083358,11.028654762859686,0.10434859677324279,10.941417152836422,11.11589237288295,10.889125045751241,11.166995763047822,10.041450484503633,0.09582344460923943,9.961340080047766,10.1215608889595,9.895249465764557,10.1350984613736,0.0008478914248145016,0.00012752988991415447,0.0007412737687398624,0.0009545090808891408,0.0006475063398140321,0.0009472151779844087,2.892201486876043e-05,1.784145778545249e-05,1.400618289148808e-05,4.383784684603278e-05,1.0810195721438325e-05,5.518889394629038e-05,1.0,0.0,8,8,0.6755843804891231,1.0,1.0,1.0,1509.6781841249935,134.69019756127332,1397.0743610535585,1622.2820071964286,1395.2521884000362,1725.5297673999848
target_snr_db,-6.0,DL-SMI/MVDR global,scientific_controlled,8,8,0.0,-0.9210408756819262,0.10042747629536916,-1.005000346950279,-0.8370814044135734,-1.0243617830128533,-0.7797896160502336,-0.01125136743218225,6.696771642814016e-05,-0.011307353844175905,-0.011195381020188595,-0.011325655373409868,-0.011151354505321657,-0.811353831377496,0.008262178722100126,-0.8182611856456838,-0.8044464771093081,-0.8214506346640286,-0.7995939852320243,24.831852619402625,0.07564008817577915,24.76861592318961,24.89508931561564,24.714207395294483,24.907314902749263,36.173952656226305,0.08709304446189309,36.10114104894599,36.24676426350662,36.047214620108,36.2689175911763,35.04304768339561,0.10116194415624814,34.958474181629455,35.12762118516177,34.89118951487107,35.15996481822634,0.151405325443787,0.0008824997127807863,0.150667537220755,0.15214311366681899,0.1502063492063492,0.15246059922983,0.0016009046426945835,5.94695459343299e-05,0.0015511868581061282,0.0016506224272830388,0.0015359012289485662,0.0016855370960400546,0.5,0.5345224838248488,4,8,0.21521252682444186,0.7847874731755582,0.0,1.0,3043.483749874994,379.54145910728687,2726.179149514979,3360.7883502350087,2562.265034999979,3562.6384673500297
target_snr_db,-6.0,DL-SMI/MVDR local,scientific_controlled,8,8,0.0,-0.07010366280790548,0.05857666758977428,-0.11907498242002926,-0.0211323431957817,-0.15587721556946912,-0.008504868124331823,-0.01226944042166267,6.0791254939830864e-05,-0.012320263182631753,-0.012218617660693586,-0.012339325822994265,-0.012195695293242388,0.12151981674062451,0.004452583752743797,0.11779736356895534,0.12524226991229367,0.11548033612742956,0.1275010435883284,23.559602794301394,0.07627203420228773,23.49583777798901,23.62336781061378,23.446464280465104,23.64625507424158,35.06158833524211,0.0800830052766557,34.994637267380625,35.12853940310359,34.96133386383376,35.1749595766306,34.12896273361482,0.0991480159410438,34.04607291797081,34.21185254925883,33.98316374151768,34.24612227421907,0.1346555367709214,0.0007717584706642997,0.13401033054316283,0.13530074299867997,0.1335112238189161,0.1354039635578097,0.0018723448642087694,5.07551588103905e-05,0.0018299124895732816,0.0019147772388442572,0.001814690487027765,0.0019470679714762554,0.5,0.5345224838248488,4,8,0.21521252682444186,0.7847874731755582,0.0,1.0,2269.2692917500067,380.35732960603156,1951.282606583872,2587.2559769161417,1981.2741414999919,2878.679276849999
target_snr_db,-6.0,MNEC physical,scientific_controlled,8,8,0.0,-0.2756327202597826,0.06126986988379909,-0.3268556133353278,-0.22440982718423735,-0.35363383550905486,-0.20729307214264656,-0.011645625316804235,5.8148272805527794e-05,-0.011694238489414102,-0.011597012144194369,-0.011731535343644796,-0.01157934189797267,-0.22414752463472656,0.003152593377115482,-0.22678315865472565,-0.22151189061472748,-0.22844711721353878,-0.2212458588350308,24.14706573370994,0.07358841366194512,24.085544280314437,24.208587187105444,24.034625885502933,24.224544402035537,35.5164785151037,0.07751604888850383,35.45167347648709,35.58128355372031,35.409735479873795,35.61419978588608,34.45578883534565,0.09533533502937326,34.3760865007105,34.5354911699808,34.31443555756419,34.5678484030561,0.14346106884568424,0.0007672131082134784,0.14281966263603002,0.14410247505533846,0.14233615102845873,0.14416013900629285,0.0017194374905173723,5.3698688116042614e-05,0.001674544263799546,0.0017643307172351985,0.001654054771658322,0.0017864322561068123,0.5,0.5345224838248488,4,8,0.21521252682444186,0.7847874731755582,0.0,1.0,3239.596904999985,460.1751353879154,2854.8808642983468,3624.312945701623,2845.608130700029,3915.7457975499424
target_snr_db,-6.0,Phase-only CSI [production replay],production_replay,8,8,0.0,13.41362063425841,2.739148756782472,11.123634966706323,15.703606301810495,10.344629536518267,17.457965919906908,-6.694024321582248,0.022094495241347423,-6.7124957818522315,-6.675552861312264,-6.7196690178146055,-6.668465569901039,18.57237372385092,0.04292185234437482,18.536490157304918,18.60825729039692,18.517867300379503,18.624692815124636,8.75376327351144,0.10849821899551863,8.663056492494364,8.844470054528516,8.619581222420727,8.906319260864983,12.810408603657155,0.11960053731880525,12.710420052245546,12.910397155068765,12.676472856191637,12.976242030328315,11.784359210059016,0.10081765851663131,11.700073538290521,11.86864488182751,11.628048488241058,11.888653375701285,0.002971729125575279,0.00030502749183959475,0.00271671976078907,0.0032267384903614882,0.002501267962806424,0.003242227857612473,4.741313912911546e-07,1.341046087821551e-06,-6.470111947162795e-07,1.5952739772985886e-06,0.0,2.4654832347140017e-06,1.0,0.0,8,8,0.6755843804891231,1.0,1.0,1.0,1440.1594536249931,193.84523724503413,1278.100779770496,1602.2181274794902,1198.184756150002,1682.42316850002
target_snr_db,-6.0,Phase-only CSI [scientific controlled],scientific_controlled,8,8,0.0,13.414008110668444,2.7395689857259145,11.123671122927853,15.704345098409036,10.34464995156314,17.459007422665863,-6.693484264552234,0.02211094462005694,-6.7119694768469635,-6.674999052257505,-6.719179276943251,-6.667932889119169,18.57236505031598,0.04292426279802628,18.536479468580296,18.608250632051664,18.5178565218064,18.624683559843053,8.753844053152523,0.108488768868639,8.663145172639227,8.844542933665819,8.619689722019567,8.906434975326693,12.810491091312057,0.1195433713515581,12.71055033184506,12.910431850779055,12.676525475175037,12.97618053814665,11.784385044020398,0.10082051721706782,11.70009698231853,11.868673105722266,11.628068074393001,11.888678473978803,0.0029721987414295103,0.0003057121404488019,0.0027166169960821827,0.003227780486776838,0.0025007044237813467,0.003242227857612473,4.741313912911546e-07,1.341046087821551e-06,-6.470111947162795e-07,1.5952739772985886e-06,0.0,2.4654832347140017e-06,1.0,0.0,8,8,0.6755843804891231,1.0,1.0,1.0,1520.716740999987,115.95084248869514,1423.7794108231476,1617.6540711768264,1379.345161750004,1663.0594310499987
target_snr_db,-6.0,Row complex LS / Wiener [scientific controlled],scientific_controlled,8,8,0.0,13.471139376618952,2.658718465166997,11.248395115573324,15.69388363766458,10.458419517639024,17.323853792812017,-6.720818556051849,0.032403216577518816,-6.747908323031963,-6.693728789071736,-6.763726386998673,-6.6816476241426725,18.77456188730928,0.03739781297399141,18.743296533247666,18.805827241370892,18.724985830137307,18.816091627089726,8.521609685561085,0.10855947482820986,8.43085169338632,8.61236767773585,8.392486947178943,8.6778506505886,12.55054122674855,0.11067530071501236,12.458014359866334,12.643068093630765,12.401029097123054,12.683651380033771,11.523802934725133,0.09843662619525462,11.441507855791887,11.606098013658379,11.371476442905095,11.623306209727081,0.0024443505212735986,0.00024553987748887683,0.002239074046649962,0.0026496269958972353,0.0020667793744716823,0.002651169343477036,7.111970869367319e-07,1.411060175130566e-06,-4.684787408551744e-07,1.8908729147286383e-06,0.0,3.1292671825216194e-06,1.0,0.0,8,8,0.6755843804891231,1.0,1.0,1.0,1585.227703625023,140.6466235065472,1467.6441838464493,1702.8112234035966,1412.1405006000118,1717.7005943500603
target_snr_db,-6.0,Row complex LS / Wiener robust IRLS [scientific controlled],scientific_controlled,8,8,0.0,13.471150308065159,2.660843235092289,11.246629694908783,15.695670921221534,10.457889082694313,17.331839704821654,-6.693103968961319,0.030783126021164734,-6.718839306341725,-6.667368631580913,-6.735876921078769,-6.658746920819666,18.772888256429397,0.037461885441598466,18.741569336444375,18.80420717641442,18.723384599061433,18.814751187315764,8.526400910939223,0.1095476531368396,8.43481678102435,8.617985040854096,8.392973859191155,8.682266119161822,12.564715740729852,0.11098820741170981,12.471927277302745,12.65750420415696,12.416904604634682,12.700344654769507,11.53824499236611,0.09849546818849175,11.45590072029546,11.62058926443676,11.385027766299531,11.636987968529358,0.0024877899877899876,0.00025343634726355965,0.0022759118992293544,0.002699668076350621,0.0020960834037757115,0.0026845120691274538,7.111970869367319e-07,1.411060175130566e-06,-4.684787408551744e-07,1.8908729147286383e-06,0.0,3.1292671825216194e-06,1.0,0.0,8,8,0.6755843804891231,1.0,1.0,1.0,1704.8906447500017,122.34641389308645,1602.606483074655,1807.1748064253484,1520.6794550499894,1834.242862700006
target_snr_db,-6.0,SA-MNEC physical [approximate academic reference],scientific_controlled,8,8,0.0,-0.2083010046424254,0.041689477652408484,-0.24315428016291588,-0.17344772912193493,-0.25821058000593516,-0.14999350234616637,0.005003812658141652,0.0007269553624755846,0.004396062766173509,0.005611562550109795,0.004140017868947127,0.005866058236485811,-0.22235522755133652,0.003438122978204177,-0.2252295702915305,-0.21948088481114253,-0.2274241480147114,-0.21922827259326894,24.145341580464418,0.07313195266981588,24.084201738008144,24.206481422920692,24.03454005494733,24.222641922636576,35.510737102338126,0.08228932610757217,35.44194150410263,35.57953270057362,35.3975864116078,35.61454955224335,34.45336263601659,0.09510412449679986,34.373853598223924,34.53287167380926,34.31197191602082,34.564536795895364,0.14354254719639334,0.0007647099341677588,0.1429032336926113,0.14418186070017538,0.14241016248708557,0.14421085751854984,0.0017220452131694736,5.404265987245868e-05,0.001676864418866906,0.0017672260074720412,0.0016628736155363374,0.0017968631467152178,0.5,0.5345224838248488,4,8,0.21521252682444186,0.7847874731755582,0.0,1.0,8713.127053750008,1218.6922223246731,7694.274859114588,9731.979248385427,7438.436423250002,10449.81524709999
target_snr_db,-6.0,Shrinkage-SMI/MVDR global,scientific_controlled,8,8,0.0,-0.7290609320002683,0.08719813126332313,-0.8019603940451452,-0.6561614699553915,-0.81794759546362,-0.6083185250225893,-0.0112437966684754,6.203188248718507e-05,-0.011295656620029761,-0.01119193671692104,-0.011308768228583998,-0.011149543235613768,-0.6207900031084332,0.006696048318526178,-0.6263880395935613,-0.6151919666233052,-0.6288310195001685,-0.611091768549601,24.600797387873254,0.07647744896189307,24.53686064052427,24.664734135222236,24.482061711884644,24.675532199497255,35.95966489274479,0.08681473195523681,35.887085960542734,36.032243824946846,35.83024137438114,36.0505391458058,34.8535717148956,0.09778008102558214,34.77182552146006,34.93531790833114,34.70664066833558,34.96670106467017,0.1485207100591716,0.0008303682525471702,0.1478265048275591,0.14921491529078412,0.1474179581102658,0.14944951629567013,0.0016336197086936734,5.974109286420262e-05,0.0015836749051906971,0.0016835645121966497,0.0015652973752086179,0.001714838416021848,0.5,0.5345224838248488,4,8,0.21521252682444186,0.7847874731755582,0.0,1.0,5340.576198750028,559.5873658721179,4872.749453518557,5808.402943981499,4893.049461100071,6192.215632800031
target_snr_db,-6.0,Shrinkage-SMI/MVDR local,scientific_controlled,8,8,0.0,-0.19847669275948276,0.061322155604363764,-0.24974329779131157,-0.14721008772765395,-0.2816922888310753,-0.12863811513884427,-0.011718940994942386,6.761934351961613e-05,-0.01177547218081748,-0.011662409809067293,-0.011793747829915628,-0.011619864353471678,-0.07757407868326473,0.004205815989180275,-0.08109022884186273,-0.07405792852466672,-0.08309522089266048,-0.07200852875363879,23.85784810139162,0.08111933108070715,23.790030643476545,23.925665559306697,23.734327556465704,23.940953294334527,35.304546956239946,0.08215734257980414,35.23586169899495,35.37323221348494,35.19144302946221,35.404423349538725,34.322726481781146,0.0984272295044591,34.240439258677995,34.4050137048843,34.176904710079036,34.43793483013552,0.13846834789142481,0.0008260858477077498,0.13777772283985204,0.1391589729429976,0.13726927773081618,0.13930759838452147,0.0017969579729934758,5.237197671157742e-05,0.0017531739047664692,0.0018407420412204824,0.0017309588833257473,0.0018690259444697314,0.5,0.5345224838248488,4,8,0.21521252682444186,0.7847874731755582,0.0,1.0,2668.374760875018,508.4287307423634,2243.31770492332,3093.4318168267164,2156.705951350034,3450.629569400053
target_snr_db,-9.0,Corrected JDL physical,scientific_controlled,5,5,0.0,-0.83988661680938,0.47025006530111557,-1.4237791930472086,-0.2559940405715516,-1.4606313970199416,-0.4180298592173671,1.4539811625994141,0.12239762483757778,1.3020044383728222,1.605957886826006,1.3037305157232773,1.581681917279242,-2.380793217326621,0.018811086043874537,-2.404150265634432,-2.35743616901881,-2.4024434152217733,-2.3604325084813693,26.119522299246864,0.080487192578304,26.01958424990581,26.219460348587916,26.00993771886172,26.175637088512296,37.93340561487356,0.07539949845532949,37.83978477215888,38.027026457588235,37.83378371305128,38.000085702231075,36.6815108560667,0.09258583702918102,36.56655035548391,36.79647135664949,36.55420401912502,36.746623310505335,0.1548041701887856,0.0009468247599041524,0.15362853197180373,0.15597980840576744,0.15372818634357097,0.15586662909739832,0.0014808071612805343,6.570304730399826e-05,0.001399226052870816,0.0015623882696902526,0.0014083598846912457,0.0015581854043392506,0.2,0.44721359549995804,1,5,0.03622316096978745,0.6244717358814613,0.0,0.7999999999999998,4886.591818000011,408.30563751497016,4379.613407633633,5393.570228366389,4440.607532800004,5328.726795800048
target_snr_db,-9.0,Current legacy CSI [production replay],production_replay,5,5,0.0,14.886074717575307,2.2884458718428458,12.044593866667762,17.727555568482853,12.577426277618265,17.656830251007214,-7.551932005802188,0.2141550765900052,-7.817840654436779,-7.286023357167597,-7.833741996494583,-7.352418102613574,20.296855690607572,0.041495705804808006,20.245331966629646,20.348379414585498,20.256664077246626,20.34869845374364,7.11790143148315,0.09159189488799696,7.0041750730733705,7.23162778989293,7.044551058869242,7.225053286659763,11.024878255935079,0.13132756333689108,10.861813548567707,11.18794296330245,10.880675687270918,11.1784693388187,10.036768646004623,0.12197161508283923,9.885320882753373,10.188216409255872,9.875445785869474,10.138120697548786,0.0008227669766131304,0.00015197570097062217,0.000634064220115978,0.0010114697331102828,0.0006161360007513854,0.0009433643279797126,3.1103019268699744e-05,2.206010624123099e-05,3.711779552391293e-06,5.8494258985008196e-05,1.0241238051888939e-05,5.917159763313609e-05,1.0,0.0,5,5,0.5655085052479191,1.0,1.0,1.0,1614.6039973999905,138.51191635866772,1442.618737535085,1786.5892572648959,1441.5086516000429,1756.6728155999726
target_snr_db,-9.0,Current legacy CSI [scientific controlled],scientific_controlled,5,5,0.0,14.886207297971428,2.2886605766616306,12.044459855820156,17.727954740122698,12.577295790206936,17.657244977917863,-7.551688431177294,0.21415000646449397,-7.817590784419571,-7.285786077935017,-7.833486218778247,-7.352171386390924,20.296851891786677,0.04149722642815358,20.245326279705488,20.348377503867866,20.25665624414659,20.34869454445188,7.117896533925935,0.09158268128385191,7.004181615716716,7.231611452135153,7.044522292688574,7.22506038367126,11.02469815794906,0.13139890959938086,10.86154486249615,11.187851453401972,10.880225859063751,11.178271844287519,10.03678100078958,0.12197188926625342,9.885332897094656,10.188229104484503,9.875457063195508,10.138121766024904,0.0008231426692965154,0.00015226217756976774,0.0006340842051198758,0.001012201133473155,0.0006161360007513854,0.0009437400206630976,3.1103019268699744e-05,2.206010624123099e-05,3.711779552391293e-06,5.8494258985008196e-05,1.0241238051888939e-05,5.917159763313609e-05,1.0,0.0,5,5,0.5655085052479191,1.0,1.0,1.0,1551.0169265999593,126.27925634225447,1394.2205202797131,1707.8133329202055,1450.88957699993,1711.1561605999213
target_snr_db,-9.0,DL-SMI/MVDR global,scientific_controlled,5,5,0.0,-0.9075578978604764,0.09069671738222292,-1.0201727465893335,-0.7949430491316192,-0.9942698219606427,-0.7933859363116696,-0.011236125741013831,8.114269252599172e-05,-0.011336877701040754,-0.01113537378098691,-0.011323461960575067,-0.011137121105069144,-0.8100739829315412,0.009862521597427999,-0.8223199209305844,-0.797828044932498,-0.8211223753699298,-0.7984814037434422,24.83056579705417,0.06269132011039477,24.752724241873164,24.908407352235177,24.74585785602799,24.873128679580248,36.151150050224054,0.09388920864991346,36.03457120002352,36.267728900424586,36.030528747524876,36.244385518681305,35.03243536381312,0.09553526213354237,34.91381266826285,35.15105805936339,34.901542488435624,35.10390503616561,0.15115957546726777,0.0007841784971892172,0.15018588925914161,0.15213326167539393,0.15018127171973325,0.1519496571804264,0.0016037020179032013,7.363063585414374e-05,0.0015122775081981871,0.0016951265276082155,0.0015327719617660447,0.001689804278561675,0.4,0.5477225575051662,2,5,0.1176182311592533,0.769280067791163,0.0,1.0,3302.2890916000056,335.0164053079785,2886.3112823211177,3718.2669008788935,2957.7275470000586,3718.1011330000047
target_snr_db,-9.0,DL-SMI/MVDR local,scientific_controlled,5,5,0.0,-0.057908713837231576,0.051216415254134895,-0.12150229277539551,0.005684865100932357,-0.11988206395407382,-0.007927526047225087,-0.012263986562605831,6.792894424200635e-05,-0.012348331487107189,-0.012179641638104474,-0.012338211054988602,-0.012194886093587593,0.12377627768443625,0.0032923777843501868,0.1196882507211195,0.127864304647753,0.12060330056560208,0.12802175465151777,23.5565371958406,0.06653858976962682,23.47391862443234,23.639155767248862,23.466890231003987,23.611574700980317,35.040612342548044,0.08236453504929325,34.938343264648466,35.14288142044762,34.94995113629112,35.14111322135061,34.11702908607419,0.09131250034378183,34.00364964181126,34.23040853033712,33.99278992300923,34.18594025724446,0.13454381515919978,0.0008598373641706888,0.13347618605979777,0.13561144425860178,0.1334640743871513,0.13536770921386307,0.0018726293430435443,6.545898580775183e-05,0.0017913512770070632,0.0019539074090800254,0.0018115612198452435,0.0019530420270065239,0.4,0.5477225575051662,2,5,0.1176182311592533,0.769280067791163,0.0,1.0,2382.669406400032,205.60343857586747,2127.3790188132757,2637.9597939867886,2171.567587399977,2644.3452818000196
target_snr_db,-9.0,MNEC physical,scientific_controlled,5,5,0.0,-0.26777362039800073,0.055491137632316896,-0.33667496821547344,-0.19887227258052803,-0.32863619293538165,-0.21468088747148925,-0.011624670443221963,5.2404437977572444e-05,-0.011689739147204867,-0.011559601739239058,-0.011692931618714292,-0.011579096853543804,-0.2230204168833402,0.002663439433867898,-0.2263275137397728,-0.2197133200269076,-0.22662256433807831,-0.22108977442078517,24.147236867369752,0.060768997945621614,24.071782190413696,24.22269154432581,24.06396920532543,24.191296973302094,35.504311792046735,0.08943276585407862,35.393266346425854,35.61535723766762,35.39656048793094,35.603178916296834,34.44507176947526,0.08899916902995958,34.334564705420625,34.5555788335299,34.32441275372943,34.51407269326189,0.14331173100403868,0.0008226565344221562,0.1422902680023588,0.14433319400571856,0.14226317272471117,0.1441104536489152,0.0017137005006827495,6.687236276956461e-05,0.0016306674953568932,0.0017967335060086057,0.0016514944621453499,0.0017872856926111364,0.4,0.5477225575051662,2,5,0.1176182311592533,0.769280067791163,0.0,1.0,3142.1498780000093,401.45779753575084,2643.6741840012955,3640.625571998723,2637.9380280000078,3540.127153999947
target_snr_db,-9.0,Phase-only CSI [production replay],production_replay,5,5,0.0,13.226039075012812,2.045321994641506,10.686436389530122,15.765641760495502,10.885144174686008,15.49294859992162,-6.695015688078167,0.024194257772386162,-6.725056826917424,-6.664974549238909,-6.719836931972632,-6.667763035317009,18.570578281191803,0.04669249355710166,18.512601892955544,18.628554669428063,18.515747736390995,18.619739035550044,8.784850962218076,0.11712098805947346,8.63942604791046,8.930275876525693,8.652899148557832,8.910673692131356,12.796264452818662,0.13880420970354207,12.62391626283051,12.968612642806812,12.672058978955288,12.978461591409628,11.777101996940624,0.12981115648937164,11.61592015736245,11.9382838365188,11.614510098424264,11.89326257729526,0.00293791678407063,0.00038977776418374054,0.002453943766982938,0.003421889801158322,0.0024160796468488776,0.0032534986381140226,7.586102260658473e-07,1.6963040339097175e-06,-1.3476294228493397e-06,2.8648498749810344e-06,0.0,3.0344409042633886e-06,1.0,0.0,5,5,0.5655085052479191,1.0,1.0,1.0,1567.5344256000017,88.72166350451303,1457.3719301656115,1677.6969210343918,1464.3057733999512,1659.593440399999
target_snr_db,-9.0,Phase-only CSI [scientific controlled],scientific_controlled,5,5,0.0,13.226206563732443,2.045460871660041,10.686431439655662,15.765981687809225,10.885234915726373,15.493316148607398,-6.6947689088497615,0.024206926591329673,-6.724825778105401,-6.664712039594122,-6.719625068124147,-6.667513661207909,18.57057508152361,0.04669492065155287,18.51259567965155,18.62855448339567,18.515741534092548,18.619736696144304,8.784994661970636,0.11707255291132727,8.63962988784272,8.930359436098552,8.653108094378055,8.91079270162118,12.796274917753658,0.13889639187159547,12.623812268486159,12.968737567021158,12.671709896276178,12.978473864823913,11.77711205625744,0.12981368947465158,11.615927071562634,11.938297040952246,11.61451774189956,11.893278269948773,0.002937541091387245,0.00039056773574651545,0.00245258719505045,0.00342249498772404,0.0024145768761153377,0.0032534986381140226,7.586102260658473e-07,1.6963040339097175e-06,-1.3476294228493397e-06,2.8648498749810344e-06,0.0,3.0344409042633886e-06,1.0,0.0,5,5,0.5655085052479191,1.0,1.0,1.0,1517.4643728000092,160.3337271519738,1318.3837560974198,1716.5449895025986,1346.780028000012,1699.1869142000041
target_snr_db,-9.0,Row complex LS / Wiener [scientific controlled],scientific_controlled,5,5,0.0,13.293585062367281,2.0130797694698757,10.794016387102218,15.793153737632345,10.916451745781261,15.394418526167604,-6.724967299578279,0.022325162283282792,-6.75268764983951,-6.697246949317048,-6.75052754949521,-6.704460153086276,18.77439486489411,0.041220610457268256,18.723212716905298,18.82557701288292,18.72549535455019,18.816523559616204,8.544613328907133,0.1253896656398811,8.388921495335161,8.700305162479104,8.410895719611426,8.681343109493119,12.53340434664739,0.13396537160163605,12.367064367723518,12.699744325571263,12.388708078011927,12.686156224810865,11.513591976453007,0.12574354369638527,11.35746074523852,11.669723207667495,11.362420622990381,11.624394310676855,0.0023830186907109986,0.00029896676235403896,0.0020118024252361527,0.0027542349561858444,0.0019949281487743028,0.002649760495914342,7.586102260658473e-07,1.6963040339097175e-06,-1.3476294228493397e-06,2.8648498749810344e-06,0.0,3.0344409042633886e-06,1.0,0.0,5,5,0.5655085052479191,1.0,1.0,1.0,1494.1196418000118,121.84151452801476,1342.8334197238348,1645.4058638761887,1338.7522766000075,1593.2748530000254
target_snr_db,-9.0,Row complex LS / Wiener robust IRLS [scientific controlled],scientific_controlled,5,5,0.0,13.296153412290048,2.0256531543844543,10.780972817640981,15.811334006939115,10.91958195647401,15.429314363632066,-6.696979577346559,0.024412303991981698,-6.727291456326633,-6.666667698366485,-6.728239349344083,-6.675940061392372,18.77275614700463,0.041298683853738145,18.7214770580902,18.824035235919055,18.723879773954692,18.815114444675945,8.55050931888516,0.1250440479653107,8.395246626336846,8.705772011433474,8.415097881211336,8.685372501690498,12.547842590782311,0.13353481926752536,12.382037213191047,12.713647968373575,12.406270826259453,12.701815921396847,11.527801829174006,0.12590022290506267,11.371476055026836,11.684127603321176,11.375302353364921,11.638017467142236,0.002431107354184277,0.00031166193356703864,0.0020441279516632046,0.0028180867567053495,0.002019723865877712,0.002688456842302996,7.586102260658473e-07,1.6963040339097175e-06,-1.3476294228493397e-06,2.8648498749810344e-06,0.0,3.0344409042633886e-06,1.0,0.0,5,5,0.5655085052479191,1.0,1.0,1.0,1695.9240358000213,103.79740525544904,1567.0425345872616,1824.805537012781,1565.0662924000244,1803.484434400002
target_snr_db,-9.0,SA-MNEC physical [approximate academic reference],scientific_controlled,5,5,0.0,-0.20250993385869087,0.04311720216175738,-0.2560470114862611,-0.14897285623112066,-0.23489263955417067,-0.14389364858134465,0.005232702020423067,0.0006756538599515305,0.004393766947273177,0.006071637093572958,0.004430864725658129,0.0059513772028720255,-0.22183750586758383,0.003605092517673885,-0.22631381945697682,-0.21736119227819084,-0.22681621290938975,-0.21954199506759933,24.14607962413897,0.06134160696865732,24.069913959173963,24.222245289103977,24.061960650679598,24.18990459301558,35.497959676612155,0.09540025523610739,35.37950461426593,35.616414738958376,35.3815520963953,35.60292211463192,34.44326052668242,0.08949548304824746,34.33213720737947,34.55438384598538,34.32204559813708,34.511915186568515,0.1433985160139006,0.0008511319607698212,0.1423416961004913,0.1444553359273099,0.14229848783694937,0.14418934911242604,0.00171901077226521,6.867674955396637e-05,0.001633737324830326,0.0018042842197000942,0.00166059778485814,0.0018005613715672889,0.4,0.5477225575051662,2,5,0.1176182311592533,0.769280067791163,0.0,1.0,8406.20716200001,1235.9154206639512,6871.615479335502,9940.798844664518,7346.336741799973,9959.55504540002
target_snr_db,-9.0,Shrinkage-SMI/MVDR global,scientific_controlled,5,5,0.0,-0.7158516794335373,0.07875003138235785,-0.8136327582585055,-0.6180706006085692,-0.7879115025514821,-0.6165126115910425,-0.011228882043369881,7.360436240990205e-05,-0.011320273930285072,-0.011137490156454691,-0.011304896779865277,-0.01113838317052172,-0.6186354057395297,0.007208848554743935,-0.6275863734584656,-0.6096844380205938,-0.6267579500528629,-0.6107008730953065,24.59851567421132,0.06821992585469332,24.51380944831735,24.68322190010529,24.504668319045457,24.642416965495226,35.939546186783204,0.09692171609110306,35.81920198126866,36.059890392297746,35.81531156331021,36.03472508427316,34.84198726590823,0.09259336433351326,34.72701741894265,34.95695711287381,34.71529578044154,34.91145472555832,0.1483073166150089,0.000813072661076324,0.1472977535638259,0.1493168796661919,0.14734291349675965,0.1491638959331267,0.0016336671218328022,7.467351158688338e-05,0.0015409477108758438,0.0017263865327897606,0.0015650128963738432,0.0017171142467000454,0.4,0.5477225575051662,2,5,0.1176182311592533,0.769280067791163,0.0,1.0,5177.822706599977,300.2397378813265,4805.025833242303,5550.619579957652,4885.10104620002,5517.88304759998
target_snr_db,-9.0,Shrinkage-SMI/MVDR local,scientific_controlled,5,5,0.0,-0.18871335513880894,0.055398564263368595,-0.257499757936866,-0.11992695234075185,-0.25755313314556894,-0.13220751005471457,-0.011724698317345811,6.253898741686125e-05,-0.011802350726505508,-0.011647045908186115,-0.01179630652806596,-0.011652890952804404,-0.07573197222677243,0.00354235221271284,-0.0801303834382589,-0.07133356101528596,-0.07921990189649207,-0.07124650473706606,23.856205807267717,0.0730173603757386,23.76554277964522,23.946868834890214,23.75747029965563,23.911732148715434,35.291179302586784,0.09342459532745204,35.17517734602184,35.40718125915173,35.17541213399826,35.38951462022147,34.311255215774466,0.09146938409436355,34.197680974606534,34.4248294569424,34.18677883535752,34.38070157472365,0.13834094111017187,0.0008719241608803291,0.13725830427044186,0.13942357794990187,0.13726345449422372,0.13924297924297924,0.001794492489758762,6.83723112257738e-05,0.001709597052435668,0.0018793879270818559,0.0017303899256561979,0.0018718707328174784,0.4,0.5477225575051662,2,5,0.1176182311592533,0.769280067791163,0.0,1.0,2643.0396884000174,330.2895564569916,2232.9310371643555,3053.1483396356793,2406.798521800033,3087.9853415999605
target_snr_db,0.0,Corrected JDL physical,scientific_controlled,8,8,0.0,-0.8874293864829582,0.4356307080361148,-1.2516257724142146,-0.5232330005517017,-1.5348765327264378,-0.4415392090015284,1.4575731564558732,0.10910611172571535,1.3663581643983729,1.5487881485133734,1.3030798350619448,1.5854967251649652,-2.377167687977848,0.021341321223904863,-2.39500947901178,-2.359325896943916,-2.403015586487422,-2.349074438306788,26.121728156248032,0.07732024576594293,26.05708681313836,26.186369499357706,25.997603163096134,26.195792596351424,37.94117308313635,0.07051078438651087,37.88222459220348,38.00012157406922,37.83654048510863,38.0257603811365,36.68701243130596,0.086797847978179,36.61444761446196,36.75957724814996,36.54984855063766,36.77826509577318,0.15508312200619892,0.0010339874106426864,0.1542186868984166,0.15594755711398123,0.15377665069972762,0.15624542124542123,0.0014809494006979213,5.2130433063678705e-05,0.0014373672680139942,0.0015245315333818484,0.00141348050371719,0.00155230617508724,0.375,0.5175491695067657,3,8,0.13684175946152105,0.6942621454161981,0.0,1.0,4818.20983737493,498.16699894700525,4401.731803894154,5234.687870855707,4184.552100099998,5493.696101149987
target_snr_db,0.0,Current legacy CSI [production replay],production_replay,8,8,0.0,15.120443873275889,2.9555457100066107,12.64954582549685,17.59134192105493,11.862948250415458,19.472729967154375,-7.33766284382337,0.16192594072276645,-7.473036317988239,-7.2022893696585015,-7.513017416880456,-7.114981947523215,20.299996835252614,0.04425346234834498,20.26300001488412,20.336993655621107,20.25647042966925,20.365462460330136,7.094354702675959,0.07777833480640829,7.029330387544582,7.159379017807336,7.032890012935784,7.221591487360704,11.02877394521948,0.10394200093311905,10.941876257825122,11.11567163261384,10.889803306405215,11.166519839471349,10.04131253023651,0.09582336678182891,9.961202190845986,10.121422869627034,9.89512846905747,10.13499637483624,0.0008478914248145016,0.00012647409749056614,0.0007421564332946592,0.0009536264163343441,0.000649384803230957,0.0009459941767634075,2.9159080564406007e-05,1.79902362686822e-05,1.4118866662496467e-05,4.419929446631555e-05,1.0810195721438325e-05,5.5852677894098e-05,1.0,0.0,8,8,0.6755843804891231,1.0,1.0,1.0,1511.360177499995,92.1783955635263,1434.2971103059465,1588.4232446940434,1433.641749550006,1659.7877021500608
target_snr_db,0.0,Current legacy CSI [scientific controlled],scientific_controlled,8,8,0.0,15.121960598993939,2.958356363918504,12.648712785741685,17.595208412246194,11.861485259155552,19.479138714306345,-7.335289679589359,0.16190266059005934,-7.470643691076232,-7.199935668102487,-7.51061276721872,-7.112611255943794,20.299957733240444,0.04425658987391696,20.262958298195137,20.33695716828575,20.256400150324772,20.36540909744793,7.094362066332709,0.077630467144367,7.029461371660401,7.159262761005018,7.032725430598678,7.221298140083358,11.028654762859686,0.10434859677324279,10.941417152836422,11.11589237288295,10.889125045751241,11.166995763047822,10.041450484503633,0.09582344460923943,9.961340080047766,10.1215608889595,9.895249465764557,10.1350984613736,0.0008478914248145016,0.00012752988991415447,0.0007412737687398624,0.0009545090808891408,0.0006475063398140321,0.0009472151779844087,2.892201486876043e-05,1.784145778545249e-05,1.400618289148808e-05,4.383784684603278e-05,1.0810195721438325e-05,5.518889394629038e-05,1.0,0.0,8,8,0.6755843804891231,1.0,1.0,1.0,1477.5843782499578,136.350667641651,1363.5923674519347,1591.576389047981,1325.095349899982,1680.3284551999125
target_snr_db,0.0,DL-SMI/MVDR global,scientific_controlled,8,8,0.0,-0.9210408743113812,0.10042747018545853,-1.005000340471721,-0.8370814081510415,-1.0243617547719355,-0.7797896205905421,-0.011251366061636535,6.695451490721739e-05,-0.011307341436882504,-0.011195390686390565,-0.011325668931785047,-0.011151381899175515,-0.811353831377496,0.008262178722100126,-0.8182611856456838,-0.8044464771093081,-0.8214506346640286,-0.7995939852320243,24.831852619402625,0.07564008817577915,24.76861592318961,24.89508931561564,24.714207395294483,24.907314902749263,36.173952656226305,0.08709304446189309,36.10114104894599,36.24676426350662,36.047214620108,36.2689175911763,35.04304768339561,0.10116194415624814,34.958474181629455,35.12762118516177,34.89118951487107,35.15996481822634,0.151405325443787,0.0008824997127807863,0.150667537220755,0.15214311366681899,0.1502063492063492,0.15246059922983,0.0016009046426945835,5.94695459343299e-05,0.0015511868581061282,0.0016506224272830388,0.0015359012289485662,0.0016855370960400546,0.5,0.5345224838248488,4,8,0.21521252682444186,0.7847874731755582,0.0,1.0,3053.5059828750445,403.46686733528054,2716.19924068291,3390.812725067179,2570.5086320500614,3648.735434800039
target_snr_db,0.0,DL-SMI/MVDR local,scientific_controlled,8,8,0.0,-0.07010366157162523,0.05857666023526349,-0.11907497503522413,-0.02113234810802634,-0.15587720469037056,-0.008504894352353666,-0.012269439185382144,6.0772101073710864e-05,-0.012320245933318425,-0.012218632437445863,-0.012339307224925215,-0.012195732375569455,0.12151981674062451,0.004452583752743797,0.11779736356895534,0.12524226991229367,0.11548033612742956,0.1275010435883284,23.559602794301394,0.07627203420228773,23.49583777798901,23.62336781061378,23.446464280465104,23.64625507424158,35.06158833524211,0.0800830052766557,34.994637267380625,35.12853940310359,34.96133386383376,35.1749595766306,34.12896273361482,0.0991480159410438,34.04607291797081,34.21185254925883,33.98316374151768,34.24612227421907,0.1346555367709214,0.0007717584706642997,0.13401033054316283,0.13530074299867997,0.1335112238189161,0.1354039635578097,0.0018723448642087694,5.07551588103905e-05,0.0018299124895732816,0.0019147772388442572,0.001814690487027765,0.0019470679714762554,0.5,0.5345224838248488,4,8,0.21521252682444186,0.7847874731755582,0.0,1.0,2201.172194750043,386.43281878727555,1878.1062735205269,2524.2381159795596,1839.2934992500273,2781.5902240499777
target_snr_db,0.0,MNEC physical,scientific_controlled,8,8,0.0,-0.27563271838654996,0.06126986224285315,-0.3268556050741045,-0.22440983169899542,-0.3536338242833021,-0.20729305943955195,-0.011645623443570766,5.8132314274336276e-05,-0.011694223274514682,-0.01159702361262685,-0.011731516644213017,-0.01157935345750718,-0.22414752463472656,0.003152593377115482,-0.22678315865472565,-0.22151189061472748,-0.22844711721353878,-0.2212458588350308,24.14706573370994,0.07358841366194512,24.085544280314437,24.208587187105444,24.034625885502933,24.224544402035537,35.5164785151037,0.07751604888850383,35.45167347648709,35.58128355372031,35.409735479873795,35.61419978588608,34.45578883534565,0.09533533502937326,34.3760865007105,34.5354911699808,34.31443555756419,34.5678484030561,0.14346106884568424,0.0007672131082134784,0.14281966263603002,0.14410247505533846,0.14233615102845873,0.14416013900629285,0.0017194374905173723,5.3698688116042614e-05,0.001674544263799546,0.0017643307172351985,0.001654054771658322,0.0017864322561068123,0.5,0.5345224838248488,4,8,0.21521252682444186,0.7847874731755582,0.0,1.0,3528.6188641250146,294.4897549730831,3282.419267823629,3774.8184604264,3158.131824300037,3820.1300169500087
target_snr_db,0.0,Phase-only CSI [production replay],production_replay,8,8,0.0,13.412333173751392,2.737741609137893,11.1235239110697,15.701142436433084,10.344544061935375,17.45444076732354,-6.695802753604584,0.022068126022486718,-6.714252168655919,-6.677353338553249,-6.721409938802794,-6.670271118867766,18.57240195761336,0.04291811842989028,18.536521512697984,18.608282402528733,18.51789617934629,18.62472631309944,8.753610562165397,0.10837048233903582,8.663010571665572,8.844210552665222,8.619532550419303,8.90597312960403,12.810734186899552,0.11937237479347297,12.710936384132603,12.9105319896665,12.677009294125419,12.976324841767376,11.784269586730087,0.1008153589156392,11.699985837476133,11.868553335984041,11.627966909042309,11.88857297613386,0.0029707898938668167,0.0003046802476194191,0.0027160708325135166,0.0032255089552201167,0.0025007044237813467,0.003239128392974547,4.741313912911546e-07,1.341046087821551e-06,-6.470111947162795e-07,1.5952739772985886e-06,0.0,2.4654832347140017e-06,1.0,0.0,8,8,0.6755843804891231,1.0,1.0,1.0,1480.5541337499762,123.07457479803993,1377.661214323928,1583.4470531760244,1323.2996904000602,1647.6906911499782
target_snr_db,0.0,Phase-only CSI [scientific controlled],scientific_controlled,8,8,0.0,13.414008113334619,2.7395689972982367,11.123671115919326,15.704345110749912,10.344649989150929,17.459007452207388,-6.693484261886059,0.02211094428269215,-6.711969473898745,-6.674999049873374,-6.719179306013051,-6.667932849372552,18.57236505031598,0.04292426279802628,18.536479468580296,18.608250632051664,18.5178565218064,18.624683559843053,8.753844053152523,0.108488768868639,8.663145172639227,8.844542933665819,8.619689722019567,8.906434975326693,12.810491091312057,0.1195433713515581,12.71055033184506,12.910431850779055,12.676525475175037,12.97618053814665,11.784385044020398,0.10082051721706782,11.70009698231853,11.868673105722266,11.628068074393001,11.888678473978803,0.0029721987414295103,0.0003057121404488019,0.0027166169960821827,0.003227780486776838,0.0025007044237813467,0.003242227857612473,4.741313912911546e-07,1.341046087821551e-06,-6.470111947162795e-07,1.5952739772985886e-06,0.0,2.4654832347140017e-06,1.0,0.0,8,8,0.6755843804891231,1.0,1.0,1.0,1524.4429012499695,182.4956644958155,1371.872707662999,1677.0130948369401,1344.158734949869,1752.5822432499808
target_snr_db,0.0,Row complex LS / Wiener [scientific controlled],scientific_controlled,8,8,0.0,13.471139378754216,2.658718475515552,11.24839510905698,15.693883648451452,10.458419554154387,17.32385382169543,-6.720818553916585,0.032403207071361406,-6.747908312949352,-6.6937287948838184,-6.763726407813978,-6.681647662129054,18.77456188730928,0.03739781297399141,18.743296533247666,18.805827241370892,18.724985830137307,18.816091627089726,8.521609685561085,0.10855947482820986,8.43085169338632,8.61236767773585,8.392486947178943,8.6778506505886,12.55054122674855,0.11067530071501236,12.458014359866334,12.643068093630765,12.401029097123054,12.683651380033771,11.523802934725133,0.09843662619525462,11.441507855791887,11.606098013658379,11.371476442905095,11.623306209727081,0.0024443505212735986,0.00024553987748887683,0.002239074046649962,0.0026496269958972353,0.0020667793744716823,0.002651169343477036,7.111970869367319e-07,1.411060175130566e-06,-4.684787408551744e-07,1.8908729147286383e-06,0.0,3.1292671825216194e-06,1.0,0.0,8,8,0.6755843804891231,1.0,1.0,1.0,1540.468138874992,116.37055735144705,1443.1799182918612,1637.756359458123,1433.7294822499985,1714.3703879999748
target_snr_db,0.0,Row complex LS / Wiener robust IRLS [scientific controlled],scientific_controlled,8,8,0.0,13.471150310151657,2.660843245681433,11.246629688142535,15.695670932160779,10.457889119029334,17.331839733579997,-6.693103966874821,0.03078312466489476,-6.718839303121357,-6.667368630628284,-6.735876941833257,-6.658746958690168,18.772888256429397,0.037461885441598466,18.741569336444375,18.80420717641442,18.723384599061433,18.814751187315764,8.526400910939223,0.1095476531368396,8.43481678102435,8.617985040854096,8.392973859191155,8.682266119161822,12.564715740729852,0.11098820741170981,12.471927277302745,12.65750420415696,12.416904604634682,12.700344654769507,11.53824499236611,0.09849546818849175,11.45590072029546,11.62058926443676,11.385027766299531,11.636987968529358,0.0024877899877899876,0.00025343634726355965,0.0022759118992293544,0.002699668076350621,0.0020960834037757115,0.0026845120691274538,7.111970869367319e-07,1.411060175130566e-06,-4.684787408551744e-07,1.8908729147286383e-06,0.0,3.1292671825216194e-06,1.0,0.0,8,8,0.6755843804891231,1.0,1.0,1.0,1667.0074168749666,120.91527996990145,1565.9197131007566,1768.0951206491766,1529.0367970999484,1839.6100185999642
target_snr_db,0.0,SA-MNEC physical [approximate academic reference],scientific_controlled,8,8,0.0,-0.20830100290426895,0.04168946495924669,-0.2431542678130106,-0.1734477379955273,-0.2582105492125024,-0.1499935113601034,0.005003814396299128,0.0007269388009414183,0.004396078350120038,0.005611550442478217,0.004140045271798036,0.005866028804238355,-0.22235522755133652,0.003438122978204177,-0.2252295702915305,-0.21948088481114253,-0.2274241480147114,-0.21922827259326894,24.145341580464418,0.07313195266981588,24.084201738008144,24.206481422920692,24.03454005494733,24.222641922636576,35.510737102338126,0.08228932610757217,35.44194150410263,35.57953270057362,35.3975864116078,35.61454955224335,34.45336263601659,0.09510412449679986,34.373853598223924,34.53287167380926,34.31197191602082,34.564536795895364,0.14354254719639334,0.0007647099341677588,0.1429032336926113,0.14418186070017538,0.14241016248708557,0.14421085751854984,0.0017220452131694736,5.404265987245868e-05,0.001676864418866906,0.0017672260074720412,0.0016628736155363374,0.0017968631467152178,0.5,0.5345224838248488,4,8,0.21521252682444186,0.7847874731755582,0.0,1.0,8856.610931374951,1550.1711511764354,7560.635417209523,10152.586445540379,6967.822495049964,10792.39790939987
target_snr_db,0.0,Shrinkage-SMI/MVDR global,scientific_controlled,8,8,0.0,-0.7290609304858603,0.08719812310302504,-0.8019603857085572,-0.6561614752631634,-0.8179475635278027,-0.608318529417949,-0.011243795154067423,6.201854238786693e-05,-0.01129564395301966,-0.011191946355115185,-0.011308782281263391,-0.011149570183794599,-0.6207900031084332,0.006696048318526178,-0.6263880395935613,-0.6151919666233052,-0.6288310195001685,-0.611091768549601,24.600797387873254,0.07647744896189307,24.53686064052427,24.664734135222236,24.482061711884644,24.675532199497255,35.95966489274479,0.08681473195523681,35.887085960542734,36.032243824946846,35.83024137438114,36.0505391458058,34.8535717148956,0.09778008102558214,34.77182552146006,34.93531790833114,34.70664066833558,34.96670106467017,0.1485207100591716,0.0008303682525471702,0.1478265048275591,0.14921491529078412,0.1474179581102658,0.14944951629567013,0.0016336197086936734,5.974109286420262e-05,0.0015836749051906971,0.0016835645121966497,0.0015652973752086179,0.001714838416021848,0.5,0.5345224838248488,4,8,0.21521252682444186,0.7847874731755582,0.0,1.0,5256.295580625,593.0911635477787,4760.458959589649,5752.132201660352,4493.58029524999,6075.199657650034
target_snr_db,0.0,Shrinkage-SMI/MVDR local,scientific_controlled,8,8,0.0,-0.19847669111711408,0.06132215034363138,-0.24974329175086055,-0.1472100904833676,-0.28169227761245874,-0.12863811827779692,-0.011718939352573234,6.760791799282633e-05,-0.011775460986468892,-0.011662417718677575,-0.011793733926289147,-0.011619867100082155,-0.07757407868326473,0.004205815989180275,-0.08109022884186273,-0.07405792852466672,-0.08309522089266048,-0.07200852875363879,23.85784810139162,0.08111933108070715,23.790030643476545,23.925665559306697,23.734327556465704,23.940953294334527,35.304546956239946,0.08215734257980414,35.23586169899495,35.37323221348494,35.19144302946221,35.404423349538725,34.322726481781146,0.0984272295044591,34.240439258677995,34.4050137048843,34.176904710079036,34.43793483013552,0.13846834789142481,0.0008260858477077498,0.13777772283985204,0.1391589729429976,0.13726927773081618,0.13930759838452147,0.0017969579729934758,5.237197671157742e-05,0.0017531739047664692,0.0018407420412204824,0.0017309588833257473,0.0018690259444697314,0.5,0.5345224838248488,4,8,0.21521252682444186,0.7847874731755582,0.0,1.0,2738.9225168749576,443.5032514791632,2368.1445199205236,3109.7005138293916,2224.161157950013,3310.2127468499702
target_snr_db,10.0,Corrected JDL physical,scientific_controlled,3,3,0.0,-0.9666673758001186,0.45483008605612485,-2.096527944997798,0.16319319339756044,-1.4047460260295148,-0.6029950989842393,1.4635597730221086,0.10777820477634444,1.1958238700355197,1.7312956760086975,1.3676288475435652,1.561574128448461,-2.371125139063226,0.028261958539901003,-2.441331736079311,-2.3009185420471407,-2.3971990162682593,-2.346418717501415,26.125404584583322,0.08908230115778056,25.904111880830325,26.34669728833632,26.04088297320616,26.199561043073818,37.95411886357433,0.07502536246108181,37.76774553134916,38.140492195799496,37.89373645961561,38.026231544591916,36.696181723371396,0.09498671386150628,36.4602216453555,36.93214180138729,36.61189284324652,36.782790836102464,0.15554804170188785,0.001195926356677792,0.15257719593882252,0.15851888746495318,0.15437212360289282,0.15625716164177703,0.001481186466393567,2.9624676361351315e-05,0.0014075946906467816,0.0015547782421403524,0.0014626005158549537,0.0015103929600971022,1.0,0.0,3,3,0.43849391955098227,1.0,1.0,1.0,4306.65679133339,126.76494668025691,3991.7552067605643,4621.5583759062165,4201.215000200056,4426.974359000075
target_snr_db,10.0,Current legacy CSI [production replay],production_replay,3,3,0.0,15.546165895752472,4.362032962922065,4.710275312784306,26.382056478720635,11.948263191573009,19.70125788047899,-6.943700160706995,0.06664795258220897,-7.109262853125505,-6.778137468288485,-7.0086785525836754,-6.893007014227484,20.30539819000472,0.057890867404236185,20.161589303121573,20.449207076887866,20.26169159622201,20.361914515596087,7.0546517134378774,0.022929955471042998,6.997690546324159,7.111612880551596,7.032584112149432,7.073033766790793,11.033773938764563,0.05902574211837563,10.887145866805941,11.180402010723185,10.987074668399842,11.09080154628207,10.047994938201596,0.04730927984422412,9.93047217202616,10.16551770437703,10.006640596934718,10.091643854083976,0.0008897655051501205,7.268787757894342e-05,0.0007091988072712516,0.0010703322030289892,0.0008182586644125106,0.0009332206255283179,2.5287007535528246e-05,8.759676364582397e-06,3.526765135791229e-06,4.704724993526526e-05,1.6689424973448643e-05,3.0344409042633894e-05,1.0,0.0,3,3,0.43849391955098227,1.0,1.0,1.0,1371.9978260000214,142.23736708813334,1018.6606184003759,1725.335033599667,1231.8628919000048,1459.6007036000287
target_snr_db,10.0,Current legacy CSI [scientific controlled],scientific_controlled,3,3,0.0,15.565111742253677,4.401101580741105,4.632169332416391,26.498054152090965,11.938812755173377,19.759227773941433,-6.924396118720577,0.06595973220080714,-7.088249176935671,-6.7605430605054835,-6.988579596983079,-6.873733593144517,20.30513413566339,0.05785250359382172,20.161420549768458,20.448847721558323,20.2614365586205,20.36160852826333,7.055137953677334,0.02500926921685658,6.993011484873138,7.117264422481529,7.03111409484003,7.075302963176363,11.035249104377394,0.05894482221509469,10.888822048602142,11.181676160152646,10.987649339276773,11.0918425472024,10.04923295736039,0.04730560025338153,9.93171933179533,10.16674658292545,10.007898391464334,10.09289110528796,0.0008891393506778121,8.045293100609773e-05,0.0006892831907470148,0.0010889955106086094,0.0008098055790363482,0.0009399830938292477,2.5287007535528246e-05,1.044524834487578e-05,-6.604277862771156e-07,5.123444285733361e-05,1.4982551964800487e-05,3.205128205128205e-05,1.0,0.0,3,3,0.43849391955098227,1.0,1.0,1.0,1357.051342000015,46.113124695626695,1242.4999899382801,1471.6026940617498,1314.4000426999924,1397.2192226000402
target_snr_db,10.0,DL-SMI/MVDR global,scientific_controlled,3,3,0.0,-0.9435125204977378,0.13280118445597988,-1.2734089509661568,-0.6136160900293188,-1.0322206817737645,-0.8125131367632685,-0.011276785364189905,3.115182539321167e-05,-0.011354170788438154,-0.011199399939941656,-0.011307508422284548,-0.011255770149103126,-0.8134869121207539,0.005784794335916231,-0.8278571378851579,-0.7991166863563498,-0.8180507250905125,-0.8078936135372536,24.833997323316712,0.11024308432396514,24.560138320091028,25.107856326542397,24.72656458192796,24.918049806846287,36.21195699956339,0.07383383442549767,36.02854358706599,36.39537041206079,36.14062838921031,36.27038907271234,35.06073488269978,0.12966612834954985,34.7386263633337,35.38284340206585,34.942682760827815,35.175999211035226,0.15181490873798567,0.0010456232256734635,0.14921743665083806,0.15441238082513328,0.15078500986193294,0.15254325162017468,0.0015962423506802204,3.851083399210554e-05,0.0015005761356505743,0.0016919085657098665,0.0015710817781823699,0.0016342360795023518,1.0,0.0,3,3,0.43849391955098227,1.0,1.0,1.0,2920.229557333338,402.95643438906524,1919.2302824865208,3921.228832180155,2525.2083425999444,3216.1175598000455
target_snr_db,10.0,DL-SMI/MVDR local,scientific_controlled,3,3,0.0,-0.09042859654811952,0.07597108448922113,-0.2791512325281948,0.09829403943195575,-0.1615616259293847,-0.025517423673453537,-0.0122785489758468,5.916185442895228e-05,-0.012425515169529154,-0.012131582782164444,-0.012328532422069506,-0.012222814111586568,0.11775904850093828,0.0037102085800005424,0.10854237944900524,0.12697571755287132,0.11521627998077594,0.12141633349564715,23.564712125069377,0.10697457979131746,23.298972537214176,23.830451712924578,23.463479853193473,23.654271361259426,35.096548323065555,0.07710636812251269,34.90500548619852,35.28809115993259,35.03630106815309,35.171288047162214,34.14885214618255,0.12954070144977206,33.82705520450828,34.47064908785682,34.031985940080375,34.2651558377911,0.13484173945712408,0.0007230400660831478,0.13304560836188112,0.13663787055236704,0.13413318305625996,0.13537409598948058,0.0018718707328174782,2.1118814909839265e-05,0.0018194086882730744,0.001924332777361882,0.0018517675618267334,0.0018893187680169927,1.0,0.0,3,3,0.43849391955098227,1.0,1.0,1.0,2005.0685143333264,268.5471333559907,1337.9604529889339,2672.176575677719,1797.770545399976,2266.106681900021
target_snr_db,10.0,MNEC physical,scientific_controlled,3,3,0.0,-0.2887312425685084,0.08104746512168541,-0.4900643071167422,-0.08739817802027458,-0.3593159184567221,-0.21375817426864901,-0.011680572645195281,5.836718664812434e-05,-0.011825564774674991,-0.011535580515715571,-0.011737335672111604,-0.011635620115873784,-0.22602603755370385,0.003482670294617807,-0.2346774701700571,-0.21737460493735059,-0.22868852237395268,-0.22263393887127542,24.146780510943586,0.10755209770614438,23.87960628905697,24.413954732830202,24.04383013374122,24.23438291900826,35.5367563868653,0.06361825372677529,35.37871988362873,35.694792890101866,35.483845312433345,35.59714197223435,34.473650611796295,0.12330240813905025,34.16735044979197,34.77995077380062,34.361911163744814,34.583828244916674,0.1437099652484268,0.0007469602957188946,0.14185441300867266,0.14556551748818095,0.14297511035972577,0.14415685169531323,0.0017289991402417437,3.0482383682903968e-05,0.0016532767013918695,0.001804721579091618,0.001707821271430739,0.0017590274616901835,1.0,0.0,3,3,0.43849391955098227,1.0,1.0,1.0,3187.307462333327,133.55314331244986,2855.5430625118875,3519.071862154766,3109.585478799977,3318.464125299977
target_snr_db,10.0,Phase-only CSI [production replay],production_replay,3,3,0.0,13.709217329048618,4.177183322095816,3.3325187098551634,24.085915948242075,10.414636971520164,17.74843150413909,-6.710450741859063,0.02359210602738153,-6.76905678214062,-6.651844701577506,-6.733586652809717,-6.693177843623408,18.5756531863952,0.04547813294791515,18.46267924128059,18.68862713150981,18.535357303034004,18.617172585331748,8.701038689470993,0.08440269046865231,8.491370783107033,8.910706595834952,8.620943998522185,8.771273897795204,12.831709143018038,0.1000896982820766,12.583072548960677,13.0803457370754,12.733656324907436,12.905584155943428,11.795434178083433,0.03898468252800471,11.698590858036114,11.89227749813075,11.763575804415385,11.832705243635834,0.0030312138004445696,0.0001251165690856944,0.0027204070128175536,0.0033420205880715856,0.0029159387620926085,0.003140790833098525,0.0,0.0,0.0,0.0,0.0,0.0,1.0,0.0,3,3,0.43849391955098227,1.0,1.0,1.0,1353.3119239999678,137.27363121343132,1012.305319877696,1694.3185281222395,1218.3634734999714,1434.4328958999427
target_snr_db,10.0,Phase-only CSI [scientific controlled],scientific_controlled,3,3,0.0,13.72701072152845,4.203020873168572,3.286128067336623,24.167893375720276,10.412525358626024,17.79136524349201,-6.691343158089684,0.0229820182438523,-6.7484336563007155,-6.634252659878653,-6.713795654754257,-6.674065709821789,18.575348331636594,0.045459124798860454,18.462421605381877,18.68827505789131,18.535063143981446,18.616845075596213,8.701926371789002,0.08551789622804547,8.489488140741805,8.914364602836198,8.620513904423161,8.77256474816237,12.834184713909385,0.10042617071838894,12.584712275984026,13.083657151834744,12.735701651034297,12.907718763856188,11.796506690291993,0.038998565764222226,11.699628882374027,11.89338449820996,11.76456831086757,11.83376051428772,0.003029961491499953,0.00011838791213741892,0.002735869614347387,0.003324053368652519,0.0029221376913684607,0.0031351554428477504,0.0,0.0,0.0,0.0,0.0,0.0,1.0,0.0,3,3,0.43849391955098227,1.0,1.0,1.0,1388.9825859999594,18.242782752316327,1343.6650013981828,1434.300170601736,1371.516388999953,1403.8323145999811
target_snr_db,10.0,Row complex LS / Wiener [scientific controlled],scientific_controlled,3,3,0.0,13.767063264876752,4.052850043815596,3.6992256310811893,23.834900898672316,10.568180406203645,17.685267372236186,-6.713903952336111,0.05062915713253236,-6.839673750881722,-6.5881341537905,-6.7631046188933315,-6.674775637013861,18.774840258001223,0.038686225246344616,18.678738346942616,18.87094216905983,18.737335803190312,18.805049320862455,8.483270279984337,0.07921576841707735,8.286487402296457,8.680053157672218,8.40511799220032,8.535301340708218,12.579102693583813,0.07085420489885544,12.403091091160505,12.755114296007122,12.525297080000517,12.648202688588423,11.540821198512011,0.03995277374911754,11.441573006553941,11.640069390470082,11.508644292997902,11.579214359267983,0.002546570238877931,8.470460698455707e-05,0.0023361523303110214,0.0027569881474448408,0.0024683009298393913,0.002620456466610313,6.321751883882062e-07,1.0949595455727995e-06,-2.0878551115789206e-06,3.3522054883553327e-06,0.0,1.7068730086481564e-06,1.0,0.0,3,3,0.43849391955098227,1.0,1.0,1.0,1423.7122906666855,40.639378192928525,1322.7584787167082,1524.6661026166628,1387.297513800013,1460.4449687999818
target_snr_db,10.0,Row complex LS / Wiener robust IRLS [scientific controlled],scientific_controlled,3,3,0.0,13.762811832059052,4.045936623018937,3.71214808758147,23.813475576536632,10.56351339621075,17.672366150402357,-6.686644590617207,0.044994917560512805,-6.798418162165089,-6.574871019069325,-6.73092787432789,-6.654914368148737,18.773108438804016,0.038737528111233675,18.676879084364018,18.869337793244014,18.735613590784933,18.80354790459679,8.486220231029328,0.08279862512692603,8.280537043872817,8.69190341818584,8.404533787333465,8.54023147682916,12.592837657309085,0.074519933380208,12.407719880524317,12.777955434093853,12.535156441590996,12.665230125110623,11.555650264352954,0.03906345798454493,11.458611255223287,11.65268927348262,11.525680046311981,11.593670590122485,0.002582261043799505,9.549420251521019e-05,0.0023450402940806752,0.002819481793518335,0.0024884004884004884,0.0026506997276228047,6.321751883882062e-07,1.0949595455727995e-06,-2.0878551115789206e-06,3.3522054883553327e-06,0.0,1.7068730086481564e-06,1.0,0.0,3,3,0.43849391955098227,1.0,1.0,1.0,1484.1456310000087,30.370622582885165,1408.7008221133947,1559.5904398866228,1464.564855300057,1514.1054389999454
target_snr_db,10.0,SA-MNEC physical [approximate academic reference],scientific_controlled,3,3,0.0,-0.21795281058962632,0.04627396109664342,-0.33290370242054446,-0.10300191875870818,-0.2634608184298027,-0.18500263810157191,0.004622309080031976,0.0007663649978255206,0.002718552887990025,0.006526065272073926,0.004061287414540245,0.0053738665377765,-0.22321809702425766,0.0036867498666033577,-0.23237649140157227,-0.21405970264694305,-0.22597708155363108,-0.2196136327526664,24.144111507673504,0.10578171805083306,23.88133515265271,24.406887862694298,24.043721489818555,24.232122395967654,35.532032811881436,0.0664043024450894,35.36707537995701,35.696990243805864,35.47736524199807,35.59533586398697,34.470199484906885,0.12230105073813094,34.1663868325851,34.774012137228674,34.3599118007133,34.580051554649984,0.14378259916721456,0.0006779257966738644,0.142098538129948,0.14546666020448112,0.14311618296233683,0.1441829623368085,0.001727102614676579,2.6976923447822584e-05,0.0016600882217936116,0.0017941170075595465,0.0017093384918828705,0.0017537171901077227,1.0,0.0,3,3,0.43849391955098227,1.0,1.0,1.0,7343.790332666648,1184.9719308046676,4400.15687202301,10287.423793310287,6591.619015900005,8512.405993599954
target_snr_db,10.0,Shrinkage-SMI/MVDR global,scientific_controlled,3,3,0.0,-0.7510763710180024,0.1142188339018484,-1.0348116837024695,-0.4673410583335354,-0.8195349054719718,-0.6386969485990984,-0.01126867245016796,3.377392637622841e-05,-0.011352571534352065,-0.011184773365983856,-0.011301454709297885,-0.011242434121153083,-0.6243809987232725,0.004695330340855343,-0.6360448458919826,-0.6127171515545623,-0.6288567246033167,-0.6205148664726002,24.60460024397649,0.10549017023816046,24.342548133871926,24.86665235408105,24.50226334581461,24.68674404129885,35.99319606934742,0.06994811123299313,35.819435328369835,36.166956810325004,35.92524502016312,36.04733894021607,34.87287912987455,0.12418365257146013,34.56438983534243,35.181368424406664,34.7596788789475,34.98311173856513,0.14887636579944272,0.0008874329857198535,0.14667186005299018,0.15108087154589525,0.14800788954635108,0.14953620738236123,0.0016335406867951246,3.6595245128221125e-05,0.0015426330583024081,0.0017244483152878411,0.0016061675011379154,0.0016693218024578973,1.0,0.0,3,3,0.43849391955098227,1.0,1.0,1.0,5068.665230666663,392.5608354928193,4093.490055073943,6043.840406259383,4682.6458881999315,5301.68970220003
target_snr_db,10.0,Shrinkage-SMI/MVDR local,scientific_controlled,3,3,0.0,-0.2147489432761732,0.07992460363045999,-0.4132926652490138,-0.016205221303332573,-0.28261827519842997,-0.13965614591790798,-0.011709366606501959,8.918286565161362e-05,-0.011930909126306549,-0.011487824086697369,-0.011764616974739316,-0.011621481194663896,-0.08064425611075192,0.0037672556891095357,-0.09000263803776731,-0.07128587418373653,-0.08398307450594644,-0.0772056559444018,23.860585258264802,0.11113127311138728,23.584519871777154,24.13665064475245,23.75338825848676,23.949005353863743,35.3268263789952,0.07054641618876874,35.15157936611386,35.50207339187654,35.273282029832295,35.39563270907819,34.34184525845895,0.12766031306774164,34.024719460477165,34.65897105644074,34.22591924603204,34.45565969103175,0.13868069252684637,0.0008716319903063014,0.13651543862898338,0.14084594642470935,0.13782098243636703,0.13926646003569082,0.0018010671117179994,1.4484953266309545e-05,0.0017650844930566323,0.0018370497303793665,0.0017893718707328175,0.0018149749658625397,1.0,0.0,3,3,0.43849391955098227,1.0,1.0,1.0,2538.503569666697,324.7410650494982,1731.802043432545,3345.205095900849,2329.004650500019,2858.854385700056
target_snr_db,3.0,Corrected JDL physical,scientific_controlled,5,5,0.0,-0.8398865922696386,0.4702500414431353,-1.4237791388838716,-0.2559940456554054,-1.46063134785187,-0.4180298770607073,1.453981187139156,0.1223975970776103,1.3020044973811162,1.6059578768971956,1.303730562677978,1.581681895178425,-2.380793217326621,0.018811086043874537,-2.404150265634432,-2.35743616901881,-2.4024434152217733,-2.3604325084813693,26.119522299246864,0.080487192578304,26.01958424990581,26.219460348587916,26.00993771886172,26.175637088512296,37.93340561487356,0.07539949845532949,37.83978477215888,38.027026457588235,37.83378371305128,38.000085702231075,36.6815108560667,0.09258583702918102,36.56655035548391,36.79647135664949,36.55420401912502,36.746623310505335,0.1548041701887856,0.0009468247599041524,0.15362853197180373,0.15597980840576744,0.15372818634357097,0.15586662909739832,0.0014808071612805343,6.570304730399826e-05,0.001399226052870816,0.0015623882696902526,0.0014083598846912457,0.0015581854043392506,0.6,0.5477225575051662,3,5,0.23071993220883708,0.8823817688407467,0.0,1.0,4905.76801860002,698.4577386002347,4038.5181903126036,5773.0178468874365,4116.362700200079,5634.548449399881
target_snr_db,3.0,Current legacy CSI [production replay],production_replay,5,5,0.0,15.182746526184735,2.4059758841477707,12.195332890289603,18.170160162079867,12.83374079933259,18.177144225555807,-7.257446974880916,0.12549708361702264,-7.413272185487864,-7.101621764273968,-7.386658501082477,-7.101048615733117,20.296913110501787,0.041477159367597924,20.24541241496724,20.348413806036334,20.25679205031581,20.348763747367478,7.118316608948108,0.09180012332118065,7.004331700789441,7.232301517106775,7.04451283222139,7.225730389413762,11.024775262606754,0.13079928427134013,10.862366500336082,11.187184024877427,10.881350809882855,11.178091190139531,10.036526010468597,0.12197580981432876,9.885073038770274,10.18797898216692,9.875188871952977,10.13795367237916,0.0008223912839297454,0.00015050818145394726,0.0006355106935831111,0.0010092718742763798,0.0006176387714849253,0.0009414858645627876,3.1482324381732664e-05,2.2222553989428047e-05,3.889379144898497e-06,5.907526961856683e-05,1.0241238051888939e-05,5.955090274616901e-05,1.0,0.0,5,5,0.5655085052479191,1.0,1.0,1.0,1630.1288164000653,112.14828623387572,1490.8783269231003,1769.3793058770302,1535.1322822001748,1777.3966724000275
target_snr_db,3.0,Current legacy CSI [scientific controlled],scientific_controlled,5,5,0.0,15.18511824760049,2.409788757657206,12.192970303938985,18.177266191261996,12.8315155828616,18.184825911213366,-7.252777481548231,0.12544589940277925,-7.408539138559076,-7.097015824537385,-7.382102597968178,-7.096516332605859,20.296851891786677,0.04149722642815358,20.245326279705488,20.348377503867866,20.25665624414659,20.34869454445188,7.117896533925935,0.09158268128385191,7.004181615716716,7.231611452135153,7.044522292688574,7.22506038367126,11.02469815794906,0.13139890959938086,10.86154486249615,11.187851453401972,10.880225859063751,11.178271844287519,10.03678100078958,0.12197188926625342,9.885332897094656,10.188229104484503,9.875457063195508,10.138121766024904,0.0008231426692965154,0.00015226217756976774,0.0006340842051198758,0.001012201133473155,0.0006161360007513854,0.0009437400206630976,3.1103019268699744e-05,2.206010624123099e-05,3.711779552391293e-06,5.8494258985008196e-05,1.0241238051888939e-05,5.917159763313609e-05,1.0,0.0,5,5,0.5655085052479191,1.0,1.0,1.0,1556.1224755999774,187.88593078415641,1322.8312795761005,1789.4136716238543,1355.5873501999486,1787.109036199945
target_snr_db,3.0,DL-SMI/MVDR global,scientific_controlled,5,5,0.0,-0.9075578833466075,0.09069668672966363,-1.0201726940152853,-0.7949430726779295,-0.9942697866323296,-0.7933859658062082,-0.011236111227144723,8.113686776905796e-05,-0.011336855954780662,-0.011135366499508784,-0.011323423866710411,-0.011137093196946795,-0.8100739829315412,0.009862521597427999,-0.8223199209305844,-0.797828044932498,-0.8211223753699298,-0.7984814037434422,24.83056579705417,0.06269132011039477,24.752724241873164,24.908407352235177,24.74585785602799,24.873128679580248,36.151150050224054,0.09388920864991346,36.03457120002352,36.267728900424586,36.030528747524876,36.244385518681305,35.03243536381312,0.09553526213354237,34.91381266826285,35.15105805936339,34.901542488435624,35.10390503616561,0.15115957546726777,0.0007841784971892172,0.15018588925914161,0.15213326167539393,0.15018127171973325,0.1519496571804264,0.0016037020179032013,7.363063585414374e-05,0.0015122775081981871,0.0016951265276082155,0.0015327719617660447,0.001689804278561675,0.6,0.5477225575051662,3,5,0.23071993220883708,0.8823817688407467,0.0,1.0,3116.3890353999705,320.8076768693242,2718.0536926836276,3514.7243781163133,2720.5989163999675,3428.619352800024
target_snr_db,3.0,DL-SMI/MVDR local,scientific_controlled,5,5,0.0,-0.057908695036297295,0.05121640085607607,-0.12150225609690994,0.005684866024315352,-0.11988203270971383,-0.007927499954004259,-0.012263967761672004,6.793183019646322e-05,-0.012348316269559111,-0.012179619253784897,-0.012338163882703219,-0.012194846610929184,0.12377627768443625,0.0032923777843501868,0.1196882507211195,0.127864304647753,0.12060330056560208,0.12802175465151777,23.5565371958406,0.06653858976962682,23.47391862443234,23.639155767248862,23.466890231003987,23.611574700980317,35.040612342548044,0.08236453504929325,34.938343264648466,35.14288142044762,34.94995113629112,35.14111322135061,34.11702908607419,0.09131250034378183,34.00364964181126,34.23040853033712,33.99278992300923,34.18594025724446,0.13454381515919978,0.0008598373641706888,0.13347618605979777,0.13561144425860178,0.1334640743871513,0.13536770921386307,0.0018726293430435443,6.545898580775183e-05,0.0017913512770070632,0.0019539074090800254,0.0018115612198452435,0.0019530420270065239,1.0,0.0,5,5,0.5655085052479191,1.0,1.0,1.0,2332.472429599966,185.71057699907175,2101.882292054387,2563.0625671455446,2116.6079066000293,2520.698180199861
target_snr_db,3.0,MNEC physical,scientific_controlled,5,5,0.0,-0.267773599107715,0.0554911075903801,-0.33667490962319635,-0.19887228859223363,-0.3286361468498348,-0.21468091803095848,-0.011624649152936331,5.23853213600095e-05,-0.011689694120503441,-0.011559604185369221,-0.011692873805750325,-0.0115790835634085,-0.2230204168833402,0.002663439433867898,-0.2263275137397728,-0.2197133200269076,-0.22662256433807831,-0.22108977442078517,24.147236867369752,0.060768997945621614,24.071782190413696,24.22269154432581,24.06396920532543,24.191296973302094,35.504311792046735,0.08943276585407862,35.393266346425854,35.61535723766762,35.39656048793094,35.603178916296834,34.44507176947526,0.08899916902995958,34.334564705420625,34.5555788335299,34.32441275372943,34.51407269326189,0.14331173100403868,0.0008226565344221562,0.1422902680023588,0.14433319400571856,0.14226317272471117,0.1441104536489152,0.0017137005006827495,6.687236276956461e-05,0.0016306674953568932,0.0017967335060086057,0.0016514944621453499,0.0017872856926111364,0.6,0.5477225575051662,3,5,0.23071993220883708,0.8823817688407467,0.0,1.0,3454.1031071999896,308.5011415461537,3071.048346337063,3837.1578680629164,3031.611731399971,3670.4292934000023
target_snr_db,3.0,Phase-only CSI [production replay],production_replay,5,5,0.0,13.223229961186922,2.0429242941545773,10.686604414077332,15.759855508296512,10.88362179737375,15.486587725856449,-6.6993547346147055,0.024167555702028137,-6.729362718454522,-6.669346750774889,-6.724117321968405,-6.672094471561024,18.57063818184207,0.04667509772160847,18.51268339338846,18.62859297029568,18.51582268301172,18.619800963259166,8.78473036869975,0.11675530585208767,8.639759508823827,8.929701228575672,8.653110074000342,8.910151680587063,12.796180672950701,0.13820968110489523,12.624570687719393,12.96779065818201,12.672324320723868,12.97765180063415,11.776890058433256,0.12980637080288207,11.615714161069702,11.93806595579681,11.614295615059017,11.893046027350792,0.00293716539870386,0.00039059303181839894,0.0024521800931453113,0.003422150704262409,0.0024145768761153377,0.0032546257161641776,7.586102260658473e-07,1.6963040339097175e-06,-1.3476294228493397e-06,2.8648498749810344e-06,0.0,3.0344409042633886e-06,1.0,0.0,5,5,0.5655085052479191,1.0,1.0,1.0,1547.0721038000647,152.101005256886,1358.2137614818378,1735.9304461182917,1359.9171478001153,1692.349534000141
target_snr_db,3.0,Phase-only CSI [scientific controlled],scientific_controlled,5,5,0.0,13.226206560296157,2.0454608523530253,10.686431460192201,15.765981660400113,10.885234922592737,15.493316132725106,-6.694768912286049,0.024206950731722097,-6.724825811515944,-6.664712013056154,-6.719625097347106,-6.667513657069122,18.57057508152361,0.04669492065155287,18.51259567965155,18.62855448339567,18.515741534092548,18.619736696144304,8.784994661970636,0.11707255291132727,8.63962988784272,8.930359436098552,8.653108094378055,8.91079270162118,12.796274917753658,0.13889639187159547,12.623812268486159,12.968737567021158,12.671709896276178,12.978473864823913,11.77711205625744,0.12981368947465158,11.615927071562634,11.938297040952246,11.61451774189956,11.893278269948773,0.002937541091387245,0.00039056773574651545,0.00245258719505045,0.00342249498772404,0.0024145768761153377,0.0032534986381140226,7.586102260658473e-07,1.6963040339097175e-06,-1.3476294228493397e-06,2.8648498749810344e-06,0.0,3.0344409042633886e-06,1.0,0.0,5,5,0.5655085052479191,1.0,1.0,1.0,1519.3701748000422,171.54154873183424,1306.3732095434377,1732.3671400566466,1338.9163679999456,1733.7139721999847
target_snr_db,3.0,Row complex LS / Wiener [scientific controlled],scientific_controlled,5,5,0.0,13.293585059234351,2.0130797512000753,10.79401640665424,15.793153711814462,10.916451751560574,15.394418513451141,-6.724967302711212,0.022325189252762202,-6.752687686459474,-6.69724691896295,-6.750527578308933,-6.704460146331193,18.77439486489411,0.041220610457268256,18.723212716905298,18.82557701288292,18.72549535455019,18.816523559616204,8.544613328907133,0.1253896656398811,8.388921495335161,8.700305162479104,8.410895719611426,8.681343109493119,12.53340434664739,0.13396537160163605,12.367064367723518,12.699744325571263,12.388708078011927,12.686156224810865,11.513591976453007,0.12574354369638527,11.35746074523852,11.669723207667495,11.362420622990381,11.624394310676855,0.0023830186907109986,0.00029896676235403896,0.0020118024252361527,0.0027542349561858444,0.0019949281487743028,0.002649760495914342,7.586102260658473e-07,1.6963040339097175e-06,-1.3476294228493397e-06,2.8648498749810344e-06,0.0,3.0344409042633886e-06,1.0,0.0,5,5,0.5655085052479191,1.0,1.0,1.0,1537.8328463999424,99.52890327584646,1414.251390421521,1661.4143023783638,1422.9939007999292,1634.2067111999768
target_snr_db,3.0,Row complex LS / Wiener robust IRLS [scientific controlled],scientific_controlled,5,5,0.0,13.296153409116858,2.025653136099898,10.780972837171067,15.81133398106265,10.91958196221332,15.429314350762562,-6.696979580519752,0.024412327414433218,-6.72729148858264,-6.666667672456864,-6.728239378043157,-6.6759400548410355,18.77275614700463,0.041298683853738145,18.7214770580902,18.824035235919055,18.723879773954692,18.815114444675945,8.55050931888516,0.1250440479653107,8.395246626336846,8.705772011433474,8.415097881211336,8.685372501690498,12.547842590782311,0.13353481926752536,12.382037213191047,12.713647968373575,12.406270826259453,12.701815921396847,11.527801829174006,0.12590022290506267,11.371476055026836,11.684127603321176,11.375302353364921,11.638017467142236,0.002431107354184277,0.00031166193356703864,0.0020441279516632046,0.0028180867567053495,0.002019723865877712,0.002688456842302996,7.586102260658473e-07,1.6963040339097175e-06,-1.3476294228493397e-06,2.8648498749810344e-06,0.0,3.0344409042633886e-06,1.0,0.0,5,5,0.5655085052479191,1.0,1.0,1.0,1650.0318547999996,157.3747514649519,1454.6252916795484,1845.4384179204508,1482.4619829999392,1832.2090859999662
target_snr_db,3.0,SA-MNEC physical [approximate academic reference],scientific_controlled,5,5,0.0,-0.20250991336149066,0.043117199213828394,-0.25604698732872355,-0.14897283939425776,-0.23489258368755486,-0.143893620666639,0.005232722517622831,0.000675637842768043,0.00439380733243303,0.006071637702812632,0.004430878669160337,0.00595134476592775,-0.22183750586758383,0.003605092517673885,-0.22631381945697682,-0.21736119227819084,-0.22681621290938975,-0.21954199506759933,24.14607962413897,0.06134160696865732,24.069913959173963,24.222245289103977,24.061960650679598,24.18990459301558,35.497959676612155,0.09540025523610739,35.37950461426593,35.616414738958376,35.3815520963953,35.60292211463192,34.44326052668242,0.08949548304824746,34.33213720737947,34.55438384598538,34.32204559813708,34.511915186568515,0.1433985160139006,0.0008511319607698212,0.1423416961004913,0.1444553359273099,0.14229848783694937,0.14418934911242604,0.00171901077226521,6.867674955396637e-05,0.001633737324830326,0.0018042842197000942,0.00166059778485814,0.0018005613715672889,0.6,0.5477225575051662,3,5,0.23071993220883708,0.8823817688407467,0.0,1.0,8407.093545800035,1524.2357066878908,6514.504944027504,10299.682147572565,6856.015542600107,10334.817635199988
target_snr_db,3.0,Shrinkage-SMI/MVDR global,scientific_controlled,5,5,0.0,-0.7158516624242395,0.07875000090034989,-0.8136327034007956,-0.6180706214476833,-0.787911463280327,-0.6165126408997245,-0.011228865034071321,7.359811318032593e-05,-0.01132024916154313,-0.011137480906599512,-0.011304854844999272,-0.01113835239026659,-0.6186354057395297,0.007208848554743935,-0.6275863734584656,-0.6096844380205938,-0.6267579500528629,-0.6107008730953065,24.59851567421132,0.06821992585469332,24.51380944831735,24.68322190010529,24.504668319045457,24.642416965495226,35.939546186783204,0.09692171609110306,35.81920198126866,36.059890392297746,35.81531156331021,36.03472508427316,34.84198726590823,0.09259336433351326,34.72701741894265,34.95695711287381,34.71529578044154,34.91145472555832,0.1483073166150089,0.000813072661076324,0.1472977535638259,0.1493168796661919,0.14734291349675965,0.1491638959331267,0.0016336671218328022,7.467351158688338e-05,0.0015409477108758438,0.0017263865327897606,0.0015650128963738432,0.0017171142467000454,0.6,0.5477225575051662,3,5,0.23071993220883708,0.8823817688407467,0.0,1.0,5278.482458999951,710.1229348957298,4396.748376440427,6160.2165415594745,4557.475740199925,6092.669516400019
target_snr_db,3.0,Shrinkage-SMI/MVDR local,scientific_controlled,5,5,0.0,-0.18871333477797828,0.05539853683497268,-0.2574997035191836,-0.11992696603677293,-0.2575530883726401,-0.13220754124086473,-0.011724677956514554,6.255538883746137e-05,-0.01180235073072773,-0.011647005182301379,-0.011796290400104,-0.01165284866236737,-0.07573197222677243,0.00354235221271284,-0.0801303834382589,-0.07133356101528596,-0.07921990189649207,-0.07124650473706606,23.856205807267717,0.0730173603757386,23.76554277964522,23.946868834890214,23.75747029965563,23.911732148715434,35.291179302586784,0.09342459532745204,35.17517734602184,35.40718125915173,35.17541213399826,35.38951462022147,34.311255215774466,0.09146938409436355,34.197680974606534,34.4248294569424,34.18677883535752,34.38070157472365,0.13834094111017187,0.0008719241608803291,0.13725830427044186,0.13942357794990187,0.13726345449422372,0.13924297924297924,0.001794492489758762,6.83723112257738e-05,0.001709597052435668,0.0018793879270818559,0.0017303899256561979,0.0018718707328174784,0.8,0.4472135954999579,4,5,0.3755282641185388,0.9637768390302125,0.2,1.0,2834.4156380000186,252.17955620780324,2521.2933619735377,3147.5379140264995,2529.7282202000133,3048.5839772000418
target_snr_db,6.0,Corrected JDL physical,scientific_controlled,3,3,0.0,-0.9666673779472812,0.4548300878567063,-2.096527951617853,0.16319319572329039,-1.404746030742441,-0.6029951019411681,1.463559770874946,0.10777820890931902,1.195823857621479,1.7312956841284128,1.3676288422048664,1.5615741304977118,-2.371125139063226,0.028261958539901003,-2.441331736079311,-2.3009185420471407,-2.3971990162682593,-2.346418717501415,26.125404584583322,0.08908230115778056,25.904111880830325,26.34669728833632,26.04088297320616,26.199561043073818,37.95411886357433,0.07502536246108181,37.76774553134916,38.140492195799496,37.89373645961561,38.026231544591916,36.696181723371396,0.09498671386150628,36.4602216453555,36.93214180138729,36.61189284324652,36.782790836102464,0.15554804170188785,0.001195926356677792,0.15257719593882252,0.15851888746495318,0.15437212360289282,0.15625716164177703,0.001481186466393567,2.9624676361351315e-05,0.0014075946906467816,0.0015547782421403524,0.0014626005158549537,0.0015103929600971022,1.0,0.0,3,3,0.43849391955098227,1.0,1.0,1.0,4258.602741000003,166.97135644352343,3843.8228976813084,4673.382584318698,4096.552239399944,4388.382373900083
target_snr_db,6.0,Current legacy CSI [production replay],production_replay,3,3,0.0,15.496608916567851,4.369617399638921,4.641877548329177,26.351340284806525,11.908735636039438,19.66651488726373,-6.994011080859766,0.06890645272867352,-7.165184198664038,-6.822837963055495,-7.061821386483136,-6.945355569113979,20.305295406828147,0.05787544169452967,20.161524839532213,20.449065974124082,20.261594335405494,20.361795299675165,7.054919679912078,0.02426483463891291,6.9946424891168615,7.115196870707294,7.031436143198895,7.073995708339692,11.03605036118014,0.058594368293274676,10.890493881208302,11.181606841151977,10.989644808471635,11.092645008468121,10.048652176854045,0.047311238698704024,9.931124544614324,10.166179809093766,10.00729732573539,10.092303818426181,0.0008878870417331955,7.429633509881946e-05,0.0007033247138715001,0.001072449369594891,0.0008148774302620456,0.0009315300084530854,2.5919182723916452e-05,9.355338458345182e-06,2.6792336536201498e-06,4.915913179421276e-05,1.6689424973448643e-05,3.205128205128205e-05,1.0,0.0,3,3,0.43849391955098227,1.0,1.0,1.0,1306.9257886666794,133.29417727175075,975.804696152996,1638.0468811803628,1206.5635495000265,1437.1153615000026
target_snr_db,6.0,Current legacy CSI [scientific controlled],scientific_controlled,3,3,0.0,15.50457055712702,4.38673817894705,4.607308815354955,26.401832298899084,11.904083457415954,19.691474597563175,-6.984937303847235,0.06899908827741552,-7.156340541111582,-6.813534066582887,-7.052849786818984,-6.936326783240732,20.30513413566339,0.05785250359382172,20.161420549768458,20.448847721558323,20.2614365586205,20.36160852826333,7.055137953677334,0.02500926921685658,6.993011484873138,7.117264422481529,7.03111409484003,7.075302963176363,11.035249104377394,0.05894482221509469,10.888822048602142,11.181676160152646,10.987649339276773,11.0918425472024,10.04923295736039,0.04730560025338153,9.93171933179533,10.16674658292545,10.007898391464334,10.09289110528796,0.0008891393506778121,8.045293100609773e-05,0.0006892831907470148,0.0010889955106086094,0.0008098055790363482,0.0009399830938292477,2.5287007535528246e-05,1.044524834487578e-05,-6.604277862771156e-07,5.123444285733361e-05,1.4982551964800487e-05,3.205128205128205e-05,1.0,0.0,3,3,0.43849391955098227,1.0,1.0,1.0,1310.7284476667094,107.1455501240445,1044.5641459603949,1576.892749373024,1216.115153900057,1408.8214097000673
target_snr_db,6.0,DL-SMI/MVDR global,scientific_controlled,3,3,0.0,-0.9435125215506378,0.1328011838108953,-1.273408950416578,-0.6136160926846976,-1.0322206852909879,-0.8125131385197688,-0.011276786417090526,3.1154239168948217e-05,-0.01135417783749011,-0.011199394996690941,-0.011307511939508203,-0.011255771905604865,-0.8134869121207539,0.005784794335916231,-0.8278571378851579,-0.7991166863563498,-0.8180507250905125,-0.8078936135372536,24.833997323316712,0.11024308432396514,24.560138320091028,25.107856326542397,24.72656458192796,24.918049806846287,36.21195699956339,0.07383383442549767,36.02854358706599,36.39537041206079,36.14062838921031,36.27038907271234,35.06073488269978,0.12966612834954985,34.7386263633337,35.38284340206585,34.942682760827815,35.175999211035226,0.15181490873798567,0.0010456232256734635,0.14921743665083806,0.15441238082513328,0.15078500986193294,0.15254325162017468,0.0015962423506802204,3.851083399210554e-05,0.0015005761356505743,0.0016919085657098665,0.0015710817781823699,0.0016342360795023518,1.0,0.0,3,3,0.43849391955098227,1.0,1.0,1.0,2802.7212009999785,146.2960617476649,2439.3016369362267,3166.14076506373,2703.941523500009,2947.0004752999785
target_snr_db,6.0,DL-SMI/MVDR local,scientific_controlled,3,3,0.0,-0.09042859647323194,0.0759710820405753,-0.2791512263705338,0.09829403342406991,-0.16156162326340964,-0.025517425217309958,-0.012278548900959354,5.916166521382843e-05,-0.012425514624605283,-0.012131583177313426,-0.012328533523686973,-0.012222814983522444,0.11775904850093828,0.0037102085800005424,0.10854237944900524,0.12697571755287132,0.11521627998077594,0.12141633349564715,23.564712125069377,0.10697457979131746,23.298972537214176,23.830451712924578,23.463479853193473,23.654271361259426,35.096548323065555,0.07710636812251269,34.90500548619852,35.28809115993259,35.03630106815309,35.171288047162214,34.14885214618255,0.12954070144977206,33.82705520450828,34.47064908785682,34.031985940080375,34.2651558377911,0.13484173945712408,0.0007230400660831478,0.13304560836188112,0.13663787055236704,0.13413318305625996,0.13537409598948058,0.0018718707328174782,2.1118814909839265e-05,0.0018194086882730744,0.001924332777361882,0.0018517675618267334,0.0018893187680169927,1.0,0.0,3,3,0.43849391955098227,1.0,1.0,1.0,2013.5986140000266,40.987951042388396,1911.778899089424,2115.4183289106295,1989.379644800033,2053.8920255000107
target_snr_db,6.0,MNEC physical,scientific_controlled,3,3,0.0,-0.2887312425099992,0.08104746297709133,-0.490064301730766,-0.08739818328923243,-0.35931591587594025,-0.2137581757097317,-0.01168057258668645,5.836780871465062e-05,-0.011825566261465076,-0.011535578911907823,-0.011737336631992208,-0.011635621114374214,-0.22602603755370385,0.003482670294617807,-0.2346774701700571,-0.21737460493735059,-0.22868852237395268,-0.22263393887127542,24.146780510943586,0.10755209770614438,23.87960628905697,24.413954732830202,24.04383013374122,24.23438291900826,35.5367563868653,0.06361825372677529,35.37871988362873,35.694792890101866,35.483845312433345,35.59714197223435,34.473650611796295,0.12330240813905025,34.16735044979197,34.77995077380062,34.361911163744814,34.583828244916674,0.1437099652484268,0.0007469602957188946,0.14185441300867266,0.14556551748818095,0.14297511035972577,0.14415685169531323,0.0017289991402417437,3.0482383682903968e-05,0.0016532767013918695,0.001804721579091618,0.001707821271430739,0.0017590274616901835,1.0,0.0,3,3,0.43849391955098227,1.0,1.0,1.0,3100.357456333351,247.23778260618116,2486.184756798867,3714.5301558678348,2915.1672405999875,3342.042065499993
target_snr_db,6.0,Phase-only CSI [production replay],production_replay,3,3,0.0,13.719306061709247,4.191866203514362,3.3061331430672425,24.13247898035125,10.41361515214048,17.77287324550884,-6.700271307718386,0.022753490691062566,-6.7567941120173645,-6.643748503419407,-6.722512647853528,-6.6832228707941015,18.575505858469462,0.045470518273604474,18.462550829254468,18.688460887684457,18.53521548871519,18.617017242354297,8.701620607421287,0.08519276708604497,8.489990041936913,8.91325117290566,8.620500761176332,8.771955142881334,12.83331097912244,0.09872482648894168,12.588064914558071,13.078557043686807,12.736455666634487,12.905345145310621,11.796026031335998,0.03900388025823368,11.69913502148304,11.892917041188957,11.764107561869583,11.833295774872727,0.0030305876459722613,0.00012318385805692523,0.0027245819786976713,0.0033365933132468513,0.0029174415328261484,0.0031389123696816,0.0,0.0,0.0,0.0,0.0,0.0,1.0,0.0,3,3,0.43849391955098227,1.0,1.0,1.0,1281.4899770000163,147.78544178598128,914.3705878159974,1648.6093661840353,1195.9882058000517,1426.5627905000542
target_snr_db,6.0,Phase-only CSI [scientific controlled],scientific_controlled,3,3,0.0,13.727010726120099,4.2030208702402465,3.286128079202637,24.16789337303756,10.412525360138122,17.791365243474655,-6.691343153498035,0.022982025443527263,-6.748433669594051,-6.63425263740202,-6.71379565633419,-6.674065695809069,18.575348331636594,0.045459124798860454,18.462421605381877,18.68827505789131,18.535063143981446,18.616845075596213,8.701926371789002,0.08551789622804547,8.489488140741805,8.914364602836198,8.620513904423161,8.77256474816237,12.834184713909385,0.10042617071838894,12.584712275984026,13.083657151834744,12.735701651034297,12.907718763856188,11.796506690291993,0.038998565764222226,11.699628882374027,11.89338449820996,11.76456831086757,11.83376051428772,0.003029961491499953,0.00011838791213741892,0.002735869614347387,0.003324053368652519,0.0029221376913684607,0.0031351554428477504,0.0,0.0,0.0,0.0,0.0,0.0,1.0,0.0,3,3,0.43849391955098227,1.0,1.0,1.0,1383.3171200000152,68.28915540802755,1213.677453749305,1552.9567862507254,1327.7449671000568,1448.705898599951
target_snr_db,6.0,Row complex LS / Wiener [scientific controlled],scientific_controlled,3,3,0.0,13.767063269700918,4.052850041321482,3.6992256421010765,23.83490089730076,10.568180407571809,17.685267372846795,-6.713903947511945,0.05062916422308149,-6.839673763671456,-6.588134131352433,-6.763104619884113,-6.674775622834575,18.774840258001223,0.038686225246344616,18.678738346942616,18.87094216905983,18.737335803190312,18.805049320862455,8.483270279984337,0.07921576841707735,8.286487402296457,8.680053157672218,8.40511799220032,8.535301340708218,12.579102693583813,0.07085420489885544,12.403091091160505,12.755114296007122,12.525297080000517,12.648202688588423,11.540821198512011,0.03995277374911754,11.441573006553941,11.640069390470082,11.508644292997902,11.579214359267983,0.002546570238877931,8.470460698455707e-05,0.0023361523303110214,0.0027569881474448408,0.0024683009298393913,0.002620456466610313,6.321751883882062e-07,1.0949595455727995e-06,-2.0878551115789206e-06,3.3522054883553327e-06,0.0,1.7068730086481564e-06,1.0,0.0,3,3,0.43849391955098227,1.0,1.0,1.0,1432.5540930000216,20.066150945544347,1382.7070107070933,1482.4011752929498,1412.7923928000314,1444.8028269000588
target_snr_db,6.0,Row complex LS / Wiener robust IRLS [scientific controlled],scientific_controlled,3,3,0.0,13.762811836870535,4.045936620534675,3.712148098564203,23.813475575176867,10.56351339757854,17.672366150988818,-6.686644585805726,0.04499492396813067,-6.798418173271013,-6.5748709983404385,-6.730927875341317,-6.654914353981842,18.773108438804016,0.038737528111233675,18.676879084364018,18.869337793244014,18.735613590784933,18.80354790459679,8.486220231029328,0.08279862512692603,8.280537043872817,8.69190341818584,8.404533787333465,8.54023147682916,12.592837657309085,0.074519933380208,12.407719880524317,12.777955434093853,12.535156441590996,12.665230125110623,11.555650264352954,0.03906345798454493,11.458611255223287,11.65268927348262,11.525680046311981,11.593670590122485,0.002582261043799505,9.549420251521019e-05,0.0023450402940806752,0.002819481793518335,0.0024884004884004884,0.0026506997276228047,6.321751883882062e-07,1.0949595455727995e-06,-2.0878551115789206e-06,3.3522054883553327e-06,0.0,1.7068730086481564e-06,1.0,0.0,3,3,0.43849391955098227,1.0,1.0,1.0,1536.500541666669,76.76632683596182,1345.802414183097,1727.1986691502411,1460.847115599995,1589.4037015000208
target_snr_db,6.0,SA-MNEC physical [approximate academic reference],scientific_controlled,3,3,0.0,-0.2179528104708948,0.046273958477292494,-0.3329036957949845,-0.10300192514680506,-0.2634608157026251,-0.18500263956575047,0.004622309198764091,0.0007663632696367169,0.002718557299781121,0.006526061097747061,0.004061290128623086,0.005373865178362348,-0.22321809702425766,0.0036867498666033577,-0.23237649140157227,-0.21405970264694305,-0.22597708155363108,-0.2196136327526664,24.144111507673504,0.10578171805083306,23.88133515265271,24.406887862694298,24.043721489818555,24.232122395967654,35.532032811881436,0.0664043024450894,35.36707537995701,35.696990243805864,35.47736524199807,35.59533586398697,34.470199484906885,0.12230105073813094,34.1663868325851,34.774012137228674,34.3599118007133,34.580051554649984,0.14378259916721456,0.0006779257966738644,0.142098538129948,0.14546666020448112,0.14311618296233683,0.1441829623368085,0.001727102614676579,2.6976923447822584e-05,0.0016600882217936116,0.0017941170075595465,0.0017093384918828705,0.0017537171901077227,1.0,0.0,3,3,0.43849391955098227,1.0,1.0,1.0,7879.141115999952,732.2985133794311,6060.010762676315,9698.271469323588,7157.469302499999,8333.25599649994
target_snr_db,6.0,Shrinkage-SMI/MVDR global,scientific_controlled,3,3,0.0,-0.7510763717534051,0.11421883259177415,-1.0348116811834673,-0.467341062323343,-0.8195349028464259,-0.6386969508623711,-0.011268673185571301,3.377535051974405e-05,-0.011352575807524018,-0.011184770563618584,-0.01130145739898105,-0.01124243572002303,-0.6243809987232725,0.004695330340855343,-0.6360448458919826,-0.6127171515545623,-0.6288567246033167,-0.6205148664726002,24.60460024397649,0.10549017023816046,24.342548133871926,24.86665235408105,24.50226334581461,24.68674404129885,35.99319606934742,0.06994811123299313,35.819435328369835,36.166956810325004,35.92524502016312,36.04733894021607,34.87287912987455,0.12418365257146013,34.56438983534243,35.181368424406664,34.7596788789475,34.98311173856513,0.14887636579944272,0.0008874329857198535,0.14667186005299018,0.15108087154589525,0.14800788954635108,0.14953620738236123,0.0016335406867951246,3.6595245128221125e-05,0.0015426330583024081,0.0017244483152878411,0.0016061675011379154,0.0016693218024578973,1.0,0.0,3,3,0.43849391955098227,1.0,1.0,1.0,4896.288386666659,265.4861026510441,4236.784347133163,5555.792426200155,4680.256438499975,5150.504970599979
target_snr_db,6.0,Shrinkage-SMI/MVDR local,scientific_controlled,3,3,0.0,-0.2147489432712183,0.07992460146340465,-0.413292659860795,-0.016205226681641594,-0.2826182726273042,-0.13965614751394512,-0.01170936660154793,8.91817977532778e-05,-0.011930906468545992,-0.011487826734549868,-0.011764618132445033,-0.011621482130203245,-0.08064425611075192,0.0037672556891095357,-0.09000263803776731,-0.07128587418373653,-0.08398307450594644,-0.0772056559444018,23.860585258264802,0.11113127311138728,23.584519871777154,24.13665064475245,23.75338825848676,23.949005353863743,35.3268263789952,0.07054641618876874,35.15157936611386,35.50207339187654,35.273282029832295,35.39563270907819,34.34184525845895,0.12766031306774164,34.024719460477165,34.65897105644074,34.22591924603204,34.45565969103175,0.13868069252684637,0.0008716319903063014,0.13651543862898338,0.14084594642470935,0.13782098243636703,0.13926646003569082,0.0018010671117179994,1.4484953266309545e-05,0.0017650844930566323,0.0018370497303793665,0.0017893718707328175,0.0018149749658625397,1.0,0.0,3,3,0.43849391955098227,1.0,1.0,1.0,2427.05702400004,162.59816670428924,2023.1407862330916,2830.973261766989,2266.6903423000576,2530.6431028000816
