split,scene_id,role,method,status,pfa,hit_cells,false_clusters,selected,valid_cfar_test_cells,configured_pf,cfar_mode
calibration,calibration_000,target_off,J0_Current,measured,0.007365631163708087,3824,57,57,519168,1e-06,dynamic
calibration,calibration_000,target_on,J0_Current,measured,0.007471569896449704,3879,58,58,519168,1e-06,dynamic
calibration,calibration_000,target_off,J1_D3_delay_only,measured,0.007365631163708087,3824,57,57,519168,1e-06,dynamic
calibration,calibration_000,target_on,J1_D3_delay_only,measured,0.007471569896449704,3879,58,58,519168,1e-06,dynamic
calibration,calibration_000,target_off,J2_P1_phase_only,measured,0.007365631163708087,3824,57,57,519168,1e-06,dynamic
calibration,calibration_000,target_on,J2_P1_phase_only,measured,0.007471569896449704,3879,58,58,519168,1e-06,dynamic
calibration,calibration_000,target_off,J3_D3_P1_joint,measured,0.007365631163708087,3824,57,57,519168,1e-06,dynamic
calibration,calibration_000,target_on,J3_D3_P1_joint,measured,0.007471569896449704,3879,58,58,519168,1e-06,dynamic
calibration,calibration_000,target_off,J4_D3_P2_joint,measured,0.007365631163708087,3824,57,57,519168,1e-06,dynamic
calibration,calibration_000,target_on,J4_D3_P2_joint,measured,0.007471569896449704,3879,58,58,519168,1e-06,dynamic
calibration,calibration_000,target_off,J5_Selective_Physics_Calibration,measured,0.007365631163708087,3824,57,57,519168,1e-06,dynamic
calibration,calibration_000,target_on,J5_Selective_Physics_Calibration,measured,0.007471569896449704,3879,58,58,519168,1e-06,dynamic
calibration,calibration_000,target_off,J6_Joint_Phase_Surface,measured,0.007365631163708087,3824,57,57,519168,1e-06,dynamic
calibration,calibration_000,target_on,J6_Joint_Phase_Surface,measured,0.007471569896449704,3879,58,58,519168,1e-06,dynamic
calibration,calibration_001,target_off,J0_Current,measured,0.010303023298816568,5349,54,54,519168,1e-06,dynamic
calibration,calibration_001,target_on,J0_Current,measured,0.010310727933925049,5353,54,54,519168,1e-06,dynamic
calibration,calibration_001,target_off,J1_D3_delay_only,measured,0.010303023298816568,5349,54,54,519168,1e-06,dynamic
calibration,calibration_001,target_on,J1_D3_delay_only,measured,0.010310727933925049,5353,54,54,519168,1e-06,dynamic
calibration,calibration_001,target_off,J2_P1_phase_only,measured,0.010303023298816568,5349,54,54,519168,1e-06,dynamic
calibration,calibration_001,target_on,J2_P1_phase_only,measured,0.010310727933925049,5353,54,54,519168,1e-06,dynamic
calibration,calibration_001,target_off,J3_D3_P1_joint,measured,0.010303023298816568,5349,54,54,519168,1e-06,dynamic
calibration,calibration_001,target_on,J3_D3_P1_joint,measured,0.010310727933925049,5353,54,54,519168,1e-06,dynamic
calibration,calibration_001,target_off,J4_D3_P2_joint,measured,0.010303023298816568,5349,54,54,519168,1e-06,dynamic
calibration,calibration_001,target_on,J4_D3_P2_joint,measured,0.010310727933925049,5353,54,54,519168,1e-06,dynamic
calibration,calibration_001,target_off,J5_Selective_Physics_Calibration,measured,0.010303023298816568,5349,54,54,519168,1e-06,dynamic
calibration,calibration_001,target_on,J5_Selective_Physics_Calibration,measured,0.010310727933925049,5353,54,54,519168,1e-06,dynamic
calibration,calibration_001,target_off,J6_Joint_Phase_Surface,measured,0.010303023298816568,5349,54,54,519168,1e-06,dynamic
calibration,calibration_001,target_on,J6_Joint_Phase_Surface,measured,0.010310727933925049,5353,54,54,519168,1e-06,dynamic
calibration,calibration_002,target_off,J0_Current,measured,0.0040430072731755425,2099,2,2,519168,1e-06,dynamic
calibration,calibration_002,target_on,J0_Current,measured,0.004056490384615385,2106,3,3,519168,1e-06,dynamic
calibration,calibration_002,target_off,J1_D3_delay_only,measured,0.004016041050295858,2085,2,2,519168,1e-06,dynamic
calibration,calibration_002,target_on,J1_D3_delay_only,measured,0.0040449334319526626,2100,3,3,519168,1e-06,dynamic
calibration,calibration_002,target_off,J2_P1_phase_only,measured,0.0040430072731755425,2099,2,2,519168,1e-06,dynamic
calibration,calibration_002,target_on,J2_P1_phase_only,measured,0.004056490384615385,2106,3,3,519168,1e-06,dynamic
calibration,calibration_002,target_off,J3_D3_P1_joint,measured,0.004016041050295858,2085,2,2,519168,1e-06,dynamic
calibration,calibration_002,target_on,J3_D3_P1_joint,measured,0.0040449334319526626,2100,3,3,519168,1e-06,dynamic
calibration,calibration_002,target_off,J4_D3_P2_joint,measured,0.004016041050295858,2085,2,2,519168,1e-06,dynamic
calibration,calibration_002,target_on,J4_D3_P2_joint,measured,0.0040449334319526626,2100,3,3,519168,1e-06,dynamic
calibration,calibration_002,target_off,J5_Selective_Physics_Calibration,measured,0.004016041050295858,2085,2,2,519168,1e-06,dynamic
calibration,calibration_002,target_on,J5_Selective_Physics_Calibration,measured,0.0040449334319526626,2100,3,3,519168,1e-06,dynamic
calibration,calibration_002,target_off,J6_Joint_Phase_Surface,measured,0.004010262573964497,2082,2,2,519168,1e-06,dynamic
calibration,calibration_002,target_on,J6_Joint_Phase_Surface,measured,0.004031450320512821,2093,3,3,519168,1e-06,dynamic
calibration,calibration_003,target_off,J0_Current,measured,0.010973326553254437,5697,95,95,519168,1e-06,dynamic
calibration,calibration_003,target_on,J0_Current,measured,0.010948286489151873,5684,95,95,519168,1e-06,dynamic
calibration,calibration_003,target_off,J1_D3_delay_only,measured,0.010973326553254437,5697,95,95,519168,1e-06,dynamic
calibration,calibration_003,target_on,J1_D3_delay_only,measured,0.010948286489151873,5684,95,95,519168,1e-06,dynamic
calibration,calibration_003,target_off,J2_P1_phase_only,measured,0.010973326553254437,5697,95,95,519168,1e-06,dynamic
calibration,calibration_003,target_on,J2_P1_phase_only,measured,0.010948286489151873,5684,95,95,519168,1e-06,dynamic
calibration,calibration_003,target_off,J3_D3_P1_joint,measured,0.010973326553254437,5697,95,95,519168,1e-06,dynamic
calibration,calibration_003,target_on,J3_D3_P1_joint,measured,0.010948286489151873,5684,95,95,519168,1e-06,dynamic
calibration,calibration_003,target_off,J4_D3_P2_joint,measured,0.010973326553254437,5697,95,95,519168,1e-06,dynamic
calibration,calibration_003,target_on,J4_D3_P2_joint,measured,0.010948286489151873,5684,95,95,519168,1e-06,dynamic
calibration,calibration_003,target_off,J5_Selective_Physics_Calibration,measured,0.010973326553254437,5697,95,95,519168,1e-06,dynamic
calibration,calibration_003,target_on,J5_Selective_Physics_Calibration,measured,0.010948286489151873,5684,95,95,519168,1e-06,dynamic
calibration,calibration_003,target_off,J6_Joint_Phase_Surface,measured,0.010973326553254437,5697,95,95,519168,1e-06,dynamic
calibration,calibration_003,target_on,J6_Joint_Phase_Surface,measured,0.010948286489151873,5684,95,95,519168,1e-06,dynamic
calibration,calibration_004,target_off,J0_Current,measured,0.008008968195266272,4158,44,44,519168,1e-06,dynamic
calibration,calibration_004,target_on,J0_Current,measured,0.008010894354043393,4159,44,44,519168,1e-06,dynamic
calibration,calibration_004,target_off,J1_D3_delay_only,measured,0.008008968195266272,4158,44,44,519168,1e-06,dynamic
calibration,calibration_004,target_on,J1_D3_delay_only,measured,0.008010894354043393,4159,44,44,519168,1e-06,dynamic
calibration,calibration_004,target_off,J2_P1_phase_only,measured,0.008008968195266272,4158,44,44,519168,1e-06,dynamic
calibration,calibration_004,target_on,J2_P1_phase_only,measured,0.008010894354043393,4159,44,44,519168,1e-06,dynamic
calibration,calibration_004,target_off,J3_D3_P1_joint,measured,0.008008968195266272,4158,44,44,519168,1e-06,dynamic
calibration,calibration_004,target_on,J3_D3_P1_joint,measured,0.008010894354043393,4159,44,44,519168,1e-06,dynamic
calibration,calibration_004,target_off,J4_D3_P2_joint,measured,0.008008968195266272,4158,44,44,519168,1e-06,dynamic
calibration,calibration_004,target_on,J4_D3_P2_joint,measured,0.008010894354043393,4159,44,44,519168,1e-06,dynamic
calibration,calibration_004,target_off,J5_Selective_Physics_Calibration,measured,0.008008968195266272,4158,44,44,519168,1e-06,dynamic
calibration,calibration_004,target_on,J5_Selective_Physics_Calibration,measured,0.008010894354043393,4159,44,44,519168,1e-06,dynamic
calibration,calibration_004,target_off,J6_Joint_Phase_Surface,measured,0.008008968195266272,4158,44,44,519168,1e-06,dynamic
calibration,calibration_004,target_on,J6_Joint_Phase_Surface,measured,0.008010894354043393,4159,44,44,519168,1e-06,dynamic
calibration,calibration_005,target_off,J0_Current,measured,0.006741555719921104,3500,63,63,519168,1e-06,dynamic
calibration,calibration_005,target_on,J0_Current,measured,0.006733851084812623,3496,63,63,519168,1e-06,dynamic
calibration,calibration_005,target_off,J1_D3_delay_only,measured,0.006741555719921104,3500,63,63,519168,1e-06,dynamic
calibration,calibration_005,target_on,J1_D3_delay_only,measured,0.006733851084812623,3496,63,63,519168,1e-06,dynamic
calibration,calibration_005,target_off,J2_P1_phase_only,measured,0.006741555719921104,3500,63,63,519168,1e-06,dynamic
calibration,calibration_005,target_on,J2_P1_phase_only,measured,0.006733851084812623,3496,63,63,519168,1e-06,dynamic
calibration,calibration_005,target_off,J3_D3_P1_joint,measured,0.006741555719921104,3500,63,63,519168,1e-06,dynamic
calibration,calibration_005,target_on,J3_D3_P1_joint,measured,0.006733851084812623,3496,63,63,519168,1e-06,dynamic
calibration,calibration_005,target_off,J4_D3_P2_joint,measured,0.006741555719921104,3500,63,63,519168,1e-06,dynamic
calibration,calibration_005,target_on,J4_D3_P2_joint,measured,0.006733851084812623,3496,63,63,519168,1e-06,dynamic
calibration,calibration_005,target_off,J5_Selective_Physics_Calibration,measured,0.006741555719921104,3500,63,63,519168,1e-06,dynamic
calibration,calibration_005,target_on,J5_Selective_Physics_Calibration,measured,0.006733851084812623,3496,63,63,519168,1e-06,dynamic
calibration,calibration_005,target_off,J6_Joint_Phase_Surface,measured,0.006741555719921104,3500,63,63,519168,1e-06,dynamic
calibration,calibration_005,target_on,J6_Joint_Phase_Surface,measured,0.006733851084812623,3496,63,63,519168,1e-06,dynamic
calibration,calibration_006,target_off,J0_Current,measured,0.010229829265285996,5311,93,93,519168,1e-06,dynamic
calibration,calibration_006,target_on,J0_Current,measured,0.010220198471400394,5306,93,93,519168,1e-06,dynamic
calibration,calibration_006,target_off,J1_D3_delay_only,measured,0.010229829265285996,5311,93,93,519168,1e-06,dynamic
calibration,calibration_006,target_on,J1_D3_delay_only,measured,0.010220198471400394,5306,93,93,519168,1e-06,dynamic
calibration,calibration_006,target_off,J2_P1_phase_only,measured,0.010229829265285996,5311,93,93,519168,1e-06,dynamic
calibration,calibration_006,target_on,J2_P1_phase_only,measured,0.010220198471400394,5306,93,93,519168,1e-06,dynamic
calibration,calibration_006,target_off,J3_D3_P1_joint,measured,0.010229829265285996,5311,93,93,519168,1e-06,dynamic
calibration,calibration_006,target_on,J3_D3_P1_joint,measured,0.010220198471400394,5306,93,93,519168,1e-06,dynamic
calibration,calibration_006,target_off,J4_D3_P2_joint,measured,0.010229829265285996,5311,93,93,519168,1e-06,dynamic
calibration,calibration_006,target_on,J4_D3_P2_joint,measured,0.010220198471400394,5306,93,93,519168,1e-06,dynamic
calibration,calibration_006,target_off,J5_Selective_Physics_Calibration,measured,0.010229829265285996,5311,93,93,519168,1e-06,dynamic
calibration,calibration_006,target_on,J5_Selective_Physics_Calibration,measured,0.010220198471400394,5306,93,93,519168,1e-06,dynamic
calibration,calibration_006,target_off,J6_Joint_Phase_Surface,measured,0.010229829265285996,5311,93,93,519168,1e-06,dynamic
calibration,calibration_006,target_on,J6_Joint_Phase_Surface,measured,0.010220198471400394,5306,93,93,519168,1e-06,dynamic
calibration,calibration_007,target_off,J0_Current,measured,0.004751833703155819,2467,10,10,519168,1e-06,dynamic
calibration,calibration_007,target_on,J0_Current,measured,0.004809618466469428,2497,11,11,519168,1e-06,dynamic
calibration,calibration_007,target_off,J1_D3_delay_only,measured,0.004751833703155819,2467,10,10,519168,1e-06,dynamic
calibration,calibration_007,target_on,J1_D3_delay_only,measured,0.004809618466469428,2497,11,11,519168,1e-06,dynamic
calibration,calibration_007,target_off,J2_P1_phase_only,measured,0.004751833703155819,2467,10,10,519168,1e-06,dynamic
calibration,calibration_007,target_on,J2_P1_phase_only,measured,0.004809618466469428,2497,11,11,519168,1e-06,dynamic
calibration,calibration_007,target_off,J3_D3_P1_joint,measured,0.004751833703155819,2467,10,10,519168,1e-06,dynamic
calibration,calibration_007,target_on,J3_D3_P1_joint,measured,0.004809618466469428,2497,11,11,519168,1e-06,dynamic
calibration,calibration_007,target_off,J4_D3_P2_joint,measured,0.004751833703155819,2467,10,10,519168,1e-06,dynamic
calibration,calibration_007,target_on,J4_D3_P2_joint,measured,0.004809618466469428,2497,11,11,519168,1e-06,dynamic
calibration,calibration_007,target_off,J5_Selective_Physics_Calibration,measured,0.004751833703155819,2467,10,10,519168,1e-06,dynamic
calibration,calibration_007,target_on,J5_Selective_Physics_Calibration,measured,0.004809618466469428,2497,11,11,519168,1e-06,dynamic
calibration,calibration_007,target_off,J6_Joint_Phase_Surface,measured,0.004751833703155819,2467,10,10,519168,1e-06,dynamic
calibration,calibration_007,target_on,J6_Joint_Phase_Surface,measured,0.004809618466469428,2497,11,11,519168,1e-06,dynamic
calibration,calibration_008,target_off,J0_Current,measured,0.010647805719921105,5528,63,63,519168,1e-06,dynamic
calibration,calibration_008,target_on,J0_Current,measured,0.01062083949704142,5514,62,62,519168,1e-06,dynamic
calibration,calibration_008,target_off,J1_D3_delay_only,measured,0.010647805719921105,5528,63,63,519168,1e-06,dynamic
calibration,calibration_008,target_on,J1_D3_delay_only,measured,0.01062083949704142,5514,62,62,519168,1e-06,dynamic
calibration,calibration_008,target_off,J2_P1_phase_only,measured,0.010647805719921105,5528,63,63,519168,1e-06,dynamic
calibration,calibration_008,target_on,J2_P1_phase_only,measured,0.01062083949704142,5514,62,62,519168,1e-06,dynamic
calibration,calibration_008,target_off,J3_D3_P1_joint,measured,0.010647805719921105,5528,63,63,519168,1e-06,dynamic
calibration,calibration_008,target_on,J3_D3_P1_joint,measured,0.01062083949704142,5514,62,62,519168,1e-06,dynamic
calibration,calibration_008,target_off,J4_D3_P2_joint,measured,0.010647805719921105,5528,63,63,519168,1e-06,dynamic
calibration,calibration_008,target_on,J4_D3_P2_joint,measured,0.01062083949704142,5514,62,62,519168,1e-06,dynamic
calibration,calibration_008,target_off,J5_Selective_Physics_Calibration,measured,0.010647805719921105,5528,63,63,519168,1e-06,dynamic
calibration,calibration_008,target_on,J5_Selective_Physics_Calibration,measured,0.01062083949704142,5514,62,62,519168,1e-06,dynamic
calibration,calibration_008,target_off,J6_Joint_Phase_Surface,measured,0.010647805719921105,5528,63,63,519168,1e-06,dynamic
calibration,calibration_008,target_on,J6_Joint_Phase_Surface,measured,0.01062083949704142,5514,62,62,519168,1e-06,dynamic
calibration,calibration_009,target_off,J0_Current,measured,0.007475422214003945,3881,73,73,519168,1e-06,dynamic
calibration,calibration_009,target_on,J0_Current,measured,0.007471569896449704,3879,73,73,519168,1e-06,dynamic
calibration,calibration_009,target_off,J1_D3_delay_only,measured,0.007475422214003945,3881,73,73,519168,1e-06,dynamic
calibration,calibration_009,target_on,J1_D3_delay_only,measured,0.007471569896449704,3879,73,73,519168,1e-06,dynamic
calibration,calibration_009,target_off,J2_P1_phase_only,measured,0.007475422214003945,3881,73,73,519168,1e-06,dynamic
calibration,calibration_009,target_on,J2_P1_phase_only,measured,0.007471569896449704,3879,73,73,519168,1e-06,dynamic
calibration,calibration_009,target_off,J3_D3_P1_joint,measured,0.007475422214003945,3881,73,73,519168,1e-06,dynamic
calibration,calibration_009,target_on,J3_D3_P1_joint,measured,0.007471569896449704,3879,73,73,519168,1e-06,dynamic
calibration,calibration_009,target_off,J4_D3_P2_joint,measured,0.007475422214003945,3881,73,73,519168,1e-06,dynamic
calibration,calibration_009,target_on,J4_D3_P2_joint,measured,0.007471569896449704,3879,73,73,519168,1e-06,dynamic
calibration,calibration_009,target_off,J5_Selective_Physics_Calibration,measured,0.007475422214003945,3881,73,73,519168,1e-06,dynamic
calibration,calibration_009,target_on,J5_Selective_Physics_Calibration,measured,0.007471569896449704,3879,73,73,519168,1e-06,dynamic
calibration,calibration_009,target_off,J6_Joint_Phase_Surface,measured,0.007475422214003945,3881,73,73,519168,1e-06,dynamic
calibration,calibration_009,target_on,J6_Joint_Phase_Surface,measured,0.007471569896449704,3879,73,73,519168,1e-06,dynamic
calibration,calibration_010,target_off,J0_Current,measured,0.0066741401627218935,3465,53,53,519168,1e-06,dynamic
calibration,calibration_010,target_on,J0_Current,measured,0.0066702878451676524,3463,53,53,519168,1e-06,dynamic
calibration,calibration_010,target_off,J1_D3_delay_only,measured,0.0066741401627218935,3465,53,53,519168,1e-06,dynamic
calibration,calibration_010,target_on,J1_D3_delay_only,measured,0.0066702878451676524,3463,53,53,519168,1e-06,dynamic
calibration,calibration_010,target_off,J2_P1_phase_only,measured,0.0066741401627218935,3465,53,53,519168,1e-06,dynamic
calibration,calibration_010,target_on,J2_P1_phase_only,measured,0.0066702878451676524,3463,53,53,519168,1e-06,dynamic
calibration,calibration_010,target_off,J3_D3_P1_joint,measured,0.0066741401627218935,3465,53,53,519168,1e-06,dynamic
calibration,calibration_010,target_on,J3_D3_P1_joint,measured,0.0066702878451676524,3463,53,53,519168,1e-06,dynamic
calibration,calibration_010,target_off,J4_D3_P2_joint,measured,0.0066741401627218935,3465,53,53,519168,1e-06,dynamic
calibration,calibration_010,target_on,J4_D3_P2_joint,measured,0.0066702878451676524,3463,53,53,519168,1e-06,dynamic
calibration,calibration_010,target_off,J5_Selective_Physics_Calibration,measured,0.0066741401627218935,3465,53,53,519168,1e-06,dynamic
calibration,calibration_010,target_on,J5_Selective_Physics_Calibration,measured,0.0066702878451676524,3463,53,53,519168,1e-06,dynamic
calibration,calibration_010,target_off,J6_Joint_Phase_Surface,measured,0.0066741401627218935,3465,53,53,519168,1e-06,dynamic
calibration,calibration_010,target_on,J6_Joint_Phase_Surface,measured,0.0066702878451676524,3463,53,53,519168,1e-06,dynamic
calibration,calibration_011,target_off,J0_Current,measured,0.009938979289940829,5160,70,70,519168,1e-06,dynamic
calibration,calibration_011,target_on,J0_Current,measured,0.009937053131163708,5159,70,70,519168,1e-06,dynamic
calibration,calibration_011,target_off,J1_D3_delay_only,measured,0.009938979289940829,5160,70,70,519168,1e-06,dynamic
calibration,calibration_011,target_on,J1_D3_delay_only,measured,0.009937053131163708,5159,70,70,519168,1e-06,dynamic
calibration,calibration_011,target_off,J2_P1_phase_only,measured,0.009938979289940829,5160,70,70,519168,1e-06,dynamic
calibration,calibration_011,target_on,J2_P1_phase_only,measured,0.009937053131163708,5159,70,70,519168,1e-06,dynamic
calibration,calibration_011,target_off,J3_D3_P1_joint,measured,0.009938979289940829,5160,70,70,519168,1e-06,dynamic
calibration,calibration_011,target_on,J3_D3_P1_joint,measured,0.009937053131163708,5159,70,70,519168,1e-06,dynamic
calibration,calibration_011,target_off,J4_D3_P2_joint,measured,0.009938979289940829,5160,70,70,519168,1e-06,dynamic
calibration,calibration_011,target_on,J4_D3_P2_joint,measured,0.009937053131163708,5159,70,70,519168,1e-06,dynamic
calibration,calibration_011,target_off,J5_Selective_Physics_Calibration,measured,0.009938979289940829,5160,70,70,519168,1e-06,dynamic
calibration,calibration_011,target_on,J5_Selective_Physics_Calibration,measured,0.009937053131163708,5159,70,70,519168,1e-06,dynamic
calibration,calibration_011,target_off,J6_Joint_Phase_Surface,measured,0.009938979289940829,5160,70,70,519168,1e-06,dynamic
calibration,calibration_011,target_on,J6_Joint_Phase_Surface,measured,0.009937053131163708,5159,70,70,519168,1e-06,dynamic
calibration,calibration_012,target_off,J0_Current,measured,0.004528399285009862,2351,4,4,519168,1e-06,dynamic
calibration,calibration_012,target_on,J0_Current,measured,0.004663230399408284,2421,5,5,519168,1e-06,dynamic
calibration,calibration_012,target_off,J1_D3_delay_only,measured,0.004528399285009862,2351,4,4,519168,1e-06,dynamic
calibration,calibration_012,target_on,J1_D3_delay_only,measured,0.004663230399408284,2421,5,5,519168,1e-06,dynamic
calibration,calibration_012,target_off,J2_P1_phase_only,measured,0.004528399285009862,2351,4,4,519168,1e-06,dynamic
calibration,calibration_012,target_on,J2_P1_phase_only,measured,0.004663230399408284,2421,5,5,519168,1e-06,dynamic
calibration,calibration_012,target_off,J3_D3_P1_joint,measured,0.004528399285009862,2351,4,4,519168,1e-06,dynamic
calibration,calibration_012,target_on,J3_D3_P1_joint,measured,0.004663230399408284,2421,5,5,519168,1e-06,dynamic
calibration,calibration_012,target_off,J4_D3_P2_joint,measured,0.004528399285009862,2351,4,4,519168,1e-06,dynamic
calibration,calibration_012,target_on,J4_D3_P2_joint,measured,0.004663230399408284,2421,5,5,519168,1e-06,dynamic
calibration,calibration_012,target_off,J5_Selective_Physics_Calibration,measured,0.004528399285009862,2351,4,4,519168,1e-06,dynamic
calibration,calibration_012,target_on,J5_Selective_Physics_Calibration,measured,0.004663230399408284,2421,5,5,519168,1e-06,dynamic
calibration,calibration_012,target_off,J6_Joint_Phase_Surface,measured,0.004528399285009862,2351,4,4,519168,1e-06,dynamic
calibration,calibration_012,target_on,J6_Joint_Phase_Surface,measured,0.004663230399408284,2421,5,5,519168,1e-06,dynamic
calibration,calibration_013,target_off,J0_Current,measured,0.010447485207100591,5424,66,66,519168,1e-06,dynamic
calibration,calibration_013,target_on,J0_Current,measured,0.010453263683431952,5427,66,66,519168,1e-06,dynamic
calibration,calibration_013,target_off,J1_D3_delay_only,measured,0.010447485207100591,5424,66,66,519168,1e-06,dynamic
calibration,calibration_013,target_on,J1_D3_delay_only,measured,0.010453263683431952,5427,66,66,519168,1e-06,dynamic
calibration,calibration_013,target_off,J2_P1_phase_only,measured,0.010447485207100591,5424,66,66,519168,1e-06,dynamic
calibration,calibration_013,target_on,J2_P1_phase_only,measured,0.010453263683431952,5427,66,66,519168,1e-06,dynamic
calibration,calibration_013,target_off,J3_D3_P1_joint,measured,0.010447485207100591,5424,66,66,519168,1e-06,dynamic
calibration,calibration_013,target_on,J3_D3_P1_joint,measured,0.010453263683431952,5427,66,66,519168,1e-06,dynamic
calibration,calibration_013,target_off,J4_D3_P2_joint,measured,0.010447485207100591,5424,66,66,519168,1e-06,dynamic
calibration,calibration_013,target_on,J4_D3_P2_joint,measured,0.010453263683431952,5427,66,66,519168,1e-06,dynamic
calibration,calibration_013,target_off,J5_Selective_Physics_Calibration,measured,0.010447485207100591,5424,66,66,519168,1e-06,dynamic
calibration,calibration_013,target_on,J5_Selective_Physics_Calibration,measured,0.010453263683431952,5427,66,66,519168,1e-06,dynamic
calibration,calibration_013,target_off,J6_Joint_Phase_Surface,measured,0.010447485207100591,5424,66,66,519168,1e-06,dynamic
calibration,calibration_013,target_on,J6_Joint_Phase_Surface,measured,0.010453263683431952,5427,66,66,519168,1e-06,dynamic
calibration,calibration_014,target_off,J0_Current,measured,0.007253913954635109,3766,53,53,519168,1e-06,dynamic
calibration,calibration_014,target_on,J0_Current,measured,0.007250061637080868,3764,53,53,519168,1e-06,dynamic
calibration,calibration_014,target_off,J1_D3_delay_only,measured,0.007253913954635109,3766,53,53,519168,1e-06,dynamic
calibration,calibration_014,target_on,J1_D3_delay_only,measured,0.007250061637080868,3764,53,53,519168,1e-06,dynamic
calibration,calibration_014,target_off,J2_P1_phase_only,measured,0.007253913954635109,3766,53,53,519168,1e-06,dynamic
calibration,calibration_014,target_on,J2_P1_phase_only,measured,0.007250061637080868,3764,53,53,519168,1e-06,dynamic
calibration,calibration_014,target_off,J3_D3_P1_joint,measured,0.007253913954635109,3766,53,53,519168,1e-06,dynamic
calibration,calibration_014,target_on,J3_D3_P1_joint,measured,0.007250061637080868,3764,53,53,519168,1e-06,dynamic
calibration,calibration_014,target_off,J4_D3_P2_joint,measured,0.007253913954635109,3766,53,53,519168,1e-06,dynamic
calibration,calibration_014,target_on,J4_D3_P2_joint,measured,0.007250061637080868,3764,53,53,519168,1e-06,dynamic
calibration,calibration_014,target_off,J5_Selective_Physics_Calibration,measured,0.007253913954635109,3766,53,53,519168,1e-06,dynamic
calibration,calibration_014,target_on,J5_Selective_Physics_Calibration,measured,0.007250061637080868,3764,53,53,519168,1e-06,dynamic
calibration,calibration_014,target_off,J6_Joint_Phase_Surface,measured,0.007253913954635109,3766,53,53,519168,1e-06,dynamic
calibration,calibration_014,target_on,J6_Joint_Phase_Surface,measured,0.007250061637080868,3764,53,53,519168,1e-06,dynamic
calibration,calibration_015,target_off,J0_Current,measured,0.006258089866863905,3249,59,59,519168,1e-06,dynamic
calibration,calibration_015,target_on,J0_Current,measured,0.006265794501972386,3253,59,59,519168,1e-06,dynamic
calibration,calibration_015,target_off,J1_D3_delay_only,measured,0.006258089866863905,3249,59,59,519168,1e-06,dynamic
calibration,calibration_015,target_on,J1_D3_delay_only,measured,0.006265794501972386,3253,59,59,519168,1e-06,dynamic
calibration,calibration_015,target_off,J2_P1_phase_only,measured,0.006258089866863905,3249,59,59,519168,1e-06,dynamic
calibration,calibration_015,target_on,J2_P1_phase_only,measured,0.006265794501972386,3253,59,59,519168,1e-06,dynamic
calibration,calibration_015,target_off,J3_D3_P1_joint,measured,0.006258089866863905,3249,59,59,519168,1e-06,dynamic
calibration,calibration_015,target_on,J3_D3_P1_joint,measured,0.006265794501972386,3253,59,59,519168,1e-06,dynamic
calibration,calibration_015,target_off,J4_D3_P2_joint,measured,0.006258089866863905,3249,59,59,519168,1e-06,dynamic
calibration,calibration_015,target_on,J4_D3_P2_joint,measured,0.006265794501972386,3253,59,59,519168,1e-06,dynamic
calibration,calibration_015,target_off,J5_Selective_Physics_Calibration,measured,0.006258089866863905,3249,59,59,519168,1e-06,dynamic
calibration,calibration_015,target_on,J5_Selective_Physics_Calibration,measured,0.006265794501972386,3253,59,59,519168,1e-06,dynamic
calibration,calibration_015,target_off,J6_Joint_Phase_Surface,measured,0.006258089866863905,3249,59,59,519168,1e-06,dynamic
calibration,calibration_015,target_on,J6_Joint_Phase_Surface,measured,0.006265794501972386,3253,59,59,519168,1e-06,dynamic
calibration,calibration_016,target_off,J0_Current,measured,0.010626617973372781,5517,67,67,519168,1e-06,dynamic
calibration,calibration_016,target_on,J0_Current,measured,0.010642027243589744,5525,67,67,519168,1e-06,dynamic
calibration,calibration_016,target_off,J1_D3_delay_only,measured,0.010626617973372781,5517,67,67,519168,1e-06,dynamic
calibration,calibration_016,target_on,J1_D3_delay_only,measured,0.010642027243589744,5525,67,67,519168,1e-06,dynamic
calibration,calibration_016,target_off,J2_P1_phase_only,measured,0.010626617973372781,5517,67,67,519168,1e-06,dynamic
calibration,calibration_016,target_on,J2_P1_phase_only,measured,0.010642027243589744,5525,67,67,519168,1e-06,dynamic
calibration,calibration_016,target_off,J3_D3_P1_joint,measured,0.010626617973372781,5517,67,67,519168,1e-06,dynamic
calibration,calibration_016,target_on,J3_D3_P1_joint,measured,0.010642027243589744,5525,67,67,519168,1e-06,dynamic
calibration,calibration_016,target_off,J4_D3_P2_joint,measured,0.010626617973372781,5517,67,67,519168,1e-06,dynamic
calibration,calibration_016,target_on,J4_D3_P2_joint,measured,0.010642027243589744,5525,67,67,519168,1e-06,dynamic
calibration,calibration_016,target_off,J5_Selective_Physics_Calibration,measured,0.010626617973372781,5517,67,67,519168,1e-06,dynamic
calibration,calibration_016,target_on,J5_Selective_Physics_Calibration,measured,0.010642027243589744,5525,67,67,519168,1e-06,dynamic
calibration,calibration_016,target_off,J6_Joint_Phase_Surface,measured,0.010626617973372781,5517,67,67,519168,1e-06,dynamic
calibration,calibration_016,target_on,J6_Joint_Phase_Surface,measured,0.010642027243589744,5525,67,67,519168,1e-06,dynamic
calibration,calibration_017,target_off,J0_Current,measured,0.004303038708086785,2234,14,14,519168,1e-06,dynamic
calibration,calibration_017,target_on,J0_Current,measured,0.004297260231755424,2231,14,14,519168,1e-06,dynamic
calibration,calibration_017,target_off,J1_D3_delay_only,measured,0.004303038708086785,2234,14,14,519168,1e-06,dynamic
calibration,calibration_017,target_on,J1_D3_delay_only,measured,0.004297260231755424,2231,14,14,519168,1e-06,dynamic
calibration,calibration_017,target_off,J2_P1_phase_only,measured,0.004303038708086785,2234,14,14,519168,1e-06,dynamic
calibration,calibration_017,target_on,J2_P1_phase_only,measured,0.004297260231755424,2231,14,14,519168,1e-06,dynamic
calibration,calibration_017,target_off,J3_D3_P1_joint,measured,0.004303038708086785,2234,14,14,519168,1e-06,dynamic
calibration,calibration_017,target_on,J3_D3_P1_joint,measured,0.004297260231755424,2231,14,14,519168,1e-06,dynamic
calibration,calibration_017,target_off,J4_D3_P2_joint,measured,0.004303038708086785,2234,14,14,519168,1e-06,dynamic
calibration,calibration_017,target_on,J4_D3_P2_joint,measured,0.004297260231755424,2231,14,14,519168,1e-06,dynamic
calibration,calibration_017,target_off,J5_Selective_Physics_Calibration,measured,0.004303038708086785,2234,14,14,519168,1e-06,dynamic
calibration,calibration_017,target_on,J5_Selective_Physics_Calibration,measured,0.004297260231755424,2231,14,14,519168,1e-06,dynamic
calibration,calibration_017,target_off,J6_Joint_Phase_Surface,measured,0.004303038708086785,2234,14,14,519168,1e-06,dynamic
calibration,calibration_017,target_on,J6_Joint_Phase_Surface,measured,0.004297260231755424,2231,14,14,519168,1e-06,dynamic
calibration,calibration_018,target_off,J0_Current,measured,0.010268352440828403,5331,64,64,519168,1e-06,dynamic
calibration,calibration_018,target_on,J0_Current,measured,0.010245238535502958,5319,63,63,519168,1e-06,dynamic
calibration,calibration_018,target_off,J1_D3_delay_only,measured,0.010268352440828403,5331,64,64,519168,1e-06,dynamic
calibration,calibration_018,target_on,J1_D3_delay_only,measured,0.010245238535502958,5319,63,63,519168,1e-06,dynamic
calibration,calibration_018,target_off,J2_P1_phase_only,measured,0.010268352440828403,5331,64,64,519168,1e-06,dynamic
calibration,calibration_018,target_on,J2_P1_phase_only,measured,0.010245238535502958,5319,63,63,519168,1e-06,dynamic
calibration,calibration_018,target_off,J3_D3_P1_joint,measured,0.010268352440828403,5331,64,64,519168,1e-06,dynamic
calibration,calibration_018,target_on,J3_D3_P1_joint,measured,0.010245238535502958,5319,63,63,519168,1e-06,dynamic
calibration,calibration_018,target_off,J4_D3_P2_joint,measured,0.010268352440828403,5331,64,64,519168,1e-06,dynamic
calibration,calibration_018,target_on,J4_D3_P2_joint,measured,0.010245238535502958,5319,63,63,519168,1e-06,dynamic
calibration,calibration_018,target_off,J5_Selective_Physics_Calibration,measured,0.010268352440828403,5331,64,64,519168,1e-06,dynamic
calibration,calibration_018,target_on,J5_Selective_Physics_Calibration,measured,0.010245238535502958,5319,63,63,519168,1e-06,dynamic
calibration,calibration_018,target_off,J6_Joint_Phase_Surface,measured,0.010268352440828403,5331,64,64,519168,1e-06,dynamic
calibration,calibration_018,target_on,J6_Joint_Phase_Surface,measured,0.010245238535502958,5319,63,63,519168,1e-06,dynamic
calibration,calibration_019,target_off,J0_Current,measured,0.007852949334319527,4077,81,81,519168,1e-06,dynamic
calibration,calibration_019,target_on,J0_Current,measured,0.007849097016765286,4075,81,81,519168,1e-06,dynamic
calibration,calibration_019,target_off,J1_D3_delay_only,measured,0.007852949334319527,4077,81,81,519168,1e-06,dynamic
calibration,calibration_019,target_on,J1_D3_delay_only,measured,0.007849097016765286,4075,81,81,519168,1e-06,dynamic
calibration,calibration_019,target_off,J2_P1_phase_only,measured,0.007852949334319527,4077,81,81,519168,1e-06,dynamic
calibration,calibration_019,target_on,J2_P1_phase_only,measured,0.007849097016765286,4075,81,81,519168,1e-06,dynamic
calibration,calibration_019,target_off,J3_D3_P1_joint,measured,0.007852949334319527,4077,81,81,519168,1e-06,dynamic
calibration,calibration_019,target_on,J3_D3_P1_joint,measured,0.007849097016765286,4075,81,81,519168,1e-06,dynamic
calibration,calibration_019,target_off,J4_D3_P2_joint,measured,0.007852949334319527,4077,81,81,519168,1e-06,dynamic
calibration,calibration_019,target_on,J4_D3_P2_joint,measured,0.007849097016765286,4075,81,81,519168,1e-06,dynamic
calibration,calibration_019,target_off,J5_Selective_Physics_Calibration,measured,0.007852949334319527,4077,81,81,519168,1e-06,dynamic
calibration,calibration_019,target_on,J5_Selective_Physics_Calibration,measured,0.007849097016765286,4075,81,81,519168,1e-06,dynamic
calibration,calibration_019,target_off,J6_Joint_Phase_Surface,measured,0.007852949334319527,4077,81,81,519168,1e-06,dynamic
calibration,calibration_019,target_on,J6_Joint_Phase_Surface,measured,0.007849097016765286,4075,81,81,519168,1e-06,dynamic
calibration,calibration_020,target_off,J0_Current,measured,0.0072731755424063115,3776,54,54,519168,1e-06,dynamic
calibration,calibration_020,target_on,J0_Current,measured,0.007269323224852071,3774,54,54,519168,1e-06,dynamic
calibration,calibration_020,target_off,J1_D3_delay_only,measured,0.0072731755424063115,3776,54,54,519168,1e-06,dynamic
calibration,calibration_020,target_on,J1_D3_delay_only,measured,0.007269323224852071,3774,54,54,519168,1e-06,dynamic
calibration,calibration_020,target_off,J2_P1_phase_only,measured,0.0072731755424063115,3776,54,54,519168,1e-06,dynamic
calibration,calibration_020,target_on,J2_P1_phase_only,measured,0.007269323224852071,3774,54,54,519168,1e-06,dynamic
calibration,calibration_020,target_off,J3_D3_P1_joint,measured,0.0072731755424063115,3776,54,54,519168,1e-06,dynamic
calibration,calibration_020,target_on,J3_D3_P1_joint,measured,0.007269323224852071,3774,54,54,519168,1e-06,dynamic
calibration,calibration_020,target_off,J4_D3_P2_joint,measured,0.0072731755424063115,3776,54,54,519168,1e-06,dynamic
calibration,calibration_020,target_on,J4_D3_P2_joint,measured,0.007269323224852071,3774,54,54,519168,1e-06,dynamic
calibration,calibration_020,target_off,J5_Selective_Physics_Calibration,measured,0.0072731755424063115,3776,54,54,519168,1e-06,dynamic
calibration,calibration_020,target_on,J5_Selective_Physics_Calibration,measured,0.007269323224852071,3774,54,54,519168,1e-06,dynamic
calibration,calibration_020,target_off,J6_Joint_Phase_Surface,measured,0.0072731755424063115,3776,54,54,519168,1e-06,dynamic
calibration,calibration_020,target_on,J6_Joint_Phase_Surface,measured,0.007269323224852071,3774,54,54,519168,1e-06,dynamic
calibration,calibration_021,target_off,J0_Current,measured,0.010719073594674557,5565,52,52,519168,1e-06,dynamic
calibration,calibration_021,target_on,J0_Current,measured,0.010709442800788954,5560,52,52,519168,1e-06,dynamic
calibration,calibration_021,target_off,J1_D3_delay_only,measured,0.010719073594674557,5565,52,52,519168,1e-06,dynamic
calibration,calibration_021,target_on,J1_D3_delay_only,measured,0.010709442800788954,5560,52,52,519168,1e-06,dynamic
calibration,calibration_021,target_off,J2_P1_phase_only,measured,0.010719073594674557,5565,52,52,519168,1e-06,dynamic
calibration,calibration_021,target_on,J2_P1_phase_only,measured,0.010709442800788954,5560,52,52,519168,1e-06,dynamic
calibration,calibration_021,target_off,J3_D3_P1_joint,measured,0.010719073594674557,5565,52,52,519168,1e-06,dynamic
calibration,calibration_021,target_on,J3_D3_P1_joint,measured,0.010709442800788954,5560,52,52,519168,1e-06,dynamic
calibration,calibration_021,target_off,J4_D3_P2_joint,measured,0.010719073594674557,5565,52,52,519168,1e-06,dynamic
calibration,calibration_021,target_on,J4_D3_P2_joint,measured,0.010709442800788954,5560,52,52,519168,1e-06,dynamic
calibration,calibration_021,target_off,J5_Selective_Physics_Calibration,measured,0.010719073594674557,5565,52,52,519168,1e-06,dynamic
calibration,calibration_021,target_on,J5_Selective_Physics_Calibration,measured,0.010709442800788954,5560,52,52,519168,1e-06,dynamic
calibration,calibration_021,target_off,J6_Joint_Phase_Surface,measured,0.010719073594674557,5565,52,52,519168,1e-06,dynamic
calibration,calibration_021,target_on,J6_Joint_Phase_Surface,measured,0.010709442800788954,5560,52,52,519168,1e-06,dynamic
calibration,calibration_022,target_off,J0_Current,measured,0.004141241370808678,2150,11,11,519168,1e-06,dynamic
calibration,calibration_022,target_on,J0_Current,measured,0.00414894600591716,2154,11,11,519168,1e-06,dynamic
calibration,calibration_022,target_off,J1_D3_delay_only,measured,0.004141241370808678,2150,11,11,519168,1e-06,dynamic
calibration,calibration_022,target_on,J1_D3_delay_only,measured,0.00414894600591716,2154,11,11,519168,1e-06,dynamic
calibration,calibration_022,target_off,J2_P1_phase_only,measured,0.004141241370808678,2150,11,11,519168,1e-06,dynamic
calibration,calibration_022,target_on,J2_P1_phase_only,measured,0.00414894600591716,2154,11,11,519168,1e-06,dynamic
calibration,calibration_022,target_off,J3_D3_P1_joint,measured,0.004141241370808678,2150,11,11,519168,1e-06,dynamic
calibration,calibration_022,target_on,J3_D3_P1_joint,measured,0.00414894600591716,2154,11,11,519168,1e-06,dynamic
calibration,calibration_022,target_off,J4_D3_P2_joint,measured,0.004141241370808678,2150,11,11,519168,1e-06,dynamic
calibration,calibration_022,target_on,J4_D3_P2_joint,measured,0.00414894600591716,2154,11,11,519168,1e-06,dynamic
calibration,calibration_022,target_off,J5_Selective_Physics_Calibration,measured,0.004141241370808678,2150,11,11,519168,1e-06,dynamic
calibration,calibration_022,target_on,J5_Selective_Physics_Calibration,measured,0.00414894600591716,2154,11,11,519168,1e-06,dynamic
calibration,calibration_022,target_off,J6_Joint_Phase_Surface,measured,0.004141241370808678,2150,11,11,519168,1e-06,dynamic
calibration,calibration_022,target_on,J6_Joint_Phase_Surface,measured,0.00414894600591716,2154,11,11,519168,1e-06,dynamic
calibration,calibration_023,target_off,J0_Current,measured,0.010626617973372781,5517,98,98,519168,1e-06,dynamic
calibration,calibration_023,target_on,J0_Current,measured,0.010634322608481262,5521,98,98,519168,1e-06,dynamic
calibration,calibration_023,target_off,J1_D3_delay_only,measured,0.010626617973372781,5517,98,98,519168,1e-06,dynamic
calibration,calibration_023,target_on,J1_D3_delay_only,measured,0.010634322608481262,5521,98,98,519168,1e-06,dynamic
calibration,calibration_023,target_off,J2_P1_phase_only,measured,0.010626617973372781,5517,98,98,519168,1e-06,dynamic
calibration,calibration_023,target_on,J2_P1_phase_only,measured,0.010634322608481262,5521,98,98,519168,1e-06,dynamic
calibration,calibration_023,target_off,J3_D3_P1_joint,measured,0.010626617973372781,5517,98,98,519168,1e-06,dynamic
calibration,calibration_023,target_on,J3_D3_P1_joint,measured,0.010634322608481262,5521,98,98,519168,1e-06,dynamic
calibration,calibration_023,target_off,J4_D3_P2_joint,measured,0.010626617973372781,5517,98,98,519168,1e-06,dynamic
calibration,calibration_023,target_on,J4_D3_P2_joint,measured,0.010634322608481262,5521,98,98,519168,1e-06,dynamic
calibration,calibration_023,target_off,J5_Selective_Physics_Calibration,measured,0.010626617973372781,5517,98,98,519168,1e-06,dynamic
calibration,calibration_023,target_on,J5_Selective_Physics_Calibration,measured,0.010634322608481262,5521,98,98,519168,1e-06,dynamic
calibration,calibration_023,target_off,J6_Joint_Phase_Surface,measured,0.010626617973372781,5517,98,98,519168,1e-06,dynamic
calibration,calibration_023,target_on,J6_Joint_Phase_Surface,measured,0.010634322608481262,5521,98,98,519168,1e-06,dynamic
calibration,calibration_024,target_off,J0_Current,measured,0.008193879437869823,4254,81,81,519168,1e-06,dynamic
calibration,calibration_024,target_on,J0_Current,measured,0.008226624137080868,4271,82,82,519168,1e-06,dynamic
calibration,calibration_024,target_off,J1_D3_delay_only,measured,0.008193879437869823,4254,81,81,519168,1e-06,dynamic
calibration,calibration_024,target_on,J1_D3_delay_only,measured,0.008226624137080868,4271,82,82,519168,1e-06,dynamic
calibration,calibration_024,target_off,J2_P1_phase_only,measured,0.008193879437869823,4254,81,81,519168,1e-06,dynamic
calibration,calibration_024,target_on,J2_P1_phase_only,measured,0.008226624137080868,4271,82,82,519168,1e-06,dynamic
calibration,calibration_024,target_off,J3_D3_P1_joint,measured,0.008193879437869823,4254,81,81,519168,1e-06,dynamic
calibration,calibration_024,target_on,J3_D3_P1_joint,measured,0.008226624137080868,4271,82,82,519168,1e-06,dynamic
calibration,calibration_024,target_off,J4_D3_P2_joint,measured,0.008193879437869823,4254,81,81,519168,1e-06,dynamic
calibration,calibration_024,target_on,J4_D3_P2_joint,measured,0.008226624137080868,4271,82,82,519168,1e-06,dynamic
calibration,calibration_024,target_off,J5_Selective_Physics_Calibration,measured,0.008193879437869823,4254,81,81,519168,1e-06,dynamic
calibration,calibration_024,target_on,J5_Selective_Physics_Calibration,measured,0.008226624137080868,4271,82,82,519168,1e-06,dynamic
calibration,calibration_024,target_off,J6_Joint_Phase_Surface,measured,0.008193879437869823,4254,81,81,519168,1e-06,dynamic
calibration,calibration_024,target_on,J6_Joint_Phase_Surface,measured,0.008226624137080868,4271,82,82,519168,1e-06,dynamic
calibration,calibration_025,target_off,J0_Current,measured,0.006988104043392505,3628,48,48,519168,1e-06,dynamic
calibration,calibration_025,target_on,J0_Current,measured,0.006991956360946745,3630,48,48,519168,1e-06,dynamic
calibration,calibration_025,target_off,J1_D3_delay_only,measured,0.006988104043392505,3628,48,48,519168,1e-06,dynamic
calibration,calibration_025,target_on,J1_D3_delay_only,measured,0.006991956360946745,3630,48,48,519168,1e-06,dynamic
calibration,calibration_025,target_off,J2_P1_phase_only,measured,0.006988104043392505,3628,48,48,519168,1e-06,dynamic
calibration,calibration_025,target_on,J2_P1_phase_only,measured,0.006991956360946745,3630,48,48,519168,1e-06,dynamic
calibration,calibration_025,target_off,J3_D3_P1_joint,measured,0.006988104043392505,3628,48,48,519168,1e-06,dynamic
calibration,calibration_025,target_on,J3_D3_P1_joint,measured,0.006991956360946745,3630,48,48,519168,1e-06,dynamic
calibration,calibration_025,target_off,J4_D3_P2_joint,measured,0.006988104043392505,3628,48,48,519168,1e-06,dynamic
calibration,calibration_025,target_on,J4_D3_P2_joint,measured,0.006991956360946745,3630,48,48,519168,1e-06,dynamic
calibration,calibration_025,target_off,J5_Selective_Physics_Calibration,measured,0.006988104043392505,3628,48,48,519168,1e-06,dynamic
calibration,calibration_025,target_on,J5_Selective_Physics_Calibration,measured,0.006991956360946745,3630,48,48,519168,1e-06,dynamic
calibration,calibration_025,target_off,J6_Joint_Phase_Surface,measured,0.006988104043392505,3628,48,48,519168,1e-06,dynamic
calibration,calibration_025,target_on,J6_Joint_Phase_Surface,measured,0.006991956360946745,3630,48,48,519168,1e-06,dynamic
calibration,calibration_026,target_off,J0_Current,measured,0.010089219674556213,5238,75,75,519168,1e-06,dynamic
calibration,calibration_026,target_on,J0_Current,measured,0.010075736563116371,5231,75,75,519168,1e-06,dynamic
calibration,calibration_026,target_off,J1_D3_delay_only,measured,0.010089219674556213,5238,75,75,519168,1e-06,dynamic
calibration,calibration_026,target_on,J1_D3_delay_only,measured,0.010075736563116371,5231,75,75,519168,1e-06,dynamic
calibration,calibration_026,target_off,J2_P1_phase_only,measured,0.010089219674556213,5238,75,75,519168,1e-06,dynamic
calibration,calibration_026,target_on,J2_P1_phase_only,measured,0.010075736563116371,5231,75,75,519168,1e-06,dynamic
calibration,calibration_026,target_off,J3_D3_P1_joint,measured,0.010089219674556213,5238,75,75,519168,1e-06,dynamic
calibration,calibration_026,target_on,J3_D3_P1_joint,measured,0.010075736563116371,5231,75,75,519168,1e-06,dynamic
calibration,calibration_026,target_off,J4_D3_P2_joint,measured,0.010089219674556213,5238,75,75,519168,1e-06,dynamic
calibration,calibration_026,target_on,J4_D3_P2_joint,measured,0.010075736563116371,5231,75,75,519168,1e-06,dynamic
calibration,calibration_026,target_off,J5_Selective_Physics_Calibration,measured,0.010089219674556213,5238,75,75,519168,1e-06,dynamic
calibration,calibration_026,target_on,J5_Selective_Physics_Calibration,measured,0.010075736563116371,5231,75,75,519168,1e-06,dynamic
calibration,calibration_026,target_off,J6_Joint_Phase_Surface,measured,0.010089219674556213,5238,75,75,519168,1e-06,dynamic
calibration,calibration_026,target_on,J6_Joint_Phase_Surface,measured,0.010075736563116371,5231,75,75,519168,1e-06,dynamic
calibration,calibration_027,target_off,J0_Current,measured,0.003915880793885601,2033,14,14,519168,1e-06,dynamic
calibration,calibration_027,target_on,J0_Current,measured,0.003977517874753452,2065,15,15,519168,1e-06,dynamic
calibration,calibration_027,target_off,J1_D3_delay_only,measured,0.003915880793885601,2033,14,14,519168,1e-06,dynamic
calibration,calibration_027,target_on,J1_D3_delay_only,measured,0.003977517874753452,2065,15,15,519168,1e-06,dynamic
calibration,calibration_027,target_off,J2_P1_phase_only,measured,0.003915880793885601,2033,14,14,519168,1e-06,dynamic
calibration,calibration_027,target_on,J2_P1_phase_only,measured,0.003977517874753452,2065,15,15,519168,1e-06,dynamic
calibration,calibration_027,target_off,J3_D3_P1_joint,measured,0.003915880793885601,2033,14,14,519168,1e-06,dynamic
calibration,calibration_027,target_on,J3_D3_P1_joint,measured,0.003977517874753452,2065,15,15,519168,1e-06,dynamic
calibration,calibration_027,target_off,J4_D3_P2_joint,measured,0.003915880793885601,2033,14,14,519168,1e-06,dynamic
calibration,calibration_027,target_on,J4_D3_P2_joint,measured,0.003977517874753452,2065,15,15,519168,1e-06,dynamic
calibration,calibration_027,target_off,J5_Selective_Physics_Calibration,measured,0.003915880793885601,2033,14,14,519168,1e-06,dynamic
calibration,calibration_027,target_on,J5_Selective_Physics_Calibration,measured,0.003977517874753452,2065,15,15,519168,1e-06,dynamic
calibration,calibration_027,target_off,J6_Joint_Phase_Surface,measured,0.003915880793885601,2033,14,14,519168,1e-06,dynamic
calibration,calibration_027,target_on,J6_Joint_Phase_Surface,measured,0.003977517874753452,2065,15,15,519168,1e-06,dynamic
calibration,calibration_028,target_off,J0_Current,measured,0.010950212647928994,5685,70,70,519168,1e-06,dynamic
calibration,calibration_028,target_on,J0_Current,measured,0.010942508012820512,5681,70,70,519168,1e-06,dynamic
calibration,calibration_028,target_off,J1_D3_delay_only,measured,0.010950212647928994,5685,70,70,519168,1e-06,dynamic
calibration,calibration_028,target_on,J1_D3_delay_only,measured,0.010942508012820512,5681,70,70,519168,1e-06,dynamic
calibration,calibration_028,target_off,J2_P1_phase_only,measured,0.010950212647928994,5685,70,70,519168,1e-06,dynamic
calibration,calibration_028,target_on,J2_P1_phase_only,measured,0.010942508012820512,5681,70,70,519168,1e-06,dynamic
calibration,calibration_028,target_off,J3_D3_P1_joint,measured,0.010950212647928994,5685,70,70,519168,1e-06,dynamic
calibration,calibration_028,target_on,J3_D3_P1_joint,measured,0.010942508012820512,5681,70,70,519168,1e-06,dynamic
calibration,calibration_028,target_off,J4_D3_P2_joint,measured,0.010950212647928994,5685,70,70,519168,1e-06,dynamic
calibration,calibration_028,target_on,J4_D3_P2_joint,measured,0.010942508012820512,5681,70,70,519168,1e-06,dynamic
calibration,calibration_028,target_off,J5_Selective_Physics_Calibration,measured,0.010950212647928994,5685,70,70,519168,1e-06,dynamic
calibration,calibration_028,target_on,J5_Selective_Physics_Calibration,measured,0.010942508012820512,5681,70,70,519168,1e-06,dynamic
calibration,calibration_028,target_off,J6_Joint_Phase_Surface,measured,0.010950212647928994,5685,70,70,519168,1e-06,dynamic
calibration,calibration_028,target_on,J6_Joint_Phase_Surface,measured,0.010942508012820512,5681,70,70,519168,1e-06,dynamic
calibration,calibration_029,target_off,J0_Current,measured,0.007827909270216963,4064,74,74,519168,1e-06,dynamic
calibration,calibration_029,target_on,J0_Current,measured,0.007841392381656804,4071,74,74,519168,1e-06,dynamic
calibration,calibration_029,target_off,J1_D3_delay_only,measured,0.007827909270216963,4064,74,74,519168,1e-06,dynamic
calibration,calibration_029,target_on,J1_D3_delay_only,measured,0.007841392381656804,4071,74,74,519168,1e-06,dynamic
calibration,calibration_029,target_off,J2_P1_phase_only,measured,0.007831761587771203,4066,75,75,519168,1e-06,dynamic
calibration,calibration_029,target_on,J2_P1_phase_only,measured,0.007829835428994084,4065,75,75,519168,1e-06,dynamic
calibration,calibration_029,target_off,J3_D3_P1_joint,measured,0.007831761587771203,4066,75,75,519168,1e-06,dynamic
calibration,calibration_029,target_on,J3_D3_P1_joint,measured,0.007829835428994084,4065,75,75,519168,1e-06,dynamic
calibration,calibration_029,target_off,J4_D3_P2_joint,measured,0.007833687746548324,4067,75,75,519168,1e-06,dynamic
calibration,calibration_029,target_on,J4_D3_P2_joint,measured,0.007837540064102564,4069,75,75,519168,1e-06,dynamic
calibration,calibration_029,target_off,J5_Selective_Physics_Calibration,measured,0.007831761587771203,4066,75,75,519168,1e-06,dynamic
calibration,calibration_029,target_on,J5_Selective_Physics_Calibration,measured,0.007829835428994084,4065,75,75,519168,1e-06,dynamic
calibration,calibration_029,target_off,J6_Joint_Phase_Surface,measured,0.007827909270216963,4064,74,74,519168,1e-06,dynamic
calibration,calibration_029,target_on,J6_Joint_Phase_Surface,measured,0.007841392381656804,4071,74,74,519168,1e-06,dynamic
calibration,calibration_030,target_off,J0_Current,measured,0.007107525887573965,3690,64,64,519168,1e-06,dynamic
calibration,calibration_030,target_on,J0_Current,measured,0.007111378205128205,3692,65,65,519168,1e-06,dynamic
calibration,calibration_030,target_off,J1_D3_delay_only,measured,0.007107525887573965,3690,64,64,519168,1e-06,dynamic
calibration,calibration_030,target_on,J1_D3_delay_only,measured,0.007111378205128205,3692,65,65,519168,1e-06,dynamic
calibration,calibration_030,target_off,J2_P1_phase_only,measured,0.007107525887573965,3690,64,64,519168,1e-06,dynamic
calibration,calibration_030,target_on,J2_P1_phase_only,measured,0.007111378205128205,3692,65,65,519168,1e-06,dynamic
calibration,calibration_030,target_off,J3_D3_P1_joint,measured,0.007107525887573965,3690,64,64,519168,1e-06,dynamic
calibration,calibration_030,target_on,J3_D3_P1_joint,measured,0.007111378205128205,3692,65,65,519168,1e-06,dynamic
calibration,calibration_030,target_off,J4_D3_P2_joint,measured,0.007107525887573965,3690,64,64,519168,1e-06,dynamic
calibration,calibration_030,target_on,J4_D3_P2_joint,measured,0.007111378205128205,3692,65,65,519168,1e-06,dynamic
calibration,calibration_030,target_off,J5_Selective_Physics_Calibration,measured,0.007107525887573965,3690,64,64,519168,1e-06,dynamic
calibration,calibration_030,target_on,J5_Selective_Physics_Calibration,measured,0.007111378205128205,3692,65,65,519168,1e-06,dynamic
calibration,calibration_030,target_off,J6_Joint_Phase_Surface,measured,0.007107525887573965,3690,64,64,519168,1e-06,dynamic
calibration,calibration_030,target_on,J6_Joint_Phase_Surface,measured,0.007111378205128205,3692,65,65,519168,1e-06,dynamic
calibration,calibration_031,target_off,J0_Current,measured,0.010329989521696252,5363,48,48,519168,1e-06,dynamic
calibration,calibration_031,target_on,J0_Current,measured,0.010322284886587771,5359,48,48,519168,1e-06,dynamic
calibration,calibration_031,target_off,J1_D3_delay_only,measured,0.010329989521696252,5363,48,48,519168,1e-06,dynamic
calibration,calibration_031,target_on,J1_D3_delay_only,measured,0.010322284886587771,5359,48,48,519168,1e-06,dynamic
calibration,calibration_031,target_off,J2_P1_phase_only,measured,0.010329989521696252,5363,48,48,519168,1e-06,dynamic
calibration,calibration_031,target_on,J2_P1_phase_only,measured,0.010322284886587771,5359,48,48,519168,1e-06,dynamic
calibration,calibration_031,target_off,J3_D3_P1_joint,measured,0.010329989521696252,5363,48,48,519168,1e-06,dynamic
calibration,calibration_031,target_on,J3_D3_P1_joint,measured,0.010322284886587771,5359,48,48,519168,1e-06,dynamic
calibration,calibration_031,target_off,J4_D3_P2_joint,measured,0.010329989521696252,5363,48,48,519168,1e-06,dynamic
calibration,calibration_031,target_on,J4_D3_P2_joint,measured,0.010322284886587771,5359,48,48,519168,1e-06,dynamic
calibration,calibration_031,target_off,J5_Selective_Physics_Calibration,measured,0.010329989521696252,5363,48,48,519168,1e-06,dynamic
calibration,calibration_031,target_on,J5_Selective_Physics_Calibration,measured,0.010322284886587771,5359,48,48,519168,1e-06,dynamic
calibration,calibration_031,target_off,J6_Joint_Phase_Surface,measured,0.010329989521696252,5363,48,48,519168,1e-06,dynamic
calibration,calibration_031,target_on,J6_Joint_Phase_Surface,measured,0.010322284886587771,5359,48,48,519168,1e-06,dynamic
calibration,calibration_032,target_off,J0_Current,measured,0.004326152613412229,2246,9,9,519168,1e-06,dynamic
calibration,calibration_032,target_on,J0_Current,measured,0.004345414201183432,2256,9,9,519168,1e-06,dynamic
calibration,calibration_032,target_off,J1_D3_delay_only,measured,0.004326152613412229,2246,9,9,519168,1e-06,dynamic
calibration,calibration_032,target_on,J1_D3_delay_only,measured,0.004345414201183432,2256,9,9,519168,1e-06,dynamic
calibration,calibration_032,target_off,J2_P1_phase_only,measured,0.004326152613412229,2246,9,9,519168,1e-06,dynamic
calibration,calibration_032,target_on,J2_P1_phase_only,measured,0.004345414201183432,2256,9,9,519168,1e-06,dynamic
calibration,calibration_032,target_off,J3_D3_P1_joint,measured,0.004326152613412229,2246,9,9,519168,1e-06,dynamic
calibration,calibration_032,target_on,J3_D3_P1_joint,measured,0.004345414201183432,2256,9,9,519168,1e-06,dynamic
calibration,calibration_032,target_off,J4_D3_P2_joint,measured,0.004326152613412229,2246,9,9,519168,1e-06,dynamic
calibration,calibration_032,target_on,J4_D3_P2_joint,measured,0.004345414201183432,2256,9,9,519168,1e-06,dynamic
calibration,calibration_032,target_off,J5_Selective_Physics_Calibration,measured,0.004326152613412229,2246,9,9,519168,1e-06,dynamic
calibration,calibration_032,target_on,J5_Selective_Physics_Calibration,measured,0.004345414201183432,2256,9,9,519168,1e-06,dynamic
calibration,calibration_032,target_off,J6_Joint_Phase_Surface,measured,0.004326152613412229,2246,9,9,519168,1e-06,dynamic
calibration,calibration_032,target_on,J6_Joint_Phase_Surface,measured,0.004345414201183432,2256,9,9,519168,1e-06,dynamic
calibration,calibration_033,target_off,J0_Current,measured,0.010730630547337278,5571,68,68,519168,1e-06,dynamic
calibration,calibration_033,target_on,J0_Current,measured,0.010728704388560158,5570,68,68,519168,1e-06,dynamic
calibration,calibration_033,target_off,J1_D3_delay_only,measured,0.010730630547337278,5571,68,68,519168,1e-06,dynamic
calibration,calibration_033,target_on,J1_D3_delay_only,measured,0.010728704388560158,5570,68,68,519168,1e-06,dynamic
calibration,calibration_033,target_off,J2_P1_phase_only,measured,0.010730630547337278,5571,68,68,519168,1e-06,dynamic
calibration,calibration_033,target_on,J2_P1_phase_only,measured,0.010728704388560158,5570,68,68,519168,1e-06,dynamic
calibration,calibration_033,target_off,J3_D3_P1_joint,measured,0.010730630547337278,5571,68,68,519168,1e-06,dynamic
calibration,calibration_033,target_on,J3_D3_P1_joint,measured,0.010728704388560158,5570,68,68,519168,1e-06,dynamic
calibration,calibration_033,target_off,J4_D3_P2_joint,measured,0.010730630547337278,5571,68,68,519168,1e-06,dynamic
calibration,calibration_033,target_on,J4_D3_P2_joint,measured,0.010728704388560158,5570,68,68,519168,1e-06,dynamic
calibration,calibration_033,target_off,J5_Selective_Physics_Calibration,measured,0.010730630547337278,5571,68,68,519168,1e-06,dynamic
calibration,calibration_033,target_on,J5_Selective_Physics_Calibration,measured,0.010728704388560158,5570,68,68,519168,1e-06,dynamic
calibration,calibration_033,target_off,J6_Joint_Phase_Surface,measured,0.010730630547337278,5571,68,68,519168,1e-06,dynamic
calibration,calibration_033,target_on,J6_Joint_Phase_Surface,measured,0.010728704388560158,5570,68,68,519168,1e-06,dynamic
calibration,calibration_034,target_off,J0_Current,measured,0.008053269847140039,4181,79,79,519168,1e-06,dynamic
calibration,calibration_034,target_on,J0_Current,measured,0.008053269847140039,4181,79,79,519168,1e-06,dynamic
calibration,calibration_034,target_off,J1_D3_delay_only,measured,0.008053269847140039,4181,79,79,519168,1e-06,dynamic
calibration,calibration_034,target_on,J1_D3_delay_only,measured,0.008053269847140039,4181,79,79,519168,1e-06,dynamic
calibration,calibration_034,target_off,J2_P1_phase_only,measured,0.008053269847140039,4181,79,79,519168,1e-06,dynamic
calibration,calibration_034,target_on,J2_P1_phase_only,measured,0.008053269847140039,4181,79,79,519168,1e-06,dynamic
calibration,calibration_034,target_off,J3_D3_P1_joint,measured,0.008053269847140039,4181,79,79,519168,1e-06,dynamic
calibration,calibration_034,target_on,J3_D3_P1_joint,measured,0.008053269847140039,4181,79,79,519168,1e-06,dynamic
calibration,calibration_034,target_off,J4_D3_P2_joint,measured,0.008053269847140039,4181,79,79,519168,1e-06,dynamic
calibration,calibration_034,target_on,J4_D3_P2_joint,measured,0.008053269847140039,4181,79,79,519168,1e-06,dynamic
calibration,calibration_034,target_off,J5_Selective_Physics_Calibration,measured,0.008053269847140039,4181,79,79,519168,1e-06,dynamic
calibration,calibration_034,target_on,J5_Selective_Physics_Calibration,measured,0.008053269847140039,4181,79,79,519168,1e-06,dynamic
calibration,calibration_034,target_off,J6_Joint_Phase_Surface,measured,0.008053269847140039,4181,79,79,519168,1e-06,dynamic
calibration,calibration_034,target_on,J6_Joint_Phase_Surface,measured,0.008053269847140039,4181,79,79,519168,1e-06,dynamic
calibration,calibration_035,target_off,J0_Current,measured,0.007662259615384615,3978,38,38,519168,1e-06,dynamic
calibration,calibration_035,target_on,J0_Current,measured,0.007662259615384615,3978,39,39,519168,1e-06,dynamic
calibration,calibration_035,target_off,J1_D3_delay_only,measured,0.007662259615384615,3978,38,38,519168,1e-06,dynamic
calibration,calibration_035,target_on,J1_D3_delay_only,measured,0.007662259615384615,3978,39,39,519168,1e-06,dynamic
calibration,calibration_035,target_off,J2_P1_phase_only,measured,0.007662259615384615,3978,38,38,519168,1e-06,dynamic
calibration,calibration_035,target_on,J2_P1_phase_only,measured,0.007662259615384615,3978,39,39,519168,1e-06,dynamic
calibration,calibration_035,target_off,J3_D3_P1_joint,measured,0.007662259615384615,3978,38,38,519168,1e-06,dynamic
calibration,calibration_035,target_on,J3_D3_P1_joint,measured,0.007662259615384615,3978,39,39,519168,1e-06,dynamic
calibration,calibration_035,target_off,J4_D3_P2_joint,measured,0.007662259615384615,3978,38,38,519168,1e-06,dynamic
calibration,calibration_035,target_on,J4_D3_P2_joint,measured,0.007662259615384615,3978,39,39,519168,1e-06,dynamic
calibration,calibration_035,target_off,J5_Selective_Physics_Calibration,measured,0.007662259615384615,3978,38,38,519168,1e-06,dynamic
calibration,calibration_035,target_on,J5_Selective_Physics_Calibration,measured,0.007662259615384615,3978,39,39,519168,1e-06,dynamic
calibration,calibration_035,target_off,J6_Joint_Phase_Surface,measured,0.007662259615384615,3978,38,38,519168,1e-06,dynamic
calibration,calibration_035,target_on,J6_Joint_Phase_Surface,measured,0.007662259615384615,3978,39,39,519168,1e-06,dynamic
calibration,calibration_036,target_off,J0_Current,measured,0.010031434911242603,5208,71,71,519168,1e-06,dynamic
calibration,calibration_036,target_on,J0_Current,measured,0.010033361070019724,5209,71,71,519168,1e-06,dynamic
calibration,calibration_036,target_off,J1_D3_delay_only,measured,0.010031434911242603,5208,71,71,519168,1e-06,dynamic
calibration,calibration_036,target_on,J1_D3_delay_only,measured,0.010033361070019724,5209,71,71,519168,1e-06,dynamic
calibration,calibration_036,target_off,J2_P1_phase_only,measured,0.010031434911242603,5208,71,71,519168,1e-06,dynamic
calibration,calibration_036,target_on,J2_P1_phase_only,measured,0.010033361070019724,5209,71,71,519168,1e-06,dynamic
calibration,calibration_036,target_off,J3_D3_P1_joint,measured,0.010031434911242603,5208,71,71,519168,1e-06,dynamic
calibration,calibration_036,target_on,J3_D3_P1_joint,measured,0.010033361070019724,5209,71,71,519168,1e-06,dynamic
calibration,calibration_036,target_off,J4_D3_P2_joint,measured,0.010031434911242603,5208,71,71,519168,1e-06,dynamic
calibration,calibration_036,target_on,J4_D3_P2_joint,measured,0.010033361070019724,5209,71,71,519168,1e-06,dynamic
calibration,calibration_036,target_off,J5_Selective_Physics_Calibration,measured,0.010031434911242603,5208,71,71,519168,1e-06,dynamic
calibration,calibration_036,target_on,J5_Selective_Physics_Calibration,measured,0.010033361070019724,5209,71,71,519168,1e-06,dynamic
calibration,calibration_036,target_off,J6_Joint_Phase_Surface,measured,0.010031434911242603,5208,71,71,519168,1e-06,dynamic
calibration,calibration_036,target_on,J6_Joint_Phase_Surface,measured,0.010033361070019724,5209,71,71,519168,1e-06,dynamic
calibration,calibration_037,target_off,J0_Current,measured,0.004709458210059172,2445,9,9,519168,1e-06,dynamic
calibration,calibration_037,target_on,J0_Current,measured,0.004709458210059172,2445,9,9,519168,1e-06,dynamic
calibration,calibration_037,target_off,J1_D3_delay_only,measured,0.004709458210059172,2445,9,9,519168,1e-06,dynamic
calibration,calibration_037,target_on,J1_D3_delay_only,measured,0.004709458210059172,2445,9,9,519168,1e-06,dynamic
calibration,calibration_037,target_off,J2_P1_phase_only,measured,0.004709458210059172,2445,9,9,519168,1e-06,dynamic
calibration,calibration_037,target_on,J2_P1_phase_only,measured,0.004709458210059172,2445,9,9,519168,1e-06,dynamic
calibration,calibration_037,target_off,J3_D3_P1_joint,measured,0.004709458210059172,2445,9,9,519168,1e-06,dynamic
calibration,calibration_037,target_on,J3_D3_P1_joint,measured,0.004709458210059172,2445,9,9,519168,1e-06,dynamic
calibration,calibration_037,target_off,J4_D3_P2_joint,measured,0.004709458210059172,2445,9,9,519168,1e-06,dynamic
calibration,calibration_037,target_on,J4_D3_P2_joint,measured,0.004709458210059172,2445,9,9,519168,1e-06,dynamic
calibration,calibration_037,target_off,J5_Selective_Physics_Calibration,measured,0.004709458210059172,2445,9,9,519168,1e-06,dynamic
calibration,calibration_037,target_on,J5_Selective_Physics_Calibration,measured,0.004709458210059172,2445,9,9,519168,1e-06,dynamic
calibration,calibration_037,target_off,J6_Joint_Phase_Surface,measured,0.004709458210059172,2445,9,9,519168,1e-06,dynamic
calibration,calibration_037,target_on,J6_Joint_Phase_Surface,measured,0.004709458210059172,2445,9,9,519168,1e-06,dynamic
calibration,calibration_038,target_off,J0_Current,measured,0.01104459442800789,5734,55,55,519168,1e-06,dynamic
calibration,calibration_038,target_on,J0_Current,measured,0.011036889792899409,5730,55,55,519168,1e-06,dynamic
calibration,calibration_038,target_off,J1_D3_delay_only,measured,0.01104459442800789,5734,55,55,519168,1e-06,dynamic
calibration,calibration_038,target_on,J1_D3_delay_only,measured,0.011036889792899409,5730,55,55,519168,1e-06,dynamic
calibration,calibration_038,target_off,J2_P1_phase_only,measured,0.01104459442800789,5734,55,55,519168,1e-06,dynamic
calibration,calibration_038,target_on,J2_P1_phase_only,measured,0.011036889792899409,5730,55,55,519168,1e-06,dynamic
calibration,calibration_038,target_off,J3_D3_P1_joint,measured,0.01104459442800789,5734,55,55,519168,1e-06,dynamic
calibration,calibration_038,target_on,J3_D3_P1_joint,measured,0.011036889792899409,5730,55,55,519168,1e-06,dynamic
calibration,calibration_038,target_off,J4_D3_P2_joint,measured,0.01104459442800789,5734,55,55,519168,1e-06,dynamic
calibration,calibration_038,target_on,J4_D3_P2_joint,measured,0.011036889792899409,5730,55,55,519168,1e-06,dynamic
calibration,calibration_038,target_off,J5_Selective_Physics_Calibration,measured,0.01104459442800789,5734,55,55,519168,1e-06,dynamic
calibration,calibration_038,target_on,J5_Selective_Physics_Calibration,measured,0.011036889792899409,5730,55,55,519168,1e-06,dynamic
calibration,calibration_038,target_off,J6_Joint_Phase_Surface,measured,0.01104459442800789,5734,55,55,519168,1e-06,dynamic
calibration,calibration_038,target_on,J6_Joint_Phase_Surface,measured,0.011036889792899409,5730,55,55,519168,1e-06,dynamic
calibration,calibration_039,target_off,J0_Current,measured,0.007246209319526627,3762,57,57,519168,1e-06,dynamic
calibration,calibration_039,target_on,J0_Current,measured,0.007246209319526627,3762,57,57,519168,1e-06,dynamic
calibration,calibration_039,target_off,J1_D3_delay_only,measured,0.007246209319526627,3762,57,57,519168,1e-06,dynamic
calibration,calibration_039,target_on,J1_D3_delay_only,measured,0.007246209319526627,3762,57,57,519168,1e-06,dynamic
calibration,calibration_039,target_off,J2_P1_phase_only,measured,0.007246209319526627,3762,57,57,519168,1e-06,dynamic
calibration,calibration_039,target_on,J2_P1_phase_only,measured,0.007246209319526627,3762,57,57,519168,1e-06,dynamic
calibration,calibration_039,target_off,J3_D3_P1_joint,measured,0.007246209319526627,3762,57,57,519168,1e-06,dynamic
calibration,calibration_039,target_on,J3_D3_P1_joint,measured,0.007246209319526627,3762,57,57,519168,1e-06,dynamic
calibration,calibration_039,target_off,J4_D3_P2_joint,measured,0.007246209319526627,3762,57,57,519168,1e-06,dynamic
calibration,calibration_039,target_on,J4_D3_P2_joint,measured,0.007246209319526627,3762,57,57,519168,1e-06,dynamic
calibration,calibration_039,target_off,J5_Selective_Physics_Calibration,measured,0.007246209319526627,3762,57,57,519168,1e-06,dynamic
calibration,calibration_039,target_on,J5_Selective_Physics_Calibration,measured,0.007246209319526627,3762,57,57,519168,1e-06,dynamic
calibration,calibration_039,target_off,J6_Joint_Phase_Surface,measured,0.007246209319526627,3762,57,57,519168,1e-06,dynamic
calibration,calibration_039,target_on,J6_Joint_Phase_Surface,measured,0.007246209319526627,3762,57,57,519168,1e-06,dynamic
calibration,calibration_040,target_off,J0_Current,measured,0.00714219674556213,3708,36,36,519168,1e-06,dynamic
calibration,calibration_040,target_on,J0_Current,measured,0.00714219674556213,3708,36,36,519168,1e-06,dynamic
calibration,calibration_040,target_off,J1_D3_delay_only,measured,0.00714219674556213,3708,36,36,519168,1e-06,dynamic
calibration,calibration_040,target_on,J1_D3_delay_only,measured,0.00714219674556213,3708,36,36,519168,1e-06,dynamic
calibration,calibration_040,target_off,J2_P1_phase_only,measured,0.00714219674556213,3708,36,36,519168,1e-06,dynamic
calibration,calibration_040,target_on,J2_P1_phase_only,measured,0.00714219674556213,3708,36,36,519168,1e-06,dynamic
calibration,calibration_040,target_off,J3_D3_P1_joint,measured,0.00714219674556213,3708,36,36,519168,1e-06,dynamic
calibration,calibration_040,target_on,J3_D3_P1_joint,measured,0.00714219674556213,3708,36,36,519168,1e-06,dynamic
calibration,calibration_040,target_off,J4_D3_P2_joint,measured,0.00714219674556213,3708,36,36,519168,1e-06,dynamic
calibration,calibration_040,target_on,J4_D3_P2_joint,measured,0.00714219674556213,3708,36,36,519168,1e-06,dynamic
calibration,calibration_040,target_off,J5_Selective_Physics_Calibration,measured,0.00714219674556213,3708,36,36,519168,1e-06,dynamic
calibration,calibration_040,target_on,J5_Selective_Physics_Calibration,measured,0.00714219674556213,3708,36,36,519168,1e-06,dynamic
calibration,calibration_040,target_off,J6_Joint_Phase_Surface,measured,0.00714219674556213,3708,36,36,519168,1e-06,dynamic
calibration,calibration_040,target_on,J6_Joint_Phase_Surface,measured,0.00714219674556213,3708,36,36,519168,1e-06,dynamic
calibration,calibration_041,target_off,J0_Current,measured,0.010006394847140039,5195,54,54,519168,1e-06,dynamic
calibration,calibration_041,target_on,J0_Current,measured,0.00994668392504931,5164,53,53,519168,1e-06,dynamic
calibration,calibration_041,target_off,J1_D3_delay_only,measured,0.010006394847140039,5195,54,54,519168,1e-06,dynamic
calibration,calibration_041,target_on,J1_D3_delay_only,measured,0.00994668392504931,5164,53,53,519168,1e-06,dynamic
calibration,calibration_041,target_off,J2_P1_phase_only,measured,0.010006394847140039,5195,54,54,519168,1e-06,dynamic
calibration,calibration_041,target_on,J2_P1_phase_only,measured,0.00994668392504931,5164,53,53,519168,1e-06,dynamic
calibration,calibration_041,target_off,J3_D3_P1_joint,measured,0.010006394847140039,5195,54,54,519168,1e-06,dynamic
calibration,calibration_041,target_on,J3_D3_P1_joint,measured,0.00994668392504931,5164,53,53,519168,1e-06,dynamic
calibration,calibration_041,target_off,J4_D3_P2_joint,measured,0.010006394847140039,5195,54,54,519168,1e-06,dynamic
calibration,calibration_041,target_on,J4_D3_P2_joint,measured,0.00994668392504931,5164,53,53,519168,1e-06,dynamic
calibration,calibration_041,target_off,J5_Selective_Physics_Calibration,measured,0.010006394847140039,5195,54,54,519168,1e-06,dynamic
calibration,calibration_041,target_on,J5_Selective_Physics_Calibration,measured,0.00994668392504931,5164,53,53,519168,1e-06,dynamic
calibration,calibration_041,target_off,J6_Joint_Phase_Surface,measured,0.010006394847140039,5195,54,54,519168,1e-06,dynamic
calibration,calibration_041,target_on,J6_Joint_Phase_Surface,measured,0.00994668392504931,5164,53,53,519168,1e-06,dynamic
calibration,calibration_042,target_off,J0_Current,measured,0.0045727009368836296,2374,4,4,519168,1e-06,dynamic
calibration,calibration_042,target_on,J0_Current,measured,0.0045727009368836296,2374,4,4,519168,1e-06,dynamic
calibration,calibration_042,target_off,J1_D3_delay_only,measured,0.0045727009368836296,2374,4,4,519168,1e-06,dynamic
calibration,calibration_042,target_on,J1_D3_delay_only,measured,0.0045727009368836296,2374,4,4,519168,1e-06,dynamic
calibration,calibration_042,target_off,J2_P1_phase_only,measured,0.0045727009368836296,2374,4,4,519168,1e-06,dynamic
calibration,calibration_042,target_on,J2_P1_phase_only,measured,0.0045727009368836296,2374,4,4,519168,1e-06,dynamic
calibration,calibration_042,target_off,J3_D3_P1_joint,measured,0.0045727009368836296,2374,4,4,519168,1e-06,dynamic
calibration,calibration_042,target_on,J3_D3_P1_joint,measured,0.0045727009368836296,2374,4,4,519168,1e-06,dynamic
calibration,calibration_042,target_off,J4_D3_P2_joint,measured,0.0045727009368836296,2374,4,4,519168,1e-06,dynamic
calibration,calibration_042,target_on,J4_D3_P2_joint,measured,0.0045727009368836296,2374,4,4,519168,1e-06,dynamic
calibration,calibration_042,target_off,J5_Selective_Physics_Calibration,measured,0.0045727009368836296,2374,4,4,519168,1e-06,dynamic
calibration,calibration_042,target_on,J5_Selective_Physics_Calibration,measured,0.0045727009368836296,2374,4,4,519168,1e-06,dynamic
calibration,calibration_042,target_off,J6_Joint_Phase_Surface,measured,0.0045727009368836296,2374,4,4,519168,1e-06,dynamic
calibration,calibration_042,target_on,J6_Joint_Phase_Surface,measured,0.0045727009368836296,2374,4,4,519168,1e-06,dynamic
calibration,calibration_043,target_off,J0_Current,measured,0.010035287228796845,5210,83,83,519168,1e-06,dynamic
calibration,calibration_043,target_on,J0_Current,measured,0.010029508752465483,5207,83,83,519168,1e-06,dynamic
calibration,calibration_043,target_off,J1_D3_delay_only,measured,0.010035287228796845,5210,83,83,519168,1e-06,dynamic
calibration,calibration_043,target_on,J1_D3_delay_only,measured,0.010029508752465483,5207,83,83,519168,1e-06,dynamic
calibration,calibration_043,target_off,J2_P1_phase_only,measured,0.010035287228796845,5210,83,83,519168,1e-06,dynamic
calibration,calibration_043,target_on,J2_P1_phase_only,measured,0.010029508752465483,5207,83,83,519168,1e-06,dynamic
calibration,calibration_043,target_off,J3_D3_P1_joint,measured,0.010035287228796845,5210,83,83,519168,1e-06,dynamic
calibration,calibration_043,target_on,J3_D3_P1_joint,measured,0.010029508752465483,5207,83,83,519168,1e-06,dynamic
calibration,calibration_043,target_off,J4_D3_P2_joint,measured,0.010035287228796845,5210,83,83,519168,1e-06,dynamic
calibration,calibration_043,target_on,J4_D3_P2_joint,measured,0.010029508752465483,5207,83,83,519168,1e-06,dynamic
calibration,calibration_043,target_off,J5_Selective_Physics_Calibration,measured,0.010035287228796845,5210,83,83,519168,1e-06,dynamic
calibration,calibration_043,target_on,J5_Selective_Physics_Calibration,measured,0.010029508752465483,5207,83,83,519168,1e-06,dynamic
calibration,calibration_043,target_off,J6_Joint_Phase_Surface,measured,0.010035287228796845,5210,83,83,519168,1e-06,dynamic
calibration,calibration_043,target_on,J6_Joint_Phase_Surface,measured,0.010029508752465483,5207,83,83,519168,1e-06,dynamic
calibration,calibration_044,target_off,J0_Current,measured,0.007444603673570019,3865,50,50,519168,1e-06,dynamic
calibration,calibration_044,target_on,J0_Current,measured,0.007440751356015779,3863,50,50,519168,1e-06,dynamic
calibration,calibration_044,target_off,J1_D3_delay_only,measured,0.007444603673570019,3865,50,50,519168,1e-06,dynamic
calibration,calibration_044,target_on,J1_D3_delay_only,measured,0.007440751356015779,3863,50,50,519168,1e-06,dynamic
calibration,calibration_044,target_off,J2_P1_phase_only,measured,0.007444603673570019,3865,50,50,519168,1e-06,dynamic
calibration,calibration_044,target_on,J2_P1_phase_only,measured,0.007440751356015779,3863,50,50,519168,1e-06,dynamic
calibration,calibration_044,target_off,J3_D3_P1_joint,measured,0.007444603673570019,3865,50,50,519168,1e-06,dynamic
calibration,calibration_044,target_on,J3_D3_P1_joint,measured,0.007440751356015779,3863,50,50,519168,1e-06,dynamic
calibration,calibration_044,target_off,J4_D3_P2_joint,measured,0.007444603673570019,3865,50,50,519168,1e-06,dynamic
calibration,calibration_044,target_on,J4_D3_P2_joint,measured,0.007440751356015779,3863,50,50,519168,1e-06,dynamic
calibration,calibration_044,target_off,J5_Selective_Physics_Calibration,measured,0.007444603673570019,3865,50,50,519168,1e-06,dynamic
calibration,calibration_044,target_on,J5_Selective_Physics_Calibration,measured,0.007440751356015779,3863,50,50,519168,1e-06,dynamic
calibration,calibration_044,target_off,J6_Joint_Phase_Surface,measured,0.007444603673570019,3865,50,50,519168,1e-06,dynamic
calibration,calibration_044,target_on,J6_Joint_Phase_Surface,measured,0.007440751356015779,3863,50,50,519168,1e-06,dynamic
calibration,calibration_045,target_off,J0_Current,measured,0.007207686143984221,3742,67,67,519168,1e-06,dynamic
calibration,calibration_045,target_on,J0_Current,measured,0.007226947731755424,3752,68,68,519168,1e-06,dynamic
calibration,calibration_045,target_off,J1_D3_delay_only,measured,0.007207686143984221,3742,67,67,519168,1e-06,dynamic
calibration,calibration_045,target_on,J1_D3_delay_only,measured,0.007226947731755424,3752,68,68,519168,1e-06,dynamic
calibration,calibration_045,target_off,J2_P1_phase_only,measured,0.007207686143984221,3742,67,67,519168,1e-06,dynamic
calibration,calibration_045,target_on,J2_P1_phase_only,measured,0.007226947731755424,3752,68,68,519168,1e-06,dynamic
calibration,calibration_045,target_off,J3_D3_P1_joint,measured,0.007207686143984221,3742,67,67,519168,1e-06,dynamic
calibration,calibration_045,target_on,J3_D3_P1_joint,measured,0.007226947731755424,3752,68,68,519168,1e-06,dynamic
calibration,calibration_045,target_off,J4_D3_P2_joint,measured,0.007207686143984221,3742,67,67,519168,1e-06,dynamic
calibration,calibration_045,target_on,J4_D3_P2_joint,measured,0.007226947731755424,3752,68,68,519168,1e-06,dynamic
calibration,calibration_045,target_off,J5_Selective_Physics_Calibration,measured,0.007207686143984221,3742,67,67,519168,1e-06,dynamic
calibration,calibration_045,target_on,J5_Selective_Physics_Calibration,measured,0.007226947731755424,3752,68,68,519168,1e-06,dynamic
calibration,calibration_045,target_off,J6_Joint_Phase_Surface,measured,0.007207686143984221,3742,67,67,519168,1e-06,dynamic
calibration,calibration_045,target_on,J6_Joint_Phase_Surface,measured,0.007226947731755424,3752,68,68,519168,1e-06,dynamic
calibration,calibration_046,target_off,J0_Current,measured,0.009474775024654832,4919,67,67,519168,1e-06,dynamic
calibration,calibration_046,target_on,J0_Current,measured,0.009472848865877712,4918,67,67,519168,1e-06,dynamic
calibration,calibration_046,target_off,J1_D3_delay_only,measured,0.009474775024654832,4919,67,67,519168,1e-06,dynamic
calibration,calibration_046,target_on,J1_D3_delay_only,measured,0.009472848865877712,4918,67,67,519168,1e-06,dynamic
calibration,calibration_046,target_off,J2_P1_phase_only,measured,0.009474775024654832,4919,67,67,519168,1e-06,dynamic
calibration,calibration_046,target_on,J2_P1_phase_only,measured,0.009472848865877712,4918,67,67,519168,1e-06,dynamic
calibration,calibration_046,target_off,J3_D3_P1_joint,measured,0.009474775024654832,4919,67,67,519168,1e-06,dynamic
calibration,calibration_046,target_on,J3_D3_P1_joint,measured,0.009472848865877712,4918,67,67,519168,1e-06,dynamic
calibration,calibration_046,target_off,J4_D3_P2_joint,measured,0.009474775024654832,4919,67,67,519168,1e-06,dynamic
calibration,calibration_046,target_on,J4_D3_P2_joint,measured,0.009472848865877712,4918,67,67,519168,1e-06,dynamic
calibration,calibration_046,target_off,J5_Selective_Physics_Calibration,measured,0.009474775024654832,4919,67,67,519168,1e-06,dynamic
calibration,calibration_046,target_on,J5_Selective_Physics_Calibration,measured,0.009472848865877712,4918,67,67,519168,1e-06,dynamic
calibration,calibration_046,target_off,J6_Joint_Phase_Surface,measured,0.009474775024654832,4919,67,67,519168,1e-06,dynamic
calibration,calibration_046,target_on,J6_Joint_Phase_Surface,measured,0.009472848865877712,4918,67,67,519168,1e-06,dynamic
calibration,calibration_047,target_off,J0_Current,measured,0.0045688486193293885,2372,15,15,519168,1e-06,dynamic
calibration,calibration_047,target_on,J0_Current,measured,0.0045688486193293885,2372,14,14,519168,1e-06,dynamic
calibration,calibration_047,target_off,J1_D3_delay_only,measured,0.0045688486193293885,2372,15,15,519168,1e-06,dynamic
calibration,calibration_047,target_on,J1_D3_delay_only,measured,0.0045688486193293885,2372,14,14,519168,1e-06,dynamic
calibration,calibration_047,target_off,J2_P1_phase_only,measured,0.0045688486193293885,2372,15,15,519168,1e-06,dynamic
calibration,calibration_047,target_on,J2_P1_phase_only,measured,0.0045688486193293885,2372,14,14,519168,1e-06,dynamic
calibration,calibration_047,target_off,J3_D3_P1_joint,measured,0.0045688486193293885,2372,15,15,519168,1e-06,dynamic
calibration,calibration_047,target_on,J3_D3_P1_joint,measured,0.0045688486193293885,2372,14,14,519168,1e-06,dynamic
calibration,calibration_047,target_off,J4_D3_P2_joint,measured,0.0045688486193293885,2372,15,15,519168,1e-06,dynamic
calibration,calibration_047,target_on,J4_D3_P2_joint,measured,0.0045688486193293885,2372,14,14,519168,1e-06,dynamic
calibration,calibration_047,target_off,J5_Selective_Physics_Calibration,measured,0.0045688486193293885,2372,15,15,519168,1e-06,dynamic
calibration,calibration_047,target_on,J5_Selective_Physics_Calibration,measured,0.0045688486193293885,2372,14,14,519168,1e-06,dynamic
calibration,calibration_047,target_off,J6_Joint_Phase_Surface,measured,0.0045688486193293885,2372,15,15,519168,1e-06,dynamic
calibration,calibration_047,target_on,J6_Joint_Phase_Surface,measured,0.0045688486193293885,2372,14,14,519168,1e-06,dynamic
validation,validation_000,target_off,J0_Current,measured,0.00750431459566075,3896,69,69,519168,1e-06,dynamic
validation,validation_000,target_on,J0_Current,measured,0.00750431459566075,3896,69,69,519168,1e-06,dynamic
validation,validation_000,target_off,J1_D3_delay_only,measured,0.00750431459566075,3896,69,69,519168,1e-06,dynamic
validation,validation_000,target_on,J1_D3_delay_only,measured,0.00750431459566075,3896,69,69,519168,1e-06,dynamic
validation,validation_000,target_off,J2_P1_phase_only,measured,0.00750431459566075,3896,69,69,519168,1e-06,dynamic
validation,validation_000,target_on,J2_P1_phase_only,measured,0.00750431459566075,3896,69,69,519168,1e-06,dynamic
validation,validation_000,target_off,J3_D3_P1_joint,measured,0.00750431459566075,3896,69,69,519168,1e-06,dynamic
validation,validation_000,target_on,J3_D3_P1_joint,measured,0.00750431459566075,3896,69,69,519168,1e-06,dynamic
validation,validation_000,target_off,J4_D3_P2_joint,measured,0.00750431459566075,3896,69,69,519168,1e-06,dynamic
validation,validation_000,target_on,J4_D3_P2_joint,measured,0.00750431459566075,3896,69,69,519168,1e-06,dynamic
validation,validation_000,target_off,J5_Selective_Physics_Calibration,measured,0.00750431459566075,3896,69,69,519168,1e-06,dynamic
validation,validation_000,target_on,J5_Selective_Physics_Calibration,measured,0.00750431459566075,3896,69,69,519168,1e-06,dynamic
validation,validation_000,target_off,J6_Joint_Phase_Surface,measured,0.00750431459566075,3896,69,69,519168,1e-06,dynamic
validation,validation_000,target_on,J6_Joint_Phase_Surface,measured,0.00750431459566075,3896,69,69,519168,1e-06,dynamic
validation,validation_001,target_off,J0_Current,measured,0.0094054333086785,4883,83,83,519168,1e-06,dynamic
validation,validation_001,target_on,J0_Current,measured,0.009409285626232741,4885,83,83,519168,1e-06,dynamic
validation,validation_001,target_off,J1_D3_delay_only,measured,0.0094054333086785,4883,83,83,519168,1e-06,dynamic
validation,validation_001,target_on,J1_D3_delay_only,measured,0.009409285626232741,4885,83,83,519168,1e-06,dynamic
validation,validation_001,target_off,J2_P1_phase_only,measured,0.0094054333086785,4883,83,83,519168,1e-06,dynamic
validation,validation_001,target_on,J2_P1_phase_only,measured,0.009409285626232741,4885,83,83,519168,1e-06,dynamic
validation,validation_001,target_off,J3_D3_P1_joint,measured,0.0094054333086785,4883,83,83,519168,1e-06,dynamic
validation,validation_001,target_on,J3_D3_P1_joint,measured,0.009409285626232741,4885,83,83,519168,1e-06,dynamic
validation,validation_001,target_off,J4_D3_P2_joint,measured,0.0094054333086785,4883,83,83,519168,1e-06,dynamic
validation,validation_001,target_on,J4_D3_P2_joint,measured,0.009409285626232741,4885,83,83,519168,1e-06,dynamic
validation,validation_001,target_off,J5_Selective_Physics_Calibration,measured,0.0094054333086785,4883,83,83,519168,1e-06,dynamic
validation,validation_001,target_on,J5_Selective_Physics_Calibration,measured,0.009409285626232741,4885,83,83,519168,1e-06,dynamic
validation,validation_001,target_off,J6_Joint_Phase_Surface,measured,0.0094054333086785,4883,83,83,519168,1e-06,dynamic
validation,validation_001,target_on,J6_Joint_Phase_Surface,measured,0.009409285626232741,4885,83,83,519168,1e-06,dynamic
validation,validation_002,target_off,J0_Current,measured,0.00421443540433925,2188,8,8,519168,1e-06,dynamic
validation,validation_002,target_on,J0_Current,measured,0.004277998643984221,2221,9,9,519168,1e-06,dynamic
validation,validation_002,target_off,J1_D3_delay_only,measured,0.00421443540433925,2188,8,8,519168,1e-06,dynamic
validation,validation_002,target_on,J1_D3_delay_only,measured,0.004277998643984221,2221,9,9,519168,1e-06,dynamic
validation,validation_002,target_off,J2_P1_phase_only,measured,0.00421443540433925,2188,8,8,519168,1e-06,dynamic
validation,validation_002,target_on,J2_P1_phase_only,measured,0.004277998643984221,2221,9,9,519168,1e-06,dynamic
validation,validation_002,target_off,J3_D3_P1_joint,measured,0.00421443540433925,2188,8,8,519168,1e-06,dynamic
validation,validation_002,target_on,J3_D3_P1_joint,measured,0.004277998643984221,2221,9,9,519168,1e-06,dynamic
validation,validation_002,target_off,J4_D3_P2_joint,measured,0.00421443540433925,2188,8,8,519168,1e-06,dynamic
validation,validation_002,target_on,J4_D3_P2_joint,measured,0.004277998643984221,2221,9,9,519168,1e-06,dynamic
validation,validation_002,target_off,J5_Selective_Physics_Calibration,measured,0.00421443540433925,2188,8,8,519168,1e-06,dynamic
validation,validation_002,target_on,J5_Selective_Physics_Calibration,measured,0.004277998643984221,2221,9,9,519168,1e-06,dynamic
validation,validation_002,target_off,J6_Joint_Phase_Surface,measured,0.00421443540433925,2188,8,8,519168,1e-06,dynamic
validation,validation_002,target_on,J6_Joint_Phase_Surface,measured,0.004277998643984221,2221,9,9,519168,1e-06,dynamic
validation,validation_003,target_off,J0_Current,measured,0.010950212647928994,5685,60,60,519168,1e-06,dynamic
validation,validation_003,target_on,J0_Current,measured,0.01097717887080868,5699,61,61,519168,1e-06,dynamic
validation,validation_003,target_off,J1_D3_delay_only,measured,0.010950212647928994,5685,60,60,519168,1e-06,dynamic
validation,validation_003,target_on,J1_D3_delay_only,measured,0.01097717887080868,5699,61,61,519168,1e-06,dynamic
validation,validation_003,target_off,J2_P1_phase_only,measured,0.010959843441814596,5690,60,60,519168,1e-06,dynamic
validation,validation_003,target_on,J2_P1_phase_only,measured,0.01098103118836292,5701,61,61,519168,1e-06,dynamic
validation,validation_003,target_off,J3_D3_P1_joint,measured,0.010959843441814596,5690,60,60,519168,1e-06,dynamic
validation,validation_003,target_on,J3_D3_P1_joint,measured,0.01098103118836292,5701,61,61,519168,1e-06,dynamic
validation,validation_003,target_off,J4_D3_P2_joint,measured,0.010957917283037475,5689,60,60,519168,1e-06,dynamic
validation,validation_003,target_on,J4_D3_P2_joint,measured,0.01098103118836292,5701,61,61,519168,1e-06,dynamic
validation,validation_003,target_off,J5_Selective_Physics_Calibration,measured,0.010959843441814596,5690,60,60,519168,1e-06,dynamic
validation,validation_003,target_on,J5_Selective_Physics_Calibration,measured,0.01098103118836292,5701,61,61,519168,1e-06,dynamic
validation,validation_003,target_off,J6_Joint_Phase_Surface,measured,0.010950212647928994,5685,60,60,519168,1e-06,dynamic
validation,validation_003,target_on,J6_Joint_Phase_Surface,measured,0.01097717887080868,5699,61,61,519168,1e-06,dynamic
validation,validation_004,target_off,J0_Current,measured,0.007538985453648915,3914,46,46,519168,1e-06,dynamic
validation,validation_004,target_on,J0_Current,measured,0.007531280818540434,3910,46,46,519168,1e-06,dynamic
validation,validation_004,target_off,J1_D3_delay_only,measured,0.007538985453648915,3914,46,46,519168,1e-06,dynamic
validation,validation_004,target_on,J1_D3_delay_only,measured,0.007531280818540434,3910,46,46,519168,1e-06,dynamic
validation,validation_004,target_off,J2_P1_phase_only,measured,0.007538985453648915,3914,46,46,519168,1e-06,dynamic
validation,validation_004,target_on,J2_P1_phase_only,measured,0.007531280818540434,3910,46,46,519168,1e-06,dynamic
validation,validation_004,target_off,J3_D3_P1_joint,measured,0.007538985453648915,3914,46,46,519168,1e-06,dynamic
validation,validation_004,target_on,J3_D3_P1_joint,measured,0.007531280818540434,3910,46,46,519168,1e-06,dynamic
validation,validation_004,target_off,J4_D3_P2_joint,measured,0.007538985453648915,3914,46,46,519168,1e-06,dynamic
validation,validation_004,target_on,J4_D3_P2_joint,measured,0.007531280818540434,3910,46,46,519168,1e-06,dynamic
validation,validation_004,target_off,J5_Selective_Physics_Calibration,measured,0.007538985453648915,3914,46,46,519168,1e-06,dynamic
validation,validation_004,target_on,J5_Selective_Physics_Calibration,measured,0.007531280818540434,3910,46,46,519168,1e-06,dynamic
validation,validation_004,target_off,J6_Joint_Phase_Surface,measured,0.007538985453648915,3914,46,46,519168,1e-06,dynamic
validation,validation_004,target_on,J6_Joint_Phase_Surface,measured,0.007531280818540434,3910,46,46,519168,1e-06,dynamic
validation,validation_005,target_off,J0_Current,measured,0.007488905325443787,3888,46,46,519168,1e-06,dynamic
validation,validation_005,target_on,J0_Current,measured,0.007485053007889546,3886,46,46,519168,1e-06,dynamic
validation,validation_005,target_off,J1_D3_delay_only,measured,0.007488905325443787,3888,46,46,519168,1e-06,dynamic
validation,validation_005,target_on,J1_D3_delay_only,measured,0.007485053007889546,3886,46,46,519168,1e-06,dynamic
validation,validation_005,target_off,J2_P1_phase_only,measured,0.007488905325443787,3888,46,46,519168,1e-06,dynamic
validation,validation_005,target_on,J2_P1_phase_only,measured,0.007485053007889546,3886,46,46,519168,1e-06,dynamic
validation,validation_005,target_off,J3_D3_P1_joint,measured,0.007488905325443787,3888,46,46,519168,1e-06,dynamic
validation,validation_005,target_on,J3_D3_P1_joint,measured,0.007485053007889546,3886,46,46,519168,1e-06,dynamic
validation,validation_005,target_off,J4_D3_P2_joint,measured,0.007488905325443787,3888,46,46,519168,1e-06,dynamic
validation,validation_005,target_on,J4_D3_P2_joint,measured,0.007485053007889546,3886,46,46,519168,1e-06,dynamic
validation,validation_005,target_off,J5_Selective_Physics_Calibration,measured,0.007488905325443787,3888,46,46,519168,1e-06,dynamic
validation,validation_005,target_on,J5_Selective_Physics_Calibration,measured,0.007485053007889546,3886,46,46,519168,1e-06,dynamic
validation,validation_005,target_off,J6_Joint_Phase_Surface,measured,0.007488905325443787,3888,46,46,519168,1e-06,dynamic
validation,validation_005,target_on,J6_Joint_Phase_Surface,measured,0.007485053007889546,3886,46,46,519168,1e-06,dynamic
validation,validation_006,target_off,J0_Current,measured,0.010355029585798817,5376,60,60,519168,1e-06,dynamic
validation,validation_006,target_on,J0_Current,measured,0.010353103427021696,5375,60,60,519168,1e-06,dynamic
validation,validation_006,target_off,J1_D3_delay_only,measured,0.010355029585798817,5376,60,60,519168,1e-06,dynamic
validation,validation_006,target_on,J1_D3_delay_only,measured,0.010353103427021696,5375,60,60,519168,1e-06,dynamic
validation,validation_006,target_off,J2_P1_phase_only,measured,0.010355029585798817,5376,60,60,519168,1e-06,dynamic
validation,validation_006,target_on,J2_P1_phase_only,measured,0.010353103427021696,5375,60,60,519168,1e-06,dynamic
validation,validation_006,target_off,J3_D3_P1_joint,measured,0.010355029585798817,5376,60,60,519168,1e-06,dynamic
validation,validation_006,target_on,J3_D3_P1_joint,measured,0.010353103427021696,5375,60,60,519168,1e-06,dynamic
validation,validation_006,target_off,J4_D3_P2_joint,measured,0.010355029585798817,5376,60,60,519168,1e-06,dynamic
validation,validation_006,target_on,J4_D3_P2_joint,measured,0.010353103427021696,5375,60,60,519168,1e-06,dynamic
validation,validation_006,target_off,J5_Selective_Physics_Calibration,measured,0.010355029585798817,5376,60,60,519168,1e-06,dynamic
validation,validation_006,target_on,J5_Selective_Physics_Calibration,measured,0.010353103427021696,5375,60,60,519168,1e-06,dynamic
validation,validation_006,target_off,J6_Joint_Phase_Surface,measured,0.010355029585798817,5376,60,60,519168,1e-06,dynamic
validation,validation_006,target_on,J6_Joint_Phase_Surface,measured,0.010353103427021696,5375,60,60,519168,1e-06,dynamic
validation,validation_007,target_off,J0_Current,measured,0.004476392998027614,2324,9,9,519168,1e-06,dynamic
validation,validation_007,target_on,J0_Current,measured,0.004609297953648915,2393,10,10,519168,1e-06,dynamic
validation,validation_007,target_off,J1_D3_delay_only,measured,0.004476392998027614,2324,9,9,519168,1e-06,dynamic
validation,validation_007,target_on,J1_D3_delay_only,measured,0.004609297953648915,2393,10,10,519168,1e-06,dynamic
validation,validation_007,target_off,J2_P1_phase_only,measured,0.004476392998027614,2324,9,9,519168,1e-06,dynamic
validation,validation_007,target_on,J2_P1_phase_only,measured,0.004609297953648915,2393,10,10,519168,1e-06,dynamic
validation,validation_007,target_off,J3_D3_P1_joint,measured,0.004476392998027614,2324,9,9,519168,1e-06,dynamic
validation,validation_007,target_on,J3_D3_P1_joint,measured,0.004609297953648915,2393,10,10,519168,1e-06,dynamic
validation,validation_007,target_off,J4_D3_P2_joint,measured,0.004476392998027614,2324,9,9,519168,1e-06,dynamic
validation,validation_007,target_on,J4_D3_P2_joint,measured,0.004609297953648915,2393,10,10,519168,1e-06,dynamic
validation,validation_007,target_off,J5_Selective_Physics_Calibration,measured,0.004476392998027614,2324,9,9,519168,1e-06,dynamic
validation,validation_007,target_on,J5_Selective_Physics_Calibration,measured,0.004609297953648915,2393,10,10,519168,1e-06,dynamic
validation,validation_007,target_off,J6_Joint_Phase_Surface,measured,0.004476392998027614,2324,9,9,519168,1e-06,dynamic
validation,validation_007,target_on,J6_Joint_Phase_Surface,measured,0.004609297953648915,2393,10,10,519168,1e-06,dynamic
validation,validation_008,target_off,J0_Current,measured,0.009842671351084813,5110,88,88,519168,1e-06,dynamic
validation,validation_008,target_on,J0_Current,measured,0.009838819033530573,5108,87,87,519168,1e-06,dynamic
validation,validation_008,target_off,J1_D3_delay_only,measured,0.009842671351084813,5110,88,88,519168,1e-06,dynamic
validation,validation_008,target_on,J1_D3_delay_only,measured,0.009844597509861932,5111,88,88,519168,1e-06,dynamic
validation,validation_008,target_off,J2_P1_phase_only,measured,0.009842671351084813,5110,88,88,519168,1e-06,dynamic
validation,validation_008,target_on,J2_P1_phase_only,measured,0.009838819033530573,5108,87,87,519168,1e-06,dynamic
validation,validation_008,target_off,J3_D3_P1_joint,measured,0.009842671351084813,5110,88,88,519168,1e-06,dynamic
validation,validation_008,target_on,J3_D3_P1_joint,measured,0.009844597509861932,5111,88,88,519168,1e-06,dynamic
validation,validation_008,target_off,J4_D3_P2_joint,measured,0.009842671351084813,5110,88,88,519168,1e-06,dynamic
validation,validation_008,target_on,J4_D3_P2_joint,measured,0.009844597509861932,5111,88,88,519168,1e-06,dynamic
validation,validation_008,target_off,J5_Selective_Physics_Calibration,measured,0.009842671351084813,5110,88,88,519168,1e-06,dynamic
validation,validation_008,target_on,J5_Selective_Physics_Calibration,measured,0.009844597509861932,5111,88,88,519168,1e-06,dynamic
validation,validation_008,target_off,J6_Joint_Phase_Surface,measured,0.009836892874753452,5107,84,84,519168,1e-06,dynamic
validation,validation_008,target_on,J6_Joint_Phase_Surface,measured,0.009819557445759368,5098,84,84,519168,1e-06,dynamic
validation,validation_009,target_off,J0_Current,measured,0.00787798939842209,4090,61,61,519168,1e-06,dynamic
validation,validation_009,target_on,J0_Current,measured,0.007879915557199212,4091,61,61,519168,1e-06,dynamic
validation,validation_009,target_off,J1_D3_delay_only,measured,0.008001263560157791,4154,60,60,519168,1e-06,dynamic
validation,validation_009,target_on,J1_D3_delay_only,measured,0.008008968195266272,4158,60,60,519168,1e-06,dynamic
validation,validation_009,target_off,J2_P1_phase_only,measured,0.00787798939842209,4090,61,61,519168,1e-06,dynamic
validation,validation_009,target_on,J2_P1_phase_only,measured,0.007879915557199212,4091,61,61,519168,1e-06,dynamic
validation,validation_009,target_off,J3_D3_P1_joint,measured,0.008001263560157791,4154,60,60,519168,1e-06,dynamic
validation,validation_009,target_on,J3_D3_P1_joint,measured,0.008008968195266272,4158,60,60,519168,1e-06,dynamic
validation,validation_009,target_off,J4_D3_P2_joint,measured,0.008001263560157791,4154,60,60,519168,1e-06,dynamic
validation,validation_009,target_on,J4_D3_P2_joint,measured,0.008008968195266272,4158,60,60,519168,1e-06,dynamic
validation,validation_009,target_off,J5_Selective_Physics_Calibration,measured,0.008001263560157791,4154,60,60,519168,1e-06,dynamic
validation,validation_009,target_on,J5_Selective_Physics_Calibration,measured,0.008008968195266272,4158,60,60,519168,1e-06,dynamic
validation,validation_009,target_off,J6_Joint_Phase_Surface,measured,0.007943478796844181,4124,62,62,519168,1e-06,dynamic
validation,validation_009,target_on,J6_Joint_Phase_Surface,measured,0.007939626479289941,4122,62,62,519168,1e-06,dynamic
validation,validation_010,target_off,J0_Current,measured,0.0067974143244575935,3529,8,8,519168,1e-06,dynamic
validation,validation_010,target_on,J0_Current,measured,0.006795488165680473,3528,8,8,519168,1e-06,dynamic
validation,validation_010,target_off,J1_D3_delay_only,measured,0.0067974143244575935,3529,8,8,519168,1e-06,dynamic
validation,validation_010,target_on,J1_D3_delay_only,measured,0.006795488165680473,3528,8,8,519168,1e-06,dynamic
validation,validation_010,target_off,J2_P1_phase_only,measured,0.0067974143244575935,3529,8,8,519168,1e-06,dynamic
validation,validation_010,target_on,J2_P1_phase_only,measured,0.006795488165680473,3528,8,8,519168,1e-06,dynamic
validation,validation_010,target_off,J3_D3_P1_joint,measured,0.0067974143244575935,3529,8,8,519168,1e-06,dynamic
validation,validation_010,target_on,J3_D3_P1_joint,measured,0.006795488165680473,3528,8,8,519168,1e-06,dynamic
validation,validation_010,target_off,J4_D3_P2_joint,measured,0.0067974143244575935,3529,8,8,519168,1e-06,dynamic
validation,validation_010,target_on,J4_D3_P2_joint,measured,0.006795488165680473,3528,8,8,519168,1e-06,dynamic
validation,validation_010,target_off,J5_Selective_Physics_Calibration,measured,0.0067974143244575935,3529,8,8,519168,1e-06,dynamic
validation,validation_010,target_on,J5_Selective_Physics_Calibration,measured,0.006795488165680473,3528,8,8,519168,1e-06,dynamic
validation,validation_010,target_off,J6_Joint_Phase_Surface,measured,0.0067974143244575935,3529,8,8,519168,1e-06,dynamic
validation,validation_010,target_on,J6_Joint_Phase_Surface,measured,0.006795488165680473,3528,8,8,519168,1e-06,dynamic
validation,validation_011,target_off,J0_Current,measured,0.009436251849112426,4899,73,73,519168,1e-06,dynamic
validation,validation_011,target_on,J0_Current,measured,0.009428547214003945,4895,73,73,519168,1e-06,dynamic
validation,validation_011,target_off,J1_D3_delay_only,measured,0.009544116740631164,4955,75,75,519168,1e-06,dynamic
validation,validation_011,target_on,J1_D3_delay_only,measured,0.009534485946745563,4950,75,75,519168,1e-06,dynamic
validation,validation_011,target_off,J2_P1_phase_only,measured,0.009436251849112426,4899,73,73,519168,1e-06,dynamic
validation,validation_011,target_on,J2_P1_phase_only,measured,0.009428547214003945,4895,73,73,519168,1e-06,dynamic
validation,validation_011,target_off,J3_D3_P1_joint,measured,0.009544116740631164,4955,75,75,519168,1e-06,dynamic
validation,validation_011,target_on,J3_D3_P1_joint,measured,0.009534485946745563,4950,75,75,519168,1e-06,dynamic
validation,validation_011,target_off,J4_D3_P2_joint,measured,0.009544116740631164,4955,75,75,519168,1e-06,dynamic
validation,validation_011,target_on,J4_D3_P2_joint,measured,0.009534485946745563,4950,75,75,519168,1e-06,dynamic
validation,validation_011,target_off,J5_Selective_Physics_Calibration,measured,0.009544116740631164,4955,75,75,519168,1e-06,dynamic
validation,validation_011,target_on,J5_Selective_Physics_Calibration,measured,0.009534485946745563,4950,75,75,519168,1e-06,dynamic
validation,validation_011,target_off,J6_Joint_Phase_Surface,measured,0.009501741247534517,4933,75,75,519168,1e-06,dynamic
validation,validation_011,target_on,J6_Joint_Phase_Surface,measured,0.009501741247534517,4933,75,75,519168,1e-06,dynamic
validation,validation_012,target_off,J0_Current,measured,0.004131610576923077,2145,8,8,519168,1e-06,dynamic
validation,validation_012,target_on,J0_Current,measured,0.004254884738658777,2209,9,9,519168,1e-06,dynamic
validation,validation_012,target_off,J1_D3_delay_only,measured,0.004252958579881657,2208,7,7,519168,1e-06,dynamic
validation,validation_012,target_on,J1_D3_delay_only,measured,0.004376232741617357,2272,8,8,519168,1e-06,dynamic
validation,validation_012,target_off,J2_P1_phase_only,measured,0.004131610576923077,2145,8,8,519168,1e-06,dynamic
validation,validation_012,target_on,J2_P1_phase_only,measured,0.004254884738658777,2209,9,9,519168,1e-06,dynamic
validation,validation_012,target_off,J3_D3_P1_joint,measured,0.004252958579881657,2208,7,7,519168,1e-06,dynamic
validation,validation_012,target_on,J3_D3_P1_joint,measured,0.004376232741617357,2272,8,8,519168,1e-06,dynamic
validation,validation_012,target_off,J4_D3_P2_joint,measured,0.004252958579881657,2208,7,7,519168,1e-06,dynamic
validation,validation_012,target_on,J4_D3_P2_joint,measured,0.004376232741617357,2272,8,8,519168,1e-06,dynamic
validation,validation_012,target_off,J5_Selective_Physics_Calibration,measured,0.004252958579881657,2208,7,7,519168,1e-06,dynamic
validation,validation_012,target_on,J5_Selective_Physics_Calibration,measured,0.004376232741617357,2272,8,8,519168,1e-06,dynamic
validation,validation_012,target_off,J6_Joint_Phase_Surface,measured,0.004237549309664694,2200,9,9,519168,1e-06,dynamic
validation,validation_012,target_on,J6_Joint_Phase_Surface,measured,0.004364675788954635,2266,10,10,519168,1e-06,dynamic
validation,validation_013,target_off,J0_Current,measured,0.01153191259861933,5987,61,61,519168,1e-06,dynamic
validation,validation_013,target_on,J0_Current,measured,0.011529986439842209,5986,61,61,519168,1e-06,dynamic
validation,validation_013,target_off,J1_D3_delay_only,measured,0.01153191259861933,5987,61,61,519168,1e-06,dynamic
validation,validation_013,target_on,J1_D3_delay_only,measured,0.011529986439842209,5986,61,61,519168,1e-06,dynamic
validation,validation_013,target_off,J2_P1_phase_only,measured,0.01153191259861933,5987,61,61,519168,1e-06,dynamic
validation,validation_013,target_on,J2_P1_phase_only,measured,0.011529986439842209,5986,61,61,519168,1e-06,dynamic
validation,validation_013,target_off,J3_D3_P1_joint,measured,0.01153191259861933,5987,61,61,519168,1e-06,dynamic
validation,validation_013,target_on,J3_D3_P1_joint,measured,0.011529986439842209,5986,61,61,519168,1e-06,dynamic
validation,validation_013,target_off,J4_D3_P2_joint,measured,0.01153191259861933,5987,61,61,519168,1e-06,dynamic
validation,validation_013,target_on,J4_D3_P2_joint,measured,0.011529986439842209,5986,61,61,519168,1e-06,dynamic
validation,validation_013,target_off,J5_Selective_Physics_Calibration,measured,0.01153191259861933,5987,61,61,519168,1e-06,dynamic
validation,validation_013,target_on,J5_Selective_Physics_Calibration,measured,0.011529986439842209,5986,61,61,519168,1e-06,dynamic
validation,validation_013,target_off,J6_Joint_Phase_Surface,measured,0.01153191259861933,5987,61,61,519168,1e-06,dynamic
validation,validation_013,target_on,J6_Joint_Phase_Surface,measured,0.011529986439842209,5986,61,61,519168,1e-06,dynamic
validation,validation_014,target_off,J0_Current,measured,0.006641395463510848,3448,54,54,519168,1e-06,dynamic
validation,validation_014,target_on,J0_Current,measured,0.006643321622287968,3449,54,54,519168,1e-06,dynamic
validation,validation_014,target_off,J1_D3_delay_only,measured,0.006641395463510848,3448,54,54,519168,1e-06,dynamic
validation,validation_014,target_on,J1_D3_delay_only,measured,0.006643321622287968,3449,54,54,519168,1e-06,dynamic
validation,validation_014,target_off,J2_P1_phase_only,measured,0.006641395463510848,3448,54,54,519168,1e-06,dynamic
validation,validation_014,target_on,J2_P1_phase_only,measured,0.006643321622287968,3449,54,54,519168,1e-06,dynamic
validation,validation_014,target_off,J3_D3_P1_joint,measured,0.006641395463510848,3448,54,54,519168,1e-06,dynamic
validation,validation_014,target_on,J3_D3_P1_joint,measured,0.006643321622287968,3449,54,54,519168,1e-06,dynamic
validation,validation_014,target_off,J4_D3_P2_joint,measured,0.006728072608481263,3493,50,50,519168,1e-06,dynamic
validation,validation_014,target_on,J4_D3_P2_joint,measured,0.0066741401627218935,3465,50,50,519168,1e-06,dynamic
validation,validation_014,target_off,J5_Selective_Physics_Calibration,measured,0.006728072608481263,3493,50,50,519168,1e-06,dynamic
validation,validation_014,target_on,J5_Selective_Physics_Calibration,measured,0.0066741401627218935,3465,50,50,519168,1e-06,dynamic
validation,validation_014,target_off,J6_Joint_Phase_Surface,measured,0.006664509368836292,3460,52,52,519168,1e-06,dynamic
validation,validation_014,target_on,J6_Joint_Phase_Surface,measured,0.006660657051282051,3458,52,52,519168,1e-06,dynamic
validation,validation_015,target_off,J0_Current,measured,0.007960814225838265,4133,34,34,519168,1e-06,dynamic
validation,validation_015,target_on,J0_Current,measured,0.007958888067061144,4132,34,34,519168,1e-06,dynamic
validation,validation_015,target_off,J1_D3_delay_only,measured,0.008122611563116371,4217,83,83,519168,1e-06,dynamic
validation,validation_015,target_on,J1_D3_delay_only,measured,0.00811683308678501,4214,82,82,519168,1e-06,dynamic
validation,validation_015,target_off,J2_P1_phase_only,measured,0.007960814225838265,4133,34,34,519168,1e-06,dynamic
validation,validation_015,target_on,J2_P1_phase_only,measured,0.007958888067061144,4132,34,34,519168,1e-06,dynamic
validation,validation_015,target_off,J3_D3_P1_joint,measured,0.008122611563116371,4217,83,83,519168,1e-06,dynamic
validation,validation_015,target_on,J3_D3_P1_joint,measured,0.00811683308678501,4214,82,82,519168,1e-06,dynamic
validation,validation_015,target_off,J4_D3_P2_joint,measured,0.008122611563116371,4217,83,83,519168,1e-06,dynamic
validation,validation_015,target_on,J4_D3_P2_joint,measured,0.00811683308678501,4214,82,82,519168,1e-06,dynamic
validation,validation_015,target_off,J5_Selective_Physics_Calibration,measured,0.008122611563116371,4217,83,83,519168,1e-06,dynamic
validation,validation_015,target_on,J5_Selective_Physics_Calibration,measured,0.00811683308678501,4214,82,82,519168,1e-06,dynamic
validation,validation_015,target_off,J6_Joint_Phase_Surface,measured,0.008107202292899409,4209,81,81,519168,1e-06,dynamic
validation,validation_015,target_on,J6_Joint_Phase_Surface,measured,0.008103349975345168,4207,80,80,519168,1e-06,dynamic
test,test_000,target_off,J0_Current,measured,0.0068474944526627215,3555,59,59,519168,1e-06,dynamic
test,test_000,target_on,J0_Current,measured,0.006862903722879684,3563,59,59,519168,1e-06,dynamic
test,test_000,target_off,J1_D3_delay_only,measured,0.0068474944526627215,3555,59,59,519168,1e-06,dynamic
test,test_000,target_on,J1_D3_delay_only,measured,0.006862903722879684,3563,59,59,519168,1e-06,dynamic
test,test_000,target_off,J2_P1_phase_only,measured,0.0068474944526627215,3555,59,59,519168,1e-06,dynamic
test,test_000,target_on,J2_P1_phase_only,measured,0.006862903722879684,3563,59,59,519168,1e-06,dynamic
test,test_000,target_off,J3_D3_P1_joint,measured,0.0068474944526627215,3555,59,59,519168,1e-06,dynamic
test,test_000,target_on,J3_D3_P1_joint,measured,0.006862903722879684,3563,59,59,519168,1e-06,dynamic
test,test_000,target_off,J4_D3_P2_joint,measured,0.0068474944526627215,3555,59,59,519168,1e-06,dynamic
test,test_000,target_on,J4_D3_P2_joint,measured,0.006862903722879684,3563,59,59,519168,1e-06,dynamic
test,test_000,target_off,J5_Selective_Physics_Calibration,measured,0.0068474944526627215,3555,59,59,519168,1e-06,dynamic
test,test_000,target_on,J5_Selective_Physics_Calibration,measured,0.006862903722879684,3563,59,59,519168,1e-06,dynamic
test,test_000,target_off,J6_Joint_Phase_Surface,measured,0.0068474944526627215,3555,59,59,519168,1e-06,dynamic
test,test_000,target_on,J6_Joint_Phase_Surface,measured,0.006862903722879684,3563,59,59,519168,1e-06,dynamic
test,test_001,target_off,J0_Current,measured,0.010909763313609468,5664,53,53,519168,1e-06,dynamic
test,test_001,target_on,J0_Current,measured,0.010903984837278106,5661,53,53,519168,1e-06,dynamic
test,test_001,target_off,J1_D3_delay_only,measured,0.010909763313609468,5664,53,53,519168,1e-06,dynamic
test,test_001,target_on,J1_D3_delay_only,measured,0.010903984837278106,5661,53,53,519168,1e-06,dynamic
test,test_001,target_off,J2_P1_phase_only,measured,0.010909763313609468,5664,53,53,519168,1e-06,dynamic
test,test_001,target_on,J2_P1_phase_only,measured,0.010903984837278106,5661,53,53,519168,1e-06,dynamic
test,test_001,target_off,J3_D3_P1_joint,measured,0.010909763313609468,5664,53,53,519168,1e-06,dynamic
test,test_001,target_on,J3_D3_P1_joint,measured,0.010903984837278106,5661,53,53,519168,1e-06,dynamic
test,test_001,target_off,J4_D3_P2_joint,measured,0.010909763313609468,5664,53,53,519168,1e-06,dynamic
test,test_001,target_on,J4_D3_P2_joint,measured,0.010903984837278106,5661,53,53,519168,1e-06,dynamic
test,test_001,target_off,J5_Selective_Physics_Calibration,measured,0.010909763313609468,5664,53,53,519168,1e-06,dynamic
test,test_001,target_on,J5_Selective_Physics_Calibration,measured,0.010903984837278106,5661,53,53,519168,1e-06,dynamic
test,test_001,target_off,J6_Joint_Phase_Surface,measured,0.010909763313609468,5664,53,53,519168,1e-06,dynamic
test,test_001,target_on,J6_Joint_Phase_Surface,measured,0.010903984837278106,5661,53,53,519168,1e-06,dynamic
test,test_002,target_off,J0_Current,measured,0.004098865877712032,2128,6,6,519168,1e-06,dynamic
test,test_002,target_on,J0_Current,measured,0.0041701337524654835,2165,7,7,519168,1e-06,dynamic
test,test_002,target_off,J1_D3_delay_only,measured,0.004098865877712032,2128,6,6,519168,1e-06,dynamic
test,test_002,target_on,J1_D3_delay_only,measured,0.0041701337524654835,2165,7,7,519168,1e-06,dynamic
test,test_002,target_off,J2_P1_phase_only,measured,0.004098865877712032,2128,6,6,519168,1e-06,dynamic
test,test_002,target_on,J2_P1_phase_only,measured,0.0041701337524654835,2165,7,7,519168,1e-06,dynamic
test,test_002,target_off,J3_D3_P1_joint,measured,0.004098865877712032,2128,6,6,519168,1e-06,dynamic
test,test_002,target_on,J3_D3_P1_joint,measured,0.0041701337524654835,2165,7,7,519168,1e-06,dynamic
test,test_002,target_off,J4_D3_P2_joint,measured,0.004098865877712032,2128,6,6,519168,1e-06,dynamic
test,test_002,target_on,J4_D3_P2_joint,measured,0.0041701337524654835,2165,7,7,519168,1e-06,dynamic
test,test_002,target_off,J5_Selective_Physics_Calibration,measured,0.004098865877712032,2128,6,6,519168,1e-06,dynamic
test,test_002,target_on,J5_Selective_Physics_Calibration,measured,0.0041701337524654835,2165,7,7,519168,1e-06,dynamic
test,test_002,target_off,J6_Joint_Phase_Surface,measured,0.004098865877712032,2128,6,6,519168,1e-06,dynamic
test,test_002,target_on,J6_Joint_Phase_Surface,measured,0.0041701337524654835,2165,7,7,519168,1e-06,dynamic
test,test_003,target_off,J0_Current,measured,0.0107421875,5577,80,80,519168,1e-06,dynamic
test,test_003,target_on,J0_Current,measured,0.01074603981755424,5579,80,80,519168,1e-06,dynamic
test,test_003,target_off,J1_D3_delay_only,measured,0.0107421875,5577,80,80,519168,1e-06,dynamic
test,test_003,target_on,J1_D3_delay_only,measured,0.01074603981755424,5579,80,80,519168,1e-06,dynamic
test,test_003,target_off,J2_P1_phase_only,measured,0.0107421875,5577,80,80,519168,1e-06,dynamic
test,test_003,target_on,J2_P1_phase_only,measured,0.01074603981755424,5579,80,80,519168,1e-06,dynamic
test,test_003,target_off,J3_D3_P1_joint,measured,0.0107421875,5577,80,80,519168,1e-06,dynamic
test,test_003,target_on,J3_D3_P1_joint,measured,0.01074603981755424,5579,80,80,519168,1e-06,dynamic
test,test_003,target_off,J4_D3_P2_joint,measured,0.0107421875,5577,80,80,519168,1e-06,dynamic
test,test_003,target_on,J4_D3_P2_joint,measured,0.01074603981755424,5579,80,80,519168,1e-06,dynamic
test,test_003,target_off,J5_Selective_Physics_Calibration,measured,0.0107421875,5577,80,80,519168,1e-06,dynamic
test,test_003,target_on,J5_Selective_Physics_Calibration,measured,0.01074603981755424,5579,80,80,519168,1e-06,dynamic
test,test_003,target_off,J6_Joint_Phase_Surface,measured,0.0107421875,5577,80,80,519168,1e-06,dynamic
test,test_003,target_on,J6_Joint_Phase_Surface,measured,0.01074603981755424,5579,80,80,519168,1e-06,dynamic
test,test_004,target_off,J0_Current,measured,0.007226947731755424,3752,39,39,519168,1e-06,dynamic
test,test_004,target_on,J0_Current,measured,0.007228873890532545,3753,39,39,519168,1e-06,dynamic
test,test_004,target_off,J1_D3_delay_only,measured,0.007226947731755424,3752,39,39,519168,1e-06,dynamic
test,test_004,target_on,J1_D3_delay_only,measured,0.007228873890532545,3753,39,39,519168,1e-06,dynamic
test,test_004,target_off,J2_P1_phase_only,measured,0.007226947731755424,3752,39,39,519168,1e-06,dynamic
test,test_004,target_on,J2_P1_phase_only,measured,0.007228873890532545,3753,39,39,519168,1e-06,dynamic
test,test_004,target_off,J3_D3_P1_joint,measured,0.007226947731755424,3752,39,39,519168,1e-06,dynamic
test,test_004,target_on,J3_D3_P1_joint,measured,0.007228873890532545,3753,39,39,519168,1e-06,dynamic
test,test_004,target_off,J4_D3_P2_joint,measured,0.007226947731755424,3752,39,39,519168,1e-06,dynamic
test,test_004,target_on,J4_D3_P2_joint,measured,0.007228873890532545,3753,39,39,519168,1e-06,dynamic
test,test_004,target_off,J5_Selective_Physics_Calibration,measured,0.007226947731755424,3752,39,39,519168,1e-06,dynamic
test,test_004,target_on,J5_Selective_Physics_Calibration,measured,0.007228873890532545,3753,39,39,519168,1e-06,dynamic
test,test_004,target_off,J6_Joint_Phase_Surface,measured,0.007226947731755424,3752,39,39,519168,1e-06,dynamic
test,test_004,target_on,J6_Joint_Phase_Surface,measured,0.007228873890532545,3753,39,39,519168,1e-06,dynamic
test,test_005,target_off,J0_Current,measured,0.00750624075443787,3897,69,69,519168,1e-06,dynamic
test,test_005,target_on,J0_Current,measured,0.007496609960552268,3892,70,70,519168,1e-06,dynamic
test,test_005,target_off,J1_D3_delay_only,measured,0.00750624075443787,3897,69,69,519168,1e-06,dynamic
test,test_005,target_on,J1_D3_delay_only,measured,0.007496609960552268,3892,70,70,519168,1e-06,dynamic
test,test_005,target_off,J2_P1_phase_only,measured,0.00750624075443787,3897,69,69,519168,1e-06,dynamic
test,test_005,target_on,J2_P1_phase_only,measured,0.007496609960552268,3892,70,70,519168,1e-06,dynamic
test,test_005,target_off,J3_D3_P1_joint,measured,0.00750624075443787,3897,69,69,519168,1e-06,dynamic
test,test_005,target_on,J3_D3_P1_joint,measured,0.007496609960552268,3892,70,70,519168,1e-06,dynamic
test,test_005,target_off,J4_D3_P2_joint,measured,0.00750624075443787,3897,69,69,519168,1e-06,dynamic
test,test_005,target_on,J4_D3_P2_joint,measured,0.007496609960552268,3892,70,70,519168,1e-06,dynamic
test,test_005,target_off,J5_Selective_Physics_Calibration,measured,0.00750624075443787,3897,69,69,519168,1e-06,dynamic
test,test_005,target_on,J5_Selective_Physics_Calibration,measured,0.007496609960552268,3892,70,70,519168,1e-06,dynamic
test,test_005,target_off,J6_Joint_Phase_Surface,measured,0.00750624075443787,3897,69,69,519168,1e-06,dynamic
test,test_005,target_on,J6_Joint_Phase_Surface,measured,0.007496609960552268,3892,70,70,519168,1e-06,dynamic
test,test_006,target_off,J0_Current,measured,0.01037621733234714,5387,64,64,519168,1e-06,dynamic
test,test_006,target_on,J0_Current,measured,0.010370438856015778,5384,64,64,519168,1e-06,dynamic
test,test_006,target_off,J1_D3_delay_only,measured,0.01037621733234714,5387,64,64,519168,1e-06,dynamic
test,test_006,target_on,J1_D3_delay_only,measured,0.010370438856015778,5384,64,64,519168,1e-06,dynamic
test,test_006,target_off,J2_P1_phase_only,measured,0.01037621733234714,5387,64,64,519168,1e-06,dynamic
test,test_006,target_on,J2_P1_phase_only,measured,0.010370438856015778,5384,64,64,519168,1e-06,dynamic
test,test_006,target_off,J3_D3_P1_joint,measured,0.01037621733234714,5387,64,64,519168,1e-06,dynamic
test,test_006,target_on,J3_D3_P1_joint,measured,0.010370438856015778,5384,64,64,519168,1e-06,dynamic
test,test_006,target_off,J4_D3_P2_joint,measured,0.01037621733234714,5387,64,64,519168,1e-06,dynamic
test,test_006,target_on,J4_D3_P2_joint,measured,0.010370438856015778,5384,64,64,519168,1e-06,dynamic
test,test_006,target_off,J5_Selective_Physics_Calibration,measured,0.01037621733234714,5387,64,64,519168,1e-06,dynamic
test,test_006,target_on,J5_Selective_Physics_Calibration,measured,0.010370438856015778,5384,64,64,519168,1e-06,dynamic
test,test_006,target_off,J6_Joint_Phase_Surface,measured,0.01037621733234714,5387,64,64,519168,1e-06,dynamic
test,test_006,target_on,J6_Joint_Phase_Surface,measured,0.010370438856015778,5384,64,64,519168,1e-06,dynamic
test,test_007,target_off,J0_Current,measured,0.0042934079142011835,2229,16,16,519168,1e-06,dynamic
test,test_007,target_on,J0_Current,measured,0.004303038708086785,2234,16,16,519168,1e-06,dynamic
test,test_007,target_off,J1_D3_delay_only,measured,0.0042934079142011835,2229,16,16,519168,1e-06,dynamic
test,test_007,target_on,J1_D3_delay_only,measured,0.004303038708086785,2234,16,16,519168,1e-06,dynamic
test,test_007,target_off,J2_P1_phase_only,measured,0.0042934079142011835,2229,16,16,519168,1e-06,dynamic
test,test_007,target_on,J2_P1_phase_only,measured,0.004303038708086785,2234,16,16,519168,1e-06,dynamic
test,test_007,target_off,J3_D3_P1_joint,measured,0.0042934079142011835,2229,16,16,519168,1e-06,dynamic
test,test_007,target_on,J3_D3_P1_joint,measured,0.004303038708086785,2234,16,16,519168,1e-06,dynamic
test,test_007,target_off,J4_D3_P2_joint,measured,0.0042934079142011835,2229,16,16,519168,1e-06,dynamic
test,test_007,target_on,J4_D3_P2_joint,measured,0.004303038708086785,2234,16,16,519168,1e-06,dynamic
test,test_007,target_off,J5_Selective_Physics_Calibration,measured,0.0042934079142011835,2229,16,16,519168,1e-06,dynamic
test,test_007,target_on,J5_Selective_Physics_Calibration,measured,0.004303038708086785,2234,16,16,519168,1e-06,dynamic
test,test_007,target_off,J6_Joint_Phase_Surface,measured,0.0042934079142011835,2229,16,16,519168,1e-06,dynamic
test,test_007,target_on,J6_Joint_Phase_Surface,measured,0.004303038708086785,2234,16,16,519168,1e-06,dynamic
test,test_008,target_off,J0_Current,measured,0.011135123890532544,5781,45,45,519168,1e-06,dynamic
test,test_008,target_on,J0_Current,measured,0.011137050049309665,5782,45,45,519168,1e-06,dynamic
test,test_008,target_off,J1_D3_delay_only,measured,0.011135123890532544,5781,45,45,519168,1e-06,dynamic
test,test_008,target_on,J1_D3_delay_only,measured,0.011137050049309665,5782,45,45,519168,1e-06,dynamic
test,test_008,target_off,J2_P1_phase_only,measured,0.011135123890532544,5781,45,45,519168,1e-06,dynamic
test,test_008,target_on,J2_P1_phase_only,measured,0.011137050049309665,5782,45,45,519168,1e-06,dynamic
test,test_008,target_off,J3_D3_P1_joint,measured,0.011135123890532544,5781,45,45,519168,1e-06,dynamic
test,test_008,target_on,J3_D3_P1_joint,measured,0.011137050049309665,5782,45,45,519168,1e-06,dynamic
test,test_008,target_off,J4_D3_P2_joint,measured,0.011135123890532544,5781,45,45,519168,1e-06,dynamic
test,test_008,target_on,J4_D3_P2_joint,measured,0.011137050049309665,5782,45,45,519168,1e-06,dynamic
test,test_008,target_off,J5_Selective_Physics_Calibration,measured,0.011135123890532544,5781,45,45,519168,1e-06,dynamic
test,test_008,target_on,J5_Selective_Physics_Calibration,measured,0.011137050049309665,5782,45,45,519168,1e-06,dynamic
test,test_008,target_off,J6_Joint_Phase_Surface,measured,0.011135123890532544,5781,45,45,519168,1e-06,dynamic
test,test_008,target_on,J6_Joint_Phase_Surface,measured,0.011137050049309665,5782,45,45,519168,1e-06,dynamic
test,test_009,target_off,J0_Current,measured,0.007856801651873767,4079,1,1,519168,1e-06,dynamic
test,test_009,target_on,J0_Current,measured,0.007856801651873767,4079,1,1,519168,1e-06,dynamic
test,test_009,target_off,J1_D3_delay_only,measured,0.007856801651873767,4079,1,1,519168,1e-06,dynamic
test,test_009,target_on,J1_D3_delay_only,measured,0.007856801651873767,4079,1,1,519168,1e-06,dynamic
test,test_009,target_off,J2_P1_phase_only,measured,0.007856801651873767,4079,1,1,519168,1e-06,dynamic
test,test_009,target_on,J2_P1_phase_only,measured,0.007856801651873767,4079,1,1,519168,1e-06,dynamic
test,test_009,target_off,J3_D3_P1_joint,measured,0.007856801651873767,4079,1,1,519168,1e-06,dynamic
test,test_009,target_on,J3_D3_P1_joint,measured,0.007856801651873767,4079,1,1,519168,1e-06,dynamic
test,test_009,target_off,J4_D3_P2_joint,measured,0.007856801651873767,4079,1,1,519168,1e-06,dynamic
test,test_009,target_on,J4_D3_P2_joint,measured,0.007856801651873767,4079,1,1,519168,1e-06,dynamic
test,test_009,target_off,J5_Selective_Physics_Calibration,measured,0.007856801651873767,4079,1,1,519168,1e-06,dynamic
test,test_009,target_on,J5_Selective_Physics_Calibration,measured,0.007856801651873767,4079,1,1,519168,1e-06,dynamic
test,test_009,target_off,J6_Joint_Phase_Surface,measured,0.007856801651873767,4079,1,1,519168,1e-06,dynamic
test,test_009,target_on,J6_Joint_Phase_Surface,measured,0.007856801651873767,4079,1,1,519168,1e-06,dynamic
test,test_010,target_off,J0_Current,measured,0.008407683062130177,4365,8,8,519168,1e-06,dynamic
test,test_010,target_on,J0_Current,measured,0.008463541666666666,4394,8,8,519168,1e-06,dynamic
test,test_010,target_off,J1_D3_delay_only,measured,0.008407683062130177,4365,8,8,519168,1e-06,dynamic
test,test_010,target_on,J1_D3_delay_only,measured,0.008463541666666666,4394,8,8,519168,1e-06,dynamic
test,test_010,target_off,J2_P1_phase_only,measured,0.008407683062130177,4365,8,8,519168,1e-06,dynamic
test,test_010,target_on,J2_P1_phase_only,measured,0.008463541666666666,4394,8,8,519168,1e-06,dynamic
test,test_010,target_off,J3_D3_P1_joint,measured,0.008407683062130177,4365,8,8,519168,1e-06,dynamic
test,test_010,target_on,J3_D3_P1_joint,measured,0.008463541666666666,4394,8,8,519168,1e-06,dynamic
test,test_010,target_off,J4_D3_P2_joint,measured,0.008407683062130177,4365,8,8,519168,1e-06,dynamic
test,test_010,target_on,J4_D3_P2_joint,measured,0.008463541666666666,4394,8,8,519168,1e-06,dynamic
test,test_010,target_off,J5_Selective_Physics_Calibration,measured,0.008407683062130177,4365,8,8,519168,1e-06,dynamic
test,test_010,target_on,J5_Selective_Physics_Calibration,measured,0.008463541666666666,4394,8,8,519168,1e-06,dynamic
test,test_010,target_off,J6_Joint_Phase_Surface,measured,0.008407683062130177,4365,8,8,519168,1e-06,dynamic
test,test_010,target_on,J6_Joint_Phase_Surface,measured,0.008463541666666666,4394,8,8,519168,1e-06,dynamic
test,test_011,target_off,J0_Current,measured,0.010747965976331361,5580,57,57,519168,1e-06,dynamic
test,test_011,target_on,J0_Current,measured,0.010744113658777121,5578,57,57,519168,1e-06,dynamic
test,test_011,target_off,J1_D3_delay_only,measured,0.010747965976331361,5580,57,57,519168,1e-06,dynamic
test,test_011,target_on,J1_D3_delay_only,measured,0.010744113658777121,5578,57,57,519168,1e-06,dynamic
test,test_011,target_off,J2_P1_phase_only,measured,0.010747965976331361,5580,57,57,519168,1e-06,dynamic
test,test_011,target_on,J2_P1_phase_only,measured,0.010744113658777121,5578,57,57,519168,1e-06,dynamic
test,test_011,target_off,J3_D3_P1_joint,measured,0.010747965976331361,5580,57,57,519168,1e-06,dynamic
test,test_011,target_on,J3_D3_P1_joint,measured,0.010744113658777121,5578,57,57,519168,1e-06,dynamic
test,test_011,target_off,J4_D3_P2_joint,measured,0.010747965976331361,5580,57,57,519168,1e-06,dynamic
test,test_011,target_on,J4_D3_P2_joint,measured,0.010744113658777121,5578,57,57,519168,1e-06,dynamic
test,test_011,target_off,J5_Selective_Physics_Calibration,measured,0.010747965976331361,5580,57,57,519168,1e-06,dynamic
test,test_011,target_on,J5_Selective_Physics_Calibration,measured,0.010744113658777121,5578,57,57,519168,1e-06,dynamic
test,test_011,target_off,J6_Joint_Phase_Surface,measured,0.010747965976331361,5580,57,57,519168,1e-06,dynamic
test,test_011,target_on,J6_Joint_Phase_Surface,measured,0.010744113658777121,5578,57,57,519168,1e-06,dynamic
test,test_012,target_off,J0_Current,measured,0.004014114891518737,2084,7,7,519168,1e-06,dynamic
test,test_012,target_on,J0_Current,measured,0.004012188732741617,2083,7,7,519168,1e-06,dynamic
test,test_012,target_off,J1_D3_delay_only,measured,0.004014114891518737,2084,7,7,519168,1e-06,dynamic
test,test_012,target_on,J1_D3_delay_only,measured,0.004012188732741617,2083,7,7,519168,1e-06,dynamic
test,test_012,target_off,J2_P1_phase_only,measured,0.004014114891518737,2084,7,7,519168,1e-06,dynamic
test,test_012,target_on,J2_P1_phase_only,measured,0.004012188732741617,2083,7,7,519168,1e-06,dynamic
test,test_012,target_off,J3_D3_P1_joint,measured,0.004014114891518737,2084,7,7,519168,1e-06,dynamic
test,test_012,target_on,J3_D3_P1_joint,measured,0.004012188732741617,2083,7,7,519168,1e-06,dynamic
test,test_012,target_off,J4_D3_P2_joint,measured,0.004014114891518737,2084,7,7,519168,1e-06,dynamic
test,test_012,target_on,J4_D3_P2_joint,measured,0.004012188732741617,2083,7,7,519168,1e-06,dynamic
test,test_012,target_off,J5_Selective_Physics_Calibration,measured,0.004014114891518737,2084,7,7,519168,1e-06,dynamic
test,test_012,target_on,J5_Selective_Physics_Calibration,measured,0.004012188732741617,2083,7,7,519168,1e-06,dynamic
test,test_012,target_off,J6_Joint_Phase_Surface,measured,0.004014114891518737,2084,7,7,519168,1e-06,dynamic
test,test_012,target_on,J6_Joint_Phase_Surface,measured,0.004012188732741617,2083,7,7,519168,1e-06,dynamic
test,test_013,target_off,J0_Current,measured,0.00958263991617357,4975,76,76,519168,1e-06,dynamic
test,test_013,target_on,J0_Current,measured,0.00958263991617357,4975,77,77,519168,1e-06,dynamic
test,test_013,target_off,J1_D3_delay_only,measured,0.009553747534516766,4960,78,78,519168,1e-06,dynamic
test,test_013,target_on,J1_D3_delay_only,measured,0.009544116740631164,4955,79,79,519168,1e-06,dynamic
test,test_013,target_off,J2_P1_phase_only,measured,0.00958263991617357,4975,76,76,519168,1e-06,dynamic
test,test_013,target_on,J2_P1_phase_only,measured,0.00958263991617357,4975,77,77,519168,1e-06,dynamic
test,test_013,target_off,J3_D3_P1_joint,measured,0.009553747534516766,4960,78,78,519168,1e-06,dynamic
test,test_013,target_on,J3_D3_P1_joint,measured,0.009544116740631164,4955,79,79,519168,1e-06,dynamic
test,test_013,target_off,J4_D3_P2_joint,measured,0.009553747534516766,4960,78,78,519168,1e-06,dynamic
test,test_013,target_on,J4_D3_P2_joint,measured,0.009544116740631164,4955,79,79,519168,1e-06,dynamic
test,test_013,target_off,J5_Selective_Physics_Calibration,measured,0.009553747534516766,4960,78,78,519168,1e-06,dynamic
test,test_013,target_on,J5_Selective_Physics_Calibration,measured,0.009544116740631164,4955,79,79,519168,1e-06,dynamic
test,test_013,target_off,J6_Joint_Phase_Surface,measured,0.009561452169625246,4964,82,82,519168,1e-06,dynamic
test,test_013,target_on,J6_Joint_Phase_Surface,measured,0.009544116740631164,4955,83,83,519168,1e-06,dynamic
test,test_014,target_off,J0_Current,measured,0.007275101701183432,3777,43,43,519168,1e-06,dynamic
test,test_014,target_on,J0_Current,measured,0.007278954018737673,3779,43,43,519168,1e-06,dynamic
test,test_014,target_off,J1_D3_delay_only,measured,0.007067076553254438,3669,43,43,519168,1e-06,dynamic
test,test_014,target_on,J1_D3_delay_only,measured,0.0070728550295857985,3672,43,43,519168,1e-06,dynamic
test,test_014,target_off,J2_P1_phase_only,measured,0.007275101701183432,3777,43,43,519168,1e-06,dynamic
test,test_014,target_on,J2_P1_phase_only,measured,0.007278954018737673,3779,43,43,519168,1e-06,dynamic
test,test_014,target_off,J3_D3_P1_joint,measured,0.007067076553254438,3669,43,43,519168,1e-06,dynamic
test,test_014,target_on,J3_D3_P1_joint,measured,0.0070728550295857985,3672,43,43,519168,1e-06,dynamic
test,test_014,target_off,J4_D3_P2_joint,measured,0.007067076553254438,3669,43,43,519168,1e-06,dynamic
test,test_014,target_on,J4_D3_P2_joint,measured,0.0070728550295857985,3672,43,43,519168,1e-06,dynamic
test,test_014,target_off,J5_Selective_Physics_Calibration,measured,0.007067076553254438,3669,43,43,519168,1e-06,dynamic
test,test_014,target_on,J5_Selective_Physics_Calibration,measured,0.0070728550295857985,3672,43,43,519168,1e-06,dynamic
test,test_014,target_off,J6_Joint_Phase_Surface,measured,0.007244283160749507,3761,43,43,519168,1e-06,dynamic
test,test_014,target_on,J6_Joint_Phase_Surface,measured,0.007242357001972386,3760,43,43,519168,1e-06,dynamic
test,test_015,target_off,J0_Current,measured,0.008164987056213017,4239,48,48,519168,1e-06,dynamic
test,test_015,target_on,J0_Current,measured,0.008151503944773176,4232,48,48,519168,1e-06,dynamic
test,test_015,target_off,J1_D3_delay_only,measured,0.008220845660749506,4268,54,54,519168,1e-06,dynamic
test,test_015,target_on,J1_D3_delay_only,measured,0.008203510231755425,4259,54,54,519168,1e-06,dynamic
test,test_015,target_off,J2_P1_phase_only,measured,0.008164987056213017,4239,48,48,519168,1e-06,dynamic
test,test_015,target_on,J2_P1_phase_only,measured,0.008151503944773176,4232,48,48,519168,1e-06,dynamic
test,test_015,target_off,J3_D3_P1_joint,measured,0.008220845660749506,4268,54,54,519168,1e-06,dynamic
test,test_015,target_on,J3_D3_P1_joint,measured,0.008203510231755425,4259,54,54,519168,1e-06,dynamic
test,test_015,target_off,J4_D3_P2_joint,measured,0.008220845660749506,4268,54,54,519168,1e-06,dynamic
test,test_015,target_on,J4_D3_P2_joint,measured,0.008203510231755425,4259,54,54,519168,1e-06,dynamic
test,test_015,target_off,J5_Selective_Physics_Calibration,measured,0.008220845660749506,4268,54,54,519168,1e-06,dynamic
test,test_015,target_on,J5_Selective_Physics_Calibration,measured,0.008203510231755425,4259,54,54,519168,1e-06,dynamic
test,test_015,target_off,J6_Joint_Phase_Surface,measured,0.00818039632642998,4247,53,53,519168,1e-06,dynamic
test,test_015,target_on,J6_Joint_Phase_Surface,measured,0.008163060897435898,4238,53,53,519168,1e-06,dynamic
test,test_016,target_off,J0_Current,measured,0.011275733481262328,5854,64,64,519168,1e-06,dynamic
test,test_016,target_on,J0_Current,measured,0.011252619575936883,5842,66,66,519168,1e-06,dynamic
test,test_016,target_off,J1_D3_delay_only,measured,0.011275733481262328,5854,64,64,519168,1e-06,dynamic
test,test_016,target_on,J1_D3_delay_only,measured,0.011252619575936883,5842,66,66,519168,1e-06,dynamic
test,test_016,target_off,J2_P1_phase_only,measured,0.011275733481262328,5854,64,64,519168,1e-06,dynamic
test,test_016,target_on,J2_P1_phase_only,measured,0.011252619575936883,5842,66,66,519168,1e-06,dynamic
test,test_016,target_off,J3_D3_P1_joint,measured,0.011275733481262328,5854,64,64,519168,1e-06,dynamic
test,test_016,target_on,J3_D3_P1_joint,measured,0.011252619575936883,5842,66,66,519168,1e-06,dynamic
test,test_016,target_off,J4_D3_P2_joint,measured,0.011275733481262328,5854,64,64,519168,1e-06,dynamic
test,test_016,target_on,J4_D3_P2_joint,measured,0.011252619575936883,5842,66,66,519168,1e-06,dynamic
test,test_016,target_off,J5_Selective_Physics_Calibration,measured,0.011283438116370809,5858,64,64,519168,1e-06,dynamic
test,test_016,target_on,J5_Selective_Physics_Calibration,measured,0.011258398052268245,5845,66,66,519168,1e-06,dynamic
test,test_016,target_off,J6_Joint_Phase_Surface,measured,0.011275733481262328,5854,64,64,519168,1e-06,dynamic
test,test_016,target_on,J6_Joint_Phase_Surface,measured,0.011252619575936883,5842,66,66,519168,1e-06,dynamic
test,test_017,target_off,J0_Current,measured,0.004774947608481263,2479,3,3,519168,1e-06,dynamic
test,test_017,target_on,J0_Current,measured,0.0048442893244575935,2515,3,3,519168,1e-06,dynamic
test,test_017,target_off,J1_D3_delay_only,measured,0.004774947608481263,2479,3,3,519168,1e-06,dynamic
test,test_017,target_on,J1_D3_delay_only,measured,0.0048442893244575935,2515,3,3,519168,1e-06,dynamic
test,test_017,target_off,J2_P1_phase_only,measured,0.004774947608481263,2479,3,3,519168,1e-06,dynamic
test,test_017,target_on,J2_P1_phase_only,measured,0.0048442893244575935,2515,3,3,519168,1e-06,dynamic
test,test_017,target_off,J3_D3_P1_joint,measured,0.004774947608481263,2479,3,3,519168,1e-06,dynamic
test,test_017,target_on,J3_D3_P1_joint,measured,0.0048442893244575935,2515,3,3,519168,1e-06,dynamic
test,test_017,target_off,J4_D3_P2_joint,measured,0.004774947608481263,2479,3,3,519168,1e-06,dynamic
test,test_017,target_on,J4_D3_P2_joint,measured,0.0048442893244575935,2515,3,3,519168,1e-06,dynamic
test,test_017,target_off,J5_Selective_Physics_Calibration,measured,0.0047691691321499015,2476,3,3,519168,1e-06,dynamic
test,test_017,target_on,J5_Selective_Physics_Calibration,measured,0.0048442893244575935,2515,3,3,519168,1e-06,dynamic
test,test_017,target_off,J6_Joint_Phase_Surface,measured,0.004742202909270217,2462,8,8,519168,1e-06,dynamic
test,test_017,target_on,J6_Joint_Phase_Surface,measured,0.004803839990138067,2494,9,9,519168,1e-06,dynamic
test,test_018,target_off,J0_Current,measured,0.010229829265285996,5311,73,73,519168,1e-06,dynamic
test,test_018,target_on,J0_Current,measured,0.010229829265285996,5311,73,73,519168,1e-06,dynamic
test,test_018,target_off,J1_D3_delay_only,measured,0.010229829265285996,5311,73,73,519168,1e-06,dynamic
test,test_018,target_on,J1_D3_delay_only,measured,0.010229829265285996,5311,73,73,519168,1e-06,dynamic
test,test_018,target_off,J2_P1_phase_only,measured,0.010231755424063117,5312,72,72,519168,1e-06,dynamic
test,test_018,target_on,J2_P1_phase_only,measured,0.010227903106508876,5310,72,72,519168,1e-06,dynamic
test,test_018,target_off,J3_D3_P1_joint,measured,0.010231755424063117,5312,72,72,519168,1e-06,dynamic
test,test_018,target_on,J3_D3_P1_joint,measured,0.010227903106508876,5310,72,72,519168,1e-06,dynamic
test,test_018,target_off,J4_D3_P2_joint,measured,0.010229829265285996,5311,72,72,519168,1e-06,dynamic
test,test_018,target_on,J4_D3_P2_joint,measured,0.010225976947731755,5309,72,72,519168,1e-06,dynamic
test,test_018,target_off,J5_Selective_Physics_Calibration,measured,0.010231755424063117,5312,72,72,519168,1e-06,dynamic
test,test_018,target_on,J5_Selective_Physics_Calibration,measured,0.010227903106508876,5310,72,72,519168,1e-06,dynamic
test,test_018,target_off,J6_Joint_Phase_Surface,measured,0.010229829265285996,5311,73,73,519168,1e-06,dynamic
test,test_018,target_on,J6_Joint_Phase_Surface,measured,0.010229829265285996,5311,73,73,519168,1e-06,dynamic
test,test_019,target_off,J0_Current,measured,0.007922291050295857,4113,61,61,519168,1e-06,dynamic
test,test_019,target_on,J0_Current,measured,0.007912660256410256,4108,61,61,519168,1e-06,dynamic
test,test_019,target_off,J1_D3_delay_only,measured,0.007922291050295857,4113,61,61,519168,1e-06,dynamic
test,test_019,target_on,J1_D3_delay_only,measured,0.007912660256410256,4108,61,61,519168,1e-06,dynamic
test,test_019,target_off,J2_P1_phase_only,measured,0.007939626479289941,4122,62,62,519168,1e-06,dynamic
test,test_019,target_on,J2_P1_phase_only,measured,0.00794155263806706,4123,62,62,519168,1e-06,dynamic
test,test_019,target_off,J3_D3_P1_joint,measured,0.007939626479289941,4122,62,62,519168,1e-06,dynamic
test,test_019,target_on,J3_D3_P1_joint,measured,0.00794155263806706,4123,62,62,519168,1e-06,dynamic
test,test_019,target_off,J4_D3_P2_joint,measured,0.00794155263806706,4123,62,62,519168,1e-06,dynamic
test,test_019,target_on,J4_D3_P2_joint,measured,0.00793384800295858,4119,62,62,519168,1e-06,dynamic
test,test_019,target_off,J5_Selective_Physics_Calibration,measured,0.007939626479289941,4122,62,62,519168,1e-06,dynamic
test,test_019,target_on,J5_Selective_Physics_Calibration,measured,0.00794155263806706,4123,62,62,519168,1e-06,dynamic
test,test_019,target_off,J6_Joint_Phase_Surface,measured,0.007922291050295857,4113,61,61,519168,1e-06,dynamic
test,test_019,target_on,J6_Joint_Phase_Surface,measured,0.007912660256410256,4108,61,61,519168,1e-06,dynamic
test,test_020,target_off,J0_Current,measured,0.007616031804733728,3954,65,65,519168,1e-06,dynamic
test,test_020,target_on,J0_Current,measured,0.007612179487179487,3952,65,65,519168,1e-06,dynamic
test,test_020,target_off,J1_D3_delay_only,measured,0.007616031804733728,3954,65,65,519168,1e-06,dynamic
test,test_020,target_on,J1_D3_delay_only,measured,0.007612179487179487,3952,65,65,519168,1e-06,dynamic
test,test_020,target_off,J2_P1_phase_only,measured,0.007616031804733728,3954,65,65,519168,1e-06,dynamic
test,test_020,target_on,J2_P1_phase_only,measured,0.007612179487179487,3952,65,65,519168,1e-06,dynamic
test,test_020,target_off,J3_D3_P1_joint,measured,0.007616031804733728,3954,65,65,519168,1e-06,dynamic
test,test_020,target_on,J3_D3_P1_joint,measured,0.007612179487179487,3952,65,65,519168,1e-06,dynamic
test,test_020,target_off,J4_D3_P2_joint,measured,0.007616031804733728,3954,65,65,519168,1e-06,dynamic
test,test_020,target_on,J4_D3_P2_joint,measured,0.007612179487179487,3952,65,65,519168,1e-06,dynamic
test,test_020,target_off,J5_Selective_Physics_Calibration,measured,0.007616031804733728,3954,65,65,519168,1e-06,dynamic
test,test_020,target_on,J5_Selective_Physics_Calibration,measured,0.007612179487179487,3952,65,65,519168,1e-06,dynamic
test,test_020,target_off,J6_Joint_Phase_Surface,measured,0.007616031804733728,3954,65,65,519168,1e-06,dynamic
test,test_020,target_on,J6_Joint_Phase_Surface,measured,0.007612179487179487,3952,65,65,519168,1e-06,dynamic
test,test_021,target_off,J0_Current,measured,0.00964812931459566,5009,66,66,519168,1e-06,dynamic
test,test_021,target_on,J0_Current,measured,0.009661612426035504,5016,66,66,519168,1e-06,dynamic
test,test_021,target_off,J1_D3_delay_only,measured,0.00964812931459566,5009,66,66,519168,1e-06,dynamic
test,test_021,target_on,J1_D3_delay_only,measured,0.009661612426035504,5016,66,66,519168,1e-06,dynamic
test,test_021,target_off,J2_P1_phase_only,measured,0.0096519816321499,5011,66,66,519168,1e-06,dynamic
test,test_021,target_on,J2_P1_phase_only,measured,0.009669317061143984,5020,66,66,519168,1e-06,dynamic
test,test_021,target_off,J3_D3_P1_joint,measured,0.0096519816321499,5011,66,66,519168,1e-06,dynamic
test,test_021,target_on,J3_D3_P1_joint,measured,0.009669317061143984,5020,66,66,519168,1e-06,dynamic
test,test_021,target_off,J4_D3_P2_joint,measured,0.0096519816321499,5011,66,66,519168,1e-06,dynamic
test,test_021,target_on,J4_D3_P2_joint,measured,0.009669317061143984,5020,66,66,519168,1e-06,dynamic
test,test_021,target_off,J5_Selective_Physics_Calibration,measured,0.0096519816321499,5011,66,66,519168,1e-06,dynamic
test,test_021,target_on,J5_Selective_Physics_Calibration,measured,0.009669317061143984,5020,66,66,519168,1e-06,dynamic
test,test_021,target_off,J6_Joint_Phase_Surface,measured,0.009746363412228797,5060,68,68,519168,1e-06,dynamic
test,test_021,target_on,J6_Joint_Phase_Surface,measured,0.00975792036489152,5066,69,69,519168,1e-06,dynamic
test,test_022,target_off,J0_Current,measured,0.00421250924556213,2187,15,15,519168,1e-06,dynamic
test,test_022,target_on,J0_Current,measured,0.004316521819526627,2241,16,16,519168,1e-06,dynamic
test,test_022,target_off,J1_D3_delay_only,measured,0.00421250924556213,2187,15,15,519168,1e-06,dynamic
test,test_022,target_on,J1_D3_delay_only,measured,0.004316521819526627,2241,16,16,519168,1e-06,dynamic
test,test_022,target_off,J2_P1_phase_only,measured,0.004206730769230769,2184,15,15,519168,1e-06,dynamic
test,test_022,target_on,J2_P1_phase_only,measured,0.004316521819526627,2241,17,17,519168,1e-06,dynamic
test,test_022,target_off,J3_D3_P1_joint,measured,0.004206730769230769,2184,15,15,519168,1e-06,dynamic
test,test_022,target_on,J3_D3_P1_joint,measured,0.004316521819526627,2241,17,17,519168,1e-06,dynamic
test,test_022,target_off,J4_D3_P2_joint,measured,0.004208656928007889,2185,15,15,519168,1e-06,dynamic
test,test_022,target_on,J4_D3_P2_joint,measured,0.004316521819526627,2241,17,17,519168,1e-06,dynamic
test,test_022,target_off,J5_Selective_Physics_Calibration,measured,0.004206730769230769,2184,15,15,519168,1e-06,dynamic
test,test_022,target_on,J5_Selective_Physics_Calibration,measured,0.004316521819526627,2241,17,17,519168,1e-06,dynamic
test,test_022,target_off,J6_Joint_Phase_Surface,measured,0.004224066198224852,2193,20,20,519168,1e-06,dynamic
test,test_022,target_on,J6_Joint_Phase_Surface,measured,0.004301112549309665,2233,21,21,519168,1e-06,dynamic
test,test_023,target_off,J0_Current,measured,0.010227903106508876,5310,45,45,519168,1e-06,dynamic
test,test_023,target_on,J0_Current,measured,0.010222124630177515,5307,45,45,519168,1e-06,dynamic
test,test_023,target_off,J1_D3_delay_only,measured,0.010227903106508876,5310,45,45,519168,1e-06,dynamic
test,test_023,target_on,J1_D3_delay_only,measured,0.010222124630177515,5307,45,45,519168,1e-06,dynamic
test,test_023,target_off,J2_P1_phase_only,measured,0.010239460059171597,5316,46,46,519168,1e-06,dynamic
test,test_023,target_on,J2_P1_phase_only,measured,0.010235607741617357,5314,46,46,519168,1e-06,dynamic
test,test_023,target_off,J3_D3_P1_joint,measured,0.010239460059171597,5316,46,46,519168,1e-06,dynamic
test,test_023,target_on,J3_D3_P1_joint,measured,0.010235607741617357,5314,46,46,519168,1e-06,dynamic
test,test_023,target_off,J4_D3_P2_joint,measured,0.010239460059171597,5316,46,46,519168,1e-06,dynamic
test,test_023,target_on,J4_D3_P2_joint,measured,0.010239460059171597,5316,46,46,519168,1e-06,dynamic
test,test_023,target_off,J5_Selective_Physics_Calibration,measured,0.010239460059171597,5316,46,46,519168,1e-06,dynamic
test,test_023,target_on,J5_Selective_Physics_Calibration,measured,0.010235607741617357,5314,46,46,519168,1e-06,dynamic
test,test_023,target_off,J6_Joint_Phase_Surface,measured,0.010268352440828403,5331,64,64,519168,1e-06,dynamic
test,test_023,target_on,J6_Joint_Phase_Surface,measured,0.010268352440828403,5331,64,64,519168,1e-06,dynamic
test,test_024,target_off,J0_Current,measured,0.007540911612426035,3915,63,63,519168,1e-06,dynamic
test,test_024,target_on,J0_Current,measured,0.007540911612426035,3915,63,63,519168,1e-06,dynamic
test,test_024,target_off,J1_D3_delay_only,measured,0.007540911612426035,3915,63,63,519168,1e-06,dynamic
test,test_024,target_on,J1_D3_delay_only,measured,0.007540911612426035,3915,63,63,519168,1e-06,dynamic
test,test_024,target_off,J2_P1_phase_only,measured,0.007540911612426035,3915,63,63,519168,1e-06,dynamic
test,test_024,target_on,J2_P1_phase_only,measured,0.007540911612426035,3915,63,63,519168,1e-06,dynamic
test,test_024,target_off,J3_D3_P1_joint,measured,0.007540911612426035,3915,63,63,519168,1e-06,dynamic
test,test_024,target_on,J3_D3_P1_joint,measured,0.007540911612426035,3915,63,63,519168,1e-06,dynamic
test,test_024,target_off,J4_D3_P2_joint,measured,0.007540911612426035,3915,63,63,519168,1e-06,dynamic
test,test_024,target_on,J4_D3_P2_joint,measured,0.007540911612426035,3915,63,63,519168,1e-06,dynamic
test,test_024,target_off,J5_Selective_Physics_Calibration,measured,0.007540911612426035,3915,63,63,519168,1e-06,dynamic
test,test_024,target_on,J5_Selective_Physics_Calibration,measured,0.007540911612426035,3915,63,63,519168,1e-06,dynamic
test,test_024,target_off,J6_Joint_Phase_Surface,measured,0.00757173015285996,3931,65,65,519168,1e-06,dynamic
test,test_024,target_on,J6_Joint_Phase_Surface,measured,0.007562099358974359,3926,66,66,519168,1e-06,dynamic
test,test_025,target_off,J0_Current,measured,0.008380716839250494,4351,42,42,519168,1e-06,dynamic
test,test_025,target_on,J0_Current,measured,0.008382642998027613,4352,42,42,519168,1e-06,dynamic
test,test_025,target_off,J1_D3_delay_only,measured,0.008380716839250494,4351,42,42,519168,1e-06,dynamic
test,test_025,target_on,J1_D3_delay_only,measured,0.008382642998027613,4352,42,42,519168,1e-06,dynamic
test,test_025,target_off,J2_P1_phase_only,measured,0.008380716839250494,4351,42,42,519168,1e-06,dynamic
test,test_025,target_on,J2_P1_phase_only,measured,0.008382642998027613,4352,42,42,519168,1e-06,dynamic
test,test_025,target_off,J3_D3_P1_joint,measured,0.008380716839250494,4351,42,42,519168,1e-06,dynamic
test,test_025,target_on,J3_D3_P1_joint,measured,0.008382642998027613,4352,42,42,519168,1e-06,dynamic
test,test_025,target_off,J4_D3_P2_joint,measured,0.008380716839250494,4351,42,42,519168,1e-06,dynamic
test,test_025,target_on,J4_D3_P2_joint,measured,0.008382642998027613,4352,42,42,519168,1e-06,dynamic
test,test_025,target_off,J5_Selective_Physics_Calibration,measured,0.008380716839250494,4351,42,42,519168,1e-06,dynamic
test,test_025,target_on,J5_Selective_Physics_Calibration,measured,0.008382642998027613,4352,42,42,519168,1e-06,dynamic
test,test_025,target_off,J6_Joint_Phase_Surface,measured,0.008380716839250494,4351,42,42,519168,1e-06,dynamic
test,test_025,target_on,J6_Joint_Phase_Surface,measured,0.008382642998027613,4352,42,42,519168,1e-06,dynamic
test,test_026,target_off,J0_Current,measured,0.011728380793885601,6089,37,37,519168,1e-06,dynamic
test,test_026,target_on,J0_Current,measured,0.011728380793885601,6089,37,37,519168,1e-06,dynamic
test,test_026,target_off,J1_D3_delay_only,measured,0.011728380793885601,6089,37,37,519168,1e-06,dynamic
test,test_026,target_on,J1_D3_delay_only,measured,0.011728380793885601,6089,37,37,519168,1e-06,dynamic
test,test_026,target_off,J2_P1_phase_only,measured,0.011728380793885601,6089,37,37,519168,1e-06,dynamic
test,test_026,target_on,J2_P1_phase_only,measured,0.011728380793885601,6089,37,37,519168,1e-06,dynamic
test,test_026,target_off,J3_D3_P1_joint,measured,0.011728380793885601,6089,37,37,519168,1e-06,dynamic
test,test_026,target_on,J3_D3_P1_joint,measured,0.011728380793885601,6089,37,37,519168,1e-06,dynamic
test,test_026,target_off,J4_D3_P2_joint,measured,0.011728380793885601,6089,37,37,519168,1e-06,dynamic
test,test_026,target_on,J4_D3_P2_joint,measured,0.011728380793885601,6089,37,37,519168,1e-06,dynamic
test,test_026,target_off,J5_Selective_Physics_Calibration,measured,0.011728380793885601,6089,37,37,519168,1e-06,dynamic
test,test_026,target_on,J5_Selective_Physics_Calibration,measured,0.011728380793885601,6089,37,37,519168,1e-06,dynamic
test,test_026,target_off,J6_Joint_Phase_Surface,measured,0.011728380793885601,6089,37,37,519168,1e-06,dynamic
test,test_026,target_on,J6_Joint_Phase_Surface,measured,0.011728380793885601,6089,37,37,519168,1e-06,dynamic
test,test_027,target_off,J0_Current,measured,0.004434017504930966,2302,15,15,519168,1e-06,dynamic
test,test_027,target_on,J0_Current,measured,0.004536103920118343,2355,15,15,519168,1e-06,dynamic
test,test_027,target_off,J1_D3_delay_only,measured,0.004434017504930966,2302,15,15,519168,1e-06,dynamic
test,test_027,target_on,J1_D3_delay_only,measured,0.004536103920118343,2355,15,15,519168,1e-06,dynamic
test,test_027,target_off,J2_P1_phase_only,measured,0.004434017504930966,2302,15,15,519168,1e-06,dynamic
test,test_027,target_on,J2_P1_phase_only,measured,0.004536103920118343,2355,15,15,519168,1e-06,dynamic
test,test_027,target_off,J3_D3_P1_joint,measured,0.004434017504930966,2302,15,15,519168,1e-06,dynamic
test,test_027,target_on,J3_D3_P1_joint,measured,0.004536103920118343,2355,15,15,519168,1e-06,dynamic
test,test_027,target_off,J4_D3_P2_joint,measured,0.004434017504930966,2302,15,15,519168,1e-06,dynamic
test,test_027,target_on,J4_D3_P2_joint,measured,0.004536103920118343,2355,15,15,519168,1e-06,dynamic
test,test_027,target_off,J5_Selective_Physics_Calibration,measured,0.004422460552268245,2296,15,15,519168,1e-06,dynamic
test,test_027,target_on,J5_Selective_Physics_Calibration,measured,0.0045206946499013806,2347,15,15,519168,1e-06,dynamic
test,test_027,target_off,J6_Joint_Phase_Surface,measured,0.00445327909270217,2312,15,15,519168,1e-06,dynamic
test,test_027,target_on,J6_Joint_Phase_Surface,measured,0.004549587031558186,2362,15,15,519168,1e-06,dynamic
test,test_028,target_off,J0_Current,measured,0.011200613288954634,5815,30,30,519168,1e-06,dynamic
test,test_028,target_on,J0_Current,measured,0.011204465606508876,5817,31,31,519168,1e-06,dynamic
test,test_028,target_off,J1_D3_delay_only,measured,0.011200613288954634,5815,30,30,519168,1e-06,dynamic
test,test_028,target_on,J1_D3_delay_only,measured,0.011204465606508876,5817,31,31,519168,1e-06,dynamic
test,test_028,target_off,J2_P1_phase_only,measured,0.011200613288954634,5815,30,30,519168,1e-06,dynamic
test,test_028,target_on,J2_P1_phase_only,measured,0.011204465606508876,5817,31,31,519168,1e-06,dynamic
test,test_028,target_off,J3_D3_P1_joint,measured,0.011200613288954634,5815,30,30,519168,1e-06,dynamic
test,test_028,target_on,J3_D3_P1_joint,measured,0.011204465606508876,5817,31,31,519168,1e-06,dynamic
test,test_028,target_off,J4_D3_P2_joint,measured,0.011200613288954634,5815,30,30,519168,1e-06,dynamic
test,test_028,target_on,J4_D3_P2_joint,measured,0.011204465606508876,5817,31,31,519168,1e-06,dynamic
test,test_028,target_off,J5_Selective_Physics_Calibration,measured,0.011200613288954634,5815,30,30,519168,1e-06,dynamic
test,test_028,target_on,J5_Selective_Physics_Calibration,measured,0.011204465606508876,5817,31,31,519168,1e-06,dynamic
test,test_028,target_off,J6_Joint_Phase_Surface,measured,0.011200613288954634,5815,30,30,519168,1e-06,dynamic
test,test_028,target_on,J6_Joint_Phase_Surface,measured,0.011204465606508876,5817,31,31,519168,1e-06,dynamic
test,test_029,target_off,J0_Current,measured,0.007854875493096648,4078,30,30,519168,1e-06,dynamic
test,test_029,target_on,J0_Current,measured,0.007864506286982249,4083,30,30,519168,1e-06,dynamic
test,test_029,target_off,J1_D3_delay_only,measured,0.007854875493096648,4078,30,30,519168,1e-06,dynamic
test,test_029,target_on,J1_D3_delay_only,measured,0.007864506286982249,4083,30,30,519168,1e-06,dynamic
test,test_029,target_off,J2_P1_phase_only,measured,0.007854875493096648,4078,30,30,519168,1e-06,dynamic
test,test_029,target_on,J2_P1_phase_only,measured,0.007864506286982249,4083,30,30,519168,1e-06,dynamic
test,test_029,target_off,J3_D3_P1_joint,measured,0.007854875493096648,4078,30,30,519168,1e-06,dynamic
test,test_029,target_on,J3_D3_P1_joint,measured,0.007864506286982249,4083,30,30,519168,1e-06,dynamic
test,test_029,target_off,J4_D3_P2_joint,measured,0.007854875493096648,4078,30,30,519168,1e-06,dynamic
test,test_029,target_on,J4_D3_P2_joint,measured,0.007864506286982249,4083,30,30,519168,1e-06,dynamic
test,test_029,target_off,J5_Selective_Physics_Calibration,measured,0.007854875493096648,4078,30,30,519168,1e-06,dynamic
test,test_029,target_on,J5_Selective_Physics_Calibration,measured,0.007864506286982249,4083,30,30,519168,1e-06,dynamic
test,test_029,target_off,J6_Joint_Phase_Surface,measured,0.007854875493096648,4078,30,30,519168,1e-06,dynamic
test,test_029,target_on,J6_Joint_Phase_Surface,measured,0.007864506286982249,4083,30,30,519168,1e-06,dynamic
test,test_030,target_off,J0_Current,measured,0.00915503266765286,4753,15,15,519168,1e-06,dynamic
test,test_030,target_on,J0_Current,measured,0.00915310650887574,4752,15,15,519168,1e-06,dynamic
test,test_030,target_off,J1_D3_delay_only,measured,0.00915503266765286,4753,15,15,519168,1e-06,dynamic
test,test_030,target_on,J1_D3_delay_only,measured,0.00915310650887574,4752,15,15,519168,1e-06,dynamic
test,test_030,target_off,J2_P1_phase_only,measured,0.00915503266765286,4753,15,15,519168,1e-06,dynamic
test,test_030,target_on,J2_P1_phase_only,measured,0.00915310650887574,4752,15,15,519168,1e-06,dynamic
test,test_030,target_off,J3_D3_P1_joint,measured,0.00915503266765286,4753,15,15,519168,1e-06,dynamic
test,test_030,target_on,J3_D3_P1_joint,measured,0.00915310650887574,4752,15,15,519168,1e-06,dynamic
test,test_030,target_off,J4_D3_P2_joint,measured,0.00915503266765286,4753,15,15,519168,1e-06,dynamic
test,test_030,target_on,J4_D3_P2_joint,measured,0.00915310650887574,4752,15,15,519168,1e-06,dynamic
test,test_030,target_off,J5_Selective_Physics_Calibration,measured,0.00915503266765286,4753,15,15,519168,1e-06,dynamic
test,test_030,target_on,J5_Selective_Physics_Calibration,measured,0.00915310650887574,4752,15,15,519168,1e-06,dynamic
test,test_030,target_off,J6_Joint_Phase_Surface,measured,0.00915503266765286,4753,15,15,519168,1e-06,dynamic
test,test_030,target_on,J6_Joint_Phase_Surface,measured,0.00915310650887574,4752,15,15,519168,1e-06,dynamic
test,test_031,target_off,J0_Current,measured,0.010141225961538462,5265,63,63,519168,1e-06,dynamic
test,test_031,target_on,J0_Current,measured,0.010143152120315581,5266,63,63,519168,1e-06,dynamic
test,test_031,target_off,J1_D3_delay_only,measured,0.010141225961538462,5265,63,63,519168,1e-06,dynamic
test,test_031,target_on,J1_D3_delay_only,measured,0.010143152120315581,5266,63,63,519168,1e-06,dynamic
test,test_031,target_off,J2_P1_phase_only,measured,0.010141225961538462,5265,63,63,519168,1e-06,dynamic
test,test_031,target_on,J2_P1_phase_only,measured,0.010143152120315581,5266,63,63,519168,1e-06,dynamic
test,test_031,target_off,J3_D3_P1_joint,measured,0.010141225961538462,5265,63,63,519168,1e-06,dynamic
test,test_031,target_on,J3_D3_P1_joint,measured,0.010143152120315581,5266,63,63,519168,1e-06,dynamic
test,test_031,target_off,J4_D3_P2_joint,measured,0.010141225961538462,5265,63,63,519168,1e-06,dynamic
test,test_031,target_on,J4_D3_P2_joint,measured,0.010143152120315581,5266,63,63,519168,1e-06,dynamic
test,test_031,target_off,J5_Selective_Physics_Calibration,measured,0.010141225961538462,5265,63,63,519168,1e-06,dynamic
test,test_031,target_on,J5_Selective_Physics_Calibration,measured,0.010143152120315581,5266,63,63,519168,1e-06,dynamic
test,test_031,target_off,J6_Joint_Phase_Surface,measured,0.010141225961538462,5265,63,63,519168,1e-06,dynamic
test,test_031,target_on,J6_Joint_Phase_Surface,measured,0.010143152120315581,5266,63,63,519168,1e-06,dynamic
test,test_032,target_off,J0_Current,measured,0.003680889423076923,1911,2,2,519168,1e-06,dynamic
test,test_032,target_on,J0_Current,measured,0.003704003328402367,1923,3,3,519168,1e-06,dynamic
test,test_032,target_off,J1_D3_delay_only,measured,0.003680889423076923,1911,2,2,519168,1e-06,dynamic
test,test_032,target_on,J1_D3_delay_only,measured,0.003704003328402367,1923,3,3,519168,1e-06,dynamic
test,test_032,target_off,J2_P1_phase_only,measured,0.003680889423076923,1911,2,2,519168,1e-06,dynamic
test,test_032,target_on,J2_P1_phase_only,measured,0.003704003328402367,1923,3,3,519168,1e-06,dynamic
test,test_032,target_off,J3_D3_P1_joint,measured,0.003680889423076923,1911,2,2,519168,1e-06,dynamic
test,test_032,target_on,J3_D3_P1_joint,measured,0.003704003328402367,1923,3,3,519168,1e-06,dynamic
test,test_032,target_off,J4_D3_P2_joint,measured,0.003680889423076923,1911,2,2,519168,1e-06,dynamic
test,test_032,target_on,J4_D3_P2_joint,measured,0.003704003328402367,1923,3,3,519168,1e-06,dynamic
test,test_032,target_off,J5_Selective_Physics_Calibration,measured,0.003680889423076923,1911,2,2,519168,1e-06,dynamic
test,test_032,target_on,J5_Selective_Physics_Calibration,measured,0.003704003328402367,1923,3,3,519168,1e-06,dynamic
test,test_032,target_off,J6_Joint_Phase_Surface,measured,0.003680889423076923,1911,2,2,519168,1e-06,dynamic
test,test_032,target_on,J6_Joint_Phase_Surface,measured,0.003704003328402367,1923,3,3,519168,1e-06,dynamic
test,test_033,target_off,J0_Current,measured,0.010516826923076924,5460,36,36,519168,1e-06,dynamic
test,test_033,target_on,J0_Current,measured,0.01050334381163708,5453,36,36,519168,1e-06,dynamic
test,test_033,target_off,J1_D3_delay_only,measured,0.010514900764299803,5459,53,53,519168,1e-06,dynamic
test,test_033,target_on,J1_D3_delay_only,measured,0.010514900764299803,5459,53,53,519168,1e-06,dynamic
test,test_033,target_off,J2_P1_phase_only,measured,0.010526457716962525,5465,36,36,519168,1e-06,dynamic
test,test_033,target_on,J2_P1_phase_only,measured,0.010501417652859961,5452,36,36,519168,1e-06,dynamic
test,test_033,target_off,J3_D3_P1_joint,measured,0.010514900764299803,5459,53,53,519168,1e-06,dynamic
test,test_033,target_on,J3_D3_P1_joint,measured,0.010514900764299803,5459,53,53,519168,1e-06,dynamic
test,test_033,target_off,J4_D3_P2_joint,measured,0.010514900764299803,5459,53,53,519168,1e-06,dynamic
test,test_033,target_on,J4_D3_P2_joint,measured,0.010514900764299803,5459,53,53,519168,1e-06,dynamic
test,test_033,target_off,J5_Selective_Physics_Calibration,measured,0.010530310034516766,5467,54,54,519168,1e-06,dynamic
test,test_033,target_on,J5_Selective_Physics_Calibration,measured,0.010512974605522682,5458,54,54,519168,1e-06,dynamic
test,test_033,target_off,J6_Joint_Phase_Surface,measured,0.01062469181459566,5516,80,80,519168,1e-06,dynamic
test,test_033,target_on,J6_Joint_Phase_Surface,measured,0.0106189133382643,5513,80,80,519168,1e-06,dynamic
test,test_034,target_off,J0_Current,measured,0.007533206977317554,3911,38,38,519168,1e-06,dynamic
test,test_034,target_on,J0_Current,measured,0.007537059294871795,3913,38,38,519168,1e-06,dynamic
test,test_034,target_off,J1_D3_delay_only,measured,0.007533206977317554,3911,38,38,519168,1e-06,dynamic
test,test_034,target_on,J1_D3_delay_only,measured,0.007537059294871795,3913,38,38,519168,1e-06,dynamic
test,test_034,target_off,J2_P1_phase_only,measured,0.007533206977317554,3911,38,38,519168,1e-06,dynamic
test,test_034,target_on,J2_P1_phase_only,measured,0.007537059294871795,3913,38,38,519168,1e-06,dynamic
test,test_034,target_off,J3_D3_P1_joint,measured,0.007533206977317554,3911,38,38,519168,1e-06,dynamic
test,test_034,target_on,J3_D3_P1_joint,measured,0.007537059294871795,3913,38,38,519168,1e-06,dynamic
test,test_034,target_off,J4_D3_P2_joint,measured,0.007533206977317554,3911,38,38,519168,1e-06,dynamic
test,test_034,target_on,J4_D3_P2_joint,measured,0.007537059294871795,3913,38,38,519168,1e-06,dynamic
test,test_034,target_off,J5_Selective_Physics_Calibration,measured,0.007481200690335306,3884,55,55,519168,1e-06,dynamic
test,test_034,target_on,J5_Selective_Physics_Calibration,measured,0.007469643737672584,3878,55,55,519168,1e-06,dynamic
test,test_034,target_off,J6_Joint_Phase_Surface,measured,0.007411858974358974,3848,75,75,519168,1e-06,dynamic
test,test_034,target_on,J6_Joint_Phase_Surface,measured,0.0074003020216962525,3842,75,75,519168,1e-06,dynamic
test,test_035,target_off,J0_Current,measured,0.007315551035502958,3798,10,10,519168,1e-06,dynamic
test,test_035,target_on,J0_Current,measured,0.0073232556706114395,3802,10,10,519168,1e-06,dynamic
test,test_035,target_off,J1_D3_delay_only,measured,0.007315551035502958,3798,10,10,519168,1e-06,dynamic
test,test_035,target_on,J1_D3_delay_only,measured,0.0073232556706114395,3802,10,10,519168,1e-06,dynamic
test,test_035,target_off,J2_P1_phase_only,measured,0.007315551035502958,3798,10,10,519168,1e-06,dynamic
test,test_035,target_on,J2_P1_phase_only,measured,0.0073232556706114395,3802,10,10,519168,1e-06,dynamic
test,test_035,target_off,J3_D3_P1_joint,measured,0.007315551035502958,3798,10,10,519168,1e-06,dynamic
test,test_035,target_on,J3_D3_P1_joint,measured,0.0073232556706114395,3802,10,10,519168,1e-06,dynamic
test,test_035,target_off,J4_D3_P2_joint,measured,0.007315551035502958,3798,10,10,519168,1e-06,dynamic
test,test_035,target_on,J4_D3_P2_joint,measured,0.0073232556706114395,3802,10,10,519168,1e-06,dynamic
test,test_035,target_off,J5_Selective_Physics_Calibration,measured,0.007315551035502958,3798,10,10,519168,1e-06,dynamic
test,test_035,target_on,J5_Selective_Physics_Calibration,measured,0.0073232556706114395,3802,10,10,519168,1e-06,dynamic
test,test_035,target_off,J6_Joint_Phase_Surface,measured,0.007315551035502958,3798,10,10,519168,1e-06,dynamic
test,test_035,target_on,J6_Joint_Phase_Surface,measured,0.0073232556706114395,3802,10,10,519168,1e-06,dynamic
test,test_036,target_off,J0_Current,measured,0.009047167776134122,4697,63,63,519168,1e-06,dynamic
test,test_036,target_on,J0_Current,measured,0.009045241617357001,4696,62,62,519168,1e-06,dynamic
test,test_036,target_off,J1_D3_delay_only,measured,0.009064503205128206,4706,74,74,519168,1e-06,dynamic
test,test_036,target_on,J1_D3_delay_only,measured,0.009058724728796845,4703,74,74,519168,1e-06,dynamic
test,test_036,target_off,J2_P1_phase_only,measured,0.009039463141025642,4693,63,63,519168,1e-06,dynamic
test,test_036,target_on,J2_P1_phase_only,measured,0.009043315458579882,4695,62,62,519168,1e-06,dynamic
test,test_036,target_off,J3_D3_P1_joint,measured,0.009064503205128206,4706,74,74,519168,1e-06,dynamic
test,test_036,target_on,J3_D3_P1_joint,measured,0.009058724728796845,4703,74,74,519168,1e-06,dynamic
test,test_036,target_off,J4_D3_P2_joint,measured,0.009064503205128206,4706,74,74,519168,1e-06,dynamic
test,test_036,target_on,J4_D3_P2_joint,measured,0.009058724728796845,4703,74,74,519168,1e-06,dynamic
test,test_036,target_off,J5_Selective_Physics_Calibration,measured,0.009068355522682446,4708,74,74,519168,1e-06,dynamic
test,test_036,target_on,J5_Selective_Physics_Calibration,measured,0.009066429363905325,4707,74,74,519168,1e-06,dynamic
test,test_036,target_off,J6_Joint_Phase_Surface,measured,0.009126140285996055,4738,72,72,519168,1e-06,dynamic
test,test_036,target_on,J6_Joint_Phase_Surface,measured,0.009120361809664695,4735,72,72,519168,1e-06,dynamic
test,test_037,target_off,J0_Current,measured,0.004224066198224852,2193,13,13,519168,1e-06,dynamic
test,test_037,target_on,J0_Current,measured,0.004222140039447732,2192,13,13,519168,1e-06,dynamic
test,test_037,target_off,J1_D3_delay_only,measured,0.0042953340729783036,2230,20,20,519168,1e-06,dynamic
test,test_037,target_on,J1_D3_delay_only,measured,0.0042934079142011835,2229,20,20,519168,1e-06,dynamic
test,test_037,target_off,J2_P1_phase_only,measured,0.004224066198224852,2193,13,13,519168,1e-06,dynamic
test,test_037,target_on,J2_P1_phase_only,measured,0.0042202138806706115,2191,13,13,519168,1e-06,dynamic
test,test_037,target_off,J3_D3_P1_joint,measured,0.0042953340729783036,2230,20,20,519168,1e-06,dynamic
test,test_037,target_on,J3_D3_P1_joint,measured,0.0042934079142011835,2229,20,20,519168,1e-06,dynamic
test,test_037,target_off,J4_D3_P2_joint,measured,0.0042953340729783036,2230,20,20,519168,1e-06,dynamic
test,test_037,target_on,J4_D3_P2_joint,measured,0.0042934079142011835,2229,20,20,519168,1e-06,dynamic
test,test_037,target_off,J5_Selective_Physics_Calibration,measured,0.004297260231755424,2231,20,20,519168,1e-06,dynamic
test,test_037,target_on,J5_Selective_Physics_Calibration,measured,0.0042934079142011835,2229,20,20,519168,1e-06,dynamic
test,test_037,target_off,J6_Joint_Phase_Surface,measured,0.00427222016765286,2218,18,18,519168,1e-06,dynamic
test,test_037,target_on,J6_Joint_Phase_Surface,measured,0.004262589373767258,2213,18,18,519168,1e-06,dynamic
test,test_038,target_off,J0_Current,measured,0.011337370562130177,5886,67,67,519168,1e-06,dynamic
test,test_038,target_on,J0_Current,measured,0.011310404339250494,5872,67,67,519168,1e-06,dynamic
test,test_038,target_off,J1_D3_delay_only,measured,0.011372041420118344,5904,65,65,519168,1e-06,dynamic
test,test_038,target_on,J1_D3_delay_only,measured,0.011343149038461538,5889,65,65,519168,1e-06,dynamic
test,test_038,target_off,J2_P1_phase_only,measured,0.011331592085798817,5883,67,67,519168,1e-06,dynamic
test,test_038,target_on,J2_P1_phase_only,measured,0.011302699704142011,5868,67,67,519168,1e-06,dynamic
test,test_038,target_off,J3_D3_P1_joint,measured,0.011372041420118344,5904,65,65,519168,1e-06,dynamic
test,test_038,target_on,J3_D3_P1_joint,measured,0.011343149038461538,5889,65,65,519168,1e-06,dynamic
test,test_038,target_off,J4_D3_P2_joint,measured,0.011372041420118344,5904,65,65,519168,1e-06,dynamic
test,test_038,target_on,J4_D3_P2_joint,measured,0.011343149038461538,5889,65,65,519168,1e-06,dynamic
test,test_038,target_off,J5_Selective_Physics_Calibration,measured,0.011372041420118344,5904,66,66,519168,1e-06,dynamic
test,test_038,target_on,J5_Selective_Physics_Calibration,measured,0.011339296720907298,5887,66,66,519168,1e-06,dynamic
test,test_038,target_off,J6_Joint_Phase_Surface,measured,0.011331592085798817,5883,73,73,519168,1e-06,dynamic
test,test_038,target_on,J6_Joint_Phase_Surface,measured,0.011304625862919132,5869,74,74,519168,1e-06,dynamic
test,test_039,target_off,J0_Current,measured,0.007479274531558186,3883,53,53,519168,1e-06,dynamic
test,test_039,target_on,J0_Current,measured,0.007463865261341223,3875,53,53,519168,1e-06,dynamic
test,test_039,target_off,J1_D3_delay_only,measured,0.0074503821499013806,3868,57,57,519168,1e-06,dynamic
test,test_039,target_on,J1_D3_delay_only,measured,0.007467717578895463,3877,57,57,519168,1e-06,dynamic
test,test_039,target_off,J2_P1_phase_only,measured,0.007469643737672584,3878,53,53,519168,1e-06,dynamic
test,test_039,target_on,J2_P1_phase_only,measured,0.0074503821499013806,3868,53,53,519168,1e-06,dynamic
test,test_039,target_off,J3_D3_P1_joint,measured,0.0074503821499013806,3868,57,57,519168,1e-06,dynamic
test,test_039,target_on,J3_D3_P1_joint,measured,0.007467717578895463,3877,57,57,519168,1e-06,dynamic
test,test_039,target_off,J4_D3_P2_joint,measured,0.0074503821499013806,3868,57,57,519168,1e-06,dynamic
test,test_039,target_on,J4_D3_P2_joint,measured,0.007467717578895463,3877,57,57,519168,1e-06,dynamic
test,test_039,target_off,J5_Selective_Physics_Calibration,measured,0.007442677514792899,3864,57,57,519168,1e-06,dynamic
test,test_039,target_on,J5_Selective_Physics_Calibration,measured,0.007431120562130178,3858,58,58,519168,1e-06,dynamic
test,test_039,target_off,J6_Joint_Phase_Surface,measured,0.006067400147928994,3150,0,0,519168,1e-06,dynamic
test,test_039,target_on,J6_Joint_Phase_Surface,measured,0.007475422214003945,3881,62,62,519168,1e-06,dynamic
test,test_040,target_off,J0_Current,measured,0.007329034146942801,3805,56,56,519168,1e-06,dynamic
test,test_040,target_on,J0_Current,measured,0.007327107988165681,3804,57,57,519168,1e-06,dynamic
test,test_040,target_off,J1_D3_delay_only,measured,0.007294363288954635,3787,54,54,519168,1e-06,dynamic
test,test_040,target_on,J1_D3_delay_only,measured,0.0073001417652859965,3790,55,55,519168,1e-06,dynamic
test,test_040,target_off,J2_P1_phase_only,measured,0.007329034146942801,3805,56,56,519168,1e-06,dynamic
test,test_040,target_on,J2_P1_phase_only,measured,0.007327107988165681,3804,57,57,519168,1e-06,dynamic
test,test_040,target_off,J3_D3_P1_joint,measured,0.007294363288954635,3787,54,54,519168,1e-06,dynamic
test,test_040,target_on,J3_D3_P1_joint,measured,0.0073001417652859965,3790,55,55,519168,1e-06,dynamic
test,test_040,target_off,J4_D3_P2_joint,measured,0.007294363288954635,3787,54,54,519168,1e-06,dynamic
test,test_040,target_on,J4_D3_P2_joint,measured,0.0073001417652859965,3790,55,55,519168,1e-06,dynamic
test,test_040,target_off,J5_Selective_Physics_Calibration,measured,0.007294363288954635,3787,54,54,519168,1e-06,dynamic
test,test_040,target_on,J5_Selective_Physics_Calibration,measured,0.0073001417652859965,3790,55,55,519168,1e-06,dynamic
test,test_040,target_off,J6_Joint_Phase_Surface,measured,0.007315551035502958,3798,54,54,519168,1e-06,dynamic
test,test_040,target_on,J6_Joint_Phase_Surface,measured,0.007309772559171598,3795,55,55,519168,1e-06,dynamic
test,test_041,target_off,J0_Current,measured,0.013072839620315581,6787,30,30,519168,1e-06,dynamic
test,test_041,target_on,J0_Current,measured,0.013078618096646942,6790,30,30,519168,1e-06,dynamic
test,test_041,target_off,J1_D3_delay_only,measured,0.013072839620315581,6787,30,30,519168,1e-06,dynamic
test,test_041,target_on,J1_D3_delay_only,measured,0.013078618096646942,6790,30,30,519168,1e-06,dynamic
test,test_041,target_off,J2_P1_phase_only,measured,0.013072839620315581,6787,30,30,519168,1e-06,dynamic
test,test_041,target_on,J2_P1_phase_only,measured,0.013078618096646942,6790,30,30,519168,1e-06,dynamic
test,test_041,target_off,J3_D3_P1_joint,measured,0.013072839620315581,6787,30,30,519168,1e-06,dynamic
test,test_041,target_on,J3_D3_P1_joint,measured,0.013078618096646942,6790,30,30,519168,1e-06,dynamic
test,test_041,target_off,J4_D3_P2_joint,measured,0.013072839620315581,6787,30,30,519168,1e-06,dynamic
test,test_041,target_on,J4_D3_P2_joint,measured,0.013078618096646942,6790,30,30,519168,1e-06,dynamic
test,test_041,target_off,J5_Selective_Physics_Calibration,measured,0.013072839620315581,6787,30,30,519168,1e-06,dynamic
test,test_041,target_on,J5_Selective_Physics_Calibration,measured,0.013078618096646942,6790,30,30,519168,1e-06,dynamic
test,test_041,target_off,J6_Joint_Phase_Surface,measured,0.013072839620315581,6787,30,30,519168,1e-06,dynamic
test,test_041,target_on,J6_Joint_Phase_Surface,measured,0.013078618096646942,6790,30,30,519168,1e-06,dynamic
test,test_042,target_off,J0_Current,measured,0.003678963264299803,1910,1,1,519168,1e-06,dynamic
test,test_042,target_on,J0_Current,measured,0.0037463788214990136,1945,1,1,519168,1e-06,dynamic
test,test_042,target_off,J1_D3_delay_only,measured,0.003808015902366864,1977,4,4,519168,1e-06,dynamic
test,test_042,target_on,J1_D3_delay_only,measured,0.003892766888560158,2021,5,5,519168,1e-06,dynamic
test,test_042,target_off,J2_P1_phase_only,measured,0.003678963264299803,1910,1,1,519168,1e-06,dynamic
test,test_042,target_on,J2_P1_phase_only,measured,0.0037463788214990136,1945,1,1,519168,1e-06,dynamic
test,test_042,target_off,J3_D3_P1_joint,measured,0.003808015902366864,1977,4,4,519168,1e-06,dynamic
test,test_042,target_on,J3_D3_P1_joint,measured,0.003892766888560158,2021,5,5,519168,1e-06,dynamic
test,test_042,target_off,J4_D3_P2_joint,measured,0.003808015902366864,1977,4,4,519168,1e-06,dynamic
test,test_042,target_on,J4_D3_P2_joint,measured,0.003892766888560158,2021,5,5,519168,1e-06,dynamic
test,test_042,target_off,J5_Selective_Physics_Calibration,measured,0.003808015902366864,1977,4,4,519168,1e-06,dynamic
test,test_042,target_on,J5_Selective_Physics_Calibration,measured,0.003892766888560158,2021,5,5,519168,1e-06,dynamic
test,test_042,target_off,J6_Joint_Phase_Surface,measured,0.003779123520710059,1962,4,4,519168,1e-06,dynamic
test,test_042,target_on,J6_Joint_Phase_Surface,measured,0.003869652983234714,2009,5,5,519168,1e-06,dynamic
test,test_043,target_off,J0_Current,measured,0.0118323933678501,6143,33,33,519168,1e-06,dynamic
test,test_043,target_on,J0_Current,measured,0.01184009800295858,6147,33,33,519168,1e-06,dynamic
test,test_043,target_off,J1_D3_delay_only,measured,0.0118323933678501,6143,33,33,519168,1e-06,dynamic
test,test_043,target_on,J1_D3_delay_only,measured,0.01184009800295858,6147,33,33,519168,1e-06,dynamic
test,test_043,target_off,J2_P1_phase_only,measured,0.0118323933678501,6143,33,33,519168,1e-06,dynamic
test,test_043,target_on,J2_P1_phase_only,measured,0.01184009800295858,6147,33,33,519168,1e-06,dynamic
test,test_043,target_off,J3_D3_P1_joint,measured,0.0118323933678501,6143,33,33,519168,1e-06,dynamic
test,test_043,target_on,J3_D3_P1_joint,measured,0.01184009800295858,6147,33,33,519168,1e-06,dynamic
test,test_043,target_off,J4_D3_P2_joint,measured,0.0118323933678501,6143,33,33,519168,1e-06,dynamic
test,test_043,target_on,J4_D3_P2_joint,measured,0.01184009800295858,6147,33,33,519168,1e-06,dynamic
test,test_043,target_off,J5_Selective_Physics_Calibration,measured,0.0118323933678501,6143,33,33,519168,1e-06,dynamic
test,test_043,target_on,J5_Selective_Physics_Calibration,measured,0.01184009800295858,6147,33,33,519168,1e-06,dynamic
test,test_043,target_off,J6_Joint_Phase_Surface,measured,0.0118323933678501,6143,33,33,519168,1e-06,dynamic
test,test_043,target_on,J6_Joint_Phase_Surface,measured,0.01184009800295858,6147,33,33,519168,1e-06,dynamic
test,test_044,target_off,J0_Current,measured,0.007126787475345168,3700,61,61,519168,1e-06,dynamic
test,test_044,target_on,J0_Current,measured,0.007122935157790927,3698,61,61,519168,1e-06,dynamic
test,test_044,target_off,J1_D3_delay_only,measured,0.00714412290433925,3709,62,62,519168,1e-06,dynamic
test,test_044,target_on,J1_D3_delay_only,measured,0.007151827539447732,3713,61,61,519168,1e-06,dynamic
test,test_044,target_off,J2_P1_phase_only,measured,0.007126787475345168,3700,61,61,519168,1e-06,dynamic
test,test_044,target_on,J2_P1_phase_only,measured,0.007122935157790927,3698,61,61,519168,1e-06,dynamic
test,test_044,target_off,J3_D3_P1_joint,measured,0.00714412290433925,3709,62,62,519168,1e-06,dynamic
test,test_044,target_on,J3_D3_P1_joint,measured,0.007151827539447732,3713,61,61,519168,1e-06,dynamic
test,test_044,target_off,J4_D3_P2_joint,measured,0.00714412290433925,3709,62,62,519168,1e-06,dynamic
test,test_044,target_on,J4_D3_P2_joint,measured,0.007151827539447732,3713,61,61,519168,1e-06,dynamic
test,test_044,target_off,J5_Selective_Physics_Calibration,measured,0.00714412290433925,3709,62,62,519168,1e-06,dynamic
test,test_044,target_on,J5_Selective_Physics_Calibration,measured,0.007151827539447732,3713,61,61,519168,1e-06,dynamic
test,test_044,target_off,J6_Joint_Phase_Surface,measured,0.007086338141025641,3679,58,58,519168,1e-06,dynamic
test,test_044,target_on,J6_Joint_Phase_Surface,measured,0.007086338141025641,3679,58,58,519168,1e-06,dynamic
test,test_045,target_off,J0_Current,measured,0.008328710552268245,4324,3,3,519168,1e-06,dynamic
test,test_045,target_on,J0_Current,measured,0.008332562869822485,4326,3,3,519168,1e-06,dynamic
test,test_045,target_off,J1_D3_delay_only,measured,0.008328710552268245,4324,3,3,519168,1e-06,dynamic
test,test_045,target_on,J1_D3_delay_only,measured,0.008332562869822485,4326,3,3,519168,1e-06,dynamic
test,test_045,target_off,J2_P1_phase_only,measured,0.008328710552268245,4324,3,3,519168,1e-06,dynamic
test,test_045,target_on,J2_P1_phase_only,measured,0.008332562869822485,4326,3,3,519168,1e-06,dynamic
test,test_045,target_off,J3_D3_P1_joint,measured,0.008328710552268245,4324,3,3,519168,1e-06,dynamic
test,test_045,target_on,J3_D3_P1_joint,measured,0.008332562869822485,4326,3,3,519168,1e-06,dynamic
test,test_045,target_off,J4_D3_P2_joint,measured,0.008328710552268245,4324,3,3,519168,1e-06,dynamic
test,test_045,target_on,J4_D3_P2_joint,measured,0.008332562869822485,4326,3,3,519168,1e-06,dynamic
test,test_045,target_off,J5_Selective_Physics_Calibration,measured,0.008328710552268245,4324,3,3,519168,1e-06,dynamic
test,test_045,target_on,J5_Selective_Physics_Calibration,measured,0.008332562869822485,4326,3,3,519168,1e-06,dynamic
test,test_045,target_off,J6_Joint_Phase_Surface,measured,0.008328710552268245,4324,3,3,519168,1e-06,dynamic
test,test_045,target_on,J6_Joint_Phase_Surface,measured,0.008332562869822485,4326,3,3,519168,1e-06,dynamic
test,test_046,target_off,J0_Current,measured,0.011932553624260355,6195,35,35,519168,1e-06,dynamic
test,test_046,target_on,J0_Current,measured,0.011924848989151873,6191,35,35,519168,1e-06,dynamic
test,test_046,target_off,J1_D3_delay_only,measured,0.011932553624260355,6195,35,35,519168,1e-06,dynamic
test,test_046,target_on,J1_D3_delay_only,measured,0.011924848989151873,6191,35,35,519168,1e-06,dynamic
test,test_046,target_off,J2_P1_phase_only,measured,0.011932553624260355,6195,35,35,519168,1e-06,dynamic
test,test_046,target_on,J2_P1_phase_only,measured,0.011924848989151873,6191,35,35,519168,1e-06,dynamic
test,test_046,target_off,J3_D3_P1_joint,measured,0.011932553624260355,6195,35,35,519168,1e-06,dynamic
test,test_046,target_on,J3_D3_P1_joint,measured,0.011924848989151873,6191,35,35,519168,1e-06,dynamic
test,test_046,target_off,J4_D3_P2_joint,measured,0.011932553624260355,6195,35,35,519168,1e-06,dynamic
test,test_046,target_on,J4_D3_P2_joint,measured,0.011924848989151873,6191,35,35,519168,1e-06,dynamic
test,test_046,target_off,J5_Selective_Physics_Calibration,measured,0.011932553624260355,6195,35,35,519168,1e-06,dynamic
test,test_046,target_on,J5_Selective_Physics_Calibration,measured,0.011924848989151873,6191,35,35,519168,1e-06,dynamic
test,test_046,target_off,J6_Joint_Phase_Surface,measured,0.011932553624260355,6195,35,35,519168,1e-06,dynamic
test,test_046,target_on,J6_Joint_Phase_Surface,measured,0.011924848989151873,6191,35,35,519168,1e-06,dynamic
test,test_047,target_off,J0_Current,measured,0.003680889423076923,1911,0,0,519168,1e-06,dynamic
test,test_047,target_on,J0_Current,measured,0.003680889423076923,1911,0,0,519168,1e-06,dynamic
test,test_047,target_off,J1_D3_delay_only,measured,0.003680889423076923,1911,0,0,519168,1e-06,dynamic
test,test_047,target_on,J1_D3_delay_only,measured,0.003680889423076923,1911,0,0,519168,1e-06,dynamic
test,test_047,target_off,J2_P1_phase_only,measured,0.003680889423076923,1911,0,0,519168,1e-06,dynamic
test,test_047,target_on,J2_P1_phase_only,measured,0.003680889423076923,1911,0,0,519168,1e-06,dynamic
test,test_047,target_off,J3_D3_P1_joint,measured,0.003680889423076923,1911,0,0,519168,1e-06,dynamic
test,test_047,target_on,J3_D3_P1_joint,measured,0.003680889423076923,1911,0,0,519168,1e-06,dynamic
test,test_047,target_off,J4_D3_P2_joint,measured,0.003680889423076923,1911,0,0,519168,1e-06,dynamic
test,test_047,target_on,J4_D3_P2_joint,measured,0.003680889423076923,1911,0,0,519168,1e-06,dynamic
test,test_047,target_off,J5_Selective_Physics_Calibration,measured,0.003680889423076923,1911,0,0,519168,1e-06,dynamic
test,test_047,target_on,J5_Selective_Physics_Calibration,measured,0.003680889423076923,1911,0,0,519168,1e-06,dynamic
test,test_047,target_off,J6_Joint_Phase_Surface,measured,0.003680889423076923,1911,0,0,519168,1e-06,dynamic
test,test_047,target_on,J6_Joint_Phase_Surface,measured,0.003680889423076923,1911,0,0,519168,1e-06,dynamic
test,test_048,target_off,J0_Current,measured,0.010588094797830374,5497,61,61,519168,1e-06,dynamic
test,test_048,target_on,J0_Current,measured,0.010543793145956607,5474,61,61,519168,1e-06,dynamic
test,test_048,target_off,J1_D3_delay_only,measured,0.010588094797830374,5497,61,61,519168,1e-06,dynamic
test,test_048,target_on,J1_D3_delay_only,measured,0.010543793145956607,5474,61,61,519168,1e-06,dynamic
test,test_048,target_off,J2_P1_phase_only,measured,0.010591947115384616,5499,62,62,519168,1e-06,dynamic
test,test_048,target_on,J2_P1_phase_only,measured,0.01055535009861933,5480,62,62,519168,1e-06,dynamic
test,test_048,target_off,J3_D3_P1_joint,measured,0.010591947115384616,5499,62,62,519168,1e-06,dynamic
test,test_048,target_on,J3_D3_P1_joint,measured,0.01055535009861933,5480,62,62,519168,1e-06,dynamic
test,test_048,target_off,J4_D3_P2_joint,measured,0.010591947115384616,5499,62,62,519168,1e-06,dynamic
test,test_048,target_on,J4_D3_P2_joint,measured,0.01055535009861933,5480,62,62,519168,1e-06,dynamic
test,test_048,target_off,J5_Selective_Physics_Calibration,measured,0.010591947115384616,5499,62,62,519168,1e-06,dynamic
test,test_048,target_on,J5_Selective_Physics_Calibration,measured,0.01055535009861933,5480,62,62,519168,1e-06,dynamic
test,test_048,target_off,J6_Joint_Phase_Surface,measured,0.010601577909270217,5504,63,63,519168,1e-06,dynamic
test,test_048,target_on,J6_Joint_Phase_Surface,measured,0.010572685527613411,5489,63,63,519168,1e-06,dynamic
test,test_049,target_off,J0_Current,measured,0.009260971400394478,4808,29,29,519168,1e-06,dynamic
test,test_049,target_on,J0_Current,measured,0.009272528353057198,4814,29,29,519168,1e-06,dynamic
test,test_049,target_off,J1_D3_delay_only,measured,0.009260971400394478,4808,29,29,519168,1e-06,dynamic
test,test_049,target_on,J1_D3_delay_only,measured,0.009272528353057198,4814,29,29,519168,1e-06,dynamic
test,test_049,target_off,J2_P1_phase_only,measured,0.009264823717948718,4810,30,30,519168,1e-06,dynamic
test,test_049,target_on,J2_P1_phase_only,measured,0.00927638067061144,4816,30,30,519168,1e-06,dynamic
test,test_049,target_off,J3_D3_P1_joint,measured,0.009264823717948718,4810,30,30,519168,1e-06,dynamic
test,test_049,target_on,J3_D3_P1_joint,measured,0.00927638067061144,4816,30,30,519168,1e-06,dynamic
test,test_049,target_off,J4_D3_P2_joint,measured,0.009260971400394478,4808,30,30,519168,1e-06,dynamic
test,test_049,target_on,J4_D3_P2_joint,measured,0.00927638067061144,4816,30,30,519168,1e-06,dynamic
test,test_049,target_off,J5_Selective_Physics_Calibration,measured,0.009264823717948718,4810,30,30,519168,1e-06,dynamic
test,test_049,target_on,J5_Selective_Physics_Calibration,measured,0.00927638067061144,4816,30,30,519168,1e-06,dynamic
test,test_049,target_off,J6_Joint_Phase_Surface,measured,0.009291789940828403,4824,27,27,519168,1e-06,dynamic
test,test_049,target_on,J6_Joint_Phase_Surface,measured,0.009295642258382643,4826,27,27,519168,1e-06,dynamic
test,test_050,target_off,J0_Current,measured,0.008708163831360947,4521,12,12,519168,1e-06,dynamic
test,test_050,target_on,J0_Current,measured,0.008704311513806707,4519,12,12,519168,1e-06,dynamic
test,test_050,target_off,J1_D3_delay_only,measured,0.008708163831360947,4521,12,12,519168,1e-06,dynamic
test,test_050,target_on,J1_D3_delay_only,measured,0.008704311513806707,4519,12,12,519168,1e-06,dynamic
test,test_050,target_off,J2_P1_phase_only,measured,0.008710089990138068,4522,12,12,519168,1e-06,dynamic
test,test_050,target_on,J2_P1_phase_only,measured,0.008708163831360947,4521,12,12,519168,1e-06,dynamic
test,test_050,target_off,J3_D3_P1_joint,measured,0.008710089990138068,4522,12,12,519168,1e-06,dynamic
test,test_050,target_on,J3_D3_P1_joint,measured,0.008708163831360947,4521,12,12,519168,1e-06,dynamic
test,test_050,target_off,J4_D3_P2_joint,measured,0.008710089990138068,4522,12,12,519168,1e-06,dynamic
test,test_050,target_on,J4_D3_P2_joint,measured,0.008708163831360947,4521,12,12,519168,1e-06,dynamic
test,test_050,target_off,J5_Selective_Physics_Calibration,measured,0.008710089990138068,4522,12,12,519168,1e-06,dynamic
test,test_050,target_on,J5_Selective_Physics_Calibration,measured,0.008708163831360947,4521,12,12,519168,1e-06,dynamic
test,test_050,target_off,J6_Joint_Phase_Surface,measured,0.008708163831360947,4521,12,12,519168,1e-06,dynamic
test,test_050,target_on,J6_Joint_Phase_Surface,measured,0.008704311513806707,4519,12,12,519168,1e-06,dynamic
test,test_051,target_off,J0_Current,measured,0.010755670611439842,5584,30,30,519168,1e-06,dynamic
test,test_051,target_on,J0_Current,measured,0.010751818293885601,5582,30,30,519168,1e-06,dynamic
test,test_051,target_off,J1_D3_delay_only,measured,0.010755670611439842,5584,30,30,519168,1e-06,dynamic
test,test_051,target_on,J1_D3_delay_only,measured,0.010751818293885601,5582,30,30,519168,1e-06,dynamic
test,test_051,target_off,J2_P1_phase_only,measured,0.010767227564102564,5590,31,31,519168,1e-06,dynamic
test,test_051,target_on,J2_P1_phase_only,measured,0.010763375246548324,5588,31,31,519168,1e-06,dynamic
test,test_051,target_off,J3_D3_P1_joint,measured,0.010767227564102564,5590,31,31,519168,1e-06,dynamic
test,test_051,target_on,J3_D3_P1_joint,measured,0.010763375246548324,5588,31,31,519168,1e-06,dynamic
test,test_051,target_off,J4_D3_P2_joint,measured,0.010769153722879685,5591,31,31,519168,1e-06,dynamic
test,test_051,target_on,J4_D3_P2_joint,measured,0.010761449087771203,5587,31,31,519168,1e-06,dynamic
test,test_051,target_off,J5_Selective_Physics_Calibration,measured,0.010767227564102564,5590,31,31,519168,1e-06,dynamic
test,test_051,target_on,J5_Selective_Physics_Calibration,measured,0.010763375246548324,5588,31,31,519168,1e-06,dynamic
test,test_051,target_off,J6_Joint_Phase_Surface,measured,0.010884723249506904,5651,44,44,519168,1e-06,dynamic
test,test_051,target_on,J6_Joint_Phase_Surface,measured,0.01087124013806706,5644,44,44,519168,1e-06,dynamic
test,test_052,target_off,J0_Current,measured,0.004387789694280079,2278,6,6,519168,1e-06,dynamic
test,test_052,target_on,J0_Current,measured,0.004397420488165681,2283,6,6,519168,1e-06,dynamic
test,test_052,target_off,J1_D3_delay_only,measured,0.004387789694280079,2278,6,6,519168,1e-06,dynamic
test,test_052,target_on,J1_D3_delay_only,measured,0.004397420488165681,2283,6,6,519168,1e-06,dynamic
test,test_052,target_off,J2_P1_phase_only,measured,0.004391642011834319,2280,6,6,519168,1e-06,dynamic
test,test_052,target_on,J2_P1_phase_only,measured,0.004399346646942801,2284,6,6,519168,1e-06,dynamic
test,test_052,target_off,J3_D3_P1_joint,measured,0.004391642011834319,2280,6,6,519168,1e-06,dynamic
test,test_052,target_on,J3_D3_P1_joint,measured,0.004399346646942801,2284,6,6,519168,1e-06,dynamic
test,test_052,target_off,J4_D3_P2_joint,measured,0.004391642011834319,2280,6,6,519168,1e-06,dynamic
test,test_052,target_on,J4_D3_P2_joint,measured,0.004399346646942801,2284,6,6,519168,1e-06,dynamic
test,test_052,target_off,J5_Selective_Physics_Calibration,measured,0.004391642011834319,2280,6,6,519168,1e-06,dynamic
test,test_052,target_on,J5_Selective_Physics_Calibration,measured,0.004399346646942801,2284,6,6,519168,1e-06,dynamic
test,test_052,target_off,J6_Joint_Phase_Surface,measured,0.004387789694280079,2278,6,6,519168,1e-06,dynamic
test,test_052,target_on,J6_Joint_Phase_Surface,measured,0.004397420488165681,2283,6,6,519168,1e-06,dynamic
test,test_053,target_off,J0_Current,measured,0.01025101701183432,5322,77,77,519168,1e-06,dynamic
test,test_053,target_on,J0_Current,measured,0.01025294317061144,5323,77,77,519168,1e-06,dynamic
test,test_053,target_off,J1_D3_delay_only,measured,0.01025101701183432,5322,77,77,519168,1e-06,dynamic
test,test_053,target_on,J1_D3_delay_only,measured,0.01025294317061144,5323,77,77,519168,1e-06,dynamic
test,test_053,target_off,J2_P1_phase_only,measured,0.01025101701183432,5322,77,77,519168,1e-06,dynamic
test,test_053,target_on,J2_P1_phase_only,measured,0.010239460059171597,5316,77,77,519168,1e-06,dynamic
test,test_053,target_off,J3_D3_P1_joint,measured,0.01025101701183432,5322,77,77,519168,1e-06,dynamic
test,test_053,target_on,J3_D3_P1_joint,measured,0.010239460059171597,5316,77,77,519168,1e-06,dynamic
test,test_053,target_off,J4_D3_P2_joint,measured,0.01025101701183432,5322,77,77,519168,1e-06,dynamic
test,test_053,target_on,J4_D3_P2_joint,measured,0.010245238535502958,5319,77,77,519168,1e-06,dynamic
test,test_053,target_off,J5_Selective_Physics_Calibration,measured,0.01025101701183432,5322,77,77,519168,1e-06,dynamic
test,test_053,target_on,J5_Selective_Physics_Calibration,measured,0.010239460059171597,5316,77,77,519168,1e-06,dynamic
test,test_053,target_off,J6_Joint_Phase_Surface,measured,0.01025101701183432,5322,77,77,519168,1e-06,dynamic
test,test_053,target_on,J6_Joint_Phase_Surface,measured,0.01025294317061144,5323,77,77,519168,1e-06,dynamic
test,test_054,target_off,J0_Current,measured,0.009357279339250494,4858,36,36,519168,1e-06,dynamic
test,test_054,target_on,J0_Current,measured,0.009363057815581855,4861,36,36,519168,1e-06,dynamic
test,test_054,target_off,J1_D3_delay_only,measured,0.009357279339250494,4858,36,36,519168,1e-06,dynamic
test,test_054,target_on,J1_D3_delay_only,measured,0.009363057815581855,4861,36,36,519168,1e-06,dynamic
test,test_054,target_off,J2_P1_phase_only,measured,0.009353427021696252,4856,36,36,519168,1e-06,dynamic
test,test_054,target_on,J2_P1_phase_only,measured,0.009357279339250494,4858,36,36,519168,1e-06,dynamic
test,test_054,target_off,J3_D3_P1_joint,measured,0.009353427021696252,4856,36,36,519168,1e-06,dynamic
test,test_054,target_on,J3_D3_P1_joint,measured,0.009357279339250494,4858,36,36,519168,1e-06,dynamic
test,test_054,target_off,J4_D3_P2_joint,measured,0.009353427021696252,4856,36,36,519168,1e-06,dynamic
test,test_054,target_on,J4_D3_P2_joint,measured,0.009353427021696252,4856,36,36,519168,1e-06,dynamic
test,test_054,target_off,J5_Selective_Physics_Calibration,measured,0.009353427021696252,4856,36,36,519168,1e-06,dynamic
test,test_054,target_on,J5_Selective_Physics_Calibration,measured,0.009357279339250494,4858,36,36,519168,1e-06,dynamic
test,test_054,target_off,J6_Joint_Phase_Surface,measured,0.009357279339250494,4858,36,36,519168,1e-06,dynamic
test,test_054,target_on,J6_Joint_Phase_Surface,measured,0.009363057815581855,4861,36,36,519168,1e-06,dynamic
test,test_055,target_off,J0_Current,measured,0.008569480399408283,4449,43,43,519168,1e-06,dynamic
test,test_055,target_on,J0_Current,measured,0.008563701923076924,4446,43,43,519168,1e-06,dynamic
test,test_055,target_off,J1_D3_delay_only,measured,0.008569480399408283,4449,43,43,519168,1e-06,dynamic
test,test_055,target_on,J1_D3_delay_only,measured,0.008563701923076924,4446,43,43,519168,1e-06,dynamic
test,test_055,target_off,J2_P1_phase_only,measured,0.008569480399408283,4449,43,43,519168,1e-06,dynamic
test,test_055,target_on,J2_P1_phase_only,measured,0.008563701923076924,4446,43,43,519168,1e-06,dynamic
test,test_055,target_off,J3_D3_P1_joint,measured,0.008569480399408283,4449,43,43,519168,1e-06,dynamic
test,test_055,target_on,J3_D3_P1_joint,measured,0.008563701923076924,4446,43,43,519168,1e-06,dynamic
test,test_055,target_off,J4_D3_P2_joint,measured,0.008569480399408283,4449,43,43,519168,1e-06,dynamic
test,test_055,target_on,J4_D3_P2_joint,measured,0.008563701923076924,4446,43,43,519168,1e-06,dynamic
test,test_055,target_off,J5_Selective_Physics_Calibration,measured,0.008569480399408283,4449,43,43,519168,1e-06,dynamic
test,test_055,target_on,J5_Selective_Physics_Calibration,measured,0.008563701923076924,4446,43,43,519168,1e-06,dynamic
test,test_055,target_off,J6_Joint_Phase_Surface,measured,0.008569480399408283,4449,43,43,519168,1e-06,dynamic
test,test_055,target_on,J6_Joint_Phase_Surface,measured,0.008563701923076924,4446,43,43,519168,1e-06,dynamic
test,test_056,target_off,J0_Current,measured,0.011996116863905325,6228,25,25,519168,1e-06,dynamic
test,test_056,target_on,J0_Current,measured,0.011973002958579882,6216,25,25,519168,1e-06,dynamic
test,test_056,target_off,J1_D3_delay_only,measured,0.011865138067061144,6160,39,39,519168,1e-06,dynamic
test,test_056,target_on,J1_D3_delay_only,measured,0.01184009800295858,6147,39,39,519168,1e-06,dynamic
test,test_056,target_off,J2_P1_phase_only,measured,0.012003821499013807,6232,25,25,519168,1e-06,dynamic
test,test_056,target_on,J2_P1_phase_only,measured,0.011978781434911243,6219,25,25,519168,1e-06,dynamic
test,test_056,target_off,J3_D3_P1_joint,measured,0.011865138067061144,6160,39,39,519168,1e-06,dynamic
test,test_056,target_on,J3_D3_P1_joint,measured,0.01184009800295858,6147,39,39,519168,1e-06,dynamic
test,test_056,target_off,J4_D3_P2_joint,measured,0.011865138067061144,6160,39,39,519168,1e-06,dynamic
test,test_056,target_on,J4_D3_P2_joint,measured,0.01184009800295858,6147,39,39,519168,1e-06,dynamic
test,test_056,target_off,J5_Selective_Physics_Calibration,measured,0.011868990384615384,6162,39,39,519168,1e-06,dynamic
test,test_056,target_on,J5_Selective_Physics_Calibration,measured,0.011838171844181459,6146,39,39,519168,1e-06,dynamic
test,test_056,target_off,J6_Joint_Phase_Surface,measured,0.0118420241617357,6148,29,29,519168,1e-06,dynamic
test,test_056,target_on,J6_Joint_Phase_Surface,measured,0.011811205621301776,6132,29,29,519168,1e-06,dynamic
test,test_057,target_off,J0_Current,measured,0.004279924802761341,2222,2,2,519168,1e-06,dynamic
test,test_057,target_on,J0_Current,measured,0.004391642011834319,2280,2,2,519168,1e-06,dynamic
test,test_057,target_off,J1_D3_delay_only,measured,0.004279924802761341,2222,2,2,519168,1e-06,dynamic
test,test_057,target_on,J1_D3_delay_only,measured,0.004391642011834319,2280,2,2,519168,1e-06,dynamic
test,test_057,target_off,J2_P1_phase_only,measured,0.004279924802761341,2222,2,2,519168,1e-06,dynamic
test,test_057,target_on,J2_P1_phase_only,measured,0.004391642011834319,2280,2,2,519168,1e-06,dynamic
test,test_057,target_off,J3_D3_P1_joint,measured,0.004279924802761341,2222,2,2,519168,1e-06,dynamic
test,test_057,target_on,J3_D3_P1_joint,measured,0.004391642011834319,2280,2,2,519168,1e-06,dynamic
test,test_057,target_off,J4_D3_P2_joint,measured,0.004279924802761341,2222,2,2,519168,1e-06,dynamic
test,test_057,target_on,J4_D3_P2_joint,measured,0.004391642011834319,2280,2,2,519168,1e-06,dynamic
test,test_057,target_off,J5_Selective_Physics_Calibration,measured,0.004279924802761341,2222,2,2,519168,1e-06,dynamic
test,test_057,target_on,J5_Selective_Physics_Calibration,measured,0.004391642011834319,2280,2,2,519168,1e-06,dynamic
test,test_057,target_off,J6_Joint_Phase_Surface,measured,0.004279924802761341,2222,2,2,519168,1e-06,dynamic
test,test_057,target_on,J6_Joint_Phase_Surface,measured,0.004391642011834319,2280,2,2,519168,1e-06,dynamic
test,test_058,target_off,J0_Current,measured,0.01135085367357002,5893,32,32,519168,1e-06,dynamic
test,test_058,target_on,J0_Current,measured,0.011345075197238659,5890,32,32,519168,1e-06,dynamic
test,test_058,target_off,J1_D3_delay_only,measured,0.01135085367357002,5893,32,32,519168,1e-06,dynamic
test,test_058,target_on,J1_D3_delay_only,measured,0.011345075197238659,5890,32,32,519168,1e-06,dynamic
test,test_058,target_off,J2_P1_phase_only,measured,0.01135085367357002,5893,32,32,519168,1e-06,dynamic
test,test_058,target_on,J2_P1_phase_only,measured,0.011345075197238659,5890,32,32,519168,1e-06,dynamic
test,test_058,target_off,J3_D3_P1_joint,measured,0.01135085367357002,5893,32,32,519168,1e-06,dynamic
test,test_058,target_on,J3_D3_P1_joint,measured,0.011345075197238659,5890,32,32,519168,1e-06,dynamic
test,test_058,target_off,J4_D3_P2_joint,measured,0.01135085367357002,5893,32,32,519168,1e-06,dynamic
test,test_058,target_on,J4_D3_P2_joint,measured,0.011345075197238659,5890,32,32,519168,1e-06,dynamic
test,test_058,target_off,J5_Selective_Physics_Calibration,measured,0.01135085367357002,5893,32,32,519168,1e-06,dynamic
test,test_058,target_on,J5_Selective_Physics_Calibration,measured,0.011345075197238659,5890,32,32,519168,1e-06,dynamic
test,test_058,target_off,J6_Joint_Phase_Surface,measured,0.01135085367357002,5893,32,32,519168,1e-06,dynamic
test,test_058,target_on,J6_Joint_Phase_Surface,measured,0.011345075197238659,5890,32,32,519168,1e-06,dynamic
test,test_059,target_off,J0_Current,measured,0.0078125,4056,24,24,519168,1e-06,dynamic
test,test_059,target_on,J0_Current,measured,0.00780864768244576,4054,24,24,519168,1e-06,dynamic
test,test_059,target_off,J1_D3_delay_only,measured,0.008188100961538462,4251,55,55,519168,1e-06,dynamic
test,test_059,target_on,J1_D3_delay_only,measured,0.007891472509861932,4097,54,54,519168,1e-06,dynamic
test,test_059,target_off,J2_P1_phase_only,measured,0.007814426158777121,4057,24,24,519168,1e-06,dynamic
test,test_059,target_on,J2_P1_phase_only,measured,0.0078125,4056,24,24,519168,1e-06,dynamic
test,test_059,target_off,J3_D3_P1_joint,measured,0.008188100961538462,4251,55,55,519168,1e-06,dynamic
test,test_059,target_on,J3_D3_P1_joint,measured,0.007891472509861932,4097,54,54,519168,1e-06,dynamic
test,test_059,target_off,J4_D3_P2_joint,measured,0.008188100961538462,4251,55,55,519168,1e-06,dynamic
test,test_059,target_on,J4_D3_P2_joint,measured,0.007891472509861932,4097,54,54,519168,1e-06,dynamic
test,test_059,target_off,J5_Selective_Physics_Calibration,measured,0.00818039632642998,4247,54,54,519168,1e-06,dynamic
test,test_059,target_on,J5_Selective_Physics_Calibration,measured,0.008166913214990138,4240,54,54,519168,1e-06,dynamic
test,test_059,target_off,J6_Joint_Phase_Surface,measured,0.00787028476331361,4086,49,49,519168,1e-06,dynamic
test,test_059,target_on,J6_Joint_Phase_Surface,measured,0.00787221092209073,4087,49,49,519168,1e-06,dynamic
test,test_060,target_off,J0_Current,measured,0.007708487426035503,4002,19,19,519168,1e-06,dynamic
test,test_060,target_on,J0_Current,measured,0.007708487426035503,4002,19,19,519168,1e-06,dynamic
test,test_060,target_off,J1_D3_delay_only,measured,0.007851023175542406,4076,29,29,519168,1e-06,dynamic
test,test_060,target_on,J1_D3_delay_only,measured,0.007841392381656804,4071,28,28,519168,1e-06,dynamic
test,test_060,target_off,J2_P1_phase_only,measured,0.007708487426035503,4002,20,20,519168,1e-06,dynamic
test,test_060,target_on,J2_P1_phase_only,measured,0.007712339743589744,4004,20,20,519168,1e-06,dynamic
test,test_060,target_off,J3_D3_P1_joint,measured,0.007851023175542406,4076,29,29,519168,1e-06,dynamic
test,test_060,target_on,J3_D3_P1_joint,measured,0.007841392381656804,4071,28,28,519168,1e-06,dynamic
test,test_060,target_off,J4_D3_P2_joint,measured,0.007851023175542406,4076,29,29,519168,1e-06,dynamic
test,test_060,target_on,J4_D3_P2_joint,measured,0.007841392381656804,4071,28,28,519168,1e-06,dynamic
test,test_060,target_off,J5_Selective_Physics_Calibration,measured,0.007833687746548324,4067,28,28,519168,1e-06,dynamic
test,test_060,target_on,J5_Selective_Physics_Calibration,measured,0.007837540064102564,4069,28,28,519168,1e-06,dynamic
test,test_060,target_off,J6_Joint_Phase_Surface,measured,0.007837540064102564,4069,24,24,519168,1e-06,dynamic
test,test_060,target_on,J6_Joint_Phase_Surface,measured,0.007837540064102564,4069,24,24,519168,1e-06,dynamic
test,test_061,target_off,J0_Current,measured,0.011705266888560158,6077,34,34,519168,1e-06,dynamic
test,test_061,target_on,J0_Current,measured,0.011676374506903352,6062,36,36,519168,1e-06,dynamic
test,test_061,target_off,J1_D3_delay_only,measured,0.011674448348126233,6061,35,35,519168,1e-06,dynamic
test,test_061,target_on,J1_D3_delay_only,measured,0.011626294378698224,6036,35,35,519168,1e-06,dynamic
test,test_061,target_off,J2_P1_phase_only,measured,0.011705266888560158,6077,34,34,519168,1e-06,dynamic
test,test_061,target_on,J2_P1_phase_only,measured,0.011678300665680473,6063,35,35,519168,1e-06,dynamic
test,test_061,target_off,J3_D3_P1_joint,measured,0.011674448348126233,6061,35,35,519168,1e-06,dynamic
test,test_061,target_on,J3_D3_P1_joint,measured,0.011626294378698224,6036,35,35,519168,1e-06,dynamic
test,test_061,target_off,J4_D3_P2_joint,measured,0.011674448348126233,6061,35,35,519168,1e-06,dynamic
test,test_061,target_on,J4_D3_P2_joint,measured,0.011626294378698224,6036,35,35,519168,1e-06,dynamic
test,test_061,target_off,J5_Selective_Physics_Calibration,measured,0.011672522189349112,6060,35,35,519168,1e-06,dynamic
test,test_061,target_on,J5_Selective_Physics_Calibration,measured,0.011641703648915187,6044,35,35,519168,1e-06,dynamic
test,test_061,target_off,J6_Joint_Phase_Surface,measured,0.011687931459566075,6068,35,35,519168,1e-06,dynamic
test,test_061,target_on,J6_Joint_Phase_Surface,measured,0.011664817554240632,6056,35,35,519168,1e-06,dynamic
test,test_062,target_off,J0_Current,measured,0.004503359220907298,2338,5,5,519168,1e-06,dynamic
test,test_062,target_on,J0_Current,measured,0.00457655325443787,2376,5,5,519168,1e-06,dynamic
test,test_062,target_off,J1_D3_delay_only,measured,0.00457655325443787,2376,7,7,519168,1e-06,dynamic
test,test_062,target_on,J1_D3_delay_only,measured,0.004657451923076923,2418,8,8,519168,1e-06,dynamic
test,test_062,target_off,J2_P1_phase_only,measured,0.004512990014792899,2343,5,5,519168,1e-06,dynamic
test,test_062,target_on,J2_P1_phase_only,measured,0.004580405571992111,2378,5,5,519168,1e-06,dynamic
test,test_062,target_off,J3_D3_P1_joint,measured,0.00457655325443787,2376,7,7,519168,1e-06,dynamic
test,test_062,target_on,J3_D3_P1_joint,measured,0.004657451923076923,2418,8,8,519168,1e-06,dynamic
test,test_062,target_off,J4_D3_P2_joint,measured,0.00457655325443787,2376,7,7,519168,1e-06,dynamic
test,test_062,target_on,J4_D3_P2_joint,measured,0.004657451923076923,2418,8,8,519168,1e-06,dynamic
test,test_062,target_off,J5_Selective_Physics_Calibration,measured,0.004582331730769231,2379,7,7,519168,1e-06,dynamic
test,test_062,target_on,J5_Selective_Physics_Calibration,measured,0.004657451923076923,2418,8,8,519168,1e-06,dynamic
test,test_062,target_off,J6_Joint_Phase_Surface,measured,0.004545734714003945,2360,7,7,519168,1e-06,dynamic
test,test_062,target_on,J6_Joint_Phase_Surface,measured,0.004624707223865878,2401,8,8,519168,1e-06,dynamic
test,test_063,target_off,J0_Current,measured,0.01172260231755424,6086,37,37,519168,1e-06,dynamic
test,test_063,target_on,J0_Current,measured,0.011716823841222879,6083,37,37,519168,1e-06,dynamic
test,test_063,target_off,J1_D3_delay_only,measured,0.01171104536489152,6080,35,35,519168,1e-06,dynamic
test,test_063,target_on,J1_D3_delay_only,measured,0.011695636094674557,6072,35,35,519168,1e-06,dynamic
test,test_063,target_off,J2_P1_phase_only,measured,0.01171875,6084,37,37,519168,1e-06,dynamic
test,test_063,target_on,J2_P1_phase_only,measured,0.011709119206114399,6079,37,37,519168,1e-06,dynamic
test,test_063,target_off,J3_D3_P1_joint,measured,0.01171104536489152,6080,35,35,519168,1e-06,dynamic
test,test_063,target_on,J3_D3_P1_joint,measured,0.011695636094674557,6072,35,35,519168,1e-06,dynamic
test,test_063,target_off,J4_D3_P2_joint,measured,0.01171104536489152,6080,35,35,519168,1e-06,dynamic
test,test_063,target_on,J4_D3_P2_joint,measured,0.011695636094674557,6072,35,35,519168,1e-06,dynamic
test,test_063,target_off,J5_Selective_Physics_Calibration,measured,0.011707193047337278,6078,35,35,519168,1e-06,dynamic
test,test_063,target_on,J5_Selective_Physics_Calibration,measured,0.011699488412228797,6074,35,35,519168,1e-06,dynamic
test,test_063,target_off,J6_Joint_Phase_Surface,measured,0.011805427144970414,6129,30,30,519168,1e-06,dynamic
test,test_063,target_on,J6_Joint_Phase_Surface,measured,0.011795796351084813,6124,30,30,519168,1e-06,dynamic
