factor,factor_level,method,comparison_protocol,n_cases,n_seeds,failure_rate,SCNR_improvement_dB__mean,SCNR_improvement_dB__std,SCNR_improvement_dB__ci95_low,SCNR_improvement_dB__ci95_high,SCNR_improvement_dB__p05,SCNR_improvement_dB__p95,target_loss_dB__mean,target_loss_dB__std,target_loss_dB__ci95_low,target_loss_dB__ci95_high,target_loss_dB__p05,target_loss_dB__p95,residual_suppression_dB__mean,residual_suppression_dB__std,residual_suppression_dB__ci95_low,residual_suppression_dB__ci95_high,residual_suppression_dB__p05,residual_suppression_dB__p95,background_residual_p95_dB_over_input_median__mean,background_residual_p95_dB_over_input_median__std,background_residual_p95_dB_over_input_median__ci95_low,background_residual_p95_dB_over_input_median__ci95_high,background_residual_p95_dB_over_input_median__p05,background_residual_p95_dB_over_input_median__p95,background_residual_p99_dB_over_input_median__mean,background_residual_p99_dB_over_input_median__std,background_residual_p99_dB_over_input_median__ci95_low,background_residual_p99_dB_over_input_median__ci95_high,background_residual_p99_dB_over_input_median__p05,background_residual_p99_dB_over_input_median__p95,background_residual_cvar95_dB_over_input_median__mean,background_residual_cvar95_dB_over_input_median__std,background_residual_cvar95_dB_over_input_median__ci95_low,background_residual_cvar95_dB_over_input_median__ci95_high,background_residual_cvar95_dB_over_input_median__p05,background_residual_cvar95_dB_over_input_median__p95,high_tail_fraction_15dB__mean,high_tail_fraction_15dB__std,high_tail_fraction_15dB__ci95_low,high_tail_fraction_15dB__ci95_high,high_tail_fraction_15dB__p05,high_tail_fraction_15dB__p95,background_Pfa__mean,background_Pfa__std,background_Pfa__ci95_low,background_Pfa__ci95_high,background_Pfa__p05,background_Pfa__p95,Pd__mean,Pd__std,Pd__successes,Pd__trials,Pd__ci95_low,Pd__ci95_high,Pd__p05,Pd__p95,runtime_ms__mean,runtime_ms__std,runtime_ms__ci95_low,runtime_ms__ci95_high,runtime_ms__p05,runtime_ms__p95
azimuth_subcell_count,17,Corrected JDL physical,scientific_controlled,10,10,0.0,-0.7445768051080337,0.35563940235005903,-0.9989859076258765,-0.49016770259019093,-1.2165486699968788,-0.2842621445295369,1.4467393488826092,0.11850994013953364,1.361962444773809,1.5315162529914095,1.325285211830023,1.646420229896916,-2.336393338247604,0.015166933712542694,-2.347243109021759,-2.325543567473449,-2.3558608678999695,-2.3156070564607396,25.902333342808692,0.05835676807493699,25.86058742575428,25.944079259863106,25.835866340912826,25.9905742503141,38.332936615781975,0.08112341279210006,38.274904422202624,38.390968809361325,38.22557968579836,38.45026722538416,37.06221886020627,0.07868346534732513,37.005932099881825,37.11850562053072,36.966526368534865,37.16253742574031,0.14670461162768855,0.0006287437774987118,0.14625483542434853,0.14715438783102858,0.14600929839391377,0.14760787076171691,0.004390267030799575,4.428340943199569e-05,0.004358588588041046,0.004421945473558105,0.004340957366105295,0.004448395539371871,1.0,0.0,10,10,0.7224598312333834,1.0,1.0,1.0,3433.6920848000314,259.27107307656235,3248.220732147942,3619.163437452121,3035.71046010004,3710.725753650013
azimuth_subcell_count,17,Current legacy CSI [production replay],production_replay,10,10,0.0,19.607740162715128,2.437625794112434,17.863967716646105,21.35151260878415,16.45779935556848,23.022492609320462,-6.991304990973409,0.08260335911974354,-7.050395874378751,-6.9322141075680666,-7.120397214531609,-6.9090423885738295,20.319255795535625,0.08102829535548822,20.261291644871438,20.377219946199812,20.209803191951675,20.44447771201839,7.515408036087841,0.08443171446982134,7.455009226056193,7.575806846119489,7.413825520832424,7.647684192331035,11.453309405918032,0.15840706709466718,11.339991816512205,11.56662699532386,11.253992360749002,11.678093059903176,10.454461894068974,0.13667978556017485,10.356687065557514,10.552236722580433,10.289527321555909,10.654688810563227,0.0011466140696909926,0.0001825628504226697,0.0010160164738615696,0.0012772116655204156,0.0009577345731191884,0.0014312952005259697,0.0021077985131239567,0.00023303387189746856,0.001941096123529518,0.0022745009027183953,0.0017541913214990138,0.0023763465331512667,1.0,0.0,10,10,0.7224598312333834,1.0,1.0,1.0,216.43359959998634,25.649528388682075,198.08503233142633,234.78216686854634,186.1035402999505,257.6185976499801
azimuth_subcell_count,17,Current legacy CSI [scientific controlled],scientific_controlled,10,10,0.0,19.623947126065524,2.441983739122503,17.877057193937567,21.37083705819348,16.473924770161897,23.019825701855087,-6.970508698675218,0.08191926039601075,-7.02911020733415,-6.911907190016286,-7.099499902793368,-6.889913226581954,20.31871176773773,0.08106583526180507,20.26072076264231,20.376702772833152,20.209238918931156,20.443985268730657,7.515617772957773,0.0851683164546929,7.454692029609272,7.576543516306274,7.412362267491372,7.648793318809811,11.455764238351035,0.1595740524941298,11.341611837880498,11.569916638821573,11.254524611483042,11.68213916066582,10.456040085144874,0.13671368395003622,10.358241007186123,10.553839163103625,10.290989725717427,10.656327401288143,0.0011484925331079177,0.00018168020648224957,0.0010185263427168157,0.0012784587234990197,0.0009610218840988072,0.0014327040480886634,0.00210817781823699,0.00023331153118399744,0.001941276803154417,0.002275078833319563,0.001757130936125019,0.002375967228038234,1.0,0.0,10,10,0.7224598312333834,1.0,1.0,1.0,215.33019610005795,21.275926108462674,200.11031542676272,230.55007677335317,189.05696850010827,240.6636925000612
azimuth_subcell_count,17,DL-SMI/MVDR global,scientific_controlled,10,10,0.0,-0.801276988577165,0.09961025857686666,-0.8725338749588567,-0.7300201021954733,-0.9063373648241221,-0.6772124676136607,-0.011211660042501854,8.240943263406935e-05,-0.011270612199256413,-0.011152707885747296,-0.011338762150990419,-0.011112002720760999,-0.8048945649806886,0.008061314824177076,-0.8106612822116268,-0.7991278477497503,-0.8156194666737048,-0.7950574821000296,24.779062832464835,0.05848881980696152,24.737222451291967,24.820903213637703,24.714061311208756,24.858364045774373,36.589810327580835,0.10518643123924376,36.514564487576045,36.665056167585625,36.46753587992109,36.74776110281077,35.45478794431007,0.08615126833873071,35.39315903954305,35.51641684907709,35.34307782927962,35.57555246896956,0.1453415985723678,0.0006897523951951486,0.14484817943303294,0.14583501771170268,0.1446135061519677,0.14652230675307598,0.0044293354574419675,4.452461508031452e-05,0.0043974844665571455,0.0044611864483267896,0.004366465634956759,0.004480826126536185,1.0,0.0,10,10,0.7224598312333834,1.0,1.0,1.0,1775.3729395000391,377.0210935034672,1505.6682965535856,2045.0775824464927,1351.0248351000882,2220.631421849953
azimuth_subcell_count,17,DL-SMI/MVDR local,scientific_controlled,10,10,0.0,-0.00943361300606349,0.04064694494482541,-0.038510685780262184,0.019643459768135203,-0.05962372704861849,0.048382508662905485,-0.012256375207772842,4.0361946561709645e-05,-0.01228524840498548,-0.012227502010560205,-0.01231105809973413,-0.012200983685569666,0.08246772706578324,0.003423758577292762,0.08001851772303036,0.08491693640853613,0.0785347597038931,0.08749679180626478,23.615386514967838,0.05803509414338178,23.573870709581843,23.656902320353833,23.542383110355534,23.68958687692344,35.503618686690324,0.10104373511986071,35.43133635296401,35.57590102041664,35.38791684166544,35.659740517570164,34.57838805255976,0.08973768216027661,34.514193581897715,34.642582523221805,34.467143151504295,34.704609089662505,0.1316068376068376,0.0007249892452527374,0.13108821154346828,0.13212546367020694,0.13074265051188128,0.13277383300460224,0.004651228948566227,5.156201587683419e-05,0.004614343704421304,0.004688114192711149,0.004577454104081323,0.004708978152025489,1.0,0.0,10,10,0.7224598312333834,1.0,1.0,1.0,1029.6470119999867,294.47871358819725,818.989630563833,1240.3043934361403,748.9992473501388,1467.5633337001495
azimuth_subcell_count,17,MNEC physical,scientific_controlled,10,10,0.0,-0.19124499820778787,0.04433660393802544,-0.22296149402356774,-0.159528502392008,-0.24432955980063184,-0.13158684671259566,-0.011638276014411645,4.689408988324165e-05,-0.01167182202546034,-0.01160473000336295,-0.011698216862851942,-0.011573753088842318,-0.22256020905336796,0.004928457238393511,-0.22608581497479252,-0.2190346031319434,-0.2304271776383264,-0.21765528899414796,24.10458824505273,0.05877355306482473,24.062544177977482,24.14663231212798,24.030981818318637,24.187291003478137,35.92853304226212,0.10060081093686296,35.856567557408944,36.00049852711529,35.81212630445569,36.08455378896763,34.87099534000767,0.08586933027610852,34.80956812158081,34.932422558434524,34.76554483853726,34.99220278813552,0.13849629003475158,0.0007105897414373503,0.1379879647558796,0.13900461531362357,0.13771682163989857,0.13968253968253969,0.004519799726900319,4.0119971213772125e-05,0.004491099628423911,0.004548499825376727,0.004460628129267183,0.004566833560916401,1.0,0.0,10,10,0.7224598312333834,1.0,1.0,1.0,2342.30255450002,330.15910690291145,2106.1209572972875,2578.4841517027526,1897.2215661503014,2786.3726318998715
azimuth_subcell_count,17,Phase-only CSI [production replay],production_replay,10,10,0.0,16.261775282387763,1.9506211898358363,14.866384943243192,17.657165621532336,13.804170100972978,18.721999912829602,-6.728244174420039,0.008806113365899442,-6.73454368843138,-6.721944660408699,-6.740249231928325,-6.71522765582621,18.5648585227298,0.08943850118344972,18.500878073245676,18.628838972213924,18.43746110354629,18.68911899964257,9.19116203222304,0.11512989164012384,9.108803069150918,9.273520995295163,9.060578363281728,9.346565576809457,13.325848935776344,0.19514013350461307,13.1862540936355,13.465443777917189,13.068232119444119,13.613201140653349,12.228396694300042,0.16866536842941537,12.107740758190543,12.34905263040954,12.013306322075934,12.463105051365007,0.004061425753733446,0.0005922484318859152,0.003637756747914495,0.004485094759552397,0.003291067906452522,0.004935756551141165,0.00032316795630405094,0.00014759957199855957,0.00021758158315181574,0.00042875432945628614,0.0001622477620998331,0.0005455355788196023,1.0,0.0,10,10,0.7224598312333834,1.0,1.0,1.0,209.40089770006125,19.80837507907922,195.2308397905471,223.5709556095754,184.10413935002907,237.29137170005288
azimuth_subcell_count,17,Phase-only CSI [scientific controlled],scientific_controlled,10,10,0.0,16.281836799378237,1.9587888632965076,14.880603658617598,17.683069940138875,13.818514519205708,18.75030210891851,-6.707556838799293,0.008306461581778658,-6.7134989234562665,-6.70161475414232,-6.719500521650504,-6.696042280132887,18.564282791457586,0.08947557343016528,18.50027582208575,18.62828976082942,18.436850908528015,18.68857218128085,9.19228013074841,0.11474811702747305,9.110194272781984,9.274365988714836,9.06123820983747,9.346304365510685,13.326964076078369,0.1952324584306612,13.18730318866408,13.466624963492658,13.070013563714289,13.614623595354002,12.229884185383598,0.16869585448137556,12.109206440866293,12.350561929900904,12.01474163477435,12.464632910749467,0.004071757302526534,0.0005934723667040192,0.003647212746482955,0.004496301858570113,0.003298393913778529,0.004945524560909176,0.00032051282051282057,0.00014736327725860628,0.00021509548243466307,0.00042593015859097806,0.00015968745258686086,0.0005449666211500529,1.0,0.0,10,10,0.7224598312333834,1.0,1.0,1.0,207.76269640005012,24.188433693652108,190.45933331190395,225.0660594881963,179.85405604986227,241.73001425008349
azimuth_subcell_count,17,Row complex LS / Wiener [scientific controlled],scientific_controlled,10,10,0.0,16.171240172476526,1.8307542425252075,14.861597481892094,17.48088286306096,13.792149087541674,18.584842599306118,-6.74872360081712,0.013386823670031701,-6.758299957578919,-6.73914724405532,-6.7671647494613305,-6.732253806541984,18.82143127801657,0.0824161159959746,18.762474340272917,18.88038821576022,18.71022765144507,18.940330123879598,8.89838998851763,0.1075867142821908,8.821427089461709,8.975352887573552,8.762498195021335,9.039713898086408,12.936190340387117,0.18936753253438113,12.800724968215928,13.071655712558307,12.685694358247115,13.183490360415329,11.88530138896757,0.15788193852971685,11.772359453907217,11.998243324027921,11.683965197774945,12.103234593889386,0.003181553489245797,0.0004831008389678334,0.002835963967794384,0.0035271430106972096,0.0025234338311261387,0.0038608058608058603,0.00040813230162342585,0.00012948886219037745,0.00031550154980508735,0.0005007630534417643,0.0002727203762706721,0.0006100174480351995,1.0,0.0,10,10,0.7224598312333834,1.0,1.0,1.0,205.07190819998868,24.176360295806056,187.77718190037058,222.3666344996068,179.4899144499368,240.42077564986354
azimuth_subcell_count,17,Row complex LS / Wiener robust IRLS [scientific controlled],scientific_controlled,10,10,0.0,16.161280435692685,1.8310943260877917,14.851394463983139,17.47116640740223,13.78629478768307,18.590372516573716,-6.724348992868515,0.01605566295833189,-6.735834522246212,-6.712863463490819,-6.746807589901965,-6.702717096342279,18.819137264218035,0.08269136656874937,18.759983424076268,18.878291104359803,18.70738852213639,18.93832713790875,8.90466449178278,0.1072543715581809,8.827939336389639,8.981389647175922,8.770986864818145,9.046825311726334,12.958371095907262,0.19468489737208103,12.819101910077688,13.097640281736837,12.703695258512614,13.21749028196668,11.904685618570895,0.15912379881015504,11.790855310182641,12.018515926959148,11.704016496625611,12.125215756173775,0.0032411007795623186,0.00048812602718165083,0.002891916455018187,0.00359028510410645,0.002584577815347046,0.003937259321874706,0.000415149446214535,0.00012926846492071782,0.0003226763571051117,0.0005076225353239583,0.0002849529661659839,0.000615138067061144,1.0,0.0,10,10,0.7224598312333834,1.0,1.0,1.0,316.51208910016067,58.4822904963422,274.67637871473715,358.3477994855842,248.04019295017952,398.29015540010454
azimuth_subcell_count,17,SA-MNEC physical [approximate academic reference],scientific_controlled,10,10,0.0,-0.1680033217945499,0.042536329901063825,-0.19843197914529165,-0.13757466444380817,-0.2197773543089637,-0.10835597134020382,0.0047702601398746155,0.0013507425050520456,0.003803997160654038,0.005736523119095192,0.002542927174792486,0.006074109987104738,-0.2201704564746742,0.004620085602149252,-0.22347546661649603,-0.21686544633285237,-0.22666567348347538,-0.21495925662192783,24.099102042274502,0.05763229643489987,24.057874381010993,24.14032970353801,24.027072931125698,24.179928669146975,35.923109237924805,0.10091362051548876,35.8509199825793,35.99529849327031,35.8092369214017,36.07923812126306,34.86807812144783,0.08562772969649979,34.806823733664096,34.929332509231564,34.76161148197104,34.98833800008215,0.13860467737390816,0.0006968223280574348,0.1381062007092753,0.13910315403854104,0.13783986099370715,0.13976434676434676,0.004520368684569868,4.3369706005131145e-05,0.004489343865867784,0.004551393503271952,0.004456740251858595,0.004566833560916401,1.0,0.0,10,10,0.7224598312333834,1.0,1.0,1.0,7028.917253600002,1036.0510586796834,6287.770973801922,7770.063533398083,5610.246145849942,8344.369719850101
azimuth_subcell_count,17,Shrinkage-SMI/MVDR global,scientific_controlled,10,10,0.0,-0.6160042491193909,0.08380155343858361,-0.6759522691054489,-0.5560562291333329,-0.7078196181561425,-0.5089242760377999,-0.011214036270316557,7.25381683460715e-05,-0.011265926949991718,-0.011162145590641397,-0.011322872003209718,-0.011127817788375799,-0.6194928717084881,0.007610398286305263,-0.6249370226800288,-0.6140487207369474,-0.6292328316219616,-0.6087701802798015,24.564416350125573,0.060217053234163515,24.521339665235374,24.60749303501577,24.494052007216247,24.64729868071977,36.390393975921405,0.10317234955487763,36.31658892315878,36.46419902868403,36.26576379485529,36.5432558962004,35.26944956091161,0.08607998273805444,35.20787165079134,35.33102747103188,35.16078119982028,35.39199637490056,0.14300366300366302,0.0007038316077471048,0.14250017220239802,0.143507153804928,0.14225734948811872,0.14420400112707804,0.004452093764223942,3.565210251250082e-05,0.004426589786478103,0.004477597741969781,0.004396620391442877,0.004494386284327113,1.0,0.0,10,10,0.7224598312333834,1.0,1.0,1.0,4337.863197899879,538.3054607025495,3952.782669047262,4722.943726752496,3629.5179030998042,5049.067695499684
azimuth_subcell_count,17,Shrinkage-SMI/MVDR local,scientific_controlled,10,10,0.0,-0.11930974489793433,0.04283626310107156,-0.14995296153464116,-0.08866652826122752,-0.1719697419801882,-0.05770924545285833,-0.01171137765139556,2.962136321096826e-05,-0.011732567498133744,-0.011690187804657375,-0.011748846521023593,-0.01167108226965964,-0.10147915668636334,0.004298710563268102,-0.1045542689747046,-0.09840404439802208,-0.10726640317418314,-0.09631548279653748,23.88495374095408,0.05860369998440564,23.843031179452918,23.926876302455245,23.817170325835683,23.96261093074911,35.7444259857668,0.10467640397006335,35.669544997291275,35.81930697424233,35.624599896837054,35.90567755369035,34.75939543136978,0.0880043948668247,34.6964408797432,34.822349982996364,34.650285108651325,34.88366107053022,0.13447600262984877,0.0007083050146774948,0.13396931174604276,0.13498269351365477,0.13365483234714004,0.13564149525687988,0.0045945228341678045,5.9196717212576235e-05,0.00455217605369709,0.004636869614638519,0.0045061447428311335,0.004658056440600819,1.0,0.0,10,10,0.7224598312333834,1.0,1.0,1.0,1719.937563799931,224.3428327182594,1559.452369102681,1880.4227584971811,1436.7888897999137,2026.4199191501573
azimuth_subcell_count,25,Corrected JDL physical,scientific_controlled,10,10,0.0,-0.7632761577573846,0.3386466521288125,-1.005529379052477,-0.521022936462292,-1.2176232211549296,-0.28530593141801686,1.4445973283892652,0.11914988393893113,1.3593626360641122,1.5298320207144183,1.3238217322712846,1.6461581348155518,-2.3200638705184415,0.015047474670380877,-2.3308281854418014,-2.3092995555950817,-2.3393233222031005,-2.299205274793971,25.929759843045794,0.06251407217570865,25.88503996979254,25.974479716299047,25.85948183873385,26.026590612692495,38.589888248213434,0.08678493442754778,38.52780604603368,38.651970450393186,38.482801394664484,38.72479676865618,37.31445438468997,0.08091476168808498,37.256571451118816,37.37233731826112,37.220015370576284,37.421963049199,0.14384427538273692,0.0006484531716727389,0.14338039992816137,0.14430815083731247,0.14311298957452803,0.14480172818634357,0.004433887118798361,4.7133737350100774e-05,0.004400169674279242,0.00446760456331748,0.004380405097860719,0.004492679411318465,1.0,0.0,10,10,0.7224598312333834,1.0,1.0,1.0,3456.5407563000917,162.1674443017563,3340.533155089997,3572.5483575101866,3197.646810600054,3618.479955800126
azimuth_subcell_count,25,Current legacy CSI [production replay],production_replay,10,10,0.0,19.436796393457524,2.428707359930572,17.699403810871228,21.17418897604382,16.59071290664093,23.009612709938473,-6.973105090467108,0.09208162464088304,-7.038976316569927,-6.907233864364289,-7.101961823735741,-6.862663701308788,20.320395535289087,0.08615652456440617,20.258762870444734,20.38202820013344,20.203200360840434,20.452873349235404,7.82969329793635,0.08638317405255469,7.767898497815408,7.891488098057292,7.721315586509872,7.965418610858751,11.77827635697299,0.15950222006254255,11.664175342328463,11.892377371617517,11.573914236186466,12.000803996363368,10.775124128255886,0.13949397467869754,10.675336150123693,10.874912106388079,10.609467266529123,10.975521689404697,0.0014826711749788674,0.00024912144095361264,0.001304460431759318,0.0016608819181984167,0.0012270123039353808,0.0018755517986287216,0.002189918070095585,0.00024347372004731362,0.0020157474630295336,0.0023640886771616365,0.0018247420725231375,0.0024751555150963433,1.0,0.0,10,10,0.7224598312333834,1.0,1.0,1.0,221.409441600008,25.02852379541513,203.505114255901,239.313768944115,195.256462900079,264.3025251999916
azimuth_subcell_count,25,Current legacy CSI [scientific controlled],scientific_controlled,10,10,0.0,19.44463306242143,2.4404940783894373,17.698808769386474,21.190457355456388,16.581659747962846,23.004961532501465,-6.95225722104242,0.09108141808227395,-7.017412942476108,-6.8871014996087325,-7.081213217268651,-6.843093720573718,20.319803098151816,0.08620668833691751,20.258134548306366,20.381471647997266,20.202573819084662,20.452332016116436,7.830407231308541,0.08647442578700171,7.768547153629179,7.892267308987904,7.722146153102836,7.966721807754821,11.77930550293907,0.16012731942290517,11.664757319150171,11.89385368672797,11.572862114201369,12.00169116100715,10.776801821041197,0.13954497827754384,10.676977357132337,10.876626284950056,10.611065869072277,10.977270469976022,0.0014871794871794872,0.00025001062963373637,0.001308332656696872,0.0016660263176621025,0.0012372499295576218,0.00188184465107542,0.0021921939007737827,0.00023915689535461502,0.0020211113640636567,0.0023632764374839086,0.0018365005310271583,0.002470129722348657,1.0,0.0,10,10,0.7224598312333834,1.0,1.0,1.0,216.2058401000195,19.076948399907852,202.55901331668528,229.8526668833537,189.11159350000162,243.15041340005337
azimuth_subcell_count,25,DL-SMI/MVDR global,scientific_controlled,10,10,0.0,-0.8438287235082977,0.10382666155939999,-0.9181018428820357,-0.7695556041345598,-0.9442202837603499,-0.6790249274234473,-0.011187254458124782,8.767798518155622e-05,-0.011249975510328823,-0.01112453340592074,-0.011314746597106845,-0.011076105216673708,-0.8028543889475415,0.00808033861650558,-0.8086347149797003,-0.7970740629153826,-0.8139807309900243,-0.7931771659513479,24.870840414401627,0.06086617552481519,24.827299375397967,24.914381453405287,24.797377970027075,24.95359113868717,36.864257209747315,0.11081524047497691,36.78498476218317,36.94352965731146,36.73694721589716,37.03459197018175,35.72245852989646,0.08748014019634807,35.6598790074689,35.78503805232401,35.61669112321141,35.850727545790505,0.14388240819010048,0.0007253619454078639,0.1433635155131013,0.14440130086709965,0.1430202874049028,0.1450623649854419,0.004473903808223335,3.892885328058627e-05,0.004446055784186296,0.004501751832260374,0.004418620087998786,0.004521222121074192,1.0,0.0,10,10,0.7224598312333834,1.0,1.0,1.0,1800.493679400006,390.11696995158985,1521.420810796228,2079.566548003784,1374.3038523999303,2280.635095349794
azimuth_subcell_count,25,DL-SMI/MVDR local,scientific_controlled,10,10,0.0,-0.021188026754087354,0.045163266364599754,-0.053495881245650245,0.011119827737475538,-0.06472631855124511,0.04744325385628084,-0.01224448223156436,4.413818278898636e-05,-0.012276056785440878,-0.012212907677687844,-0.012298126288795163,-0.012179015986798583,0.0688335271325983,0.0031230014576273768,0.06659946647242757,0.07106758779276903,0.06524238595432776,0.07361671366457367,23.748787215607734,0.05918496751895528,23.706448840361496,23.791125590853973,23.676508102399062,23.82524575047347,35.78848755940412,0.1042193938790134,35.71393349625333,35.8630416225549,35.67275149043803,35.95590629649086,34.85848645979473,0.09077901651876841,34.793547063407885,34.92342585618158,34.7549219382997,34.99213218579068,0.13134836104066874,0.0007551438771603284,0.13080816365311634,0.13188855842822114,0.13047346670423593,0.13258964966657275,0.004685556061295706,5.632535476701782e-05,0.004645263329780059,0.0047258487928113525,0.00460817781823699,0.004761986041571841,1.0,0.0,10,10,0.7224598312333834,1.0,1.0,1.0,1089.7995455,375.6099072073906,821.1044044161016,1358.4946865838983,739.5539155500046,1620.8358491501258
azimuth_subcell_count,25,MNEC physical,scientific_controlled,10,10,0.0,-0.20994565358147596,0.049788679191852,-0.24556232908212794,-0.17432897808082398,-0.26066101127728836,-0.13225030168284516,-0.011619902397487288,5.029856861166132e-05,-0.011655883825905699,-0.011583920969068877,-0.011695103435146,-0.011553926108605134,-0.2224088182687732,0.004911853397020607,-0.2259225465176055,-0.21889509001994092,-0.2301898900779906,-0.21757993587942123,24.202867460609372,0.05902311610197855,24.160644866892014,24.24509005432673,24.128609102609865,24.284977763164395,36.19839288732917,0.10563081625087392,36.12282915343739,36.273956621220954,36.08242694230673,36.36833218987316,35.13997335692249,0.08737057746550286,35.077472210951086,35.20247450289389,35.04128381998196,35.26872700673993,0.13749319057011364,0.0007093477654652141,0.1369857537473304,0.13800062739289687,0.1366673241288626,0.13861716915563072,0.00456474738279472,4.279643932649246e-05,0.004534132654370181,0.004595362111219258,0.004501308602639963,0.004613582916097709,1.0,0.0,10,10,0.7224598312333834,1.0,1.0,1.0,2359.2210879000504,279.7545535074924,2159.0967360627205,2559.3454397373803,2045.6072745501388,2726.8339943501132
azimuth_subcell_count,25,Phase-only CSI [production replay],production_replay,10,10,0.0,15.957494463563146,2.193157609269913,14.388604021819202,17.52638490530709,13.356373344596935,18.60685870582259,-6.71370335083977,0.02015888300076226,-6.728124147011669,-6.699282554667872,-6.735934975360958,-6.6889593973282,18.560498798782344,0.09282954544061021,18.494092542370296,18.626905055194392,18.42847251638613,18.68964882487558,9.505640965303476,0.11907295418656959,9.42046130520795,9.590820625399001,9.371424480504672,9.665988002777118,13.642606337646706,0.19554186589410735,13.502724113466671,13.78248856182674,13.380575749545041,13.926389714961855,12.544445260867668,0.17387262946306897,12.420064274616387,12.66882624711895,12.318684881305007,12.78246484346474,0.0049873203719357564,0.0007004141648510623,0.004486274262047327,0.005488366481824186,0.004006668545130084,0.005967596506058044,0.0003529434076771355,0.0001561650584441646,0.0002412296546427629,0.00046465716071150817,0.0001946783492641481,0.0005959831588529812,1.0,0.0,10,10,0.7224598312333834,1.0,1.0,1.0,203.43230290013707,18.246120776725153,190.37981439474456,216.4847914055296,184.13181990003977,227.38886844997523
azimuth_subcell_count,25,Phase-only CSI [scientific controlled],scientific_controlled,10,10,0.0,15.972609685929669,2.2017694218975774,14.397558724549324,17.547660647310014,13.368045856866924,18.62816652665079,-6.693008147939341,0.01919140860246627,-6.706736854619037,-6.679279441259644,-6.71507106099335,-6.6690164789162205,18.559885712400668,0.09288019135217991,18.49344322608602,18.626328198715317,18.427812905138218,18.68906694172699,9.50646192347332,0.1185225162434903,9.421676022961705,9.591247823984936,9.372878307061068,9.66569073592958,13.642864484487015,0.19567392771824066,13.502887788969069,13.782841180004962,13.382064382537514,13.927100486648731,12.546005179663755,0.1739289975872809,12.42158387008554,12.67042648924197,12.320197583214547,12.784150110573826,0.0049965248426786886,0.0007009320106967557,0.004495108288188297,0.00549794139716908,0.004020005635390251,0.005978397670705363,0.00035313306023365194,0.00015572773189243856,0.00024173215176823495,0.0004645339686990689,0.0001946783492641481,0.000593422849340009,1.0,0.0,10,10,0.7224598312333834,1.0,1.0,1.0,208.7475484001061,20.135639770862443,194.3433794332339,223.1517173669783,185.4482893001432,241.159403800043
azimuth_subcell_count,25,Row complex LS / Wiener [scientific controlled],scientific_controlled,10,10,0.0,15.92052307145524,2.0637877239266,14.444178270620432,17.396867872290045,13.297847341401882,18.523201053653086,-6.736857839934855,0.02639667138592998,-6.755740881106267,-6.717974798763442,-6.769432572549246,-6.701070443794052,18.842626471779475,0.08490018738004501,18.781892536416223,18.903360407142728,18.72939050875144,18.965951731459437,9.18828882398152,0.1099605366821748,9.109627794678145,9.266949853284894,9.053639621435012,9.337512748889502,13.219661930144436,0.1899796165893596,13.083758699417464,13.355565160871409,12.965489091632769,13.465153719892605,12.174150576219425,0.16105667641674998,12.058937570486837,12.289363581952014,11.966919701723436,12.392550853112825,0.0038606180144641683,0.0005483095674057779,0.0034683809787930072,0.00425285505013533,0.0030655583732506807,0.004594064055602517,0.00045307995751782735,0.00012679628385862894,0.0003623753602040588,0.0005437845548315959,0.0003302799271734183,0.0006429221665908057,1.0,0.0,10,10,0.7224598312333834,1.0,1.0,1.0,207.46037540002362,13.370226537775888,197.895891511403,217.02485928864425,185.5101709001474,222.70922085010625
azimuth_subcell_count,25,Row complex LS / Wiener robust IRLS [scientific controlled],scientific_controlled,10,10,0.0,15.916367266056023,2.0620328201092293,14.441277847786342,17.391456684325703,13.29809178027295,18.53650028249283,-6.711577957836946,0.029737965338497926,-6.732851216712314,-6.690304698961578,-6.748768952067183,-6.672434755333255,18.840181974764025,0.08521281619774815,18.779224398217014,18.901139551311037,18.72632351000556,18.963836296959652,9.194805113722541,0.10999231312239993,9.116121352923203,9.27348887452188,9.060617978970905,9.343745467538678,13.244469917623197,0.19614539040193466,13.104155958018547,13.384783877227848,12.985303758508076,13.504853938432978,12.193816974351027,0.16250800567299378,12.077565750212099,12.310068198489954,11.985388294310777,12.41511409932541,0.0039241100779562315,0.0005536083781759913,0.003528082501406996,0.004320137654505467,0.0031260448952756645,0.004666854513008359,0.0004580109239872554,0.00012914721761696557,0.00036562456997390547,0.0005503972780006053,0.0003296161432256107,0.0006525944469731452,1.0,0.0,10,10,0.7224598312333834,1.0,1.0,1.0,310.2928979000353,48.59307835394299,275.53150371560434,345.0542920844663,252.98968375018376,376.3151063999203
azimuth_subcell_count,25,SA-MNEC physical [approximate academic reference],scientific_controlled,10,10,0.0,-0.15033787628760192,0.04275572725516555,-0.1809234810507591,-0.11975227152444476,-0.2124682819962939,-0.08994741478400022,0.0046673214143376825,0.0014047614235578652,0.003662415628709162,0.0056722271999662035,0.002303183980251608,0.005868510486654685,-0.21735120574389416,0.004659948555165217,-0.2206847321244496,-0.2140176793633387,-0.22405246187304703,-0.21171977548774862,24.193159138851094,0.06006071589324407,24.150194290957387,24.2361239867448,24.1166334361684,24.274973902516795,36.187396618333004,0.1035641890580916,36.11331126047571,36.2614819761903,36.07073972044843,36.35381616916636,35.134330313156525,0.08698244341631027,35.07210682155767,35.19655380475538,35.0346121783005,35.25989196508531,0.13765098149713534,0.0006961138404990057,0.1371530116539702,0.13814895134030047,0.13684972292664602,0.13873184934723398,0.004566454255803367,4.4717625918154884e-05,0.004534465193282763,0.004598443318323972,0.00450206721286603,0.004624487938097405,1.0,0.0,10,10,0.7224598312333834,1.0,1.0,1.0,7374.5981390999095,1189.2511316983362,6523.859129067794,8225.337149132025,6086.64100579972,8645.467342549931
azimuth_subcell_count,25,Shrinkage-SMI/MVDR global,scientific_controlled,10,10,0.0,-0.6520402915390521,0.08931968315964926,-0.7159357437292941,-0.58814483934881,-0.7384896878753082,-0.5103621802563502,-0.011191023834258459,7.794078576839939e-05,-0.011246779313617172,-0.011135268354899745,-0.011299527772937407,-0.01109037624582745,-0.6188098213032999,0.00735896864754615,-0.6240741103463805,-0.6135455322602192,-0.6284868121831783,-0.6087438568564741,24.65664809809553,0.06036001799368245,24.613469142377294,24.699827053813767,24.58893928803774,24.741560199120606,36.66344016375533,0.10803922570740945,36.58615355752634,36.74072676998433,36.536267355162856,36.82907504721791,35.538109752192526,0.08739180001336969,35.47559342452494,35.60062607986011,35.436011952430874,35.668095717704034,0.14175279421433268,0.0007218789600014227,0.1412363931149975,0.14226919531366786,0.1408982812059735,0.14294298863529634,0.004495334547109696,3.448745974606351e-05,0.0044706637046098546,0.004520005389609538,0.0044394818692155965,0.004533265058412987,1.0,0.0,10,10,0.7224598312333834,1.0,1.0,1.0,4253.678004000039,589.7391492071717,3831.804030874441,4675.551977125638,3528.5530736500505,4953.4423382001705
azimuth_subcell_count,25,Shrinkage-SMI/MVDR local,scientific_controlled,10,10,0.0,-0.1359132324601155,0.048710458258075975,-0.17075859516959394,-0.10106786975063706,-0.1853032533778923,-0.058354601336912726,-0.011696041459433645,3.0465161735271803e-05,-0.011717834923273465,-0.011674247995593825,-0.011733823801500752,-0.011652187160017362,-0.11021609297467043,0.004133272603419485,-0.11317285807591895,-0.1072593278734219,-0.11587237275617235,-0.10542708145831815,24.005884885799585,0.060195717919355116,23.962823463274173,24.048946308324997,23.93254529881607,24.090183576144398,36.025481926212436,0.10467656980450554,35.95060081910609,36.10036303331878,35.909990554771895,36.191282463196856,35.035413456787964,0.08943593622048573,34.97143484216781,35.09939207140812,34.933235466135606,35.167153371259126,0.1339179111486804,0.0007524421984510878,0.13337964642565045,0.13445617587171035,0.13309495632572557,0.13516192354653894,0.0046288499468972845,5.805041393120019e-05,0.004587323182395276,0.004670376711399293,0.004537911546047641,0.004689823243817327,1.0,0.0,10,10,0.7224598312333834,1.0,1.0,1.0,1787.4519021999731,233.56629641468666,1620.368639050217,1954.5351653497291,1469.9954331000754,2104.3585442000676
azimuth_subcell_count,3,Corrected JDL physical,scientific_controlled,10,10,0.0,-0.7787872036700685,0.3611528810117979,-1.0371404112246854,-0.5204339961154515,-1.2395521857598857,-0.2920968254757888,1.444774916250439,0.11881548180616788,1.3597794408003403,1.5297703917005379,1.322533750913954,1.6458325552184492,-2.376994903975439,0.014620043689818672,-2.3874534531950147,-2.3665363547558638,-2.3976088265140336,-2.357213707964675,25.876063069937373,0.023606677505248582,25.85917587015621,25.892950269718536,25.841946112017734,25.897982350012732,37.06884258200963,0.06698215423411719,37.0209264353993,37.116758728619956,36.96768416814796,37.14677151679158,35.872921146989185,0.05805203068071988,35.83139322593424,35.91444906804413,35.791699917279395,35.9392350180449,0.16611139288062365,0.0005672470185242587,0.1657056088085128,0.16651717695273452,0.16539626185780032,0.16694543063773834,0.004283302988924291,4.075691832221839e-05,0.004254147245935098,0.004312458731913484,0.004243001820664543,0.004345888332574723,1.0,0.0,10,10,0.7224598312333834,1.0,1.0,1.0,3578.6632737999303,343.8752995271158,3332.669703479408,3824.6568441204527,3186.08037864999,4031.163163799897
azimuth_subcell_count,3,Current legacy CSI [production replay],production_replay,10,10,0.0,19.63839984362012,2.124236845940177,18.118812345891094,21.15798734134915,16.93262819496696,22.53976854998327,-6.965760830788364,0.09807587075578754,-7.0359200822457595,-6.895601579330968,-7.09668590178094,-6.848432370207483,19.68284389726145,0.07513872851810065,19.629092888907753,19.736594905615146,19.590320402007237,19.791328102095967,6.694228199185348,0.07853083291194327,6.638050625527633,6.750405772843063,6.609634632143484,6.814180519868179,10.996938405317499,0.12277856207796964,10.909107913025922,11.084768897609075,10.859868400633358,11.197883749163601,10.301913053874477,0.1005110442543341,10.23001178423758,10.373814323511374,10.204096228365641,10.474023879016704,0.00167558936789706,9.274698455920863e-05,0.0016092421719816898,0.00174193656381243,0.0015809148116840423,0.001827557058326289,0.0035821574874829315,0.00013250609106253182,0.003487368340153906,0.003676946634811957,0.0034111857077833412,0.003761189500834471,1.0,0.0,10,10,0.7224598312333834,1.0,1.0,1.0,211.16542690001552,23.445673909038142,194.39340215329412,227.93745164673692,183.69848530014679,244.20710024994602
azimuth_subcell_count,3,Current legacy CSI [scientific controlled],scientific_controlled,10,10,0.0,19.649635983456655,2.138837875796206,18.119603538185363,21.179668428727947,16.92987284966355,22.5436211690419,-6.948175115668707,0.0978537274637806,-7.018175455388043,-6.87817477594937,-7.0796738765971465,-6.8307379886758595,19.682851797632047,0.07520686383708713,19.62905204820737,19.736651547056724,19.590283137403617,19.79140456351118,6.693765437449943,0.07841503636045503,6.637670699655026,6.7498601752448595,6.609845138029083,6.814033994745981,10.99753294528455,0.12155325952157398,10.910578981638636,11.084486908930465,10.861350734707738,11.19577335125148,10.302645516010312,0.1005448411515583,10.230720069529585,10.374570962491038,10.20490377528394,10.474833294768903,0.0016774678313139853,9.237847728335172e-05,0.0016113842496233118,0.0017435514130046588,0.0015817601202216586,0.00183028083028083,0.003584054013048096,0.00012673118101910044,0.0034933959875001848,0.0036747120385960076,0.003423513123956911,0.0037535085722955543,1.0,0.0,10,10,0.7224598312333834,1.0,1.0,1.0,211.5123128000505,24.40315713771087,194.05534581331617,228.96927978678482,183.15045185020153,239.3672191499718
azimuth_subcell_count,3,DL-SMI/MVDR global,scientific_controlled,10,10,0.0,-0.8196504889213534,0.10468038122102663,-0.8945343225508264,-0.7447666552918804,-0.9175742980248341,-0.6751173216507194,-0.011212932675140598,9.450559529859272e-05,-0.011280537905393358,-0.011145327444887838,-0.01135256341821865,-0.011090897952998639,-0.781923804819731,0.007786774624097194,-0.7874941278225667,-0.7763534818168953,-0.7911812046642713,-0.7720867073470009,24.340833576965757,0.030832929655759806,24.31877702780421,24.362890126127304,24.2926007085687,24.373695665576673,35.29994757795611,0.08589810257052122,35.23849977706975,35.361395378842474,35.187085887750676,35.419006719888166,34.215296868046465,0.0632236160461517,34.170069417685376,34.260524318407555,34.11812556821329,34.27782944176293,0.15578153470461162,0.000655270610395756,0.1553127823481643,0.15625028706105892,0.15496055226824457,0.15669822485207102,0.00432673342436656,5.205531804478933e-05,0.004289495293109045,0.004363971555624076,0.004258553330298892,0.004393870429373388,1.0,0.0,10,10,0.7224598312333834,1.0,1.0,1.0,1728.2354376000967,316.1767993119235,1502.0561806944334,1954.41469450576,1343.0058115500515,2142.7775148500814
azimuth_subcell_count,3,DL-SMI/MVDR local,scientific_controlled,10,10,0.0,-0.023868136465949475,0.04567070788213755,-0.0565389927514756,0.008802719819576647,-0.07533077271740778,0.042869937108306534,-0.012262145326356846,3.7806433697322904e-05,-0.012289190419793565,-0.012235100232920128,-0.012311099050736768,-0.01220596151487281,0.17792478732171874,0.004357792475648533,0.17480741037933628,0.1810421642641012,0.17269201087294095,0.18410825652428295,22.935738856852943,0.03825307777506854,22.908374253490685,22.9631034602152,22.884440078619793,22.9861517634207,34.178898677992436,0.07387413827921892,34.12605230299938,34.23174505298549,34.08098753767197,34.27950508609299,33.29517233143307,0.06462669418221847,33.248941179437686,33.34140348342846,33.19734124149901,33.353333501893374,0.13308763031839957,0.00046872654073031993,0.1327523235504613,0.13342293708633784,0.13247759932375316,0.13370658401427632,0.004576695493855257,5.249566929520475e-05,0.00453914235428969,0.004614248633420823,0.00449666211500531,0.004637573964497041,1.0,0.0,10,10,0.7224598312333834,1.0,1.0,1.0,998.3579790999556,122.58623729091148,910.6650676729973,1086.050890526914,816.9055725999897,1162.6581481997391
azimuth_subcell_count,3,MNEC physical,scientific_controlled,10,10,0.0,-0.21249635636609918,0.0483589635428865,-0.24709027490364333,-0.17790243782855503,-0.25999932952230354,-0.13993353531913102,-0.011623614778881214,5.377350365894766e-05,-0.011662082026083612,-0.011585147531678816,-0.011693484477416215,-0.011551895093839868,-0.2008088648713256,0.00464538842507109,-0.20413197556226592,-0.19748575418038528,-0.20797886721439343,-0.1964603091768204,23.671052206710776,0.03177701852862342,23.648320297054145,23.693784116367407,23.629016660678502,23.716399001226165,34.64562699786517,0.08000840156507617,34.588392435267345,34.702861560463,34.539802409739586,34.75312215303945,33.63434987196184,0.061015485343276915,33.59070202314841,33.67799772077527,33.54270454888161,33.688983106102626,0.14688982812059734,0.0005549387756581189,0.14649284883502153,0.14728680740617314,0.14611806142575373,0.14754644500798347,0.004410180549233804,4.2700614596460694e-05,0.0043796343696916595,0.004440726728775948,0.004338871187983614,0.004456835078136853,1.0,0.0,10,10,0.7224598312333834,1.0,1.0,1.0,2305.019815700007,410.4712859258906,2011.3863465970485,2598.653284802965,1824.277687749759,2960.4605787500986
azimuth_subcell_count,3,Phase-only CSI [production replay],production_replay,10,10,0.0,16.249736286453604,1.8486721402407884,14.927275903997279,17.572196668909932,13.976185970301739,18.612847262272332,-6.7180912925252,0.019011911687733418,-6.731691594847336,-6.704490990203063,-6.738331975742789,-6.690754547722409,18.137817710207813,0.07936857235275634,18.081040853855683,18.194594566559942,18.02311304538609,18.248287956864964,8.29533276282481,0.11149539341637166,8.215573763156902,8.375091762492717,8.177152347533607,8.461273081462474,12.596257949947118,0.14504380766880853,12.492499860458286,12.70001603943595,12.436929167940658,12.82308956766014,11.648317161008558,0.13060497027146334,11.554887993566568,11.741746328450548,11.523089003990744,11.874709340434904,0.0028888888888888888,0.0002983906272870829,0.00267543309297255,0.0031023446848052277,0.0025536770921386303,0.0033061895369587676,0.0016044606281292672,8.413394406318779e-05,0.0015442748302144078,0.0016646464260441265,0.0014925656197845548,0.0017262175694128356,1.0,0.0,10,10,0.7224598312333834,1.0,1.0,1.0,199.2303821999485,22.70904923083666,182.9853070039107,215.47545739598633,175.65590729991527,233.57382144970413
azimuth_subcell_count,3,Phase-only CSI [scientific controlled],scientific_controlled,10,10,0.0,16.264572917688447,1.8597397063617793,14.934195275374826,17.59495056000207,13.981178376571545,18.658153553069578,-6.700598071998785,0.01877184099974955,-6.714026638096343,-6.687169505901227,-6.721627698476083,-6.673955227571139,18.13774939869932,0.07941959538164413,18.08093604267111,18.19456275472753,18.023004064401988,18.248266517416333,8.295564624887735,0.11145795668144885,8.215832405846694,8.375296843928776,8.17691124151536,8.460440699581154,12.596743419465131,0.14540806731537384,12.49272475432255,12.700762084607712,12.437870278855382,12.824460293147336,11.649029066980146,0.13066263702760939,11.5555586472259,11.742499486734392,11.523703881606446,11.875490260427984,0.002891518737672584,0.00029881683005198156,0.0026777580546650174,0.0031052794206801507,0.002556400864093172,0.003312670235747159,0.0016033227127901684,8.521571466890243e-05,0.0015423630628018002,0.0016642823627785366,0.0014906690942193901,0.0017276399635867091,1.0,0.0,10,10,0.7224598312333834,1.0,1.0,1.0,218.52039370005514,30.133875756848198,196.96391757276177,240.0768698273485,178.86092215010194,257.7862858000344
azimuth_subcell_count,3,Row complex LS / Wiener [scientific controlled],scientific_controlled,10,10,0.0,16.203201920219588,1.7492547393295728,14.951860462081953,17.454543378357222,13.983259111811348,18.507556014785322,-6.733920283396047,0.023990045423040313,-6.751081728064742,-6.716758838727353,-6.765569846963976,-6.699077481295993,18.202700459636812,0.07816817719647183,18.146782314249663,18.258618605023962,18.0910491002037,18.31249017771855,8.217886450308345,0.11179610345916469,8.137912335634622,8.297860564982068,8.096114170679925,8.385425454788313,12.491836783791806,0.1421439411411175,12.390153133850044,12.593520433733568,12.342190886356454,12.716244702410332,11.5640437420262,0.12753329385124035,11.472811919524425,11.655275564527976,11.443578000195533,11.78355705504573,0.0027459378228608996,0.0002521106615031014,0.0025655887200777077,0.0029262869256440915,0.0024691462383770076,0.003078801540340002,0.0016746320740403582,9.4302232062882e-05,0.0016071723210826917,0.0017420918269980246,0.001550125170687301,0.0017985700197238658,1.0,0.0,10,10,0.7224598312333834,1.0,1.0,1.0,219.5345513000575,20.141003581725826,205.1265452940417,233.9425573060733,188.72686970032646,241.5136941000128
azimuth_subcell_count,3,Row complex LS / Wiener robust IRLS [scientific controlled],scientific_controlled,10,10,0.0,16.192519203985132,1.7511198639273187,14.939843516085945,17.44519489188432,13.977501103333422,18.51976007721816,-6.710714100276279,0.02730671601011013,-6.73024814815437,-6.691180052398188,-6.748928029269868,-6.674243975650463,18.201385496212723,0.07828396421628551,18.145384521781324,18.25738647064412,18.089479831839483,18.311292858537012,8.222251123970356,0.11125806200847273,8.1426619009641,8.301840346976611,8.101538065478833,8.38832655014372,12.506169614023525,0.14328984725300498,12.403666232230995,12.608672995816056,12.353419072323597,12.730906536378207,11.575226513751351,0.12829187076670673,11.483452038014361,11.667000989488342,11.453562046670207,11.796401615941432,0.0027716727716727715,0.0002574267936354345,0.0025875207370554916,0.0029558248062900513,0.0024930027237719545,0.00311815534892458,0.0016820285237445,9.374307574000745e-05,0.001614968767123937,0.001749088280365063,0.0015570474890001518,0.0018102336519496282,1.0,0.0,10,10,0.7224598312333834,1.0,1.0,1.0,412.3261239000385,163.40854653647165,295.4306916352846,529.2215561647924,261.31310084986126,634.7523614000465
azimuth_subcell_count,3,SA-MNEC physical [approximate academic reference],scientific_controlled,10,10,0.0,-0.16898845651923994,0.04998052583395541,-0.20474237084021404,-0.13323454219826583,-0.23286765850118532,-0.09347906049503624,0.005141572516528285,0.001234648782945202,0.004258357983160415,0.006024787049896155,0.003062319766397868,0.006398512785867957,-0.20442233412059801,0.005254942842468891,-0.20818149377360842,-0.2006631744675876,-0.211650132573428,-0.19869483827529338,23.69058187101636,0.029927882901782922,23.669172753300526,23.711990988732193,23.653201040805836,23.730758243243244,34.64103460439258,0.07648878798134881,34.586317821678335,34.695751387106824,34.53947014602952,34.74442250130477,33.634653247348005,0.06012727102248907,33.59164078878296,33.67766570591305,33.54328735292272,33.68796854202189,0.14764628533859303,0.0005416560111186679,0.14725880797036134,0.14803376270682472,0.14686860148398612,0.14826702357471588,0.004411887422242452,4.3284846336164034e-05,0.004380923308490605,0.004442851535994299,0.004334888484296769,0.004454464421180398,1.0,0.0,10,10,0.7224598312333834,1.0,1.0,1.0,6894.719538600021,799.7169204269022,6322.636516725301,7466.802560474742,5843.9977281501115,8023.305467850037
azimuth_subcell_count,3,Shrinkage-SMI/MVDR global,scientific_controlled,10,10,0.0,-0.6344138587193102,0.08818257583560678,-0.697495873332432,-0.5713318441061884,-0.7210413025099562,-0.5089013842173779,-0.011211360657757841,8.476963179007613e-05,-0.011272001199278191,-0.011150720116237491,-0.011332333620388501,-0.01110222679792994,-0.5889764690519209,0.00747738735768761,-0.5943254697371012,-0.5836274683667406,-0.5983756528623585,-0.5783196251343822,24.103758306689684,0.03233616568328873,24.080626407254492,24.126890206124877,24.05106013055441,24.13498882994826,35.09594844173129,0.08737587687365914,35.03344350479166,35.15845337867091,34.986125462038785,35.21669121806277,34.02576845749367,0.06247905962952845,33.98107363070712,34.070463284280216,33.93160885591292,34.08779075515457,0.1520725086878933,0.0005919182327277807,0.15164907589232246,0.15249594148346413,0.15132591340283646,0.15291659622428852,0.004349491731148536,3.620769249615804e-05,0.004323590308270982,0.0043753931540260905,0.004297147625549992,0.004395672128660294,1.0,0.0,10,10,0.7224598312333834,1.0,1.0,1.0,4219.188267799973,298.8291165792138,4005.4187955403,4432.957740059645,3884.6094310000353,4637.501948099975
azimuth_subcell_count,3,Shrinkage-SMI/MVDR local,scientific_controlled,10,10,0.0,-0.1369428668950688,0.047636663194329514,-0.17102008289006443,-0.10286565090007316,-0.18804422880467278,-0.06388935397657652,-0.011710102910520706,3.453292889559588e-05,-0.011734806279690676,-0.011685399541350736,-0.011749574139198323,-0.011659501242176708,-0.024933841421317642,0.004532657272957782,-0.02817630910407206,-0.021691373738563224,-0.03171251803739194,-0.019436708756056797,23.253609119566857,0.036920406851811575,23.22719785155298,23.280020387580734,23.19915693645013,23.29964696697305,34.43825504685445,0.08266987057175723,34.37911658402258,34.49739350968632,34.33230047434348,34.554077773329,33.4892817473971,0.06342600500431793,33.44390951669709,33.53465397809711,33.39320061789833,33.547163077572094,0.13780557903634824,0.000482385926817825,0.13746050093224052,0.13815065714045596,0.13714614445383677,0.13845280360664974,0.004514489455317858,5.4191832991977075e-05,0.004475722953338094,0.004553255957297622,0.0044302837202245485,0.004572712790168411,1.0,0.0,10,10,0.7224598312333834,1.0,1.0,1.0,1596.7513793999842,252.2708385688773,1416.2876928466064,1777.215065953362,1349.8990305000461,2026.4086548500018
azimuth_subcell_count,5,Corrected JDL physical,scientific_controlled,10,10,0.0,-0.8225862539158697,0.31913140626660547,-1.0508791093110887,-0.5942933985206507,-1.2398656896440976,-0.36014482510919105,1.4418623190304771,0.11954198493269289,1.356347134551586,1.5273775035093682,1.3182136731443483,1.6451135400721215,-2.3788736458671407,0.014798414344475637,-2.389459793766353,-2.3682874979679283,-2.3997040057760795,-2.3589039958674083,26.245329565590556,0.04048068626082922,26.216371427114137,26.274287704066975,26.19333318034744,26.299115262600413,37.58944150452121,0.08467700313908559,37.528867225546044,37.65001578349638,37.46277534913146,37.698035276435505,36.38714226906788,0.0711845430249913,36.3362199146143,36.43806462352146,36.29729401241101,36.48229323206663,0.16363182117028272,0.000692017809707381,0.16313678145103158,0.16412686088953385,0.1627386118155349,0.1645054945054945,0.004288044302837203,4.0774074486919284e-05,0.0042588762870671105,0.004317212318607295,0.004248881049916553,0.004350724472765893,1.0,0.0,10,10,0.7224598312333834,1.0,1.0,1.0,3868.163557200068,177.8758173428169,3740.918862852982,3995.4082515471546,3610.757376049969,4044.0999915998873
azimuth_subcell_count,5,Current legacy CSI [production replay],production_replay,10,10,0.0,19.38553457586655,2.3652337999019726,17.6935482427953,21.077520908937803,16.709611200712192,22.88334337817757,-6.9444716716349095,0.08041685021912572,-7.0019984207981585,-6.886944922471661,-7.056029037964771,-6.850116464978501,20.272298291003437,0.06427415610133048,20.226319329558844,20.31827725244803,20.1887486575975,20.374792221128708,6.799267437774612,0.07166833656664648,6.747998998269924,6.850535877279299,6.719354857634025,6.895545877268761,10.71569699228291,0.13224251907918158,10.621096392992403,10.810297591573416,10.541473554392912,10.914497620645752,9.710865844500656,0.11525746495777195,9.628415620974732,9.79331606802658,9.565664139457137,9.884158560654024,0.0006200807739269277,9.465687149519468e-05,0.0005523673272022154,0.00068779422065164,0.000517047055508594,0.000747158824081901,0.0020262479138218785,0.00023046267086780772,0.0018613848506407293,0.0021911109770030275,0.0016480807161280535,0.002260942952511,1.0,0.0,10,10,0.7224598312333834,1.0,1.0,1.0,219.58410030006235,20.903637572359017,204.63053880209458,234.53766179803011,194.4579943000008,247.96927545012295
azimuth_subcell_count,5,Current legacy CSI [scientific controlled],scientific_controlled,10,10,0.0,19.38834364144055,2.3814069494856143,17.684787734122825,21.091899548758274,16.699732431851547,22.889941158691855,-6.9267713572075795,0.08040194739613814,-6.984287445533485,-6.869255268881674,-7.039064619233453,-6.831724708007238,20.272236806787255,0.06434283582367924,20.226208714828978,20.318264898745532,20.18866158654711,20.374831104199316,6.799339873498342,0.0720993025358362,6.747763139511342,6.850916607485342,6.719262024255791,6.896821676396297,10.717587101227139,0.13230811800356693,10.622939575293046,10.812234627161232,10.544484413620971,10.916944242461504,9.711850537247184,0.11528069472446575,9.62938369614723,9.794317378347138,9.566585660449666,9.885195085027354,0.0006225227763689302,9.368995183148112e-05,0.0005555010223032053,0.0006895445304346551,0.0005206161360007514,0.0007481919789612097,0.002030609922621757,0.00022990508993692252,0.0018661457288101718,0.0021950741164333417,0.0016550030344409043,0.0022644515248065543,1.0,0.0,10,10,0.7224598312333834,1.0,1.0,1.0,227.291963000107,18.623549397169374,213.96947832455658,240.6144476756574,199.04190725010267,249.06291344991587
azimuth_subcell_count,5,DL-SMI/MVDR global,scientific_controlled,10,10,0.0,-0.8818800223170186,0.10464751082911952,-0.9567403418846377,-0.8070197027493994,-0.9655650719896082,-0.704197705392608,-0.011192129152715617,8.43279343499167e-05,-0.011252453722921784,-0.011131804582509449,-0.011318663148086707,-0.011086006226235063,-0.795557982581117,0.007996921121143854,-0.8012786353318874,-0.7898373298303466,-0.8050267063497559,-0.7854766304625583,24.773118376024524,0.04561061351452614,24.74049050865988,24.805746243389166,24.70528880028079,24.834085162389343,35.82420305526585,0.10269028157160638,35.75074285316422,35.897663257367476,35.68420317734126,35.97195145926655,34.7346560679336,0.07641099474674691,34.679994935146965,34.789317200720234,34.62885555592385,34.83045763885633,0.15696665727434958,0.0007282878009061192,0.15644567156641376,0.1574876429822854,0.15591819291819292,0.15774941298018222,0.004333940221514185,5.847398372765599e-05,0.004292110453433108,0.004375769989595262,0.004252010317099075,0.004406103019268699,1.0,0.0,10,10,0.7224598312333834,1.0,1.0,1.0,1900.135528300052,320.92786339095386,1670.5575648945924,2129.713491705512,1539.4427792501801,2293.1905898997684
azimuth_subcell_count,5,DL-SMI/MVDR local,scientific_controlled,10,10,0.0,-0.04415328778159815,0.04607179155725312,-0.0771110620440032,-0.011195513519193095,-0.08040369971902585,0.026920150555675874,-0.012248090848460376,3.8140857312458096e-05,-0.012275375174139713,-0.01222080652278104,-0.012298119115824815,-0.01219176103946608,0.15304810654169082,0.0042596841318231615,0.15000091208060035,0.1560953010027813,0.1477169725652203,0.1593089145736267,23.409631919477654,0.046740137933811085,23.376196039019177,23.44306779993613,23.35196424416032,23.473351634637197,34.705018982083445,0.090184131151448,34.64050514105239,34.7695328231145,34.59224005682644,34.835372014890964,33.817122624558,0.07703947822017501,33.762011901778344,33.87223334733766,33.71095564059752,33.9099619065684,0.1369191321499014,0.0005501275387597471,0.13652559461586725,0.13731266968393555,0.1360985254062177,0.13749610218840988,0.004579540282203004,5.4814000028168014e-05,0.004540328708737214,0.004618751855668794,0.004499222424518282,0.0046443066302533755,1.0,0.0,10,10,0.7224598312333834,1.0,1.0,1.0,1113.6105072000191,104.48623630702309,1038.8655564755438,1188.3554579244944,956.5565587500714,1220.9604883498514
azimuth_subcell_count,5,MNEC physical,scientific_controlled,10,10,0.0,-0.24317177981388638,0.05020331397724761,-0.2790850671717401,-0.20725849245603264,-0.28966048375048714,-0.16479242827969467,-0.011603275874010412,4.666733593858026e-05,-0.01163665967505883,-0.011569892072961994,-0.011658921274931674,-0.011536046208094045,-0.21106209326012687,0.004698643301775301,-0.2144233001948959,-0.20770088632535785,-0.21821271211031304,-0.2066353591639143,24.096170867983666,0.04588093827968484,24.0633496219314,24.12899211403593,24.037195917582416,24.160747402134096,35.16810364429408,0.09714648393470102,35.0986092361175,35.23759805247066,35.036075023571485,35.307833042314385,34.15154046273682,0.07380969123044828,34.09874019038518,34.20434073508846,34.05148919189399,34.24261827042977,0.14818822203437587,0.0006714122172973955,0.1477079226679575,0.14866852140079426,0.1471841833380295,0.14886484455715224,0.004416439083598846,4.35884677786115e-05,0.004385257772151333,0.004447620395046359,0.004343138370505234,0.004461671218328024,1.0,0.0,10,10,0.7224598312333834,1.0,1.0,1.0,2508.093556900076,411.57267576851575,2213.6722009669943,2802.5149128331573,2047.1649082003069,2995.4735416501308
azimuth_subcell_count,5,Phase-only CSI [production replay],production_replay,10,10,0.0,15.822398790781056,2.052112854897847,14.354405688132648,17.290391893429465,13.177058571013466,18.580047726729962,-6.698363534804594,0.013950745556264169,-6.708343296982156,-6.688383772627032,-6.71983694724303,-6.684058717065112,18.541175645830908,0.07603048165934552,18.486786715709172,18.595564575952643,18.42946025256566,18.648178160579874,8.448779064413241,0.11070174226903624,8.369587808574538,8.527970320251944,8.330504250593846,8.602282510620896,12.535400342655755,0.16005936598808346,12.420900769825742,12.649899915485769,12.345671426108769,12.790797982250721,11.451022600439337,0.15945840642123052,11.3369529281857,11.565092272692974,11.254676333010517,11.69812553848543,0.0023118249272095423,0.00036173638080399807,0.0020530543090489235,0.002570595545370161,0.0018119658119658119,0.00283704329858176,0.0002837202245486269,0.00010988652352733509,0.00020511214106670256,0.0003623283080305513,0.00018102336519496283,0.00045431269913518427,1.0,0.0,10,10,0.7224598312333834,1.0,1.0,1.0,213.96870950002267,15.941348190338983,202.56495598106756,225.37246301897778,190.29037250013516,234.03611630014893
azimuth_subcell_count,5,Phase-only CSI [scientific controlled],scientific_controlled,10,10,0.0,15.833259666213696,2.0623727998646637,14.357927041078064,17.308592291349328,13.182951076565011,18.611013755810436,-6.680804414039275,0.014130583268128575,-6.690912824365979,-6.670696003712571,-6.702845980746424,-6.6671238757014795,18.541045677645265,0.07608232324150781,18.486619662289712,18.595471693000817,18.429302455458572,18.648112428108348,8.44876403647898,0.11080109176219846,8.369501710294236,8.528026362663725,8.3305459122675,8.603081857495532,12.536397509986493,0.1606063198073847,12.421506669964577,12.651288350008409,12.345913281448524,12.793516253036689,11.45192890354402,0.15948893901076916,11.337837389591598,11.566020417496443,11.255542250828281,11.699056148469126,0.0023146426223349297,0.00035921167422566826,0.0020576780704607504,0.002571607174209109,0.0018144078144078145,0.002833662064431295,0.0002835305719921104,0.00010799746841751604,0.0002062738371288151,0.0003607873068554057,0.00018273023820361098,0.0004522265210135032,1.0,0.0,10,10,0.7224598312333834,1.0,1.0,1.0,238.11896050005998,16.943882975235773,225.99803679922087,250.2398842008991,218.4814015501388,263.5553736999782
azimuth_subcell_count,5,Row complex LS / Wiener [scientific controlled],scientific_controlled,10,10,0.0,15.869262898411145,1.9724682234578064,14.458244132889421,17.28028166393287,13.19692631848134,18.544620773929903,-6.713095089622546,0.019523141731623353,-6.727061103887135,-6.699129075357956,-6.732551726065693,-6.685858032901053,18.664014688002247,0.07295805385120742,18.61182364033126,18.716205735673235,18.560150822814762,18.76987897511209,8.31133312228911,0.10742245823544884,8.234487724930577,8.388178519647642,8.201819817032383,8.459767798342526,12.358095496664168,0.1541394648512604,12.247830765995234,12.468360227333102,12.175212327627218,12.60118070926936,11.292445741491196,0.15271391794507508,11.183200785646434,11.401690697335958,11.104382680404022,11.524005305351691,0.0020518455903071288,0.0003297487234522549,0.0018159575637399325,0.0022877336168743248,0.0015664506433737202,0.002520803982342444,0.00034270216962524653,0.0001212262477509014,0.00025598213610782616,0.0004294222031426669,0.0002414277044454559,0.000539182218176301,1.0,0.0,10,10,0.7224598312333834,1.0,1.0,1.0,238.4992159000376,14.781966324698098,227.92483420536317,249.07359759471203,219.371525850147,260.616046850123
azimuth_subcell_count,5,Row complex LS / Wiener robust IRLS [scientific controlled],scientific_controlled,10,10,0.0,15.86580536383239,1.9768711724321346,14.451636918355101,17.279973809309677,13.199079720782466,18.562686789096013,-6.6893617418889,0.021493989583678885,-6.704737615775138,-6.673985868002663,-6.713738664324534,-6.662198954877607,18.662612589962215,0.07312236844322559,18.610303998713068,18.714921181211363,18.5584069609793,18.768623341351386,8.316241426566723,0.10767779743400367,8.239213370549132,8.393269482584314,8.206381428451786,8.464824782407831,12.373089054304165,0.15550763991175492,12.261845590157085,12.484332518451245,12.189441483707514,12.618704733324765,11.305122756804266,0.1536551817042073,11.195204461429038,11.415041052179495,11.116140374460027,11.538847353812095,0.002083403775711468,0.0003350382259699832,0.0018437318669888953,0.0023230756844340407,0.001599041983657368,0.0025610970226354842,0.0003476331360946745,0.00011802577017548309,0.0002632025863133369,0.0004320636858760121,0.0002481603702017903,0.0005411735700197237,1.0,0.0,10,10,0.7224598312333834,1.0,1.0,1.0,455.04668859998674,161.83946637361524,339.27370866580424,570.8196685341693,287.8101957499439,637.022868799977
azimuth_subcell_count,5,SA-MNEC physical [approximate academic reference],scientific_controlled,10,10,0.0,-0.15529060133072722,0.038495320811850677,-0.18282849492228004,-0.1277527077391744,-0.19306091376018858,-0.08879220208068084,0.004921766532275699,0.0012397168646711744,0.004034926511644968,0.005808606552906431,0.002814987001197308,0.00612496922900975,-0.2105853702961019,0.004898618481166463,-0.21408963085647753,-0.20708110973572624,-0.21802049241467872,-0.2058875610137619,24.105564311462096,0.04382304991478088,24.07421519006345,24.136913432860744,24.04972280743065,24.16585756933917,35.15981442599729,0.09490239691424317,35.09192534096846,35.22770351102612,35.03254223409876,35.297129154317766,34.14928833576803,0.07367928624988351,34.09658134951981,34.201995322016245,34.04833775426095,34.23938327347753,0.14853968253968255,0.0006829330224582964,0.1480511416857296,0.1490282233936355,0.14752484267868884,0.14923114492345263,0.004417197693824913,4.824826309094152e-05,0.004382682965620165,0.00445171242202966,0.00433962979820968,0.004465369443180094,1.0,0.0,10,10,0.7224598312333834,1.0,1.0,1.0,7536.837082199963,637.8858924897972,7080.5210037655925,7993.153160634334,6688.322741649972,8349.97952330018
azimuth_subcell_count,5,Shrinkage-SMI/MVDR global,scientific_controlled,10,10,0.0,-0.6882834090465744,0.09025646696969074,-0.7528489960047612,-0.6237178220883876,-0.7635449095665767,-0.5379288831897069,-0.01119048838437937,7.397651923043596e-05,-0.011243407998292916,-0.011137568770465825,-0.011297597798663123,-0.01109876240916654,-0.6036168907368015,0.007701045214863265,-0.6091258866146941,-0.5981078948589088,-0.6132145222611138,-0.5925683097326171,24.538809168496137,0.04687655667011733,24.505275699952534,24.57234263703974,24.471197724119715,24.599199995270624,35.6206431978966,0.10346421067826334,35.546629360263765,35.69465703552943,35.486778741526855,35.772161123967315,34.54524929223639,0.07547170396947858,34.49126008759402,34.59923849687876,34.442564361940896,34.63808445419186,0.1536350145580915,0.0007555752856035675,0.1530945085595299,0.1541755205566531,0.1526112519958674,0.1544541185310416,0.004355370960400546,4.025372719767713e-05,0.004326575178657333,0.00438416674214376,0.004297147625549992,0.004407620239720832,1.0,0.0,10,10,0.7224598312333834,1.0,1.0,1.0,4466.413529200008,227.52924269262363,4303.64891412224,4629.1781442777765,4088.612277600214,4714.72374659993
azimuth_subcell_count,5,Shrinkage-SMI/MVDR local,scientific_controlled,10,10,0.0,-0.1640017071975675,0.050132508522509604,-0.1998643433843917,-0.12813907101074326,-0.21048349393720867,-0.08576970434585601,-0.011693226014339708,2.9124306433244598e-05,-0.011714060288079272,-0.011672391740600143,-0.011723461843651492,-0.011648522484934925,-0.04818983200053835,0.004442599464920655,-0.05136787620837393,-0.04501178779270277,-0.054705874133989495,-0.042858539419038985,23.72411272692506,0.04814298760448109,23.689673308266585,23.758552145583536,23.660422754331456,23.788244245853924,34.96143754513939,0.0996947438530434,34.89012022163193,35.03275486864685,34.83624708600058,35.10626294200882,34.01046799384019,0.075960448563359,33.956129162377316,34.06480682530306,33.90603722890437,34.10198147673551,0.14139344416267494,0.0006359885220374215,0.1409384853812969,0.14184840294405296,0.14044604113834883,0.142097116558655,0.0045180928538916705,5.6797695277280274e-05,0.004477462230330022,0.004558723477453319,0.004429904415111516,0.004578402366863905,1.0,0.0,10,10,0.7224598312333834,1.0,1.0,1.0,1743.3154075999482,242.28908828170458,1569.9922350484953,1916.6385801514011,1460.6399705500507,2049.3820639999967
azimuth_subcell_count,9,Corrected JDL physical,scientific_controlled,10,10,0.0,-0.760377571039095,0.340486563441191,-1.0039469855979302,-0.5168081564802598,-1.2177808845636207,-0.2798192083690653,1.4440093771610056,0.12035094503019149,1.357915497489688,1.5301032568323232,1.3199185912454114,1.6478427223270162,-2.368351293953651,0.014864789839328376,-2.3789849240214953,-2.3577176638858064,-2.3889275782222232,-2.348607003255956,26.17226312182087,0.04240580450193522,26.1419278367158,26.202598406925937,26.112013584593566,26.221960971889896,37.97916511219258,0.07973913894183397,37.92212316847182,38.036207055913344,37.86348567432742,38.0860808158129,36.74632353560686,0.07109273278648721,36.69546685824143,36.79718021297229,36.65094819191899,36.829025351575844,0.15558448389217622,0.0006500491947664317,0.15511946671145846,0.15604950107289398,0.15475213675213675,0.15646022353714661,0.004317250796540737,4.006414932259519e-05,0.004288590630639689,0.004345910962441785,0.004273535882263693,0.004374336216052192,1.0,0.0,10,10,0.7224598312333834,1.0,1.0,1.0,3758.436181699972,214.0420242754364,3605.319741459708,3911.5526219402363,3420.1602975500464,3979.6400681501154
azimuth_subcell_count,9,Current legacy CSI [production replay],production_replay,10,10,0.0,19.354786670705654,2.480332079695805,17.580463988314836,21.12910935309647,16.356924399320814,22.981603191442144,-6.95097515811967,0.09268993708972632,-7.017281544733776,-6.884668771505564,-7.090424145475136,-6.850361684837811,20.318930386291488,0.07503130879579085,20.265256221377985,20.37260455120499,20.221184147507643,20.43778133509904,7.0813973169966165,0.0813298158243418,7.023217471582734,7.139577162410499,6.966866793570848,7.195895934511597,11.017737030631274,0.12614248382252122,10.92750013368848,11.107973927574069,10.848870770905387,11.198732470780833,10.004676848825998,0.11799379790661327,9.920269170627996,10.089084527024,9.866793734296175,10.177931930827652,0.0007677279984972293,0.00014102814225044346,0.0006668425429976215,0.000868613453996837,0.0005963182117028271,0.0009558561097022635,0.0019862312243969045,0.00022068990452200223,0.0018283591771119795,0.0021441032716818294,0.0016363222576240327,0.0022378053406159914,1.0,0.0,10,10,0.7224598312333834,1.0,1.0,1.0,220.884502699937,21.8272377021727,205.27023747072187,236.49876792915214,191.32311554990338,249.46604204990308
azimuth_subcell_count,9,Current legacy CSI [scientific controlled],scientific_controlled,10,10,0.0,19.367078082157057,2.4979193894179885,17.580174196298465,21.15398196801565,16.348925553373707,22.992772487810935,-6.932580436482075,0.09250519229732473,-6.998754664633088,-6.866406208331062,-7.070771641799064,-6.831291654312483,20.318665561011265,0.07510356792875589,20.264939705027974,20.372391416994557,20.22084733003868,20.437583235012625,7.081394207371099,0.08172704948109587,7.02293019811756,7.1398582166246385,6.966940059177182,7.197200827922739,11.018416846968085,0.12503504514702604,10.928972163929782,11.107861530006389,10.851593654965312,11.197265915124559,10.005914396067677,0.1180486280695962,9.921467494733928,10.090361297401426,9.867972197607083,10.179262867588994,0.0007701700009392317,0.00013783649773925564,0.0006715677103822082,0.0008687722914962552,0.0006009204470742932,0.0009498450267681036,0.0019896449704142013,0.0002220878314091726,0.0018307729064764519,0.0021485170343519505,0.001638029130632681,0.0022428311333636776,1.0,0.0,10,10,0.7224598312333834,1.0,1.0,1.0,222.85221110000748,20.30418966354083,208.32746880340176,237.3769533966132,190.02062824997665,245.12870484986706
azimuth_subcell_count,9,DL-SMI/MVDR global,scientific_controlled,10,10,0.0,-0.8401474706701881,0.10944754472410967,-0.9184415276336363,-0.76185341370674,-0.9419640809606139,-0.6670018920989901,-0.011200042038816927,8.772300753376948e-05,-0.01126279529807155,-0.011137288779562306,-0.011334109440200598,-0.011091591212775247,-0.8045954504211335,0.007957848687493052,-0.8102881524366574,-0.7989027484056095,-0.814660723325115,-0.7949575682646371,24.867284542320725,0.04773510645969022,24.833136904256005,24.901432180385445,24.80242629248904,24.924309185278346,36.21289522764313,0.09897811935694263,36.14209054641797,36.28369990886829,36.083817780875805,36.35433281246241,35.106473572355114,0.07839153137466431,35.050395649014106,35.16255149569612,34.99461419817157,35.209492777259875,0.15173382173382172,0.0007019212580836453,0.15123169751438137,0.15223594595326206,0.1508944303559688,0.1527960927960928,0.004361250189652556,5.151510235950473e-05,0.00432439850541624,0.0043981018738888725,0.0042897511758458505,0.004413783947807616,1.0,0.0,10,10,0.7224598312333834,1.0,1.0,1.0,1850.1419572000032,324.736195982588,1617.8396767747622,2082.444237625244,1471.6318994998574,2226.683017350206
azimuth_subcell_count,9,DL-SMI/MVDR local,scientific_controlled,10,10,0.0,-0.01591539438327292,0.046525901169602604,-0.04919801909295445,0.017367230326408613,-0.06248867652271843,0.05500143202840897,-0.012250567246112369,4.1784042738726287e-05,-0.012280457749646236,-0.012220676742578502,-0.012306805995890615,-0.012192320272180418,0.11925141256879956,0.0041313578301781775,0.11629601721381264,0.12220680792378649,0.11451351316304048,0.12576860910366452,23.60119662746456,0.04564030831131586,23.56854751772196,23.63384573720716,23.540971157959678,23.652850736482996,35.10192575551281,0.0894204778451298,35.03795819914822,35.1658933118774,34.9969836967892,35.23745926112878,34.20206688575592,0.0808283713997895,34.14424575207411,34.259888019437724,34.089818254408364,34.308823661386064,0.13510528787451864,0.0005934742495146486,0.13468074197159347,0.13552983377744382,0.13436244951629567,0.1360391659622429,0.00459850553785465,4.968148930879659e-05,0.0045629655413770955,0.004634045534332204,0.004524066909421939,0.004653409952966166,1.0,0.0,10,10,0.7224598312333834,1.0,1.0,1.0,1029.5195770999271,146.9481253130049,924.3992208330961,1134.6399333667582,856.4011851500481,1191.320038600088
azimuth_subcell_count,9,MNEC physical,scientific_controlled,10,10,0.0,-0.21085898607219997,0.054116976268254534,-0.24957193877768846,-0.17214603336671147,-0.26858223148348365,-0.12743439305327486,-0.011610128453354327,4.825959393636177e-05,-0.011644651287157597,-0.011575605619551057,-0.011676156342895422,-0.011550932704089826,-0.22063337064116356,0.004725365240156341,-0.22401369329909523,-0.2172530479832319,-0.22768782493488315,-0.2160495095012457,24.183423054728785,0.04474511040906433,24.1514143309878,24.215431778469767,24.121495119750094,24.240657231295618,35.55887676983487,0.09374364911360603,35.49181660304754,35.625936936622196,35.43600568500011,35.6966934225193,34.523003053515716,0.07685247961144999,34.468026101482224,34.57798000554921,34.417068971232155,34.624123518185996,0.14379336902413825,0.0006410171813858921,0.14333481295656736,0.14425192509170914,0.14308058608058608,0.14478294355217433,0.004442990441511151,3.4020776625927545e-05,0.004418653444004213,0.004467327439018089,0.004391404946138674,0.004476179638901533,1.0,0.0,10,10,0.7224598312333834,1.0,1.0,1.0,2438.817654100012,352.69578135302885,2186.51429119105,2691.1210170089744,2027.8794831999676,2879.175358749967
azimuth_subcell_count,9,Phase-only CSI [production replay],production_replay,10,10,0.0,16.01406464866994,2.2063170348255845,14.435760520975716,17.592368776364165,13.435328834849491,18.79140499524462,-6.699125846171546,0.019300122334760854,-6.712932321970417,-6.6853193703726745,-6.725982008743291,-6.679696959041191,18.580020971944666,0.08316668472345497,18.52052710967838,18.639514834210953,18.460982756708194,18.695470837358346,8.748086643572204,0.11673913200562044,8.664576499291204,8.831596787853204,8.609728076717683,8.906676629012242,12.844187563678961,0.16440894138675555,12.726576492049327,12.961798635308595,12.628948968495983,13.09068800234554,11.757671619823858,0.15868301288954678,11.64415663068798,11.871186608959736,11.562130847207412,11.992290463624892,0.0028992204376819767,0.00041484536603562385,0.002602457940165111,0.0031959829351988424,0.0023285432516201745,0.0035001408847562692,0.00029244424214838413,0.00013063193200805046,0.00019899578744192982,0.00038589269685483847,0.000147834167804582,0.00049527765134274,1.0,0.0,10,10,0.7224598312333834,1.0,1.0,1.0,219.66021229991384,19.904238671840893,205.42157770728335,233.89884689254433,193.08386710004015,248.3355715999778
azimuth_subcell_count,9,Phase-only CSI [scientific controlled],scientific_controlled,10,10,0.0,16.029903954993685,2.2190698109218396,14.442477040848297,17.617330869139074,13.445730809266236,18.824875783327634,-6.680868971510674,0.0189425222166048,-6.694419635595435,-6.667318307425913,-6.70766957212699,-6.66184343655292,18.57971037341853,0.08322495213479524,18.520174829157146,18.63924591767991,18.460610363558903,18.695200094574467,8.748046617705402,0.11710082381258702,8.664277734692444,8.83181550071836,8.60853034202565,8.906691972030245,12.845623966027148,0.16347029292940002,12.728684363053793,12.962563569000503,12.632978481019578,13.090510826706248,11.758785775654472,0.1587358097818227,11.64523301789709,11.872338533411854,11.563236390762462,11.99348077768281,0.0029046679815910585,0.00041903729079591597,0.0026049067617474734,0.0032044292014346437,0.0023346482577251805,0.0035131962055038974,0.00029301319981793353,0.0001298446901883463,0.00020012790398389884,0.0003858984956519682,0.0001471703838567744,0.0004926225155515095,1.0,0.0,10,10,0.7224598312333834,1.0,1.0,1.0,223.69820760004586,22.623832951154828,207.5140924581823,239.88232274190943,187.39831080031308,249.74149255003795
azimuth_subcell_count,9,Row complex LS / Wiener [scientific controlled],scientific_controlled,10,10,0.0,15.997532551793327,2.1130418002519322,14.485953507310402,17.509111596276252,13.36777591354991,18.752199613298963,-6.7136165169338895,0.02756261169136602,-6.733333621554784,-6.693899412312995,-6.755411428065885,-6.6810634303407035,18.775203803489582,0.07810580915015924,18.719330273515073,18.83107733346409,18.669689807340763,18.88859226844867,8.526628860251249,0.1077204095061718,8.449570321393553,8.603687399108944,8.389973713686459,8.661728876960487,12.56688341222699,0.15869780049180324,12.453357844677715,12.680408979776264,12.352243568561754,12.778298420684457,11.510984041352277,0.14860488243021022,11.404678512440084,11.61728957026447,11.322833236583836,11.719999366676408,0.00241626749319057,0.00034595252756764675,0.002168787963445911,0.0026637470229352294,0.0019381985535831688,0.002914717760871607,0.00036071916249431045,0.00012177144828191321,0.00027360911601187433,0.00044782920897674656,0.00023867774237596722,0.0005658284023668639,1.0,0.0,10,10,0.7224598312333834,1.0,1.0,1.0,232.74780530005046,16.930412923479828,220.6365174937592,244.85909310634173,212.89394835007442,258.1953628000292
azimuth_subcell_count,9,Row complex LS / Wiener robust IRLS [scientific controlled],scientific_controlled,10,10,0.0,15.99300687999045,2.1149659633181765,14.480051372169811,17.50596238781109,13.368837082802154,18.767708070889455,-6.689899634842073,0.02885993239426309,-6.710544786787084,-6.6692544828970615,-6.731891376663598,-6.657222728245209,18.773625315248644,0.07829450010168587,18.717616803898864,18.829633826598425,18.66767800155958,18.88719249997386,8.532288009084722,0.10879059498529943,8.454463905653828,8.610112112515615,8.393739646667056,8.670726075411881,12.57905251411908,0.1616665111472867,12.463403258900481,12.69470176933768,12.361908800107658,12.796312504197672,11.524815826662689,0.14973456889889902,11.4177021687335,11.631929484591877,11.336338428647908,11.736805772063784,0.002450831220061989,0.0003488057544452221,0.0022013106147660633,0.002700351825357915,0.0019813092890015966,0.002960646191415422,0.00037039144287665,0.00012408054644111007,0.0002816295670793939,0.00045915331867390607,0.00024038461538461537,0.0005815695645577302,1.0,0.0,10,10,0.7224598312333834,1.0,1.0,1.0,362.68489469994165,110.09306092623126,283.929063263369,441.4407261365143,299.5260309000969,562.2879280497953
azimuth_subcell_count,9,SA-MNEC physical [approximate academic reference],scientific_controlled,10,10,0.0,-0.13733652363955154,0.03006510981731517,-0.15884380757710218,-0.1158292397020009,-0.17042350355959404,-0.08830997816534396,0.0051889439423197905,0.0013081863083752915,0.0042531238322851455,0.0061247640523544354,0.0029786257004599803,0.006401792007289993,-0.21813590743227912,0.0045446484356221175,-0.22138695307605646,-0.21488486178850177,-0.22499577062106127,-0.2137390982002126,24.182195003912934,0.04417865599830736,24.15059149724662,24.21379851057925,24.12222463924302,24.237456913924824,35.549530454596706,0.09445904338096683,35.48195852557971,35.617102383613705,35.430424732664754,35.689435235485114,34.51989782380913,0.07650434057252416,34.46516991544138,34.574625732176884,34.41378525366372,34.61875581711357,0.14387977834131677,0.0006261032507774374,0.1434318910570023,0.14432766562563124,0.14319094580633043,0.14484681130834978,0.004440714610832954,4.504220490198681e-05,0.004408493358494722,0.0044729358631711855,0.004368741465634957,0.004484619177666515,1.0,0.0,10,10,0.7224598312333834,1.0,1.0,1.0,7564.712411599976,732.9475657143562,7040.393308728229,8089.031514471722,6679.900034699972,8434.290732600175
azimuth_subcell_count,9,Shrinkage-SMI/MVDR global,scientific_controlled,10,10,0.0,-0.6488962717029466,0.09444883754845368,-0.7164608999071748,-0.5813316434987185,-0.7365212631482697,-0.4997024313105993,-0.011198369280998608,7.758788224214333e-05,-0.011253872308382661,-0.011142866253614554,-0.011314128448699773,-0.011102711300598514,-0.6153364466194383,0.007701527560521179,-0.6208457875466284,-0.6098271056922482,-0.6256698721283086,-0.6046397552280455,24.63926855381763,0.04584061027847326,24.606476156679538,24.67206095095572,24.573298983617562,24.695475481240443,36.0125867103983,0.09926668727271215,35.941575600121745,36.08359782067486,35.88938693563907,36.15613954730113,34.91836932306952,0.07781826483942368,34.86270148990348,34.97403715623556,34.809544726471145,35.02260842196998,0.14889790551329013,0.0006955800073206961,0.14840031755137575,0.1493954934752045,0.1480515638207946,0.14991753545599698,0.004379456835078137,3.33893845376431e-05,0.004355571508261949,0.004403342161894325,0.004325974814140494,0.004417387346381429,1.0,0.0,10,10,0.7224598312333834,1.0,1.0,1.0,4505.5237926999325,245.2709012980128,4330.067559614855,4680.98002578501,4143.81371675006,4856.588509899802
azimuth_subcell_count,9,Shrinkage-SMI/MVDR local,scientific_controlled,10,10,0.0,-0.13356292398634234,0.05117622257527183,-0.17017218822870225,-0.09695365974398243,-0.18836567444634839,-0.05204435452264664,-0.011695669733417197,2.8963408163722707e-05,-0.011716388907468496,-0.011674950559365899,-0.011727175621511184,-0.011653157575976052,-0.07670433912441174,0.004321964517664794,-0.07979608628962255,-0.07361259195920093,-0.08290149250265408,-0.0709869928833238,23.897807636173955,0.0457942681414046,23.865048390203654,23.930566882144255,23.82855382330916,23.95097432978773,35.35550996848771,0.09767095576279623,35.285640375766896,35.42537956120852,35.23795867742835,35.50282072433694,34.39246639964183,0.07935009282099398,34.335702762750365,34.4492300365333,34.28205393417968,34.4972106161017,0.13886183901568516,0.0006576520722118148,0.13839138306408136,0.13933229496728897,0.1380619892927585,0.13986061801446417,0.0045306099226217564,5.1532554523523515e-05,0.004493745753859385,0.004567474091384128,0.00445645577302382,0.0045858936428463054,1.0,0.0,10,10,0.7224598312333834,1.0,1.0,1.0,1636.6115087001162,170.0396626405733,1514.9724617357865,1758.250555664446,1444.1476023499945,1897.9815324001036
channel_amp_mismatch_db,0.0,Corrected JDL physical,scientific_controlled,10,10,0.0,-0.760377571039095,0.340486563441191,-1.0039469855979302,-0.5168081564802598,-1.2177808845636207,-0.2798192083690653,1.4440093771610056,0.12035094503019149,1.357915497489688,1.5301032568323232,1.3199185912454114,1.6478427223270162,-2.368351293953651,0.014864789839328376,-2.3789849240214953,-2.3577176638858064,-2.3889275782222232,-2.348607003255956,26.17226312182087,0.04240580450193522,26.1419278367158,26.202598406925937,26.112013584593566,26.221960971889896,37.97916511219258,0.07973913894183397,37.92212316847182,38.036207055913344,37.86348567432742,38.0860808158129,36.74632353560686,0.07109273278648721,36.69546685824143,36.79718021297229,36.65094819191899,36.829025351575844,0.15558448389217622,0.0006500491947664317,0.15511946671145846,0.15604950107289398,0.15475213675213675,0.15646022353714661,0.004317250796540737,4.006414932259519e-05,0.004288590630639689,0.004345910962441785,0.004273535882263693,0.004374336216052192,1.0,0.0,10,10,0.7224598312333834,1.0,1.0,1.0,3467.4883961999963,178.18879111622658,3340.0198139027034,3594.956978497289,3203.6080171501,3624.283290249923
channel_amp_mismatch_db,0.0,Current legacy CSI [production replay],production_replay,10,10,0.0,19.354786670705654,2.480332079695805,17.580463988314836,21.12910935309647,16.356924399320814,22.981603191442144,-6.95097515811967,0.09268993708972632,-7.017281544733776,-6.884668771505564,-7.090424145475136,-6.850361684837811,20.318930386291488,0.07503130879579085,20.265256221377985,20.37260455120499,20.221184147507643,20.43778133509904,7.0813973169966165,0.0813298158243418,7.023217471582734,7.139577162410499,6.966866793570848,7.195895934511597,11.017737030631274,0.12614248382252122,10.92750013368848,11.107973927574069,10.848870770905387,11.198732470780833,10.004676848825998,0.11799379790661327,9.920269170627996,10.089084527024,9.866793734296175,10.177931930827652,0.0007677279984972293,0.00014102814225044346,0.0006668425429976215,0.000868613453996837,0.0005963182117028271,0.0009558561097022635,0.0019862312243969045,0.00022068990452200223,0.0018283591771119795,0.0021441032716818294,0.0016363222576240327,0.0022378053406159914,1.0,0.0,10,10,0.7224598312333834,1.0,1.0,1.0,240.66952589996617,32.35520758211904,217.52400471094137,263.815047088991,204.02469954988192,292.3055199000828
channel_amp_mismatch_db,0.0,Current legacy CSI [scientific controlled],scientific_controlled,10,10,0.0,19.367078082157057,2.4979193894179885,17.580174196298465,21.15398196801565,16.348925553373707,22.992772487810935,-6.932580436482075,0.09250519229732473,-6.998754664633088,-6.866406208331062,-7.070771641799064,-6.831291654312483,20.318665561011265,0.07510356792875589,20.264939705027974,20.372391416994557,20.22084733003868,20.437583235012625,7.081394207371099,0.08172704948109587,7.02293019811756,7.1398582166246385,6.966940059177182,7.197200827922739,11.018416846968085,0.12503504514702604,10.928972163929782,11.107861530006389,10.851593654965312,11.197265915124559,10.005914396067677,0.1180486280695962,9.921467494733928,10.090361297401426,9.867972197607083,10.179262867588994,0.0007701700009392317,0.00013783649773925564,0.0006715677103822082,0.0008687722914962552,0.0006009204470742932,0.0009498450267681036,0.0019896449704142013,0.0002220878314091726,0.0018307729064764519,0.0021485170343519505,0.001638029130632681,0.0022428311333636776,1.0,0.0,10,10,0.7224598312333834,1.0,1.0,1.0,220.16254849995676,11.35849116567123,212.03717340282142,228.2879235970921,201.1892574499825,233.5816036997585
channel_amp_mismatch_db,0.0,DL-SMI/MVDR global,scientific_controlled,10,10,0.0,-0.8401474706701881,0.10944754472410967,-0.9184415276336363,-0.76185341370674,-0.9419640809606139,-0.6670018920989901,-0.011200042038816927,8.772300753376948e-05,-0.01126279529807155,-0.011137288779562306,-0.011334109440200598,-0.011091591212775247,-0.8045954504211335,0.007957848687493052,-0.8102881524366574,-0.7989027484056095,-0.814660723325115,-0.7949575682646371,24.867284542320725,0.04773510645969022,24.833136904256005,24.901432180385445,24.80242629248904,24.924309185278346,36.21289522764313,0.09897811935694263,36.14209054641797,36.28369990886829,36.083817780875805,36.35433281246241,35.106473572355114,0.07839153137466431,35.050395649014106,35.16255149569612,34.99461419817157,35.209492777259875,0.15173382173382172,0.0007019212580836453,0.15123169751438137,0.15223594595326206,0.1508944303559688,0.1527960927960928,0.004361250189652556,5.151510235950473e-05,0.00432439850541624,0.0043981018738888725,0.0042897511758458505,0.004413783947807616,1.0,0.0,10,10,0.7224598312333834,1.0,1.0,1.0,1837.9165730000295,350.18110046936056,1587.4121044275928,2088.421041572466,1474.4399516501971,2211.580780300028
channel_amp_mismatch_db,0.0,DL-SMI/MVDR local,scientific_controlled,10,10,0.0,-0.01591539438327292,0.046525901169602604,-0.04919801909295445,0.017367230326408613,-0.06248867652271843,0.05500143202840897,-0.012250567246112369,4.1784042738726287e-05,-0.012280457749646236,-0.012220676742578502,-0.012306805995890615,-0.012192320272180418,0.11925141256879956,0.0041313578301781775,0.11629601721381264,0.12220680792378649,0.11451351316304048,0.12576860910366452,23.60119662746456,0.04564030831131586,23.56854751772196,23.63384573720716,23.540971157959678,23.652850736482996,35.10192575551281,0.0894204778451298,35.03795819914822,35.1658933118774,34.9969836967892,35.23745926112878,34.20206688575592,0.0808283713997895,34.14424575207411,34.259888019437724,34.089818254408364,34.308823661386064,0.13510528787451864,0.0005934742495146486,0.13468074197159347,0.13552983377744382,0.13436244951629567,0.1360391659622429,0.00459850553785465,4.968148930879659e-05,0.0045629655413770955,0.004634045534332204,0.004524066909421939,0.004653409952966166,1.0,0.0,10,10,0.7224598312333834,1.0,1.0,1.0,1071.1737912999524,318.0795565031324,843.6333838971113,1298.7141987027935,795.8054873498668,1634.6875357000042
channel_amp_mismatch_db,0.0,MNEC physical,scientific_controlled,10,10,0.0,-0.21085898607219997,0.054116976268254534,-0.24957193877768846,-0.17214603336671147,-0.26858223148348365,-0.12743439305327486,-0.011610128453354327,4.825959393636177e-05,-0.011644651287157597,-0.011575605619551057,-0.011676156342895422,-0.011550932704089826,-0.22063337064116356,0.004725365240156341,-0.22401369329909523,-0.2172530479832319,-0.22768782493488315,-0.2160495095012457,24.183423054728785,0.04474511040906433,24.1514143309878,24.215431778469767,24.121495119750094,24.240657231295618,35.55887676983487,0.09374364911360603,35.49181660304754,35.625936936622196,35.43600568500011,35.6966934225193,34.523003053515716,0.07685247961144999,34.468026101482224,34.57798000554921,34.417068971232155,34.624123518185996,0.14379336902413825,0.0006410171813858921,0.14333481295656736,0.14425192509170914,0.14308058608058608,0.14478294355217433,0.004442990441511151,3.4020776625927545e-05,0.004418653444004213,0.004467327439018089,0.004391404946138674,0.004476179638901533,1.0,0.0,10,10,0.7224598312333834,1.0,1.0,1.0,2349.100085100008,347.4089219864787,2100.5787135499736,2597.6214566500425,1931.0076330999664,2844.52120320002
channel_amp_mismatch_db,0.0,Phase-only CSI [production replay],production_replay,10,10,0.0,16.01406464866994,2.2063170348255845,14.435760520975716,17.592368776364165,13.435328834849491,18.79140499524462,-6.699125846171546,0.019300122334760854,-6.712932321970417,-6.6853193703726745,-6.725982008743291,-6.679696959041191,18.580020971944666,0.08316668472345497,18.52052710967838,18.639514834210953,18.460982756708194,18.695470837358346,8.748086643572204,0.11673913200562044,8.664576499291204,8.831596787853204,8.609728076717683,8.906676629012242,12.844187563678961,0.16440894138675555,12.726576492049327,12.961798635308595,12.628948968495983,13.09068800234554,11.757671619823858,0.15868301288954678,11.64415663068798,11.871186608959736,11.562130847207412,11.992290463624892,0.0028992204376819767,0.00041484536603562385,0.002602457940165111,0.0031959829351988424,0.0023285432516201745,0.0035001408847562692,0.00029244424214838413,0.00013063193200805046,0.00019899578744192982,0.00038589269685483847,0.000147834167804582,0.00049527765134274,1.0,0.0,10,10,0.7224598312333834,1.0,1.0,1.0,223.81769399994482,14.579132595992291,213.3884108138704,234.24697718601925,207.02354469995043,245.29963304985358
channel_amp_mismatch_db,0.0,Phase-only CSI [scientific controlled],scientific_controlled,10,10,0.0,16.029903954993685,2.2190698109218396,14.442477040848297,17.617330869139074,13.445730809266236,18.824875783327634,-6.680868971510674,0.0189425222166048,-6.694419635595435,-6.667318307425913,-6.70766957212699,-6.66184343655292,18.57971037341853,0.08322495213479524,18.520174829157146,18.63924591767991,18.460610363558903,18.695200094574467,8.748046617705402,0.11710082381258702,8.664277734692444,8.83181550071836,8.60853034202565,8.906691972030245,12.845623966027148,0.16347029292940002,12.728684363053793,12.962563569000503,12.632978481019578,13.090510826706248,11.758785775654472,0.1587358097818227,11.64523301789709,11.872338533411854,11.563236390762462,11.99348077768281,0.0029046679815910585,0.00041903729079591597,0.0026049067617474734,0.0032044292014346437,0.0023346482577251805,0.0035131962055038974,0.00029301319981793353,0.0001298446901883463,0.00020012790398389884,0.0003858984956519682,0.0001471703838567744,0.0004926225155515095,1.0,0.0,10,10,0.7224598312333834,1.0,1.0,1.0,213.7873631999355,18.571193247114326,200.50233185789867,227.07239454197233,190.90753699995275,236.30924580002102
channel_amp_mismatch_db,0.0,Row complex LS / Wiener [scientific controlled],scientific_controlled,10,10,0.0,15.997532551793327,2.1130418002519322,14.485953507310402,17.509111596276252,13.36777591354991,18.752199613298963,-6.7136165169338895,0.02756261169136602,-6.733333621554784,-6.693899412312995,-6.755411428065885,-6.6810634303407035,18.775203803489582,0.07810580915015924,18.719330273515073,18.83107733346409,18.669689807340763,18.88859226844867,8.526628860251249,0.1077204095061718,8.449570321393553,8.603687399108944,8.389973713686459,8.661728876960487,12.56688341222699,0.15869780049180324,12.453357844677715,12.680408979776264,12.352243568561754,12.778298420684457,11.510984041352277,0.14860488243021022,11.404678512440084,11.61728957026447,11.322833236583836,11.719999366676408,0.00241626749319057,0.00034595252756764675,0.002168787963445911,0.0026637470229352294,0.0019381985535831688,0.002914717760871607,0.00036071916249431045,0.00012177144828191321,0.00027360911601187433,0.00044782920897674656,0.00023867774237596722,0.0005658284023668639,1.0,0.0,10,10,0.7224598312333834,1.0,1.0,1.0,213.52101439997568,16.444244674745928,201.75751040789552,225.28451839205584,192.01640189994578,234.43277164999472
channel_amp_mismatch_db,0.0,Row complex LS / Wiener robust IRLS [scientific controlled],scientific_controlled,10,10,0.0,15.99300687999045,2.1149659633181765,14.480051372169811,17.50596238781109,13.368837082802154,18.767708070889455,-6.689899634842073,0.02885993239426309,-6.710544786787084,-6.6692544828970615,-6.731891376663598,-6.657222728245209,18.773625315248644,0.07829450010168587,18.717616803898864,18.829633826598425,18.66767800155958,18.88719249997386,8.532288009084722,0.10879059498529943,8.454463905653828,8.610112112515615,8.393739646667056,8.670726075411881,12.57905251411908,0.1616665111472867,12.463403258900481,12.69470176933768,12.361908800107658,12.796312504197672,11.524815826662689,0.14973456889889902,11.4177021687335,11.631929484591877,11.336338428647908,11.736805772063784,0.002450831220061989,0.0003488057544452221,0.0022013106147660633,0.002700351825357915,0.0019813092890015966,0.002960646191415422,0.00037039144287665,0.00012408054644111007,0.0002816295670793939,0.00045915331867390607,0.00024038461538461537,0.0005815695645577302,1.0,0.0,10,10,0.7224598312333834,1.0,1.0,1.0,320.5255299000328,49.99974980537798,284.75786357834073,356.2931962217248,261.0573563498292,377.76167830002123
channel_amp_mismatch_db,0.0,SA-MNEC physical [approximate academic reference],scientific_controlled,10,10,0.0,-0.13733652363955154,0.03006510981731517,-0.15884380757710218,-0.1158292397020009,-0.17042350355959404,-0.08830997816534396,0.0051889439423197905,0.0013081863083752915,0.0042531238322851455,0.0061247640523544354,0.0029786257004599803,0.006401792007289993,-0.21813590743227912,0.0045446484356221175,-0.22138695307605646,-0.21488486178850177,-0.22499577062106127,-0.2137390982002126,24.182195003912934,0.04417865599830736,24.15059149724662,24.21379851057925,24.12222463924302,24.237456913924824,35.549530454596706,0.09445904338096683,35.48195852557971,35.617102383613705,35.430424732664754,35.689435235485114,34.51989782380913,0.07650434057252416,34.46516991544138,34.574625732176884,34.41378525366372,34.61875581711357,0.14387977834131677,0.0006261032507774374,0.1434318910570023,0.14432766562563124,0.14319094580633043,0.14484681130834978,0.004440714610832954,4.504220490198681e-05,0.004408493358494722,0.0044729358631711855,0.004368741465634957,0.004484619177666515,1.0,0.0,10,10,0.7224598312333834,1.0,1.0,1.0,7415.615047999927,1038.2005309776564,6672.93112834923,8158.298967650624,5999.833744849866,8706.194381999989
channel_amp_mismatch_db,0.0,Shrinkage-SMI/MVDR global,scientific_controlled,10,10,0.0,-0.6488962717029466,0.09444883754845368,-0.7164608999071748,-0.5813316434987185,-0.7365212631482697,-0.4997024313105993,-0.011198369280998608,7.758788224214333e-05,-0.011253872308382661,-0.011142866253614554,-0.011314128448699773,-0.011102711300598514,-0.6153364466194383,0.007701527560521179,-0.6208457875466284,-0.6098271056922482,-0.6256698721283086,-0.6046397552280455,24.63926855381763,0.04584061027847326,24.606476156679538,24.67206095095572,24.573298983617562,24.695475481240443,36.0125867103983,0.09926668727271215,35.941575600121745,36.08359782067486,35.88938693563907,36.15613954730113,34.91836932306952,0.07781826483942368,34.86270148990348,34.97403715623556,34.809544726471145,35.02260842196998,0.14889790551329013,0.0006955800073206961,0.14840031755137575,0.1493954934752045,0.1480515638207946,0.14991753545599698,0.004379456835078137,3.33893845376431e-05,0.004355571508261949,0.004403342161894325,0.004325974814140494,0.004417387346381429,1.0,0.0,10,10,0.7224598312333834,1.0,1.0,1.0,4466.009589299983,517.3647976627161,4095.9091083691897,4836.110070230777,3746.7462947000968,5085.906915999817
channel_amp_mismatch_db,0.0,Shrinkage-SMI/MVDR local,scientific_controlled,10,10,0.0,-0.13356292398634234,0.05117622257527183,-0.17017218822870225,-0.09695365974398243,-0.18836567444634839,-0.05204435452264664,-0.011695669733417197,2.8963408163722707e-05,-0.011716388907468496,-0.011674950559365899,-0.011727175621511184,-0.011653157575976052,-0.07670433912441174,0.004321964517664794,-0.07979608628962255,-0.07361259195920093,-0.08290149250265408,-0.0709869928833238,23.897807636173955,0.0457942681414046,23.865048390203654,23.930566882144255,23.82855382330916,23.95097432978773,35.35550996848771,0.09767095576279623,35.285640375766896,35.42537956120852,35.23795867742835,35.50282072433694,34.39246639964183,0.07935009282099398,34.335702762750365,34.4492300365333,34.28205393417968,34.4972106161017,0.13886183901568516,0.0006576520722118148,0.13839138306408136,0.13933229496728897,0.1380619892927585,0.13986061801446417,0.0045306099226217564,5.1532554523523515e-05,0.004493745753859385,0.004567474091384128,0.00445645577302382,0.0045858936428463054,1.0,0.0,10,10,0.7224598312333834,1.0,1.0,1.0,1720.3878775999328,255.76145357772262,1537.4271554937804,1903.3485997060852,1430.4151927999328,2085.244425000019
channel_amp_mismatch_db,0.75,Corrected JDL physical,scientific_controlled,10,10,0.0,-0.8064036347259183,0.3422704424553069,-1.0512491594569748,-0.5615581099948617,-1.266448323107444,-0.32424885359478084,1.6235946681396427,0.12012941201899849,1.5376592636377897,1.7095300726414957,1.4985915155237173,1.8266338566655151,-2.5320531902594965,0.014342572912141343,-2.542313248842046,-2.521793131676947,-2.552115586899122,-2.512947022499471,26.340493527137745,0.04044974994663676,26.31155751916733,26.36942953510816,26.280804531204492,26.387989749892323,38.143003286034144,0.08074491551954376,38.08524185309262,38.20076471897567,38.02530353949746,38.254641320629176,36.90967669899969,0.07112480824855329,36.85879707623096,36.96055632176842,36.81380127990517,36.991790465962524,0.15757715788485022,0.0006544256695007153,0.15710900996270732,0.1580453058069931,0.1567095895557434,0.1584474499859115,0.004321043847671067,4.387314025681461e-05,0.004289658893800323,0.004352428801541811,0.0042748634501593085,0.0043861895008344715,1.0,0.0,10,10,0.7224598312333834,1.0,1.0,1.0,3538.2376129000027,127.57668149768404,3446.9747527457075,3629.500473054298,3342.107337750167,3652.8487251500337
channel_amp_mismatch_db,0.75,Current legacy CSI [production replay],production_replay,10,10,0.0,19.331580549652152,2.466706454896017,17.567005052060466,21.096156047243838,16.351921030492974,22.898298587159584,-6.864023389142498,0.10356038616662032,-6.938106026575112,-6.789940751709884,-7.007526181813154,-6.718284702076376,20.252584517967847,0.07598589808860554,20.198227481011333,20.30694155492436,20.152316244536586,20.372302025296676,7.143275803192617,0.08268269053981693,7.0841281695080625,7.202423436877172,7.030154792670244,7.261363413307628,11.103658338581102,0.12697027719642764,11.01282927393154,11.194487403230664,10.941568236477858,11.290101934919408,10.08682118456909,0.11998718638840866,10.00098752215429,10.172654846983889,9.949262595333428,10.264715709142305,0.0008481262327416174,0.00015300286649158617,0.0007386745755586284,0.0009575778899246064,0.0006630036630036629,0.0010606743683666759,0.0019970414201183435,0.00021598753569273155,0.0018425332448500098,0.002151549595386677,0.001649597936580185,0.0022434949173114854,1.0,0.0,10,10,0.7224598312333834,1.0,1.0,1.0,211.15540759997202,22.72494492293047,194.8989613108192,227.41185388912484,185.80877565018454,245.0819635000471
channel_amp_mismatch_db,0.75,Current legacy CSI [scientific controlled],scientific_controlled,10,10,0.0,19.34526284736648,2.485191529899044,17.567463923713397,21.123061771019565,16.34451609069898,22.912137097131367,-6.845652418157823,0.10332952175252508,-6.919569905137465,-6.771734931178182,-6.987919140446661,-6.6998797434862745,20.25229581616996,0.07605576738112288,20.197888797732524,20.306702834607393,20.151955826894856,20.372076384172402,7.143414915785611,0.08286044688286164,7.084140122873473,7.202689708697749,7.030925753721957,7.262554454998957,11.103554046073993,0.12684151514212905,11.012817092249206,11.194290999898781,10.94085572429707,11.287523697735013,10.088077909898482,0.12003980774664773,10.002206604431663,10.173949215365301,9.950445293500259,10.26606024509026,0.0008522588522588522,0.00014973617212144622,0.0007451440474533434,0.000959373657064361,0.0006707053630130553,0.0010596412134873672,0.001999696555909573,0.0002106617936340902,0.0018489981870024785,0.002150394924816668,0.0016616408739189804,0.0022391329085116067,1.0,0.0,10,10,0.7224598312333834,1.0,1.0,1.0,211.55803029996605,19.09123649783905,197.90098242710312,225.21507817282898,187.07949104998534,240.25751454983035
channel_amp_mismatch_db,0.75,DL-SMI/MVDR global,scientific_controlled,10,10,0.0,-0.9038110173474273,0.11015034335124849,-0.9826078261623286,-0.825014208532526,-1.0053403858124996,-0.7310050024676747,0.14051174302195354,0.0023472694458547697,0.13883260761361185,0.14219087843029524,0.13656265990432445,0.14269495882514327,-0.9680523837249483,0.008021794973843109,-0.9737908301580259,-0.9623139372918706,-0.9784823553672081,-0.9586957814963094,25.032037900811865,0.048845924408379315,24.997095631456236,25.066980170167493,24.96565364348861,25.091590791345133,36.37380564188213,0.09904761307332352,36.30295124784703,36.44466003591723,36.24581856622749,36.5119954652055,35.26978897342101,0.07865246463598523,35.21352438966951,35.32605355717251,35.15710095383631,35.373227981050164,0.15402348079271155,0.000689939380205172,0.15352992789235845,0.15451703369306466,0.1532130177514793,0.15504395604395604,0.004362008799878623,5.226066526435143e-05,0.004324623772069466,0.00439939382768778,0.0042816909421939005,0.004415301168259748,1.0,0.0,10,10,0.7224598312333834,1.0,1.0,1.0,1777.5295079999978,465.00940584291465,1444.8818181739844,2110.1771978260113,1287.6395371001308,2353.854595299913
channel_amp_mismatch_db,0.75,DL-SMI/MVDR local,scientific_controlled,10,10,0.0,-0.07405966734056349,0.05534674038421013,-0.11365234029915533,-0.034466994381971656,-0.12725895161367123,0.011158524298994343,0.19186665381499818,0.0014486786830346236,0.19083033151451023,0.19290297611548612,0.18973308892393317,0.1935972838348602,-0.058436888928447825,0.004449647576727808,-0.06161997505173893,-0.05525380280515672,-0.06425255622780185,-0.0516051693893217,23.78040942585025,0.046799813937716934,23.746930855750257,23.813887995950246,23.716605012401892,23.833383466319347,35.28113192340883,0.09531069455926239,35.212950759839934,35.34931308697772,35.169123163028104,35.42492343308556,34.379584586073996,0.08128769240550103,34.321434873938685,34.43773429820931,34.266489443004986,34.48745269200909,0.13755912463604772,0.0006136487615973333,0.13712014675657896,0.13799810251551647,0.13678848501925425,0.13849995303841459,0.00460116067364588,4.729456337046784e-05,0.004567328181122427,0.004634993166169334,0.004528049613108784,0.004651513427401001,1.0,0.0,10,10,0.7224598312333834,1.0,1.0,1.0,1101.7584409000392,396.19267225638686,818.3392766937071,1385.1776051063712,718.0818976500404,1623.2940039499
channel_amp_mismatch_db,0.75,MNEC physical,scientific_controlled,10,10,0.0,-0.27870807578921125,0.06099481060875423,-0.3223411347885198,-0.23507501678990272,-0.3427473434478171,-0.18374827856246856,0.2106811838581951,0.00029511650586940653,0.21047007022764597,0.21089229748874422,0.21031567872294668,0.21108005033065538,-0.39862280698530794,0.00467616342525995,-0.4019679327851656,-0.39527768118545026,-0.4048540575438806,-0.3931371710469992,24.36543318009897,0.04255080369631536,24.33499416881884,24.3958721913791,24.30494025626169,24.417525338688066,35.733280094102376,0.09603807310421227,35.66457859526807,35.801981592936684,35.60710739445333,35.87416963379131,34.70096730795859,0.07726707142385617,34.64569377480892,34.756240841108266,34.59418032940964,34.80316269213408,0.146307880154034,0.0006643259934110047,0.14583264996681025,0.14678311034125777,0.14550408565793183,0.14730215084061238,0.00445645577302382,3.507062723734676e-05,0.004431367757631732,0.004481543788415908,0.004397473827947201,0.0044894553178576845,1.0,0.0,10,10,0.7224598312333834,1.0,1.0,1.0,2312.547377799956,266.3812159774576,2121.9897353210436,2503.1050202788683,1985.8026336999274,2666.9406411999034
channel_amp_mismatch_db,0.75,Phase-only CSI [production replay],production_replay,10,10,0.0,14.518033250316677,1.9902958050652273,13.094261401174755,15.941805099458598,12.401453248897882,17.295508075356555,-6.459835196165831,0.01694194884941108,-6.4719547362764045,-6.447715656055258,-6.483669530359017,-6.441714894499639,17.692307766061784,0.07444961651509552,17.639049718738445,17.745565813385124,17.584626447676104,17.7945709222886,9.503372059583054,0.0999968221264179,9.431838642296581,9.574905476869526,9.37640824684751,9.644865770251267,14.16939369200395,0.1450100871930395,14.065659724690333,14.273127659317568,13.983054993976518,14.372400382241768,13.185373363546997,0.1230337766667902,13.097360301736796,13.273386425357199,13.031342734168849,13.36576819561742,0.006997088381703766,0.0004525225345966956,0.006673373261458104,0.007320803501949428,0.006420494035878651,0.007632478632478632,0.0015056516461841906,3.85932467890646e-05,0.0014780437005685607,0.0015332595917998204,0.00145529889242907,0.0015572371415566682,1.0,0.0,10,10,0.7224598312333834,1.0,1.0,1.0,203.39530219998778,21.87112492255709,187.74964194458542,219.04096245539014,177.94683559998248,234.20075190001626
channel_amp_mismatch_db,0.75,Phase-only CSI [scientific controlled],scientific_controlled,10,10,0.0,14.534426893425096,2.0010920010871738,13.102931910900313,15.965921875949878,12.408985248997263,17.334843134784116,-6.44177844001932,0.01663537779536083,-6.453678672409198,-6.429878207629442,-6.465573291103418,-6.424102333811526,17.692044539313986,0.07449963100424006,17.63875071378044,17.745338364847534,17.58430978957208,17.79434247215076,9.503883723473404,0.10013169733687242,9.432253822273685,9.575513624673123,9.377062814932847,9.644991067734738,14.168342524858048,0.14551239063701785,14.064249231306873,14.272435818409223,13.982051712115407,14.372699564598252,13.185768190206591,0.12307979919174275,13.097722205865333,13.27381417454785,13.03157779118011,13.366225015302962,0.006998591152437306,0.00045449848411750657,0.006673462523056018,0.007323719781818594,0.006423969193199962,0.007641401333709025,0.0015050826885146412,3.739143896800071e-05,0.0014783344644234977,0.0015318309126057846,0.0014592815961159157,0.0015563837050523441,1.0,0.0,10,10,0.7224598312333834,1.0,1.0,1.0,205.7566996999867,21.330319814148012,190.4979081136864,221.01549128628702,179.20611235001616,233.8871733499445
channel_amp_mismatch_db,0.75,Row complex LS / Wiener [scientific controlled],scientific_controlled,10,10,0.0,16.012999062530586,2.114371642265689,14.500468706379227,17.525529418681945,13.382381166626924,18.76814427768945,-6.713955712632727,0.02755009277493738,-6.733663861760299,-6.694247563505156,-6.755818923930335,-6.681439358190367,18.774674538429597,0.07809703070898037,18.71880728817361,18.830541788685583,18.66917693865601,18.888063021455004,8.526700756529035,0.1065064956369176,8.450510599341003,8.602890913717067,8.392876751593564,8.661201807645586,12.568154421298406,0.16005222822725124,12.453659954514897,12.682648888081914,12.352720237657975,12.782069822628712,11.51148974337136,0.1485837257629009,11.405199349027235,11.617780137715485,11.323378130724684,11.720515661745432,0.002420400112707805,0.00034604340662108173,0.0021728555720046602,0.0026679446534109497,0.0019421433267587114,0.002919319996243073,0.00039618419056288877,0.00012354925623730403,0.000307802376882017,0.00048456600424376053,0.000275944469731452,0.0006068881808526779,1.0,0.0,10,10,0.7224598312333834,1.0,1.0,1.0,204.3696629000351,16.643644841505953,192.46351662160504,216.27580917846518,182.30622150013005,227.6438716999337
channel_amp_mismatch_db,0.75,Row complex LS / Wiener robust IRLS [scientific controlled],scientific_controlled,10,10,0.0,16.009238201733705,2.1163149136231976,14.495317712996515,17.523158690470897,13.384360560318761,18.784510426334123,-6.690421484724117,0.028843160892150183,-6.711054639059268,-6.669788330388966,-6.73236875390179,-6.65773625941639,18.773097110234122,0.07828617938255893,18.71709455116823,18.829099669300014,18.667165449707692,18.88666424275943,8.531562409773644,0.10893511671587068,8.453634921724719,8.609489897822568,8.393686376095403,8.670410430306054,12.580352777913173,0.16056740371788933,12.465489776784633,12.695215779041714,12.366446400512686,12.79486081263131,11.525329384492974,0.14973393423910203,11.418216180572054,11.632442588413893,11.336861955332173,11.737343062811847,0.0024506433737202966,0.00035184332419986624,0.0021989498219229207,0.0027023369255176725,0.0019722926646003566,0.0029612097304404996,0.00040604612350174477,0.00012387553068096772,0.00031743090714434597,0.0004946613398591436,0.00028751327567895615,0.0006204483386436048,1.0,0.0,10,10,0.7224598312333834,1.0,1.0,1.0,308.73208430002705,53.62574728357598,270.3705356411571,347.093632958897,251.99222594997082,376.3806944003136
channel_amp_mismatch_db,0.75,SA-MNEC physical [approximate academic reference],scientific_controlled,10,10,0.0,-0.13733652268291557,0.030065111177667775,-0.15884380759360384,-0.1158292377722273,-0.1704234998728773,-0.0883099764129585,0.005188944430597963,0.0013081834182948578,0.004253126388002315,0.006124762473193611,0.0029786300919121336,0.006401790256680801,-0.21813590744486944,0.004544648434564425,-0.22138695308789016,-0.2148848618018487,-0.22499577061543422,-0.21373909822680898,24.182194998113566,0.04417864202919173,24.150591501440157,24.213798494786975,24.122224660654076,24.237456899218433,35.54953045525931,0.09445904404853146,35.48195852576476,35.617102384753856,35.43042473059212,35.68943523812956,34.519897823821076,0.07650434056185457,34.46516991546096,34.57462573218119,34.41378525369291,34.61875581709957,0.14387977834131677,0.0006261032507774374,0.1434318910570023,0.14432766562563124,0.14319094580633043,0.14484681130834978,0.004440714610832954,4.504220490198681e-05,0.004408493358494722,0.0044729358631711855,0.004368741465634957,0.004484619177666515,1.0,0.0,10,10,0.7224598312333834,1.0,1.0,1.0,7287.7893890000905,1334.2669994408182,6333.312276498394,8242.266501501788,5503.311028900089,8709.91397560017
channel_amp_mismatch_db,0.75,Shrinkage-SMI/MVDR global,scientific_controlled,10,10,0.0,-0.7072569258373568,0.09610234433417696,-0.7760044015398746,-0.638509450134839,-0.796158718917194,-0.5566048244646175,0.16425762425423565,0.001980727674048884,0.1628406970336938,0.1656745514747775,0.16102817912222894,0.1665163326299116,-0.782619120751581,0.007726292218682468,-0.7881461772480116,-0.7770920642551504,-0.7932568640782575,-0.7718149883939466,24.809326385412408,0.0460622288903676,24.7763754518698,24.842277318955016,24.74487265192657,24.868133454433927,36.177600880107036,0.09903074563670784,36.1067585523092,36.24844320790487,36.05215855117819,36.31939924504149,35.08555486349705,0.07827051526397641,35.02956350986656,35.14154621712754,34.975651441737156,35.19046575565041,0.15126289095519865,0.0007287603137217308,0.150741567231957,0.1517842146784403,0.15038715131022823,0.1523391565699258,0.004387611895008345,3.717759881826772e-05,0.0043610166429450935,0.004414207147071596,0.004330241996662115,0.0044359732969200425,1.0,0.0,10,10,0.7224598312333834,1.0,1.0,1.0,4233.810774200038,668.9846879340897,3755.2479576762225,4712.373590723854,3389.4820436501504,4966.2413478998815
channel_amp_mismatch_db,0.75,Shrinkage-SMI/MVDR local,scientific_controlled,10,10,0.0,-0.19774981829417837,0.059030223101362744,-0.23997749605262747,-0.15552214053572927,-0.25889954128714515,-0.10355868881663925,0.2034275663188733,0.0008752410857339867,0.20280145656377604,0.20405367607397054,0.20213195182739604,0.204520532931114,-0.25447303968917667,0.004507651673540311,-0.25769761944369907,-0.2512484599346543,-0.26073337897235566,-0.2480962506913738,24.07634214446781,0.045025608246739214,24.044132764661526,24.10855152427409,24.00880193414693,24.130495734301537,35.535202419799695,0.09879332357104836,35.46452993351617,35.60587490608322,35.41252719232642,35.68535392541743,34.57004616361799,0.07980452973977224,34.51295744213833,34.62713488509765,34.45873041807696,34.67588228215729,0.1413243167089321,0.00066898679051167,0.1408457523883149,0.14180288102954933,0.14053526815065276,0.1423491124260355,0.004534402973752087,4.372029634836512e-05,0.0045031273578267925,0.004565678589677381,0.004468119405249583,0.004587600515854954,1.0,0.0,10,10,0.7224598312333834,1.0,1.0,1.0,1772.01485100004,279.2735987811353,1572.2345534476842,1971.7951485523956,1404.7023211501482,2148.7108945501404
channel_amp_mismatch_db,1.5,Corrected JDL physical,scientific_controlled,10,10,0.0,-0.8524100213388006,0.3463792775994393,-1.1001948296658395,-0.6046252130117616,-1.3165135976328488,-0.3634446595590046,1.7537296717125912,0.11945234291899737,1.6682786132672651,1.8391807301579173,1.627433703391744,1.9547474639042774,-2.6450976085986655,0.013713111354486905,-2.654907377508884,-2.635287839688447,-2.664642003548701,-2.626937555061382,26.46397109445241,0.0357852939687741,26.438371837278506,26.489570351626316,26.41335310728095,26.506531246953006,38.25864194218135,0.08004303203859706,38.20138260643513,38.315901277927566,38.13914629935583,38.36828273922997,37.021941465751596,0.07114807730148713,36.97104519730515,37.07283773419804,36.92573281192216,37.1047025309216,0.15912519958673804,0.0006793098185727607,0.15863925061670647,0.1596111485567696,0.15825678594909365,0.1600594533671457,0.0043130784402973755,4.67877977679408e-05,0.004279608466047414,0.004346548414547337,0.004263199817933546,0.004370637991200121,1.0,0.0,10,10,0.7224598312333834,1.0,1.0,1.0,3526.450089499894,157.7562831539157,3413.5980428803987,3639.3021361193896,3277.337894149923,3688.567885850057
channel_amp_mismatch_db,1.5,Current legacy CSI [production replay],production_replay,10,10,0.0,19.298643729005697,2.475282592229171,17.52793323234591,21.069354225665485,16.28619474939487,22.840277762315125,-6.832102037377309,0.09412631175009273,-6.899435944524316,-6.764768130230302,-6.9625107792383165,-6.69648161098232,20.196703870329102,0.07678337436057148,20.141776353214066,20.25163138744414,20.094342582324067,20.317127783662336,7.193653960031673,0.08253154341569971,7.134614450486178,7.252693469577168,7.08319496706343,7.313554793577271,11.169540462369136,0.13110641428280437,11.075752583490662,11.263328341247611,11.009414837210013,11.36184178590222,10.156792785865608,0.12176650610495546,10.06968627480359,10.243899296927626,10.019625022717044,10.338283979457543,0.0009249553864938479,0.0001626006344122893,0.0008086378997465713,0.0010412728732411246,0.000722550953320184,0.0011478350709119938,0.00199343802154453,0.0002181754635366732,0.001837364696983197,0.0021495113461058634,0.001650451373084509,0.0022496586253982704,1.0,0.0,10,10,0.7224598312333834,1.0,1.0,1.0,213.46953499992196,18.005648583471146,200.58906993867535,226.35000006116857,189.42831124995791,239.31403474985018
channel_amp_mismatch_db,1.5,Current legacy CSI [scientific controlled],scientific_controlled,10,10,0.0,19.312644103514668,2.493832698847172,17.528663659978605,21.09662454705073,16.279473883463133,22.854251425115166,-6.813756610205772,0.09382923783390398,-6.88087800347524,-6.746635216936304,-6.9429485010220935,-6.678097366731069,20.196386833961693,0.07685208139055702,20.141410166798263,20.251363501125123,20.093952155360967,20.316871723447658,7.19383853757599,0.08241296772657472,7.134883851968595,7.252793223183386,7.084167250244354,7.31433804322694,11.170257404956246,0.13043461400306605,11.076950103047336,11.263564706865155,11.010830212712612,11.360389497886784,10.158084366699294,0.12181667437320556,10.07094196742012,10.245226765978467,10.020834101981064,10.33966159214446,0.0009283366206443129,0.00016065420411847585,0.0008134115262497689,0.0010432617150388569,0.0007298769606461915,0.0011514041514041513,0.0019930587164314973,0.00022218318406153816,0.0018341184413153725,0.0021519989915476222,0.001642580791989076,0.0022533568502503412,1.0,0.0,10,10,0.7224598312333834,1.0,1.0,1.0,216.04719449996992,23.150251263586863,199.48650238286174,232.6078866170781,186.826932200006,253.01413094975942
channel_amp_mismatch_db,1.5,DL-SMI/MVDR global,scientific_controlled,10,10,0.0,-0.9643254422502437,0.11249308847541335,-1.044798149968721,-0.8838527345317666,-1.0666641970145432,-0.7890574692055763,0.24811182289176076,0.005245058171438224,0.2443597343064357,0.2518639114770858,0.2390587396037501,0.25268485953716846,-1.0806113597843214,0.008083745047462948,-1.0863941226303904,-1.0748285969382525,-1.0914588122919602,-1.0711302512409726,25.148987483659536,0.047597814934570624,25.114938058035445,25.183036909283626,25.08520186037611,25.20873232793928,36.49334297757554,0.09838753747723544,36.422960773176584,36.56372518197449,36.36854130546973,36.6336642797313,35.38174481035081,0.07902116641294571,35.32521647323691,35.43827314746471,35.26824798032147,35.48586352903386,0.15575861745092517,0.0006986651972489628,0.15525882247708928,0.15625841242476107,0.15493838639992485,0.15676575561190945,0.0043549916552875125,4.2143379408334204e-05,0.0043248440977854625,0.004385139212789563,0.004296768320436959,0.004405913366712183,1.0,0.0,10,10,0.7224598312333834,1.0,1.0,1.0,1771.1844193999696,379.7616787260854,1499.5192798880269,2042.8495589119123,1320.187398050075,2214.6497804001
channel_amp_mismatch_db,1.5,DL-SMI/MVDR local,scientific_controlled,10,10,0.0,-0.1327542496609894,0.06472705114240802,-0.17905719270091097,-0.08645130662106781,-0.1929077970107479,-0.03267897633416893,0.3774723258446454,0.002911257858008081,0.37538973743076426,0.37955491425852655,0.3731567847706284,0.38093941207961146,-0.2142900471581751,0.005003705438638939,-0.2178694823993095,-0.21071061191704069,-0.22139657494324805,-0.20710481945347398,23.93594220588389,0.04694919614775571,23.90235677418831,23.96952763757947,23.870666797263368,23.991912110478033,35.436785165970925,0.09713938986817446,35.36729583258382,35.50627449935803,35.32127476513005,35.585628121839584,34.53521935325183,0.08185410150868214,34.47666445645294,34.59377425005073,34.42119966950413,34.64430956723474,0.13968310322156474,0.0006458558320478523,0.1392210857918271,0.14014512065130239,0.13892072884380577,0.14070461162768855,0.004596988317402519,4.9240319807507383e-05,0.004561763914574429,0.004632212720230609,0.0045237824305871645,0.004649711728114095,1.0,0.0,10,10,0.7224598312333834,1.0,1.0,1.0,1131.8937437999011,421.47504679754707,830.3886583653994,1433.398829234403,706.0689308499605,1635.4700598496947
channel_amp_mismatch_db,1.5,MNEC physical,scientific_controlled,10,10,0.0,-0.34619275625538376,0.06817170807688662,-0.3949598584221952,-0.2974256540885723,-0.4168799993143252,-0.23954701288206393,0.4153493375251484,0.0006224340175872621,0.4149040750521363,0.41579459999816054,0.41460270222100776,0.4162101450525126,-0.5551214201454421,0.004803222981091002,-0.5585574388760371,-0.551685401414847,-0.5610179125405362,-0.5487736400864659,24.5197419379834,0.042088811878738246,24.489633415740492,24.54985046022631,24.454440284230614,24.562903749024755,35.893775520190324,0.09863897890971249,35.82321344542619,35.96433759495446,35.76127386202669,36.03567071517883,34.857445202780376,0.07781414450881556,34.80178031712129,34.91311008843946,34.749669937789406,34.960895491330966,0.1485128205128205,0.000658185632478105,0.14804198287519543,0.14898365815044556,0.14770263924110077,0.14948614633230017,0.004460628129267183,4.069558726402432e-05,0.0044315162598740215,0.004489739998660345,0.0043986117432863,0.004499601729631315,1.0,0.0,10,10,0.7224598312333834,1.0,1.0,1.0,2372.5162426000225,255.1892504381952,2189.9648499613672,2555.0676352386777,2157.555568400039,2724.513212650186
channel_amp_mismatch_db,1.5,Phase-only CSI [production replay],production_replay,10,10,0.0,11.914149357224122,1.3547716166932076,10.945004125165983,12.883294589282261,10.367836017844079,13.855543099660457,-6.128985477727349,0.014286488514491222,-6.139205415948721,-6.1187655395059775,-6.149319285615963,-6.112552300485977,15.99842116822955,0.05558361660908188,15.958659044227629,16.038183292231473,15.917153636302597,16.073891230214198,10.556310475030951,0.09173813988248834,10.490684963122158,10.621935986939745,10.428657593195872,10.673555250346089,16.523779449071,0.11420692100755178,16.442080739414926,16.605478158727074,16.374568417027106,16.69071644344474,15.84154445432153,0.07866316572528415,15.7852722154719,15.89781669317116,15.729006715617663,15.945759480310038,0.015359068282145205,0.0004766620815461453,0.015018084770281473,0.015700051794008935,0.01471841833380295,0.01599953038414577,0.00298778637536034,3.208810661057336e-05,0.002964831926695911,0.0030107408240247695,0.0029514679107874374,0.003038423607950235,1.0,0.0,10,10,0.7224598312333834,1.0,1.0,1.0,207.44706430004953,17.235070949337583,195.1178372709917,219.77629132910735,184.8127731000659,233.02867350021188
channel_amp_mismatch_db,1.5,Phase-only CSI [scientific controlled],scientific_controlled,10,10,0.0,11.930048798993738,1.3605616584487663,10.956761620579716,12.90333597740776,10.37686270615862,13.88304760545431,-6.111466037011804,0.014051427182449838,-6.121517822485966,-6.101414251537642,-6.1318049996590265,-6.095511483507563,15.998235470003408,0.05561976199890636,15.958447489147256,16.038023450859562,15.916928807116516,16.073731339774547,10.556077875670281,0.09143493104846206,10.49066926629487,10.621486485045693,10.428269246182959,10.672559026176906,16.522981138081644,0.11439454595515353,16.441148209623563,16.604814066539724,16.37236037203592,16.68993180284697,15.841578603144706,0.07867381900531689,15.785298743397634,15.897858462891778,15.729111096597505,15.945836364068338,0.015358504743120126,0.00048013633541780083,0.015015035899756099,0.015701973586484154,0.014708932093547478,0.01600084530853762,0.0029879760279168566,3.195143737118101e-05,0.0029651193465366644,0.003010832709297049,0.002950424821726597,0.003035863298437263,1.0,0.0,10,10,0.7224598312333834,1.0,1.0,1.0,212.12765059995036,20.480134324730216,197.47704507488848,226.77825612501223,185.31175755008462,242.48666689998117
channel_amp_mismatch_db,1.5,Row complex LS / Wiener [scientific controlled],scientific_controlled,10,10,0.0,16.026632696639467,2.1147406788436056,14.513838347623528,17.539427045655405,13.396212126358773,18.780773081821124,-6.7142484848723445,0.027539276697795816,-6.733948896644436,-6.694548073100253,-6.756181057161261,-6.681768976085676,18.773107570978723,0.07807182239859348,18.717258353661663,18.828956788295784,18.66765356325175,18.88648348094696,8.528063404059152,0.10668114685675267,8.451748308914869,8.604378499203435,8.394855994407365,8.662703145321798,12.56804053374115,0.15770478307022917,12.45522532806218,12.680855739420121,12.356952563079666,12.779928869574896,11.513045386656712,0.1484848413675942,11.406825729947665,11.61926504336576,11.325083667748988,11.72198085095369,0.00242528411759181,0.00035018603451692756,0.002174776119414372,0.0026757921157692485,0.0019450549450549452,0.0029281487743026205,0.0004409421939007738,0.00012259391225889256,0.0003532437921324669,0.0005286405956690806,0.00033179714762555,0.0006544909725383097,1.0,0.0,10,10,0.7224598312333834,1.0,1.0,1.0,205.65737830006583,20.785613874392816,190.78824586951018,220.52651073062148,180.98014834986316,237.14640525004143
channel_amp_mismatch_db,1.5,Row complex LS / Wiener robust IRLS [scientific controlled],scientific_controlled,10,10,0.0,16.023514455051107,2.11659638522559,14.509392613659301,17.537636296442912,13.398983439411822,18.79891570513827,-6.690931166170934,0.02880841726921746,-6.711539466415481,-6.670322865926387,-6.732769043761777,-6.658191324530116,18.771528073586108,0.07826154540000066,18.71554313660976,18.827513010562456,18.665639123692543,18.885082514432614,8.532214534667741,0.10851078242694422,8.454590597082854,8.609838472252628,8.395888693475491,8.671092952780203,12.583626363207948,0.1587677100195386,12.470050785395213,12.697201941020683,12.371561604833627,12.796771973007544,11.526911800341079,0.14965585069379464,11.419854454023541,11.633969146658616,11.338568696980753,11.738856447998899,0.0024609749225133837,0.0003563522613948129,0.0022060558713548695,0.002715893973671898,0.0019831877524185216,0.0029796186719263642,0.00045042482172659686,0.00012532783425101154,0.0003607706899807546,0.0005400789534724391,0.0003407108177818237,0.0006723183128508572,1.0,0.0,10,10,0.7224598312333834,1.0,1.0,1.0,312.4070157999995,43.773500262370774,281.0933400873948,343.7206915126042,254.3791089997967,367.73111915001664
channel_amp_mismatch_db,1.5,SA-MNEC physical [approximate academic reference],scientific_controlled,10,10,0.0,-0.13733652590609144,0.030065109692163413,-0.1588438097541139,-0.11582924205806897,-0.17042350267846376,-0.0883099800324066,0.005188944698986686,0.001308186373742345,0.004253124542191268,0.0061247648557821045,0.0029786256472305647,0.0064017932034762005,-0.2181359074293811,0.004544648432950499,-0.22138695307124728,-0.21488486178751492,-0.2249957706278206,-0.2137390982194161,24.18219499756183,0.044178657791993946,24.15059148961239,24.21379850551127,24.122224632095403,24.2374569093226,35.54953045640177,0.09445904691487589,35.481958524856765,35.61710238794677,35.43042472775039,35.689435240540774,34.51989782380524,0.07650434058906751,34.465169915425655,34.57462573218482,34.41378525364813,34.61875581714614,0.14387977834131677,0.0006261032507774374,0.1434318910570023,0.14432766562563124,0.14319094580633043,0.14484681130834978,0.004440714610832954,4.504220490198681e-05,0.004408493358494722,0.0044729358631711855,0.004368741465634957,0.004484619177666515,1.0,0.0,10,10,0.7224598312333834,1.0,1.0,1.0,7571.039182000141,1160.5532749160511,6740.829382004714,8401.248981995568,6293.620210850236,8762.271108050094
channel_amp_mismatch_db,1.5,Shrinkage-SMI/MVDR global,scientific_controlled,10,10,0.0,-0.7640559640927023,0.09865511221648093,-0.8346295799292486,-0.693482348256156,-0.8548561226591342,-0.6107245381387618,0.3025948792090867,0.004483476402576348,0.29938759340160287,0.3058021650165705,0.29506062752233114,0.3075158405631405,-0.9070582832897214,0.007793008616667463,-0.9126330658221942,-0.9014835007572486,-0.9179850750633187,-0.8962936923122768,24.937525646835482,0.0459901650998447,24.904626264623097,24.970425029047867,24.874842020527126,24.99793354651029,36.2982918580726,0.097266531832865,36.228711572803014,36.36787214334219,36.171046013656515,36.43212565987419,35.20961372426919,0.07887762015889173,35.153188073959456,35.266039374578924,35.0985049222616,35.315358692391946,0.15309984033060958,0.0007066818599173363,0.15259431058177078,0.15360537007944838,0.15226476941861558,0.154146614069691,0.004381353360643302,4.369606609071525e-05,0.0043500950780001515,0.004412611643286452,0.00431231983007131,0.0044369215597026244,1.0,0.0,10,10,0.7224598312333834,1.0,1.0,1.0,4260.463705799975,640.6397736198054,3802.1776194809418,4718.749792119009,3412.2936418999416,4980.025990050217
channel_amp_mismatch_db,1.5,Shrinkage-SMI/MVDR local,scientific_controlled,10,10,0.0,-0.26215684995950805,0.0672542705105916,-0.31026765682744395,-0.21404604309157219,-0.3297681301257062,-0.1549115697196795,0.40106672658340337,0.0017859301826096438,0.3997891490936346,0.4023443040731721,0.39843801232917236,0.40330498781524454,-0.41030204859111913,0.004936983965375729,-0.413833754165576,-0.40677034301666226,-0.4170458980716479,-0.40328506877514053,24.23427014360397,0.04531514077393098,24.201853644704844,24.266686642503092,24.165473990760052,24.288263510721524,35.68705579593956,0.10330257638509237,35.613157584514596,35.76095400736452,35.56766280836272,35.84417424110354,34.72561193673333,0.0803917727714977,34.668103126895424,34.783120746571235,34.61326447855781,34.83268432897942,0.14350295857988166,0.0006719082725550173,0.14302230435690896,0.14398361280285435,0.14267897060204754,0.14453808584577815,0.004533265058412988,4.514678123074304e-05,0.004500968996675776,0.0045655611201502,0.00446186087088454,0.0045754627522379,1.0,0.0,10,10,0.7224598312333834,1.0,1.0,1.0,1851.7271597999752,212.22315847063606,1699.9118577742674,2003.542461825683,1543.3114179499398,2073.3357075501317
channel_amp_mismatch_db,2.5,Corrected JDL physical,scientific_controlled,10,10,0.0,-0.9115968216612664,0.35497552225046486,-1.1655310129651066,-0.6576626303574262,-1.3827716651635094,-0.4063984607656462,1.8604450992389154,0.117994467748382,1.7760369418649793,1.9448532566128516,1.7320953895872973,2.057598123872532,-2.7205964173050257,0.012799251629079546,-2.729752450349556,-2.7114403842604955,-2.739417551107869,-2.7040427386623684,26.556367159006356,0.031271313847864995,26.533997008685503,26.57873730932721,26.509999157002934,26.590975260140354,38.335794848842994,0.07981359223776573,38.27869964444281,38.39289005324318,38.21751720618898,38.443167270555314,37.09581875334697,0.07123091421386353,37.044863226943185,37.14677427975075,36.99934455053237,37.179856742338245,0.16041476472245703,0.0007137720465558075,0.15990416295964155,0.1609253664852725,0.15954390908237062,0.16136244951629566,0.004308716431497496,4.79574781288148e-05,0.004274409718323568,0.004343023144671425,0.004259596419359733,0.004374905173721741,1.0,0.0,10,10,0.7224598312333834,1.0,1.0,1.0,3497.1488293999755,182.81964368124065,3366.367534739619,3627.930124060332,3216.9994856999892,3680.098327250016
channel_amp_mismatch_db,2.5,Current legacy CSI [production replay],production_replay,10,10,0.0,19.28065880513242,2.4792200158766793,17.507131645274526,21.05418596499031,16.240515847395727,22.799797317141252,-6.800050779388785,0.08083697715889127,-6.857878069259793,-6.7422234895177775,-6.9048133141745165,-6.68015111127026,20.13253104751233,0.0778857747959947,20.076814920632632,20.18824717439203,20.027792940104003,20.254140259356657,7.2545102989915105,0.0821054215514982,7.195775618664371,7.31324497931865,7.148894256587375,7.374742678270611,11.251246862716695,0.13470190806710108,11.154886922529132,11.347606802904258,11.083115138903358,11.445933546971885,10.238839586256216,0.12371645261214732,10.150338167493942,10.32734100501849,10.099364228491353,10.424238049983142,0.0010237625622241005,0.00019052389739027795,0.0008874699764673858,0.0011600551479808152,0.0008003193387808772,0.0013104160796468488,0.001965369443180094,0.00022736705992176958,0.0018027208466674912,0.002128018039692697,0.0016046502806857836,0.0022362881201638597,1.0,0.0,10,10,0.7224598312333834,1.0,1.0,1.0,242.36016199984078,30.707679751981118,220.39321122193707,264.3271127777445,205.53231429976222,284.9980711002445
channel_amp_mismatch_db,2.5,Current legacy CSI [scientific controlled],scientific_controlled,10,10,0.0,19.294625132283606,2.497602351745869,17.507948041513227,21.081302223053985,16.234327840159384,22.81331606454985,-6.781739379465838,0.08046915851939229,-6.839303547732924,-6.7241752111987525,-6.885122395842899,-6.661895094608182,20.132181391500435,0.07795324843969434,20.076416996883744,20.187945786117126,20.027367627015852,20.25384905763884,7.255305758873524,0.08246735031733918,7.1963121703042585,7.314299347442789,7.149483290845359,7.376680042688725,11.252622929877106,0.13376734508459975,11.15693153577317,11.348314323981041,11.085916580842875,11.443738906976854,10.240172818568203,0.12376329255989524,10.15163789252583,10.328707744610576,10.100713299776745,10.42565055638702,0.0010277073353996433,0.0001914219867599634,0.0008907722952101164,0.0011646423755891702,0.0008061425753733446,0.0013179299333145487,0.001970679714762555,0.0002275206319554738,0.001807921259435073,0.002133438170090037,0.0016111932938856015,0.002245106964041875,1.0,0.0,10,10,0.7224598312333834,1.0,1.0,1.0,228.50825830018948,18.48406891762029,215.2855519489371,241.73096465144187,198.655859450173,247.96282090019304
channel_amp_mismatch_db,2.5,DL-SMI/MVDR global,scientific_controlled,10,10,0.0,-1.0378893949007535,0.11794152408729365,-1.122259678661101,-0.9535191111404059,-1.142941120772764,-0.8558626231549575,0.33464972393614134,0.00977757716790921,0.32765526658510163,0.34164418128718105,0.3176819287537428,0.3434272530264346,-1.1569721655801244,0.008280665004807475,-1.1628957964776097,-1.1510485346826391,-1.1683843566369398,-1.146787021721216,25.23713955618589,0.04560986912572344,25.20451222132492,25.269766891046864,25.179896449783048,25.299876936258116,36.57229018912776,0.10072292639174586,36.50023734814061,36.64434303011492,36.450642567815656,36.71964199058443,35.4566776589178,0.07966618692078893,35.3996879019291,35.5136674159065,35.34214937267925,35.56213126792429,0.15716013900629286,0.0007205956949115202,0.15664465589950197,0.15767562211308375,0.15631097961867194,0.15820362543439465,0.00434664694280079,4.7488518780528617e-05,0.004312675702935293,0.004380618182666287,0.004278277196176604,0.00441198224852071,1.0,0.0,10,10,0.7224598312333834,1.0,1.0,1.0,1848.4007011998074,389.6578738259368,1569.6562501800342,2127.1451522195803,1420.6674368499534,2238.8171856497593
channel_amp_mismatch_db,2.5,DL-SMI/MVDR local,scientific_controlled,10,10,0.0,-0.2114216400755387,0.07781418217647443,-0.26708655268044396,-0.15575672747063346,-0.2810445074252229,-0.09066925164719078,0.5948267999731212,0.004835708372028696,0.5913675425937746,0.5982860573524678,0.5876216888798473,0.6005667580741917,-0.3865403844756207,0.006029159812707388,-0.39085338558503585,-0.3822273833662056,-0.39552827753117564,-0.37882583116321333,24.11057307245419,0.045049170646367,24.07834683712261,24.142799307785772,24.042537662137654,24.160091567165853,35.61537975177559,0.1042093117793439,35.540832900924435,35.68992660262675,35.498201400738814,35.77442916440742,34.70709241172851,0.08275174024840401,34.64789538285806,34.76628944059896,34.591747289733384,34.81795590292903,0.14212942612942614,0.0006440821036617131,0.14166867754853887,0.1425901747103134,0.14134657650042265,0.1431352493660186,0.0046059019875587925,3.7636463697631734e-05,0.004578978483335166,0.004632825491782419,0.004542652859960553,0.004644780761644667,1.0,0.0,10,10,0.7224598312333834,1.0,1.0,1.0,1051.0804399000335,251.64568186418632,871.0639635126904,1231.0969162873766,804.7662360000686,1438.5957343000425
channel_amp_mismatch_db,2.5,MNEC physical,scientific_controlled,10,10,0.0,-0.4345658805797818,0.07816811615782283,-0.4904839823025137,-0.37864777885704987,-0.5146540611960988,-0.3120971529031367,0.6578761474711492,0.0011835156237054308,0.6570295113963692,0.6587227835459292,0.6562976644313203,0.6594642141551338,-0.7262009788611413,0.005322613450303874,-0.7300085471507999,-0.7223934105714828,-0.7328361188938475,-0.7186998205697336,24.69097063920878,0.03875506082310766,24.663246938806406,24.71869433961115,24.633690599908004,24.737750113118274,36.05713718563649,0.09841071762361123,35.98673839915975,36.127535972113236,35.92802436643927,36.20138919201604,35.02856687867239,0.07874793294672604,34.9722340010055,35.08489975633928,34.91925328877532,35.13396229208332,0.15088982812059737,0.0006931446860070495,0.15039398228260303,0.1513856739585917,0.15004292288907675,0.15190927021696252,0.004469731451979973,5.1744224632938543e-05,0.004432715863543037,0.004506747040416909,0.004389223941738735,0.004519420421787285,1.0,0.0,10,10,0.7224598312333834,1.0,1.0,1.0,2416.447016499933,370.6616190492746,2151.291667522835,2681.602365477031,1966.1912172502525,2896.1845975994493
channel_amp_mismatch_db,2.5,Phase-only CSI [production replay],production_replay,10,10,0.0,8.907596258934944,0.8513498869525787,8.298577237878668,9.516615279991221,7.855005331183043,10.100224062162821,-5.5419028998890045,0.010694640683718804,-5.549553384959322,-5.534252414818687,-5.5570703409229845,-5.528155241890568,13.370162772814572,0.034786566065957106,13.345277962543165,13.39504758308598,13.31863017728944,13.416689653056164,12.129798281034018,0.08946575219803772,12.065798337348411,12.193798224719625,12.008186274031901,12.247509555654164,20.105356178075233,0.07089320961190158,20.054642230990652,20.156070125159815,19.99870449515796,20.19783644642002,19.363550426138623,0.05539056060778623,19.323926406080474,19.403174446196772,19.272965196479625,19.415838823607885,0.0277321311167465,0.0005014913347380976,0.027373385827141015,0.028090876406351988,0.02706311637080868,0.028388841927303465,0.0038156197845546956,5.405338155887949e-05,0.0037769523247637438,0.0038542872443456475,0.0037324571385222273,0.0038713776361705356,1.0,0.0,10,10,0.7224598312333834,1.0,1.0,1.0,223.5505096999077,21.649901611593123,208.06310306777223,239.03791633204318,191.79898320021493,252.21311969989983
channel_amp_mismatch_db,2.5,Phase-only CSI [scientific controlled],scientific_controlled,10,10,0.0,8.92288151519183,0.854187042440757,8.31183291536368,9.533930115019981,7.86669120607775,10.121169157334942,-5.525583517297824,0.010593081734260493,-5.53316135147228,-5.518005683123368,-5.5407782475851235,-5.512317008424599,13.37005538294422,0.03480801947889572,13.345155225825708,13.39495554006273,13.318499181882306,13.416598007931361,12.129718718463144,0.08952279193215788,12.065677971009817,12.19375946591647,12.007720590990164,12.24656269260474,20.105374968687283,0.07058661921974092,20.05488034315705,20.155869594217517,19.99919886860159,20.19798955035317,19.36350269121231,0.05538050665512689,19.32388586331863,19.403119519105992,19.27296602528784,19.415803899052676,0.02773231896308819,0.0005026496123158721,0.027372745091618373,0.02809189283455801,0.027064994834225604,0.028392880623649853,0.003816757699893794,5.394829122998716e-05,0.0037781654171953694,0.0038553499825922186,0.0037335002275830677,0.0038732741617357003,1.0,0.0,10,10,0.7224598312333834,1.0,1.0,1.0,219.6445770000537,11.978098783493774,211.07596131449702,228.21319268561035,202.84134785024435,234.96778214994265
channel_amp_mismatch_db,2.5,Row complex LS / Wiener [scientific controlled],scientific_controlled,10,10,0.0,16.041891406679877,2.113746175620247,14.52980848241281,17.553974330946943,13.413365532341137,18.792509936275184,-6.71456593386019,0.027527531978417598,-6.734257943966166,-6.694873923754215,-6.756592120080065,-6.68213546817864,18.769448181700813,0.07801340869164157,18.713640751032425,18.8252556123692,18.664093369796003,18.882788257297726,8.532269801184222,0.10683558211925527,8.455844229708378,8.608695372660067,8.398485597090884,8.667407665735755,12.57194183615027,0.1558918129508711,12.460423551166558,12.683460121133981,12.363396133094302,12.781412472871201,11.51671125592633,0.14828520918707586,11.410634407476277,11.622788104376383,11.329071448492064,11.7254478202382,0.0024312952005259695,0.00035897611194047496,0.002174499159759297,0.002688091241292642,0.0019385742462665538,0.0029430825584671736,0.000549044151115157,0.000118583832323011,0.00046421438772260653,0.0006338739145077075,0.00042027006524047945,0.0007507396449704141,1.0,0.0,10,10,0.7224598312333834,1.0,1.0,1.0,218.6508867000157,14.845342714685438,208.0311682670863,229.2706051329451,196.10708254999736,237.5017407496216
channel_amp_mismatch_db,2.5,Row complex LS / Wiener robust IRLS [scientific controlled],scientific_controlled,10,10,0.0,16.039595341737833,2.115441257980784,14.526299828597912,17.552890854877752,13.417218757228081,18.812579950818993,-6.691545616863332,0.02877643130150366,-6.712131035724979,-6.670960198001684,-6.733262086995692,-6.658709583051978,18.76786167220673,0.07820388262801231,18.711917984692544,18.823805359720918,18.662070707149336,18.881380402341694,8.536808409566646,0.1087076192597626,8.459043663394047,8.614573155739246,8.399751578986422,8.675656077384097,12.58724384105636,0.15753553571512702,12.474549707641684,12.699937974471036,12.37842137636643,12.801207030649353,11.530638208135304,0.1494836807275146,11.423704024792151,11.637572391478457,11.34257180842455,11.742410888156565,0.0024622898469052316,0.000364023399110905,0.002201883194404612,0.002722696499405851,0.0019685357377665067,0.002986099370714755,0.0005553026854802003,0.00012191576771660942,0.00046808939909348383,0.0006425159718669168,0.0004241579426490669,0.0007653428918221817,1.0,0.0,10,10,0.7224598312333834,1.0,1.0,1.0,328.64903559993763,49.25649514167362,293.41306163484535,363.8850095650299,266.307586099947,377.7930905499943
channel_amp_mismatch_db,2.5,SA-MNEC physical [approximate academic reference],scientific_controlled,10,10,0.0,-0.13733652344261144,0.030065109533899678,-0.15884380717741886,-0.11582923970780402,-0.1704235020103857,-0.08830997813862454,0.005188943511478515,0.0013081869311334262,0.004253122955949536,0.006124764067007493,0.0029786242594635136,0.006401792091915128,-0.21813590744962216,0.004544648422289557,-0.22138695308386197,-0.21488486181538236,-0.22499577062067283,-0.2137390982163896,24.182195000100887,0.04417866106437591,24.150591489810527,24.213798510391246,24.12222463158132,24.23745692933029,35.549530451776846,0.09445904181669924,35.48195852387886,35.61710237967483,35.430424730049936,35.6894352319444,34.51989782382414,0.07650434057884016,34.465169915451874,34.5746257321964,34.41378525369033,34.61875581713196,0.14387977834131677,0.0006261032507774374,0.1434318910570023,0.14432766562563124,0.14319094580633043,0.14484681130834978,0.004440714610832954,4.504220490198681e-05,0.004408493358494722,0.0044729358631711855,0.004368741465634957,0.004484619177666515,1.0,0.0,10,10,0.7224598312333834,1.0,1.0,1.0,7305.236176099878,1078.1988155886477,6533.939207324441,8076.533144875316,6004.475834449704,8653.295619549954
channel_amp_mismatch_db,2.5,Shrinkage-SMI/MVDR global,scientific_controlled,10,10,0.0,-0.8357761440119749,0.10350834774877599,-0.9098215554030068,-0.7617307326209429,-0.9301686120673788,-0.6762953079461305,0.4362586288592474,0.008476837801374131,0.43019466439696835,0.4423225933215264,0.4218464269119885,0.4454829063132114,-1.0091660920673795,0.008076055880820356,-1.0149433544149893,-1.0033888297197697,-1.0206644422214934,-0.9985722472580935,25.04634251183165,0.044906007238377656,25.014218689432663,25.078466334230637,24.985666087090905,25.10940057440701,36.402660256070206,0.1000638240047878,36.331078908527324,36.47424160361309,36.27490776725916,36.54796470243657,35.31081382237635,0.079894325222554,35.25366086507796,35.367966779674745,35.19796386517592,35.41796152709935,0.1547232084155161,0.0007210469584700566,0.15420740249422218,0.15523901433681,0.15390072320841552,0.15579073917535455,0.004380784402973752,4.677626510537054e-05,0.004347322678693605,0.004414246127253899,0.004310233651949628,0.00443768016992869,1.0,0.0,10,10,0.7224598312333834,1.0,1.0,1.0,4545.902631200079,489.9295810606297,4195.4281219332715,4896.377140466886,3892.1997429504245,5126.421743049923
channel_amp_mismatch_db,2.5,Shrinkage-SMI/MVDR local,scientific_controlled,10,10,0.0,-0.34757357437867636,0.07864687445618304,-0.40383415915644644,-0.2913129896009063,-0.42428836567928885,-0.2224020062962995,0.6350569625703686,0.0030137688935627494,0.6329010421792619,0.6372128829614753,0.6306474231942609,0.6388385808596004,-0.5810780723019098,0.00587005181220529,-0.5852772544043654,-0.5768788901994542,-0.5890360268034084,-0.5733010947902965,24.40653004447996,0.045046925570431,24.374305415178956,24.438754673780966,24.339622296344352,24.459138155508583,35.858034740747016,0.10413916561852565,35.78353806943643,35.9325314120576,35.73672719053666,36.01518706472555,34.89593195722385,0.08136717204099353,34.8377253887824,34.9541385256653,34.782042901928435,35.00487990685744,0.14594157978773364,0.0006851120026648912,0.14545148018524187,0.14643167939022542,0.14513759744528976,0.14703400018784635,0.0045471096950386895,4.261629815548067e-05,0.00451662383184489,0.004577595558232489,0.004479688211197087,0.004587410863298437,1.0,0.0,10,10,0.7224598312333834,1.0,1.0,1.0,1752.3836163000851,180.599389945797,1623.1905954824567,1881.5766371177135,1499.5879396999044,1919.0703796005891
channel_amp_mismatch_db,4.0,Corrected JDL physical,scientific_controlled,10,10,0.0,-0.98908100443245,0.3719625409528692,-1.2551669768774547,-0.7229950319874452,-1.4720687320590997,-0.44950812416622044,1.9168601809762233,0.11501176563931868,1.8345857201545548,1.999134641797892,1.784846341363427,2.1060192559805015,-2.697015581034491,0.011622344044406204,-2.7053297051105982,-2.688701456958384,-2.714728598672912,-2.6827470629770764,26.57206905130608,0.03178451449845696,26.54933177935566,26.5948063232565,26.530508570778398,26.6095977081792,38.32002315625506,0.08434224999852959,38.259688345250794,38.38035796725933,38.19157118229295,38.43669129009873,37.069001339873296,0.0716321580912755,37.017758780890816,37.120243898855776,36.97218358911869,37.155760405763814,0.1610006574621959,0.0007232336509985,0.16048328727530048,0.16151802764909134,0.1601362825208979,0.16198422090729783,0.004311561219845243,5.6784676635305264e-05,0.004270939909259038,0.0043521825304314475,0.004231243362160522,0.004391404946138674,1.0,0.0,10,10,0.7224598312333834,1.0,1.0,1.0,3383.201443100097,341.9648436354741,3138.574530595274,3627.82835560492,3021.9735132503047,3860.585165800103
channel_amp_mismatch_db,4.0,Current legacy CSI [production replay],production_replay,10,10,0.0,19.26197884402227,2.457224252873971,17.50418650513117,21.01977118291337,16.269271011605912,22.733793199831076,-6.774195118287703,0.08061952451410954,-6.831866851907538,-6.716523384667868,-6.872226505291257,-6.654674351720335,20.051718375273325,0.07943540304753381,19.994893711122153,20.108543039424497,19.94400720563812,20.174969905000477,7.329673924190255,0.08506147178529157,7.268824612913879,7.39052323546663,7.224605660088297,7.454237623031454,11.353212075146207,0.1354297457465289,11.256331471248217,11.450092679044197,11.181622799836303,11.546307356597303,10.345604833763556,0.12631295082517296,10.255245992073169,10.435963675453943,10.201769804159175,10.535936077011044,0.0011561942331173099,0.00020759877449250659,0.001007687016106366,0.0013047014501282538,0.0008962148962148962,0.001459847844463229,0.0019431800940676682,0.00019661603712956187,0.0018025294540761224,0.002083830734059214,0.001638503262023972,0.002181004399939311,1.0,0.0,10,10,0.7224598312333834,1.0,1.0,1.0,211.89123639978789,23.2031330052702,195.29271496356506,228.4897578360107,183.5696406999432,239.3139670999517
channel_amp_mismatch_db,4.0,Current legacy CSI [scientific controlled],scientific_controlled,10,10,0.0,19.275513109720244,2.475645813554367,17.504542780177072,21.046483439263415,16.263189894323492,22.74689273162118,-6.755920427654371,0.08021250421687942,-6.813300996493699,-6.698539858815043,-6.853074440101823,-6.6364746074215395,20.05133405684052,0.07950242454930824,19.994461448395203,20.108206665285838,19.943544203565896,20.174642734493425,7.33059838097177,0.08502050434189543,7.269778376038949,7.391418385904591,7.226334369742021,7.455189711047683,11.353447807674922,0.13547776897852182,11.256532850026277,11.450362765323566,11.181741345561107,11.547033681961635,10.346971267636025,0.12636279820188304,10.256576767280464,10.437365767991587,10.203143946622596,10.537385007933043,0.0011605146989762374,0.00020588545584869643,0.0010132331162893266,0.0013077962816631483,0.0009026955950032873,0.0014636047712970788,0.0019465938400849646,0.00019673186228971143,0.0018058603437652169,0.002087327336404712,0.0016448566226672735,0.0021891594598695188,1.0,0.0,10,10,0.7224598312333834,1.0,1.0,1.0,222.63031119991865,34.42702537435836,198.00270084523586,247.25792155460144,182.2210686498238,270.19140735001196
channel_amp_mismatch_db,4.0,DL-SMI/MVDR global,scientific_controlled,10,10,0.0,-1.1280117474796296,0.12965600261000693,-1.2207620643514223,-1.035261430607837,-1.2415361606653785,-0.9302195460794124,0.38105388284827063,0.016972476110833204,0.3689125048504176,0.39319526084612366,0.35188955484342127,0.3968537670810631,-1.1407364508645201,0.009164406077621558,-1.1472922720415613,-1.134180629687479,-1.153012605167647,-1.1291163604133396,25.240054228373914,0.044668222341923886,25.208100507042747,25.27200794970508,25.181683002651663,25.29947210511103,36.5595270789792,0.09888485989787084,36.48878911155214,36.630265046406265,36.433474043677116,36.70877201855139,35.43752483580651,0.08091786284868789,35.37963968379871,35.495409987814305,35.32152320647925,35.5458833731311,0.1575897435897436,0.0007267571067257207,0.15706985287446068,0.1581096343050265,0.15668930215084062,0.15859547290316522,0.0043485434683659535,5.64617741501249e-05,0.004308153148302488,0.004388933788429419,0.004253527537551207,0.004415111515703231,1.0,0.0,10,10,0.7224598312333834,1.0,1.0,1.0,1697.2981138999785,341.4580628269437,1453.0337305463675,1941.5624972535895,1325.324199650231,2154.9570400500215
channel_amp_mismatch_db,4.0,DL-SMI/MVDR local,scientific_controlled,10,10,0.0,-0.329201580610636,0.09800766798463764,-0.39931204274468146,-0.2590911184765905,-0.4156366037268885,-0.1760005521007253,0.8561933999820542,0.007435845750189336,0.8508741163726843,0.8615126835914242,0.8450443789425055,0.8649791249445351,-0.5695008839913668,0.008002216045874441,-0.5752253245031099,-0.5637764434796236,-0.5818217309278134,-0.5608962137771352,24.299621271291272,0.04247008315807522,24.269240004005628,24.330002538576917,24.2337371376323,24.348447653290012,35.805813162848764,0.10391915443966813,35.73147387805437,35.880152447643155,35.6800743169643,35.96036005682667,34.889350555959226,0.08429192502770975,34.82905174527038,34.949649366648075,34.77194775808659,35.003076267170876,0.14478651263266645,0.0006852215551029032,0.14429633466108158,0.14527669060425133,0.14396440311824926,0.1458822203437588,0.004609695038689122,4.3258524514517226e-05,0.004578749754434168,0.004640640322944076,0.00454492869063875,0.004662418449400698,1.0,0.0,10,10,0.7224598312333834,1.0,1.0,1.0,943.3467560999816,156.51295506163547,831.3841328177261,1055.309379382237,782.0455902500726,1187.513720150173
channel_amp_mismatch_db,4.0,MNEC physical,scientific_controlled,10,10,0.0,-0.5608549996538241,0.09390517626529209,-0.6280307160046162,-0.493679283303032,-0.6556918585530931,-0.4142702955209241,0.9523630430531836,0.002331277249165625,0.9506953477731857,0.9540307383331816,0.9490517876985924,0.9553616554476219,-0.8974581475602068,0.006947212373672943,-0.9024278839091823,-0.8924884112112313,-0.9081761025288786,-0.8882935037986768,24.858682833026375,0.032331700784979746,24.83555412758702,24.88181153846573,24.809349819000335,24.899438301953882,36.221081407552184,0.10346889048451326,36.14706422218764,36.29509859291673,36.08619339338989,36.37406232281887,35.200335744121695,0.08053413013571846,35.142725097960174,35.257946390283216,35.08835295209793,35.30916429247695,0.1532508687893303,0.0006621455203953969,0.1527771984185366,0.15372453916012402,0.15244068751761058,0.1542355593124824,0.004469541799423456,4.040039677010457e-05,0.004440641096588706,0.004498442502258206,0.004405723714155667,0.004514489455317857,1.0,0.0,10,10,0.7224598312333834,1.0,1.0,1.0,2294.5579658001407,404.1839269200607,2005.4222023825218,2583.6937292177595,1810.7535065500997,2883.7722347504496
channel_amp_mismatch_db,4.0,Phase-only CSI [production replay],production_replay,10,10,0.0,5.812587420158022,0.5301687632009625,5.433327534055221,6.191847306260823,5.0928393294756615,6.528255143197579,-4.371429959098699,0.006929249824615853,-4.3763868458141575,-4.366473072383241,-4.381025164188407,-4.362050729464025,9.687772925317132,0.018514809630065014,9.674528228384936,9.701017622249328,9.659887837098609,9.712057746064637,14.74548209890646,0.08052591814955827,14.687877327245953,14.803086870566968,14.639932063682734,14.86266241775124,24.557880497630283,0.07744724312030844,24.502478077413286,24.61328291784728,24.45754221386673,24.670420335219575,23.644753981184053,0.05081567151273461,23.608402639634246,23.68110532273386,23.564088370328296,23.702582484004747,0.04789969005353621,0.0006361742997101038,0.04744459837481706,0.04835478173225537,0.04706292852446699,0.04883328637174791,0.00421047640722197,4.654501178313293e-05,0.004177180111602921,0.004243772702841019,0.004137934304354423,0.004269079047185556,1.0,0.0,10,10,0.7224598312333834,1.0,1.0,1.0,196.73349289996622,16.745916287529948,184.754186036336,208.71279976359645,172.5416665505236,215.54900225032725
channel_amp_mismatch_db,4.0,Phase-only CSI [scientific controlled],scientific_controlled,10,10,0.0,5.825893426762709,0.5315350064277965,5.445656189132313,6.206130664393106,5.105205768027885,6.5434842438921725,-4.357620944171639,0.007103700961296594,-4.362702625712482,-4.352539262630796,-4.3680599236433055,-4.348635639092972,9.687722509634856,0.018525093185874034,9.674470456289995,9.700974562979717,9.65982590366584,9.712014725044456,14.746415704220635,0.08090666862105514,14.688538560080879,14.80429284836039,14.639918277618538,14.864010546379475,24.557820769038422,0.0769808194645916,24.502752008204666,24.612889529872177,24.458514166190998,24.670169127641664,23.644712376516136,0.050807033462879875,23.608367214254947,23.681057538777324,23.564069873469762,23.70252478803041,0.047899314360852825,0.0006366225561793048,0.04744390201877277,0.04835472670293288,0.047062646754954446,0.04883309852540622,0.00421047640722197,4.6407429005386044e-05,0.00417727853239313,0.00424367428205081,0.004137934304354423,0.004268225610681232,1.0,0.0,10,10,0.7224598312333834,1.0,1.0,1.0,198.35468940000283,18.758008987626717,184.93601812784044,211.7733606721652,175.74026345018865,225.6711042999086
channel_amp_mismatch_db,4.0,Row complex LS / Wiener [scientific controlled],scientific_controlled,10,10,0.0,16.058527871261234,2.1091976625296924,14.549698757245539,17.567356985276927,13.436184970872608,18.802076253714112,-6.714888231512518,0.027515542817348717,-6.734571665089326,-6.69520479793571,-6.75705580090217,-6.682530531492724,18.76081256163453,0.07787635146335865,18.70510317580091,18.81652194746815,18.65568855892218,18.874060649532595,8.541175339169945,0.1054194799763754,8.465762786141614,8.616587892198275,8.411213419765255,8.675179420522916,12.581435395151534,0.1575849072269261,12.468705943484933,12.694164846818135,12.372281239329977,12.79203472589359,11.525515712516464,0.14789191679956437,11.419720208491896,11.631311216541032,11.33848747656279,11.733835606623474,0.0024406875176105946,0.0003617428838695426,0.0021819122474371283,0.0026994627877840608,0.0019443974828590213,0.002954353338968723,0.0007629722348657259,0.00012129875326808077,0.000676200334025868,0.0008497441357055839,0.0006051813078440297,0.0009575557578516157,1.0,0.0,10,10,0.7224598312333834,1.0,1.0,1.0,195.75265520006724,20.340663792672608,181.20182088329665,210.30348951683783,174.1726528999152,226.83997045014618
channel_amp_mismatch_db,4.0,Row complex LS / Wiener robust IRLS [scientific controlled],scientific_controlled,10,10,0.0,16.057370475895247,2.1106022717327333,14.547536564985922,17.567204386804573,13.441666313618773,18.821428311067788,-6.692216487516681,0.028741802928288245,-6.712777134732406,-6.671655840300957,-6.733787022016509,-6.659229956608003,18.759209751862908,0.07806698373710082,18.703363995915762,18.815055507810055,18.653649756585583,18.872634689974554,8.545682318005367,0.10788623944556973,8.468505151555302,8.622859484455432,8.410982139622535,8.683566722914057,12.595105779319406,0.1569904780143884,12.482801556695124,12.707410001943687,12.388027114785611,12.807768745765845,11.539571945834469,0.14910914942846182,11.432905686042607,11.64623820562633,11.3520493888573,11.750927415847611,0.002476002629848784,0.00036618255538971,0.002214051409992982,0.0027379538497045858,0.0019695688926458154,0.0029927679158448387,0.0007663859808830223,0.00012487484367595212,0.000677055899073403,0.0008557160626926416,0.0006017675618267334,0.0009646677287209831,1.0,0.0,10,10,0.7224598312333834,1.0,1.0,1.0,295.28051129982487,39.81931309443276,266.79549068543247,323.76553191421726,246.6968275502495,345.4698716493567
channel_amp_mismatch_db,4.0,SA-MNEC physical [approximate academic reference],scientific_controlled,10,10,0.0,-0.13733652417229078,0.030065109486369288,-0.15884380787309701,-0.11582924047148456,-0.17042350326356656,-0.08830997827392405,0.005188944492590468,0.00130818679423464,0.004253124034992982,0.006124764950187953,0.0029786251250602564,0.006401791446760036,-0.21813590743588102,0.0045446484509262764,-0.2213869530906063,-0.21488486178115573,-0.2249957706278818,-0.21373909818477135,24.182195004976972,0.04417865900930877,24.150591496156718,24.213798513797226,24.12222463472008,24.237456920820073,35.54953045333271,0.09445904590972139,35.481958522506744,35.61710238415867,35.43042472991913,35.689435238387276,34.51989782381979,0.07650434056319085,34.465169915458716,34.57462573218086,34.41378525369303,34.61875581710398,0.14387977834131677,0.0006261032507774374,0.1434318910570023,0.14432766562563124,0.14319094580633043,0.14484681130834978,0.004440714610832954,4.504220490198681e-05,0.004408493358494722,0.0044729358631711855,0.004368741465634957,0.004484619177666515,1.0,0.0,10,10,0.7224598312333834,1.0,1.0,1.0,7012.92943389999,1000.258011365274,6297.387957685159,7728.470910114821,5783.0910921999475,8550.49100830006
channel_amp_mismatch_db,4.0,Shrinkage-SMI/MVDR global,scientific_controlled,10,10,0.0,-0.9308520932649087,0.1134139825766691,-1.0119835689384165,-0.8497206175914009,-1.0328947597228026,-0.7574691835878047,0.5540247457865528,0.014953835491433967,0.5433274162965249,0.5647220752765807,0.5286261098016335,0.5702045360263815,-1.0443636550000248,0.009202328923174024,-1.0509466045465272,-1.0377807054535224,-1.0571659094245454,-1.0339647603291764,25.092920217720405,0.04206770575684912,25.062826793887545,25.123013641553264,25.034006274790237,25.148724131345435,36.436942304716005,0.10284742594348535,36.36336968830272,36.51051492112929,36.31024470807127,36.594796784544734,35.34415061444509,0.08174942348322574,35.285670599794614,35.40263062909557,35.22855315449006,35.454070763829314,0.15568798722644878,0.0007577443214124489,0.15514592959314194,0.1562300448597556,0.1548123415046492,0.15680820888513197,0.004389887725686542,4.559600523418216e-05,0.004357270308456128,0.004422505142916957,0.004319811106053709,0.004449154149597937,1.0,0.0,10,10,0.7224598312333834,1.0,1.0,1.0,4326.601506499901,456.4341582313737,4000.088179273488,4653.114833726314,3809.8150679998525,5049.5887136998135
channel_amp_mismatch_db,4.0,Shrinkage-SMI/MVDR local,scientific_controlled,10,10,0.0,-0.4724588260623982,0.09622370003074207,-0.5412931144005366,-0.4036245377242597,-0.5633898839845333,-0.3196691122515172,0.9200261957936281,0.0047189102252740275,0.9166504907751708,0.9234019008120854,0.9131606835031004,0.9258964371002455,-0.7566100756627656,0.007915342134466154,-0.7622723703220313,-0.7509477810034999,-0.7693418267073917,-0.7480277878854755,24.585132270679914,0.03675035592919998,24.558842649767897,24.61142189159193,24.531634257634988,24.630595115409296,36.0334725691097,0.1048139308652325,35.95849319981995,36.10845193839945,35.89539939807715,36.18484632479957,35.070743349137146,0.08313937913748398,35.011269020110355,35.13021767816394,34.954326797558195,35.182891910432275,0.14849591434206819,0.0006894570943580417,0.1480027064482265,0.14898912223590988,0.1476870479947403,0.149590119282427,0.004543885601577909,4.6510654243318145e-05,0.0045106138838622405,0.004577157319293578,0.004472671066605978,0.004592721134880898,1.0,0.0,10,10,0.7224598312333834,1.0,1.0,1.0,1497.3830971999632,153.8060156382348,1387.356901728369,1607.4092926715575,1342.2688781999113,1756.6958400998828
channel_fixed_phase_mismatch_deg,0.0,Corrected JDL physical,scientific_controlled,10,10,0.0,-0.760377571039095,0.340486563441191,-1.0039469855979302,-0.5168081564802598,-1.2177808845636207,-0.2798192083690653,1.4440093771610056,0.12035094503019149,1.357915497489688,1.5301032568323232,1.3199185912454114,1.6478427223270162,-2.368351293953651,0.014864789839328376,-2.3789849240214953,-2.3577176638858064,-2.3889275782222232,-2.348607003255956,26.17226312182087,0.04240580450193522,26.1419278367158,26.202598406925937,26.112013584593566,26.221960971889896,37.97916511219258,0.07973913894183397,37.92212316847182,38.036207055913344,37.86348567432742,38.0860808158129,36.74632353560686,0.07109273278648721,36.69546685824143,36.79718021297229,36.65094819191899,36.829025351575844,0.15558448389217622,0.0006500491947664317,0.15511946671145846,0.15604950107289398,0.15475213675213675,0.15646022353714661,0.004317250796540737,4.006414932259519e-05,0.004288590630639689,0.004345910962441785,0.004273535882263693,0.004374336216052192,1.0,0.0,10,10,0.7224598312333834,1.0,1.0,1.0,3633.8615530001334,307.9453955349996,3413.5706876323907,3854.152418367876,3275.1333131500814,4004.505944600078
channel_fixed_phase_mismatch_deg,0.0,Current legacy CSI [production replay],production_replay,10,10,0.0,19.354786670705654,2.480332079695805,17.580463988314836,21.12910935309647,16.356924399320814,22.981603191442144,-6.95097515811967,0.09268993708972632,-7.017281544733776,-6.884668771505564,-7.090424145475136,-6.850361684837811,20.318930386291488,0.07503130879579085,20.265256221377985,20.37260455120499,20.221184147507643,20.43778133509904,7.0813973169966165,0.0813298158243418,7.023217471582734,7.139577162410499,6.966866793570848,7.195895934511597,11.017737030631274,0.12614248382252122,10.92750013368848,11.107973927574069,10.848870770905387,11.198732470780833,10.004676848825998,0.11799379790661327,9.920269170627996,10.089084527024,9.866793734296175,10.177931930827652,0.0007677279984972293,0.00014102814225044346,0.0006668425429976215,0.000868613453996837,0.0005963182117028271,0.0009558561097022635,0.0019862312243969045,0.00022068990452200223,0.0018283591771119795,0.0021441032716818294,0.0016363222576240327,0.0022378053406159914,1.0,0.0,10,10,0.7224598312333834,1.0,1.0,1.0,215.23312110002735,22.9289363108905,198.8307481627322,231.6354940373225,181.19908110029428,246.56896065030193
channel_fixed_phase_mismatch_deg,0.0,Current legacy CSI [scientific controlled],scientific_controlled,10,10,0.0,19.367078082157057,2.4979193894179885,17.580174196298465,21.15398196801565,16.348925553373707,22.992772487810935,-6.932580436482075,0.09250519229732473,-6.998754664633088,-6.866406208331062,-7.070771641799064,-6.831291654312483,20.318665561011265,0.07510356792875589,20.264939705027974,20.372391416994557,20.22084733003868,20.437583235012625,7.081394207371099,0.08172704948109587,7.02293019811756,7.1398582166246385,6.966940059177182,7.197200827922739,11.018416846968085,0.12503504514702604,10.928972163929782,11.107861530006389,10.851593654965312,11.197265915124559,10.005914396067677,0.1180486280695962,9.921467494733928,10.090361297401426,9.867972197607083,10.179262867588994,0.0007701700009392317,0.00013783649773925564,0.0006715677103822082,0.0008687722914962552,0.0006009204470742932,0.0009498450267681036,0.0019896449704142013,0.0002220878314091726,0.0018307729064764519,0.0021485170343519505,0.001638029130632681,0.0022428311333636776,1.0,0.0,10,10,0.7224598312333834,1.0,1.0,1.0,220.56110369994713,24.207024704208827,203.24444140400962,237.87776599588463,183.43809399943893,250.34755525025503
channel_fixed_phase_mismatch_deg,0.0,DL-SMI/MVDR global,scientific_controlled,10,10,0.0,-0.8401474706701881,0.10944754472410967,-0.9184415276336363,-0.76185341370674,-0.9419640809606139,-0.6670018920989901,-0.011200042038816927,8.772300753376948e-05,-0.01126279529807155,-0.011137288779562306,-0.011334109440200598,-0.011091591212775247,-0.8045954504211335,0.007957848687493052,-0.8102881524366574,-0.7989027484056095,-0.814660723325115,-0.7949575682646371,24.867284542320725,0.04773510645969022,24.833136904256005,24.901432180385445,24.80242629248904,24.924309185278346,36.21289522764313,0.09897811935694263,36.14209054641797,36.28369990886829,36.083817780875805,36.35433281246241,35.106473572355114,0.07839153137466431,35.050395649014106,35.16255149569612,34.99461419817157,35.209492777259875,0.15173382173382172,0.0007019212580836453,0.15123169751438137,0.15223594595326206,0.1508944303559688,0.1527960927960928,0.004361250189652556,5.151510235950473e-05,0.00432439850541624,0.0043981018738888725,0.0042897511758458505,0.004413783947807616,1.0,0.0,10,10,0.7224598312333834,1.0,1.0,1.0,1799.2258969999966,326.837967384532,1565.4200998875358,2033.0316941124574,1409.3689522001569,2265.438589250425
channel_fixed_phase_mismatch_deg,0.0,DL-SMI/MVDR local,scientific_controlled,10,10,0.0,-0.01591539438327292,0.046525901169602604,-0.04919801909295445,0.017367230326408613,-0.06248867652271843,0.05500143202840897,-0.012250567246112369,4.1784042738726287e-05,-0.012280457749646236,-0.012220676742578502,-0.012306805995890615,-0.012192320272180418,0.11925141256879956,0.0041313578301781775,0.11629601721381264,0.12220680792378649,0.11451351316304048,0.12576860910366452,23.60119662746456,0.04564030831131586,23.56854751772196,23.63384573720716,23.540971157959678,23.652850736482996,35.10192575551281,0.0894204778451298,35.03795819914822,35.1658933118774,34.9969836967892,35.23745926112878,34.20206688575592,0.0808283713997895,34.14424575207411,34.259888019437724,34.089818254408364,34.308823661386064,0.13510528787451864,0.0005934742495146486,0.13468074197159347,0.13552983377744382,0.13436244951629567,0.1360391659622429,0.00459850553785465,4.968148930879659e-05,0.0045629655413770955,0.004634045534332204,0.004524066909421939,0.004653409952966166,1.0,0.0,10,10,0.7224598312333834,1.0,1.0,1.0,1024.9053921999803,146.84292600645955,919.8602909835931,1129.9504934163674,820.4870502995163,1194.7058657000525
channel_fixed_phase_mismatch_deg,0.0,MNEC physical,scientific_controlled,10,10,0.0,-0.21085898607219997,0.054116976268254534,-0.24957193877768846,-0.17214603336671147,-0.26858223148348365,-0.12743439305327486,-0.011610128453354327,4.825959393636177e-05,-0.011644651287157597,-0.011575605619551057,-0.011676156342895422,-0.011550932704089826,-0.22063337064116356,0.004725365240156341,-0.22401369329909523,-0.2172530479832319,-0.22768782493488315,-0.2160495095012457,24.183423054728785,0.04474511040906433,24.1514143309878,24.215431778469767,24.121495119750094,24.240657231295618,35.55887676983487,0.09374364911360603,35.49181660304754,35.625936936622196,35.43600568500011,35.6966934225193,34.523003053515716,0.07685247961144999,34.468026101482224,34.57798000554921,34.417068971232155,34.624123518185996,0.14379336902413825,0.0006410171813858921,0.14333481295656736,0.14425192509170914,0.14308058608058608,0.14478294355217433,0.004442990441511151,3.4020776625927545e-05,0.004418653444004213,0.004467327439018089,0.004391404946138674,0.004476179638901533,1.0,0.0,10,10,0.7224598312333834,1.0,1.0,1.0,2348.244114300087,409.3262622739049,2055.429745774113,2641.0584828260608,1862.5843231001454,2995.876755549989
channel_fixed_phase_mismatch_deg,0.0,Phase-only CSI [production replay],production_replay,10,10,0.0,16.01406464866994,2.2063170348255845,14.435760520975716,17.592368776364165,13.435328834849491,18.79140499524462,-6.699125846171546,0.019300122334760854,-6.712932321970417,-6.6853193703726745,-6.725982008743291,-6.679696959041191,18.580020971944666,0.08316668472345497,18.52052710967838,18.639514834210953,18.460982756708194,18.695470837358346,8.748086643572204,0.11673913200562044,8.664576499291204,8.831596787853204,8.609728076717683,8.906676629012242,12.844187563678961,0.16440894138675555,12.726576492049327,12.961798635308595,12.628948968495983,13.09068800234554,11.757671619823858,0.15868301288954678,11.64415663068798,11.871186608959736,11.562130847207412,11.992290463624892,0.0028992204376819767,0.00041484536603562385,0.002602457940165111,0.0031959829351988424,0.0023285432516201745,0.0035001408847562692,0.00029244424214838413,0.00013063193200805046,0.00019899578744192982,0.00038589269685483847,0.000147834167804582,0.00049527765134274,1.0,0.0,10,10,0.7224598312333834,1.0,1.0,1.0,207.77885480001714,22.18187045415464,191.91090058257694,223.64680901745734,173.37541970046004,236.81997754947588
channel_fixed_phase_mismatch_deg,0.0,Phase-only CSI [scientific controlled],scientific_controlled,10,10,0.0,16.029903954993685,2.2190698109218396,14.442477040848297,17.617330869139074,13.445730809266236,18.824875783327634,-6.680868971510674,0.0189425222166048,-6.694419635595435,-6.667318307425913,-6.70766957212699,-6.66184343655292,18.57971037341853,0.08322495213479524,18.520174829157146,18.63924591767991,18.460610363558903,18.695200094574467,8.748046617705402,0.11710082381258702,8.664277734692444,8.83181550071836,8.60853034202565,8.906691972030245,12.845623966027148,0.16347029292940002,12.728684363053793,12.962563569000503,12.632978481019578,13.090510826706248,11.758785775654472,0.1587358097818227,11.64523301789709,11.872338533411854,11.563236390762462,11.99348077768281,0.0029046679815910585,0.00041903729079591597,0.0026049067617474734,0.0032044292014346437,0.0023346482577251805,0.0035131962055038974,0.00029301319981793353,0.0001298446901883463,0.00020012790398389884,0.0003858984956519682,0.0001471703838567744,0.0004926225155515095,1.0,0.0,10,10,0.7224598312333834,1.0,1.0,1.0,218.05607350015634,27.994470149609782,198.0300359487422,238.08211105157048,178.556505349934,257.2604646005857
channel_fixed_phase_mismatch_deg,0.0,Row complex LS / Wiener [scientific controlled],scientific_controlled,10,10,0.0,15.997532551793327,2.1130418002519322,14.485953507310402,17.509111596276252,13.36777591354991,18.752199613298963,-6.7136165169338895,0.02756261169136602,-6.733333621554784,-6.693899412312995,-6.755411428065885,-6.6810634303407035,18.775203803489582,0.07810580915015924,18.719330273515073,18.83107733346409,18.669689807340763,18.88859226844867,8.526628860251249,0.1077204095061718,8.449570321393553,8.603687399108944,8.389973713686459,8.661728876960487,12.56688341222699,0.15869780049180324,12.453357844677715,12.680408979776264,12.352243568561754,12.778298420684457,11.510984041352277,0.14860488243021022,11.404678512440084,11.61728957026447,11.322833236583836,11.719999366676408,0.00241626749319057,0.00034595252756764675,0.002168787963445911,0.0026637470229352294,0.0019381985535831688,0.002914717760871607,0.00036071916249431045,0.00012177144828191321,0.00027360911601187433,0.00044782920897674656,0.00023867774237596722,0.0005658284023668639,1.0,0.0,10,10,0.7224598312333834,1.0,1.0,1.0,216.54624819993842,17.42872675616983,204.07848815207558,229.01400824780126,194.66671634972954,236.48775209953783
channel_fixed_phase_mismatch_deg,0.0,Row complex LS / Wiener robust IRLS [scientific controlled],scientific_controlled,10,10,0.0,15.99300687999045,2.1149659633181765,14.480051372169811,17.50596238781109,13.368837082802154,18.767708070889455,-6.689899634842073,0.02885993239426309,-6.710544786787084,-6.6692544828970615,-6.731891376663598,-6.657222728245209,18.773625315248644,0.07829450010168587,18.717616803898864,18.829633826598425,18.66767800155958,18.88719249997386,8.532288009084722,0.10879059498529943,8.454463905653828,8.610112112515615,8.393739646667056,8.670726075411881,12.57905251411908,0.1616665111472867,12.463403258900481,12.69470176933768,12.361908800107658,12.796312504197672,11.524815826662689,0.14973456889889902,11.4177021687335,11.631929484591877,11.336338428647908,11.736805772063784,0.002450831220061989,0.0003488057544452221,0.0022013106147660633,0.002700351825357915,0.0019813092890015966,0.002960646191415422,0.00037039144287665,0.00012408054644111007,0.0002816295670793939,0.00045915331867390607,0.00024038461538461537,0.0005815695645577302,1.0,0.0,10,10,0.7224598312333834,1.0,1.0,1.0,403.2115483999405,146.49032451130464,298.41868309817943,508.0044137017016,272.89912964993164,626.9343132501489
channel_fixed_phase_mismatch_deg,0.0,SA-MNEC physical [approximate academic reference],scientific_controlled,10,10,0.0,-0.13733652363955154,0.03006510981731517,-0.15884380757710218,-0.1158292397020009,-0.17042350355959404,-0.08830997816534396,0.0051889439423197905,0.0013081863083752915,0.0042531238322851455,0.0061247640523544354,0.0029786257004599803,0.006401792007289993,-0.21813590743227912,0.0045446484356221175,-0.22138695307605646,-0.21488486178850177,-0.22499577062106127,-0.2137390982002126,24.182195003912934,0.04417865599830736,24.15059149724662,24.21379851057925,24.12222463924302,24.237456913924824,35.549530454596706,0.09445904338096683,35.48195852557971,35.617102383613705,35.430424732664754,35.689435235485114,34.51989782380913,0.07650434057252416,34.46516991544138,34.574625732176884,34.41378525366372,34.61875581711357,0.14387977834131677,0.0006261032507774374,0.1434318910570023,0.14432766562563124,0.14319094580633043,0.14484681130834978,0.004440714610832954,4.504220490198681e-05,0.004408493358494722,0.0044729358631711855,0.004368741465634957,0.004484619177666515,1.0,0.0,10,10,0.7224598312333834,1.0,1.0,1.0,7310.745913100164,760.0155856723936,6767.063515219613,7854.428310980716,6177.430779050246,8347.59927974992
channel_fixed_phase_mismatch_deg,0.0,Shrinkage-SMI/MVDR global,scientific_controlled,10,10,0.0,-0.6488962717029466,0.09444883754845368,-0.7164608999071748,-0.5813316434987185,-0.7365212631482697,-0.4997024313105993,-0.011198369280998608,7.758788224214333e-05,-0.011253872308382661,-0.011142866253614554,-0.011314128448699773,-0.011102711300598514,-0.6153364466194383,0.007701527560521179,-0.6208457875466284,-0.6098271056922482,-0.6256698721283086,-0.6046397552280455,24.63926855381763,0.04584061027847326,24.606476156679538,24.67206095095572,24.573298983617562,24.695475481240443,36.0125867103983,0.09926668727271215,35.941575600121745,36.08359782067486,35.88938693563907,36.15613954730113,34.91836932306952,0.07781826483942368,34.86270148990348,34.97403715623556,34.809544726471145,35.02260842196998,0.14889790551329013,0.0006955800073206961,0.14840031755137575,0.1493954934752045,0.1480515638207946,0.14991753545599698,0.004379456835078137,3.33893845376431e-05,0.004355571508261949,0.004403342161894325,0.004325974814140494,0.004417387346381429,1.0,0.0,10,10,0.7224598312333834,1.0,1.0,1.0,4326.408832799916,333.60188814262875,4087.7644182614945,4565.053247338337,3837.8145411499645,4668.512984749941
channel_fixed_phase_mismatch_deg,0.0,Shrinkage-SMI/MVDR local,scientific_controlled,10,10,0.0,-0.13356292398634234,0.05117622257527183,-0.17017218822870225,-0.09695365974398243,-0.18836567444634839,-0.05204435452264664,-0.011695669733417197,2.8963408163722707e-05,-0.011716388907468496,-0.011674950559365899,-0.011727175621511184,-0.011653157575976052,-0.07670433912441174,0.004321964517664794,-0.07979608628962255,-0.07361259195920093,-0.08290149250265408,-0.0709869928833238,23.897807636173955,0.0457942681414046,23.865048390203654,23.930566882144255,23.82855382330916,23.95097432978773,35.35550996848771,0.09767095576279623,35.285640375766896,35.42537956120852,35.23795867742835,35.50282072433694,34.39246639964183,0.07935009282099398,34.335702762750365,34.4492300365333,34.28205393417968,34.4972106161017,0.13886183901568516,0.0006576520722118148,0.13839138306408136,0.13933229496728897,0.1380619892927585,0.13986061801446417,0.0045306099226217564,5.1532554523523515e-05,0.004493745753859385,0.004567474091384128,0.00445645577302382,0.0045858936428463054,1.0,0.0,10,10,0.7224598312333834,1.0,1.0,1.0,1613.7397481000335,244.9681115443684,1438.5001177562917,1788.9793784437752,1311.400658699722,2010.8068729503884
channel_fixed_phase_mismatch_deg,12.0,Corrected JDL physical,scientific_controlled,10,10,0.0,-0.9008594173226493,0.3678670973292823,-1.164015685888376,-0.6377031487569228,-1.3988110660033533,-0.38002039448406,0.6697023075824419,0.1324545857855082,0.574950004909031,0.7644546102558527,0.5236054820393576,0.8882141181503567,-2.2495676852532944,0.0206196764276606,-2.264318113185366,-2.234817257321223,-2.2761008707808803,-2.221722920735863,26.051461278958943,0.04436382943426092,26.01972530719641,26.083197250721476,25.989806133745894,26.097746863909986,37.884120719736714,0.08085692741628789,37.8262791583113,37.94196228116213,37.7845846208443,37.997277136963035,36.631076526990476,0.06952421851833106,36.581341897138934,36.68081115684202,36.54134874417656,36.7164722267833,0.15277148492533105,0.0006692706492467932,0.15229271754440735,0.15325025230625475,0.15192504930966472,0.15363416924955386,0.004277423759672281,4.0530269367618156e-05,0.004248430151577999,0.004306417367766562,0.004224700348960705,0.0043279661659839175,1.0,0.0,10,10,0.7224598312333834,1.0,1.0,1.0,3809.5442167999863,186.65360058119487,3676.02027459393,3943.0681590060426,3578.0295161999675,4031.49715594991
channel_fixed_phase_mismatch_deg,12.0,Current legacy CSI [production replay],production_replay,10,10,0.0,19.354786688816894,2.480332074929059,17.580464009836,21.12910936779779,16.356924447485472,22.98160325988638,-6.950975098671263,0.09268994134899829,-7.0172814883322685,-6.884668709010257,-7.090424085143482,-6.850361597580908,20.318930366263697,0.07503130942526236,20.2652562008999,20.372604531627495,20.221184125554885,20.437781316152588,7.081397258725538,0.08132989085734987,7.023217359636274,7.139577157814801,6.966866616122798,7.195895934511597,11.017737052400156,0.12614256924156114,10.927500094352261,11.10797401044805,10.848870629551122,11.19873261522532,10.004676873651091,0.11799379916320028,9.920269194554182,10.089084552748,9.866793759772836,10.177931959180038,0.0007677279984972293,0.00014102814225044346,0.0006668425429976215,0.000868613453996837,0.0005963182117028271,0.0009558561097022635,0.0019862312243969045,0.00022068990452200223,0.0018283591771119795,0.0021441032716818294,0.0016363222576240327,0.0022378053406159914,1.0,0.0,10,10,0.7224598312333834,1.0,1.0,1.0,225.94357440002568,24.413457126557507,208.47923924513816,243.4079095549132,193.31390050033406,254.1963765499986
channel_fixed_phase_mismatch_deg,12.0,Current legacy CSI [scientific controlled],scientific_controlled,10,10,0.0,19.36707810118569,2.497919384534473,17.580174218820552,21.15398198355083,16.34892560160368,22.99277256013596,-6.932580376061691,0.0925051963631598,-6.998754607121227,-6.866406145002155,-7.070771580080881,-6.831291566765679,20.31866554096487,0.07510356855529728,20.264939684533378,20.37239139739636,20.22084730810029,20.437583216050847,7.081394237529378,0.08172710194436858,7.022930190745875,7.139858284312881,6.966940004572856,7.197200831423588,11.018416809766757,0.12503505883123814,10.928972116939358,11.107861502594156,10.851593654965312,11.19726594575509,10.005914420931958,0.11804862935486445,9.921467518678785,10.090361323185132,9.86797222305652,10.179262895938717,0.0007701700009392317,0.00013783649773925564,0.0006715677103822082,0.0008687722914962552,0.0006009204470742932,0.0009498450267681036,0.0019896449704142013,0.0002220878314091726,0.0018307729064764519,0.0021485170343519505,0.001638029130632681,0.0022428311333636776,1.0,0.0,10,10,0.7224598312333834,1.0,1.0,1.0,235.6434559002082,19.834848356100817,221.4544601491521,249.8324516512643,211.49510805048521,263.8198477502101
channel_fixed_phase_mismatch_deg,12.0,DL-SMI/MVDR global,scientific_controlled,10,10,0.0,-0.9083034741544079,0.1212437432233222,-0.9950360231788483,-0.8215709251299675,-1.020577392632238,-0.7187954973644068,-0.7224324809582261,0.00587552899100223,-0.7266355811983596,-0.7182293807180926,-0.731603226505753,-0.7152442426467196,-0.49433462478900225,0.010373844852156774,-0.5017556263457947,-0.4869136232322097,-0.5097551516522956,-0.4816422874686139,24.552012482208486,0.04720927932953025,24.51824099821269,24.585783966204282,24.483578211006744,24.613060030196234,35.905790307753556,0.1039822530730101,35.831405884916045,35.98017473059107,35.77230277622654,36.058404891013225,34.79859771546474,0.07879661067469938,34.742230015848975,34.8549654150805,34.686115758439655,34.90114774541252,0.1469181929181929,0.000673642957081091,0.14643629777666478,0.14740008805972105,0.14603503334272563,0.14786972856203626,0.0043252162039144285,4.766282306918453e-05,0.004291120274272295,0.004359312133556562,0.004263010165377029,0.004393965255651646,1.0,0.0,10,10,0.7224598312333834,1.0,1.0,1.0,2067.3334937998334,460.7769653285962,1737.713509524984,2396.9534780746826,1550.4763870496845,2694.0740561994517
channel_fixed_phase_mismatch_deg,12.0,DL-SMI/MVDR local,scientific_controlled,10,10,0.0,-0.15740403040452383,0.060610638246348096,-0.20076226905128972,-0.11404579175775795,-0.21976526146260086,-0.062461136630401995,-0.6418896801730253,0.0031253976533547694,-0.6441254549683577,-0.6396539053776928,-0.6459999552432177,-0.637949229128535,0.5334875145217415,0.005175788595226532,0.5297849784061354,0.5371900506373476,0.5273211920720197,0.541483914772642,23.22047005447334,0.046672773213853366,23.187082363832502,23.253857745114175,23.153813466837512,23.278063213451603,34.708275633961954,0.09460661768130577,34.64059813665006,34.775953131273845,34.594306926878296,34.845116324853215,33.78731964043863,0.08063062808954964,33.72963996379943,33.844999317077836,33.67540900788576,33.893240652883875,0.1298341316802855,0.0006347216422272987,0.12938007917012875,0.13028818419044227,0.12907194514886822,0.13082971729125575,0.004560385373994841,4.9140795483586616e-05,0.004525232166579183,0.004595538581410499,0.004493248368988014,0.0046231603702017905,1.0,0.0,10,10,0.7224598312333834,1.0,1.0,1.0,1166.2396941000225,100.23815652362406,1094.533636585853,1237.945751614192,1036.18919835003,1301.465128000109
channel_fixed_phase_mismatch_deg,12.0,MNEC physical,scientific_controlled,10,10,0.0,-0.3679345248273691,0.07599937370154398,-0.42230120165666035,-0.31356784799807785,-0.44944083212317076,-0.2545454723723755,-0.6620544128712582,0.002467902181684384,-0.6638198437402657,-0.6602889820022507,-0.6639911109641286,-0.6578654784806951,0.039132441263685425,0.006718212595137301,0.034326521487758596,0.04393836103961225,0.02865230249716565,0.04637001982099057,24.019109265208368,0.044608920830422616,23.98719796562299,24.051020564793745,23.95783505671418,24.071348868602588,35.33927479598347,0.0919771648317534,35.273478295926516,35.405071296040425,35.2225185854817,35.47425067684193,34.25653883979456,0.07506744237092165,34.20283882647855,34.31023885311057,34.153735407537695,34.35438650138967,0.14173588804358034,0.0006766840982049613,0.1412518174007471,0.14221995868641357,0.14088494411571334,0.14272621395698318,0.004368456986800181,3.372759793449903e-05,0.004344329716694849,0.004392584256905513,0.004320095584888484,0.004411033985738128,1.0,0.0,10,10,0.7224598312333834,1.0,1.0,1.0,2418.6684873998274,410.0825327460909,2125.3131155687693,2712.0238592308856,1951.7723024498537,2978.7570003994915
channel_fixed_phase_mismatch_deg,12.0,Phase-only CSI [production replay],production_replay,10,10,0.0,16.01406460409104,2.2063171109037976,14.435760421973741,17.59236878620834,13.435328858576524,18.791404924738,-6.699125791233054,0.01930012054303089,-6.712932265750198,-6.685319316715909,-6.725981950760467,-6.679696891853799,18.580020883088345,0.08316668545010297,18.520527020302247,18.639514745874443,18.46098266553305,18.69547074962359,8.748086743653289,0.11673908070570209,8.66457663607004,8.831596851236538,8.609728173480159,8.906676458869791,12.844187484732299,0.1644089122424894,12.726576433951216,12.961798535513381,12.628948903735346,13.090687984036638,11.757671740348874,0.1586830138793612,11.644156750504926,11.871186730192822,11.562130967361435,11.992290587912645,0.0028992204376819767,0.00041484536603562385,0.002602457940165111,0.0031959829351988424,0.0023285432516201745,0.0035001408847562692,0.00029244424214838413,0.00013063193200805046,0.00019899578744192982,0.00038589269685483847,0.000147834167804582,0.00049527765134274,1.0,0.0,10,10,0.7224598312333834,1.0,1.0,1.0,227.6431180000145,21.78776753517761,212.0570880273404,243.22914797268862,198.1177513000148,256.6645171498749
channel_fixed_phase_mismatch_deg,12.0,Phase-only CSI [scientific controlled],scientific_controlled,10,10,0.0,16.029903911595092,2.219069887732605,14.442476942502593,17.61733088068759,13.445730833808744,18.8248757120099,-6.680868915620444,0.01894251987361923,-6.694419578029134,-6.667318253211754,-6.7076695119694945,-6.661843369375239,18.57971028454604,0.08322495285744251,18.520174739767704,18.639245829324373,18.46061027238922,18.695200006822468,8.74804670754341,0.11710089304890671,8.664277775001771,8.831815640085047,8.608530395319173,8.906692064683583,12.84562400176527,0.16347016817564103,12.728684488035377,12.962563515495162,12.632978708421241,13.090510644770589,11.758785896237129,0.15873581084555222,11.6452331377188,11.872338654755458,11.563236510734606,11.99348090213419,0.0029046679815910585,0.00041903729079591597,0.0026049067617474734,0.0032044292014346437,0.0023346482577251805,0.0035131962055038974,0.00029301319981793353,0.0001298446901883463,0.00020012790398389884,0.0003858984956519682,0.0001471703838567744,0.0004926225155515095,1.0,0.0,10,10,0.7224598312333834,1.0,1.0,1.0,237.33376819991463,21.260969618830327,222.12458675476748,252.54294964506178,207.732209599817,266.4659441996264
channel_fixed_phase_mismatch_deg,12.0,Row complex LS / Wiener [scientific controlled],scientific_controlled,10,10,0.0,15.99753255596977,2.113041784128907,14.485953523020562,17.509111588918977,13.367775912314782,18.752199614118,-6.713616514231084,0.02756261081756581,-6.733333618226899,-6.69389941023527,-6.755411419177672,-6.681063425238679,18.775203803245265,0.07810580933555433,18.719330273138134,18.831077333352397,18.66968980590589,18.88859226877281,8.526628862836578,0.10772049468894629,8.449570263042796,8.60368746263036,8.389973685036724,8.661728923621537,12.566883376360527,0.15869787776872643,12.453357753530671,12.680408999190384,12.352243430092493,12.77829845274822,11.510984041200425,0.14860488282669618,11.404678512004603,11.617289570396247,11.322833238256566,11.719999368885544,0.00241626749319057,0.00034595252756764675,0.002168787963445911,0.0026637470229352294,0.0019381985535831688,0.002914717760871607,0.00036071916249431045,0.00012177144828191321,0.00027360911601187433,0.00044782920897674656,0.00023867774237596722,0.0005658284023668639,1.0,0.0,10,10,0.7224598312333834,1.0,1.0,1.0,229.70275670004412,14.045339124146018,219.65532636043417,239.75018703965407,211.534106849831,248.15311305032992
channel_fixed_phase_mismatch_deg,12.0,Row complex LS / Wiener robust IRLS [scientific controlled],scientific_controlled,10,10,0.0,15.993006885341137,2.1149659481898295,14.480051388342666,17.505962382339607,13.368837081041807,18.767708071809306,-6.68989963209292,0.028859929770528675,-6.710544782161025,-6.669254482024814,-6.731891367970837,-6.657222726490271,18.773625315008736,0.07829450026714851,18.71761680354059,18.829633826476883,18.667678000157466,18.887192500270974,8.532288009358306,0.10879061505415774,8.454463891571015,8.610112127145596,8.39373962413854,8.670726148074962,12.579052521714868,0.16166645214398231,12.46340330870469,12.694701734725045,12.361908837380964,12.7963124972336,11.524815826471755,0.1497345692233917,11.41770216831044,11.631929484633071,11.336338430320698,11.736805774118162,0.002450831220061989,0.0003488057544452221,0.0022013106147660633,0.002700351825357915,0.0019813092890015966,0.002960646191415422,0.00037039144287665,0.00012408054644111007,0.0002816295670793939,0.00045915331867390607,0.00024038461538461537,0.0005815695645577302,1.0,0.0,10,10,0.7224598312333834,1.0,1.0,1.0,362.17029840008763,110.21885970709933,283.3244759368543,441.01612086332096,285.96242484995855,547.3577225504412
channel_fixed_phase_mismatch_deg,12.0,SA-MNEC physical [approximate academic reference],scientific_controlled,10,10,0.0,-0.25867123773960377,0.041540099806539346,-0.28838723501225955,-0.22895524046694798,-0.3069158629861333,-0.19212878105727724,-0.6339682946787408,0.005549146005736039,-0.6379379145963623,-0.6299986747611194,-0.642433561061228,-0.6286660656119654,0.04670699414761581,0.006891903382857908,0.04177682346718397,0.05163716482804765,0.03713118549302347,0.0555189511092758,24.00489900435282,0.044052685359982365,23.973385611652585,24.036412397053052,23.94691868256617,24.057647791644026,35.324679145354324,0.09279279251610097,35.25829918040064,35.39105911030801,35.21383541399295,35.46269168112986,34.248646440631084,0.07472460914424989,34.19519167543138,34.30210120583079,34.14463376299703,34.3471740932879,0.14167859490936413,0.0006381458457715244,0.14122209287155443,0.14213509694717383,0.14089048558279327,0.1426005447543909,0.004369025944469732,4.1819714681899314e-05,0.004339109922764966,0.004398941966174498,0.004308716431497496,0.00441843043544227,1.0,0.0,10,10,0.7224598312333834,1.0,1.0,1.0,7505.479974900028,635.7414490861892,7050.697938863959,7960.262010936096,6594.604099050412,8393.50446974995
channel_fixed_phase_mismatch_deg,12.0,Shrinkage-SMI/MVDR global,scientific_controlled,10,10,0.0,-0.743619909706401,0.10790017335449338,-0.8208070438744431,-0.6664327755383589,-0.8449808031271333,-0.5753953812625002,-0.700447226727821,0.005100628445137708,-0.7040959965110049,-0.6967984569446372,-0.7080734371474308,-0.6941417597994591,-0.3146313717904734,0.009847587289633792,-0.3216759113655789,-0.3075868322153679,-0.3292474565947893,-0.3022841577515202,24.351709651881357,0.04899054738632796,24.316663925479688,24.386755378283027,24.28266384443265,24.418055731455095,35.71533549055964,0.10569892001190463,35.63972303817208,35.7909479429472,35.57902455493453,35.86548936100465,34.61895936290674,0.07784178444183636,34.56327470483069,34.6746440209828,34.50998506897616,34.722240711677095,0.14446172630788015,0.0006873532396534471,0.14397002342103063,0.14495342919472967,0.1436119094580633,0.14547459378228608,0.004341147018661812,4.234158208071717e-05,0.004310857675509284,0.004371436361814339,0.004277518585950538,0.004394344560764679,1.0,0.0,10,10,0.7224598312333834,1.0,1.0,1.0,4384.92022370001,195.19966037564197,4245.282798600882,4524.5576487991375,4051.91312760021,4592.724225599886
channel_fixed_phase_mismatch_deg,12.0,Shrinkage-SMI/MVDR local,scientific_controlled,10,10,0.0,-0.2802938355434555,0.06895163544314738,-0.3296188641379022,-0.2309688069490088,-0.3534429308234847,-0.17100675066679238,-0.6414296926078642,0.001621368916515046,-0.6425895500594716,-0.6402698351562568,-0.6439145472083431,-0.6395483483876173,0.23805031695661422,0.005306982543846606,0.23425393034383696,0.24184670356939147,0.2295513862617131,0.2435565431658209,23.64941125907628,0.04505531556214517,23.61718062793676,23.6816418902158,23.5750104521597,23.695667365623084,35.07121274008552,0.09632392805499053,35.00230675293806,35.14011872723298,34.95716186589512,35.217243262373735,34.07552999414435,0.07840029598590481,34.01944580097816,34.13161418731053,33.96650832059278,34.178038728941154,0.13523490185028647,0.0006467888073675642,0.13477221701021072,0.13569758669036222,0.13441194702733164,0.13619263642340565,0.004469541799423457,4.677284747407277e-05,0.004436082519969461,0.004503001078877453,0.0043957669549385524,0.00452131694735245,1.0,0.0,10,10,0.7224598312333834,1.0,1.0,1.0,1728.976559900093,263.50298560275763,1540.4778793967894,1917.4752404033966,1407.5087484999585,2043.0999532001806
channel_fixed_phase_mismatch_deg,18.0,Corrected JDL physical,scientific_controlled,10,10,0.0,-0.9178466419254023,0.3626035276081646,-1.1772375795408998,-0.6584557043099049,-1.4136635942801652,-0.41095612494061917,0.33747465660841913,0.13540441469427986,0.2406121734535916,0.43433713976324667,0.18909860288361252,0.559384598836137,-2.2111615631310344,0.02367794208973646,-2.228099742524863,-2.1942233837372056,-2.2404823851396882,-2.177247973031314,26.000266464926348,0.04841912016057681,25.965629512936896,26.0349034169158,25.93454194984629,26.057644124148222,37.84094123391235,0.07666437957062762,37.78609884054208,37.895783627282626,37.748999545906,37.95894315515127,36.59515098836454,0.06935493394224096,36.54553745740358,36.64476451932549,36.50785939861931,36.68232232769445,0.15143195266272189,0.0006459983222767776,0.15096983330161493,0.15189407202382885,0.1505842960458345,0.15222475814783507,0.004274389318768017,5.302589612996105e-05,0.0042364568777744594,0.004312321759761575,0.004199761037778789,0.004342095281444394,1.0,0.0,10,10,0.7224598312333834,1.0,1.0,1.0,3959.230269999898,281.11240350168526,3758.1345707919063,4160.32596920789,3518.126400899928,4271.083337899927
channel_fixed_phase_mismatch_deg,18.0,Current legacy CSI [production replay],production_replay,10,10,0.0,19.35478669613776,2.480332088305002,17.580464007588294,21.12910938468723,16.35692444946797,22.98160331016191,-6.950975102313587,0.09268995154358757,-7.017281499267362,-6.884668705359811,-7.090424094781768,-6.850361587386034,20.318930364522537,0.07503130927308342,20.2652561992676,20.372604529777472,20.221184124274515,20.43778131375989,7.081397245279928,0.08132978818512339,7.023217419637951,7.139577070921905,6.966866851863979,7.195895934511597,11.017737028220415,0.12614241490047112,10.927500180581486,11.107973875859344,10.848870770077479,11.198732293299605,10.004676875474825,0.11799379885275631,9.920269196599994,10.089084554349656,9.866793761220737,10.177931959710419,0.0007677279984972293,0.00014102814225044346,0.0006668425429976215,0.000868613453996837,0.0005963182117028271,0.0009558561097022635,0.0019862312243969045,0.00022068990452200223,0.0018283591771119795,0.0021441032716818294,0.0016363222576240327,0.0022378053406159914,1.0,0.0,10,10,0.7224598312333834,1.0,1.0,1.0,241.29280630013454,18.830749312055268,227.8220997345473,254.7635128657218,215.76393990030738,268.51602315014134
channel_fixed_phase_mismatch_deg,18.0,Current legacy CSI [scientific controlled],scientific_controlled,10,10,0.0,19.36707810791126,2.4979193966730717,17.580174216862694,21.15398199895983,16.34892560443304,22.992772602469756,-6.932580380672785,0.09250520703149111,-6.998754619363986,-6.866406141981583,-7.070771591571832,-6.831291556224222,20.31866553923262,0.0751035684043424,20.264939682909116,20.37239139555612,20.220847306813493,20.437583213674063,7.081394393954021,0.08172698067657919,7.022930433920268,7.139858353987774,6.966940461432926,7.197200927755605,11.01841683552059,0.12503507359671864,10.928972132130601,11.107861538910578,10.851593654965312,11.197266036514577,10.005914422755136,0.11804862899707941,9.921467520757906,10.090361324752367,9.867972224553315,10.179262896430725,0.0007701700009392317,0.00013783649773925564,0.0006715677103822082,0.0008687722914962552,0.0006009204470742932,0.0009498450267681036,0.0019896449704142013,0.0002220878314091726,0.0018307729064764519,0.0021485170343519505,0.001638029130632681,0.0022428311333636776,1.0,0.0,10,10,0.7224598312333834,1.0,1.0,1.0,235.55182790005347,19.17563385079725,221.83440579790354,249.2692500022034,205.12197665034364,254.3194969500746
channel_fixed_phase_mismatch_deg,18.0,DL-SMI/MVDR global,scientific_controlled,10,10,0.0,-0.8875012524824717,0.11699823570854163,-0.9711967483867268,-0.8038057565782166,-0.9991638858251766,-0.7050601164531649,-1.0109883387312284,0.008843027487632453,-1.0173142595144793,-1.0046624179479775,-1.020419088984386,-0.9960456133232592,-0.3615685610903647,0.011684107179924736,-0.3699268678520014,-0.35321025432872805,-0.3792499996200051,-0.3472592468491475,24.392809578316612,0.0498012628497617,24.35718390100937,24.428435255623853,24.329873084155302,24.460571492424442,35.755890781906814,0.10347306577727144,35.681870609717755,35.82991095409587,35.622343158385675,35.90453089393099,34.66889573698331,0.07905278919319124,34.612344778295174,34.725446695671444,34.55610052046921,34.77106604286624,0.1444354278200432,0.000672436730497893,0.14395439556103157,0.14491646007905484,0.1435869258946182,0.1453957922419461,0.004317250796540738,4.646552141877843e-05,0.004284011364902791,0.0043504902281786845,0.0042579843726293426,0.004377370656956456,1.0,0.0,10,10,0.7224598312333834,1.0,1.0,1.0,2203.854063000108,420.0633788177001,1903.3588240039728,2504.3493019962434,1639.6361576500567,2675.205933700272
channel_fixed_phase_mismatch_deg,18.0,DL-SMI/MVDR local,scientific_controlled,10,10,0.0,-0.21994332062071492,0.06558017876330688,-0.26685655439594824,-0.17303008684548157,-0.28869433833911295,-0.11802440999110357,-1.0066706238455057,0.005020187931209362,-1.0102618499515283,-1.003079397739483,-1.013434836427257,-1.000522305248965,0.7452240866360921,0.005885398821318389,0.7410139259446809,0.7494342473275033,0.7373759395812366,0.7536737187461079,23.03030349288083,0.047811640191935956,22.996101105882204,23.064505879879455,22.959820138337243,23.085439514900344,34.50239697193105,0.0997240053688778,34.43105871599616,34.57373522786594,34.38250871585077,34.64754550695623,33.57540308713338,0.08022139302803813,33.5180161596216,33.63279001464516,33.4640918392783,33.680218530029926,0.12721987414295105,0.000634842360786708,0.12676573527593912,0.12767401300996298,0.12641232272001504,0.12818587395510472,0.004537816719769381,4.98661615878493e-05,0.004502144616701659,0.004573488822837104,0.004455697162797754,0.004590824609315734,1.0,0.0,10,10,0.7224598312333834,1.0,1.0,1.0,1192.758822200085,83.60906171571284,1132.948502497331,1252.569141902839,1055.2084496999214,1271.685986400189
channel_fixed_phase_mismatch_deg,18.0,MNEC physical,scientific_controlled,10,10,0.0,-0.43127439814148316,0.0839713145139065,-0.49134385788514395,-0.37120493839782237,-0.5272753700185077,-0.3094782179270914,-1.0374427217852444,0.0038512088738242374,-1.040197710649594,-1.0346877329208948,-1.0400352997630322,-1.03091188746398,0.16998418776510454,0.008151497491900866,0.16415295774000832,0.17581541779020077,0.1575214610886038,0.17860106529136785,23.926669051932784,0.045709510093438016,23.893970438217437,23.95936766564813,23.867544307143838,23.97981667471177,35.22092303931403,0.09186993872274775,35.15520324419465,35.28664283443341,35.10232815229124,35.355399349566575,34.12319324781384,0.07392260336952552,34.070312202983736,34.17607429264394,34.02239723753913,34.218782336954945,0.14053216868601484,0.0006781522066329976,0.14004704782167884,0.14101728955035084,0.1396342631727247,0.1414768479383864,0.004332233348505537,4.0430062230904014e-05,0.004303311424278535,0.00436115527273254,0.004283018510089516,0.004390741162190867,1.0,0.0,10,10,0.7224598312333834,1.0,1.0,1.0,2303.489135699965,329.81226139050335,2067.55565682985,2539.4226145700804,1894.3499031501233,2753.331053850252
channel_fixed_phase_mismatch_deg,18.0,Phase-only CSI [production replay],production_replay,10,10,0.0,16.01406464298815,2.206317142558125,14.435760438226708,17.59236884774959,13.435328923028067,18.791404981785487,-6.699125796653716,0.019300121253131828,-6.712932271678836,-6.6853193216285955,-6.725981959624071,-6.679696918484095,18.580020876794038,0.08316668543350307,18.520527014019812,18.639514739568263,18.460982659716283,18.69547074291026,8.748086828698058,0.11673905213662344,8.664576741551897,8.83159691584422,8.609728438036495,8.90667658540788,12.844187560893605,0.16440893899257364,12.726576490976665,12.961798630810545,12.62894893645817,13.090688052903522,11.757671749621005,0.15868301404426527,11.644156759659092,11.87118673958292,11.56213097613492,11.992290595732248,0.0028992204376819767,0.00041484536603562385,0.002602457940165111,0.0031959829351988424,0.0023285432516201745,0.0035001408847562692,0.00029244424214838413,0.00013063193200805046,0.00019899578744192982,0.00038589269685483847,0.000147834167804582,0.00049527765134274,1.0,0.0,10,10,0.7224598312333834,1.0,1.0,1.0,228.9339688997643,20.253840224095295,214.44524442237932,243.42269337714927,198.91963804984698,255.16601784988777
channel_fixed_phase_mismatch_deg,18.0,Phase-only CSI [scientific controlled],scientific_controlled,10,10,0.0,16.02990395018223,2.2190699202644657,14.44247695781784,17.617330942546623,13.44573089669222,18.824875772908488,-6.68086892199446,0.018942521560555967,-6.694419585609912,-6.667318258379008,-6.707669524098542,-6.6618433952713305,18.57971027826461,0.08322495284224395,18.52017473349715,18.63924582303207,18.460610266575937,18.695200000125233,8.748046695563394,0.11710082509074425,8.664277811636097,8.83181557949069,8.608530474544553,8.906691921552353,12.845624102342075,0.16347019477362282,12.728684569585132,12.962563635099018,12.632978838141838,13.090510802247444,11.758785905469031,0.15873581102977957,11.645233146818914,11.872338664119148,11.563236519424574,11.993480909965319,0.0029046679815910585,0.00041903729079591597,0.0026049067617474734,0.0032044292014346437,0.0023346482577251805,0.0035131962055038974,0.00029301319981793353,0.0001298446901883463,0.00020012790398389884,0.0003858984956519682,0.0001471703838567744,0.0004926225155515095,1.0,0.0,10,10,0.7224598312333834,1.0,1.0,1.0,224.98649080007453,15.044518186429531,214.22429081792663,235.74869078222244,199.50424990029205,240.35781290012892
channel_fixed_phase_mismatch_deg,18.0,Row complex LS / Wiener [scientific controlled],scientific_controlled,10,10,0.0,15.997532604051614,2.1130418050601776,14.485953556129077,17.509111651974152,13.367775979404325,18.752199684145584,-6.713616524371571,0.02756261022256182,-6.733333627941746,-6.693899420801396,-6.755411438787689,-6.681063441306926,18.775203802991413,0.07810580938928538,18.719330272845845,18.83107733313698,18.669689805867616,18.88859226851309,8.526628873908214,0.10772042504256515,8.449570323936452,8.603687423879975,8.389973658804081,8.66172901262011,12.566883391597205,0.15869780626824065,12.453357819915716,12.680408963278694,12.352243507537754,12.778298401317471,11.51098404198934,0.14860488277853276,11.404678512827973,11.617289571150708,11.32283323729827,11.719999368235714,0.00241626749319057,0.00034595252756764675,0.002168787963445911,0.0026637470229352294,0.0019381985535831688,0.002914717760871607,0.00036071916249431045,0.00012177144828191321,0.00027360911601187433,0.00044782920897674656,0.00023867774237596722,0.0005658284023668639,1.0,0.0,10,10,0.7224598312333834,1.0,1.0,1.0,225.67878299996664,17.519127157162934,213.14635440094798,238.2112115989853,196.90513189962076,239.85842035008318
channel_fixed_phase_mismatch_deg,18.0,Row complex LS / Wiener robust IRLS [scientific controlled],scientific_controlled,10,10,0.0,15.993006934371156,2.1149659690884914,14.480051422422683,17.50596244631963,13.368837148959875,18.767708145989783,-6.68989964208114,0.028859931142996502,-6.710544793131049,-6.66925449103123,-6.731891385929076,-6.657222743882038,18.773625314731117,0.0782945003237683,18.717616803222466,18.829633826239768,18.667678000110495,18.88719249999488,8.532287991555037,0.10879062178352387,8.454463868953848,8.610112114156227,8.393739402816399,8.67072618879828,12.5790524568494,0.1616665501493513,12.463403173730404,12.694701739968396,12.361908677447978,12.796312438782456,11.524815827373772,0.1497345692012145,11.41770216922832,11.631929485519223,11.33633842941772,11.736805773575929,0.002450831220061989,0.0003488057544452221,0.0022013106147660633,0.002700351825357915,0.0019813092890015966,0.002960646191415422,0.00037039144287665,0.00012408054644111007,0.0002816295670793939,0.00045915331867390607,0.00024038461538461537,0.0005815695645577302,1.0,0.0,10,10,0.7224598312333834,1.0,1.0,1.0,367.19920309988083,66.5802779218733,319.57054148487936,414.8278647148823,281.6244568496586,441.07701504972283
channel_fixed_phase_mismatch_deg,18.0,SA-MNEC physical [approximate academic reference],scientific_controlled,10,10,0.0,-0.29846840960496573,0.045682870268052504,-0.3311479663372496,-0.2657888528726819,-0.35826418020238787,-0.22943556186580186,-0.9944736668995212,0.01218093693645217,-1.0031873842585974,-0.9857599495404449,-1.0131757045259941,-0.9844116380337097,0.1777260116070641,0.009041786195716937,0.17125790740935673,0.1841941158047715,0.1651215419635948,0.18963392514311797,23.90786238603871,0.04439336021630593,23.8761052892273,23.939619482850116,23.848192715496012,23.956610363463483,35.20390341893985,0.0910741899218005,35.13875286822068,35.269053969659026,35.08689436464893,35.33986091879086,34.115363847176795,0.07372761323204219,34.06262228988815,34.16810540446544,34.012507236342366,34.21376625699926,0.14042922889076734,0.000662492885135185,0.13995531003020814,0.14090314775132654,0.13953968253968255,0.14132704048088662,0.004336216052192384,4.3800206717470196e-05,0.004304883271832689,0.004367548832552078,0.004278277196176604,0.004383913670156274,1.0,0.0,10,10,0.7224598312333834,1.0,1.0,1.0,7513.215103599851,559.4419515893662,7113.014440022684,7913.415767177019,6797.819048500332,8318.701015299666
channel_fixed_phase_mismatch_deg,18.0,Shrinkage-SMI/MVDR global,scientific_controlled,10,10,0.0,-0.750550829981743,0.10794587948755888,-0.8277706603477202,-0.6733309996157659,-0.8569624236868607,-0.5832853774910526,-1.0161764454584679,0.007571667216368894,-1.0215928898916529,-1.0107600010252829,-1.0244732765686901,-1.0033765514604722,-0.1803530562565398,0.011083503433644806,-0.18828171698050397,-0.17242439553257563,-0.19720639866804798,-0.1674218307424181,24.204545965995862,0.05065748507752844,24.168307784204917,24.24078414778681,24.134868877760663,24.271882995602457,35.571239238946944,0.10533925733422315,35.495884073739695,35.64659440415419,35.43743009591021,35.72315631944412,34.486867104919995,0.07776851485787888,34.43123486074683,34.54249934909316,34.378018269280986,34.58954202448636,0.14217375786606556,0.0006819812824001566,0.14168589784593594,0.1426616178861952,0.14132478632478632,0.14318268056729594,0.0043305264754968905,4.625863917384378e-05,0.004297435038501587,0.004363617912492194,0.004277518585950539,0.00438514641177363,1.0,0.0,10,10,0.7224598312333834,1.0,1.0,1.0,4255.843578400163,213.40074335443705,4103.185882895424,4408.5012739049025,3859.478421850281,4431.450968550416
channel_fixed_phase_mismatch_deg,18.0,Shrinkage-SMI/MVDR local,scientific_controlled,10,10,0.0,-0.34022400897466976,0.07462847944627017,-0.39361000713105126,-0.28683801081828825,-0.4225226721038934,-0.22394468743174883,-1.0030148213567869,0.002877731733415179,-1.005073426625909,-1.0009562160876648,-1.007384356137144,-0.9997741936298749,0.39464101553187203,0.0061910355604868385,0.39021221548836854,0.3990698155753755,0.38456424389751487,0.4008268050612698,23.518568991466815,0.04521598383135998,23.48622342517134,23.55091455776229,23.44867494104686,23.569391111328947,34.915503481945926,0.10098402585975022,34.84326386165118,34.98774310224067,34.79334349622204,35.066591128944076,33.91854108631246,0.07764335087718363,33.86299837905726,33.97408379356766,33.81068709943718,34.01925718638279,0.133376913684606,0.0006519887676832685,0.1329105090170075,0.1338433183522045,0.1325374283835822,0.13433380294918756,0.004433128508572295,4.198376281614917e-05,0.004403095133901777,0.004463161883242813,0.004376706873008648,0.004485662266727355,1.0,0.0,10,10,0.7224598312333834,1.0,1.0,1.0,1735.443321099956,243.65070159262262,1561.1461090632324,1909.7405331366795,1463.2468215004337,2065.2638957998533
channel_fixed_phase_mismatch_deg,30.0,Corrected JDL physical,scientific_controlled,10,10,0.0,-0.7729495896927612,0.29353976683446986,-0.9829352890842671,-0.5629638903012553,-1.1941677526604928,-0.39072025722104975,0.06506377448645717,0.13151583255806729,-0.029016984582671393,0.15914453355558572,-0.06108375019188353,0.2822016225984977,-2.20865947816758,0.02882321257876926,-2.229278362338991,-2.188040593996169,-2.241980604159907,-2.1630276309182466,25.953995523375873,0.04391861103460492,25.922578041670217,25.98541300508153,25.898554385545665,26.013577076495324,37.785062894500825,0.07997462745217954,37.7278524924479,37.84227329655375,37.6842621787587,37.896934787921346,36.5985070607294,0.07049077789555361,36.548080995952304,36.6489331255065,36.5138586632369,36.690179107236105,0.1494285714285714,0.0006441179261815439,0.1489677972217972,0.14988934563534562,0.14849685357377665,0.150171034094111,0.0043053026854802,7.52816872067814e-05,0.004251449410641282,0.004359155960319118,0.004195114550144136,0.004396335912608101,1.0,0.0,10,10,0.7224598312333834,1.0,1.0,1.0,4036.1566123000557,67.32037479660458,3987.998517274604,4084.3147073255072,3936.4062439499776,4112.167594700395
channel_fixed_phase_mismatch_deg,30.0,Current legacy CSI [production replay],production_replay,10,10,0.0,19.354786687008506,2.4803320981399017,17.580463991423574,21.129109382593438,16.35692436787917,22.98160323997204,-6.950975190572812,0.0926899325733284,-7.017281573956081,-6.884668807189543,-7.090424180415852,-6.850361739999255,20.318930397877928,0.07503130807203326,20.26525623348217,20.372604562273686,20.22118416037295,20.43778134586781,7.081397304577419,0.08132977659403126,7.0232174872272095,7.139577121927629,6.966866849768527,7.195895934511597,11.017737068283411,0.12614245860794765,10.927500189378037,11.107973947188786,10.848870863124032,11.198732501369856,10.004676834309482,0.11799379715694497,9.92026915664776,10.089084511971203,9.866793719444155,10.177931914003487,0.0007677279984972293,0.00014102814225044346,0.0006668425429976215,0.000868613453996837,0.0005963182117028271,0.0009558561097022635,0.0019862312243969045,0.00022068990452200223,0.0018283591771119795,0.0021441032716818294,0.0016363222576240327,0.0022378053406159914,1.0,0.0,10,10,0.7224598312333834,1.0,1.0,1.0,234.40266610004983,23.10437028967301,217.87479525448506,250.9305369456146,208.56633859989415,265.42603665043316
channel_fixed_phase_mismatch_deg,30.0,Current legacy CSI [scientific controlled],scientific_controlled,10,10,0.0,19.367078097789424,2.4979194062966985,17.58017419985653,21.15398199572232,16.348925522094213,22.992772536375448,-6.932580469345507,0.09250518810585062,-6.99875469449812,-6.866406244192894,-7.070771678281253,-6.831291710612209,20.31866557261244,0.07510356719648163,20.264939717152988,20.37239142807189,20.220847342924376,20.437583245779603,7.081394181795099,0.0817269954962359,7.022930211160003,7.139858152430196,6.966940159001204,7.197200856350614,11.018416815274481,0.12503501445629636,10.928972154191003,11.107861476357959,10.851593654965312,11.197265814049729,10.005914381502683,0.11804862734605338,9.921467480686525,10.09036128231884,9.867972182701275,10.17926285074136,0.0007701700009392317,0.00013783649773925564,0.0006715677103822082,0.0008687722914962552,0.0006009204470742932,0.0009498450267681036,0.0019896449704142013,0.0002220878314091726,0.0018307729064764519,0.0021485170343519505,0.001638029130632681,0.0022428311333636776,1.0,0.0,10,10,0.7224598312333834,1.0,1.0,1.0,229.51403559982282,15.062854241800924,218.73871879383614,240.2893524058095,209.28110335003112,248.78998984950158
channel_fixed_phase_mismatch_deg,30.0,DL-SMI/MVDR global,scientific_controlled,10,10,0.0,-0.6870210836236204,0.08165388625750196,-0.745432755059896,-0.6286094121873447,-0.771262347660213,-0.5598195600311369,-1.1932131749674713,0.02530315120762849,-1.2113139589274828,-1.1751123910074597,-1.2183657281121985,-1.153159791528586,-0.20901844834128966,0.01341890578817274,-0.2186177552678607,-0.19941914141471861,-0.22888324796310577,-0.19203310624854625,24.13848224779893,0.05211500692606396,24.10120141768798,24.175763077909878,24.072454867667894,24.208046787034803,35.54328470540148,0.09829690160413802,35.47296733800028,35.613602072802685,35.42247774077272,35.68061975365483,34.525948935699866,0.07975348932987343,34.468896726329916,34.583001145069815,34.41210089402646,34.62780294456976,0.1403437588052973,0.0007163015592406617,0.13983134753811385,0.14085617007248072,0.1394354278200432,0.1413751291443599,0.004377370656956455,5.7777146316287204e-05,0.004336039376329961,0.0044187019375829485,0.00429297526930663,0.0044539902897891065,1.0,0.0,10,10,0.7224598312333834,1.0,1.0,1.0,2130.7086199001787,471.96708994741044,1793.083702700228,2468.3335371001294,1562.1738697996534,2677.7750070001275
channel_fixed_phase_mismatch_deg,30.0,DL-SMI/MVDR local,scientific_controlled,10,10,0.0,-0.2951237795481722,0.06574997807138154,-0.3421584804310713,-0.24808907866527313,-0.3765617450351365,-0.19772986514461072,-1.736334211164505,0.00922330031653774,-1.7429321627420786,-1.7297362595869314,-1.748959868675751,-1.7259261248238171,1.0918917063961366,0.0073105597203654855,1.086662047013427,1.0971213657788463,1.080462427704256,1.1002095816524289,22.715068707911293,0.04580826305237617,22.68229945058478,22.747837965237807,22.648763218782424,22.769480026393385,34.151242421859436,0.09537669486649294,34.08301404451496,34.21947079920391,34.03277480887795,34.28522237992362,33.22870657234614,0.07864788675548381,33.172445263413074,33.28496788127921,33.1194910953793,33.32990900120887,0.12301530947684794,0.0006188160184293287,0.12257263516451933,0.12345798378917655,0.12219855358316897,0.12389104912181835,0.004461386739493248,5.4603251327530604e-05,0.0044223259265658895,0.004500447552420607,0.004370827643756637,0.004520937642239417,1.0,0.0,10,10,0.7224598312333834,1.0,1.0,1.0,1184.9631027000214,65.97875941452135,1137.7647415033427,1232.1614638967,1100.5816639995828,1281.6708454500713
channel_fixed_phase_mismatch_deg,30.0,MNEC physical,scientific_controlled,10,10,0.0,-0.4889215671713682,0.08536696059206067,-0.5499894119753723,-0.427853722367364,-0.5968806366212474,-0.36918468585935194,-1.785145982711897,0.006544757724887808,-1.789827820348511,-1.780464145075283,-1.7898690675204194,-1.7746184359563997,0.38472464127334643,0.011330196218666528,0.3766195071619559,0.39282977538473696,0.368726854438168,0.3964759169620721,23.742242301124914,0.046446393222172574,23.70901655297451,23.775468049275318,23.680245233424642,23.792701635415614,35.00301688534413,0.08038581762382134,34.94551233556224,35.06052143512602,34.89537480125778,35.11739546138698,33.906796243757455,0.07147062308139632,33.85566923995985,33.95792324755506,33.810286615858665,33.99729896902232,0.13804714943176483,0.0006713329125559602,0.1375669067965409,0.13852739206698875,0.13713571898187285,0.1389159387620926,0.004281785768472159,5.744138712698772e-05,0.004240694675500485,0.004322876861443833,0.004193881808526779,0.004346931421635563,1.0,0.0,10,10,0.7224598312333834,1.0,1.0,1.0,2503.4190067000054,375.8514397480819,2234.551083645099,2772.286929754912,2123.1124109998746,2957.2054466997997
channel_fixed_phase_mismatch_deg,30.0,Phase-only CSI [production replay],production_replay,10,10,0.0,16.01406468249212,2.206317002631838,14.435760577827914,17.592368787156325,13.435328791443895,18.791405079851327,-6.699125875188322,0.019300129032808817,-6.712932355778689,-6.685319394597956,-6.725982050966893,-6.679696987912976,18.58002102278798,0.08316668392884209,18.52052716109013,18.639514884485834,18.46098280907816,18.695470887328383,8.748086574783697,0.11673906001808784,8.664576481999475,8.831596667567919,8.609728015434259,8.906676716675827,12.844187567117292,0.16440900011976625,12.726576453472592,12.96179868076199,12.628948922547915,13.090688029643218,11.757671550409828,0.15868301172098476,11.64415656210989,11.871186538709766,11.562130778178645,11.992290390889973,0.0028992204376819767,0.00041484536603562385,0.002602457940165111,0.0031959829351988424,0.0023285432516201745,0.0035001408847562692,0.00029244424214838413,0.00013063193200805046,0.00019899578744192982,0.00038589269685483847,0.000147834167804582,0.00049527765134274,1.0,0.0,10,10,0.7224598312333834,1.0,1.0,1.0,228.0280087000392,18.22464683579049,214.9908817265934,241.06513567348503,204.76865780015032,252.92875950035523
channel_fixed_phase_mismatch_deg,30.0,Phase-only CSI [scientific controlled],scientific_controlled,10,10,0.0,16.029903988034736,2.2190697770505676,14.442477098119397,17.617330877950074,13.445730765692572,18.8248758651991,-6.68086900093076,0.018942528973875505,-6.694419669849381,-6.6673183320121385,-6.707669614809391,-6.661843464224419,18.579710424271187,0.08322495133509016,18.52017488058188,18.639245967960495,18.460610415930486,18.695200144527103,8.748046599088195,0.11710086371337476,8.664277687531932,8.831815510644457,8.6085302357032,8.906692091099389,12.845623933455295,0.163470418720761,12.72868424049622,12.96256362641437,12.63297828892485,13.090511045911956,11.758785706238303,0.15873580859305014,11.645232949331318,11.872338463145288,11.563236321822318,11.993480704912512,0.0029046679815910585,0.00041903729079591597,0.0026049067617474734,0.0032044292014346437,0.0023346482577251805,0.0035131962055038974,0.00029301319981793353,0.0001298446901883463,0.00020012790398389884,0.0003858984956519682,0.0001471703838567744,0.0004926225155515095,1.0,0.0,10,10,0.7224598312333834,1.0,1.0,1.0,215.3758022999682,15.363487656408447,204.3854253046668,226.3661792952696,199.6729976500319,235.45041579991448
channel_fixed_phase_mismatch_deg,30.0,Row complex LS / Wiener [scientific controlled],scientific_controlled,10,10,0.0,15.997532571734263,2.113041841286587,14.485953497896915,17.50911164557161,13.367775887688438,18.75219969588583,-6.713616515372488,0.027562618179075918,-6.73333362463441,-6.693899406110566,-6.755411432845328,-6.681063423032242,18.775203803381228,0.07810580852868912,18.719330273851295,18.83107733291116,18.669689808224476,18.88859226746304,8.526628933846967,0.10772043792795075,8.449570374657554,8.603687493036379,8.389973711850107,8.661729063409727,12.566883355007395,0.15869780855964502,12.453357781686734,12.680408928328056,12.352243420408698,12.778298282662377,11.51098404145226,0.14860488188855822,11.404678512927543,11.617289569976979,11.322833236333754,11.719999365054745,0.00241626749319057,0.00034595252756764675,0.002168787963445911,0.0026637470229352294,0.0019381985535831688,0.002914717760871607,0.00036071916249431045,0.00012177144828191321,0.00027360911601187433,0.00044782920897674656,0.00023867774237596722,0.0005658284023668639,1.0,0.0,10,10,0.7224598312333834,1.0,1.0,1.0,219.17704510024123,15.55136021227629,208.05227217465136,230.3018180258311,200.36113595047027,235.4150240999843
channel_fixed_phase_mismatch_deg,30.0,Row complex LS / Wiener robust IRLS [scientific controlled],scientific_controlled,10,10,0.0,15.993006901099381,2.114966005359208,14.4800513632044,17.505962438994363,13.36883705830055,18.76770815532956,-6.689899632027183,0.028859938579146528,-6.710544788396594,-6.669254475657772,-6.731891380395646,-6.657222714715564,18.77362531512471,0.07829449946792698,18.717616804228292,18.82963382602113,18.667678002463216,18.887192498944493,8.532287953439221,0.10879055504989689,8.454463878576394,8.610112028302048,8.393739635354276,8.670726048491238,12.579052576372128,0.16166656395571458,12.463403283376655,12.6947018693676,12.361908784785758,12.796312674511055,11.524815826792775,0.14973456830504628,11.417702169288404,11.631929484297146,11.33633842828576,11.736805770221801,0.002450831220061989,0.0003488057544452221,0.0022013106147660633,0.002700351825357915,0.0019813092890015966,0.002960646191415422,0.00037039144287665,0.00012408054644111007,0.0002816295670793939,0.00045915331867390607,0.00024038461538461537,0.0005815695645577302,1.0,0.0,10,10,0.7224598312333834,1.0,1.0,1.0,357.6248225999734,62.745536335280285,312.7393698616776,402.51027533826925,285.4419325500203,440.0440580501254
channel_fixed_phase_mismatch_deg,30.0,SA-MNEC physical [approximate academic reference],scientific_controlled,10,10,0.0,-0.29787293015362276,0.05608617980228165,-0.3379945662065028,-0.2577512941007427,-0.38421871601348667,-0.2295920281164015,-1.6854458360409919,0.03730534127812869,-1.7121324695550946,-1.6587592025268891,-1.7407098218446742,-1.6581140847419558,0.3874454487228495,0.014300571762759586,0.37721543595256996,0.397675461493129,0.3679190687813388,0.4075489012203506,23.720775958790675,0.04697875008384471,23.687169385482814,23.754382532098536,23.6557425295455,23.771328754109497,34.986012732873384,0.08447797456455455,34.925580830363494,35.046444635383274,34.87314972917979,35.10289379181908,33.904640518174574,0.07204674439017676,33.853101382020036,33.95617965432911,33.80399231887896,34.002749688316015,0.13785535831689677,0.0006416247682441761,0.13739636760787083,0.1383143490259227,0.13699173476096552,0.13871109232647694,0.004296009710210893,6.104207150016353e-05,0.00425234284280653,0.004339676577615255,0.0042050713093612505,0.004373956910939159,1.0,0.0,10,10,0.7224598312333834,1.0,1.0,1.0,7761.359412999901,501.590142066559,7402.543440889634,8120.175385110168,7186.717833600187,8400.703335599655
channel_fixed_phase_mismatch_deg,30.0,Shrinkage-SMI/MVDR global,scientific_controlled,10,10,0.0,-0.6331626628216,0.0884841499743995,-0.6964604105775791,-0.569864915065621,-0.7265297006614806,-0.4980862950214666,-1.372165352477587,0.02107042686406095,-1.387238227847221,-1.3570924771079529,-1.396272086605621,-1.3384118088888617,-0.007191645539602892,0.012966059185597213,-0.016467005521661613,0.0020837144424558293,-0.02663646799725836,0.007646392158908563,23.957384505714494,0.0507075630639371,23.92111050029013,23.993658511138857,23.892938565715326,24.021524163948936,35.347159811427375,0.09707614161173354,35.27771572311731,35.41660389973744,35.225008099892776,35.48084006827837,34.32115743389086,0.07750731262128195,34.2657120425415,34.37660282524022,34.21270605580065,34.423032133281325,0.13824964778810933,0.0007166221265819349,0.1377370072008645,0.13876228837535418,0.13736977552362167,0.13930092983939138,0.00436693976634805,5.681985529077235e-05,0.004326293290467713,0.004407586242228387,0.004285673645880747,0.004438438780154756,1.0,0.0,10,10,0.7224598312333834,1.0,1.0,1.0,4334.82705560009,171.246846621676,4212.324441238062,4457.329669962118,4034.45964595021,4490.91683410029
channel_fixed_phase_mismatch_deg,30.0,Shrinkage-SMI/MVDR local,scientific_controlled,10,10,0.0,-0.3978039787013455,0.07265030679458906,-0.44977487739008093,-0.34583308001261004,-0.4896452376056109,-0.29193189589291213,-1.718077538628469,0.006383073514360494,-1.7226437143484907,-1.7135113629084473,-1.7280736733912065,-1.711285137212082,0.6438426374998817,0.008482067228553188,0.6377749321307556,0.6499103428690077,0.6309665380777427,0.6536451165918633,23.28879315455577,0.04637257558269081,23.255620212363553,23.321966096747985,23.22682463000726,23.345193179842976,34.65631410455598,0.09637073752419396,34.58737463193146,34.7252535771805,34.542170509224945,34.79385326627746,33.67070079279622,0.0757413286192887,33.61651871029858,33.72488287529386,33.565861309573314,33.76696047621244,0.13012848689771767,0.0006810922849202645,0.1296412628280747,0.13061571096736063,0.129231520616136,0.1311401333709026,0.004376612046730391,4.183882309471345e-05,0.004346682355690555,0.004406541737770226,0.004313742224245183,0.00442430966469428,1.0,0.0,10,10,0.7224598312333834,1.0,1.0,1.0,1774.667808599952,277.2226455867617,1576.35467457908,1972.980942620824,1450.1510712003437,2060.9757806500056
channel_fixed_phase_mismatch_deg,6.0,Corrected JDL physical,scientific_controlled,10,10,0.0,-0.8431310115746825,0.3587218309257211,-1.0997451506613856,-0.5865168724879795,-1.3262900916013953,-0.3337989952535254,1.0543992899846013,0.12708055575041813,0.9634913368098589,1.1453072431593438,0.9174477146237606,1.2664112883879943,-2.304507331550115,0.017605912428886112,-2.3171018425926,-2.29191282050763,-2.3280544940388572,-2.2819359822691263,26.11014228568821,0.04664212702576979,26.076776518009662,26.143508053366755,26.046781897145024,26.16360988933488,37.930135204966916,0.07580361250153159,37.875908567263984,37.98436184266985,37.8275589620782,38.033811247501035,36.6839859702875,0.07014466456807851,36.63380750006947,36.73416444050553,36.591479270271876,36.76789065259817,0.15419817789048557,0.0006934921273143872,0.1537020835079526,0.15469427227301852,0.15328054851131775,0.15512247581478353,0.0043073888636018815,3.453088792302404e-05,0.004282686954455736,0.004332090772748027,0.004262061902594447,0.004355845091791838,1.0,0.0,10,10,0.7224598312333834,1.0,1.0,1.0,3940.4972364999594,131.06147070581088,3846.7415083196665,4034.2529646802523,3749.6366269496775,4112.099054949886
channel_fixed_phase_mismatch_deg,6.0,Current legacy CSI [production replay],production_replay,10,10,0.0,19.354786699183304,2.480332138087419,17.58046397502164,21.129109423344968,16.35692434383692,22.981603265371493,-6.950975110366528,0.09268994974206103,-7.017281506031569,-6.884668714701487,-7.0904241111226805,-6.850361601346606,20.318930368790245,0.07503130903464861,20.265256203705874,20.372604533874615,20.22118413012714,20.437781318537915,7.081397336488772,0.08132985205072166,7.023217465160098,7.139577207817446,6.966866731455391,7.195895934511597,11.01773702132788,0.1261423799022102,10.927500198725198,11.107973843930562,10.848870911753915,11.198732267793428,10.004676870675983,0.11799379758619956,9.920269192707192,10.089084548644774,9.866793757390477,10.177931952200094,0.0007677279984972293,0.00014102814225044346,0.0006668425429976215,0.000868613453996837,0.0005963182117028271,0.0009558561097022635,0.0019862312243969045,0.00022068990452200223,0.0018283591771119795,0.0021441032716818294,0.0016363222576240327,0.0022378053406159914,1.0,0.0,10,10,0.7224598312333834,1.0,1.0,1.0,214.04275080012667,18.66836379414843,200.68820783620893,227.3972937640444,189.90711554988593,239.81381784969926
channel_fixed_phase_mismatch_deg,6.0,Current legacy CSI [scientific controlled],scientific_controlled,10,10,0.0,19.367078110440605,2.4979194469109314,17.580174183454037,21.153982037427173,16.348925499475804,22.992772558079828,-6.932580388504708,0.09250520462370455,-6.998754625473483,-6.866406151535934,-7.070771606800706,-6.831291570818516,20.31866554349341,0.07510356817029674,20.264939687337332,20.372391399649487,20.220847312644594,20.437583218442768,7.081394315248479,0.0817270681694209,7.022930292626118,7.139858337870841,6.96694006211786,7.1972009377073025,11.018416872038966,0.12503506438253034,10.92897217524041,11.10786156883752,10.851593654965312,11.197265940756292,10.005914417974402,0.1180486277609735,9.92146751686143,10.090361319087375,9.8679722207257,10.179262889101599,0.0007701700009392317,0.00013783649773925564,0.0006715677103822082,0.0008687722914962552,0.0006009204470742932,0.0009498450267681036,0.0019896449704142013,0.0002220878314091726,0.0018307729064764519,0.0021485170343519505,0.001638029130632681,0.0022428311333636776,1.0,0.0,10,10,0.7224598312333834,1.0,1.0,1.0,225.8328763998179,24.56994624000524,208.25659567691127,243.40915712272454,194.51943824965383,260.6135028499466
channel_fixed_phase_mismatch_deg,6.0,DL-SMI/MVDR global,scientific_controlled,10,10,0.0,-0.8879932033373912,0.117960231707532,-0.9723768697230711,-0.8036095369517112,-0.9966191312367888,-0.7026817540251445,-0.3736436759303997,0.003226981376892208,-0.37595211934390216,-0.37133523251689726,-0.37899374844089617,-0.36982619095963026,-0.6467201518183,0.009056572077390513,-0.653198833198574,-0.640241470438026,-0.6595052009107527,-0.6355920375299864,24.710061007521283,0.047529774943522694,24.676060254774672,24.744061760267893,24.64482577937547,24.770995761148335,36.05842072530966,0.09976532335593277,35.98705291226739,36.12978853835193,35.93086432856463,36.20217757228086,34.949204242092456,0.07858054460801107,34.89299110682965,35.005417377355265,34.83701934233906,35.052068464205725,0.14937447168216397,0.0006999282576379259,0.14887377316935613,0.14987517019497182,0.14847975955668263,0.1504031182492721,0.004334888484296768,4.4531795167051966e-05,0.004303032357087313,0.004366744611506223,0.004271449704142012,0.004396335912608101,1.0,0.0,10,10,0.7224598312333834,1.0,1.0,1.0,1930.2983703000791,427.3555386328338,1624.5866344205115,2236.0101061796468,1460.761251050053,2563.0365631001496
channel_fixed_phase_mismatch_deg,6.0,DL-SMI/MVDR local,scientific_controlled,10,10,0.0,-0.08800158755381202,0.05394211310883027,-0.1265894506906009,-0.049413724417023144,-0.14230464579525418,-0.0038111430522234256,-0.30637978386996206,0.0014400547661673156,-0.3074099369919622,-0.30534963074796195,-0.30821745652987875,-0.30453585864366617,0.31997283740662924,0.004577978824840221,0.31669794863874495,0.3232477261745135,0.3145035116352367,0.32724222240792666,23.416556387917225,0.043235187226431764,23.38562779815247,23.44748497768198,23.357849773040872,23.469299807256075,34.91376107132724,0.09543637692947655,34.84549000000684,34.98203214264763,34.79605789522395,35.053703284597034,34.001064739702755,0.08081675923026327,33.943251912866614,34.0588775665389,33.888859587951,34.10760836709387,0.13254682070066687,0.0005864263742117013,0.1321273165440123,0.13296632485732143,0.13181468958392037,0.13345486991640837,0.004579540282203004,5.102284339782616e-05,0.004543040738814467,0.004616039825591541,0.004502825823092095,0.004636056744044909,1.0,0.0,10,10,0.7224598312333834,1.0,1.0,1.0,1103.1625560000066,128.69087077241576,1011.102652853438,1195.2224591465751,895.2134949498031,1230.3578173998176
channel_fixed_phase_mismatch_deg,6.0,MNEC physical,scientific_controlled,10,10,0.0,-0.2927444353572552,0.06556973191127384,-0.3396501959047407,-0.24583867480976968,-0.36234086881293986,-0.19270569553984776,-0.315916507654446,0.0011830422930677775,-0.3167628051288855,-0.3150702101800065,-0.3169559070680712,-0.31392411181275526,-0.09415595628080156,0.005557387673109759,-0.09813147193209576,-0.09018044062950736,-0.10276364795371586,-0.08837469361494325,24.106877219472334,0.04189890236670929,24.07690455031037,24.1368498886343,24.0470045932678,24.155381634683696,35.45064247956405,0.0950028686868227,35.382681521358855,35.51860343776925,35.32797850983026,35.592456712354036,34.392994387442585,0.07605543794026061,34.338587604672945,34.447401170212224,34.288456166870674,34.49270118136854,0.14288663473278856,0.0006565372518478335,0.14241697627563107,0.14335629318994605,0.14210312764158917,0.14386794402179018,0.004403732362312244,3.680758263290756e-05,0.0043774018038825226,0.0044300629207419655,0.004350724472765893,0.004450481717493552,1.0,0.0,10,10,0.7224598312333834,1.0,1.0,1.0,2555.60257190009,388.6480086480479,2277.5805349094517,2833.6246088907283,2148.321115650151,3001.3419140997485
channel_fixed_phase_mismatch_deg,6.0,Phase-only CSI [production replay],production_replay,10,10,0.0,16.014064621137845,2.2063171359976637,14.435760421069475,17.592368821206215,13.435328873452415,18.791405056340782,-6.6991258018783455,0.01930012273910994,-6.712932277966471,-6.68531932579022,-6.725981965696867,-6.679696909851922,18.58002089433561,0.08316668510303929,18.520527031797787,18.639514756873435,18.460982679289074,18.69547076106817,8.74808668158809,0.1167390620967733,8.664576587316867,8.831596775859312,8.609728191084926,8.906676443503828,12.844187587880725,0.16440887636405518,12.726576562765528,12.961798612995922,12.628948945478816,13.090687885472496,11.757671725656362,0.1586830126740542,11.644156736674638,11.871186714638085,11.562130954191453,11.992290569154035,0.0028992204376819767,0.00041484536603562385,0.002602457940165111,0.0031959829351988424,0.0023285432516201745,0.0035001408847562692,0.00029244424214838413,0.00013063193200805046,0.00019899578744192982,0.00038589269685483847,0.000147834167804582,0.00049527765134274,1.0,0.0,10,10,0.7224598312333834,1.0,1.0,1.0,218.68179829980363,23.77553660474346,201.67380399567674,235.68979260393053,185.0699157501822,246.26428590031537
channel_fixed_phase_mismatch_deg,6.0,Phase-only CSI [scientific controlled],scientific_controlled,10,10,0.0,16.029903927836028,2.2190699125340276,14.44247694100166,17.617330914670397,13.445730848271836,18.82487584373964,-6.680868927004482,0.018942522588438777,-6.694419591355237,-6.667318262653728,-6.707669528989341,-6.661843388172323,18.579710295799323,0.08322495252137573,18.520174751261397,18.63924584033725,18.460610286112917,18.695200018279984,8.748046637982457,0.11710084969329146,8.664277736455558,8.831815539509355,8.608530397352121,8.90669194949596,12.845624059990602,0.1634701835682645,12.728684535249489,12.962563584731715,12.632978711873694,13.090510722363499,11.758785881541007,0.15873580966008966,11.645233123870707,11.872338639211307,11.563236497524649,11.993480883451078,0.0029046679815910585,0.00041903729079591597,0.0026049067617474734,0.0032044292014346437,0.0023346482577251805,0.0035131962055038974,0.00029301319981793353,0.0001298446901883463,0.00020012790398389884,0.0003858984956519682,0.0001471703838567744,0.0004926225155515095,1.0,0.0,10,10,0.7224598312333834,1.0,1.0,1.0,216.5245107003102,23.545198586382277,199.68129028833297,233.36773111228743,183.59632185047303,242.7432580000641
channel_fixed_phase_mismatch_deg,6.0,Row complex LS / Wiener [scientific controlled],scientific_controlled,10,10,0.0,15.997532558150231,2.1130418101473003,14.485953506588586,17.509111609711876,13.367775930265859,18.752199693577005,-6.713616518926974,0.027562610181810197,-6.733333622467997,-6.6938994153859515,-6.755411434578689,-6.681063438495282,18.775203803445343,0.07810580923725981,18.719330273408527,18.83107733348216,18.669689808116164,18.88859226926114,8.526628875804366,0.10772045724867853,8.449570302793738,8.603687448814995,8.38997373376458,8.66172899395552,12.56688337102938,0.15869779004413223,12.45335781095392,12.680408931104841,12.352243600857197,12.778298428023657,11.510984041494225,0.14860488202119676,11.404678512874623,11.617289570113828,11.322833236887464,11.719999365770484,0.00241626749319057,0.00034595252756764675,0.002168787963445911,0.0026637470229352294,0.0019381985535831688,0.002914717760871607,0.00036071916249431045,0.00012177144828191321,0.00027360911601187433,0.00044782920897674656,0.00023867774237596722,0.0005658284023668639,1.0,0.0,10,10,0.7224598312333834,1.0,1.0,1.0,228.15939370020715,21.652192977136764,212.67034792390584,243.64843947650846,199.71440325030017,258.68877679990874
channel_fixed_phase_mismatch_deg,6.0,Row complex LS / Wiener robust IRLS [scientific controlled],scientific_controlled,10,10,0.0,15.993006885748027,2.114965971387027,14.48005137215528,17.505962399340774,13.368837100711383,18.767708145250808,-6.689899636781988,0.028859931072724644,-6.710544787781628,-6.669254485782347,-6.731891383048502,-6.6572227394806465,18.773625315205145,0.07829450018009194,18.717616803799274,18.829633826611015,18.66767800238418,18.887192500764066,8.53228803852027,0.10879069297008034,8.454463864995288,8.610112212045253,8.393739430546828,8.670726210585915,12.579052584321776,0.1616664237262529,12.463403391640417,12.694701777003134,12.36190899525525,12.796312506043883,11.52481582677474,0.14973456850223585,11.417702169129308,11.631929484420171,11.336338428468133,11.736805770949887,0.002450831220061989,0.0003488057544452221,0.0022013106147660633,0.002700351825357915,0.0019813092890015966,0.002960646191415422,0.00037039144287665,0.00012408054644111007,0.0002816295670793939,0.00045915331867390607,0.00024038461538461537,0.0005815695645577302,1.0,0.0,10,10,0.7224598312333834,1.0,1.0,1.0,387.7524389003156,129.16275051873063,295.3549733184178,480.1499044822134,282.5936590003039,622.209554050596
channel_fixed_phase_mismatch_deg,6.0,SA-MNEC physical [approximate academic reference],scientific_controlled,10,10,0.0,-0.203072995120377,0.03621624151274116,-0.22898053359598367,-0.17716545664477032,-0.24022859137019253,-0.1437771051734744,-0.2959523229706642,0.0021017460086401383,-0.29745582149260885,-0.29444882444871956,-0.2984553004174229,-0.2934904391164082,-0.08841867330203264,0.005387509053221259,-0.09227266510940738,-0.0845646814946579,-0.09623403957795106,-0.0822704697978646,24.09798399030516,0.04094305856632758,24.06869509060686,24.12727289000346,24.040220173191955,24.143493772656395,35.44150732427141,0.09081839292339342,35.37653975970158,35.50647488884125,35.32287779954124,35.574488644824115,34.38677083081603,0.07567839770238559,34.332633766384404,34.44090789524766,34.28165870478411,34.48543923932487,0.1428734854888701,0.0006180002216861621,0.14243139476237562,0.1433155762153646,0.14214811684042453,0.14378031370339064,0.004400887573964497,4.0501170683644245e-05,0.004371914781814751,0.004429860366114242,0.00434124184494007,0.004440335305719921,1.0,0.0,10,10,0.7224598312333834,1.0,1.0,1.0,7760.366682000039,624.2982149715276,7313.770642514902,8206.962721485177,6906.425917100205,8479.598243600185
channel_fixed_phase_mismatch_deg,6.0,Shrinkage-SMI/MVDR global,scientific_controlled,10,10,0.0,-0.7061580090793574,0.10286488461188517,-0.7797431146716564,-0.6325729034870585,-0.8015359406923905,-0.5447186055894019,-0.3537186398609986,0.0027839470291754205,-0.3557101555942654,-0.3517271241277318,-0.35818786406305825,-0.35060271901573503,-0.4638868662094495,0.008661958712769006,-0.47008325819414043,-0.4576904742247586,-0.4760134782667045,-0.4523152839246632,24.500553178334126,0.04775525958466504,24.466391123592278,24.534715233075975,24.431028528388463,24.563735632525795,35.86434619727189,0.10545641704248054,35.78890722105824,35.93978517348555,35.728822023807346,36.0148524012069,34.767097341609954,0.07786126050499134,34.71139875119762,34.82279593202229,34.65812545123774,34.87093382390488,0.1467530759838452,0.0006661183016201861,0.14627656365656633,0.1472295883111241,0.14594383394383395,0.1477398328167559,0.00436106053709604,4.060956817130137e-05,0.0043320102020549065,0.004390110872137174,0.004299707935062964,0.004410749506903353,1.0,0.0,10,10,0.7224598312333834,1.0,1.0,1.0,4459.08368299979,190.60787769899747,4322.731021349265,4595.436344650315,4170.011120799973,4674.706398499802
channel_fixed_phase_mismatch_deg,6.0,Shrinkage-SMI/MVDR local,scientific_controlled,10,10,0.0,-0.20982679316852795,0.0607374692774058,-0.25327576126925644,-0.16637782506779947,-0.2742473266833856,-0.11268514931012048,-0.3067720261973779,0.0006834678269890994,-0.3072609496274453,-0.3062831027673105,-0.3078342279835623,-0.30596744254408603,0.07710000773626456,0.004692117590331272,0.07374346901424361,0.08045654645828551,0.07006030344883225,0.08215019032411837,23.777610848013474,0.0470443337697568,23.743957358962977,23.81126433706397,23.70481848485799,23.831322475378332,35.21974928051621,0.09941432491195565,35.14863255663483,35.29086600439759,35.09743048241067,35.36426920420724,34.23739432747269,0.07896913154157294,34.18090321386338,34.293885441082004,34.12752258516488,34.341251020289306,0.13713252559406405,0.0006383952694483497,0.1366758451293046,0.1375892060588235,0.13632206255283177,0.1381041607964685,0.0045015930814747375,4.996344119851702e-05,0.0044658513887657104,0.0045373347741837645,0.004428766499772417,0.004557919890760127,1.0,0.0,10,10,0.7224598312333834,1.0,1.0,1.0,1726.9546120997802,244.99416362745515,1551.6963452184866,1902.2128789810738,1457.6141177496083,2054.747862449858
channel_phase_jitter_std_deg,0.0,Corrected JDL physical,scientific_controlled,10,10,0.0,-0.760377571039095,0.340486563441191,-1.0039469855979302,-0.5168081564802598,-1.2177808845636207,-0.2798192083690653,1.4440093771610056,0.12035094503019149,1.357915497489688,1.5301032568323232,1.3199185912454114,1.6478427223270162,-2.368351293953651,0.014864789839328376,-2.3789849240214953,-2.3577176638858064,-2.3889275782222232,-2.348607003255956,26.17226312182087,0.04240580450193522,26.1419278367158,26.202598406925937,26.112013584593566,26.221960971889896,37.97916511219258,0.07973913894183397,37.92212316847182,38.036207055913344,37.86348567432742,38.0860808158129,36.74632353560686,0.07109273278648721,36.69546685824143,36.79718021297229,36.65094819191899,36.829025351575844,0.15558448389217622,0.0006500491947664317,0.15511946671145846,0.15604950107289398,0.15475213675213675,0.15646022353714661,0.004317250796540737,4.006414932259519e-05,0.004288590630639689,0.004345910962441785,0.004273535882263693,0.004374336216052192,1.0,0.0,10,10,0.7224598312333834,1.0,1.0,1.0,3568.5870232000525,256.1709010785086,3385.333399996567,3751.840646403538,3281.006732250353,3944.92743514993
channel_phase_jitter_std_deg,0.0,Current legacy CSI [production replay],production_replay,10,10,0.0,19.354786670705654,2.480332079695805,17.580463988314836,21.12910935309647,16.356924399320814,22.981603191442144,-6.95097515811967,0.09268993708972632,-7.017281544733776,-6.884668771505564,-7.090424145475136,-6.850361684837811,20.318930386291488,0.07503130879579085,20.265256221377985,20.37260455120499,20.221184147507643,20.43778133509904,7.0813973169966165,0.0813298158243418,7.023217471582734,7.139577162410499,6.966866793570848,7.195895934511597,11.017737030631274,0.12614248382252122,10.92750013368848,11.107973927574069,10.848870770905387,11.198732470780833,10.004676848825998,0.11799379790661327,9.920269170627996,10.089084527024,9.866793734296175,10.177931930827652,0.0007677279984972293,0.00014102814225044346,0.0006668425429976215,0.000868613453996837,0.0005963182117028271,0.0009558561097022635,0.0019862312243969045,0.00022068990452200223,0.0018283591771119795,0.0021441032716818294,0.0016363222576240327,0.0022378053406159914,1.0,0.0,10,10,0.7224598312333834,1.0,1.0,1.0,221.29757169986988,23.106514209787818,204.76816718624505,237.8269762134947,186.7824672498955,255.0831754503633
channel_phase_jitter_std_deg,0.0,Current legacy CSI [scientific controlled],scientific_controlled,10,10,0.0,19.367078082157057,2.4979193894179885,17.580174196298465,21.15398196801565,16.348925553373707,22.992772487810935,-6.932580436482075,0.09250519229732473,-6.998754664633088,-6.866406208331062,-7.070771641799064,-6.831291654312483,20.318665561011265,0.07510356792875589,20.264939705027974,20.372391416994557,20.22084733003868,20.437583235012625,7.081394207371099,0.08172704948109587,7.02293019811756,7.1398582166246385,6.966940059177182,7.197200827922739,11.018416846968085,0.12503504514702604,10.928972163929782,11.107861530006389,10.851593654965312,11.197265915124559,10.005914396067677,0.1180486280695962,9.921467494733928,10.090361297401426,9.867972197607083,10.179262867588994,0.0007701700009392317,0.00013783649773925564,0.0006715677103822082,0.0008687722914962552,0.0006009204470742932,0.0009498450267681036,0.0019896449704142013,0.0002220878314091726,0.0018307729064764519,0.0021485170343519505,0.001638029130632681,0.0022428311333636776,1.0,0.0,10,10,0.7224598312333834,1.0,1.0,1.0,221.22708070000954,27.510556590201446,201.5472140552266,240.90694734479248,188.3869985500496,260.0567728996338
channel_phase_jitter_std_deg,0.0,DL-SMI/MVDR global,scientific_controlled,10,10,0.0,-0.8401474706701881,0.10944754472410967,-0.9184415276336363,-0.76185341370674,-0.9419640809606139,-0.6670018920989901,-0.011200042038816927,8.772300753376948e-05,-0.01126279529807155,-0.011137288779562306,-0.011334109440200598,-0.011091591212775247,-0.8045954504211335,0.007957848687493052,-0.8102881524366574,-0.7989027484056095,-0.814660723325115,-0.7949575682646371,24.867284542320725,0.04773510645969022,24.833136904256005,24.901432180385445,24.80242629248904,24.924309185278346,36.21289522764313,0.09897811935694263,36.14209054641797,36.28369990886829,36.083817780875805,36.35433281246241,35.106473572355114,0.07839153137466431,35.050395649014106,35.16255149569612,34.99461419817157,35.209492777259875,0.15173382173382172,0.0007019212580836453,0.15123169751438137,0.15223594595326206,0.1508944303559688,0.1527960927960928,0.004361250189652556,5.151510235950473e-05,0.00432439850541624,0.0043981018738888725,0.0042897511758458505,0.004413783947807616,1.0,0.0,10,10,0.7224598312333834,1.0,1.0,1.0,1800.6804058999478,334.2334600926277,1561.584192005457,2039.7766197944386,1385.3719020994504,2205.9693752504245
channel_phase_jitter_std_deg,0.0,DL-SMI/MVDR local,scientific_controlled,10,10,0.0,-0.01591539438327292,0.046525901169602604,-0.04919801909295445,0.017367230326408613,-0.06248867652271843,0.05500143202840897,-0.012250567246112369,4.1784042738726287e-05,-0.012280457749646236,-0.012220676742578502,-0.012306805995890615,-0.012192320272180418,0.11925141256879956,0.0041313578301781775,0.11629601721381264,0.12220680792378649,0.11451351316304048,0.12576860910366452,23.60119662746456,0.04564030831131586,23.56854751772196,23.63384573720716,23.540971157959678,23.652850736482996,35.10192575551281,0.0894204778451298,35.03795819914822,35.1658933118774,34.9969836967892,35.23745926112878,34.20206688575592,0.0808283713997895,34.14424575207411,34.259888019437724,34.089818254408364,34.308823661386064,0.13510528787451864,0.0005934742495146486,0.13468074197159347,0.13552983377744382,0.13436244951629567,0.1360391659622429,0.00459850553785465,4.968148930879659e-05,0.0045629655413770955,0.004634045534332204,0.004524066909421939,0.004653409952966166,1.0,0.0,10,10,0.7224598312333834,1.0,1.0,1.0,1015.4450080998686,139.4080467660691,915.7184990933921,1115.1715171063452,850.426304849907,1201.3750258498021
channel_phase_jitter_std_deg,0.0,MNEC physical,scientific_controlled,10,10,0.0,-0.21085898607219997,0.054116976268254534,-0.24957193877768846,-0.17214603336671147,-0.26858223148348365,-0.12743439305327486,-0.011610128453354327,4.825959393636177e-05,-0.011644651287157597,-0.011575605619551057,-0.011676156342895422,-0.011550932704089826,-0.22063337064116356,0.004725365240156341,-0.22401369329909523,-0.2172530479832319,-0.22768782493488315,-0.2160495095012457,24.183423054728785,0.04474511040906433,24.1514143309878,24.215431778469767,24.121495119750094,24.240657231295618,35.55887676983487,0.09374364911360603,35.49181660304754,35.625936936622196,35.43600568500011,35.6966934225193,34.523003053515716,0.07685247961144999,34.468026101482224,34.57798000554921,34.417068971232155,34.624123518185996,0.14379336902413825,0.0006410171813858921,0.14333481295656736,0.14425192509170914,0.14308058608058608,0.14478294355217433,0.004442990441511151,3.4020776625927545e-05,0.004418653444004213,0.004467327439018089,0.004391404946138674,0.004476179638901533,1.0,0.0,10,10,0.7224598312333834,1.0,1.0,1.0,2327.506093700049,355.7230815066193,2073.0371307196724,2581.9750566804255,1859.6264831499866,2867.9616771504243
channel_phase_jitter_std_deg,0.0,Phase-only CSI [production replay],production_replay,10,10,0.0,16.01406464866994,2.2063170348255845,14.435760520975716,17.592368776364165,13.435328834849491,18.79140499524462,-6.699125846171546,0.019300122334760854,-6.712932321970417,-6.6853193703726745,-6.725982008743291,-6.679696959041191,18.580020971944666,0.08316668472345497,18.52052710967838,18.639514834210953,18.460982756708194,18.695470837358346,8.748086643572204,0.11673913200562044,8.664576499291204,8.831596787853204,8.609728076717683,8.906676629012242,12.844187563678961,0.16440894138675555,12.726576492049327,12.961798635308595,12.628948968495983,13.09068800234554,11.757671619823858,0.15868301288954678,11.64415663068798,11.871186608959736,11.562130847207412,11.992290463624892,0.0028992204376819767,0.00041484536603562385,0.002602457940165111,0.0031959829351988424,0.0023285432516201745,0.0035001408847562692,0.00029244424214838413,0.00013063193200805046,0.00019899578744192982,0.00038589269685483847,0.000147834167804582,0.00049527765134274,1.0,0.0,10,10,0.7224598312333834,1.0,1.0,1.0,208.04818189999423,19.308410056383483,194.23577742222534,221.86058637776313,182.2833563997392,233.89460275006965
channel_phase_jitter_std_deg,0.0,Phase-only CSI [scientific controlled],scientific_controlled,10,10,0.0,16.029903954993685,2.2190698109218396,14.442477040848297,17.617330869139074,13.445730809266236,18.824875783327634,-6.680868971510674,0.0189425222166048,-6.694419635595435,-6.667318307425913,-6.70766957212699,-6.66184343655292,18.57971037341853,0.08322495213479524,18.520174829157146,18.63924591767991,18.460610363558903,18.695200094574467,8.748046617705402,0.11710082381258702,8.664277734692444,8.83181550071836,8.60853034202565,8.906691972030245,12.845623966027148,0.16347029292940002,12.728684363053793,12.962563569000503,12.632978481019578,13.090510826706248,11.758785775654472,0.1587358097818227,11.64523301789709,11.872338533411854,11.563236390762462,11.99348077768281,0.0029046679815910585,0.00041903729079591597,0.0026049067617474734,0.0032044292014346437,0.0023346482577251805,0.0035131962055038974,0.00029301319981793353,0.0001298446901883463,0.00020012790398389884,0.0003858984956519682,0.0001471703838567744,0.0004926225155515095,1.0,0.0,10,10,0.7224598312333834,1.0,1.0,1.0,225.05772230024377,25.763726172609566,206.62746285830102,243.48798174218652,200.21462425006575,266.28114789987194
channel_phase_jitter_std_deg,0.0,Row complex LS / Wiener [scientific controlled],scientific_controlled,10,10,0.0,15.997532551793327,2.1130418002519322,14.485953507310402,17.509111596276252,13.36777591354991,18.752199613298963,-6.7136165169338895,0.02756261169136602,-6.733333621554784,-6.693899412312995,-6.755411428065885,-6.6810634303407035,18.775203803489582,0.07810580915015924,18.719330273515073,18.83107733346409,18.669689807340763,18.88859226844867,8.526628860251249,0.1077204095061718,8.449570321393553,8.603687399108944,8.389973713686459,8.661728876960487,12.56688341222699,0.15869780049180324,12.453357844677715,12.680408979776264,12.352243568561754,12.778298420684457,11.510984041352277,0.14860488243021022,11.404678512440084,11.61728957026447,11.322833236583836,11.719999366676408,0.00241626749319057,0.00034595252756764675,0.002168787963445911,0.0026637470229352294,0.0019381985535831688,0.002914717760871607,0.00036071916249431045,0.00012177144828191321,0.00027360911601187433,0.00044782920897674656,0.00023867774237596722,0.0005658284023668639,1.0,0.0,10,10,0.7224598312333834,1.0,1.0,1.0,225.987635400179,19.605226026055437,211.96290156869333,240.01236923166465,198.49194325020107,252.53010925043782
channel_phase_jitter_std_deg,0.0,Row complex LS / Wiener robust IRLS [scientific controlled],scientific_controlled,10,10,0.0,15.99300687999045,2.1149659633181765,14.480051372169811,17.50596238781109,13.368837082802154,18.767708070889455,-6.689899634842073,0.02885993239426309,-6.710544786787084,-6.6692544828970615,-6.731891376663598,-6.657222728245209,18.773625315248644,0.07829450010168587,18.717616803898864,18.829633826598425,18.66767800155958,18.88719249997386,8.532288009084722,0.10879059498529943,8.454463905653828,8.610112112515615,8.393739646667056,8.670726075411881,12.57905251411908,0.1616665111472867,12.463403258900481,12.69470176933768,12.361908800107658,12.796312504197672,11.524815826662689,0.14973456889889902,11.4177021687335,11.631929484591877,11.336338428647908,11.736805772063784,0.002450831220061989,0.0003488057544452221,0.0022013106147660633,0.002700351825357915,0.0019813092890015966,0.002960646191415422,0.00037039144287665,0.00012408054644111007,0.0002816295670793939,0.00045915331867390607,0.00024038461538461537,0.0005815695645577302,1.0,0.0,10,10,0.7224598312333834,1.0,1.0,1.0,380.65396130004956,135.92737259563074,283.41737659894187,477.89054600115725,264.0917899498618,608.6381661999894
channel_phase_jitter_std_deg,0.0,SA-MNEC physical [approximate academic reference],scientific_controlled,10,10,0.0,-0.13733652363955154,0.03006510981731517,-0.15884380757710218,-0.1158292397020009,-0.17042350355959404,-0.08830997816534396,0.0051889439423197905,0.0013081863083752915,0.0042531238322851455,0.0061247640523544354,0.0029786257004599803,0.006401792007289993,-0.21813590743227912,0.0045446484356221175,-0.22138695307605646,-0.21488486178850177,-0.22499577062106127,-0.2137390982002126,24.182195003912934,0.04417865599830736,24.15059149724662,24.21379851057925,24.12222463924302,24.237456913924824,35.549530454596706,0.09445904338096683,35.48195852557971,35.617102383613705,35.430424732664754,35.689435235485114,34.51989782380913,0.07650434057252416,34.46516991544138,34.574625732176884,34.41378525366372,34.61875581711357,0.14387977834131677,0.0006261032507774374,0.1434318910570023,0.14432766562563124,0.14319094580633043,0.14484681130834978,0.004440714610832954,4.504220490198681e-05,0.004408493358494722,0.0044729358631711855,0.004368741465634957,0.004484619177666515,1.0,0.0,10,10,0.7224598312333834,1.0,1.0,1.0,7297.455957899819,862.4668335011033,6680.4843523563895,7914.427563443248,6026.5410114501265,8366.025196599685
channel_phase_jitter_std_deg,0.0,Shrinkage-SMI/MVDR global,scientific_controlled,10,10,0.0,-0.6488962717029466,0.09444883754845368,-0.7164608999071748,-0.5813316434987185,-0.7365212631482697,-0.4997024313105993,-0.011198369280998608,7.758788224214333e-05,-0.011253872308382661,-0.011142866253614554,-0.011314128448699773,-0.011102711300598514,-0.6153364466194383,0.007701527560521179,-0.6208457875466284,-0.6098271056922482,-0.6256698721283086,-0.6046397552280455,24.63926855381763,0.04584061027847326,24.606476156679538,24.67206095095572,24.573298983617562,24.695475481240443,36.0125867103983,0.09926668727271215,35.941575600121745,36.08359782067486,35.88938693563907,36.15613954730113,34.91836932306952,0.07781826483942368,34.86270148990348,34.97403715623556,34.809544726471145,35.02260842196998,0.14889790551329013,0.0006955800073206961,0.14840031755137575,0.1493954934752045,0.1480515638207946,0.14991753545599698,0.004379456835078137,3.33893845376431e-05,0.004355571508261949,0.004403342161894325,0.004325974814140494,0.004417387346381429,1.0,0.0,10,10,0.7224598312333834,1.0,1.0,1.0,4375.446952100083,310.6401280951624,4153.228391185597,4597.665513014569,3967.2206438998273,4826.913656299803
channel_phase_jitter_std_deg,0.0,Shrinkage-SMI/MVDR local,scientific_controlled,10,10,0.0,-0.13356292398634234,0.05117622257527183,-0.17017218822870225,-0.09695365974398243,-0.18836567444634839,-0.05204435452264664,-0.011695669733417197,2.8963408163722707e-05,-0.011716388907468496,-0.011674950559365899,-0.011727175621511184,-0.011653157575976052,-0.07670433912441174,0.004321964517664794,-0.07979608628962255,-0.07361259195920093,-0.08290149250265408,-0.0709869928833238,23.897807636173955,0.0457942681414046,23.865048390203654,23.930566882144255,23.82855382330916,23.95097432978773,35.35550996848771,0.09767095576279623,35.285640375766896,35.42537956120852,35.23795867742835,35.50282072433694,34.39246639964183,0.07935009282099398,34.335702762750365,34.4492300365333,34.28205393417968,34.4972106161017,0.13886183901568516,0.0006576520722118148,0.13839138306408136,0.13933229496728897,0.1380619892927585,0.13986061801446417,0.0045306099226217564,5.1532554523523515e-05,0.004493745753859385,0.004567474091384128,0.00445645577302382,0.0045858936428463054,1.0,0.0,10,10,0.7224598312333834,1.0,1.0,1.0,1570.4151126998113,183.58477925133593,1439.0864730253584,1701.7437523742642,1378.8343831494785,1854.884327300078
channel_phase_jitter_std_deg,1.0,Corrected JDL physical,scientific_controlled,10,10,0.0,-0.7598607370399733,0.3392510559336959,-1.0025463227709035,-0.517175151309043,-1.2167719090111122,-0.2851284915119687,1.4401920810002917,0.12199422780582349,1.3529226676469104,1.527461494353673,1.3133228553561136,1.6454522558459779,-2.3653754055104934,0.015130053084089302,-2.3761987934723865,-2.3545520175486003,-2.3859700109421023,-2.3445239945288154,26.16946231770921,0.03982743675864662,26.14097148577552,26.197953149642903,26.114094887682416,26.216528642186734,37.97467697384801,0.07973223977386253,37.91763996549471,38.03171398220132,37.86003237314686,38.081822008153196,36.74315029651994,0.07119643159243251,36.692219437497535,36.79408115554235,36.64761801735292,36.82736001175507,0.15560026298487833,0.0005781944437648032,0.1551866475965187,0.15601387837323796,0.15485883347421808,0.15636216774678313,0.004342474586557428,4.059775705546334e-05,0.004313432700679577,0.00437151647243528,0.004284251251706873,0.0043896980731300255,1.0,0.0,10,10,0.7224598312333834,1.0,1.0,1.0,3950.014487399949,112.11447088753637,3869.812626387694,4030.216348412204,3785.333554450426,4062.2673713999575
channel_phase_jitter_std_deg,1.0,Current legacy CSI [production replay],production_replay,10,10,0.0,19.343352401831854,2.5148366694307276,17.544346622885364,21.142358180778345,16.339760931909012,22.929700871719483,-6.951412054745084,0.08890734028690814,-7.01501253461367,-6.8878115748764985,-7.084068851674679,-6.854271435832919,20.31395625344313,0.07609627388001698,20.259520258401977,20.368392248484284,20.214978073055622,20.434902559782532,7.086700561597733,0.08060819517987247,7.029036932495385,7.144364190700081,6.9746621949408025,7.20166668862421,11.024797059735317,0.12776433660424266,10.933399959204598,11.116194160266035,10.858128786796684,11.211112077464449,10.01155047654871,0.1193667076421537,9.92616067789007,10.096940275207348,9.87109858853119,10.187915119067794,0.0007750540058232365,0.00014519818818302738,0.0006711854791674058,0.0008789225324790672,0.0005963182117028271,0.0009697567389875081,0.002004248217265969,0.00023812924161426132,0.0018339008197559845,0.002174595614775953,0.0016513996358670914,0.002304278561675011,1.0,0.0,10,10,0.7224598312333834,1.0,1.0,1.0,226.13346379994255,25.884694289271092,207.6166689803398,244.6502586195453,192.16595255015818,256.1499422999077
channel_phase_jitter_std_deg,1.0,Current legacy CSI [scientific controlled],scientific_controlled,10,10,0.0,19.35659960952816,2.535210564507289,17.543019224036474,21.170179995019847,16.33157965043779,22.943195942119477,-6.933013218809032,0.08873332295105019,-6.996489214174647,-6.869537223443417,-7.0643915043346714,-6.835223958803228,20.313686159085808,0.07616523179995857,20.2592008345204,20.368171483651217,20.21464776457795,20.434701757881406,7.087163472809858,0.08083464830294756,7.029337848902033,7.1449890967176835,6.976058902490463,7.2036876095276625,11.025768969508476,0.12744892902755842,10.934597497965944,11.116940441051009,10.860619337120948,11.212031394182555,10.012786931645781,0.11941302700051686,9.927363998114256,10.098209865177306,9.87227717333426,10.18920674029994,0.000776368930215084,0.00014676892537571152,0.0006713767658609512,0.0008813610945692169,0.0005959425190194421,0.0009708838170376632,0.00200633439538765,0.00023651540170083662,0.001837141469404917,0.002175527321370383,0.0016579426490669093,0.0023069336974662416,1.0,0.0,10,10,0.7224598312333834,1.0,1.0,1.0,226.44147709997924,20.77125579888954,211.58261581789176,241.3003383820667,197.6539724496888,254.82981319964892
channel_phase_jitter_std_deg,1.0,DL-SMI/MVDR global,scientific_controlled,10,10,0.0,-0.842035483100861,0.1088197258202115,-0.9198804254756865,-0.7641905407260354,-0.9497186140720668,-0.6748480208132712,-0.013721844384515982,0.0042536410125531676,-0.01676471585850287,-0.010678972910529097,-0.017532291907689415,-0.006110343623744338,-0.8025343485311136,0.009931521658265264,-0.8096389311364706,-0.7954297659257566,-0.8154857459322747,-0.7877925505824027,24.86427565952257,0.04243472316654623,24.83391968725106,24.894631631794077,24.805405027735976,24.91121454267601,36.21067690443406,0.095526463311471,36.14234138919817,36.27901241966995,36.08525201057685,36.34231682066607,35.10489138767059,0.07419074152611926,35.05181852835841,35.15796424698277,34.99815562832187,35.19973292119052,0.15163520240443318,0.0006094570911922454,0.1511992230653364,0.15207118174352996,0.15088616511693434,0.15250784258476566,0.004364663935669853,5.141415164058516e-05,0.004327884467227482,0.004401443404112223,0.004294776968593537,0.004419947655894401,1.0,0.0,10,10,0.7224598312333834,1.0,1.0,1.0,1978.1053869998686,420.63666999236034,1677.2000402027898,2279.0107337969475,1484.851945549599,2545.815651449902
channel_phase_jitter_std_deg,1.0,DL-SMI/MVDR local,scientific_controlled,10,10,0.0,-0.016693661853829478,0.043707945442771,-0.04796044247351173,0.014573118765852773,-0.0644974401903535,0.04588924409022547,-0.014357916447893032,0.0032712797883362736,-0.016698049035946943,-0.01201778385983912,-0.017282332358803602,-0.00850060036096891,0.11922241986442021,0.005694549606809367,0.1151487844766133,0.12329605525222713,0.11290338349420793,0.12774482504851684,23.60448329604704,0.040735992142029484,23.57534252274536,23.63362406934872,23.551504754444544,23.649572581181083,35.10173470669373,0.08588832700817961,35.0402938988234,35.16317551456407,35.00109430627172,35.23096888904158,34.20212612488586,0.07743079324532649,34.14673547220053,34.25751677757118,34.093708190323476,34.302657430190415,0.13515018315018315,0.0004918568330289713,0.1347983299679112,0.1355020363324551,0.13452737860430167,0.13584981684981684,0.004600781368532848,4.824826309094153e-05,0.004566266640328101,0.004635296096737596,0.004525868608708845,0.004656349567592171,1.0,0.0,10,10,0.7224598312333834,1.0,1.0,1.0,1129.7822136999457,92.83319278703493,1063.373348133446,1196.1910792664455,1030.9804760004681,1261.8352987502928
channel_phase_jitter_std_deg,1.0,MNEC physical,scientific_controlled,10,10,0.0,-0.21181317755700907,0.05195501071522586,-0.24897955327359822,-0.17464680184041992,-0.26832168668645956,-0.13495153073662366,-0.013788553102416274,0.003367666383470623,-0.016197636506945643,-0.011379469697886904,-0.016804563488178836,-0.007776074258242289,-0.2197735701494253,0.004277592067034078,-0.22283357517564117,-0.21671356512320944,-0.22620107043755497,-0.21491312629585416,24.184266925582097,0.0443416225619315,24.15254683965905,24.215987011505145,24.122066583455855,24.23948686353166,35.557920557995295,0.0942359452375877,35.49050822377588,35.62533289221471,35.43683223898519,35.698240812462736,34.52199561921272,0.076435835575242,34.46731671636787,34.576674522057566,34.417084287155824,34.62281728386201,0.1438144078144078,0.0006222660013382702,0.14336926553297968,0.1442595500958359,0.14311345919038226,0.14475025828871982,0.004444886967076317,3.451062824133469e-05,0.004420199550833381,0.004469574383319253,0.004390741162190866,0.004477696859353664,1.0,0.0,10,10,0.7224598312333834,1.0,1.0,1.0,2527.422845199999,402.0861445235652,2239.7877449070043,2815.0579454929934,2104.4979240497923,2946.6554110996185
channel_phase_jitter_std_deg,1.0,Phase-only CSI [production replay],production_replay,10,10,0.0,16.015998048050356,2.2416582947302164,14.412412306016513,17.6195837900842,13.446697142544616,18.917527197079135,-6.6990049702965155,0.018646643834938175,-6.712343975737614,-6.685665964855417,-6.724827700437244,-6.68014423468741,18.57248688165414,0.08356518351381796,18.512707950526135,18.632265812782144,18.45296297353932,18.688361016689363,8.758585013677628,0.11734873826492508,8.674638783349092,8.842531244006164,8.62032539990291,8.91645610631499,12.85557946073963,0.16532827108874298,12.737310740258785,12.973848181220475,12.642935292964808,13.106524828693198,11.768402755988841,0.15958708720473894,11.654241031048052,11.88256448092963,11.570531139783073,12.004303849278124,0.0029148116840424535,0.00042867126934594566,0.0026081587311108214,0.0032214646369740857,0.0023300460223537145,0.0035548980933596316,0.0003081854043392505,0.00013747230540001482,0.0002098436412872163,0.0004065271673912847,0.00015352374450007585,0.0005232514034289182,1.0,0.0,10,10,0.7224598312333834,1.0,1.0,1.0,217.3819996999555,18.683123880362565,204.01689800643126,230.7471013934797,192.607870549773,239.05768634940614
channel_phase_jitter_std_deg,1.0,Phase-only CSI [scientific controlled],scientific_controlled,10,10,0.0,16.032276313797013,2.2558382753044084,14.418546824732434,17.64600580286159,13.456265299144127,18.95266923352038,-6.680743916872157,0.018203035189454573,-6.693765583805146,-6.667722249939168,-6.705511742406733,-6.662330395605771,18.57217364194067,0.08362059608954342,18.512355071043938,18.6319922128374,18.45259488118863,18.68808819062596,8.758304221921795,0.11734209971735203,8.674362740524112,8.84224570331948,8.620506768234561,8.916101909822043,12.855697242328313,0.16496664610933678,12.73768721277387,12.973707271882756,12.64254731071175,13.105751053569502,11.769529941010287,0.15963230112345014,11.6553358719805,11.883724010040075,11.571631972419745,12.00546759213677,0.0029163144547759935,0.0004308081558752846,0.0026081328653082543,0.0032244960442437327,0.002332300178454025,0.003560721329952099,0.0003060992262175694,0.00013669960749386527,0.00020831021794895323,0.0004038882344861856,0.0001505841298740707,0.0005187945683507813,1.0,0.0,10,10,0.7224598312333834,1.0,1.0,1.0,225.4412057000991,26.612528164512824,206.40374989141935,244.47866150877883,198.07775375043093,267.68915180014113
channel_phase_jitter_std_deg,1.0,Row complex LS / Wiener [scientific controlled],scientific_controlled,10,10,0.0,15.999885931932862,2.1494755600648507,14.462243745756117,17.53752811810961,13.376633144786442,18.871522092961012,-6.713839176862576,0.026517636044224187,-6.732808750937682,-6.69486960278747,-6.75241150616924,-6.68162732265616,18.768108635861942,0.07840411646003007,18.712021709693207,18.824195562030678,18.66263867007959,18.882087552466537,8.537166354349315,0.10732542952048141,8.460390367152117,8.613942341546514,8.403899066756104,8.66912059324383,12.576605340217982,0.1572174952543007,12.464138719243348,12.689071961192617,12.366629343665767,12.791793341014039,11.520587345305012,0.1495468215389835,11.413607993746323,11.6275666968637,11.329151324448919,11.73018901382876,0.0024451958298112144,0.00035550253092642934,0.0021908846392114994,0.0026995070204109293,0.001957171034094111,0.002959894806048652,0.0003720983158852982,0.00012731637898123982,0.0002810216649337915,0.00046317496683680485,0.00023166059778485814,0.000578250644818692,1.0,0.0,10,10,0.7224598312333834,1.0,1.0,1.0,217.49715350015322,15.385098344909004,206.49131714958946,228.50298985071697,199.78681785005392,240.5559619998257
channel_phase_jitter_std_deg,1.0,Row complex LS / Wiener robust IRLS [scientific controlled],scientific_controlled,10,10,0.0,15.995163417599926,2.1508603898946803,14.456530583840774,17.533796251359078,13.378067929632005,18.8868309068214,-6.690352292721387,0.027337405716765052,-6.7099082946930775,-6.670796290749697,-6.728843470870316,-6.65971665492516,18.766521332474774,0.07860411523702708,18.710291335799724,18.822751329149824,18.66059303413105,18.88069387998912,8.542102914724726,0.1087252569924395,8.464325551278248,8.619880278171204,8.405922907180287,8.676372856874977,12.590736703865105,0.15974768261051395,12.47646009589172,12.705013311838488,12.377849527074215,12.811855017911885,11.534502619042438,0.15069549852916653,11.426701553466057,11.64230368461882,11.342744579414862,11.747218603813588,0.002483704329858176,0.0003630851612279186,0.0022239688523066244,0.002743439807409728,0.001987883910960834,0.003012491781722551,0.00037930511303292365,0.0001286410493296607,0.00028728084999949695,0.00047132937606635036,0.00023858291609770902,0.0005917159763313608,1.0,0.0,10,10,0.7224598312333834,1.0,1.0,1.0,387.39490119978655,148.66938598686514,281.0432292228785,493.7465731766946,281.05578269969556,654.1065057996548
channel_phase_jitter_std_deg,1.0,SA-MNEC physical [approximate academic reference],scientific_controlled,10,10,0.0,-0.13817153822505446,0.02794768284389099,-0.1581641061542094,-0.11817897029589952,-0.17015343079064282,-0.09397553701716739,0.0030397612377871318,0.0036683724806366156,0.0004155656499729042,0.005663956825601359,-0.0003658320878218566,0.009552887120162917,-0.21722412358883886,0.0043717350556794375,-0.22035147445213393,-0.21409677272554378,-0.22341549427907603,-0.2120754029374547,24.181676360068856,0.04280358943076403,24.15105651676785,24.212296203369863,24.12413469379346,24.23394124370475,35.54874032069052,0.09199479738259894,35.48293120706654,35.6145494343145,35.43436272783114,35.68604154296854,34.51882982866799,0.07609780633005943,34.46439273737811,34.57326691995787,34.41375765089084,34.61729828861645,0.14389931436085282,0.000612530663927059,0.14346113632027407,0.14433749240143157,0.14320597351366582,0.14481647412416643,0.004445645577302383,4.706585672318367e-05,0.004411976691658512,0.004479314462946253,0.0043689311181914735,0.004493058716431497,1.0,0.0,10,10,0.7224598312333834,1.0,1.0,1.0,7816.594175100091,561.8917577827713,7414.641025744102,8218.54732445608,7168.962597250311,8403.059584149923
channel_phase_jitter_std_deg,1.0,Shrinkage-SMI/MVDR global,scientific_controlled,10,10,0.0,-0.6507761137434601,0.09349634173311687,-0.7176593674882482,-0.583892859998672,-0.7395527125328611,-0.5075060334189756,-0.013619250907376531,0.003954144173453454,-0.01644787524918741,-0.010790626565565651,-0.017147543970821244,-0.006538402253494081,-0.6138858568019575,0.008824396439919752,-0.6201984497365611,-0.6075732638673539,-0.6244511363086822,-0.6021245992934477,24.63942687744299,0.040294083286649525,24.61060222669283,24.66825152819315,24.583852871879202,24.686748211273773,36.01127022559591,0.09712839545608007,35.941788757137424,36.08075169405439,35.890705014388956,36.148262568191754,34.91731605517881,0.07433925045071124,34.86413695898182,34.9704951513758,34.812659496960244,35.01511010565416,0.14883253498638116,0.0005996533324044334,0.148403568833838,0.1492615011389243,0.14810754203061893,0.1496813186813187,0.004380215445304202,3.477768029667419e-05,0.004355336991529217,0.0044050938990791875,0.004326828250644819,0.004417197693824913,1.0,0.0,10,10,0.7224598312333834,1.0,1.0,1.0,4378.261618100169,256.97509933143573,4194.432706122657,4562.09053007768,3969.308224250244,4625.439091800172
channel_phase_jitter_std_deg,1.0,Shrinkage-SMI/MVDR local,scientific_controlled,10,10,0.0,-0.13444358910049553,0.04868897341388244,-0.16927358247830573,-0.09961359572268533,-0.18772649980407524,-0.06005055615424519,-0.013829196718903449,0.003297307197991636,-0.016187948194199688,-0.01147044524360721,-0.01676823709852669,-0.007927748688570341,-0.07605864524889488,0.004389160111086304,-0.07919846124591273,-0.07291882925187704,-0.08187307184097836,-0.07019005796738331,23.899668269857706,0.042373558049994695,23.86935605247473,23.929980487240684,23.835530124514463,23.947503064649275,35.35454215194398,0.09500242231553743,35.28658151305356,35.4225027908344,35.24111814481142,35.49705162962293,34.39183930753023,0.07772103132318912,34.33624103103153,34.44743758402894,34.28362273325582,34.49396105268893,0.13890504367427442,0.0005956578566701659,0.13847893571289055,0.1393311516356583,0.13816248708556403,0.13975664506433738,0.0045351615839781525,5.157596538088865e-05,0.00449826636095917,0.0045720568069971355,0.004461481565771507,0.004596040054619936,1.0,0.0,10,10,0.7224598312333834,1.0,1.0,1.0,1775.254711800062,255.56201970673942,1592.4366560908084,1958.0727675093158,1479.2735476999042,2069.540207650107
channel_phase_jitter_std_deg,2.0,Corrected JDL physical,scientific_controlled,10,10,0.0,-0.7567717275250272,0.33742375075676284,-0.9981501378782636,-0.5153933171717908,-1.2122791971379556,-0.2878944451354301,1.435447715639611,0.12382533042809961,1.3468684103797846,1.5240270208994375,1.3062806225037313,1.6422341005896093,-2.3581384125936684,0.016003886918343115,-2.3695869036235937,-2.346689921563743,-2.3789604232092394,-2.334621726196569,26.161274202871006,0.03770350081786733,26.13430274318046,26.188245662561553,26.109702264987998,26.206871998222624,37.96618266368438,0.07789951414317928,37.91045670826779,38.02190861910097,37.85538914380776,38.06866608236282,36.73580403869674,0.07087651802547262,36.685102032053784,36.7865060453397,36.63995001723451,36.821788742618985,0.15560101437024515,0.0005382370814332108,0.15521598275697507,0.15598604598351523,0.15493040293040292,0.15638517892364048,0.004332423001062055,4.204986815935555e-05,0.00430234233747775,0.00436250366464636,0.0042840615991503565,0.004385336064330147,1.0,0.0,10,10,0.7224598312333834,1.0,1.0,1.0,3817.8113962998395,230.73119706423222,3652.7562410496353,3982.866551550044,3489.939834750021,4069.3304927994177
channel_phase_jitter_std_deg,2.0,Current legacy CSI [production replay],production_replay,10,10,0.0,19.32149262515554,2.5542835135594353,17.49426827384156,21.14871697646952,16.31072645030292,22.852661643725703,-6.953162752106131,0.08469823299721596,-7.013752218006928,-6.892573286205334,-7.07890746682795,-6.861729423181762,20.299376516351867,0.07727793641480507,20.244095210855885,20.354657821847848,20.198819925942768,20.42253367183924,7.0998699126599405,0.07765942353030623,7.044315707721335,7.155424117598546,6.992761409641775,7.2103302268967315,11.04053211154599,0.12821577363921996,10.948812072414674,11.132252150677305,10.871497921723023,11.228989356820513,10.031535370989339,0.12073586983135078,9.94516613270322,10.117904609275458,9.88763892052275,10.210809170019603,0.000799849722926646,0.0001507012162526688,0.0006920445671372697,0.0009076548787160223,0.0006066497604959144,0.0010023480792711562,0.0020882642998027614,0.0002587465321652148,0.001903168181114085,0.0022733604184914376,0.0017214762554999242,0.002415130480958883,1.0,0.0,10,10,0.7224598312333834,1.0,1.0,1.0,232.176813300066,15.104757185105953,221.3715209342042,242.98210566592778,211.15086099985092,252.39481795033498
channel_phase_jitter_std_deg,2.0,Current legacy CSI [scientific controlled],scientific_controlled,10,10,0.0,19.335745303681055,2.5775172607723817,17.49190053084597,21.17959007651614,16.30240216490511,22.868406298165684,-6.934759936127807,0.08452935664829597,-6.995228595166144,-6.87429127708947,-7.0592055162812155,-6.842705185889116,20.2991021506116,0.07734237590932237,20.243774747878195,20.354429553345003,20.198497328863144,20.422331391646377,7.099849959715189,0.07822220482640682,7.043893165289849,7.155806754140529,6.992849890728092,7.211221099702186,11.04132881618754,0.1289075685001923,10.949113896824892,11.13354373555019,10.871457638996693,11.230465305400376,10.03276920427804,0.12076842030651753,9.946376680784716,10.119161727771363,9.8888276460098,10.212063311061874,0.0008017281863435709,0.00015138648960683003,0.0006934328155277956,0.0009100235571593463,0.0006066497604959144,0.0010043204658589273,0.002091109088150508,0.00025490570423340064,0.0019087605322476236,0.002273457644053392,0.0017320019723865876,0.002415794264906691,1.0,0.0,10,10,0.7224598312333834,1.0,1.0,1.0,245.8422532999066,16.623694502253223,233.95037863443804,257.73412796537514,221.09750329987037,266.9627388499066
channel_phase_jitter_std_deg,2.0,DL-SMI/MVDR global,scientific_controlled,10,10,0.0,-0.8415063295740677,0.10846328847450953,-0.919096292032088,-0.7639163671160474,-0.9546230842589394,-0.68067820645939,-0.016778351310424718,0.008426193687939199,-0.02280608715640969,-0.010750615464439745,-0.024367312440568806,-0.0016997981246088506,-0.7976622479716866,0.01401248662940359,-0.8076861770523032,-0.78763831889107,-0.8143057752723144,-0.7770953713346832,24.857842464280864,0.03670721442439985,24.831583704942243,24.884101223619485,24.805468769535008,24.898382563165484,36.207400672239814,0.09292955359004106,36.140922874307414,36.273878470172214,36.08331665083727,36.33296459991143,35.100485641883786,0.07014742262435161,35.050305198671154,35.15066608509642,34.99854096126559,35.18768048943217,0.15142913496759652,0.0005161678481455213,0.151059890732769,0.15179837920242406,0.15078021978021977,0.15216117216117217,0.004365043240782886,5.191694232008346e-05,0.004327904097555662,0.0044021823840101094,0.004292027006524048,0.004419094219390077,1.0,0.0,10,10,0.7224598312333834,1.0,1.0,1.0,2060.022042700075,476.4013204647392,1719.2250680767445,2400.819017323405,1551.6236268000284,2614.038990300105
channel_phase_jitter_std_deg,2.0,DL-SMI/MVDR local,scientific_controlled,10,10,0.0,-0.01605008337701379,0.04151368044901037,-0.045747181379809064,0.013647014625781481,-0.06488533646902131,0.03827044892790198,-0.017127156649159026,0.00645799256761535,-0.021746926231317777,-0.012507387067000275,-0.022959397370205678,-0.005568052077551112,0.11844372490386128,0.009527591656940542,0.11162809641449367,0.12525935339322888,0.10548811095613397,0.13175494663414947,23.608487787069205,0.035932951381969634,23.58278290214505,23.63419267199336,23.563061797395633,23.652607610452616,35.10421147691217,0.08450182880506951,35.04376251010659,35.16466044371775,35.00402524439636,35.229753410645536,34.2023284105375,0.07431220128139758,34.14916866415057,34.25548815692442,34.09762583728088,34.297089292159384,0.1352662721893491,0.0004462922315628088,0.13494701395940523,0.135585530419293,0.13473739081431388,0.13595538649384803,0.004595471096950387,5.177240765877489e-05,0.004558435347591288,0.004632506846309487,0.004514299802761341,0.004652177211348809,1.0,0.0,10,10,0.7224598312333834,1.0,1.0,1.0,1161.2602596000215,63.71734027554974,1115.679620201773,1206.84089899827,1081.6193737499361,1264.100988850123
channel_phase_jitter_std_deg,2.0,MNEC physical,scientific_controlled,10,10,0.0,-0.21262615813937616,0.05005399384064267,-0.24843262830630425,-0.17681968797244807,-0.26786242985308256,-0.14235457765000534,-0.0166963524847416,0.006664577098095194,-0.021463903737452463,-0.011928801232030734,-0.02270637590408545,-0.004790245413560077,-0.2185668492157848,0.004301701419686313,-0.22164410103391968,-0.2154895973976499,-0.2244003009713835,-0.21317014947280535,24.183244878738837,0.0428786540251888,24.15257133746181,24.21391842001586,24.125009598455147,24.238560351477975,35.555351950460434,0.09166111955546712,35.48978153557448,35.62092236534639,35.438105184220234,35.69208518456839,34.52041360025697,0.07604136044054637,34.46601688792398,34.57481031258997,34.41649155928756,34.620922014885245,0.14386343570958954,0.0005889208669402991,0.1434421471003346,0.14428472431884448,0.14320193481731944,0.14475767821921667,0.004455317857684721,4.097743771598559e-05,0.004426004364624289,0.004484631350745154,0.00439216355636474,0.004497231072674859,1.0,0.0,10,10,0.7224598312333834,1.0,1.0,1.0,2435.349712900097,412.22273101766996,2140.4633354552498,2730.2360903449444,1922.403646699786,2964.345788400169
channel_phase_jitter_std_deg,2.0,Phase-only CSI [production replay],production_replay,10,10,0.0,16.001350217691485,2.276019112135673,14.373184227630745,17.629516207752225,13.436963342144955,19.020944211861593,-6.6994204358172595,0.018754313037615145,-6.712836463166057,-6.686004408468462,-6.724676040173362,-6.677269333170457,18.549921677980183,0.08425940876230607,18.48964612802635,18.610197227934016,18.429554698134794,18.666206675967235,8.784948278175163,0.1107321642842844,8.705735259737757,8.864161296612568,8.653619506337863,8.933207832776798,12.88821064329989,0.1699742707957398,12.76661837484336,13.009802911756422,12.66790028590296,13.144375107971538,11.800212389817265,0.16098311961192502,11.685052003452991,11.915372776181538,11.59801147291573,12.037403794282012,0.0030000939231708463,0.0004596438300698246,0.0026712845350287946,0.003328903311312898,0.002375316990701606,0.003695501080116464,0.00036735700197238657,0.000148285311675414,0.00026128008020659334,0.0004734339237381798,0.0002035920194204218,0.0006071726596874526,1.0,0.0,10,10,0.7224598312333834,1.0,1.0,1.0,233.81598430005397,19.377802132245073,219.95393972159562,247.67802887851232,205.24105305021294,258.3387863499411
channel_phase_jitter_std_deg,2.0,Phase-only CSI [scientific controlled],scientific_controlled,10,10,0.0,16.018050942074844,2.2915017392157004,14.378809347809339,17.65729253634035,13.446062444127522,19.057684004270957,-6.681155102281162,0.0182385743425547,-6.694202192392755,-6.668108012169569,-6.705074915306419,-6.658958033746431,18.54960693336044,0.08431020429053808,18.48929504647469,18.60991882024619,18.429192391503054,18.66593279629442,8.785464466264804,0.11134717072006951,8.705811498726323,8.865117433803285,8.653715371900278,8.934830559774456,12.888439134726308,0.17036563895047868,12.766566898357494,13.010311371095122,12.667850167224525,13.14493275747191,11.80134706186918,0.1610186499863802,11.686161258606166,11.916532865132194,11.599111044911965,12.038551918260866,0.0030034751573213107,0.0004600241042018828,0.0026743937374527167,0.003332556577189905,0.0023780407626561475,0.0036976613130459282,0.00036849491731148537,0.0001494878456555305,0.00026155775455831274,0.000475432080064658,0.0002020747989682901,0.0006071726596874526,1.0,0.0,10,10,0.7224598312333834,1.0,1.0,1.0,225.7450557998709,14.562531186031952,215.327648547061,236.1624630526808,202.61239709998335,240.5483725999602
channel_phase_jitter_std_deg,2.0,Row complex LS / Wiener [scientific controlled],scientific_controlled,10,10,0.0,15.985902346855505,2.1871778576410854,14.421289561735426,17.550515131975587,13.360957192987824,18.974861113395175,-6.7140754947804995,0.025995675480859286,-6.732671680761941,-6.695479308799058,-6.749423805377779,-6.681682128313356,18.746577386359974,0.07889537758867017,18.690139033150217,18.80301573956973,18.640979033482264,18.861090849397545,8.561528548496941,0.1022564747223813,8.48837867312078,8.634678423873103,8.43638814667584,8.683812232629625,12.612231147459664,0.16056781718384294,12.497367850555397,12.72709444436393,12.394671259143973,12.83394602776512,11.550264380535259,0.15059471312246517,11.442535412495584,11.657993348574934,11.355227253029776,11.759649083055466,0.0025210857518549825,0.00037483224888218463,0.002252946914024531,0.002789224589685434,0.001986568986568987,0.003056635672020287,0.00042027006524047945,0.00013294390196997755,0.00032516772685528946,0.0005153724036256695,0.00026693597329692005,0.0006287930511303291,1.0,0.0,10,10,0.7224598312333834,1.0,1.0,1.0,225.53848630013817,15.602696472271216,214.3769896264326,236.69998297384376,205.05369299994527,242.87377454993475
channel_phase_jitter_std_deg,2.0,Row complex LS / Wiener robust IRLS [scientific controlled],scientific_controlled,10,10,0.0,15.98063118633112,2.1873730171165273,14.415878792532512,17.54538358012973,13.362664860276453,18.984663769754743,-6.690797330834397,0.026351098153765358,-6.709647770879452,-6.671946890789342,-6.725813874860632,-6.660250660897687,18.74496711686978,0.07910610695580382,18.688378016951944,18.801556216787617,18.6388834971349,18.859692003929137,8.56659772561093,0.10336937788157068,8.49265172727413,8.64054372394773,8.441425107977052,8.694138255624239,12.628790394752713,0.16136063530294725,12.513359949931742,12.744220839573684,12.41293376396225,12.854589523239238,11.564352259791583,0.15176079393029066,11.455789127793073,11.672915391790093,11.368947780661966,11.776966745092224,0.0025547102470179395,0.00038096238447237135,0.0022821861743583137,0.0028272343196775653,0.002015215553677092,0.0031066967220813374,0.00042899408284023666,0.00013466310903399373,0.0003326618978089538,0.0005253262678715196,0.00027916856319223183,0.0006424480351995144,1.0,0.0,10,10,0.7224598312333834,1.0,1.0,1.0,343.24461530004555,62.4853937005245,298.54525739206804,387.94397320802307,286.77343394983836,454.06707204974737
channel_phase_jitter_std_deg,2.0,SA-MNEC physical [approximate academic reference],scientific_controlled,10,10,0.0,-0.13884895594496358,0.02638167127717758,-0.1577212666849897,-0.11997664520493743,-0.16965956037847568,-0.09938605603317698,0.00018298720795660827,0.0068271985798918,-0.004700896444821875,0.005066870860735092,-0.005392378639463493,0.012544763388148675,-0.21599985358211787,0.004714717762320455,-0.21937255949324813,-0.21262714767098762,-0.22217659182488644,-0.20999935913582501,24.18012813823242,0.04040609604902733,24.151223358379134,24.209032918085704,24.126803358840466,24.229067236483957,35.54739184964141,0.09067676348197526,35.48252560067059,35.61225809861222,35.4360612624117,35.682605993455994,34.51719374750257,0.0757186403547398,34.46302789521166,34.571359599793475,34.413126166202765,34.61526304081182,0.14394082840236685,0.0005642374154994806,0.1435371972705641,0.1443444595341696,0.14331595754672677,0.14479393256316334,0.004457404035806403,5.1381883300731015e-05,0.004420647650743792,0.004494160420869014,0.004373293126991352,0.00451117053557882,1.0,0.0,10,10,0.7224598312333834,1.0,1.0,1.0,7600.395625700003,591.20385833476,7177.473862784698,8023.317388615307,6796.811924250233,8307.616044499719
channel_phase_jitter_std_deg,2.0,Shrinkage-SMI/MVDR global,scientific_controlled,10,10,0.0,-0.6509782860919137,0.09276692063890049,-0.7173397434195699,-0.5846168287642575,-0.7422595385409784,-0.5139134263184466,-0.01664423076713156,0.007830244451970371,-0.022245650211539104,-0.011042811322724014,-0.02366607884839272,-0.002617498833001153,-0.610756499610144,0.011599522749059555,-0.619054298315021,-0.602458700905267,-0.6235400157924456,-0.5939097777545221,24.635975864306356,0.03524156027154949,24.610765570787787,24.661186157824925,24.586943886335163,24.675142079423523,36.00872658285754,0.0941878731527698,35.941348637335985,36.0761045283791,35.890495569658576,36.138317350518456,34.91451702735334,0.07095106628287773,34.863761692099615,34.96527236260707,34.81381016382418,35.00567542809031,0.14869860054475437,0.0005163782082152781,0.1483292058273982,0.14906799526211054,0.14813008359162205,0.1494632290786137,0.004381543013199818,3.671027765335698e-05,0.004355282062559206,0.004407803963840429,0.004329578212714307,0.004423930359581247,1.0,0.0,10,10,0.7224598312333834,1.0,1.0,1.0,4305.242865999753,190.97121987842755,4168.63028501193,4441.855446987576,3989.9350530498396,4491.226919049723
channel_phase_jitter_std_deg,2.0,Shrinkage-SMI/MVDR local,scientific_controlled,10,10,0.0,-0.13466804934542484,0.0465600167900258,-0.16797507889977867,-0.10136101979107101,-0.18634724366802236,-0.06737349637355138,-0.016664092852179412,0.006510963616419165,-0.021321755639918186,-0.012006430064440639,-0.022497681832301015,-0.005007920890518554,-0.07528739838238899,0.005654207903249796,-0.07933217505395465,-0.07124262171082332,-0.08189052657760815,-0.0668884401487195,23.898548306507116,0.03818443741709064,23.871232805498966,23.925863807515267,23.84114817052825,23.940668830212655,35.3544271041922,0.09521539252723027,35.28631411559007,35.42254009279432,35.239458806327434,35.496335377236015,34.390804075361736,0.0761582346572396,34.33632375625069,34.44528439447278,34.284739106803585,34.49037796505347,0.13897060204752515,0.0005352210789578353,0.13858772795245436,0.13935347614259594,0.13830881938574247,0.13974725274725275,0.004537058109543316,4.993023531895795e-05,0.004501340170889552,0.004572776048197081,0.004464231527840996,0.004593764223941739,1.0,0.0,10,10,0.7224598312333834,1.0,1.0,1.0,1737.6136931000474,285.34528597784146,1533.4899721804388,1941.737414019656,1399.6906477002085,2097.51408165007
channel_phase_jitter_std_deg,3.0,Corrected JDL physical,scientific_controlled,10,10,0.0,-0.7511812905798652,0.3351493655608152,-0.9909327037762697,-0.5114298773834606,-1.2044261165834114,-0.28809492728209046,1.429873228206802,0.12574256433036715,1.3399224164345656,1.5198240399790386,1.2986610885135907,1.6381961761560944,-2.347361449205574,0.017640517278573957,-2.3599807150662646,-2.334742183344883,-2.3684560493021927,-2.3201841929467615,26.146751783859294,0.035755544756176344,26.12117380799007,26.17232975972852,26.09878579070843,26.1905135358997,37.95403803932788,0.07804914388338663,37.89820504524329,38.009871033412466,37.84473297500703,38.05577111050803,36.72488307551968,0.07034661039371387,36.67456014196064,36.775206009078715,36.628552632306665,36.81273446417666,0.15558617450925144,0.0004975915683815667,0.1552302189444409,0.155942130074062,0.15494768479383864,0.15633493002723772,0.0043375436200879984,4.3122040789404845e-05,0.004306695970408361,0.004368391269767636,0.004284915035654681,0.004394154908208162,1.0,0.0,10,10,0.7224598312333834,1.0,1.0,1.0,3740.449185399757,264.5786759909443,3551.181002348543,3929.7173684509708,3417.437048349575,4018.3261347501684
channel_phase_jitter_std_deg,3.0,Current legacy CSI [production replay],production_replay,10,10,0.0,19.287805806119717,2.597940853491436,17.429350875187666,21.14626073705177,16.272078821987126,22.773236890973603,-6.955481768840869,0.08063240101345498,-7.013162713753435,-6.897800823928303,-7.074308101384527,-6.869032816996621,20.275358900979263,0.0787529681138594,20.21902242137079,20.331695380587735,20.172940292143856,20.40073816973394,7.120738552537672,0.07730272108636553,7.065439517155728,7.176037587919616,7.0200626503478825,7.2306820445181375,11.073886890609351,0.13053765918642027,10.980505874616899,11.167267906601804,10.9006813104116,11.26555453207855,10.064348073122499,0.12243826003168455,9.97676101824986,10.151935127995138,9.916359151834184,10.24672021589769,0.0008424908424908425,0.0001522811023692973,0.000733555504257238,0.000951426180724447,0.0006396167934629473,0.0010449891988353526,0.002195986951904112,0.0002773721499922131,0.0019975668688743224,0.0023944070349339016,0.0017959148839326354,0.0025371719010772267,1.0,0.0,10,10,0.7224598312333834,1.0,1.0,1.0,241.1110797999754,22.55202102276523,224.97833581701875,257.2438237829321,212.13490579998506,274.50754470014544
channel_phase_jitter_std_deg,3.0,Current legacy CSI [scientific controlled],scientific_controlled,10,10,0.0,19.30309533481011,2.624106201258621,17.425922841654838,21.18026782796538,16.263631298790873,22.835274572082152,-6.937075162743566,0.08046844810954895,-6.994638822814064,-6.879511502673068,-7.05458175173062,-6.849968566880239,20.275081181140358,0.07881207306583816,20.21870242039631,20.331459941884408,20.17262640473669,20.40053564337198,7.1209288115168405,0.07724262607185008,7.0656727655185465,7.176184857515135,7.021313711379699,7.231650525181669,11.075153114789929,0.1310508293460526,10.981404998979828,11.16890123060003,10.902914373901192,11.268055528878993,10.065590807145297,0.12245819815293947,9.977989489399926,10.153192124890667,9.917549774486242,10.247955998956375,0.0008439936132243824,0.00015342202937544444,0.0007342421049776854,0.0009537451214710795,0.0006408377946839485,0.0010521273598196675,0.0022009179183735397,0.00027637590160169964,0.0020032105085099985,0.002398625328237081,0.0018058716431497497,0.002540775299651039,1.0,0.0,10,10,0.7224598312333834,1.0,1.0,1.0,230.72500569987824,24.693692919304166,213.0602019353402,248.3898094644163,195.0653847499325,261.09379504982826
channel_phase_jitter_std_deg,3.0,DL-SMI/MVDR global,scientific_controlled,10,10,0.0,-0.8385957452442959,0.10842439162963202,-0.9161578825757113,-0.7610336079128805,-0.9570421371952836,-0.6843192049215987,-0.02034039516258328,0.012486426114331912,-0.02927264631476501,-0.011408144010401553,-0.031658395346839854,0.001989809686974259,-0.7903133678048377,0.018769865332365937,-0.8037405205950893,-0.7768862150145862,-0.8112882991716754,-0.7621769838692273,24.847537849183432,0.030846381544837494,24.825471677120134,24.86960402124673,24.802970837612037,24.88270960232047,36.2012134868288,0.08922401908818506,36.13738646859274,36.26504050506486,36.081434490526405,36.32060586257047,35.093477094241464,0.06637203091397251,35.04599740356172,35.14095678492121,34.99594844772471,35.17741557444583,0.15119827181365644,0.00044199871202558365,0.15088208498256458,0.1515144586447483,0.1506707992861839,0.1518397670705363,0.004363526020330754,5.265529797125522e-05,0.004325858689289378,0.00440119335137213,0.0042901304809588835,0.004421370050068275,1.0,0.0,10,10,0.7224598312333834,1.0,1.0,1.0,2036.83433540009,456.7966845275982,1710.061672484065,2363.6069983161146,1496.5851750002457,2571.6989744005787
channel_phase_jitter_std_deg,3.0,DL-SMI/MVDR local,scientific_controlled,10,10,0.0,-0.014019614947702985,0.04006359091769634,-0.042679381389950324,0.014640151494544354,-0.06369287685788858,0.032417590416635944,-0.020532973338064062,0.009544837195899996,-0.02736093854282405,-0.013705008133304074,-0.029247841122429064,-0.003458437761165766,0.11718266899775505,0.013517103204733056,0.10751311587109594,0.12685222212441416,0.09788287447548527,0.13548463282794934,23.612891340130044,0.030938870408262674,23.590759005519566,23.635023674740523,23.576181356752727,23.656461282299727,35.10567270348414,0.08097759948484742,35.04774481846112,35.16360058850716,35.00854645102074,35.22418389525266,34.20274675844247,0.0715799187322902,34.151541569246206,34.25395194763874,34.10155255898133,34.29243537127146,0.1354392786700479,0.00040429650464578215,0.13515006237337673,0.13572849496671907,0.13498572367803138,0.13610453648915188,0.004593195266272189,4.982126094605379e-05,0.004557555283188659,0.004628835249355719,0.004515532544378698,0.004650849643453194,1.0,0.0,10,10,0.7224598312333834,1.0,1.0,1.0,1138.5629442998834,98.32844746780053,1068.2230103472534,1208.9028782525133,991.1466154497248,1259.6192158503072
channel_phase_jitter_std_deg,3.0,MNEC physical,scientific_controlled,10,10,0.0,-0.21329695340614752,0.04844550792201118,-0.24795278206297422,-0.1786411247493208,-0.2672010848044856,-0.1496444403203358,-0.020331251900796467,0.00990361995886167,-0.027415874832795874,-0.01324662896879706,-0.029325170663603514,-0.0026415841387958374,-0.21698749476004925,0.004778715653226053,-0.22040598200440845,-0.21356900751569005,-0.22247663368771795,-0.2109871297180723,24.183064707893642,0.04249368744719946,24.15266655511676,24.213462860670525,24.124063686980247,24.2365381705929,35.55371625622585,0.09033075970095363,35.48909752344929,35.618334989002406,35.440533798556984,35.68879672129693,34.51825881621667,0.07566942856578486,34.46412816791885,34.572389464514494,34.415288992016,34.61844156518708,0.14390213205597818,0.0005367740393672235,0.1435181470399538,0.14428611707200256,0.14329088006011081,0.14470526908988446,0.004476558944014565,4.810516731722929e-05,0.004442146580359762,0.004510971307669367,0.004405913366712183,0.004531178880291306,1.0,0.0,10,10,0.7224598312333834,1.0,1.0,1.0,2286.9762287999947,392.22943170956637,2006.392196088981,2567.5602615110083,1821.7448147500818,2814.259774650054
channel_phase_jitter_std_deg,3.0,Phase-only CSI [production replay],production_replay,10,10,0.0,15.969415933868458,2.3066476322643026,14.319339620413055,17.619492247323862,13.41210872635921,19.09589398410518,-6.7003692527510195,0.019599350181558412,-6.714389783256566,-6.686348722245473,-6.725236573755806,-6.673564129436564,18.512554068770747,0.08574946488829194,18.451212596876857,18.573895540664637,18.391012326228324,18.62920916852517,8.824836398898272,0.10730234650260576,8.748076924297322,8.901595873499222,8.693318804155883,8.96657460091919,12.942101883345277,0.17900815138016904,12.814047166024668,13.070156600665886,12.704901895603628,13.207506186631267,11.852606233786966,0.1631581207438853,11.73588994534238,11.969322522231552,11.644338652091141,12.0905771972596,0.003128392974546821,0.0004789702731472803,0.0027857582818808404,0.0034710276672128017,0.0024609749225133837,0.003831501831501831,0.0004638901532392657,0.0001692133538371345,0.0003428422119839668,0.0005849380944945645,0.0002732893339402215,0.0007323433469883173,1.0,0.0,10,10,0.7224598312333834,1.0,1.0,1.0,222.97862629993688,20.708259544530904,208.16482982345715,237.7924227764166,189.7043094498713,240.2549916994758
channel_phase_jitter_std_deg,3.0,Phase-only CSI [scientific controlled],scientific_controlled,10,10,0.0,15.98650233284808,2.323260472764596,14.324541909212467,17.648462756483692,13.420761960706972,19.13407006343869,-6.6820995498597595,0.01903311899935798,-6.695715022978725,-6.6684840767407945,-6.705456616028799,-6.655281925561339,18.51223896755823,0.08579404283992795,18.450865606518782,18.573612328597676,18.390657206992667,18.628935266085108,8.825261946627128,0.10719528361037849,8.74857906020551,8.901944833048747,8.693297911914907,8.965865662307811,12.942966900757117,0.17921222112858987,12.81476620073267,13.071167600781564,12.704619311860492,13.208575755009488,11.853727514699834,0.16318125937519964,11.736994673875541,11.970460355524127,11.64541839202438,12.091671446690967,0.00313290128674744,0.00048157979691337697,0.0027883998532340034,0.0034774027202608766,0.0024633230017845403,0.003840236686390532,0.0004638901532392657,0.00016868348451102962,0.00034322125766567504,0.0005845590488128563,0.00027309968138370506,0.0007321536944318008,1.0,0.0,10,10,0.7224598312333834,1.0,1.0,1.0,219.87851809990389,20.647492187519322,205.10819197192194,234.64884422788583,188.05478364984083,237.74431169990748
channel_phase_jitter_std_deg,3.0,Row complex LS / Wiener [scientific controlled],scientific_controlled,10,10,0.0,15.954981000208203,2.223503390439432,14.364382494336594,17.545579506079815,13.331032042124727,19.05169100245576,-6.714325885805131,0.026026188322014348,-6.732943899358215,-6.695707872252047,-6.746779671134741,-6.681636190999469,18.710917604559164,0.0800299492019989,18.653667627710455,18.768167581407873,18.60503795032178,18.825887015178182,8.599912729694244,0.09490606787331043,8.532021018619496,8.667804440768993,8.490524648682332,8.717485085958351,12.66559573470756,0.16694229514458772,12.546172410971913,12.785019058443208,12.437007950197149,12.896194224207663,11.599364416045297,0.15209527363341702,11.490562011681238,11.708166820409357,11.400518549939727,11.807452347276637,0.0026255283178360104,0.0003952855705596748,0.002342758055092868,0.0029082985805791526,0.0020347515732131115,0.003162017469709777,0.0005202169625246548,0.00014598744304029012,0.0004157838369560848,0.0006246500880932248,0.00034763313609467456,0.0007409725383098163,1.0,0.0,10,10,0.7224598312333834,1.0,1.0,1.0,222.16189020000456,20.42582965154177,207.55013189793627,236.77364850207286,193.27819224995437,243.7488707002558
channel_phase_jitter_std_deg,3.0,Row complex LS / Wiener robust IRLS [scientific controlled],scientific_controlled,10,10,0.0,15.948987125454144,2.222180253380218,14.359335134815431,17.538639116092856,13.332696677336465,19.055740292809823,-6.691383505679572,0.025812770798664602,-6.709848849533466,-6.672918161825678,-6.722716856321556,-6.657664536118786,18.709272340219915,0.08024930084273506,18.651865448660164,18.766679231779666,18.602879952927246,18.82446799808276,8.604419451315541,0.09709626362130702,8.534960968586965,8.673877934044118,8.49424987551789,8.726260478361937,12.683150940898916,0.1684441350708921,12.562653265600275,12.803648616197556,12.45318241641502,12.91808318204052,11.613690242362246,0.15329199428019655,11.504031755618957,11.723348729105535,11.414438010380177,11.825201558303622,0.0026557715788485025,0.0003967604480528362,0.002371946252305119,0.002939596905391886,0.0020636799098337558,0.0032018408941485864,0.0005274237596722804,0.00014672852853454916,0.0004224604934774537,0.0006323870258671072,0.00035351236534668487,0.0007496017296313153,1.0,0.0,10,10,0.7224598312333834,1.0,1.0,1.0,342.9353847001039,63.07509447557362,297.81418027021977,388.056589129988,267.34130590011773,437.50094789975265
channel_phase_jitter_std_deg,3.0,SA-MNEC physical [approximate academic reference],scientific_controlled,10,10,0.0,-0.13936789455605172,0.02547613898746133,-0.15759242651902078,-0.12114336259308267,-0.1689385778375006,-0.10110833577162724,-0.003379060965696007,0.009999746143854503,-0.010532448427977745,0.003774326496585731,-0.011890208733481558,0.0147166670697843,-0.21445514432599136,0.005459405842846253,-0.21836056799834377,-0.21054972065363894,-0.22187984459648252,-0.207591167249731,24.179399515882515,0.04125720883356323,24.149885886621025,24.208913145144006,24.124507211589044,24.230283907116608,35.54552938720908,0.08946388108157192,35.481530782039556,35.6095279923786,35.435443462660245,35.677987673671275,34.51499201718232,0.07536712507768027,34.461077623772425,34.56890641059222,34.411889365798565,34.61265593270764,0.14398553583168966,0.0005271953307382016,0.14360840301103361,0.1443626686523457,0.14339964309195077,0.14479064525218371,0.0044830071309361254,5.648548100902375e-05,0.0044425998520074275,0.004523414409864823,0.004397189349112426,0.004544454559247459,1.0,0.0,10,10,0.7224598312333834,1.0,1.0,1.0,6992.512793800051,684.2576753928697,6503.024340222302,7482.001247377801,6031.901326449724,7881.219797999983
channel_phase_jitter_std_deg,3.0,Shrinkage-SMI/MVDR global,scientific_controlled,10,10,0.0,-0.6495149522020341,0.09229522010866706,-0.7155389752978227,-0.5834909291062456,-0.7446758407760964,-0.5188933260469831,-0.020251563995416583,0.011610387710614088,-0.028557135025575046,-0.011945992965258117,-0.03072895028190873,0.0005383955623743828,-0.6061441383957777,0.015027573408433765,-0.6168942168139657,-0.5953940599775898,-0.6223423406621607,-0.5842919494977453,24.63056640608749,0.03238569089719452,24.607399078448505,24.653733733726472,24.5860198931457,24.666354866760297,36.002471634888245,0.09058099729695471,35.93767389291924,36.06726937685725,35.885521978832955,36.12355339116506,34.910082327162684,0.06771840015955075,34.861639501945085,34.95852515238028,34.81306982905757,34.99457210496995,0.14855921855921855,0.00045309296506325494,0.14823509537759924,0.14888334174083787,0.14806367990983377,0.14924326101249177,0.004383249886208466,3.940637554536536e-05,0.004355060263321547,0.004411439509095384,0.004327871339705659,0.004428766499772417,1.0,0.0,10,10,0.7224598312333834,1.0,1.0,1.0,4153.404997300004,293.26997396432836,3943.612296101344,4363.197698498663,3775.066594699774,4424.706199150023
channel_phase_jitter_std_deg,3.0,Shrinkage-SMI/MVDR local,scientific_controlled,10,10,0.0,-0.13423761123162503,0.04484089999378867,-0.16631485871356513,-0.10216036374968493,-0.18423382314178488,-0.07398515079131021,-0.020191845716242354,0.00965422227715686,-0.027098060294293125,-0.013285631138191582,-0.028898985411939943,-0.0029130694270121946,-0.07433015580318617,0.007463425905127807,-0.07966916906685995,-0.06899114253951238,-0.08351387991880706,-0.06355224772774395,23.898949483966774,0.03591923765702779,23.87325440925046,23.924644558683088,23.844595772830928,23.936380655449906,35.352708859013966,0.09285364734461175,35.28628536113845,35.419132356889484,35.240705087011264,35.489359517953154,34.3893653270274,0.07467879426862369,34.33594333581537,34.442787318239425,34.285389053707256,34.48650228989374,0.13904461350615197,0.0004963135920102517,0.13868957215056435,0.13939965486173958,0.1384590025359256,0.13980341880341882,0.004535540889091185,5.14378540209529e-05,0.004498744464987329,0.00457233731319504,0.00446129191321499,0.004597367622515551,1.0,0.0,10,10,0.7224598312333834,1.0,1.0,1.0,1687.1963123999194,271.3305730361186,1493.09811316882,1881.2945116310188,1342.0193241998732,2052.367534899713
channel_phase_jitter_std_deg,6.0,Corrected JDL physical,scientific_controlled,10,10,0.0,-0.7207851435561782,0.32744419331624236,-0.9550246085754861,-0.4865456785368703,-1.1694322312652934,-0.2741174918676441,1.409306689059933,0.13123356436925734,1.3154278524890146,1.5031855256308515,1.2749384073897152,1.6214278233600763,-2.3015341448510354,0.02559892244149042,-2.319846510805787,-2.2832217788962836,-2.326970726779751,-2.2622831007996247,26.098837337496015,0.03517043695997627,26.07367792252956,26.12399675246247,26.05194827569911,26.14797916973741,37.9018681072485,0.0791297639062188,37.84526208416781,37.958474130329186,37.79643748037447,38.01482514542634,36.67808192384898,0.06922645221761069,36.62856030317703,36.727603544520925,36.57973930578892,36.770766727702444,0.15540753263830187,0.0006068970042913006,0.15497338467504965,0.1558416806015541,0.15470357847280924,0.1563909082370621,0.004372250037930512,4.401864481099086e-05,0.004340760996372083,0.004403739079488942,0.004310612957062661,0.004425068274920346,1.0,0.0,10,10,0.7224598312333834,1.0,1.0,1.0,3716.7983181002455,209.77207282479768,3566.7364171184927,3866.8602190819984,3446.2144212502153,3923.893039800032
channel_phase_jitter_std_deg,6.0,Current legacy CSI [production replay],production_replay,10,10,0.0,19.12006589954868,2.720637368929637,17.17383916895543,21.066292630141934,16.121179114759265,23.0856635504063,-6.965661000525269,0.07066095037830723,-7.016208799363116,-6.915113201687421,-7.064568880294118,-6.875744710271483,20.1498508375128,0.08752491779590027,20.087239283120173,20.21246239190543,20.041929344351498,20.281097517569723,7.2379614587446595,0.0754643255469668,7.1839775323077895,7.2919453851815295,7.134720766847461,7.340844390356312,11.242560059055322,0.1454395356773737,11.138518882802664,11.346601235307979,11.050040644794548,11.446522630793302,10.23683488928446,0.1335429868779957,10.141303991373036,10.332365787195883,10.072814296969943,10.426927963327596,0.00104480135249366,0.00018396115759704886,0.0009132034679703316,0.0011763992370169886,0.0008150652766037381,0.0013018690710998402,0.002825254134425732,0.00039019504728731607,0.00254612541266064,0.003104382856190824,0.0022204521316947353,0.0032622136246396602,1.0,0.0,10,10,0.7224598312333834,1.0,1.0,1.0,228.77810330010107,15.517199007038576,217.67776782859536,239.87843877160677,206.49942595023276,247.87780255046528
channel_phase_jitter_std_deg,6.0,Current legacy CSI [scientific controlled],scientific_controlled,10,10,0.0,19.138318082812017,2.7554978424853984,17.167153671714118,21.109482493909915,16.10547470788627,23.171973363878617,-6.947243124836528,0.07050945822961716,-6.9976825527196045,-6.896803696953452,-7.044768626158106,-6.8574037674225,20.149569224196906,0.08756620036147837,20.086928138035894,20.212210310357918,20.041647552430852,20.28090114086916,7.238430223260319,0.07564409954730703,7.184317694250785,7.292542752269853,7.135824172371956,7.3419636684525145,11.245398637165332,0.1450037305980061,11.141669217085871,11.349128057244792,11.05298683412678,11.449282593314706,10.238059680534821,0.13347564507780146,10.14257695604523,10.333542405024412,10.074208644661281,10.427950377362457,0.00104705550859397,0.0001842622716057871,0.0009152422200849964,0.0011788687971029436,0.0008154409692871232,0.001302526533295764,0.0028303747534516766,0.00039314811813702605,0.002549133532060329,0.0031116159748430243,0.0022190297375208616,0.003265817023213473,1.0,0.0,10,10,0.7224598312333834,1.0,1.0,1.0,227.2049255998354,28.290132340529283,206.96738405830308,247.44246714136773,191.9323069996608,260.2226961997985
channel_phase_jitter_std_deg,6.0,DL-SMI/MVDR global,scientific_controlled,10,10,0.0,-0.8165069459290144,0.11041801018470994,-0.8954952320617402,-0.7375186597962886,-0.9481779710933077,-0.6830095457856824,-0.03368182041008012,0.02369339257173881,-0.050631052412910216,-0.016732588407250015,-0.055635069604418205,0.008521656092795355,-0.7563186479489981,0.03278143559089253,-0.7797690742876308,-0.7328682216103654,-0.7924598506501133,-0.7019103592704531,24.800574016816057,0.02873324701261393,24.780019490133697,24.821128543498418,24.75896764969125,24.836619591668462,36.163252958881486,0.07939053993775078,36.106460387865724,36.22004552989725,36.05295587996056,36.27209296540352,35.060153170010324,0.05752818918960927,35.0189999825837,35.10130635743695,34.97351020327596,35.13457432771566,0.1505438151591998,0.00037976359080950763,0.15027214865186578,0.1508154816665338,0.15004010519395133,0.151058044519583,0.004367319071461083,4.9064288906963446e-05,0.004332220593553367,0.004402417549368799,0.004299233803671674,0.0044220338340160825,1.0,0.0,10,10,0.7224598312333834,1.0,1.0,1.0,1981.6038580000168,444.0691612125459,1663.935916783727,2299.2717992163066,1485.7636660502521,2584.818234099612
channel_phase_jitter_std_deg,6.0,DL-SMI/MVDR local,scientific_controlled,10,10,0.0,-0.00034629001231665233,0.040448518290118286,-0.029281416908735564,0.028588836884102256,-0.05213820427526568,0.05050710013924556,-0.03421129526943822,0.018091657721993545,-0.04715328756190618,-0.02126930297697025,-0.05139051310154905,-0.001943249439090109,0.11122520988159759,0.0234632707540191,0.09444059711029522,0.12800982265289998,0.0755266172708793,0.1414117139588382,23.637658329599457,0.027532466921135326,23.61796278924813,23.657353869950786,23.61064238707413,23.681077277631864,35.11179009899574,0.07307018921920162,35.05951883451485,35.164061363476634,35.02162196436244,35.21394451487754,34.20589843289017,0.06618335973962494,34.15855370943796,34.253243156342386,34.11222586176042,34.285832618189374,0.1361232272001503,0.0004598198098953605,0.13579429192362474,0.13645216247667585,0.13558918005071852,0.13684775054005824,0.004579540282203003,5.088951367874743e-05,0.004543136117149784,0.004615944447256222,0.004501403428918222,0.0046407980579578215,1.0,0.0,10,10,0.7224598312333834,1.0,1.0,1.0,1115.297425600238,85.93265375350789,1053.824908286514,1176.769942913962,990.1402117003272,1219.9596422001832
channel_phase_jitter_std_deg,6.0,MNEC physical,scientific_controlled,10,10,0.0,-0.21444731286577437,0.04568720457124463,-0.24712997017177943,-0.1817646555597693,-0.26643841255408063,-0.15407351578472872,-0.035581301054986365,0.01926148691274647,-0.04936013873790317,-0.021802463372069564,-0.05343907960474149,-0.0012566422731279687,-0.2096142643495093,0.007581206199287335,-0.21503753256000116,-0.20419099613901745,-0.22140440143268095,-0.20157715115427988,24.177169996897668,0.03904558511012582,24.14923846794022,24.205101525855117,24.124056052630753,24.22714011220919,35.54371207475406,0.08960519426156671,35.47961238022532,35.607811769282804,35.43416814273294,35.67961312106338,34.508356993117005,0.0746798695548278,34.45493423269156,34.561779753542446,34.40800168136928,34.607493691719945,0.1441754484831408,0.0005168250338997048,0.14380573412594547,0.1445451628403361,0.14356673241288626,0.14498685075608153,0.004561712941890457,9.475481553417046e-05,0.004493929430221062,0.004629496453559852,0.0044451714459110905,0.004710779851312396,1.0,0.0,10,10,0.7224598312333834,1.0,1.0,1.0,2336.726592699779,426.01989086508974,2031.9703216748544,2641.4828637247033,1817.0185996501914,2915.0524544501877
channel_phase_jitter_std_deg,6.0,Phase-only CSI [production replay],production_replay,10,10,0.0,15.764873545551364,2.348352081794795,14.084963666113275,17.444783424989453,13.198524097757828,19.09699864421543,-6.706347844462411,0.025430846626199013,-6.724539976221962,-6.68815571270286,-6.731497045620283,-6.665187681857473,18.315965216633234,0.10202903910692951,18.242978038895256,18.388952394371213,18.18719688262027,18.4336776153277,9.027858682165988,0.10101588420617401,8.955596271783117,9.100121092548859,8.888641276252493,9.162410990043538,13.228987886495654,0.20413989660957635,13.082955001665285,13.375020771326023,12.972138098286623,13.510170067941083,12.126567124083786,0.18214265261022933,11.99627011966138,12.256864128506193,11.888877816816196,12.364216330448047,0.0038330046022353715,0.0005882322201123653,0.0034122086212445995,0.004253800583226144,0.003008734854888701,0.004602141448295294,0.0009615384615384614,0.00026927694903143107,0.0007689093364214483,0.0011541675866554744,0.0006202586860870885,0.0013398004855105445,1.0,0.0,10,10,0.7224598312333834,1.0,1.0,1.0,216.96281260001342,21.564598511835776,201.53642812939282,232.38919707063403,191.2625103994742,245.49431754999202
channel_phase_jitter_std_deg,6.0,Phase-only CSI [scientific controlled],scientific_controlled,10,10,0.0,15.782698551403737,2.366857499990809,14.089550693260659,17.475846409546815,13.202717274203948,19.137575451891685,-6.688064775910244,0.024820392980940107,-6.705820215438864,-6.670309336381624,-6.7115487182597375,-6.64699224889265,18.315655710221584,0.10204923835337448,18.242654082813168,18.38865733763,18.186864501184225,18.43341078695298,9.028270749990762,0.101128526779177,8.955927759965382,9.100613740016142,8.889342237870643,9.16282826690445,13.230360376344745,0.20295791050348377,13.085173033438169,13.37554771925132,12.975402089192057,13.50799131239281,12.12763978143763,0.1821140982089756,11.997363203603356,12.257916359271903,11.890037458157478,12.36517667739587,0.003840518455903071,0.0005927968449200859,0.0034164571390327843,0.0042645797727733584,0.0030105193951347796,0.0046177326946557715,0.0009609695038689121,0.0002715147173244768,0.0007667395757494346,0.0011551994319883895,0.0006154225458959187,0.0013459641935973292,1.0,0.0,10,10,0.7224598312333834,1.0,1.0,1.0,217.91147909998472,22.31647897608464,201.94723174677506,233.87572645319437,194.3106848500065,248.02463955034
channel_phase_jitter_std_deg,6.0,Row complex LS / Wiener [scientific controlled],scientific_controlled,10,10,0.0,15.756844180556275,2.295883529443772,14.114468042390463,17.399220318722087,13.159371040234802,19.074914904277534,-6.715165443842818,0.029233415582940597,-6.736077769566126,-6.69425311811951,-6.752126897219303,-6.671663227265089,18.52485146205745,0.09372808064395775,18.4578024322824,18.591900491832497,18.411532974833875,18.640452473389303,8.78831106009586,0.09338279557911824,8.721509032376485,8.855113087815234,8.664149218357828,8.911929729137949,12.928291300744041,0.1784323187345801,12.800648509283157,13.055934092204925,12.676646842717181,13.144859304636203,11.854497210095934,0.16639808114179486,11.735463193605527,11.97353122658634,11.617981329056388,12.053536267293218,0.0031898187282802665,0.0004706361707486409,0.0028531458933204875,0.0035264915632400454,0.002496290034751573,0.0038046398046398047,0.001027916856319223,0.00023790962245596873,0.0008577265648908139,0.0011981071477476322,0.0007371794871794872,0.0013808602639963582,1.0,0.0,10,10,0.7224598312333834,1.0,1.0,1.0,213.71833530010917,16.62933742930315,201.8224239278054,225.61424667241295,197.1939399501025,236.79960289991868
channel_phase_jitter_std_deg,6.0,Row complex LS / Wiener robust IRLS [scientific controlled],scientific_controlled,10,10,0.0,15.748666421951409,2.2903287399516783,14.110263940810158,17.387068903092658,13.160270506044744,19.0652434500995,-6.693430439890625,0.0272589516398707,-6.712930319196604,-6.673930560584645,-6.722164214961348,-6.649148490141496,18.523040952471117,0.09394904642004485,18.455833853302156,18.590248051640078,18.409581212837637,18.63888404941228,8.79331044539268,0.09382019292336859,8.726195522462428,8.86042536832293,8.667781071645958,8.919029066532799,12.94801689255893,0.178202808494017,12.820538282833631,13.07549550228423,12.697329097063813,13.164503679643078,11.869959275175233,0.16750749064078824,11.750131634938137,11.98978691541233,11.633586487506033,12.072724009519662,0.0032345261576030805,0.00047324310128822275,0.0028959884368783416,0.0035730638783278194,0.0025410913872452334,0.0038480323095707713,0.0010425201031709908,0.00024171266069727095,0.0008696092820728731,0.0012154309242691085,0.0007449552419966621,0.001397549688969807,1.0,0.0,10,10,0.7224598312333834,1.0,1.0,1.0,357.42596459995184,106.16668284233148,281.4788948412752,433.3730343586285,266.95062045041595,534.9140907998842
channel_phase_jitter_std_deg,6.0,SA-MNEC physical [approximate academic reference],scientific_controlled,10,10,0.0,-0.1399661481598704,0.02724534261018372,-0.1594562921524792,-0.12047600416726163,-0.17334104716360957,-0.09853999631502958,-0.018279602474690914,0.019226789152846094,-0.03203361887544015,-0.004525586073941677,-0.03565441617192115,0.01627305205914197,-0.20774149248487733,0.008779395084913459,-0.2140218933893977,-0.20146109158035697,-0.22219700432051148,-0.19838742993469594,24.172928593602172,0.03972316862708846,24.144512350596468,24.201344836607877,24.11781495139692,24.221224381718613,35.536747412590515,0.08918200929288211,35.47295044635164,35.60054437882939,35.43095499703994,35.670369773757486,34.50499086702882,0.07447297556358518,34.45171610964883,34.55826562440882,34.404520319234095,34.60141266520873,0.14432140509063585,0.0005209298520352483,0.1439487543234394,0.1446940558578323,0.14370865032403493,0.14515440969287124,0.00463928083750569,0.00011581684099073962,0.00455643046047153,0.0047221312145398495,0.004496282809892277,0.0048201145501441355,1.0,0.0,10,10,0.7224598312333834,1.0,1.0,1.0,7248.5364639999725,645.4868436095453,6786.782992689899,7710.289935310046,6447.714025249752,8218.568794800058
channel_phase_jitter_std_deg,6.0,Shrinkage-SMI/MVDR global,scientific_controlled,10,10,0.0,-0.6355371894450907,0.09264759419345169,-0.7018132857759264,-0.5692610931142551,-0.7400435151167857,-0.5251542910068858,-0.03427540927786374,0.022170119745997058,-0.050134957545072995,-0.01841586101065448,-0.05471480658192138,0.005291472885603162,-0.5845511646305657,0.02547178467747069,-0.602772581707812,-0.5663297475533193,-0.6131150163859053,-0.5447841707452389,24.601869472618628,0.024564936422783408,24.58429677570307,24.619442169534185,24.565223807699414,24.634419490722532,35.97676803318421,0.08266861660576008,35.91763046738557,36.03590559898284,35.86655730414673,36.09086449725517,34.888634936972785,0.05948030874540041,34.84608528734058,34.93118458660499,34.80100348844046,34.96471582557334,0.14823048746125672,0.0003909934852726111,0.14795078757136484,0.1485101873511486,0.1477756175448483,0.14878191039729502,0.004386094674556213,3.994276750615835e-05,0.004357521339975816,0.00441466800913661,0.004331379912001214,0.004429430283720224,1.0,0.0,10,10,0.7224598312333834,1.0,1.0,1.0,4195.463026500056,365.6795500914626,3933.8716349581114,4457.054418042001,3767.687745600233,4597.347804549963
channel_phase_jitter_std_deg,6.0,Shrinkage-SMI/MVDR local,scientific_controlled,10,10,0.0,-0.12907491288654,0.04251241078920158,-0.15948645953542562,-0.09866336623765436,-0.1831019177798214,-0.07580073347819047,-0.03481802308793675,0.01862189674037975,-0.04813932552403946,-0.021496720651834042,-0.05199567384349196,-0.0015664305337611244,-0.06944578741717926,0.013310475048570488,-0.07896752766535284,-0.05992404716900567,-0.08981125894010132,-0.0524423467371265,23.902338103190708,0.02968921985675219,23.881099714732343,23.923576491649072,23.860339761829106,23.936104645907424,35.345655056104235,0.0859758006682308,35.28415167334709,35.40715843886138,35.24473761740264,35.47187601057126,34.38269957561135,0.07086046608791248,34.33200905183278,34.43339009938992,34.284459096138534,34.47348261432273,0.13934854888701043,0.00044350022239025144,0.13903128794010977,0.13966580983391108,0.13880482765098148,0.14008171315863624,0.004525299651039296,5.164875158011374e-05,0.004488352359910036,0.0045622469421685566,0.004446024882415416,0.004585988469124563,1.0,0.0,10,10,0.7224598312333834,1.0,1.0,1.0,1700.5929922000178,282.9336510442748,1498.1944509848938,1902.9915334151417,1324.1703328000767,2057.571173049564
support_edge_radial_speed_mps,1.6,Corrected JDL physical,scientific_controlled,10,10,0.0,-1.6641945329921797,0.20902688883802373,-1.813723361462751,-1.5146657045216083,-1.9429891360863152,-1.3936156990560233,1.6620433666726702,0.057717749359898596,1.6207545760691249,1.7033321572762155,1.5702938688354287,1.7322521157807849,-2.368351293953651,0.014864789839328376,-2.3789849240214953,-2.3577176638858064,-2.3889275782222232,-2.348607003255956,26.17226312182087,0.04240580450193522,26.1419278367158,26.202598406925937,26.112013584593566,26.221960971889896,37.97916511219258,0.07973913894183397,37.92212316847182,38.036207055913344,37.86348567432742,38.0860808158129,36.74632353560686,0.07109273278648721,36.69546685824143,36.79718021297229,36.65094819191899,36.829025351575844,0.15558448389217622,0.0006500491947664317,0.15511946671145846,0.15604950107289398,0.15475213675213675,0.15646022353714661,0.004317250796540737,4.006414932259519e-05,0.004288590630639689,0.004345910962441785,0.004273535882263693,0.004374336216052192,1.0,0.0,10,10,0.7224598312333834,1.0,1.0,1.0,4122.736293399612,225.0738439434785,3961.7281647740356,4283.744422025188,3791.833451600178,4386.634701749335
support_edge_radial_speed_mps,1.6,Current legacy CSI [production replay],production_replay,10,10,0.0,17.223673063990894,3.242740360629209,14.9039563526406,19.543389775341186,13.277241362071502,21.7715963478083,2.185293640667825,0.1466237434829616,2.0804053331832977,2.2901819481523527,1.9905711557568602,2.3845973734569057,20.304148001065823,0.07333903411263298,20.25168441653377,20.356611585597875,20.209431478742733,20.420859218270472,7.099468469684796,0.07891993305109668,7.043012550555411,7.155924388814181,6.989551494470631,7.211239834527674,11.017705800608155,0.12301022264052572,10.929709588333306,11.105702012883004,10.858336289941663,11.19462740897368,10.00530631833568,0.11639025131391133,9.922045748266866,10.088566888404495,9.867102043955441,10.174536637111526,0.0007498825960364422,0.00014169033155506892,0.0006485234388446895,0.000851241753228195,0.0005891800507185122,0.0009434582511505588,0.0019665073585191928,0.00021236278620259956,0.0018145921728311553,0.00211842254420723,0.0016353739948414504,0.0022239607039902898,1.0,0.0,10,10,0.7224598312333834,1.0,1.0,1.0,242.62628910000785,21.659745728939427,227.13184041054518,258.1207377894705,211.28924304985048,270.9350587500012
support_edge_radial_speed_mps,1.6,Current legacy CSI [scientific controlled],scientific_controlled,10,10,0.0,17.727177556845113,3.5055842254699585,15.219433671580509,20.234921442109716,13.579940088747962,22.73774177740732,2.263832168649558,0.14513120748483688,2.160011557098747,2.3676527802003693,2.0711945247369323,2.462020743352435,20.318665561011265,0.07510356792875589,20.264939705027974,20.372391416994557,20.22084733003868,20.437583235012625,7.081394207371099,0.08172704948109587,7.02293019811756,7.1398582166246385,6.966940059177182,7.197200827922739,11.018416846968085,0.12503504514702604,10.928972163929782,11.107861530006389,10.851593654965312,11.197265915124559,10.005914396067677,0.1180486280695962,9.921467494733928,10.090361297401426,9.867972197607083,10.179262867588994,0.0007701700009392317,0.00013783649773925564,0.0006715677103822082,0.0008687722914962552,0.0006009204470742932,0.0009498450267681036,0.0019896449704142013,0.0002220878314091726,0.0018307729064764519,0.0021485170343519505,0.001638029130632681,0.0022428311333636776,1.0,0.0,10,10,0.7224598312333834,1.0,1.0,1.0,242.51147049981228,21.137321632859507,227.3907414953427,257.63219950428186,211.77277175020208,271.3009609000437
support_edge_radial_speed_mps,1.6,DL-SMI/MVDR global,scientific_controlled,10,10,0.0,-0.6252012896215767,0.10206583445495493,-0.6982147891658729,-0.5521877900772806,-0.7628195798749124,-0.46872609839882173,-0.010926071311633407,6.485910217222283e-05,-0.010972468718289451,-0.010879673904977363,-0.01099697574668349,-0.010821841904931892,-0.8045954504211335,0.007957848687493052,-0.8102881524366574,-0.7989027484056095,-0.814660723325115,-0.7949575682646371,24.867284542320725,0.04773510645969022,24.833136904256005,24.901432180385445,24.80242629248904,24.924309185278346,36.21289522764313,0.09897811935694263,36.14209054641797,36.28369990886829,36.083817780875805,36.35433281246241,35.106473572355114,0.07839153137466431,35.050395649014106,35.16255149569612,34.99461419817157,35.209492777259875,0.15173382173382172,0.0007019212580836453,0.15123169751438137,0.15223594595326206,0.1508944303559688,0.1527960927960928,0.004361250189652556,5.151510235950473e-05,0.00432439850541624,0.0043981018738888725,0.0042897511758458505,0.004413783947807616,1.0,0.0,10,10,0.7224598312333834,1.0,1.0,1.0,2330.5367200002365,354.02870372153586,2077.279841869797,2583.793598130676,1895.819856050548,2734.4526422000854
support_edge_radial_speed_mps,1.6,DL-SMI/MVDR local,scientific_controlled,10,10,0.0,2.215526017349969,0.14788605538997182,2.109734706325232,2.321317328374706,2.028747775236246,2.4271208300689535,-0.01161745873095567,0.00017000578779714106,-0.01173907354531681,-0.01149584391659453,-0.011756782638426552,-0.011315718587912056,0.11925141256879956,0.0041313578301781775,0.11629601721381264,0.12220680792378649,0.11451351316304048,0.12576860910366452,23.60119662746456,0.04564030831131586,23.56854751772196,23.63384573720716,23.540971157959678,23.652850736482996,35.10192575551281,0.0894204778451298,35.03795819914822,35.1658933118774,34.9969836967892,35.23745926112878,34.20206688575592,0.0808283713997895,34.14424575207411,34.259888019437724,34.089818254408364,34.308823661386064,0.13510528787451864,0.0005934742495146486,0.13468074197159347,0.13552983377744382,0.13436244951629567,0.1360391659622429,0.00459850553785465,4.968148930879659e-05,0.0045629655413770955,0.004634045534332204,0.004524066909421939,0.004653409952966166,1.0,0.0,10,10,0.7224598312333834,1.0,1.0,1.0,1205.586476499957,89.80017637991483,1141.3473001663103,1269.8256528336035,1075.205189350072,1307.4967447506424
support_edge_radial_speed_mps,1.6,MNEC physical,scientific_controlled,10,10,0.0,0.08631230724735292,0.06043502095048317,0.043079697645997554,0.12954491684870828,0.007188531747160543,0.17215263543336898,-0.004954627488547785,5.357800260762553e-05,-0.004992954882722989,-0.004916300094372581,-0.005038343313270019,-0.004901394955787584,-0.22063337064116356,0.004725365240156341,-0.22401369329909523,-0.2172530479832319,-0.22768782493488315,-0.2160495095012457,24.183423054728785,0.04474511040906433,24.1514143309878,24.215431778469767,24.121495119750094,24.240657231295618,35.55887676983487,0.09374364911360603,35.49181660304754,35.625936936622196,35.43600568500011,35.6966934225193,34.523003053515716,0.07685247961144999,34.468026101482224,34.57798000554921,34.417068971232155,34.624123518185996,0.14379336902413825,0.0006410171813858921,0.14333481295656736,0.14425192509170914,0.14308058608058608,0.14478294355217433,0.004442990441511151,3.4020776625927545e-05,0.004418653444004213,0.004467327439018089,0.004391404946138674,0.004476179638901533,1.0,0.0,10,10,0.7224598312333834,1.0,1.0,1.0,2408.9545021997765,223.95487150742548,2248.7468382339575,2569.1621661655954,2116.644584900314,2692.562089099283
support_edge_radial_speed_mps,1.6,Phase-only CSI [production replay],production_replay,10,10,0.0,14.326748717162621,3.1429778817272767,12.07839778405479,16.575099650270452,10.642519555948788,19.172461909302033,2.6792601372709273,0.005770905666340785,2.6751318800486192,2.6833883944932353,2.6710673924636996,2.685676209936438,18.572931404582487,0.08193126961332785,18.514321305047012,18.631541504117962,18.456068027278477,18.687021588497323,8.758131860672403,0.11420823926923035,8.676432207988732,8.839831513356074,8.623356948706975,8.911429512136465,12.834818893088743,0.16148069116386524,12.719302565478557,12.950335220698928,12.629761322989577,13.077073058880568,11.751226545606585,0.15740641015534748,11.638624783052839,11.86382830816033,11.55676641390703,11.982711023237949,0.002851695313233775,0.00041112889727231675,0.002557591417312685,0.0031457992091548648,0.002279045740584202,0.00344604113834883,0.0002877029282354726,0.00011539942060667283,0.00020515115575576103,0.0003702547007151842,0.00016158397815202547,0.00046720907297830364,1.0,0.0,10,10,0.7224598312333834,1.0,1.0,1.0,234.840669499863,20.950985003235015,219.85323769023657,249.82810130948943,199.91954164943309,257.04588544940634
support_edge_radial_speed_mps,1.6,Phase-only CSI [scientific controlled],scientific_controlled,10,10,0.0,14.593900167691833,3.2572986131157706,12.263769109885946,16.92403122549772,10.83465920529165,19.662204315305747,2.757463939731618,0.004435602066431987,2.754290901161115,2.7606369783021205,2.7516425182160837,2.7642423678011645,18.57971037341853,0.08322495213479524,18.520174829157146,18.63924591767991,18.460610363558903,18.695200094574467,8.748046617705402,0.11710082381258702,8.664277734692444,8.83181550071836,8.60853034202565,8.906691972030245,12.845623966027148,0.16347029292940002,12.728684363053793,12.962563569000503,12.632978481019578,13.090510826706248,11.758785775654472,0.1587358097818227,11.64523301789709,11.872338533411854,11.563236390762462,11.99348077768281,0.0029046679815910585,0.00041903729079591597,0.0026049067617474734,0.0032044292014346437,0.0023346482577251805,0.0035131962055038974,0.00029301319981793353,0.0001298446901883463,0.00020012790398389884,0.0003858984956519682,0.0001471703838567744,0.0004926225155515095,1.0,0.0,10,10,0.7224598312333834,1.0,1.0,1.0,231.47721810000803,18.19971149226661,218.4579287967556,244.49650740326047,198.2150634995378,245.72716795000815
support_edge_radial_speed_mps,1.6,Row complex LS / Wiener [scientific controlled],scientific_controlled,10,10,0.0,14.822181708813265,3.0486418595234572,12.641314700673774,17.003048716952755,11.346881101547549,19.613650419547767,2.581976389095361,0.025243310579656827,2.5639184125418284,2.6000343656488933,2.5513286796587633,2.6185194595946055,18.775203803489582,0.07810580915015924,18.719330273515073,18.83107733346409,18.669689807340763,18.88859226844867,8.526628860251249,0.1077204095061718,8.449570321393553,8.603687399108944,8.389973713686459,8.661728876960487,12.56688341222699,0.15869780049180324,12.453357844677715,12.680408979776264,12.352243568561754,12.778298420684457,11.510984041352277,0.14860488243021022,11.404678512440084,11.61728957026447,11.322833236583836,11.719999366676408,0.00241626749319057,0.00034595252756764675,0.002168787963445911,0.0026637470229352294,0.0019381985535831688,0.002914717760871607,0.00036071916249431045,0.00012177144828191321,0.00027360911601187433,0.00044782920897674656,0.00023867774237596722,0.0005658284023668639,1.0,0.0,10,10,0.7224598312333834,1.0,1.0,1.0,230.76972550024948,19.19398298417342,217.03917721881973,244.50027378167923,202.44499649988938,254.62373604941604
support_edge_radial_speed_mps,1.6,Row complex LS / Wiener robust IRLS [scientific controlled],scientific_controlled,10,10,0.0,14.674984637113003,3.0224611125467415,12.512846207127618,16.837123067098386,11.192455270634326,19.39536009577206,2.543294141577012,0.022059762009939067,2.5275135384784226,2.559074744675601,2.510875368332194,2.5713285092272176,18.773625315248644,0.07829450010168587,18.717616803898864,18.829633826598425,18.66767800155958,18.88719249997386,8.532288009084722,0.10879059498529943,8.454463905653828,8.610112112515615,8.393739646667056,8.670726075411881,12.57905251411908,0.1616665111472867,12.463403258900481,12.69470176933768,12.361908800107658,12.796312504197672,11.524815826662689,0.14973456889889902,11.4177021687335,11.631929484591877,11.336338428647908,11.736805772063784,0.002450831220061989,0.0003488057544452221,0.0022013106147660633,0.002700351825357915,0.0019813092890015966,0.002960646191415422,0.00037039144287665,0.00012408054644111007,0.0002816295670793939,0.00045915331867390607,0.00024038461538461537,0.0005815695645577302,1.0,0.0,10,10,0.7224598312333834,1.0,1.0,1.0,377.39273509978375,58.45375978466576,335.57743435599116,419.20803584357634,304.20590275016366,452.09405389987296
support_edge_radial_speed_mps,1.6,SA-MNEC physical [approximate academic reference],scientific_controlled,10,10,0.0,0.04585725338024087,0.05636485719190423,0.005536263532147485,0.08617824322833426,-0.021765857105690945,0.12416500340402956,0.010750630245662678,0.001251631401607764,0.009855267078752531,0.011645993412572825,0.008728685211418816,0.011923959890205223,-0.21813590743227912,0.0045446484356221175,-0.22138695307605646,-0.21488486178850177,-0.22499577062106127,-0.2137390982002126,24.182195003912934,0.04417865599830736,24.15059149724662,24.21379851057925,24.12222463924302,24.237456913924824,35.549530454596706,0.09445904338096683,35.48195852557971,35.617102383613705,35.430424732664754,35.689435235485114,34.51989782380913,0.07650434057252416,34.46516991544138,34.574625732176884,34.41378525366372,34.61875581711357,0.14387977834131677,0.0006261032507774374,0.1434318910570023,0.14432766562563124,0.14319094580633043,0.14484681130834978,0.004440714610832954,4.504220490198681e-05,0.004408493358494722,0.0044729358631711855,0.004368741465634957,0.004484619177666515,1.0,0.0,10,10,0.7224598312333834,1.0,1.0,1.0,7832.786940499864,461.49239668973365,7502.655167460053,8162.918713539674,7071.532253250098,8326.702933199704
support_edge_radial_speed_mps,1.6,Shrinkage-SMI/MVDR global,scientific_controlled,10,10,0.0,-0.22145989744494035,0.10250112889257075,-0.2947847878713296,-0.1481350070185511,-0.35298023932392475,-0.06053695159478301,-0.01049955848278861,8.050050538900929e-05,-0.010557145075255358,-0.010441971890321863,-0.01056552589456841,-0.010354335630660294,-0.6153364466194383,0.007701527560521179,-0.6208457875466284,-0.6098271056922482,-0.6256698721283086,-0.6046397552280455,24.63926855381763,0.04584061027847326,24.606476156679538,24.67206095095572,24.573298983617562,24.695475481240443,36.0125867103983,0.09926668727271215,35.941575600121745,36.08359782067486,35.88938693563907,36.15613954730113,34.91836932306952,0.07781826483942368,34.86270148990348,34.97403715623556,34.809544726471145,35.02260842196998,0.14889790551329013,0.0006955800073206961,0.14840031755137575,0.1493954934752045,0.1480515638207946,0.14991753545599698,0.004379456835078137,3.33893845376431e-05,0.004355571508261949,0.004403342161894325,0.004325974814140494,0.004417387346381429,1.0,0.0,10,10,0.7224598312333834,1.0,1.0,1.0,4200.464538100277,233.93629649953502,4033.1165928346036,4367.812483365951,3760.3907974500544,4352.89264729945
support_edge_radial_speed_mps,1.6,Shrinkage-SMI/MVDR local,scientific_controlled,10,10,0.0,1.529675786772628,0.18977195527300394,1.3939211080024196,1.6654304655428365,1.2767426653106173,1.7882214175148798,-0.009358993349063862,0.0005641683521146429,-0.009762575075897322,-0.008955411622230403,-0.009878981760162015,-0.008383616265841278,-0.07670433912441174,0.004321964517664794,-0.07979608628962255,-0.07361259195920093,-0.08290149250265408,-0.0709869928833238,23.897807636173955,0.0457942681414046,23.865048390203654,23.930566882144255,23.82855382330916,23.95097432978773,35.35550996848771,0.09767095576279623,35.285640375766896,35.42537956120852,35.23795867742835,35.50282072433694,34.39246639964183,0.07935009282099398,34.335702762750365,34.4492300365333,34.28205393417968,34.4972106161017,0.13886183901568516,0.0006576520722118148,0.13839138306408136,0.13933229496728897,0.1380619892927585,0.13986061801446417,0.0045306099226217564,5.1532554523523515e-05,0.004493745753859385,0.004567474091384128,0.00445645577302382,0.0045858936428463054,1.0,0.0,10,10,0.7224598312333834,1.0,1.0,1.0,1715.5576234004911,237.42071930332875,1545.7170722186895,1885.3981745822928,1420.3442078494845,2018.2170551004674
support_edge_radial_speed_mps,1.8,Corrected JDL physical,scientific_controlled,10,10,0.0,-0.6647948811354428,1.3676176278213088,-1.6431295959686585,0.31353983369777283,-2.7091874707425587,1.1138387420968243,2.664334282452278,0.08309559864655805,2.604891272102021,2.723777292802535,2.539710934561458,2.7652266503770107,-2.368351293953651,0.014864789839328376,-2.3789849240214953,-2.3577176638858064,-2.3889275782222232,-2.348607003255956,26.17226312182087,0.04240580450193522,26.1419278367158,26.202598406925937,26.112013584593566,26.221960971889896,37.97916511219258,0.07973913894183397,37.92212316847182,38.036207055913344,37.86348567432742,38.0860808158129,36.74632353560686,0.07109273278648721,36.69546685824143,36.79718021297229,36.65094819191899,36.829025351575844,0.15558448389217622,0.0006500491947664317,0.15511946671145846,0.15604950107289398,0.15475213675213675,0.15646022353714661,0.004317250796540737,4.006414932259519e-05,0.004288590630639689,0.004345910962441785,0.004273535882263693,0.004374336216052192,1.0,0.0,10,10,0.7224598312333834,1.0,1.0,1.0,4061.8183839000267,193.22653587619968,3923.5924470379787,4200.044320762075,3784.540809700411,4288.918536500023
support_edge_radial_speed_mps,1.8,Current legacy CSI [production replay],production_replay,10,10,0.0,10.961749945712427,5.594135652145253,6.959946373833535,14.963553517591318,4.021515245520524,19.568760770614038,3.4583390682249964,0.038792623131831516,3.4305884973656746,3.486089639084318,3.398437243715023,3.507152810986027,20.318691513426195,0.07506662888094319,20.264992082045858,20.372390944806533,20.220879858182798,20.437598101127634,7.081173915989401,0.08189044289977976,7.022593022125411,7.139754809853391,6.966454432312192,7.197634790997941,11.018395181450687,0.1251949407476225,10.928836115990258,11.107954246911117,10.851116499340648,11.197587852314253,10.005784090677206,0.11808088739144913,9.921314112414787,10.090254068939625,9.867786287965032,10.179179699092018,0.0007699821545975392,0.00013843948283252862,0.0006709485144898262,0.0008690157947052522,0.0006007326007326007,0.0009529444914060299,0.0019894553178576844,0.0002205756982632336,0.0018316649688086782,0.0021472456669066903,0.0016399256561978456,0.0022434949173114854,1.0,0.0,10,10,0.7224598312333834,1.0,1.0,1.0,242.48454879998462,14.624962489463108,232.02248088311447,252.94661671685478,218.77710950084293,260.17067009979655
support_edge_radial_speed_mps,1.8,Current legacy CSI [scientific controlled],scientific_controlled,10,10,0.0,10.963911483968019,5.596976988362524,6.960075342603826,14.967747625332212,4.022893047482878,19.577362363475395,3.459622207829902,0.03853114486636552,3.432058687253551,3.4871857284062533,3.4002651656803113,3.508221916809995,20.318665561011265,0.07510356792875589,20.264939705027974,20.372391416994557,20.22084733003868,20.437583235012625,7.081394207371099,0.08172704948109587,7.02293019811756,7.1398582166246385,6.966940059177182,7.197200827922739,11.018416846968085,0.12503504514702604,10.928972163929782,11.107861530006389,10.851593654965312,11.197265915124559,10.005914396067677,0.1180486280695962,9.921467494733928,10.090361297401426,9.867972197607083,10.179262867588994,0.0007701700009392317,0.00013783649773925564,0.0006715677103822082,0.0008687722914962552,0.0006009204470742932,0.0009498450267681036,0.0019896449704142013,0.0002220878314091726,0.0018307729064764519,0.0021485170343519505,0.001638029130632681,0.0022428311333636776,1.0,0.0,10,10,0.7224598312333834,1.0,1.0,1.0,241.2186213001405,10.575368647059094,233.65345830494073,248.7837842953403,226.38003330002903,255.14032135079106
support_edge_radial_speed_mps,1.8,DL-SMI/MVDR global,scientific_controlled,10,10,0.0,-0.5374047569511322,0.5327422552640495,-0.9185056083738059,-0.15630390552845852,-1.2782613956455804,0.125810036845557,-0.01251333059022638,6.820032384029115e-05,-0.012562118162877164,-0.012464543017575595,-0.012622147618793007,-0.012435902866181028,-0.8045954504211335,0.007957848687493052,-0.8102881524366574,-0.7989027484056095,-0.814660723325115,-0.7949575682646371,24.867284542320725,0.04773510645969022,24.833136904256005,24.901432180385445,24.80242629248904,24.924309185278346,36.21289522764313,0.09897811935694263,36.14209054641797,36.28369990886829,36.083817780875805,36.35433281246241,35.106473572355114,0.07839153137466431,35.050395649014106,35.16255149569612,34.99461419817157,35.209492777259875,0.15173382173382172,0.0007019212580836453,0.15123169751438137,0.15223594595326206,0.1508944303559688,0.1527960927960928,0.004361250189652556,5.151510235950473e-05,0.00432439850541624,0.0043981018738888725,0.0042897511758458505,0.004413783947807616,1.0,0.0,10,10,0.7224598312333834,1.0,1.0,1.0,2339.668767799958,330.8693384149925,2102.9791015801975,2576.3584340197185,1945.5153631998655,2733.2565031510967
support_edge_radial_speed_mps,1.8,DL-SMI/MVDR local,scientific_controlled,10,10,0.0,1.1959453754959817,1.1198450505215123,0.39485648495230175,1.9970342660396616,-0.25839698333471456,2.580777065952466,-0.012872463700815004,2.716993313792528e-05,-0.012891899900120855,-0.012853027501509153,-0.012905870846052101,-0.01283229556704554,0.11925141256879956,0.0041313578301781775,0.11629601721381264,0.12220680792378649,0.11451351316304048,0.12576860910366452,23.60119662746456,0.04564030831131586,23.56854751772196,23.63384573720716,23.540971157959678,23.652850736482996,35.10192575551281,0.0894204778451298,35.03795819914822,35.1658933118774,34.9969836967892,35.23745926112878,34.20206688575592,0.0808283713997895,34.14424575207411,34.259888019437724,34.089818254408364,34.308823661386064,0.13510528787451864,0.0005934742495146486,0.13468074197159347,0.13552983377744382,0.13436244951629567,0.1360391659622429,0.00459850553785465,4.968148930879659e-05,0.0045629655413770955,0.004634045534332204,0.004524066909421939,0.004653409952966166,1.0,0.0,10,10,0.7224598312333834,1.0,1.0,1.0,1200.930733399946,86.41847145453829,1139.1106830387314,1262.7507837611604,1088.124123349644,1303.0663412992908
support_edge_radial_speed_mps,1.8,MNEC physical,scientific_controlled,10,10,0.0,-0.3096775137201554,0.653424742570125,-0.777109415870832,0.15775438843052125,-1.2353321413434803,0.3574644595199409,-0.010032354029342215,9.50627189931828e-05,-0.010100357801877397,-0.009964350256807033,-0.010161935682785296,-0.009893225003926144,-0.22063337064116356,0.004725365240156341,-0.22401369329909523,-0.2172530479832319,-0.22768782493488315,-0.2160495095012457,24.183423054728785,0.04474511040906433,24.1514143309878,24.215431778469767,24.121495119750094,24.240657231295618,35.55887676983487,0.09374364911360603,35.49181660304754,35.625936936622196,35.43600568500011,35.6966934225193,34.523003053515716,0.07685247961144999,34.468026101482224,34.57798000554921,34.417068971232155,34.624123518185996,0.14379336902413825,0.0006410171813858921,0.14333481295656736,0.14425192509170914,0.14308058608058608,0.14478294355217433,0.004442990441511151,3.4020776625927545e-05,0.004418653444004213,0.004467327439018089,0.004391404946138674,0.004476179638901533,1.0,0.0,10,10,0.7224598312333834,1.0,1.0,1.0,2388.3506583997587,221.04114336966464,2230.227349979502,2546.4739668200154,2083.5560279501806,2624.9050309996164
support_edge_radial_speed_mps,1.8,Phase-only CSI [production replay],production_replay,10,10,0.0,6.769184300343428,6.023305569166273,2.4603710644748773,11.07799753621198,-0.500341691953115,16.252913709637344,3.5231931366504954,0.004808523386342846,3.5197533262383986,3.526632947062592,3.5166992571155498,3.5299012994219194,18.579734967201908,0.08320292126767828,18.520215182873464,18.639254751530352,18.460631820853575,18.695226092922834,8.748226433798305,0.11680087978070364,8.664672117819968,8.831780749776641,8.609609040518752,8.90664260420633,12.845617408159947,0.16397006605101383,12.728320289032611,12.962914527287284,12.631653631733965,13.090099792983194,11.75869788119764,0.15876010713205577,11.645127742162972,11.87226802023231,11.563047710314391,11.993450087120404,0.0029042922889076736,0.0004176759641029448,0.002605504903515231,0.003203079674300116,0.002335869258946182,0.0035113177420869725,0.00029396146260051586,0.00013127951552744413,0.00020004975455124966,0.00038787317064978207,0.00014698073130025793,0.0004947086936731907,1.0,0.0,10,10,0.7224598312333834,1.0,1.0,1.0,235.94821130009223,16.45377398504068,224.17789045008325,247.7185321501012,211.77129325005808,254.04688235012145
support_edge_radial_speed_mps,1.8,Phase-only CSI [scientific controlled],scientific_controlled,10,10,0.0,6.770618895652137,6.0243402423789165,2.461065499155465,11.08017229214881,-0.4988573380024389,16.256740824418507,3.524478829179208,0.0047874968107896295,3.5210540602731433,3.527903598085273,3.518279977755853,3.531141776531758,18.57971037341853,0.08322495213479524,18.520174829157146,18.63924591767991,18.460610363558903,18.695200094574467,8.748046617705402,0.11710082381258702,8.664277734692444,8.83181550071836,8.60853034202565,8.906691972030245,12.845623966027148,0.16347029292940002,12.728684363053793,12.962563569000503,12.632978481019578,13.090510826706248,11.758785775654472,0.1587358097818227,11.64523301789709,11.872338533411854,11.563236390762462,11.99348077768281,0.0029046679815910585,0.00041903729079591597,0.0026049067617474734,0.0032044292014346437,0.0023346482577251805,0.0035131962055038974,0.00029301319981793353,0.0001298446901883463,0.00020012790398389884,0.0003858984956519682,0.0001471703838567744,0.0004926225155515095,1.0,0.0,10,10,0.7224598312333834,1.0,1.0,1.0,227.54406169970025,12.536505130522203,218.57598617744097,236.51213722195953,211.08179734910664,244.86652560062794
support_edge_radial_speed_mps,1.8,Row complex LS / Wiener [scientific controlled],scientific_controlled,10,10,0.0,6.097918616037444,6.218336538165268,1.6495886296110331,10.546248602463855,-0.7281981900190059,16.43016213890332,1.6875956508026604,0.06280144623539319,1.6426702025312048,1.732521099074116,1.582068995667099,1.7564018782111446,18.775203803489582,0.07810580915015924,18.719330273515073,18.83107733346409,18.669689807340763,18.88859226844867,8.526628860251249,0.1077204095061718,8.449570321393553,8.603687399108944,8.389973713686459,8.661728876960487,12.56688341222699,0.15869780049180324,12.453357844677715,12.680408979776264,12.352243568561754,12.778298420684457,11.510984041352277,0.14860488243021022,11.404678512440084,11.61728957026447,11.322833236583836,11.719999366676408,0.00241626749319057,0.00034595252756764675,0.002168787963445911,0.0026637470229352294,0.0019381985535831688,0.002914717760871607,0.00036071916249431045,0.00012177144828191321,0.00027360911601187433,0.00044782920897674656,0.00023867774237596722,0.0005658284023668639,1.0,0.0,10,10,0.7224598312333834,1.0,1.0,1.0,234.7042137003882,12.101786248272465,226.0471173327161,243.3613100680603,215.88462555064325,250.66836200012403
support_edge_radial_speed_mps,1.8,Row complex LS / Wiener robust IRLS [scientific controlled],scientific_controlled,10,10,0.0,6.113659594144467,6.166325361654347,1.7025361620244768,10.524783026264458,-0.7592688107800609,16.302567247060225,1.7818010407485119,0.04969483088986656,1.7462515002788017,1.817350581218222,1.7049354583441856,1.840803974888317,18.773625315248644,0.07829450010168587,18.717616803898864,18.829633826598425,18.66767800155958,18.88719249997386,8.532288009084722,0.10879059498529943,8.454463905653828,8.610112112515615,8.393739646667056,8.670726075411881,12.57905251411908,0.1616665111472867,12.463403258900481,12.69470176933768,12.361908800107658,12.796312504197672,11.524815826662689,0.14973456889889902,11.4177021687335,11.631929484591877,11.336338428647908,11.736805772063784,0.002450831220061989,0.0003488057544452221,0.0022013106147660633,0.002700351825357915,0.0019813092890015966,0.002960646191415422,0.00037039144287665,0.00012408054644111007,0.0002816295670793939,0.00045915331867390607,0.00024038461538461537,0.0005815695645577302,1.0,0.0,10,10,0.7224598312333834,1.0,1.0,1.0,376.8184561000453,50.052714393558205,341.0129011944249,412.6240110056657,313.82301700004973,428.22451040110536
support_edge_radial_speed_mps,1.8,SA-MNEC physical [approximate academic reference],scientific_controlled,10,10,0.0,-0.40683007676491056,0.6777392191251037,-0.8916555076350359,0.07799535410521469,-1.3466446254308648,0.31683764909534556,0.009392149696449067,0.001397530654877213,0.008392416491131961,0.010391882901766174,0.007718879250224202,0.010969035713208897,-0.21813590743227912,0.0045446484356221175,-0.22138695307605646,-0.21488486178850177,-0.22499577062106127,-0.2137390982002126,24.182195003912934,0.04417865599830736,24.15059149724662,24.21379851057925,24.12222463924302,24.237456913924824,35.549530454596706,0.09445904338096683,35.48195852557971,35.617102383613705,35.430424732664754,35.689435235485114,34.51989782380913,0.07650434057252416,34.46516991544138,34.574625732176884,34.41378525366372,34.61875581711357,0.14387977834131677,0.0006261032507774374,0.1434318910570023,0.14432766562563124,0.14319094580633043,0.14484681130834978,0.004440714610832954,4.504220490198681e-05,0.004408493358494722,0.0044729358631711855,0.004368741465634957,0.004484619177666515,1.0,0.0,10,10,0.7224598312333834,1.0,1.0,1.0,7804.634152499602,445.4455100946182,7485.981630605453,8123.286674393752,7068.81894964863,8271.167209200212
support_edge_radial_speed_mps,1.8,Shrinkage-SMI/MVDR global,scientific_controlled,10,10,0.0,-0.3309012077219021,0.5875011005218995,-0.7511741772645205,0.08937176182071627,-1.171623186417657,0.27714614425739437,-0.012488772273468018,6.793664462252991e-05,-0.012537371221369406,-0.01244017332556663,-0.012597947818450432,-0.012410286304194525,-0.6153364466194383,0.007701527560521179,-0.6208457875466284,-0.6098271056922482,-0.6256698721283086,-0.6046397552280455,24.63926855381763,0.04584061027847326,24.606476156679538,24.67206095095572,24.573298983617562,24.695475481240443,36.0125867103983,0.09926668727271215,35.941575600121745,36.08359782067486,35.88938693563907,36.15613954730113,34.91836932306952,0.07781826483942368,34.86270148990348,34.97403715623556,34.809544726471145,35.02260842196998,0.14889790551329013,0.0006955800073206961,0.14840031755137575,0.1493954934752045,0.1480515638207946,0.14991753545599698,0.004379456835078137,3.33893845376431e-05,0.004355571508261949,0.004403342161894325,0.004325974814140494,0.004417387346381429,1.0,0.0,10,10,0.7224598312333834,1.0,1.0,1.0,4179.396272599843,163.9108898940985,4062.1414855450257,4296.65105965466,3884.562892899612,4325.8156477007105
support_edge_radial_speed_mps,1.8,Shrinkage-SMI/MVDR local,scientific_controlled,10,10,0.0,0.9732156933433813,0.8957445151124374,0.33243866844352044,1.6139927182432423,-0.29733020839515056,2.001943818424426,-0.012689336138231828,3.5269956603894836e-05,-0.012714566745262845,-0.012664105531200811,-0.012743808156675729,-0.012652040291795407,-0.07670433912441174,0.004321964517664794,-0.07979608628962255,-0.07361259195920093,-0.08290149250265408,-0.0709869928833238,23.897807636173955,0.0457942681414046,23.865048390203654,23.930566882144255,23.82855382330916,23.95097432978773,35.35550996848771,0.09767095576279623,35.285640375766896,35.42537956120852,35.23795867742835,35.50282072433694,34.39246639964183,0.07935009282099398,34.335702762750365,34.4492300365333,34.28205393417968,34.4972106161017,0.13886183901568516,0.0006576520722118148,0.13839138306408136,0.13933229496728897,0.1380619892927585,0.13986061801446417,0.0045306099226217564,5.1532554523523515e-05,0.004493745753859385,0.004567474091384128,0.00445645577302382,0.0045858936428463054,1.0,0.0,10,10,0.7224598312333834,1.0,1.0,1.0,1659.150394399876,179.15722535238194,1530.9890359837398,1787.3117528160121,1453.1810446499549,1915.7754338489212
support_edge_radial_speed_mps,2.0,Corrected JDL physical,scientific_controlled,10,10,0.0,18.855713700855244,0.8473060833581043,18.249587442626794,19.461839959083694,17.720439837178517,19.93646996353502,2.9397655439573045,0.09071505966147038,2.8748718995500107,3.0046591883645983,2.8100852455320804,3.050429489304565,-2.368351293953651,0.014864789839328376,-2.3789849240214953,-2.3577176638858064,-2.3889275782222232,-2.348607003255956,26.17226312182087,0.04240580450193522,26.1419278367158,26.202598406925937,26.112013584593566,26.221960971889896,37.97916511219258,0.07973913894183397,37.92212316847182,38.036207055913344,37.86348567432742,38.0860808158129,36.74632353560686,0.07109273278648721,36.69546685824143,36.79718021297229,36.65094819191899,36.829025351575844,0.15558448389217622,0.0006500491947664317,0.15511946671145846,0.15604950107289398,0.15475213675213675,0.15646022353714661,0.004317250796540737,4.006414932259519e-05,0.004288590630639689,0.004345910962441785,0.004273535882263693,0.004374336216052192,1.0,0.0,10,10,0.7224598312333834,1.0,1.0,1.0,4031.0987335997197,148.09560115122838,3925.157522567544,4137.039944631895,3823.5234853999827,4224.288087950754
support_edge_radial_speed_mps,2.0,Current legacy CSI [production replay],production_replay,10,10,0.0,8.362373347538426,2.8176161068845462,6.346772207013688,10.377974488063165,4.482426261083352,12.846377338572786,4.122759829442048,0.027645276890457114,4.102983589700099,4.142536069183997,4.082739809429034,4.155134959464009,20.318689702891398,0.0750666869906148,20.26499022994191,20.372389175840887,20.220878391201907,20.437592298424594,7.08120476964459,0.08191003019179467,7.022609863875988,7.139799675413193,6.966669538429088,7.197802893501122,11.018432817189238,0.12501779844386432,10.929000471699146,11.10786516267933,10.851159402661766,11.197182754668466,10.00580532397041,0.11808241934879615,9.921334249811723,10.090276398129097,9.86777311769743,10.179194109211814,0.0007699821545975392,0.00013773249374852875,0.0006714542640135341,0.0008685100451815443,0.0006017657556119094,0.0009508781816474123,0.001989455317857685,0.00022054851915224608,0.0018316844115734226,0.002147226224141947,0.0016399256561978456,0.0022424518282506446,1.0,0.0,10,10,0.7224598312333834,1.0,1.0,1.0,239.98810760003835,15.965178965505947,228.56730657149214,251.40890862858456,217.6835511502759,262.3678974495306
support_edge_radial_speed_mps,2.0,Current legacy CSI [scientific controlled],scientific_controlled,10,10,0.0,8.36251393902956,2.8173026586844827,6.347137025839411,10.377890852219709,4.483921570734594,12.846661832324457,4.123740878352146,0.02739937717992348,4.104140544666311,4.143341212037981,4.08431376021471,4.155798900423219,20.318665561011265,0.07510356792875589,20.264939705027974,20.372391416994557,20.22084733003868,20.437583235012625,7.081394207371099,0.08172704948109587,7.02293019811756,7.1398582166246385,6.966940059177182,7.197200827922739,11.018416846968085,0.12503504514702604,10.928972163929782,11.107861530006389,10.851593654965312,11.197265915124559,10.005914396067677,0.1180486280695962,9.921467494733928,10.090361297401426,9.867972197607083,10.179262867588994,0.0007701700009392317,0.00013783649773925564,0.0006715677103822082,0.0008687722914962552,0.0006009204470742932,0.0009498450267681036,0.0019896449704142013,0.0002220878314091726,0.0018307729064764519,0.0021485170343519505,0.001638029130632681,0.0022428311333636776,1.0,0.0,10,10,0.7224598312333834,1.0,1.0,1.0,242.5087674995666,12.854379650147004,233.31329824445137,251.70423675468183,223.3299435491972,254.9482459498904
support_edge_radial_speed_mps,2.0,DL-SMI/MVDR global,scientific_controlled,10,10,0.0,-0.8093285286845202,0.7210685484062886,-1.3251498944884128,-0.2935071628806276,-1.6951616873169404,0.21184374417765997,-0.01261236820239045,6.253380725021973e-05,-0.012657102193265546,-0.012567634211515355,-0.012706713957325599,-0.012538123891403826,-0.8045954504211335,0.007957848687493052,-0.8102881524366574,-0.7989027484056095,-0.814660723325115,-0.7949575682646371,24.867284542320725,0.04773510645969022,24.833136904256005,24.901432180385445,24.80242629248904,24.924309185278346,36.21289522764313,0.09897811935694263,36.14209054641797,36.28369990886829,36.083817780875805,36.35433281246241,35.106473572355114,0.07839153137466431,35.050395649014106,35.16255149569612,34.99461419817157,35.209492777259875,0.15173382173382172,0.0007019212580836453,0.15123169751438137,0.15223594595326206,0.1508944303559688,0.1527960927960928,0.004361250189652556,5.151510235950473e-05,0.00432439850541624,0.0043981018738888725,0.0042897511758458505,0.004413783947807616,1.0,0.0,10,10,0.7224598312333834,1.0,1.0,1.0,2245.8437606997904,370.565729253643,1980.7570071502128,2510.930514249368,1810.2860725990467,2673.987775400292
support_edge_radial_speed_mps,2.0,DL-SMI/MVDR local,scientific_controlled,10,10,0.0,-0.2427286073575992,0.7661321840666488,-0.790786556140727,0.30532934142552853,-1.3223633561212922,0.8014906731190604,-0.012959202470188868,2.3254124655980214e-05,-0.012975837468854575,-0.012942567471523161,-0.012992901525471261,-0.012927218459463943,0.11925141256879956,0.0041313578301781775,0.11629601721381264,0.12220680792378649,0.11451351316304048,0.12576860910366452,23.60119662746456,0.04564030831131586,23.56854751772196,23.63384573720716,23.540971157959678,23.652850736482996,35.10192575551281,0.0894204778451298,35.03795819914822,35.1658933118774,34.9969836967892,35.23745926112878,34.20206688575592,0.0808283713997895,34.14424575207411,34.259888019437724,34.089818254408364,34.308823661386064,0.13510528787451864,0.0005934742495146486,0.13468074197159347,0.13552983377744382,0.13436244951629567,0.1360391659622429,0.00459850553785465,4.968148930879659e-05,0.0045629655413770955,0.004634045534332204,0.004524066909421939,0.004653409952966166,1.0,0.0,10,10,0.7224598312333834,1.0,1.0,1.0,1205.2295328001492,86.56099887619222,1143.3075244635597,1267.1515411367386,1086.7846273505165,1303.1154045496805
support_edge_radial_speed_mps,2.0,MNEC physical,scientific_controlled,10,10,0.0,-0.7617297918077348,0.7162431472162664,-1.2740992735461105,-0.2493603100693591,-1.6658563685090613,0.2580376779858551,-0.011422621683134643,6.513387632471265e-05,-0.011469215651378262,-0.011376027714891025,-0.011495919918218543,-0.011327031568572987,-0.22063337064116356,0.004725365240156341,-0.22401369329909523,-0.2172530479832319,-0.22768782493488315,-0.2160495095012457,24.183423054728785,0.04474511040906433,24.1514143309878,24.215431778469767,24.121495119750094,24.240657231295618,35.55887676983487,0.09374364911360603,35.49181660304754,35.625936936622196,35.43600568500011,35.6966934225193,34.523003053515716,0.07685247961144999,34.468026101482224,34.57798000554921,34.417068971232155,34.624123518185996,0.14379336902413825,0.0006410171813858921,0.14333481295656736,0.14425192509170914,0.14308058608058608,0.14478294355217433,0.004442990441511151,3.4020776625927545e-05,0.004418653444004213,0.004467327439018089,0.004391404946138674,0.004476179638901533,1.0,0.0,10,10,0.7224598312333834,1.0,1.0,1.0,2373.8621421998687,279.7303645621259,2173.755094091656,2573.9691903080816,1990.8932120996724,2701.43320294992
support_edge_radial_speed_mps,2.0,Phase-only CSI [production replay],production_replay,10,10,0.0,3.99617439724638,2.456528561043864,2.238879726310396,5.753469068182364,0.17588197038872838,7.279714936203252,4.1567435640320305,0.003773918074045914,4.154043865675073,4.159443262388988,4.152413203317768,4.162155749004065,18.579730263384185,0.08320106996241124,18.520211803399746,18.639248723368624,18.460628706849132,18.69521496140479,8.748263751435635,0.11685176964401382,8.664673031042135,8.831854471829136,8.609510510655054,8.90669227019329,12.845489798268414,0.16388793475333266,12.728251432332073,12.962728164204755,12.631816378298607,13.090021762549275,11.758718535642902,0.15875618994606747,11.645151198794283,11.872285872491522,11.56308522905054,11.993462372688493,0.0029039165962242886,0.00041799781173306865,0.002604898974906957,0.0032029342175416203,0.0023348361040668735,0.0035113177420869725,0.0002943407677135488,0.00013090392871722666,0.00020069773828277525,0.00038798379714432234,0.00014802382036109847,0.0004955621301775148,1.0,0.0,10,10,0.7224598312333834,1.0,1.0,1.0,235.58907930018904,16.530051005863204,223.76419315656537,247.4139654438127,215.071667850043,259.4253029000356
support_edge_radial_speed_mps,2.0,Phase-only CSI [scientific controlled],scientific_controlled,10,10,0.0,3.996552586478482,2.456210273147186,2.2394856049874834,5.753619567969481,0.1771605604162984,7.280174829752094,4.157726721010599,0.003684758616477617,4.155090803487348,4.16036263853385,4.153676088917123,4.162999651339707,18.57971037341853,0.08322495213479524,18.520174829157146,18.63924591767991,18.460610363558903,18.695200094574467,8.748046617705402,0.11710082381258702,8.664277734692444,8.83181550071836,8.60853034202565,8.906691972030245,12.845623966027148,0.16347029292940002,12.728684363053793,12.962563569000503,12.632978481019578,13.090510826706248,11.758785775654472,0.1587358097818227,11.64523301789709,11.872338533411854,11.563236390762462,11.99348077768281,0.0029046679815910585,0.00041903729079591597,0.0026049067617474734,0.0032044292014346437,0.0023346482577251805,0.0035131962055038974,0.00029301319981793353,0.0001298446901883463,0.00020012790398389884,0.0003858984956519682,0.0001471703838567744,0.0004926225155515095,1.0,0.0,10,10,0.7224598312333834,1.0,1.0,1.0,233.30219729996315,14.640441349086764,222.8290564739642,243.77533812596212,210.94009444996118,250.85054615092304
support_edge_radial_speed_mps,2.0,Row complex LS / Wiener [scientific controlled],scientific_controlled,10,10,0.0,2.858721197700312,2.2728347619878324,1.232833154508961,4.484609240891663,-0.4674195332490047,6.127502992859953,1.702467416218268,0.0791054178646953,1.6458788092465166,1.7590560231900194,1.5647241332481518,1.7880687166488036,18.775203803489582,0.07810580915015924,18.719330273515073,18.83107733346409,18.669689807340763,18.88859226844867,8.526628860251249,0.1077204095061718,8.449570321393553,8.603687399108944,8.389973713686459,8.661728876960487,12.56688341222699,0.15869780049180324,12.453357844677715,12.680408979776264,12.352243568561754,12.778298420684457,11.510984041352277,0.14860488243021022,11.404678512440084,11.61728957026447,11.322833236583836,11.719999366676408,0.00241626749319057,0.00034595252756764675,0.002168787963445911,0.0026637470229352294,0.0019381985535831688,0.002914717760871607,0.00036071916249431045,0.00012177144828191321,0.00027360911601187433,0.00044782920897674656,0.00023867774237596722,0.0005658284023668639,1.0,0.0,10,10,0.7224598312333834,1.0,1.0,1.0,233.35584700016625,13.213840090837373,223.90323523636835,242.80845876396415,211.68988185036142,246.74813430083304
support_edge_radial_speed_mps,2.0,Row complex LS / Wiener robust IRLS [scientific controlled],scientific_controlled,10,10,0.0,2.945315829092197,2.3019204680188645,1.298621125225578,4.592010532958816,-0.4757473371917554,6.191155413460324,1.8263128650387532,0.061018684831945835,1.7826627274490092,1.8699630026284972,1.7235348647810036,1.8883511518404763,18.773625315248644,0.07829450010168587,18.717616803898864,18.829633826598425,18.66767800155958,18.88719249997386,8.532288009084722,0.10879059498529943,8.454463905653828,8.610112112515615,8.393739646667056,8.670726075411881,12.57905251411908,0.1616665111472867,12.463403258900481,12.69470176933768,12.361908800107658,12.796312504197672,11.524815826662689,0.14973456889889902,11.4177021687335,11.631929484591877,11.336338428647908,11.736805772063784,0.002450831220061989,0.0003488057544452221,0.0022013106147660633,0.002700351825357915,0.0019813092890015966,0.002960646191415422,0.00037039144287665,0.00012408054644111007,0.0002816295670793939,0.00045915331867390607,0.00024038461538461537,0.0005815695645577302,1.0,0.0,10,10,0.7224598312333834,1.0,1.0,1.0,376.7856488995676,52.23857738935797,339.4164218043258,414.1548759948094,319.76311694979813,441.21304449945455
support_edge_radial_speed_mps,2.0,SA-MNEC physical [approximate academic reference],scientific_controlled,10,10,0.0,-0.8941643301833337,0.7151092669582259,-1.4057226828485399,-0.3826059775181275,-1.7669433050342527,0.09446331876935618,0.006316597912933712,0.0012829353146402264,0.00539884127565088,0.007234354550216544,0.004425049900742061,0.007668424395355729,-0.21813590743227912,0.0045446484356221175,-0.22138695307605646,-0.21488486178850177,-0.22499577062106127,-0.2137390982002126,24.182195003912934,0.04417865599830736,24.15059149724662,24.21379851057925,24.12222463924302,24.237456913924824,35.549530454596706,0.09445904338096683,35.48195852557971,35.617102383613705,35.430424732664754,35.689435235485114,34.51989782380913,0.07650434057252416,34.46516991544138,34.574625732176884,34.41378525366372,34.61875581711357,0.14387977834131677,0.0006261032507774374,0.1434318910570023,0.14432766562563124,0.14319094580633043,0.14484681130834978,0.004440714610832954,4.504220490198681e-05,0.004408493358494722,0.0044729358631711855,0.004368741465634957,0.004484619177666515,1.0,0.0,10,10,0.7224598312333834,1.0,1.0,1.0,7802.210593900418,451.899818050295,7478.940938236706,8125.48024956413,7105.745926400959,8262.671264300207
support_edge_radial_speed_mps,2.0,Shrinkage-SMI/MVDR global,scientific_controlled,10,10,0.0,-0.757151474715991,0.7230239967099359,-1.274371683968229,-0.23993126546375276,-1.6584888063861556,0.26990974493494546,-0.012595258005881748,6.267084543665789e-05,-0.012640090027969899,-0.012550425983793597,-0.012690048698809483,-0.012520005289125712,-0.6153364466194383,0.007701527560521179,-0.6208457875466284,-0.6098271056922482,-0.6256698721283086,-0.6046397552280455,24.63926855381763,0.04584061027847326,24.606476156679538,24.67206095095572,24.573298983617562,24.695475481240443,36.0125867103983,0.09926668727271215,35.941575600121745,36.08359782067486,35.88938693563907,36.15613954730113,34.91836932306952,0.07781826483942368,34.86270148990348,34.97403715623556,34.809544726471145,35.02260842196998,0.14889790551329013,0.0006955800073206961,0.14840031755137575,0.1493954934752045,0.1480515638207946,0.14991753545599698,0.004379456835078137,3.33893845376431e-05,0.004355571508261949,0.004403342161894325,0.004325974814140494,0.004417387346381429,1.0,0.0,10,10,0.7224598312333834,1.0,1.0,1.0,4198.123305699846,221.41838078929774,4039.730137886252,4356.51647351344,3806.7253080996124,4413.85059635013
support_edge_radial_speed_mps,2.0,Shrinkage-SMI/MVDR local,scientific_controlled,10,10,0.0,-0.25232347483097256,0.7644936869667622,-0.7992093133982308,0.2945623637362857,-1.3284104147935478,0.7897678496527206,-0.012839872227710719,2.4731073224519416e-05,-0.012857563771734741,-0.012822180683686697,-0.012876679575410742,-0.012807241608675433,-0.07670433912441174,0.004321964517664794,-0.07979608628962255,-0.07361259195920093,-0.08290149250265408,-0.0709869928833238,23.897807636173955,0.0457942681414046,23.865048390203654,23.930566882144255,23.82855382330916,23.95097432978773,35.35550996848771,0.09767095576279623,35.285640375766896,35.42537956120852,35.23795867742835,35.50282072433694,34.39246639964183,0.07935009282099398,34.335702762750365,34.4492300365333,34.28205393417968,34.4972106161017,0.13886183901568516,0.0006576520722118148,0.13839138306408136,0.13933229496728897,0.1380619892927585,0.13986061801446417,0.0045306099226217564,5.1532554523523515e-05,0.004493745753859385,0.004567474091384128,0.00445645577302382,0.0045858936428463054,1.0,0.0,10,10,0.7224598312333834,1.0,1.0,1.0,1709.5086340999842,229.89910802762637,1545.0487194885252,1873.9685487114432,1450.8724545004952,2034.6042212503562
support_edge_radial_speed_mps,2.2,Corrected JDL physical,scientific_controlled,10,10,0.0,18.919144017110444,0.7991782298742235,18.34744635124278,19.490841682978107,18.0354104988662,20.119878497456238,3.0268656974510564,0.09154613620327332,2.9613775367001667,3.092353858201946,2.894024611336274,3.138443073293115,-2.368351293953651,0.014864789839328376,-2.3789849240214953,-2.3577176638858064,-2.3889275782222232,-2.348607003255956,26.17226312182087,0.04240580450193522,26.1419278367158,26.202598406925937,26.112013584593566,26.221960971889896,37.97916511219258,0.07973913894183397,37.92212316847182,38.036207055913344,37.86348567432742,38.0860808158129,36.74632353560686,0.07109273278648721,36.69546685824143,36.79718021297229,36.65094819191899,36.829025351575844,0.15558448389217622,0.0006500491947664317,0.15511946671145846,0.15604950107289398,0.15475213675213675,0.15646022353714661,0.004317250796540737,4.006414932259519e-05,0.004288590630639689,0.004345910962441785,0.004273535882263693,0.004374336216052192,1.0,0.0,10,10,0.7224598312333834,1.0,1.0,1.0,3730.4828498998177,260.9865579574014,3543.784313291076,3917.181386508559,3468.545255049412,4069.9410895003894
support_edge_radial_speed_mps,2.2,Current legacy CSI [production replay],production_replay,10,10,0.0,6.0217870154159145,1.0698645807151685,5.2564519991134695,6.78712203171836,4.7245506534928845,7.39501232725678,4.161210083259998,0.5042717116211491,3.8004758318499285,4.521944334670067,3.419761105746076,4.49853722935708,20.318692005710634,0.07506244242278615,20.26499556914205,20.372388442279217,20.22088629406675,20.437576182864525,7.081122908369318,0.08194544727748712,7.022502666743875,7.139743149994762,6.966561766974565,7.197807319636358,11.018683087580513,0.12534869468437945,10.929014033179598,11.108352141981428,10.850940421563545,11.198216878946655,10.005799544375574,0.11807235538239588,9.921335669544753,10.090263419206394,9.867759335456856,10.1791627336064,0.0007699821545975392,0.00013773249374852875,0.0006714542640135341,0.0008685100451815443,0.0006017657556119094,0.0009508781816474123,0.0019896449704142013,0.00022076667296873841,0.0018317180062907405,0.002147571934537662,0.001640968745258686,0.0022434949173114854,1.0,0.0,10,10,0.7224598312333834,1.0,1.0,1.0,224.95344199978717,22.336234282466936,208.97506255172672,240.93182144784762,199.23599685025692,259.30036360023223
support_edge_radial_speed_mps,2.2,Current legacy CSI [scientific controlled],scientific_controlled,10,10,0.0,6.022319078010608,1.0697660877559327,5.257054519326745,6.787583636694471,4.725915947440952,7.39564082815809,4.16195229963075,0.5044004614874441,3.80112594611468,4.52277865314682,3.4205327859217904,4.4998105580441985,20.318665561011265,0.07510356792875589,20.264939705027974,20.372391416994557,20.22084733003868,20.437583235012625,7.081394207371099,0.08172704948109587,7.02293019811756,7.1398582166246385,6.966940059177182,7.197200827922739,11.018416846968085,0.12503504514702604,10.928972163929782,11.107861530006389,10.851593654965312,11.197265915124559,10.005914396067677,0.1180486280695962,9.921467494733928,10.090361297401426,9.867972197607083,10.179262867588994,0.0007701700009392317,0.00013783649773925564,0.0006715677103822082,0.0008687722914962552,0.0006009204470742932,0.0009498450267681036,0.0019896449704142013,0.0002220878314091726,0.0018307729064764519,0.0021485170343519505,0.001638029130632681,0.0022428311333636776,1.0,0.0,10,10,0.7224598312333834,1.0,1.0,1.0,241.02835220000998,25.970773894603724,222.44997974026654,259.6067246597534,213.31128904985235,283.92229010005394
support_edge_radial_speed_mps,2.2,DL-SMI/MVDR global,scientific_controlled,10,10,0.0,-0.828962061752199,0.690959872603524,-1.323244978389983,-0.33467914511441516,-1.6229192728549686,0.14615973108635674,-0.012414325000998273,6.17311782561305e-05,-0.012458484825679489,-0.012370165176317057,-0.012500844612943016,-0.012335678883745,-0.8045954504211335,0.007957848687493052,-0.8102881524366574,-0.7989027484056095,-0.814660723325115,-0.7949575682646371,24.867284542320725,0.04773510645969022,24.833136904256005,24.901432180385445,24.80242629248904,24.924309185278346,36.21289522764313,0.09897811935694263,36.14209054641797,36.28369990886829,36.083817780875805,36.35433281246241,35.106473572355114,0.07839153137466431,35.050395649014106,35.16255149569612,34.99461419817157,35.209492777259875,0.15173382173382172,0.0007019212580836453,0.15123169751438137,0.15223594595326206,0.1508944303559688,0.1527960927960928,0.004361250189652556,5.151510235950473e-05,0.00432439850541624,0.0043981018738888725,0.0042897511758458505,0.004413783947807616,1.0,0.0,10,10,0.7224598312333834,1.0,1.0,1.0,2008.3898842993221,460.09709516791355,1679.2562498391023,2337.5235187595417,1488.4366736496304,2588.745608399313
support_edge_radial_speed_mps,2.2,DL-SMI/MVDR local,scientific_controlled,10,10,0.0,-0.5246370089553235,0.7080277520216798,-1.031129551005709,-0.018144466904937984,-1.4893252840579858,0.5052352144596504,-0.012753153705327699,2.6782331812640954e-05,-0.012772312631348731,-0.012733994779306666,-0.012797988063298568,-0.012723827445796984,0.11925141256879956,0.0041313578301781775,0.11629601721381264,0.12220680792378649,0.11451351316304048,0.12576860910366452,23.60119662746456,0.04564030831131586,23.56854751772196,23.63384573720716,23.540971157959678,23.652850736482996,35.10192575551281,0.0894204778451298,35.03795819914822,35.1658933118774,34.9969836967892,35.23745926112878,34.20206688575592,0.0808283713997895,34.14424575207411,34.259888019437724,34.089818254408364,34.308823661386064,0.13510528787451864,0.0005934742495146486,0.13468074197159347,0.13552983377744382,0.13436244951629567,0.1360391659622429,0.00459850553785465,4.968148930879659e-05,0.0045629655413770955,0.004634045534332204,0.004524066909421939,0.004653409952966166,1.0,0.0,10,10,0.7224598312333834,1.0,1.0,1.0,1125.8979314998214,76.26378656359492,1071.342105103626,1180.453757896017,1026.4551923496583,1204.0158219996556
support_edge_radial_speed_mps,2.2,MNEC physical,scientific_controlled,10,10,0.0,-0.7862376008123576,0.684991571533948,-1.276251052062916,-0.29622414956179927,-1.5999191760467553,0.18813554300640978,-0.011739097042707073,4.824823654889005e-05,-0.011773611751924781,-0.011704582333489364,-0.01179758655787233,-0.011668344218672508,-0.22063337064116356,0.004725365240156341,-0.22401369329909523,-0.2172530479832319,-0.22768782493488315,-0.2160495095012457,24.183423054728785,0.04474511040906433,24.1514143309878,24.215431778469767,24.121495119750094,24.240657231295618,35.55887676983487,0.09374364911360603,35.49181660304754,35.625936936622196,35.43600568500011,35.6966934225193,34.523003053515716,0.07685247961144999,34.468026101482224,34.57798000554921,34.417068971232155,34.624123518185996,0.14379336902413825,0.0006410171813858921,0.14333481295656736,0.14425192509170914,0.14308058608058608,0.14478294355217433,0.004442990441511151,3.4020776625927545e-05,0.004418653444004213,0.004467327439018089,0.004391404946138674,0.004476179638901533,1.0,0.0,10,10,0.7224598312333834,1.0,1.0,1.0,2356.5449797999463,445.8411065755787,2037.6094652311513,2675.4804943687413,1826.0066078495583,2981.045152550996
support_edge_radial_speed_mps,2.2,Phase-only CSI [production replay],production_replay,10,10,0.0,3.828864987981345,1.4435557703992246,2.796207398425988,4.861522577536702,1.788124625660125,5.759352967094264,4.192133905853066,0.5072436779288136,3.8292736378204006,4.5549941738857305,3.450131976967211,4.518287725293362,18.57973252489932,0.08319468860089822,18.520218629865912,18.63924641993273,18.460638878966748,18.69519249689844,8.748199757385054,0.11686237114391529,8.664601453135385,8.831798061634723,8.609344541978468,8.906564710649928,12.845541958257067,0.16378045472116257,12.728380478903995,12.96270343761014,12.632014129513019,13.089921167581169,11.758712206384743,0.15874813638134658,11.645150630709264,11.872273782060223,11.56311892982427,11.993428076955015,0.0029039165962242886,0.0004178636604905972,0.0026049949409247073,0.00320283825152387,0.0023348361040668735,0.003510284587207664,0.00029396146260051586,0.0001309198031868381,0.00020030707725827664,0.0003876158479427551,0.0001471703838567744,0.0004955621301775148,1.0,0.0,10,10,0.7224598312333834,1.0,1.0,1.0,226.6706633998183,20.840126308639974,211.7625351229609,241.57879167667568,202.79938920084533,253.8205745999221
support_edge_radial_speed_mps,2.2,Phase-only CSI [scientific controlled],scientific_controlled,10,10,0.0,3.829336228378298,1.4434563856501739,2.796749734389526,4.861922722367071,1.7892665864696098,5.759974545443406,4.192879612127024,0.5073655234940926,3.8299321810277713,4.5558270432262775,3.450913736960203,4.519124484044602,18.57971037341853,0.08322495213479524,18.520174829157146,18.63924591767991,18.460610363558903,18.695200094574467,8.748046617705402,0.11710082381258702,8.664277734692444,8.83181550071836,8.60853034202565,8.906691972030245,12.845623966027148,0.16347029292940002,12.728684363053793,12.962563569000503,12.632978481019578,13.090510826706248,11.758785775654472,0.1587358097818227,11.64523301789709,11.872338533411854,11.563236390762462,11.99348077768281,0.0029046679815910585,0.00041903729079591597,0.0026049067617474734,0.0032044292014346437,0.0023346482577251805,0.0035131962055038974,0.00029301319981793353,0.0001298446901883463,0.00020012790398389884,0.0003858984956519682,0.0001471703838567744,0.0004926225155515095,1.0,0.0,10,10,0.7224598312333834,1.0,1.0,1.0,217.40504059962404,20.369123228986684,202.83384762854524,231.97623357070285,197.14658909924765,248.38901554940094
support_edge_radial_speed_mps,2.2,Row complex LS / Wiener [scientific controlled],scientific_controlled,10,10,0.0,2.0921643827816636,0.9388584626607407,1.4205454977580791,2.7637832678052483,0.505034922926997,3.1285740491449165,1.6475712556548203,0.22512459193553785,1.4865268241026586,1.808615687206982,1.3130737859229098,1.8600497222209462,18.775203803489582,0.07810580915015924,18.719330273515073,18.83107733346409,18.669689807340763,18.88859226844867,8.526628860251249,0.1077204095061718,8.449570321393553,8.603687399108944,8.389973713686459,8.661728876960487,12.56688341222699,0.15869780049180324,12.453357844677715,12.680408979776264,12.352243568561754,12.778298420684457,11.510984041352277,0.14860488243021022,11.404678512440084,11.61728957026447,11.322833236583836,11.719999366676408,0.00241626749319057,0.00034595252756764675,0.002168787963445911,0.0026637470229352294,0.0019381985535831688,0.002914717760871607,0.00036071916249431045,0.00012177144828191321,0.00027360911601187433,0.00044782920897674656,0.00023867774237596722,0.0005658284023668639,1.0,0.0,10,10,0.7224598312333834,1.0,1.0,1.0,218.01754910029558,15.441448021966565,206.9714026190977,229.06369558149348,202.5508399501632,241.89371869997558
support_edge_radial_speed_mps,2.2,Row complex LS / Wiener robust IRLS [scientific controlled],scientific_controlled,10,10,0.0,2.182252171097222,0.9674927459554042,1.4901495537703575,2.8743547884240863,0.5270884346673583,3.2039175051311855,1.7564258732963214,0.23610216340572565,1.587528560181821,1.9253231864108218,1.4145365774105931,1.9764312104270534,18.773625315248644,0.07829450010168587,18.717616803898864,18.829633826598425,18.66767800155958,18.88719249997386,8.532288009084722,0.10879059498529943,8.454463905653828,8.610112112515615,8.393739646667056,8.670726075411881,12.57905251411908,0.1616665111472867,12.463403258900481,12.69470176933768,12.361908800107658,12.796312504197672,11.524815826662689,0.14973456889889902,11.4177021687335,11.631929484591877,11.336338428647908,11.736805772063784,0.002450831220061989,0.0003488057544452221,0.0022013106147660633,0.002700351825357915,0.0019813092890015966,0.002960646191415422,0.00037039144287665,0.00012408054644111007,0.0002816295670793939,0.00045915331867390607,0.00024038461538461537,0.0005815695645577302,1.0,0.0,10,10,0.7224598312333834,1.0,1.0,1.0,319.6008096003425,45.612890776772325,286.97131318042443,352.2303060202605,269.68027025068295,395.0371304010332
support_edge_radial_speed_mps,2.2,SA-MNEC physical [approximate academic reference],scientific_controlled,10,10,0.0,-0.8709420903927508,0.6922771137122621,-1.3661673045545413,-0.37571687623096034,-1.6658517464708127,0.10049397464646329,0.005858463358808992,0.0012493807434602023,0.0049647102157477545,0.006752216501870229,0.003900818925975014,0.007070056750695148,-0.21813590743227912,0.0045446484356221175,-0.22138695307605646,-0.21488486178850177,-0.22499577062106127,-0.2137390982002126,24.182195003912934,0.04417865599830736,24.15059149724662,24.21379851057925,24.12222463924302,24.237456913924824,35.549530454596706,0.09445904338096683,35.48195852557971,35.617102383613705,35.430424732664754,35.689435235485114,34.51989782380913,0.07650434057252416,34.46516991544138,34.574625732176884,34.41378525366372,34.61875581711357,0.14387977834131677,0.0006261032507774374,0.1434318910570023,0.14432766562563124,0.14319094580633043,0.14484681130834978,0.004440714610832954,4.504220490198681e-05,0.004408493358494722,0.0044729358631711855,0.004368741465634957,0.004484619177666515,1.0,0.0,10,10,0.7224598312333834,1.0,1.0,1.0,7067.437913699723,796.7478179035909,6497.478859819685,7637.396967579762,6202.729194000585,8333.55036765006
support_edge_radial_speed_mps,2.2,Shrinkage-SMI/MVDR global,scientific_controlled,10,10,0.0,-0.7988043136945532,0.6919129746399394,-1.2937690384562122,-0.30383958893289426,-1.608677956747701,0.18385936085013665,-0.012398905833857773,6.213872490157066e-05,-0.012443357199846322,-0.012354454467869223,-0.01248583670324682,-0.01231952548488876,-0.6153364466194383,0.007701527560521179,-0.6208457875466284,-0.6098271056922482,-0.6256698721283086,-0.6046397552280455,24.63926855381763,0.04584061027847326,24.606476156679538,24.67206095095572,24.573298983617562,24.695475481240443,36.0125867103983,0.09926668727271215,35.941575600121745,36.08359782067486,35.88938693563907,36.15613954730113,34.91836932306952,0.07781826483942368,34.86270148990348,34.97403715623556,34.809544726471145,35.02260842196998,0.14889790551329013,0.0006955800073206961,0.14840031755137575,0.1493954934752045,0.1480515638207946,0.14991753545599698,0.004379456835078137,3.33893845376431e-05,0.004355571508261949,0.004403342161894325,0.004325974814140494,0.004417387346381429,1.0,0.0,10,10,0.7224598312333834,1.0,1.0,1.0,4109.601813199879,278.1356623735186,3910.635546315304,4308.568080084454,3859.7345275007683,4450.742572650051
support_edge_radial_speed_mps,2.2,Shrinkage-SMI/MVDR local,scientific_controlled,10,10,0.0,-0.5296619030929552,0.7068534469083169,-1.0353143978707422,-0.02400940831516829,-1.4908070854862192,0.4980950645750222,-0.012648069652347549,2.9426704510931526e-05,-0.012669120248640349,-0.012627019056054749,-0.012699295450964536,-0.01261877922002476,-0.07670433912441174,0.004321964517664794,-0.07979608628962255,-0.07361259195920093,-0.08290149250265408,-0.0709869928833238,23.897807636173955,0.0457942681414046,23.865048390203654,23.930566882144255,23.82855382330916,23.95097432978773,35.35550996848771,0.09767095576279623,35.285640375766896,35.42537956120852,35.23795867742835,35.50282072433694,34.39246639964183,0.07935009282099398,34.335702762750365,34.4492300365333,34.28205393417968,34.4972106161017,0.13886183901568516,0.0006576520722118148,0.13839138306408136,0.13933229496728897,0.1380619892927585,0.13986061801446417,0.0045306099226217564,5.1532554523523515e-05,0.004493745753859385,0.004567474091384128,0.00445645577302382,0.0045858936428463054,1.0,0.0,10,10,0.7224598312333834,1.0,1.0,1.0,1685.4508418999103,251.13911597971003,1505.7967409163728,1865.1049428834478,1371.3375725008518,2043.0108047497015
support_edge_radial_speed_mps,2.4,Corrected JDL physical,scientific_controlled,10,10,0.0,19.337091688205298,0.8113328163315343,18.756699154975788,19.91748422143481,18.53165868031616,20.560158004677604,3.1181869442164567,0.1037365329482066,3.0439782989671644,3.192395589465749,2.9971646217944214,3.238037871967653,-2.368351293953651,0.014864789839328376,-2.3789849240214953,-2.3577176638858064,-2.3889275782222232,-2.348607003255956,26.17226312182087,0.04240580450193522,26.1419278367158,26.202598406925937,26.112013584593566,26.221960971889896,37.97916511219258,0.07973913894183397,37.92212316847182,38.036207055913344,37.86348567432742,38.0860808158129,36.74632353560686,0.07109273278648721,36.69546685824143,36.79718021297229,36.65094819191899,36.829025351575844,0.15558448389217622,0.0006500491947664317,0.15511946671145846,0.15604950107289398,0.15475213675213675,0.15646022353714661,0.004317250796540737,4.006414932259519e-05,0.004288590630639689,0.004345910962441785,0.004273535882263693,0.004374336216052192,1.0,0.0,10,10,0.7224598312333834,1.0,1.0,1.0,3930.058669599748,127.4848679619823,3838.861488892282,4021.255850307214,3712.244125599682,4050.916873499318
support_edge_radial_speed_mps,2.4,Current legacy CSI [production replay],production_replay,10,10,0.0,0.0,0.0,0.0,0.0,0.0,0.0,0.0,0.0,0.0,0.0,0.0,0.0,20.318695020670198,0.07506530562430484,20.264996535890635,20.37239350544976,20.22087492102874,20.43757895662353,7.081196117840086,0.08166541649252296,7.02277619817056,7.1396160375096125,6.966885064146159,7.197405451408518,11.018369666658474,0.12550179438514147,10.928591091329313,11.108148241987635,10.850886233313858,11.198432345088312,10.005837946696975,0.1180815123025176,9.921367521400107,10.090308371993842,9.867832708692823,10.179241925478262,0.0007701700009392317,0.00013862500030051728,0.0006710036496296088,0.0008693363522488546,0.0006007326007326007,0.0009529444914060299,0.001988507055075102,0.0002214098272644954,0.001830120006084546,0.002146894104065658,0.0016373653466848733,0.0022443483538158093,1.0,0.0,10,10,0.7224598312333834,1.0,1.0,1.0,238.2101598994268,23.24317805292315,221.58299196181423,254.83732783703937,203.9349116997073,264.3465559989636
support_edge_radial_speed_mps,2.4,Current legacy CSI [scientific controlled],scientific_controlled,10,10,0.0,0.0,0.0,0.0,0.0,0.0,0.0,0.0,0.0,0.0,0.0,0.0,0.0,20.318665561011265,0.07510356792875589,20.264939705027974,20.372391416994557,20.22084733003868,20.437583235012625,7.081394207371099,0.08172704948109587,7.02293019811756,7.1398582166246385,6.966940059177182,7.197200827922739,11.018416846968085,0.12503504514702604,10.928972163929782,11.107861530006389,10.851593654965312,11.197265915124559,10.005914396067677,0.1180486280695962,9.921467494733928,10.090361297401426,9.867972197607083,10.179262867588994,0.0007701700009392317,0.00013783649773925564,0.0006715677103822082,0.0008687722914962552,0.0006009204470742932,0.0009498450267681036,0.0019896449704142013,0.0002220878314091726,0.0018307729064764519,0.0021485170343519505,0.001638029130632681,0.0022428311333636776,1.0,0.0,10,10,0.7224598312333834,1.0,1.0,1.0,236.80803649967856,22.70292150261629,220.5673448163413,253.04872818301584,206.6103229001783,265.8558130498932
support_edge_radial_speed_mps,2.4,DL-SMI/MVDR global,scientific_controlled,10,10,0.0,-0.822635815095602,0.6564191925297814,-1.2922098177045989,-0.3530618124866051,-1.5224961729148545,0.1177511895265625,-0.011952937100585889,0.00011513005057872394,-0.012035296177355837,-0.01187057802381594,-0.012106699945155551,-0.011811509748884797,-0.8045954504211335,0.007957848687493052,-0.8102881524366574,-0.7989027484056095,-0.814660723325115,-0.7949575682646371,24.867284542320725,0.04773510645969022,24.833136904256005,24.901432180385445,24.80242629248904,24.924309185278346,36.21289522764313,0.09897811935694263,36.14209054641797,36.28369990886829,36.083817780875805,36.35433281246241,35.106473572355114,0.07839153137466431,35.050395649014106,35.16255149569612,34.99461419817157,35.209492777259875,0.15173382173382172,0.0007019212580836453,0.15123169751438137,0.15223594595326206,0.1508944303559688,0.1527960927960928,0.004361250189652556,5.151510235950473e-05,0.00432439850541624,0.0043981018738888725,0.0042897511758458505,0.004413783947807616,1.0,0.0,10,10,0.7224598312333834,1.0,1.0,1.0,1983.0018592003398,386.3442442040799,1706.6278360144977,2259.3758823861817,1550.7450750003045,2465.9064566505544
support_edge_radial_speed_mps,2.4,DL-SMI/MVDR local,scientific_controlled,10,10,0.0,-0.6680256259056907,0.6659633627435555,-1.1444271165891775,-0.19162413522220384,-1.5034163301680477,0.2917651385588149,-0.012278777000595775,9.578749290085193e-05,-0.012347299245151098,-0.012210254756040451,-0.01242602721448746,-0.012191897777542107,0.11925141256879956,0.0041313578301781775,0.11629601721381264,0.12220680792378649,0.11451351316304048,0.12576860910366452,23.60119662746456,0.04564030831131586,23.56854751772196,23.63384573720716,23.540971157959678,23.652850736482996,35.10192575551281,0.0894204778451298,35.03795819914822,35.1658933118774,34.9969836967892,35.23745926112878,34.20206688575592,0.0808283713997895,34.14424575207411,34.259888019437724,34.089818254408364,34.308823661386064,0.13510528787451864,0.0005934742495146486,0.13468074197159347,0.13552983377744382,0.13436244951629567,0.1360391659622429,0.00459850553785465,4.968148930879659e-05,0.0045629655413770955,0.004634045534332204,0.004524066909421939,0.004653409952966166,1.0,0.0,10,10,0.7224598312333834,1.0,1.0,1.0,1156.236692099992,77.84862960565228,1100.5471372887305,1211.9262469112537,1036.892605000321,1260.1436816503337
support_edge_radial_speed_mps,2.4,MNEC physical,scientific_controlled,10,10,0.0,-0.7927125418019034,0.6498907852066661,-1.25761640314711,-0.32780868045669675,-1.5097708256290168,0.12929753108157702,-0.011560588627268508,8.948236191686571e-05,-0.011624600452831185,-0.011496576801705832,-0.011683778996867511,-0.011453618711853996,-0.22063337064116356,0.004725365240156341,-0.22401369329909523,-0.2172530479832319,-0.22768782493488315,-0.2160495095012457,24.183423054728785,0.04474511040906433,24.1514143309878,24.215431778469767,24.121495119750094,24.240657231295618,35.55887676983487,0.09374364911360603,35.49181660304754,35.625936936622196,35.43600568500011,35.6966934225193,34.523003053515716,0.07685247961144999,34.468026101482224,34.57798000554921,34.417068971232155,34.624123518185996,0.14379336902413825,0.0006410171813858921,0.14333481295656736,0.14425192509170914,0.14308058608058608,0.14478294355217433,0.004442990441511151,3.4020776625927545e-05,0.004418653444004213,0.004467327439018089,0.004391404946138674,0.004476179638901533,1.0,0.0,10,10,0.7224598312333834,1.0,1.0,1.0,2480.6551909998234,405.5253714202431,2190.5598159949795,2770.7505660046672,1999.0944525503437,2979.178340049293
support_edge_radial_speed_mps,2.4,Phase-only CSI [production replay],production_replay,10,10,0.0,0.0,0.0,0.0,0.0,0.0,0.0,0.0,0.0,0.0,0.0,0.0,0.0,18.579725227213,0.08319967143329415,18.520207767676023,18.639242686749977,18.460616269667664,18.69519042839458,8.748188044038528,0.11698095732734423,8.664504908343588,8.831871179733469,8.609044206896497,8.906789386293916,12.845796779817931,0.16381780104016852,12.728608584517644,12.962984975118218,12.632088469684385,13.090216126024451,11.758757976498064,0.1587590484841113,11.645188594774513,11.872327358221614,11.563158083093201,11.9935180590362,0.0029044801352493656,0.0004189341234248736,0.00260479271689713,0.003204167553601601,0.0023348361040668735,0.003514229360383206,0.00029358215748748293,0.0001305278735300495,0.00020020814173189475,0.0003869561732430711,0.00014612729479593383,0.0004926225155515095,1.0,0.0,10,10,0.7224598312333834,1.0,1.0,1.0,222.3106009996627,25.07946444664478,204.36983290890228,240.25136909042314,192.69545999932234,260.4783638497792
support_edge_radial_speed_mps,2.4,Phase-only CSI [scientific controlled],scientific_controlled,10,10,0.0,0.0,0.0,0.0,0.0,0.0,0.0,0.0,0.0,0.0,0.0,0.0,0.0,18.57971037341853,0.08322495213479524,18.520174829157146,18.63924591767991,18.460610363558903,18.695200094574467,8.748046617705402,0.11710082381258702,8.664277734692444,8.83181550071836,8.60853034202565,8.906691972030245,12.845623966027148,0.16347029292940002,12.728684363053793,12.962563569000503,12.632978481019578,13.090510826706248,11.758785775654472,0.1587358097818227,11.64523301789709,11.872338533411854,11.563236390762462,11.99348077768281,0.0029046679815910585,0.00041903729079591597,0.0026049067617474734,0.0032044292014346437,0.0023346482577251805,0.0035131962055038974,0.00029301319981793353,0.0001298446901883463,0.00020012790398389884,0.0003858984956519682,0.0001471703838567744,0.0004926225155515095,1.0,0.0,10,10,0.7224598312333834,1.0,1.0,1.0,237.4729455998022,15.77057708615373,226.19135436957174,248.75453683003263,214.1681962992152,253.7762987496535
support_edge_radial_speed_mps,2.4,Row complex LS / Wiener [scientific controlled],scientific_controlled,10,10,0.0,0.0,0.0,0.0,0.0,0.0,0.0,0.0,0.0,0.0,0.0,0.0,0.0,18.775203803489582,0.07810580915015924,18.719330273515073,18.83107733346409,18.669689807340763,18.88859226844867,8.526628860251249,0.1077204095061718,8.449570321393553,8.603687399108944,8.389973713686459,8.661728876960487,12.56688341222699,0.15869780049180324,12.453357844677715,12.680408979776264,12.352243568561754,12.778298420684457,11.510984041352277,0.14860488243021022,11.404678512440084,11.61728957026447,11.322833236583836,11.719999366676408,0.00241626749319057,0.00034595252756764675,0.002168787963445911,0.0026637470229352294,0.0019381985535831688,0.002914717760871607,0.00036071916249431045,0.00012177144828191321,0.00027360911601187433,0.00044782920897674656,0.00023867774237596722,0.0005658284023668639,1.0,0.0,10,10,0.7224598312333834,1.0,1.0,1.0,233.85278949972417,18.588657652970358,220.555264874349,247.15031412509933,209.4855110507524,260.03467804957836
support_edge_radial_speed_mps,2.4,Row complex LS / Wiener robust IRLS [scientific controlled],scientific_controlled,10,10,0.0,0.0,0.0,0.0,0.0,0.0,0.0,0.0,0.0,0.0,0.0,0.0,0.0,18.773625315248644,0.07829450010168587,18.717616803898864,18.829633826598425,18.66767800155958,18.88719249997386,8.532288009084722,0.10879059498529943,8.454463905653828,8.610112112515615,8.393739646667056,8.670726075411881,12.57905251411908,0.1616665111472867,12.463403258900481,12.69470176933768,12.361908800107658,12.796312504197672,11.524815826662689,0.14973456889889902,11.4177021687335,11.631929484591877,11.336338428647908,11.736805772063784,0.002450831220061989,0.0003488057544452221,0.0022013106147660633,0.002700351825357915,0.0019813092890015966,0.002960646191415422,0.00037039144287665,0.00012408054644111007,0.0002816295670793939,0.00045915331867390607,0.00024038461538461537,0.0005815695645577302,1.0,0.0,10,10,0.7224598312333834,1.0,1.0,1.0,422.2385470999143,148.38802862902037,316.0881460519952,528.3889481478334,284.14069855043635,638.4674944006292
support_edge_radial_speed_mps,2.4,SA-MNEC physical [approximate academic reference],scientific_controlled,10,10,0.0,-0.8507039787861906,0.6614431162157649,-1.323871879899187,-0.37753607767319414,-1.553512226731145,0.10805005302323467,0.005715230417654772,0.0012704689850682011,0.004806391655323796,0.0066240691799857475,0.003746105430713918,0.007002289244935661,-0.21813590743227912,0.0045446484356221175,-0.22138695307605646,-0.21488486178850177,-0.22499577062106127,-0.2137390982002126,24.182195003912934,0.04417865599830736,24.15059149724662,24.21379851057925,24.12222463924302,24.237456913924824,35.549530454596706,0.09445904338096683,35.48195852557971,35.617102383613705,35.430424732664754,35.689435235485114,34.51989782380913,0.07650434057252416,34.46516991544138,34.574625732176884,34.41378525366372,34.61875581711357,0.14387977834131677,0.0006261032507774374,0.1434318910570023,0.14432766562563124,0.14319094580633043,0.14484681130834978,0.004440714610832954,4.504220490198681e-05,0.004408493358494722,0.0044729358631711855,0.004368741465634957,0.004484619177666515,1.0,0.0,10,10,0.7224598312333834,1.0,1.0,1.0,7599.801441000091,598.6315688121716,7171.566214098981,8028.0366679012,6793.061420600134,8277.976802200465
support_edge_radial_speed_mps,2.4,Shrinkage-SMI/MVDR global,scientific_controlled,10,10,0.0,-0.8062075446392463,0.6568223053097102,-1.2760699167592633,-0.33634517251922935,-1.5200013655968507,0.12640828195521514,-0.011937705571678734,0.0001156123646172889,-0.012020409675127032,-0.011855001468230436,-0.01209165274534453,-0.011795511280990911,-0.6153364466194383,0.007701527560521179,-0.6208457875466284,-0.6098271056922482,-0.6256698721283086,-0.6046397552280455,24.63926855381763,0.04584061027847326,24.606476156679538,24.67206095095572,24.573298983617562,24.695475481240443,36.0125867103983,0.09926668727271215,35.941575600121745,36.08359782067486,35.88938693563907,36.15613954730113,34.91836932306952,0.07781826483942368,34.86270148990348,34.97403715623556,34.809544726471145,35.02260842196998,0.14889790551329013,0.0006955800073206961,0.14840031755137575,0.1493954934752045,0.1480515638207946,0.14991753545599698,0.004379456835078137,3.33893845376431e-05,0.004355571508261949,0.004403342161894325,0.004325974814140494,0.004417387346381429,1.0,0.0,10,10,0.7224598312333834,1.0,1.0,1.0,4406.376329699742,269.0929416811655,4213.878835511497,4598.873823887988,3931.7058881991215,4655.394502449144
support_edge_radial_speed_mps,2.4,Shrinkage-SMI/MVDR local,scientific_controlled,10,10,0.0,-0.6706154377249842,0.6649828031762497,-1.1463154783502518,-0.19491539709971673,-1.5026953230335591,0.2873177542434861,-0.012180607955350444,9.798681218399812e-05,-0.012250703498143473,-0.012110512412557416,-0.012331415300474595,-0.012095956081528018,-0.07670433912441174,0.004321964517664794,-0.07979608628962255,-0.07361259195920093,-0.08290149250265408,-0.0709869928833238,23.897807636173955,0.0457942681414046,23.865048390203654,23.930566882144255,23.82855382330916,23.95097432978773,35.35550996848771,0.09767095576279623,35.285640375766896,35.42537956120852,35.23795867742835,35.50282072433694,34.39246639964183,0.07935009282099398,34.335702762750365,34.4492300365333,34.28205393417968,34.4972106161017,0.13886183901568516,0.0006576520722118148,0.13839138306408136,0.13933229496728897,0.1380619892927585,0.13986061801446417,0.0045306099226217564,5.1532554523523515e-05,0.004493745753859385,0.004567474091384128,0.00445645577302382,0.0045858936428463054,1.0,0.0,10,10,0.7224598312333834,1.0,1.0,1.0,1786.182147499676,257.2843962387963,1602.1319778434781,1970.2323171558737,1484.3298051495367,2079.8869786999603
target_radial_speed_mps,0.0,Corrected JDL physical,scientific_controlled,10,10,0.0,0.5816068778951378,0.7622084236960269,0.036355818190634714,1.1268579375996408,-0.42300292610734436,1.6161566425960352,1.5246643879004738,0.03521804405232809,1.4994709168717282,1.5498578589292193,1.4872967090959774,1.5769813427411539,-2.368351293953651,0.014864789839328376,-2.3789849240214953,-2.3577176638858064,-2.3889275782222232,-2.348607003255956,26.17226312182087,0.04240580450193522,26.1419278367158,26.202598406925937,26.112013584593566,26.221960971889896,37.97916511219258,0.07973913894183397,37.92212316847182,38.036207055913344,37.86348567432742,38.0860808158129,36.74632353560686,0.07109273278648721,36.69546685824143,36.79718021297229,36.65094819191899,36.829025351575844,0.15558448389217622,0.0006500491947664317,0.15511946671145846,0.15604950107289398,0.15475213675213675,0.15646022353714661,0.004317250796540737,4.006414932259519e-05,0.004288590630639689,0.004345910962441785,0.004273535882263693,0.004374336216052192,1.0,0.0,10,10,0.7224598312333834,1.0,1.0,1.0,3762.382086099933,87.16703303901035,3700.026547039698,3824.737625160168,3638.4645521000493,3880.8497932000137
target_radial_speed_mps,0.0,Current legacy CSI [production replay],production_replay,10,10,0.0,-0.7733889941596847,2.7698321622270274,-2.754807559877609,1.2080295715582396,-4.590820314282254,2.9154667196019046,-29.40887122975524,1.1901080936478343,-30.26022327343611,-28.557519186074366,-31.291475037754164,-28.084490279341694,20.318661641573346,0.07510272029556643,20.26493639195031,20.37238689119638,20.220841826859797,20.4375765819303,7.081452541362095,0.08202225692684846,7.022777353423534,7.140127729300657,6.966633409681364,7.197809877367577,11.018392540110165,0.12491048133767617,10.929036964653118,11.107748115567212,10.851451886221348,11.197037186356127,10.005940057698187,0.11805351480181031,9.9214896606068,10.090390454789572,9.867976739162895,10.179299369950071,0.0007703578472809242,0.0001380736632951937,0.0006715858987055945,0.0008691297958562539,0.0006009204470742932,0.0009506903353057198,0.0019898346229707173,0.0002223869755797389,0.0018307485641846628,0.002148920681756772,0.001638029130632681,0.0022438742224245183,0.8,0.42163702135578396,8,10,0.49015684672072335,0.9433190520193067,0.0,1.0,212.8251499999351,5.095451812425032,209.1800833567121,216.4702166431581,207.21940914959305,220.11843789982777
target_radial_speed_mps,0.0,Current legacy CSI [scientific controlled],scientific_controlled,10,10,0.0,-0.7734369432955521,2.7699773912716323,-2.7549593996134867,1.2080855130223827,-4.590780378898073,2.915545063726539,-29.408956615057264,1.1898962876456947,-30.26015714185177,-28.557756088262757,-31.291232125279752,-28.08468656283024,20.318665561011265,0.07510356792875589,20.264939705027974,20.372391416994557,20.22084733003868,20.437583235012625,7.081394207371099,0.08172704948109587,7.02293019811756,7.1398582166246385,6.966940059177182,7.197200827922739,11.018416846968085,0.12503504514702604,10.928972163929782,11.107861530006389,10.851593654965312,11.197265915124559,10.005914396067677,0.1180486280695962,9.921467494733928,10.090361297401426,9.867972197607083,10.179262867588994,0.0007701700009392317,0.00013783649773925564,0.0006715677103822082,0.0008687722914962552,0.0006009204470742932,0.0009498450267681036,0.0019896449704142013,0.0002220878314091726,0.0018307729064764519,0.0021485170343519505,0.001638029130632681,0.0022428311333636776,0.8,0.42163702135578396,8,10,0.49015684672072335,0.9433190520193067,0.0,1.0,214.54058929975872,6.494299284415224,209.8948474570029,219.18633114251455,208.29364669971255,224.63415299962432
target_radial_speed_mps,0.0,DL-SMI/MVDR global,scientific_controlled,10,10,0.0,-0.0699741959958936,0.09019194859685731,-0.13449362929051,-0.005454762701277219,-0.18069469892693718,0.05171461967656919,-0.012435081629974063,4.531470553121171e-05,-0.012467497817519302,-0.012402665442428825,-0.012508120251638381,-0.012389688015386919,-0.8045954504211335,0.007957848687493052,-0.8102881524366574,-0.7989027484056095,-0.814660723325115,-0.7949575682646371,24.867284542320725,0.04773510645969022,24.833136904256005,24.901432180385445,24.80242629248904,24.924309185278346,36.21289522764313,0.09897811935694263,36.14209054641797,36.28369990886829,36.083817780875805,36.35433281246241,35.106473572355114,0.07839153137466431,35.050395649014106,35.16255149569612,34.99461419817157,35.209492777259875,0.15173382173382172,0.0007019212580836453,0.15123169751438137,0.15223594595326206,0.1508944303559688,0.1527960927960928,0.004361250189652556,5.151510235950473e-05,0.00432439850541624,0.0043981018738888725,0.0042897511758458505,0.004413783947807616,1.0,0.0,10,10,0.7224598312333834,1.0,1.0,1.0,2161.2903989000188,66.05400593785276,2114.0382095832224,2208.542588216815,2062.1718672002316,2238.906213400105
target_radial_speed_mps,0.0,DL-SMI/MVDR local,scientific_controlled,10,10,0.0,-0.000895895362732857,0.06834961649914964,-0.04979026554804624,0.047998474822580524,-0.09604538252824599,0.08894539371758663,-0.012593269487936182,1.5113204584260822e-05,-0.012604080823207367,-0.012582458152664996,-0.012616978674756711,-0.012573885825627493,0.11925141256879956,0.0041313578301781775,0.11629601721381264,0.12220680792378649,0.11451351316304048,0.12576860910366452,23.60119662746456,0.04564030831131586,23.56854751772196,23.63384573720716,23.540971157959678,23.652850736482996,35.10192575551281,0.0894204778451298,35.03795819914822,35.1658933118774,34.9969836967892,35.23745926112878,34.20206688575592,0.0808283713997895,34.14424575207411,34.259888019437724,34.089818254408364,34.308823661386064,0.13510528787451864,0.0005934742495146486,0.13468074197159347,0.13552983377744382,0.13436244951629567,0.1360391659622429,0.00459850553785465,4.968148930879659e-05,0.0045629655413770955,0.004634045534332204,0.004524066909421939,0.004653409952966166,1.0,0.0,10,10,0.7224598312333834,1.0,1.0,1.0,1424.9301777000255,205.2879683835161,1278.0760117975815,1571.7843436024696,1100.9768414000973,1630.2359278997756
target_radial_speed_mps,0.0,MNEC physical,scientific_controlled,10,10,0.0,-0.01577593702775343,0.07165122489842136,-0.06703213558240287,0.03548026152689601,-0.11443648038150367,0.07730488223809356,-0.012632106831857512,4.809684096354441e-05,-0.012666513239197704,-0.01259770042451732,-0.012705452254872133,-0.012580303712003558,-0.22063337064116356,0.004725365240156341,-0.22401369329909523,-0.2172530479832319,-0.22768782493488315,-0.2160495095012457,24.183423054728785,0.04474511040906433,24.1514143309878,24.215431778469767,24.121495119750094,24.240657231295618,35.55887676983487,0.09374364911360603,35.49181660304754,35.625936936622196,35.43600568500011,35.6966934225193,34.523003053515716,0.07685247961144999,34.468026101482224,34.57798000554921,34.417068971232155,34.624123518185996,0.14379336902413825,0.0006410171813858921,0.14333481295656736,0.14425192509170914,0.14308058608058608,0.14478294355217433,0.004442990441511151,3.4020776625927545e-05,0.004418653444004213,0.004467327439018089,0.004391404946138674,0.004476179638901533,1.0,0.0,10,10,0.7224598312333834,1.0,1.0,1.0,2310.056352399988,86.83891341359889,2247.935535979786,2372.17716882019,2151.926631049855,2387.7255239999613
target_radial_speed_mps,0.0,Phase-only CSI [production replay],production_replay,10,10,0.0,-3.0275872256565735,2.475366045126641,-4.7983574209228905,-1.256817030390256,-6.576167059999301,0.025575313945696898,-27.221945032625786,0.4430729040042526,-27.53890029436797,-26.904989770883603,-27.940814072271866,-26.8197799282711,18.579703288518623,0.08322345716897928,18.52016881369136,18.639237763345886,18.460600694492438,18.695187887019834,8.748051994363836,0.11698819667001754,8.66436367995512,8.831740308772552,8.608755993655059,8.906486558924302,12.845671490089577,0.16341175372712746,12.72877376353884,12.962569216640315,12.63310972776823,13.090461637642006,11.75881228849536,0.15873942887560555,11.645256941794246,11.872367635196474,11.563260287114623,11.993517135697047,0.0029044801352493656,0.00041904360634043106,0.0026047143975373964,0.003204245872961335,0.0023346482577251805,0.0035131962055038974,0.00029301319981793353,0.0001298446901883463,0.00020012790398389884,0.0003858984956519682,0.0001471703838567744,0.0004926225155515095,0.3,0.4830458915396479,3,10,0.10778928748621183,0.6032267800204347,0.0,1.0,207.47710589994313,4.903989680287152,203.96900301518298,210.98520878470327,201.93348749980942,214.86645670038342
target_radial_speed_mps,0.0,Phase-only CSI [scientific controlled],scientific_controlled,10,10,0.0,-3.0275840796224185,2.4754246803090165,-4.798396219971383,-1.256771939273454,-6.576233959300878,0.025617230084293285,-27.221947375804014,0.4430810924066721,-27.538908495176415,-26.904986256431613,-27.94083019594362,-26.819801553606087,18.57971037341853,0.08322495213479524,18.520174829157146,18.63924591767991,18.460610363558903,18.695200094574467,8.748046617705402,0.11710082381258702,8.664277734692444,8.83181550071836,8.60853034202565,8.906691972030245,12.845623966027148,0.16347029292940002,12.728684363053793,12.962563569000503,12.632978481019578,13.090510826706248,11.758785775654472,0.1587358097818227,11.64523301789709,11.872338533411854,11.563236390762462,11.99348077768281,0.0029046679815910585,0.00041903729079591597,0.0026049067617474734,0.0032044292014346437,0.0023346482577251805,0.0035131962055038974,0.00029301319981793353,0.0001298446901883463,0.00020012790398389884,0.0003858984956519682,0.0001471703838567744,0.0004926225155515095,0.3,0.4830458915396479,3,10,0.10778928748621183,0.6032267800204347,0.0,1.0,206.40099620004548,2.708088829284759,204.46374615394745,208.3382462461435,202.69907619999685,209.8020508998161
target_radial_speed_mps,0.0,Row complex LS / Wiener [scientific controlled],scientific_controlled,10,10,0.0,-2.9589693644558954,2.5277683911278146,-4.767225939824904,-1.1507127890868871,-6.574520250308183,0.3717611900935761,-27.419175953466976,0.44131855139899057,-27.734876226957418,-27.103475679976533,-28.11406560468467,-27.009713525477878,18.775203803489582,0.07810580915015924,18.719330273515073,18.83107733346409,18.669689807340763,18.88859226844867,8.526628860251249,0.1077204095061718,8.449570321393553,8.603687399108944,8.389973713686459,8.661728876960487,12.56688341222699,0.15869780049180324,12.453357844677715,12.680408979776264,12.352243568561754,12.778298420684457,11.510984041352277,0.14860488243021022,11.404678512440084,11.61728957026447,11.322833236583836,11.719999366676408,0.00241626749319057,0.00034595252756764675,0.002168787963445911,0.0026637470229352294,0.0019381985535831688,0.002914717760871607,0.00036071916249431045,0.00012177144828191321,0.00027360911601187433,0.00044782920897674656,0.00023867774237596722,0.0005658284023668639,0.3,0.4830458915396479,3,10,0.10778928748621183,0.6032267800204347,0.0,1.0,207.24742939983116,5.1031075976562725,203.59688613777212,210.8979726618902,199.7080004502095,212.79840459937986
target_radial_speed_mps,0.0,Row complex LS / Wiener robust IRLS [scientific controlled],scientific_controlled,10,10,0.0,-2.9826536438422186,2.5302272801744063,-4.792669202471801,-1.1726380852126361,-6.596128203809174,0.351137710623042,-27.425215367821103,0.4454420424353561,-27.74386540910125,-27.106565326540956,-28.113039712851133,-26.9910294138729,18.773625315248644,0.07829450010168587,18.717616803898864,18.829633826598425,18.66767800155958,18.88719249997386,8.532288009084722,0.10879059498529943,8.454463905653828,8.610112112515615,8.393739646667056,8.670726075411881,12.57905251411908,0.1616665111472867,12.463403258900481,12.69470176933768,12.361908800107658,12.796312504197672,11.524815826662689,0.14973456889889902,11.4177021687335,11.631929484591877,11.336338428647908,11.736805772063784,0.002450831220061989,0.0003488057544452221,0.0022013106147660633,0.002700351825357915,0.0019813092890015966,0.002960646191415422,0.00037039144287665,0.00012408054644111007,0.0002816295670793939,0.00045915331867390607,0.00024038461538461537,0.0005815695645577302,0.2,0.42163702135578396,2,10,0.056680947980693314,0.5098431532792765,0.0,1.0,314.7073917999478,38.384138405606144,287.24903331052803,342.16575028936757,274.07763859987426,370.22037209967493
target_radial_speed_mps,0.0,SA-MNEC physical [approximate academic reference],scientific_controlled,10,10,0.0,0.00012801870588764476,0.06652320792576473,-0.047459817493272015,0.04771585490504731,-0.09047198130510634,0.08930377517789878,0.004563487769216256,0.0012979250018539253,0.0036350081556662823,0.0054919673827662305,0.0024528455992276375,0.0057604098333446764,-0.21813590743227912,0.0045446484356221175,-0.22138695307605646,-0.21488486178850177,-0.22499577062106127,-0.2137390982002126,24.182195003912934,0.04417865599830736,24.15059149724662,24.21379851057925,24.12222463924302,24.237456913924824,35.549530454596706,0.09445904338096683,35.48195852557971,35.617102383613705,35.430424732664754,35.689435235485114,34.51989782380913,0.07650434057252416,34.46516991544138,34.574625732176884,34.41378525366372,34.61875581711357,0.14387977834131677,0.0006261032507774374,0.1434318910570023,0.14432766562563124,0.14319094580633043,0.14484681130834978,0.004440714610832954,4.504220490198681e-05,0.004408493358494722,0.0044729358631711855,0.004368741465634957,0.004484619177666515,1.0,0.0,10,10,0.7224598312333834,1.0,1.0,1.0,6704.045611399942,184.7711166731846,6571.86831705792,6836.222905741964,6421.285764999675,6877.551643399738
target_radial_speed_mps,0.0,Shrinkage-SMI/MVDR global,scientific_controlled,10,10,0.0,-0.051651071778823575,0.08479774184505154,-0.11231172202112848,0.009009578463481327,-0.1591872745879018,0.06264628607546421,-0.012411315113153578,4.5965983052396706e-05,-0.01244419719657132,-0.012378433029735835,-0.012484654933109176,-0.012364514044758806,-0.6153364466194383,0.007701527560521179,-0.6208457875466284,-0.6098271056922482,-0.6256698721283086,-0.6046397552280455,24.63926855381763,0.04584061027847326,24.606476156679538,24.67206095095572,24.573298983617562,24.695475481240443,36.0125867103983,0.09926668727271215,35.941575600121745,36.08359782067486,35.88938693563907,36.15613954730113,34.91836932306952,0.07781826483942368,34.86270148990348,34.97403715623556,34.809544726471145,35.02260842196998,0.14889790551329013,0.0006955800073206961,0.14840031755137575,0.1493954934752045,0.1480515638207946,0.14991753545599698,0.004379456835078137,3.33893845376431e-05,0.004355571508261949,0.004403342161894325,0.004325974814140494,0.004417387346381429,1.0,0.0,10,10,0.7224598312333834,1.0,1.0,1.0,3450.4435750000994,48.41971730995248,3415.806195835719,3485.08095416448,3382.216841200352,3517.6666009006567
target_radial_speed_mps,0.0,Shrinkage-SMI/MVDR local,scientific_controlled,10,10,0.0,-0.013372012732315374,0.07018317778021405,-0.06357803364261762,0.03683400817798686,-0.11115430135848219,0.07867373628660718,-0.012362185325267271,2.9920175693049906e-05,-0.012383588929578113,-0.012340781720956429,-0.012404151251596069,-0.01232326832715561,-0.07670433912441174,0.004321964517664794,-0.07979608628962255,-0.07361259195920093,-0.08290149250265408,-0.0709869928833238,23.897807636173955,0.0457942681414046,23.865048390203654,23.930566882144255,23.82855382330916,23.95097432978773,35.35550996848771,0.09767095576279623,35.285640375766896,35.42537956120852,35.23795867742835,35.50282072433694,34.39246639964183,0.07935009282099398,34.335702762750365,34.4492300365333,34.28205393417968,34.4972106161017,0.13886183901568516,0.0006576520722118148,0.13839138306408136,0.13933229496728897,0.1380619892927585,0.13986061801446417,0.0045306099226217564,5.1532554523523515e-05,0.004493745753859385,0.004567474091384128,0.00445645577302382,0.0045858936428463054,1.0,0.0,10,10,0.7224598312333834,1.0,1.0,1.0,1887.2214252999584,113.39778270934605,1806.1015383134165,1968.3413122865002,1681.2792726001135,1973.5081630999957
target_radial_speed_mps,0.25,Corrected JDL physical,scientific_controlled,10,10,0.0,-0.2676758873156742,0.2905077219928883,-0.4754925924904444,-0.05985918214090405,-0.6458363164675386,0.13531173680912725,1.6125389216827606,0.1490844902362974,1.50589030201431,1.7191875413512112,1.375519272944247,1.8034358167921523,-2.368351293953651,0.014864789839328376,-2.3789849240214953,-2.3577176638858064,-2.3889275782222232,-2.348607003255956,26.17226312182087,0.04240580450193522,26.1419278367158,26.202598406925937,26.112013584593566,26.221960971889896,37.97916511219258,0.07973913894183397,37.92212316847182,38.036207055913344,37.86348567432742,38.0860808158129,36.74632353560686,0.07109273278648721,36.69546685824143,36.79718021297229,36.65094819191899,36.829025351575844,0.15558448389217622,0.0006500491947664317,0.15511946671145846,0.15604950107289398,0.15475213675213675,0.15646022353714661,0.004317250796540737,4.006414932259519e-05,0.004288590630639689,0.004345910962441785,0.004273535882263693,0.004374336216052192,1.0,0.0,10,10,0.7224598312333834,1.0,1.0,1.0,3732.611161099976,64.31769310773366,3686.6010551571867,3778.6212670427653,3626.6023326501454,3795.5852115002926
target_radial_speed_mps,0.25,Current legacy CSI [production replay],production_replay,10,10,0.0,14.643422480463897,2.5734220237482015,12.802507263715778,16.484337697212016,11.174338015536843,17.718077711982186,-12.841984463610967,0.26162195885370776,-13.029137538638961,-12.654831388582972,-13.188769492769572,-12.472590604366541,20.318812283771386,0.0750604200138944,20.26511729394697,20.3725072735958,20.221013065680516,20.437684187526916,7.081310842390414,0.08188510732266899,7.022733765368358,7.13988791941247,6.96693534718557,7.197736905959848,11.01851611618972,0.12593421524000822,10.92842820561573,11.10860402676371,10.850555030192352,11.198986798398954,10.00541869332829,0.11804266992167753,9.920976054196801,10.089861332459778,9.867477799401806,10.178747560320096,0.0007681036911806143,0.00013984273864751405,0.0006680662223347627,0.0008681411600264658,0.0005980088287780596,0.0009510660279891048,0.00198755879229252,0.00022094319343363223,0.0018295055530354468,0.0021456120315495935,0.0016375549992413898,0.0022398915187376725,1.0,0.0,10,10,0.7224598312333834,1.0,1.0,1.0,211.2237366000045,6.089195371445428,206.86778863904038,215.5796845609686,202.38754335018712,219.85062265002853
target_radial_speed_mps,0.25,Current legacy CSI [scientific controlled],scientific_controlled,10,10,0.0,14.66444941594322,2.582198187811171,12.817256109624442,16.511642722262,11.188931494073994,17.75594104788614,-12.827899329118384,0.2617827234384293,-13.0151674082023,-12.640631250034469,-13.176261389626406,-12.459381537170442,20.318665561011265,0.07510356792875589,20.264939705027974,20.372391416994557,20.22084733003868,20.437583235012625,7.081394207371099,0.08172704948109587,7.02293019811756,7.1398582166246385,6.966940059177182,7.197200827922739,11.018416846968085,0.12503504514702604,10.928972163929782,11.107861530006389,10.851593654965312,11.197265915124559,10.005914396067677,0.1180486280695962,9.921467494733928,10.090361297401426,9.867972197607083,10.179262867588994,0.0007701700009392317,0.00013783649773925564,0.0006715677103822082,0.0008687722914962552,0.0006009204470742932,0.0009498450267681036,0.0019896449704142013,0.0002220878314091726,0.0018307729064764519,0.0021485170343519505,0.001638029130632681,0.0022428311333636776,1.0,0.0,10,10,0.7224598312333834,1.0,1.0,1.0,213.30285089989047,3.2213225085736563,210.99845559691985,215.6072462028611,209.00561499984178,217.61340634993758
target_radial_speed_mps,0.25,DL-SMI/MVDR global,scientific_controlled,10,10,0.0,-0.5387547359029076,0.16023926138578545,-0.6533829981480258,-0.4241264736577893,-0.7436815366112869,-0.3068362571201373,-0.011123019655155632,9.427514105438421e-05,-0.011190460028373279,-0.011055579281937986,-0.01123920081143123,-0.010987196996353537,-0.8045954504211335,0.007957848687493052,-0.8102881524366574,-0.7989027484056095,-0.814660723325115,-0.7949575682646371,24.867284542320725,0.04773510645969022,24.833136904256005,24.901432180385445,24.80242629248904,24.924309185278346,36.21289522764313,0.09897811935694263,36.14209054641797,36.28369990886829,36.083817780875805,36.35433281246241,35.106473572355114,0.07839153137466431,35.050395649014106,35.16255149569612,34.99461419817157,35.209492777259875,0.15173382173382172,0.0007019212580836453,0.15123169751438137,0.15223594595326206,0.1508944303559688,0.1527960927960928,0.004361250189652556,5.151510235950473e-05,0.00432439850541624,0.0043981018738888725,0.0042897511758458505,0.004413783947807616,1.0,0.0,10,10,0.7224598312333834,1.0,1.0,1.0,2157.9182764000507,64.9133122747068,2111.4820901728194,2204.354462627282,2097.9199802498442,2259.497673750411
target_radial_speed_mps,0.25,DL-SMI/MVDR local,scientific_controlled,10,10,0.0,-0.025956625499717244,0.06711219390315223,-0.0739657968853399,0.02205254588590541,-0.09368874403100377,0.0710620829221103,-0.01193531249320312,0.00010619295552970578,-0.01201127835731015,-0.011859346629096091,-0.012111888381129421,-0.011825335442622188,0.11925141256879956,0.0041313578301781775,0.11629601721381264,0.12220680792378649,0.11451351316304048,0.12576860910366452,23.60119662746456,0.04564030831131586,23.56854751772196,23.63384573720716,23.540971157959678,23.652850736482996,35.10192575551281,0.0894204778451298,35.03795819914822,35.1658933118774,34.9969836967892,35.23745926112878,34.20206688575592,0.0808283713997895,34.14424575207411,34.259888019437724,34.089818254408364,34.308823661386064,0.13510528787451864,0.0005934742495146486,0.13468074197159347,0.13552983377744382,0.13436244951629567,0.1360391659622429,0.00459850553785465,4.968148930879659e-05,0.0045629655413770955,0.004634045534332204,0.004524066909421939,0.004653409952966166,1.0,0.0,10,10,0.7224598312333834,1.0,1.0,1.0,1386.091643799864,178.03521826150626,1258.7329209047698,1513.4503666949581,1065.6476031997954,1529.1886855000485
target_radial_speed_mps,0.25,MNEC physical,scientific_controlled,10,10,0.0,-0.12735569373793282,0.07603908652222555,-0.18175077940775547,-0.07296060806811015,-0.21454553569315554,-0.019956940551494093,-0.011481503596936036,8.931148311597743e-05,-0.011545393183168409,-0.011417614010703663,-0.011597156582918003,-0.011342700379020436,-0.22063337064116356,0.004725365240156341,-0.22401369329909523,-0.2172530479832319,-0.22768782493488315,-0.2160495095012457,24.183423054728785,0.04474511040906433,24.1514143309878,24.215431778469767,24.121495119750094,24.240657231295618,35.55887676983487,0.09374364911360603,35.49181660304754,35.625936936622196,35.43600568500011,35.6966934225193,34.523003053515716,0.07685247961144999,34.468026101482224,34.57798000554921,34.417068971232155,34.624123518185996,0.14379336902413825,0.0006410171813858921,0.14333481295656736,0.14425192509170914,0.14308058608058608,0.14478294355217433,0.004442990441511151,3.4020776625927545e-05,0.004418653444004213,0.004467327439018089,0.004391404946138674,0.004476179638901533,1.0,0.0,10,10,0.7224598312333834,1.0,1.0,1.0,2270.6179216001146,79.56285280794359,2213.7020853826634,2327.533757817566,2142.4830840999675,2349.771822250159
target_radial_speed_mps,0.25,Phase-only CSI [production replay],production_replay,10,10,0.0,11.412248989969338,2.538424100630705,9.596369779219078,13.228128200719599,7.385170610879883,14.59919736626975,-12.293814201237954,0.07623872988668182,-12.348352103167278,-12.23927629930863,-12.400928961542833,-12.188206324175571,18.579848951167058,0.08319030252146364,18.52033819374586,18.639359708588255,18.460767140642528,18.69530037505124,8.748366814633917,0.11706601357796859,8.664622833362692,8.832110795905141,8.609105519893367,8.906610640011994,12.845206146150584,0.16430779384447122,12.727667431113849,12.96274486118732,12.62965333420951,13.09010252978445,11.75837015402858,0.15872580764888997,11.644824551366066,11.871915756691093,11.562797959467414,11.99304837954398,0.002903353057199211,0.0004173780575692849,0.0026047787813029658,0.0032019273330954564,0.0023338029491875643,0.0035109420494035875,0.00029320285237445005,0.00013152343642985518,0.00019911665382312563,0.0003872890509257745,0.00014802382036109847,0.0004959414352905476,1.0,0.0,10,10,0.7224598312333834,1.0,1.0,1.0,209.84015780013578,4.742755120126572,206.44739517147283,213.23292042879874,201.96097645007285,213.76854430004641
target_radial_speed_mps,0.25,Phase-only CSI [scientific controlled],scientific_controlled,10,10,0.0,11.430348515906646,2.5442022031455114,9.610335899618825,13.250361132194467,7.399873324566237,14.632824751784517,-12.279071268498011,0.07665839477672239,-12.333909380604632,-12.22423315639139,-12.386897582749326,-12.173046780803528,18.57971037341853,0.08322495213479524,18.520174829157146,18.63924591767991,18.460610363558903,18.695200094574467,8.748046617705402,0.11710082381258702,8.664277734692444,8.83181550071836,8.60853034202565,8.906691972030245,12.845623966027148,0.16347029292940002,12.728684363053793,12.962563569000503,12.632978481019578,13.090510826706248,11.758785775654472,0.1587358097818227,11.64523301789709,11.872338533411854,11.563236390762462,11.99348077768281,0.0029046679815910585,0.00041903729079591597,0.0026049067617474734,0.0032044292014346437,0.0023346482577251805,0.0035131962055038974,0.00029301319981793353,0.0001298446901883463,0.00020012790398389884,0.0003858984956519682,0.0001471703838567744,0.0004926225155515095,1.0,0.0,10,10,0.7224598312333834,1.0,1.0,1.0,209.18670100008967,3.354541100157573,206.78700685762152,211.58639514255782,204.29447820047244,213.09444659996188
target_radial_speed_mps,0.25,Row complex LS / Wiener [scientific controlled],scientific_controlled,10,10,0.0,11.599881431561409,2.522549758626884,9.795358040991832,13.404404822130985,7.535437683533604,14.727751818337412,-12.304267344183877,0.067594170335669,-12.352621300739031,-12.255913387628723,-12.371221813938465,-12.196695694385937,18.775203803489582,0.07810580915015924,18.719330273515073,18.83107733346409,18.669689807340763,18.88859226844867,8.526628860251249,0.1077204095061718,8.449570321393553,8.603687399108944,8.389973713686459,8.661728876960487,12.56688341222699,0.15869780049180324,12.453357844677715,12.680408979776264,12.352243568561754,12.778298420684457,11.510984041352277,0.14860488243021022,11.404678512440084,11.61728957026447,11.322833236583836,11.719999366676408,0.00241626749319057,0.00034595252756764675,0.002168787963445911,0.0026637470229352294,0.0019381985535831688,0.002914717760871607,0.00036071916249431045,0.00012177144828191321,0.00027360911601187433,0.00044782920897674656,0.00023867774237596722,0.0005658284023668639,1.0,0.0,10,10,0.7224598312333834,1.0,1.0,1.0,208.18173610005033,8.286794720387366,202.25372026819323,214.10975193190743,195.2868011499504,218.9320736501486
target_radial_speed_mps,0.25,Row complex LS / Wiener robust IRLS [scientific controlled],scientific_controlled,10,10,0.0,11.569932657438033,2.533189107342646,9.757798335289262,13.382066979586803,7.491737125103684,14.731095604067479,-12.306333986060329,0.06916821300359603,-12.355813944908327,-12.25685402721233,-12.381431843023558,-12.200132363396548,18.773625315248644,0.07829450010168587,18.717616803898864,18.829633826598425,18.66767800155958,18.88719249997386,8.532288009084722,0.10879059498529943,8.454463905653828,8.610112112515615,8.393739646667056,8.670726075411881,12.57905251411908,0.1616665111472867,12.463403258900481,12.69470176933768,12.361908800107658,12.796312504197672,11.524815826662689,0.14973456889889902,11.4177021687335,11.631929484591877,11.336338428647908,11.736805772063784,0.002450831220061989,0.0003488057544452221,0.0022013106147660633,0.002700351825357915,0.0019813092890015966,0.002960646191415422,0.00037039144287665,0.00012408054644111007,0.0002816295670793939,0.00045915331867390607,0.00024038461538461537,0.0005815695645577302,1.0,0.0,10,10,0.7224598312333834,1.0,1.0,1.0,290.9547976002614,29.57469821483956,269.79833298932556,312.1112622111972,270.0433930505824,337.0188170502387
target_radial_speed_mps,0.25,SA-MNEC physical [approximate academic reference],scientific_controlled,10,10,0.0,-0.07175831674489545,0.05544857172885509,-0.11142383545912661,-0.032092798030664296,-0.13407414590567934,0.016118136536143943,0.005385807271862992,0.0013078062825782487,0.00445025901590672,0.006321355527819263,0.003230288677974277,0.00663063550574041,-0.21813590743227912,0.0045446484356221175,-0.22138695307605646,-0.21488486178850177,-0.22499577062106127,-0.2137390982002126,24.182195003912934,0.04417865599830736,24.15059149724662,24.21379851057925,24.12222463924302,24.237456913924824,35.549530454596706,0.09445904338096683,35.48195852557971,35.617102383613705,35.430424732664754,35.689435235485114,34.51989782380913,0.07650434057252416,34.46516991544138,34.574625732176884,34.41378525366372,34.61875581711357,0.14387977834131677,0.0006261032507774374,0.1434318910570023,0.14432766562563124,0.14319094580633043,0.14484681130834978,0.004440714610832954,4.504220490198681e-05,0.004408493358494722,0.0044729358631711855,0.004368741465634957,0.004484619177666515,1.0,0.0,10,10,0.7224598312333834,1.0,1.0,1.0,6658.9077904001,191.2034068856949,6522.129112833144,6795.686467967055,6440.88523675041,6884.160286050201
target_radial_speed_mps,0.25,Shrinkage-SMI/MVDR global,scientific_controlled,10,10,0.0,-0.4134366956676974,0.13571162268013823,-0.510518942176788,-0.31635444915860683,-0.5851235142622527,-0.2204317323850346,-0.011127701259584896,9.02872548193704e-05,-0.011192288870843971,-0.01106311364832582,-0.011238938887080165,-0.010992364805837977,-0.6153364466194383,0.007701527560521179,-0.6208457875466284,-0.6098271056922482,-0.6256698721283086,-0.6046397552280455,24.63926855381763,0.04584061027847326,24.606476156679538,24.67206095095572,24.573298983617562,24.695475481240443,36.0125867103983,0.09926668727271215,35.941575600121745,36.08359782067486,35.88938693563907,36.15613954730113,34.91836932306952,0.07781826483942368,34.86270148990348,34.97403715623556,34.809544726471145,35.02260842196998,0.14889790551329013,0.0006955800073206961,0.14840031755137575,0.1493954934752045,0.1480515638207946,0.14991753545599698,0.004379456835078137,3.33893845376431e-05,0.004355571508261949,0.004403342161894325,0.004325974814140494,0.004417387346381429,1.0,0.0,10,10,0.7224598312333834,1.0,1.0,1.0,3387.597857899891,55.857173396943836,3347.6400431605884,3427.5556726391937,3313.7866858504367,3472.355651149701
target_radial_speed_mps,0.25,Shrinkage-SMI/MVDR local,scientific_controlled,10,10,0.0,-0.08999554058996187,0.07059527260492332,-0.14049635637904795,-0.039494724800875805,-0.16492935791412985,0.011993258314013301,-0.011553908324377818,9.0725880344544e-05,-0.011618809709435476,-0.01148900693932016,-0.011702630235961235,-0.011457531746749823,-0.07670433912441174,0.004321964517664794,-0.07979608628962255,-0.07361259195920093,-0.08290149250265408,-0.0709869928833238,23.897807636173955,0.0457942681414046,23.865048390203654,23.930566882144255,23.82855382330916,23.95097432978773,35.35550996848771,0.09767095576279623,35.285640375766896,35.42537956120852,35.23795867742835,35.50282072433694,34.39246639964183,0.07935009282099398,34.335702762750365,34.4492300365333,34.28205393417968,34.4972106161017,0.13886183901568516,0.0006576520722118148,0.13839138306408136,0.13933229496728897,0.1380619892927585,0.13986061801446417,0.0045306099226217564,5.1532554523523515e-05,0.004493745753859385,0.004567474091384128,0.00445645577302382,0.0045858936428463054,1.0,0.0,10,10,0.7224598312333834,1.0,1.0,1.0,1845.88216810007,116.95110549221576,1762.220387121545,1929.543949078595,1640.9557162004603,1956.6691961500055
target_radial_speed_mps,0.5,Corrected JDL physical,scientific_controlled,10,10,0.0,-0.7604213690539444,0.34047841679261187,-1.0039849558514577,-0.5168577822564311,-1.2178205822000967,-0.27987990258809137,1.4439655791461559,0.12034929234199637,1.3578728817367522,1.5300582765555595,1.3198941220095708,1.6477966575709133,-2.368351293953651,0.014864789839328376,-2.3789849240214953,-2.3577176638858064,-2.3889275782222232,-2.348607003255956,26.17226312182087,0.04240580450193522,26.1419278367158,26.202598406925937,26.112013584593566,26.221960971889896,37.97916511219258,0.07973913894183397,37.92212316847182,38.036207055913344,37.86348567432742,38.0860808158129,36.74632353560686,0.07109273278648721,36.69546685824143,36.79718021297229,36.65094819191899,36.829025351575844,0.15558448389217622,0.0006500491947664317,0.15511946671145846,0.15604950107289398,0.15475213675213675,0.15646022353714661,0.004317250796540737,4.006414932259519e-05,0.004288590630639689,0.004345910962441785,0.004273535882263693,0.004374336216052192,1.0,0.0,10,10,0.7224598312333834,1.0,1.0,1.0,3768.970272400111,47.653944590361476,3734.880694039118,3803.0598507611035,3702.2862234498007,3842.6282331999573
target_radial_speed_mps,0.5,Current legacy CSI [production replay],production_replay,10,10,0.0,19.35481082489512,2.4803748495056985,17.58045754682543,21.129164102964815,16.3569135039572,22.981540741511466,-6.950950967647538,0.09277151572366378,-7.017315712100813,-6.884586223194263,-7.090465955457218,-6.850052135110916,20.31893038481727,0.07503131022281215,20.26525621888294,20.372604550751603,20.221184145075085,20.43778133529838,7.081397036465847,0.08132972403145754,7.023217256716638,7.139576816215056,6.966866877000945,7.195895934511597,11.01773728239458,0.12614239783352071,10.927500446964611,11.107974117824547,10.848870688589017,11.198732556937687,10.004676862041501,0.11799379595292751,9.920269185241082,10.08908453884192,9.86679374013155,10.177931941533199,0.0007677279984972293,0.00014102814225044346,0.0006668425429976215,0.000868613453996837,0.0005963182117028271,0.0009558561097022635,0.0019862312243969045,0.00022068990452200223,0.0018283591771119795,0.0021441032716818294,0.0016363222576240327,0.0022378053406159914,1.0,0.0,10,10,0.7224598312333834,1.0,1.0,1.0,213.14485620005144,7.654853314647152,207.66890401697975,218.62080838312312,203.70006370008014,223.78356285007612
target_radial_speed_mps,0.5,Current legacy CSI [scientific controlled],scientific_controlled,10,10,0.0,19.367101943763867,2.4979632666785334,17.580166670003926,21.154037217523808,16.348914816345875,22.99270990501898,-6.932556574875262,0.09258737701419917,-6.998789594431059,-6.866323555319465,-7.070813850471532,-6.830982764633329,20.318665561011265,0.07510356792875589,20.264939705027974,20.372391416994557,20.22084733003868,20.437583235012625,7.081394207371099,0.08172704948109587,7.02293019811756,7.1398582166246385,6.966940059177182,7.197200827922739,11.018416846968085,0.12503504514702604,10.928972163929782,11.107861530006389,10.851593654965312,11.197265915124559,10.005914396067677,0.1180486280695962,9.921467494733928,10.090361297401426,9.867972197607083,10.179262867588994,0.0007701700009392317,0.00013783649773925564,0.0006715677103822082,0.0008687722914962552,0.0006009204470742932,0.0009498450267681036,0.0019896449704142013,0.0002220878314091726,0.0018307729064764519,0.0021485170343519505,0.001638029130632681,0.0022428311333636776,1.0,0.0,10,10,0.7224598312333834,1.0,1.0,1.0,215.67374690012002,4.3029052747381495,212.59563389595996,218.75185990428008,210.32344845043554,221.79860764995283
target_radial_speed_mps,0.5,DL-SMI/MVDR global,scientific_controlled,10,10,0.0,-0.8401504203671128,0.10944745047983089,-0.9184444099122654,-0.7618564308219603,-0.9419671095293766,-0.667005006814638,-0.011202991735741729,8.787969170795693e-05,-0.011265857080102417,-0.01114012639138104,-0.011337450993167643,-0.011094698026546114,-0.8045954504211335,0.007957848687493052,-0.8102881524366574,-0.7989027484056095,-0.814660723325115,-0.7949575682646371,24.867284542320725,0.04773510645969022,24.833136904256005,24.901432180385445,24.80242629248904,24.924309185278346,36.21289522764313,0.09897811935694263,36.14209054641797,36.28369990886829,36.083817780875805,36.35433281246241,35.106473572355114,0.07839153137466431,35.050395649014106,35.16255149569612,34.99461419817157,35.209492777259875,0.15173382173382172,0.0007019212580836453,0.15123169751438137,0.15223594595326206,0.1508944303559688,0.1527960927960928,0.004361250189652556,5.151510235950473e-05,0.00432439850541624,0.0043981018738888725,0.0042897511758458505,0.004413783947807616,1.0,0.0,10,10,0.7224598312333834,1.0,1.0,1.0,2164.4544835999113,61.719480220727164,2120.3030271891075,2208.605940010715,2076.761258349825,2230.418552999936
target_radial_speed_mps,0.5,DL-SMI/MVDR local,scientific_controlled,10,10,0.0,-0.015918323978341586,0.046525882491911204,-0.04920093532680759,0.017364287370124416,-0.06249175479767903,0.05499845752118016,-0.012253496841181075,4.1847095127487296e-05,-0.012283432449676682,-0.012223561232685469,-0.012309853079119677,-0.012195190873478224,0.11925141256879956,0.0041313578301781775,0.11629601721381264,0.12220680792378649,0.11451351316304048,0.12576860910366452,23.60119662746456,0.04564030831131586,23.56854751772196,23.63384573720716,23.540971157959678,23.652850736482996,35.10192575551281,0.0894204778451298,35.03795819914822,35.1658933118774,34.9969836967892,35.23745926112878,34.20206688575592,0.0808283713997895,34.14424575207411,34.259888019437724,34.089818254408364,34.308823661386064,0.13510528787451864,0.0005934742495146486,0.13468074197159347,0.13552983377744382,0.13436244951629567,0.1360391659622429,0.00459850553785465,4.968148930879659e-05,0.0045629655413770955,0.004634045534332204,0.004524066909421939,0.004653409952966166,1.0,0.0,10,10,0.7224598312333834,1.0,1.0,1.0,1515.0348011999085,122.38799679726286,1427.4837024791314,1602.5858999206857,1341.6261447500347,1666.38955085009
target_radial_speed_mps,0.5,MNEC physical,scientific_controlled,10,10,0.0,-0.2108617027031955,0.054116953486232404,-0.24957463911140715,-0.17214876629498388,-0.2685851469484311,-0.1274371787817456,-0.011612845084350388,4.840269509942598e-05,-0.011647470286558912,-0.011578219882141864,-0.011679159444283544,-0.011553520468679364,-0.22063337064116356,0.004725365240156341,-0.22401369329909523,-0.2172530479832319,-0.22768782493488315,-0.2160495095012457,24.183423054728785,0.04474511040906433,24.1514143309878,24.215431778469767,24.121495119750094,24.240657231295618,35.55887676983487,0.09374364911360603,35.49181660304754,35.625936936622196,35.43600568500011,35.6966934225193,34.523003053515716,0.07685247961144999,34.468026101482224,34.57798000554921,34.417068971232155,34.624123518185996,0.14379336902413825,0.0006410171813858921,0.14333481295656736,0.14425192509170914,0.14308058608058608,0.14478294355217433,0.004442990441511151,3.4020776625927545e-05,0.004418653444004213,0.004467327439018089,0.004391404946138674,0.004476179638901533,1.0,0.0,10,10,0.7224598312333834,1.0,1.0,1.0,2334.7110619000887,39.40660819282547,2306.5212725872025,2362.900851212975,2290.325740100525,2395.1025010001104
target_radial_speed_mps,0.5,Phase-only CSI [production replay],production_replay,10,10,0.0,16.014056249755903,2.206316587757483,14.435752441874934,17.592360057636874,13.435319716321295,18.79139440191261,-6.699134240956167,0.01930011847369555,-6.712940713992999,-6.685327767919335,-6.725988252881753,-6.679703661448588,18.580020969405126,0.0831666858258066,18.520527106350265,18.639514832459987,18.460982754428297,18.69547083714531,8.748086808916803,0.1167392332597076,8.664576592202993,8.831597025630613,8.609728067022468,8.906676749402527,12.84418754444973,0.1644089483473281,12.726576467840802,12.961798621058657,12.628948961389614,13.090687992337408,11.757671632183513,0.15868301155838885,11.644156643999889,11.871186620367137,11.562130855381525,11.992290472456704,0.0028992204376819767,0.00041484536603562385,0.002602457940165111,0.0031959829351988424,0.0023285432516201745,0.0035001408847562692,0.00029244424214838413,0.00013063193200805046,0.00019899578744192982,0.00038589269685483847,0.000147834167804582,0.00049527765134274,1.0,0.0,10,10,0.7224598312333834,1.0,1.0,1.0,209.51328689989168,4.00364646437925,206.64925075240407,212.3773230473793,204.43530780007677,215.28481374989497
target_radial_speed_mps,0.5,Phase-only CSI [scientific controlled],scientific_controlled,10,10,0.0,16.029895294361182,2.2190691353238154,14.442468863509507,17.617321725212857,13.44572150187291,18.82486444112263,-6.680877632143177,0.018942556420482343,-6.694428320695917,-6.667326943590436,-6.7076760801076025,-6.661850342625623,18.57971037341853,0.08322495213479524,18.520174829157146,18.63924591767991,18.460610363558903,18.695200094574467,8.748046617705402,0.11710082381258702,8.664277734692444,8.83181550071836,8.60853034202565,8.906691972030245,12.845623966027148,0.16347029292940002,12.728684363053793,12.962563569000503,12.632978481019578,13.090510826706248,11.758785775654472,0.1587358097818227,11.64523301789709,11.872338533411854,11.563236390762462,11.99348077768281,0.0029046679815910585,0.00041903729079591597,0.0026049067617474734,0.0032044292014346437,0.0023346482577251805,0.0035131962055038974,0.00029301319981793353,0.0001298446901883463,0.00020012790398389884,0.0003858984956519682,0.0001471703838567744,0.0004926225155515095,1.0,0.0,10,10,0.7224598312333834,1.0,1.0,1.0,210.5317880000257,4.557316835061133,207.27167992922165,213.79189607082975,206.05269014999976,217.508248650347
target_radial_speed_mps,0.5,Row complex LS / Wiener [scientific controlled],scientific_controlled,10,10,0.0,15.997523949343028,2.113041189556206,14.48594534172551,17.50910255696055,13.367766578503801,18.752187931583766,-6.713625119384188,0.027562714603018228,-6.7333422976236434,-6.693907941144733,-6.755420094013199,-6.681070758126916,18.775203803489582,0.07810580915015924,18.719330273515073,18.83107733346409,18.669689807340763,18.88859226844867,8.526628860251249,0.1077204095061718,8.449570321393553,8.603687399108944,8.389973713686459,8.661728876960487,12.56688341222699,0.15869780049180324,12.453357844677715,12.680408979776264,12.352243568561754,12.778298420684457,11.510984041352277,0.14860488243021022,11.404678512440084,11.61728957026447,11.322833236583836,11.719999366676408,0.00241626749319057,0.00034595252756764675,0.002168787963445911,0.0026637470229352294,0.0019381985535831688,0.002914717760871607,0.00036071916249431045,0.00012177144828191321,0.00027360911601187433,0.00044782920897674656,0.00023867774237596722,0.0005658284023668639,1.0,0.0,10,10,0.7224598312333834,1.0,1.0,1.0,208.5443246001887,7.262946167622306,203.34872590125312,213.73992329912429,198.00817650025238,216.9316383502064
target_radial_speed_mps,0.5,Row complex LS / Wiener robust IRLS [scientific controlled],scientific_controlled,10,10,0.0,15.992998343024905,2.1149653514570868,14.480043272903321,17.505953413146486,13.368827833518793,18.767696427298674,-6.689908171807614,0.028860133409518277,-6.710553467550277,-6.669262876064952,-6.731900001073452,-6.657231849776324,18.773625315248644,0.07829450010168587,18.717616803898864,18.829633826598425,18.66767800155958,18.88719249997386,8.532288009084722,0.10879059498529943,8.454463905653828,8.610112112515615,8.393739646667056,8.670726075411881,12.57905251411908,0.1616665111472867,12.463403258900481,12.69470176933768,12.361908800107658,12.796312504197672,11.524815826662689,0.14973456889889902,11.4177021687335,11.631929484591877,11.336338428647908,11.736805772063784,0.002450831220061989,0.0003488057544452221,0.0022013106147660633,0.002700351825357915,0.0019813092890015966,0.002960646191415422,0.00037039144287665,0.00012408054644111007,0.0002816295670793939,0.00045915331867390607,0.00024038461538461537,0.0005815695645577302,1.0,0.0,10,10,0.7224598312333834,1.0,1.0,1.0,299.9706758000684,44.48808866157813,268.1458143411412,331.79553725899564,272.18847199992524,383.8718952002637
target_radial_speed_mps,0.5,SA-MNEC physical [approximate academic reference],scientific_controlled,10,10,0.0,-0.1373392221000047,0.03006507798532002,-0.15884648326631778,-0.11583196093369164,-0.17042636933967636,-0.0883128787086037,0.005186245481866384,0.0013081714931633944,0.004250435969995883,0.006122054993736885,0.0029758519361889634,0.00639894427304337,-0.21813590743227912,0.0045446484356221175,-0.22138695307605646,-0.21488486178850177,-0.22499577062106127,-0.2137390982002126,24.182195003912934,0.04417865599830736,24.15059149724662,24.21379851057925,24.12222463924302,24.237456913924824,35.549530454596706,0.09445904338096683,35.48195852557971,35.617102383613705,35.430424732664754,35.689435235485114,34.51989782380913,0.07650434057252416,34.46516991544138,34.574625732176884,34.41378525366372,34.61875581711357,0.14387977834131677,0.0006261032507774374,0.1434318910570023,0.14432766562563124,0.14319094580633043,0.14484681130834978,0.004440714610832954,4.504220490198681e-05,0.004408493358494722,0.0044729358631711855,0.004368741465634957,0.004484619177666515,1.0,0.0,10,10,0.7224598312333834,1.0,1.0,1.0,6705.4324746999555,127.9205096741979,6613.923654685113,6796.941294714798,6582.661445099939,6901.661331900141
target_radial_speed_mps,0.5,Shrinkage-SMI/MVDR global,scientific_controlled,10,10,0.0,-0.6488991553083931,0.09444876451468262,-0.7164637312674087,-0.5813345793493776,-0.7365244514878411,-0.4997054553027039,-0.011201252886445408,7.772067544141171e-05,-0.01125685090836163,-0.011145654864529187,-0.011317339891416282,-0.011105541907803145,-0.6153364466194383,0.007701527560521179,-0.6208457875466284,-0.6098271056922482,-0.6256698721283086,-0.6046397552280455,24.63926855381763,0.04584061027847326,24.606476156679538,24.67206095095572,24.573298983617562,24.695475481240443,36.0125867103983,0.09926668727271215,35.941575600121745,36.08359782067486,35.88938693563907,36.15613954730113,34.91836932306952,0.07781826483942368,34.86270148990348,34.97403715623556,34.809544726471145,35.02260842196998,0.14889790551329013,0.0006955800073206961,0.14840031755137575,0.1493954934752045,0.1480515638207946,0.14991753545599698,0.004379456835078137,3.33893845376431e-05,0.004355571508261949,0.004403342161894325,0.004325974814140494,0.004417387346381429,1.0,0.0,10,10,0.7224598312333834,1.0,1.0,1.0,3368.201041100201,56.99277358806025,3327.4308669217253,3408.971215278677,3307.1846967501187,3458.7411008000345
target_radial_speed_mps,0.5,Shrinkage-SMI/MVDR local,scientific_controlled,10,10,0.0,-0.1335658131757131,0.051176220376380095,-0.17017507584508063,-0.09695655050634555,-0.18836872694355686,-0.05204728223351982,-0.011698558922788281,2.896207864511141e-05,-0.011719277145759259,-0.011677840699817303,-0.011730182478487115,-0.01165611121512202,-0.07670433912441174,0.004321964517664794,-0.07979608628962255,-0.07361259195920093,-0.08290149250265408,-0.0709869928833238,23.897807636173955,0.0457942681414046,23.865048390203654,23.930566882144255,23.82855382330916,23.95097432978773,35.35550996848771,0.09767095576279623,35.285640375766896,35.42537956120852,35.23795867742835,35.50282072433694,34.39246639964183,0.07935009282099398,34.335702762750365,34.4492300365333,34.28205393417968,34.4972106161017,0.13886183901568516,0.0006576520722118148,0.13839138306408136,0.13933229496728897,0.1380619892927585,0.13986061801446417,0.0045306099226217564,5.1532554523523515e-05,0.004493745753859385,0.004567474091384128,0.00445645577302382,0.0045858936428463054,1.0,0.0,10,10,0.7224598312333834,1.0,1.0,1.0,1931.4480630000617,93.59861306496394,1864.4916487517507,1998.4044772483726,1831.2805941505303,2081.790953800464
target_radial_speed_mps,1.0,Corrected JDL physical,scientific_controlled,10,10,0.0,-1.4661996533308272,0.9597085500535297,-2.1527337923616066,-0.779665514300048,-2.7342075935547867,-0.13837281605422186,1.485306048541996,0.06038340444180303,1.4421103631665888,1.5285017339174032,1.411596432586954,1.5783372386659231,-2.368351293953651,0.014864789839328376,-2.3789849240214953,-2.3577176638858064,-2.3889275782222232,-2.348607003255956,26.17226312182087,0.04240580450193522,26.1419278367158,26.202598406925937,26.112013584593566,26.221960971889896,37.97916511219258,0.07973913894183397,37.92212316847182,38.036207055913344,37.86348567432742,38.0860808158129,36.74632353560686,0.07109273278648721,36.69546685824143,36.79718021297229,36.65094819191899,36.829025351575844,0.15558448389217622,0.0006500491947664317,0.15511946671145846,0.15604950107289398,0.15475213675213675,0.15646022353714661,0.004317250796540737,4.006414932259519e-05,0.004288590630639689,0.004345910962441785,0.004273535882263693,0.004374336216052192,1.0,0.0,10,10,0.7224598312333834,1.0,1.0,1.0,3914.8142731000007,203.9785796920146,3768.8967874406644,4060.731758759337,3704.913365450602,4264.413890599462
target_radial_speed_mps,1.0,Current legacy CSI [production replay],production_replay,10,10,0.0,12.03698599531683,3.6723234694276816,9.409964040385372,14.664007950248287,8.710454463105208,18.271280388955034,-0.9009575948863422,0.06021191659791968,-0.9440306052483319,-0.8578845845243525,-0.9905751727916837,-0.8359379235965887,20.317688142078897,0.07480076432328069,20.264178898745946,20.371197385411847,20.220394048015795,20.436285759461466,7.082928750877609,0.08074248549019682,7.025169056274361,7.140688445480857,6.9685298884088915,7.1970315213139,11.013508168460563,0.12488117854747124,10.924173554956853,11.102842781964272,10.846953740128107,11.191286451205173,10.001249857633239,0.11780764469762325,9.916975345418864,10.085524369847613,9.863229998710114,10.173852523034832,0.0007592749131210669,0.00014254829791130656,0.0006573020037712614,0.0008612478224708724,0.0005927491312106697,0.0009518174133558748,0.0019786451221362462,0.00021492106283477698,0.0018248998555919149,0.0021323903886805774,0.0016400204824761036,0.0022300295857988163,1.0,0.0,10,10,0.7224598312333834,1.0,1.0,1.0,214.649573099814,7.648733429573326,209.17799881879384,220.12114738083417,203.94413339972743,223.87094074974812
target_radial_speed_mps,1.0,Current legacy CSI [scientific controlled],scientific_controlled,10,10,0.0,12.06064389988801,3.6971577912796225,9.41585654131387,14.70543125846215,8.72268847314922,18.3438667424947,-0.8619244427868098,0.06010558846246264,-0.904921390582798,-0.8189274949908216,-0.9508802125864211,-0.79664478758307,20.318665561011265,0.07510356792875589,20.264939705027974,20.372391416994557,20.22084733003868,20.437583235012625,7.081394207371099,0.08172704948109587,7.02293019811756,7.1398582166246385,6.966940059177182,7.197200827922739,11.018416846968085,0.12503504514702604,10.928972163929782,11.107861530006389,10.851593654965312,11.197265915124559,10.005914396067677,0.1180486280695962,9.921467494733928,10.090361297401426,9.867972197607083,10.179262867588994,0.0007701700009392317,0.00013783649773925564,0.0006715677103822082,0.0008687722914962552,0.0006009204470742932,0.0009498450267681036,0.0019896449704142013,0.0002220878314091726,0.0018307729064764519,0.0021485170343519505,0.001638029130632681,0.0022428311333636776,1.0,0.0,10,10,0.7224598312333834,1.0,1.0,1.0,216.90636430002996,4.735855066032558,213.51853767271496,220.29419092734497,210.4966661504477,223.49101289937607
target_radial_speed_mps,1.0,DL-SMI/MVDR global,scientific_controlled,10,10,0.0,-1.3601881653097063,0.20656459767662755,-1.5079555767933832,-1.2124207538260294,-1.6676201410312281,-1.092251068226765,-0.008996263298624598,0.00013395308502443207,-0.009092087563077214,-0.008900439034171983,-0.009202708255525948,-0.008830435668341673,-0.8045954504211335,0.007957848687493052,-0.8102881524366574,-0.7989027484056095,-0.814660723325115,-0.7949575682646371,24.867284542320725,0.04773510645969022,24.833136904256005,24.901432180385445,24.80242629248904,24.924309185278346,36.21289522764313,0.09897811935694263,36.14209054641797,36.28369990886829,36.083817780875805,36.35433281246241,35.106473572355114,0.07839153137466431,35.050395649014106,35.16255149569612,34.99461419817157,35.209492777259875,0.15173382173382172,0.0007019212580836453,0.15123169751438137,0.15223594595326206,0.1508944303559688,0.1527960927960928,0.004361250189652556,5.151510235950473e-05,0.00432439850541624,0.0043981018738888725,0.0042897511758458505,0.004413783947807616,1.0,0.0,10,10,0.7224598312333834,1.0,1.0,1.0,2198.3775870999125,81.25322741704787,2140.2525297321067,2256.5026444677183,2070.0878987506712,2291.2000090495894
target_radial_speed_mps,1.0,DL-SMI/MVDR local,scientific_controlled,10,10,0.0,0.2171759264568099,0.31850651581074996,-0.010669909235317632,0.4450217621489374,-0.28569151586854885,0.4944883363258748,-0.010690113726547247,0.0001531035180462848,-0.010799637385514989,-0.010580590067579505,-0.010899531623756337,-0.010496748656479695,0.11925141256879956,0.0041313578301781775,0.11629601721381264,0.12220680792378649,0.11451351316304048,0.12576860910366452,23.60119662746456,0.04564030831131586,23.56854751772196,23.63384573720716,23.540971157959678,23.652850736482996,35.10192575551281,0.0894204778451298,35.03795819914822,35.1658933118774,34.9969836967892,35.23745926112878,34.20206688575592,0.0808283713997895,34.14424575207411,34.259888019437724,34.089818254408364,34.308823661386064,0.13510528787451864,0.0005934742495146486,0.13468074197159347,0.13552983377744382,0.13436244951629567,0.1360391659622429,0.00459850553785465,4.968148930879659e-05,0.0045629655413770955,0.004634045534332204,0.004524066909421939,0.004653409952966166,1.0,0.0,10,10,0.7224598312333834,1.0,1.0,1.0,1388.842594200014,232.2980787260296,1222.6665593321538,1555.0186290678741,1051.9086515002527,1674.6313819502575
target_radial_speed_mps,1.0,MNEC physical,scientific_controlled,10,10,0.0,-0.5419698484158644,0.17816592075600574,-0.6694220702430305,-0.4145176265886983,-0.8127128776373798,-0.3544624829043778,-0.00760875377034035,0.00011620606694005008,-0.007691882582845345,-0.007525624957835355,-0.00778647606161505,-0.007498906582071646,-0.22063337064116356,0.004725365240156341,-0.22401369329909523,-0.2172530479832319,-0.22768782493488315,-0.2160495095012457,24.183423054728785,0.04474511040906433,24.1514143309878,24.215431778469767,24.121495119750094,24.240657231295618,35.55887676983487,0.09374364911360603,35.49181660304754,35.625936936622196,35.43600568500011,35.6966934225193,34.523003053515716,0.07685247961144999,34.468026101482224,34.57798000554921,34.417068971232155,34.624123518185996,0.14379336902413825,0.0006410171813858921,0.14333481295656736,0.14425192509170914,0.14308058608058608,0.14478294355217433,0.004442990441511151,3.4020776625927545e-05,0.004418653444004213,0.004467327439018089,0.004391404946138674,0.004476179638901533,1.0,0.0,10,10,0.7224598312333834,1.0,1.0,1.0,2373.100531200089,125.06533795985926,2283.6341779889226,2462.566884411255,2198.183207899956,2550.0374620495677
target_radial_speed_mps,1.0,Phase-only CSI [production replay],production_replay,10,10,0.0,6.999967952924348,3.1246118513452847,4.764755286486132,9.235180619362565,4.129930328156163,11.898491654559955,-0.8368635697141718,0.021729232368434014,-0.8524077261510719,-0.8213194132772716,-0.8709398427583042,-0.8111937811900903,18.58003404499838,0.08299433065548023,18.5206634774049,18.639404612591864,18.461341566226466,18.695315685568424,8.749184795172749,0.11595905740842789,8.666232682642049,8.832136907703449,8.612323519759668,8.905990666007986,12.837652068054416,0.16241325392452058,12.721468625233115,12.953835510875717,12.626206761072277,13.080521826005675,11.753529136267733,0.15851755047254498,11.640132511814542,11.866925760720925,11.557963777991212,11.987588570959742,0.0028753639522870293,0.0004203143691102971,0.002574689165651745,0.0031760387389223135,0.0022982060674368366,0.0034851131774208694,0.00029320285237445,0.0001272077233915173,0.00020220392894942718,0.0003842017757994728,0.00015542027006524046,0.0004930018206645425,1.0,0.0,10,10,0.7224598312333834,1.0,1.0,1.0,209.8794511003689,5.211260559407167,206.15153987021668,213.6073623305211,202.82449359974635,216.71675470088303
target_radial_speed_mps,1.0,Phase-only CSI [scientific controlled],scientific_controlled,10,10,0.0,7.030721504687558,3.1342459562403358,4.788617014779511,9.272825994595605,4.156759713569331,11.9531462899659,-0.7975044872340715,0.02141294338859285,-0.8128223841649496,-0.7821865903031935,-0.830860149185474,-0.7714211298421382,18.57971037341853,0.08322495213479524,18.520174829157146,18.63924591767991,18.460610363558903,18.695200094574467,8.748046617705402,0.11710082381258702,8.664277734692444,8.83181550071836,8.60853034202565,8.906691972030245,12.845623966027148,0.16347029292940002,12.728684363053793,12.962563569000503,12.632978481019578,13.090510826706248,11.758785775654472,0.1587358097818227,11.64523301789709,11.872338533411854,11.563236390762462,11.99348077768281,0.0029046679815910585,0.00041903729079591597,0.0026049067617474734,0.0032044292014346437,0.0023346482577251805,0.0035131962055038974,0.00029301319981793353,0.0001298446901883463,0.00020012790398389884,0.0003858984956519682,0.0001471703838567744,0.0004926225155515095,1.0,0.0,10,10,0.7224598312333834,1.0,1.0,1.0,209.7038927999165,6.162530238495494,205.29548423535732,214.11230136447568,202.45324795041597,219.63279029914702
target_radial_speed_mps,1.0,Row complex LS / Wiener [scientific controlled],scientific_controlled,10,10,0.0,6.964493866345211,3.0802592259959645,4.761009156749989,9.167978575940433,4.1621167027770625,11.80271125967936,-0.8348276343939676,0.02337507664742799,-0.8515491569020512,-0.8181061118858839,-0.8711744509003615,-0.8124105791856412,18.775203803489582,0.07810580915015924,18.719330273515073,18.83107733346409,18.669689807340763,18.88859226844867,8.526628860251249,0.1077204095061718,8.449570321393553,8.603687399108944,8.389973713686459,8.661728876960487,12.56688341222699,0.15869780049180324,12.453357844677715,12.680408979776264,12.352243568561754,12.778298420684457,11.510984041352277,0.14860488243021022,11.404678512440084,11.61728957026447,11.322833236583836,11.719999366676408,0.00241626749319057,0.00034595252756764675,0.002168787963445911,0.0026637470229352294,0.0019381985535831688,0.002914717760871607,0.00036071916249431045,0.00012177144828191321,0.00027360911601187433,0.00044782920897674656,0.00023867774237596722,0.0005658284023668639,1.0,0.0,10,10,0.7224598312333834,1.0,1.0,1.0,217.44406150010036,23.406591453614897,200.69999465776954,234.18812834243118,200.98272354989604,261.07066404965735
target_radial_speed_mps,1.0,Row complex LS / Wiener robust IRLS [scientific controlled],scientific_controlled,10,10,0.0,6.986451516653888,3.090493075414146,4.775645952202376,9.1972570811054,4.1739247495408875,11.845772791861911,-0.812379924153516,0.02372223005797316,-0.8293497852512757,-0.7954100630557563,-0.8485465999489301,-0.7898221550703869,18.773625315248644,0.07829450010168587,18.717616803898864,18.829633826598425,18.66767800155958,18.88719249997386,8.532288009084722,0.10879059498529943,8.454463905653828,8.610112112515615,8.393739646667056,8.670726075411881,12.57905251411908,0.1616665111472867,12.463403258900481,12.69470176933768,12.361908800107658,12.796312504197672,11.524815826662689,0.14973456889889902,11.4177021687335,11.631929484591877,11.336338428647908,11.736805772063784,0.002450831220061989,0.0003488057544452221,0.0022013106147660633,0.002700351825357915,0.0019813092890015966,0.002960646191415422,0.00037039144287665,0.00012408054644111007,0.0002816295670793939,0.00045915331867390607,0.00024038461538461537,0.0005815695645577302,1.0,0.0,10,10,0.7224598312333834,1.0,1.0,1.0,313.80120270005136,48.35278925415132,279.2117009825936,348.39070441750914,275.78715050021856,388.0141583509612
target_radial_speed_mps,1.0,SA-MNEC physical [approximate academic reference],scientific_controlled,10,10,0.0,-0.4898414066473794,0.1924076434813377,-0.6274815431794896,-0.35220127011526925,-0.7887503057334395,-0.29572024375033623,0.008646139165656628,0.001302550516660846,0.007714350658145705,0.009577927673167551,0.0064647491393775205,0.009904682156773188,-0.21813590743227912,0.0045446484356221175,-0.22138695307605646,-0.21488486178850177,-0.22499577062106127,-0.2137390982002126,24.182195003912934,0.04417865599830736,24.15059149724662,24.21379851057925,24.12222463924302,24.237456913924824,35.549530454596706,0.09445904338096683,35.48195852557971,35.617102383613705,35.430424732664754,35.689435235485114,34.51989782380913,0.07650434057252416,34.46516991544138,34.574625732176884,34.41378525366372,34.61875581711357,0.14387977834131677,0.0006261032507774374,0.1434318910570023,0.14432766562563124,0.14319094580633043,0.14484681130834978,0.004440714610832954,4.504220490198681e-05,0.004408493358494722,0.0044729358631711855,0.004368741465634957,0.004484619177666515,1.0,0.0,10,10,0.7224598312333834,1.0,1.0,1.0,7042.069148400059,616.5217684108457,6601.036043666268,7483.10225313385,6478.079699200225,8153.883372400469
target_radial_speed_mps,1.0,Shrinkage-SMI/MVDR global,scientific_controlled,10,10,0.0,-1.1042361109971826,0.2069503488077418,-1.2522794722165003,-0.9561927497778647,-1.3954338262655765,-0.8481599635074455,-0.00867771091307389,0.00013230083485118248,-0.008772353228954628,-0.008583068597193154,-0.00887636364867458,-0.008514948199672842,-0.6153364466194383,0.007701527560521179,-0.6208457875466284,-0.6098271056922482,-0.6256698721283086,-0.6046397552280455,24.63926855381763,0.04584061027847326,24.606476156679538,24.67206095095572,24.573298983617562,24.695475481240443,36.0125867103983,0.09926668727271215,35.941575600121745,36.08359782067486,35.88938693563907,36.15613954730113,34.91836932306952,0.07781826483942368,34.86270148990348,34.97403715623556,34.809544726471145,35.02260842196998,0.14889790551329013,0.0006955800073206961,0.14840031755137575,0.1493954934752045,0.1480515638207946,0.14991753545599698,0.004379456835078137,3.33893845376431e-05,0.004355571508261949,0.004403342161894325,0.004325974814140494,0.004417387346381429,1.0,0.0,10,10,0.7224598312333834,1.0,1.0,1.0,3452.4715965000723,159.5018400044321,3338.3708537327393,3566.5723392674054,3352.186144100233,3751.027183899623
target_radial_speed_mps,1.0,Shrinkage-SMI/MVDR local,scientific_controlled,10,10,0.0,-0.16534660995135794,0.27087025340302684,-0.35911551635395655,0.02842229645124067,-0.591022126239438,0.10160767000523431,-0.008967506441790266,0.00022760933839592766,-0.009130328353882534,-0.008804684529697997,-0.009313391781089031,-0.008671371253545997,-0.07670433912441174,0.004321964517664794,-0.07979608628962255,-0.07361259195920093,-0.08290149250265408,-0.0709869928833238,23.897807636173955,0.0457942681414046,23.865048390203654,23.930566882144255,23.82855382330916,23.95097432978773,35.35550996848771,0.09767095576279623,35.285640375766896,35.42537956120852,35.23795867742835,35.50282072433694,34.39246639964183,0.07935009282099398,34.335702762750365,34.4492300365333,34.28205393417968,34.4972106161017,0.13886183901568516,0.0006576520722118148,0.13839138306408136,0.13933229496728897,0.1380619892927585,0.13986061801446417,0.0045306099226217564,5.1532554523523515e-05,0.004493745753859385,0.004567474091384128,0.00445645577302382,0.0045858936428463054,1.0,0.0,10,10,0.7224598312333834,1.0,1.0,1.0,1935.2332342999034,117.40795316389324,1851.2446441844527,2019.2218244153541,1775.7581394499994,2077.7316564498506
target_radial_speed_mps,2.0,Corrected JDL physical,scientific_controlled,10,10,0.0,18.855713700855244,0.8473060833581043,18.249587442626794,19.461839959083694,17.720439837178517,19.93646996353502,2.9397655439573045,0.09071505966147038,2.8748718995500107,3.0046591883645983,2.8100852455320804,3.050429489304565,-2.368351293953651,0.014864789839328376,-2.3789849240214953,-2.3577176638858064,-2.3889275782222232,-2.348607003255956,26.17226312182087,0.04240580450193522,26.1419278367158,26.202598406925937,26.112013584593566,26.221960971889896,37.97916511219258,0.07973913894183397,37.92212316847182,38.036207055913344,37.86348567432742,38.0860808158129,36.74632353560686,0.07109273278648721,36.69546685824143,36.79718021297229,36.65094819191899,36.829025351575844,0.15558448389217622,0.0006500491947664317,0.15511946671145846,0.15604950107289398,0.15475213675213675,0.15646022353714661,0.004317250796540737,4.006414932259519e-05,0.004288590630639689,0.004345910962441785,0.004273535882263693,0.004374336216052192,1.0,0.0,10,10,0.7224598312333834,1.0,1.0,1.0,4197.148751999521,196.13443081804024,4056.8426324088964,4337.454871590145,3854.3097480498545,4363.067660299839
target_radial_speed_mps,2.0,Current legacy CSI [production replay],production_replay,10,10,0.0,8.362373347538426,2.8176161068845462,6.346772207013688,10.377974488063165,4.482426261083352,12.846377338572786,4.122759829442048,0.027645276890457114,4.102983589700099,4.142536069183997,4.082739809429034,4.155134959464009,20.318689702891398,0.0750666869906148,20.26499022994191,20.372389175840887,20.220878391201907,20.437592298424594,7.08120476964459,0.08191003019179467,7.022609863875988,7.139799675413193,6.966669538429088,7.197802893501122,11.018432817189238,0.12501779844386432,10.929000471699146,11.10786516267933,10.851159402661766,11.197182754668466,10.00580532397041,0.11808241934879615,9.921334249811723,10.090276398129097,9.86777311769743,10.179194109211814,0.0007699821545975392,0.00013773249374852875,0.0006714542640135341,0.0008685100451815443,0.0006017657556119094,0.0009508781816474123,0.001989455317857685,0.00022054851915224608,0.0018316844115734226,0.002147226224141947,0.0016399256561978456,0.0022424518282506446,1.0,0.0,10,10,0.7224598312333834,1.0,1.0,1.0,235.89681399989786,16.003207573095647,224.4488089442867,247.34481905550902,220.67415379988233,261.8699958999059
target_radial_speed_mps,2.0,Current legacy CSI [scientific controlled],scientific_controlled,10,10,0.0,8.36251393902956,2.8173026586844827,6.347137025839411,10.377890852219709,4.483921570734594,12.846661832324457,4.123740878352146,0.02739937717992348,4.104140544666311,4.143341212037981,4.08431376021471,4.155798900423219,20.318665561011265,0.07510356792875589,20.264939705027974,20.372391416994557,20.22084733003868,20.437583235012625,7.081394207371099,0.08172704948109587,7.02293019811756,7.1398582166246385,6.966940059177182,7.197200827922739,11.018416846968085,0.12503504514702604,10.928972163929782,11.107861530006389,10.851593654965312,11.197265915124559,10.005914396067677,0.1180486280695962,9.921467494733928,10.090361297401426,9.867972197607083,10.179262867588994,0.0007701700009392317,0.00013783649773925564,0.0006715677103822082,0.0008687722914962552,0.0006009204470742932,0.0009498450267681036,0.0019896449704142013,0.0002220878314091726,0.0018307729064764519,0.0021485170343519505,0.001638029130632681,0.0022428311333636776,1.0,0.0,10,10,0.7224598312333834,1.0,1.0,1.0,242.30520510009228,13.812169041386538,232.4245745894576,252.18583561072697,221.22117575045195,256.57156135048353
target_radial_speed_mps,2.0,DL-SMI/MVDR global,scientific_controlled,10,10,0.0,-0.8093285286845202,0.7210685484062886,-1.3251498944884128,-0.2935071628806276,-1.6951616873169404,0.21184374417765997,-0.01261236820239045,6.253380725021973e-05,-0.012657102193265546,-0.012567634211515355,-0.012706713957325599,-0.012538123891403826,-0.8045954504211335,0.007957848687493052,-0.8102881524366574,-0.7989027484056095,-0.814660723325115,-0.7949575682646371,24.867284542320725,0.04773510645969022,24.833136904256005,24.901432180385445,24.80242629248904,24.924309185278346,36.21289522764313,0.09897811935694263,36.14209054641797,36.28369990886829,36.083817780875805,36.35433281246241,35.106473572355114,0.07839153137466431,35.050395649014106,35.16255149569612,34.99461419817157,35.209492777259875,0.15173382173382172,0.0007019212580836453,0.15123169751438137,0.15223594595326206,0.1508944303559688,0.1527960927960928,0.004361250189652556,5.151510235950473e-05,0.00432439850541624,0.0043981018738888725,0.0042897511758458505,0.004413783947807616,1.0,0.0,10,10,0.7224598312333834,1.0,1.0,1.0,2459.4435906004946,255.84747749375904,2276.421330691924,2642.465850509065,2138.5988185505084,2817.2476608008765
target_radial_speed_mps,2.0,DL-SMI/MVDR local,scientific_controlled,10,10,0.0,-0.2427286073575992,0.7661321840666488,-0.790786556140727,0.30532934142552853,-1.3223633561212922,0.8014906731190604,-0.012959202470188868,2.3254124655980214e-05,-0.012975837468854575,-0.012942567471523161,-0.012992901525471261,-0.012927218459463943,0.11925141256879956,0.0041313578301781775,0.11629601721381264,0.12220680792378649,0.11451351316304048,0.12576860910366452,23.60119662746456,0.04564030831131586,23.56854751772196,23.63384573720716,23.540971157959678,23.652850736482996,35.10192575551281,0.0894204778451298,35.03795819914822,35.1658933118774,34.9969836967892,35.23745926112878,34.20206688575592,0.0808283713997895,34.14424575207411,34.259888019437724,34.089818254408364,34.308823661386064,0.13510528787451864,0.0005934742495146486,0.13468074197159347,0.13552983377744382,0.13436244951629567,0.1360391659622429,0.00459850553785465,4.968148930879659e-05,0.0045629655413770955,0.004634045534332204,0.004524066909421939,0.004653409952966166,1.0,0.0,10,10,0.7224598312333834,1.0,1.0,1.0,1217.9694664006092,189.2414860490178,1082.5942624532015,1353.344670348017,1015.1668721004171,1524.2430535507083
target_radial_speed_mps,2.0,MNEC physical,scientific_controlled,10,10,0.0,-0.7617297918077348,0.7162431472162664,-1.2740992735461105,-0.2493603100693591,-1.6658563685090613,0.2580376779858551,-0.011422621683134643,6.513387632471265e-05,-0.011469215651378262,-0.011376027714891025,-0.011495919918218543,-0.011327031568572987,-0.22063337064116356,0.004725365240156341,-0.22401369329909523,-0.2172530479832319,-0.22768782493488315,-0.2160495095012457,24.183423054728785,0.04474511040906433,24.1514143309878,24.215431778469767,24.121495119750094,24.240657231295618,35.55887676983487,0.09374364911360603,35.49181660304754,35.625936936622196,35.43600568500011,35.6966934225193,34.523003053515716,0.07685247961144999,34.468026101482224,34.57798000554921,34.417068971232155,34.624123518185996,0.14379336902413825,0.0006410171813858921,0.14333481295656736,0.14425192509170914,0.14308058608058608,0.14478294355217433,0.004442990441511151,3.4020776625927545e-05,0.004418653444004213,0.004467327439018089,0.004391404946138674,0.004476179638901533,1.0,0.0,10,10,0.7224598312333834,1.0,1.0,1.0,2464.722505299869,146.20403434674836,2360.1344396444442,2569.310570955294,2252.479040799244,2653.788462049397
target_radial_speed_mps,2.0,Phase-only CSI [production replay],production_replay,10,10,0.0,3.99617439724638,2.456528561043864,2.238879726310396,5.753469068182364,0.17588197038872838,7.279714936203252,4.1567435640320305,0.003773918074045914,4.154043865675073,4.159443262388988,4.152413203317768,4.162155749004065,18.579730263384185,0.08320106996241124,18.520211803399746,18.639248723368624,18.460628706849132,18.69521496140479,8.748263751435635,0.11685176964401382,8.664673031042135,8.831854471829136,8.609510510655054,8.90669227019329,12.845489798268414,0.16388793475333266,12.728251432332073,12.962728164204755,12.631816378298607,13.090021762549275,11.758718535642902,0.15875618994606747,11.645151198794283,11.872285872491522,11.56308522905054,11.993462372688493,0.0029039165962242886,0.00041799781173306865,0.002604898974906957,0.0032029342175416203,0.0023348361040668735,0.0035113177420869725,0.0002943407677135488,0.00013090392871722666,0.00020069773828277525,0.00038798379714432234,0.00014802382036109847,0.0004955621301775148,1.0,0.0,10,10,0.7224598312333834,1.0,1.0,1.0,234.65626709967182,16.98624351957679,222.50504049089633,246.8074937084473,211.12150885055598,253.0907411489352
target_radial_speed_mps,2.0,Phase-only CSI [scientific controlled],scientific_controlled,10,10,0.0,3.996552586478482,2.456210273147186,2.2394856049874834,5.753619567969481,0.1771605604162984,7.280174829752094,4.157726721010599,0.003684758616477617,4.155090803487348,4.16036263853385,4.153676088917123,4.162999651339707,18.57971037341853,0.08322495213479524,18.520174829157146,18.63924591767991,18.460610363558903,18.695200094574467,8.748046617705402,0.11710082381258702,8.664277734692444,8.83181550071836,8.60853034202565,8.906691972030245,12.845623966027148,0.16347029292940002,12.728684363053793,12.962563569000503,12.632978481019578,13.090510826706248,11.758785775654472,0.1587358097818227,11.64523301789709,11.872338533411854,11.563236390762462,11.99348077768281,0.0029046679815910585,0.00041903729079591597,0.0026049067617474734,0.0032044292014346437,0.0023346482577251805,0.0035131962055038974,0.00029301319981793353,0.0001298446901883463,0.00020012790398389884,0.0003858984956519682,0.0001471703838567744,0.0004926225155515095,1.0,0.0,10,10,0.7224598312333834,1.0,1.0,1.0,234.5803011996395,15.03524175246823,223.8247371785889,245.33586522069012,216.32566759926704,252.94155179917652
target_radial_speed_mps,2.0,Row complex LS / Wiener [scientific controlled],scientific_controlled,10,10,0.0,2.858721197700312,2.2728347619878324,1.232833154508961,4.484609240891663,-0.4674195332490047,6.127502992859953,1.702467416218268,0.0791054178646953,1.6458788092465166,1.7590560231900194,1.5647241332481518,1.7880687166488036,18.775203803489582,0.07810580915015924,18.719330273515073,18.83107733346409,18.669689807340763,18.88859226844867,8.526628860251249,0.1077204095061718,8.449570321393553,8.603687399108944,8.389973713686459,8.661728876960487,12.56688341222699,0.15869780049180324,12.453357844677715,12.680408979776264,12.352243568561754,12.778298420684457,11.510984041352277,0.14860488243021022,11.404678512440084,11.61728957026447,11.322833236583836,11.719999366676408,0.00241626749319057,0.00034595252756764675,0.002168787963445911,0.0026637470229352294,0.0019381985535831688,0.002914717760871607,0.00036071916249431045,0.00012177144828191321,0.00027360911601187433,0.00044782920897674656,0.00023867774237596722,0.0005658284023668639,1.0,0.0,10,10,0.7224598312333834,1.0,1.0,1.0,229.33410890036612,10.668474859586954,221.70234173304274,236.9658760676895,218.0511371006105,244.20393380069072
target_radial_speed_mps,2.0,Row complex LS / Wiener robust IRLS [scientific controlled],scientific_controlled,10,10,0.0,2.945315829092197,2.3019204680188645,1.298621125225578,4.592010532958816,-0.4757473371917554,6.191155413460324,1.8263128650387532,0.061018684831945835,1.7826627274490092,1.8699630026284972,1.7235348647810036,1.8883511518404763,18.773625315248644,0.07829450010168587,18.717616803898864,18.829633826598425,18.66767800155958,18.88719249997386,8.532288009084722,0.10879059498529943,8.454463905653828,8.610112112515615,8.393739646667056,8.670726075411881,12.57905251411908,0.1616665111472867,12.463403258900481,12.69470176933768,12.361908800107658,12.796312504197672,11.524815826662689,0.14973456889889902,11.4177021687335,11.631929484591877,11.336338428647908,11.736805772063784,0.002450831220061989,0.0003488057544452221,0.0022013106147660633,0.002700351825357915,0.0019813092890015966,0.002960646191415422,0.00037039144287665,0.00012408054644111007,0.0002816295670793939,0.00045915331867390607,0.00024038461538461537,0.0005815695645577302,1.0,0.0,10,10,0.7224598312333834,1.0,1.0,1.0,362.4266393002472,49.34325612652612,327.12860026546906,397.7246783350253,307.2872797491982,431.9107573008296
target_radial_speed_mps,2.0,SA-MNEC physical [approximate academic reference],scientific_controlled,10,10,0.0,-0.8941643301833337,0.7151092669582259,-1.4057226828485399,-0.3826059775181275,-1.7669433050342527,0.09446331876935618,0.006316597912933712,0.0012829353146402264,0.00539884127565088,0.007234354550216544,0.004425049900742061,0.007668424395355729,-0.21813590743227912,0.0045446484356221175,-0.22138695307605646,-0.21488486178850177,-0.22499577062106127,-0.2137390982002126,24.182195003912934,0.04417865599830736,24.15059149724662,24.21379851057925,24.12222463924302,24.237456913924824,35.549530454596706,0.09445904338096683,35.48195852557971,35.617102383613705,35.430424732664754,35.689435235485114,34.51989782380913,0.07650434057252416,34.46516991544138,34.574625732176884,34.41378525366372,34.61875581711357,0.14387977834131677,0.0006261032507774374,0.1434318910570023,0.14432766562563124,0.14319094580633043,0.14484681130834978,0.004440714610832954,4.504220490198681e-05,0.004408493358494722,0.0044729358631711855,0.004368741465634957,0.004484619177666515,1.0,0.0,10,10,0.7224598312333834,1.0,1.0,1.0,7769.5517289001145,417.02399818286955,7471.230731831077,8067.872725969152,7188.196491099552,8272.785737800677
target_radial_speed_mps,2.0,Shrinkage-SMI/MVDR global,scientific_controlled,10,10,0.0,-0.757151474715991,0.7230239967099359,-1.274371683968229,-0.23993126546375276,-1.6584888063861556,0.26990974493494546,-0.012595258005881748,6.267084543665789e-05,-0.012640090027969899,-0.012550425983793597,-0.012690048698809483,-0.012520005289125712,-0.6153364466194383,0.007701527560521179,-0.6208457875466284,-0.6098271056922482,-0.6256698721283086,-0.6046397552280455,24.63926855381763,0.04584061027847326,24.606476156679538,24.67206095095572,24.573298983617562,24.695475481240443,36.0125867103983,0.09926668727271215,35.941575600121745,36.08359782067486,35.88938693563907,36.15613954730113,34.91836932306952,0.07781826483942368,34.86270148990348,34.97403715623556,34.809544726471145,35.02260842196998,0.14889790551329013,0.0006955800073206961,0.14840031755137575,0.1493954934752045,0.1480515638207946,0.14991753545599698,0.004379456835078137,3.33893845376431e-05,0.004355571508261949,0.004403342161894325,0.004325974814140494,0.004417387346381429,1.0,0.0,10,10,0.7224598312333834,1.0,1.0,1.0,3995.2341055000943,157.6921745623344,3882.4279194043206,4108.0402915958675,3761.9497816002877,4177.727546300048
target_radial_speed_mps,2.0,Shrinkage-SMI/MVDR local,scientific_controlled,10,10,0.0,-0.25232347483097256,0.7644936869667622,-0.7992093133982308,0.2945623637362857,-1.3284104147935478,0.7897678496527206,-0.012839872227710719,2.4731073224519416e-05,-0.012857563771734741,-0.012822180683686697,-0.012876679575410742,-0.012807241608675433,-0.07670433912441174,0.004321964517664794,-0.07979608628962255,-0.07361259195920093,-0.08290149250265408,-0.0709869928833238,23.897807636173955,0.0457942681414046,23.865048390203654,23.930566882144255,23.82855382330916,23.95097432978773,35.35550996848771,0.09767095576279623,35.285640375766896,35.42537956120852,35.23795867742835,35.50282072433694,34.39246639964183,0.07935009282099398,34.335702762750365,34.4492300365333,34.28205393417968,34.4972106161017,0.13886183901568516,0.0006576520722118148,0.13839138306408136,0.13933229496728897,0.1380619892927585,0.13986061801446417,0.0045306099226217564,5.1532554523523515e-05,0.004493745753859385,0.004567474091384128,0.00445645577302382,0.0045858936428463054,1.0,0.0,10,10,0.7224598312333834,1.0,1.0,1.0,1789.8747282995828,170.7502178440839,1667.7273807633255,1912.02207583584,1577.4409069996182,2047.795584949563
target_radial_speed_mps,3.0,Corrected JDL physical,scientific_controlled,10,10,0.0,19.35624709441388,0.7397105304627926,18.827090058004288,19.885404130823474,18.596112193757484,20.5106563644869,2.7179793215706374,0.08866278759841247,2.654553784156649,2.781404858984626,2.582605902980016,2.8216337140355985,-2.368351293953651,0.014864789839328376,-2.3789849240214953,-2.3577176638858064,-2.3889275782222232,-2.348607003255956,26.17226312182087,0.04240580450193522,26.1419278367158,26.202598406925937,26.112013584593566,26.221960971889896,37.97916511219258,0.07973913894183397,37.92212316847182,38.036207055913344,37.86348567432742,38.0860808158129,36.74632353560686,0.07109273278648721,36.69546685824143,36.79718021297229,36.65094819191899,36.829025351575844,0.15558448389217622,0.0006500491947664317,0.15511946671145846,0.15604950107289398,0.15475213675213675,0.15646022353714661,0.004317250796540737,4.006414932259519e-05,0.004288590630639689,0.004345910962441785,0.004273535882263693,0.004374336216052192,1.0,0.0,10,10,0.7224598312333834,1.0,1.0,1.0,4195.10591909966,247.17583837779827,4018.286976119057,4371.924862080264,3767.1857757,4438.4438363998015
target_radial_speed_mps,3.0,Current legacy CSI [production replay],production_replay,10,10,0.0,0.0,0.0,0.0,0.0,0.0,0.0,0.0,0.0,0.0,0.0,0.0,0.0,20.318671980579445,0.07509146473948143,20.264954782696186,20.372389178462704,20.220859224844453,20.437573972417884,7.081486764635969,0.08211998135650575,7.022741668851767,7.140231860420171,6.9663910111126235,7.197808103325383,11.018622893437723,0.1249044858412526,10.929271606900446,11.107974179974999,10.851765242936409,11.197457038960836,10.005942698467376,0.11806055639085301,9.92148726412664,10.090398132808112,9.867981713350797,10.179296913060561,0.0007711092326476942,0.0001388433125296337,0.000671786710177308,0.0008704317551180803,0.0006017657556119094,0.0009537897999436461,0.0019898346229707173,0.0002214378932869751,0.0018314274967571565,0.0021482417491842784,0.0016390722196935215,0.0022419776968593537,1.0,0.0,10,10,0.7224598312333834,1.0,1.0,1.0,244.59782519988948,17.67130341847193,231.95653626141373,257.23911413836527,219.45507504997295,263.1089086497923
target_radial_speed_mps,3.0,Current legacy CSI [scientific controlled],scientific_controlled,10,10,0.0,0.0,0.0,0.0,0.0,0.0,0.0,0.0,0.0,0.0,0.0,0.0,0.0,20.318665561011265,0.07510356792875589,20.264939705027974,20.372391416994557,20.22084733003868,20.437583235012625,7.081394207371099,0.08172704948109587,7.02293019811756,7.1398582166246385,6.966940059177182,7.197200827922739,11.018416846968085,0.12503504514702604,10.928972163929782,11.107861530006389,10.851593654965312,11.197265915124559,10.005914396067677,0.1180486280695962,9.921467494733928,10.090361297401426,9.867972197607083,10.179262867588994,0.0007701700009392317,0.00013783649773925564,0.0006715677103822082,0.0008687722914962552,0.0006009204470742932,0.0009498450267681036,0.0019896449704142013,0.0002220878314091726,0.0018307729064764519,0.0021485170343519505,0.001638029130632681,0.0022428311333636776,1.0,0.0,10,10,0.7224598312333834,1.0,1.0,1.0,242.9460982000819,13.309367669703803,233.42515012302817,252.46704627713564,221.76090309958454,254.59704150052858
target_radial_speed_mps,3.0,DL-SMI/MVDR global,scientific_controlled,10,10,0.0,-0.7752085743681587,0.6056873781943988,-1.208491223238285,-0.34192592549803247,-1.4029346863191023,0.14294213158062213,-0.012106563346973355,7.135780157801848e-05,-0.012157609643129372,-0.012055517050817338,-0.0122022298608918,-0.012010409198469511,-0.8045954504211335,0.007957848687493052,-0.8102881524366574,-0.7989027484056095,-0.814660723325115,-0.7949575682646371,24.867284542320725,0.04773510645969022,24.833136904256005,24.901432180385445,24.80242629248904,24.924309185278346,36.21289522764313,0.09897811935694263,36.14209054641797,36.28369990886829,36.083817780875805,36.35433281246241,35.106473572355114,0.07839153137466431,35.050395649014106,35.16255149569612,34.99461419817157,35.209492777259875,0.15173382173382172,0.0007019212580836453,0.15123169751438137,0.15223594595326206,0.1508944303559688,0.1527960927960928,0.004361250189652556,5.151510235950473e-05,0.00432439850541624,0.0043981018738888725,0.0042897511758458505,0.004413783947807616,1.0,0.0,10,10,0.7224598312333834,1.0,1.0,1.0,2431.0952122001254,267.9471037189801,2239.4174011112896,2622.773023288961,2094.3070619003265,2784.7665619005056
target_radial_speed_mps,3.0,DL-SMI/MVDR local,scientific_controlled,10,10,0.0,-0.7249996197089302,0.6069476948741777,-1.159183844819687,-0.29081539459817357,-1.3579085698843838,0.149717853302397,-0.012424975505012573,3.156367872365184e-05,-0.012447554800566392,-0.012402396209458754,-0.012467874588661528,-0.012381144447749985,0.11925141256879956,0.0041313578301781775,0.11629601721381264,0.12220680792378649,0.11451351316304048,0.12576860910366452,23.60119662746456,0.04564030831131586,23.56854751772196,23.63384573720716,23.540971157959678,23.652850736482996,35.10192575551281,0.0894204778451298,35.03795819914822,35.1658933118774,34.9969836967892,35.23745926112878,34.20206688575592,0.0808283713997895,34.14424575207411,34.259888019437724,34.089818254408364,34.308823661386064,0.13510528787451864,0.0005934742495146486,0.13468074197159347,0.13552983377744382,0.13436244951629567,0.1360391659622429,0.00459850553785465,4.968148930879659e-05,0.0045629655413770955,0.004634045534332204,0.004524066909421939,0.004653409952966166,1.0,0.0,10,10,0.7224598312333834,1.0,1.0,1.0,1269.4526860001133,179.6466019983138,1140.9412486206732,1397.9641233795535,1096.3773016498635,1582.1565850000297
target_radial_speed_mps,3.0,MNEC physical,scientific_controlled,10,10,0.0,-0.7597673993564953,0.59907634960631,-1.1883208032703498,-0.3312139954426407,-1.3617757315228314,0.14568657120173803,-0.012032379576778229,6.31896497701745e-05,-0.012077582729129224,-0.011987176424427233,-0.012123457082241431,-0.011954650734519411,-0.22063337064116356,0.004725365240156341,-0.22401369329909523,-0.2172530479832319,-0.22768782493488315,-0.2160495095012457,24.183423054728785,0.04474511040906433,24.1514143309878,24.215431778469767,24.121495119750094,24.240657231295618,35.55887676983487,0.09374364911360603,35.49181660304754,35.625936936622196,35.43600568500011,35.6966934225193,34.523003053515716,0.07685247961144999,34.468026101482224,34.57798000554921,34.417068971232155,34.624123518185996,0.14379336902413825,0.0006410171813858921,0.14333481295656736,0.14425192509170914,0.14308058608058608,0.14478294355217433,0.004442990441511151,3.4020776625927545e-05,0.004418653444004213,0.004467327439018089,0.004391404946138674,0.004476179638901533,1.0,0.0,10,10,0.7224598312333834,1.0,1.0,1.0,2488.3761877001234,215.83550469364965,2333.9767688569095,2642.7756065433373,2160.67642335056,2740.46856929981
target_radial_speed_mps,3.0,Phase-only CSI [production replay],production_replay,10,10,0.0,0.0,0.0,0.0,0.0,0.0,0.0,0.0,0.0,0.0,0.0,0.0,0.0,18.57970354405436,0.08321751469330961,18.52017332021811,18.639233767890612,18.460603912413138,18.695177345243614,8.74833917705979,0.11697517597458522,8.664660177095472,8.832018177024109,8.608992957081162,8.90680036463986,12.845750236605094,0.16360854823863338,12.728711731741486,12.962788741468701,12.632289544295944,13.089933910770913,11.758832800118252,0.15875342479500326,11.645267441339541,11.872398158896964,11.563275646624636,11.9935459629767,0.0029046679815910585,0.0004186207224815087,0.0026052047567680066,0.0032041312064141104,0.0023356814126044897,0.003513008359162205,0.00029320285237445,0.00012988146556307516,0.0002002912490221322,0.0003861144557267678,0.0001471703838567744,0.0004924328629949931,1.0,0.0,10,10,0.7224598312333834,1.0,1.0,1.0,240.56908470010967,14.373240972221147,230.2870875089881,250.85108189123125,219.64063785007966,254.7776613498172
target_radial_speed_mps,3.0,Phase-only CSI [scientific controlled],scientific_controlled,10,10,0.0,0.0,0.0,0.0,0.0,0.0,0.0,0.0,0.0,0.0,0.0,0.0,0.0,18.57971037341853,0.08322495213479524,18.520174829157146,18.63924591767991,18.460610363558903,18.695200094574467,8.748046617705402,0.11710082381258702,8.664277734692444,8.83181550071836,8.60853034202565,8.906691972030245,12.845623966027148,0.16347029292940002,12.728684363053793,12.962563569000503,12.632978481019578,13.090510826706248,11.758785775654472,0.1587358097818227,11.64523301789709,11.872338533411854,11.563236390762462,11.99348077768281,0.0029046679815910585,0.00041903729079591597,0.0026049067617474734,0.0032044292014346437,0.0023346482577251805,0.0035131962055038974,0.00029301319981793353,0.0001298446901883463,0.00020012790398389884,0.0003858984956519682,0.0001471703838567744,0.0004926225155515095,1.0,0.0,10,10,0.7224598312333834,1.0,1.0,1.0,237.0390200001566,11.910777906718385,228.51856276871936,245.55947723159383,222.16662119981265,250.66927495017808
target_radial_speed_mps,3.0,Row complex LS / Wiener [scientific controlled],scientific_controlled,10,10,0.0,0.0,0.0,0.0,0.0,0.0,0.0,0.0,0.0,0.0,0.0,0.0,0.0,18.775203803489582,0.07810580915015924,18.719330273515073,18.83107733346409,18.669689807340763,18.88859226844867,8.526628860251249,0.1077204095061718,8.449570321393553,8.603687399108944,8.389973713686459,8.661728876960487,12.56688341222699,0.15869780049180324,12.453357844677715,12.680408979776264,12.352243568561754,12.778298420684457,11.510984041352277,0.14860488243021022,11.404678512440084,11.61728957026447,11.322833236583836,11.719999366676408,0.00241626749319057,0.00034595252756764675,0.002168787963445911,0.0026637470229352294,0.0019381985535831688,0.002914717760871607,0.00036071916249431045,0.00012177144828191321,0.00027360911601187433,0.00044782920897674656,0.00023867774237596722,0.0005658284023668639,1.0,0.0,10,10,0.7224598312333834,1.0,1.0,1.0,231.17230520019802,9.64390686620618,224.2734698226091,238.07114057778696,219.86495895007465,245.47430920056286
target_radial_speed_mps,3.0,Row complex LS / Wiener robust IRLS [scientific controlled],scientific_controlled,10,10,0.0,0.0,0.0,0.0,0.0,0.0,0.0,0.0,0.0,0.0,0.0,0.0,0.0,18.773625315248644,0.07829450010168587,18.717616803898864,18.829633826598425,18.66767800155958,18.88719249997386,8.532288009084722,0.10879059498529943,8.454463905653828,8.610112112515615,8.393739646667056,8.670726075411881,12.57905251411908,0.1616665111472867,12.463403258900481,12.69470176933768,12.361908800107658,12.796312504197672,11.524815826662689,0.14973456889889902,11.4177021687335,11.631929484591877,11.336338428647908,11.736805772063784,0.002450831220061989,0.0003488057544452221,0.0022013106147660633,0.002700351825357915,0.0019813092890015966,0.002960646191415422,0.00037039144287665,0.00012408054644111007,0.0002816295670793939,0.00045915331867390607,0.00024038461538461537,0.0005815695645577302,1.0,0.0,10,10,0.7224598312333834,1.0,1.0,1.0,364.25397469993186,58.0747638300153,322.7097913296456,405.7981580702181,303.8838765995024,440.54962945074294
target_radial_speed_mps,3.0,SA-MNEC physical [approximate academic reference],scientific_controlled,10,10,0.0,-0.7986299569348496,0.6138613098323883,-1.2377598842514068,-0.3595000296182923,-1.4230129223022179,0.141063349701062,0.005150548850379892,0.0012749608753702443,0.004238496783300343,0.006062600917459441,0.003101686946830083,0.006331780105073708,-0.21813590743227912,0.0045446484356221175,-0.22138695307605646,-0.21488486178850177,-0.22499577062106127,-0.2137390982002126,24.182195003912934,0.04417865599830736,24.15059149724662,24.21379851057925,24.12222463924302,24.237456913924824,35.549530454596706,0.09445904338096683,35.48195852557971,35.617102383613705,35.430424732664754,35.689435235485114,34.51989782380913,0.07650434057252416,34.46516991544138,34.574625732176884,34.41378525366372,34.61875581711357,0.14387977834131677,0.0006261032507774374,0.1434318910570023,0.14432766562563124,0.14319094580633043,0.14484681130834978,0.004440714610832954,4.504220490198681e-05,0.004408493358494722,0.0044729358631711855,0.004368741465634957,0.004484619177666515,1.0,0.0,10,10,0.7224598312333834,1.0,1.0,1.0,7789.274894899609,408.83551228384795,7496.811587768143,8081.738202031074,7176.926458399976,8233.808297149972
target_radial_speed_mps,3.0,Shrinkage-SMI/MVDR global,scientific_controlled,10,10,0.0,-0.7695185502089494,0.6055453055031697,-1.2026995663982505,-0.33633753401964833,-1.3917434197145706,0.14413064887134738,-0.012092951882684755,7.171493570973586e-05,-0.012144253657208264,-0.012041650108161245,-0.012188726884526905,-0.01199649745314909,-0.6153364466194383,0.007701527560521179,-0.6208457875466284,-0.6098271056922482,-0.6256698721283086,-0.6046397552280455,24.63926855381763,0.04584061027847326,24.606476156679538,24.67206095095572,24.573298983617562,24.695475481240443,36.0125867103983,0.09926668727271215,35.941575600121745,36.08359782067486,35.88938693563907,36.15613954730113,34.91836932306952,0.07781826483942368,34.86270148990348,34.97403715623556,34.809544726471145,35.02260842196998,0.14889790551329013,0.0006955800073206961,0.14840031755137575,0.1493954934752045,0.1480515638207946,0.14991753545599698,0.004379456835078137,3.33893845376431e-05,0.004355571508261949,0.004403342161894325,0.004325974814140494,0.004417387346381429,1.0,0.0,10,10,0.7224598312333834,1.0,1.0,1.0,4053.4706276999714,224.4210137715228,3892.9295056463507,4214.011749753592,3745.8997369002645,4287.638433749453
target_radial_speed_mps,3.0,Shrinkage-SMI/MVDR local,scientific_controlled,10,10,0.0,-0.7256391800108798,0.6063296245735578,-1.1593812642636927,-0.2918970957580668,-1.3562102692623514,0.1494610754936702,-0.012333992925124621,3.1959981091576764e-05,-0.012356855718314201,-0.012311130131935041,-0.012378985771404966,-0.01229240347680265,-0.07670433912441174,0.004321964517664794,-0.07979608628962255,-0.07361259195920093,-0.08290149250265408,-0.0709869928833238,23.897807636173955,0.0457942681414046,23.865048390203654,23.930566882144255,23.82855382330916,23.95097432978773,35.35550996848771,0.09767095576279623,35.285640375766896,35.42537956120852,35.23795867742835,35.50282072433694,34.39246639964183,0.07935009282099398,34.335702762750365,34.4492300365333,34.28205393417968,34.4972106161017,0.13886183901568516,0.0006576520722118148,0.13839138306408136,0.13933229496728897,0.1380619892927585,0.13986061801446417,0.0045306099226217564,5.1532554523523515e-05,0.004493745753859385,0.004567474091384128,0.00445645577302382,0.0045858936428463054,1.0,0.0,10,10,0.7224598312333834,1.0,1.0,1.0,1783.51685539983,249.68309955761583,1604.9043258190911,1962.129384980569,1479.0736389494668,2164.3528423001044
target_radial_speed_mps,4.0,Corrected JDL physical,scientific_controlled,10,10,0.0,20.011131181879506,0.7121674392383891,19.501677285989956,20.520585077769056,19.248350692711956,21.097808403404265,3.1079875237187897,0.09970427978922011,3.03666337861353,3.1793116688240493,2.998230667417615,3.2276849498356457,-2.368351293953651,0.014864789839328376,-2.3789849240214953,-2.3577176638858064,-2.3889275782222232,-2.348607003255956,26.17226312182087,0.04240580450193522,26.1419278367158,26.202598406925937,26.112013584593566,26.221960971889896,37.97916511219258,0.07973913894183397,37.92212316847182,38.036207055913344,37.86348567432742,38.0860808158129,36.74632353560686,0.07109273278648721,36.69546685824143,36.79718021297229,36.65094819191899,36.829025351575844,0.15558448389217622,0.0006500491947664317,0.15511946671145846,0.15604950107289398,0.15475213675213675,0.15646022353714661,0.004317250796540737,4.006414932259519e-05,0.004288590630639689,0.004345910962441785,0.004273535882263693,0.004374336216052192,1.0,0.0,10,10,0.7224598312333834,1.0,1.0,1.0,4098.107397800231,253.03277959776824,3917.0986514698698,4279.116144130593,3690.384367900697,4319.697768299557
target_radial_speed_mps,4.0,Current legacy CSI [production replay],production_replay,10,10,0.0,0.0,0.0,0.0,0.0,0.0,0.0,0.0,0.0,0.0,0.0,0.0,0.0,20.31858483777721,0.07514788359593867,20.264827280275355,20.372342395279063,20.220769629549785,20.43754856458876,7.0815829062228755,0.08190976136259334,7.022988192763099,7.140177619682652,6.966927033883242,7.1976452447301265,11.018370762104807,0.12485711695320778,10.929053361228723,11.10768816298089,10.851972001211635,11.197330011002409,10.006008529099997,0.11803711492318618,9.921569863775042,10.090447194424952,9.86807614676399,10.179333226837715,0.0007697943082558467,0.00013868381591347704,0.0006705858827913123,0.0008690027337203811,0.0006017657556119094,0.0009517234901850285,0.0019866105295099383,0.00022142607169828115,0.0018282118599514895,0.002145009199068387,0.0016375549992413898,0.0022381846457290243,1.0,0.0,10,10,0.7224598312333834,1.0,1.0,1.0,240.82857860012155,16.237802307614103,229.2127545810607,252.4444026191824,219.68978820050324,265.18134124899007
target_radial_speed_mps,4.0,Current legacy CSI [scientific controlled],scientific_controlled,10,10,0.0,0.0,0.0,0.0,0.0,0.0,0.0,0.0,0.0,0.0,0.0,0.0,0.0,20.318665561011265,0.07510356792875589,20.264939705027974,20.372391416994557,20.22084733003868,20.437583235012625,7.081394207371099,0.08172704948109587,7.02293019811756,7.1398582166246385,6.966940059177182,7.197200827922739,11.018416846968085,0.12503504514702604,10.928972163929782,11.107861530006389,10.851593654965312,11.197265915124559,10.005914396067677,0.1180486280695962,9.921467494733928,10.090361297401426,9.867972197607083,10.179262867588994,0.0007701700009392317,0.00013783649773925564,0.0006715677103822082,0.0008687722914962552,0.0006009204470742932,0.0009498450267681036,0.0019896449704142013,0.0002220878314091726,0.0018307729064764519,0.0021485170343519505,0.001638029130632681,0.0022428311333636776,1.0,0.0,10,10,0.7224598312333834,1.0,1.0,1.0,242.31333199986693,17.847132825967048,229.54626228046115,255.08040171927271,211.8892612993477,260.27166775002115
target_radial_speed_mps,4.0,DL-SMI/MVDR global,scientific_controlled,10,10,0.0,-0.7352808128549512,0.5884947822725435,-1.1562646195002617,-0.31429700620964063,-1.3884910203525305,0.15825951419785855,-0.011830289130825265,0.00013458887911096544,-0.011926568214968477,-0.011734010046682052,-0.01200857629513512,-0.01167155929719415,-0.8045954504211335,0.007957848687493052,-0.8102881524366574,-0.7989027484056095,-0.814660723325115,-0.7949575682646371,24.867284542320725,0.04773510645969022,24.833136904256005,24.901432180385445,24.80242629248904,24.924309185278346,36.21289522764313,0.09897811935694263,36.14209054641797,36.28369990886829,36.083817780875805,36.35433281246241,35.106473572355114,0.07839153137466431,35.050395649014106,35.16255149569612,34.99461419817157,35.209492777259875,0.15173382173382172,0.0007019212580836453,0.15123169751438137,0.15223594595326206,0.1508944303559688,0.1527960927960928,0.004361250189652556,5.151510235950473e-05,0.00432439850541624,0.0043981018738888725,0.0042897511758458505,0.004413783947807616,1.0,0.0,10,10,0.7224598312333834,1.0,1.0,1.0,2349.302428399642,255.70813613123744,2166.379847297043,2532.225009502241,1949.8248796495318,2631.4568350000627
target_radial_speed_mps,4.0,DL-SMI/MVDR local,scientific_controlled,10,10,0.0,-0.744241900997622,0.5923328971989834,-1.1679713296615941,-0.32051247233365,-1.374492129286266,0.1405690466003767,-0.012136100677845058,0.00012099082546759722,-0.01222265230040629,-0.012049549055283826,-0.012313194538915148,-0.012021712726202402,0.11925141256879956,0.0041313578301781775,0.11629601721381264,0.12220680792378649,0.11451351316304048,0.12576860910366452,23.60119662746456,0.04564030831131586,23.56854751772196,23.63384573720716,23.540971157959678,23.652850736482996,35.10192575551281,0.0894204778451298,35.03795819914822,35.1658933118774,34.9969836967892,35.23745926112878,34.20206688575592,0.0808283713997895,34.14424575207411,34.259888019437724,34.089818254408364,34.308823661386064,0.13510528787451864,0.0005934742495146486,0.13468074197159347,0.13552983377744382,0.13436244951629567,0.1360391659622429,0.00459850553785465,4.968148930879659e-05,0.0045629655413770955,0.004634045534332204,0.004524066909421939,0.004653409952966166,1.0,0.0,10,10,0.7224598312333834,1.0,1.0,1.0,1399.6399065001242,213.88928546747294,1246.6327290209513,1552.6470839792971,1096.8517036000776,1625.5138766992786
target_radial_speed_mps,4.0,MNEC physical,scientific_controlled,10,10,0.0,-0.7326871020937794,0.584862980726616,-1.151072874421979,-0.3143013297655799,-1.3758339378717395,0.15494746033142398,-0.011924399047060904,0.00013048364871943316,-0.012017741426292802,-0.011831056667829007,-0.012100829119756334,-0.011777407383483218,-0.22063337064116356,0.004725365240156341,-0.22401369329909523,-0.2172530479832319,-0.22768782493488315,-0.2160495095012457,24.183423054728785,0.04474511040906433,24.1514143309878,24.215431778469767,24.121495119750094,24.240657231295618,35.55887676983487,0.09374364911360603,35.49181660304754,35.625936936622196,35.43600568500011,35.6966934225193,34.523003053515716,0.07685247961144999,34.468026101482224,34.57798000554921,34.417068971232155,34.624123518185996,0.14379336902413825,0.0006410171813858921,0.14333481295656736,0.14425192509170914,0.14308058608058608,0.14478294355217433,0.004442990441511151,3.4020776625927545e-05,0.004418653444004213,0.004467327439018089,0.004391404946138674,0.004476179638901533,1.0,0.0,10,10,0.7224598312333834,1.0,1.0,1.0,2355.79427929988,230.512538019395,2190.8955433074602,2520.6930152923,1966.0867049004082,2592.493942898818
target_radial_speed_mps,4.0,Phase-only CSI [production replay],production_replay,10,10,0.0,0.0,0.0,0.0,0.0,0.0,0.0,0.0,0.0,0.0,0.0,0.0,0.0,18.57967065107191,0.08325647926281358,18.520112553661775,18.639228748482047,18.460575513964336,18.69519482792883,8.748564969466335,0.11708979660363468,8.664803974843455,8.832325964089215,8.60909043213146,8.90701838607709,12.845376926237515,0.1634764066076663,12.72843294980219,12.96232090267284,12.63359591128014,13.091383976533173,11.758806934989979,0.15873156757567397,11.645257211924061,11.872356658055896,11.56323297967935,11.99346150183338,0.0029050436742744435,0.00041830422803102536,0.0026058068559422563,0.0032042804926066307,0.0023354935662627968,0.003513477975016436,0.00029282354726141706,0.00013098450226785657,0.00019912287898475923,0.00038652421553807487,0.00014423076923076922,0.0004951828250644818,1.0,0.0,10,10,0.7224598312333834,1.0,1.0,1.0,240.46461839989206,16.630101562233207,228.56816039981967,252.36107639996445,215.16284570079733,258.336340248934
target_radial_speed_mps,4.0,Phase-only CSI [scientific controlled],scientific_controlled,10,10,0.0,0.0,0.0,0.0,0.0,0.0,0.0,0.0,0.0,0.0,0.0,0.0,0.0,18.57971037341853,0.08322495213479524,18.520174829157146,18.63924591767991,18.460610363558903,18.695200094574467,8.748046617705402,0.11710082381258702,8.664277734692444,8.83181550071836,8.60853034202565,8.906691972030245,12.845623966027148,0.16347029292940002,12.728684363053793,12.962563569000503,12.632978481019578,13.090510826706248,11.758785775654472,0.1587358097818227,11.64523301789709,11.872338533411854,11.563236390762462,11.99348077768281,0.0029046679815910585,0.00041903729079591597,0.0026049067617474734,0.0032044292014346437,0.0023346482577251805,0.0035131962055038974,0.00029301319981793353,0.0001298446901883463,0.00020012790398389884,0.0003858984956519682,0.0001471703838567744,0.0004926225155515095,1.0,0.0,10,10,0.7224598312333834,1.0,1.0,1.0,239.57298210007139,16.06858288459845,228.0782103638946,251.06775383624816,213.96791649995066,255.6464497009074
target_radial_speed_mps,4.0,Row complex LS / Wiener [scientific controlled],scientific_controlled,10,10,0.0,0.0,0.0,0.0,0.0,0.0,0.0,0.0,0.0,0.0,0.0,0.0,0.0,18.775203803489582,0.07810580915015924,18.719330273515073,18.83107733346409,18.669689807340763,18.88859226844867,8.526628860251249,0.1077204095061718,8.449570321393553,8.603687399108944,8.389973713686459,8.661728876960487,12.56688341222699,0.15869780049180324,12.453357844677715,12.680408979776264,12.352243568561754,12.778298420684457,11.510984041352277,0.14860488243021022,11.404678512440084,11.61728957026447,11.322833236583836,11.719999366676408,0.00241626749319057,0.00034595252756764675,0.002168787963445911,0.0026637470229352294,0.0019381985535831688,0.002914717760871607,0.00036071916249431045,0.00012177144828191321,0.00027360911601187433,0.00044782920897674656,0.00023867774237596722,0.0005658284023668639,1.0,0.0,10,10,0.7224598312333834,1.0,1.0,1.0,236.21524580012192,17.34816900166815,223.80511329827397,248.62537830196987,208.054892950895,257.4087979003707
target_radial_speed_mps,4.0,Row complex LS / Wiener robust IRLS [scientific controlled],scientific_controlled,10,10,0.0,0.0,0.0,0.0,0.0,0.0,0.0,0.0,0.0,0.0,0.0,0.0,0.0,18.773625315248644,0.07829450010168587,18.717616803898864,18.829633826598425,18.66767800155958,18.88719249997386,8.532288009084722,0.10879059498529943,8.454463905653828,8.610112112515615,8.393739646667056,8.670726075411881,12.57905251411908,0.1616665111472867,12.463403258900481,12.69470176933768,12.361908800107658,12.796312504197672,11.524815826662689,0.14973456889889902,11.4177021687335,11.631929484591877,11.336338428647908,11.736805772063784,0.002450831220061989,0.0003488057544452221,0.0022013106147660633,0.002700351825357915,0.0019813092890015966,0.002960646191415422,0.00037039144287665,0.00012408054644111007,0.0002816295670793939,0.00045915331867390607,0.00024038461538461537,0.0005815695645577302,1.0,0.0,10,10,0.7224598312333834,1.0,1.0,1.0,333.4312400002091,42.43365551092823,303.07603148352047,363.7864485168977,289.9213265499384,402.56417895079716
target_radial_speed_mps,4.0,SA-MNEC physical [approximate academic reference],scientific_controlled,10,10,0.0,-0.7573095182477992,0.5987391924865508,-1.185621734487626,-0.3289973020079724,-1.4199374089676475,0.15678221163899822,0.00500273436608303,0.001266613122596154,0.00409665392160003,0.00590881481056603,0.0029895814982180396,0.006202018417917653,-0.21813590743227912,0.0045446484356221175,-0.22138695307605646,-0.21488486178850177,-0.22499577062106127,-0.2137390982002126,24.182195003912934,0.04417865599830736,24.15059149724662,24.21379851057925,24.12222463924302,24.237456913924824,35.549530454596706,0.09445904338096683,35.48195852557971,35.617102383613705,35.430424732664754,35.689435235485114,34.51989782380913,0.07650434057252416,34.46516991544138,34.574625732176884,34.41378525366372,34.61875581711357,0.14387977834131677,0.0006261032507774374,0.1434318910570023,0.14432766562563124,0.14319094580633043,0.14484681130834978,0.004440714610832954,4.504220490198681e-05,0.004408493358494722,0.0044729358631711855,0.004368741465634957,0.004484619177666515,1.0,0.0,10,10,0.7224598312333834,1.0,1.0,1.0,7662.201287999778,668.1552438355404,7184.231820040003,8140.170755959553,6655.863520149796,8282.40878020033
target_radial_speed_mps,4.0,Shrinkage-SMI/MVDR global,scientific_controlled,10,10,0.0,-0.7362018440991221,0.5889130869296924,-1.1574848878697372,-0.314918800328507,-1.3870705352581087,0.15646069534424983,-0.011816736297403872,0.00013526271307383984,-0.011913497413325926,-0.011719975181481818,-0.0119960438274318,-0.01165759103579329,-0.6153364466194383,0.007701527560521179,-0.6208457875466284,-0.6098271056922482,-0.6256698721283086,-0.6046397552280455,24.63926855381763,0.04584061027847326,24.606476156679538,24.67206095095572,24.573298983617562,24.695475481240443,36.0125867103983,0.09926668727271215,35.941575600121745,36.08359782067486,35.88938693563907,36.15613954730113,34.91836932306952,0.07781826483942368,34.86270148990348,34.97403715623556,34.809544726471145,35.02260842196998,0.14889790551329013,0.0006955800073206961,0.14840031755137575,0.1493954934752045,0.1480515638207946,0.14991753545599698,0.004379456835078137,3.33893845376431e-05,0.004355571508261949,0.004403342161894325,0.004325974814140494,0.004417387346381429,1.0,0.0,10,10,0.7224598312333834,1.0,1.0,1.0,3898.7291355002526,216.07612844491888,3744.1575847948197,4053.3006862056855,3556.3331185000607,4186.844642850974
target_radial_speed_mps,4.0,Shrinkage-SMI/MVDR local,scientific_controlled,10,10,0.0,-0.7434105634464224,0.5915652665785837,-1.1665908622448322,-0.3202302646480127,-1.3734039998026693,0.14085086725788526,-0.012050570071104692,0.00012167661527198339,-0.012137612278138558,-0.011963527864070825,-0.012229063083557049,-0.011938067913983934,-0.07670433912441174,0.004321964517664794,-0.07979608628962255,-0.07361259195920093,-0.08290149250265408,-0.0709869928833238,23.897807636173955,0.0457942681414046,23.865048390203654,23.930566882144255,23.82855382330916,23.95097432978773,35.35550996848771,0.09767095576279623,35.285640375766896,35.42537956120852,35.23795867742835,35.50282072433694,34.39246639964183,0.07935009282099398,34.335702762750365,34.4492300365333,34.28205393417968,34.4972106161017,0.13886183901568516,0.0006576520722118148,0.13839138306408136,0.13933229496728897,0.1380619892927585,0.13986061801446417,0.0045306099226217564,5.1532554523523515e-05,0.004493745753859385,0.004567474091384128,0.00445645577302382,0.0045858936428463054,1.0,0.0,10,10,0.7224598312333834,1.0,1.0,1.0,1836.6855476002456,247.4397733585651,1659.6777969084148,2013.6932982920764,1425.631497851191,2048.335907299861
target_snr_db,-10.0,Corrected JDL physical,scientific_controlled,10,10,0.0,-0.7603775863597517,0.34048656771234365,-1.0039470039739855,-0.5168081687455179,-1.2177809007365137,-0.2798192219314495,1.4440093618403491,0.12035093409692857,1.3579154899902168,1.5301032336904814,1.3199185523969856,1.6478426749473836,-2.368351293953651,0.014864789839328376,-2.3789849240214953,-2.3577176638858064,-2.3889275782222232,-2.348607003255956,26.17226312182087,0.04240580450193522,26.1419278367158,26.202598406925937,26.112013584593566,26.221960971889896,37.97916511219258,0.07973913894183397,37.92212316847182,38.036207055913344,37.86348567432742,38.0860808158129,36.74632353560686,0.07109273278648721,36.69546685824143,36.79718021297229,36.65094819191899,36.829025351575844,0.15558448389217622,0.0006500491947664317,0.15511946671145846,0.15604950107289398,0.15475213675213675,0.15646022353714661,0.004317250796540737,4.006414932259519e-05,0.004288590630639689,0.004345910962441785,0.004273535882263693,0.004374336216052192,0.9,0.31622776601683794,9,10,0.5958436145024278,0.9821242504842788,0.45,1.0,4070.086713999808,249.09546868653575,3891.8945502208767,4248.278877778739,3664.0583261001666,4301.8785655498505
target_snr_db,-10.0,Current legacy CSI [production replay],production_replay,10,10,0.0,18.621408671693906,2.462620534212149,16.859756065680806,20.383061277707007,15.701082460048166,22.238724602598626,-7.678345112614609,0.40077286604635365,-7.965040750079425,-7.391649475149793,-8.158528833801071,-7.025264555584092,20.31867105459704,0.07510314312352961,20.264945502501103,20.372396606692977,20.220851669897073,20.437587740185904,7.081409582366217,0.08174458676773226,7.02293302769357,7.139886137038864,6.966949330901892,7.197246019304137,11.018423206384307,0.1250526630507578,10.9289659202569,11.107880492511715,10.851593654965312,11.197299687477766,10.005898071611316,0.11804935374186801,9.921450651162896,10.090345492059736,9.86795956358819,10.179249523464257,0.0007701700009392317,0.00013783649773925564,0.0006715677103822082,0.0008687722914962552,0.0006009204470742932,0.0009498450267681036,0.001989455317857685,0.00022247537396672616,0.0018303060226750195,0.0021486046130403504,0.0016369860415718404,0.0022428311333636776,1.0,0.0,10,10,0.7224598312333834,1.0,1.0,1.0,245.4279416000645,20.171441437236886,230.99816166390497,259.85772153622406,213.88290615027472,269.28338650031947
target_snr_db,-10.0,Current legacy CSI [scientific controlled],scientific_controlled,10,10,0.0,18.621490867804322,2.4628109578696615,16.859702040912754,20.38327969469589,15.700987053914595,22.23883271767179,-7.678167650834807,0.40077730443543874,-7.964866463331907,-7.3914688383377065,-8.158382396177823,-7.025075451171317,20.318665561011265,0.07510356792875589,20.264939705027974,20.372391416994557,20.22084733003868,20.437583235012625,7.081394207371099,0.08172704948109587,7.02293019811756,7.1398582166246385,6.966940059177182,7.197200827922739,11.018416846968085,0.12503504514702604,10.928972163929782,11.107861530006389,10.851593654965312,11.197265915124559,10.005914396067677,0.1180486280695962,9.921467494733928,10.090361297401426,9.867972197607083,10.179262867588994,0.0007701700009392317,0.00013783649773925564,0.0006715677103822082,0.0008687722914962552,0.0006009204470742932,0.0009498450267681036,0.0019896449704142013,0.0002220878314091726,0.0018307729064764519,0.0021485170343519505,0.001638029130632681,0.0022428311333636776,1.0,0.0,10,10,0.7224598312333834,1.0,1.0,1.0,239.2996359002609,20.758145850378554,224.4501529103781,254.1491188901437,209.4001468003171,262.3865399505121
target_snr_db,-10.0,DL-SMI/MVDR global,scientific_controlled,10,10,0.0,-0.8401474896051079,0.10944754168191798,-0.9184415443923032,-0.7618534348179126,-0.9419640775075605,-0.6670019063144815,-0.011200060973736726,8.771175366741037e-05,-0.01126280618246033,-0.011137315765013122,-0.011334122142365316,-0.011091636745375947,-0.8045954504211335,0.007957848687493052,-0.8102881524366574,-0.7989027484056095,-0.814660723325115,-0.7949575682646371,24.867284542320725,0.04773510645969022,24.833136904256005,24.901432180385445,24.80242629248904,24.924309185278346,36.21289522764313,0.09897811935694263,36.14209054641797,36.28369990886829,36.083817780875805,36.35433281246241,35.106473572355114,0.07839153137466431,35.050395649014106,35.16255149569612,34.99461419817157,35.209492777259875,0.15173382173382172,0.0007019212580836453,0.15123169751438137,0.15223594595326206,0.1508944303559688,0.1527960927960928,0.004361250189652556,5.151510235950473e-05,0.00432439850541624,0.0043981018738888725,0.0042897511758458505,0.004413783947807616,1.0,0.0,10,10,0.7224598312333834,1.0,1.0,1.0,2299.075372399966,372.3413121535785,2032.7184433607388,2565.432301439193,1755.1614226002584,2708.5978535000777
target_snr_db,-10.0,DL-SMI/MVDR local,scientific_controlled,10,10,0.0,-0.015915411239148726,0.04652590046986372,-0.049198035448267216,0.017367212969969764,-0.062488698342486694,0.05500141469380562,-0.012250584101987627,4.17881436765849e-05,-0.012280477539155711,-0.012220690664819542,-0.012306837552698105,-0.012192336933938161,0.11925141256879956,0.0041313578301781775,0.11629601721381264,0.12220680792378649,0.11451351316304048,0.12576860910366452,23.60119662746456,0.04564030831131586,23.56854751772196,23.63384573720716,23.540971157959678,23.652850736482996,35.10192575551281,0.0894204778451298,35.03795819914822,35.1658933118774,34.9969836967892,35.23745926112878,34.20206688575592,0.0808283713997895,34.14424575207411,34.259888019437724,34.089818254408364,34.308823661386064,0.13510528787451864,0.0005934742495146486,0.13468074197159347,0.13552983377744382,0.13436244951629567,0.1360391659622429,0.00459850553785465,4.968148930879659e-05,0.0045629655413770955,0.004634045534332204,0.004524066909421939,0.004653409952966166,1.0,0.0,10,10,0.7224598312333834,1.0,1.0,1.0,1244.8201886999414,100.68796655140096,1172.7923564760122,1316.8480209238705,1119.702554099922,1366.2040592999801
target_snr_db,-10.0,MNEC physical,scientific_controlled,10,10,0.0,-0.21085900090870363,0.054116972689747786,-0.24957195105428262,-0.17214605076312464,-0.26858223917699464,-0.12743440834423878,-0.011610143289858378,4.825997982933973e-05,-0.011644666399712855,-0.011575620180003902,-0.011676177582345508,-0.011550946311234496,-0.22063337064116356,0.004725365240156341,-0.22401369329909523,-0.2172530479832319,-0.22768782493488315,-0.2160495095012457,24.183423054728785,0.04474511040906433,24.1514143309878,24.215431778469767,24.121495119750094,24.240657231295618,35.55887676983487,0.09374364911360603,35.49181660304754,35.625936936622196,35.43600568500011,35.6966934225193,34.523003053515716,0.07685247961144999,34.468026101482224,34.57798000554921,34.417068971232155,34.624123518185996,0.14379336902413825,0.0006410171813858921,0.14333481295656736,0.14425192509170914,0.14308058608058608,0.14478294355217433,0.004442990441511151,3.4020776625927545e-05,0.004418653444004213,0.004467327439018089,0.004391404946138674,0.004476179638901533,1.0,0.0,10,10,0.7224598312333834,1.0,1.0,1.0,2355.0862106999375,224.33636506309406,2194.6056426844757,2515.5667787153993,2083.1332712994936,2634.1322956003296
target_snr_db,-10.0,Phase-only CSI [production replay],production_replay,10,10,0.0,16.029768261472924,2.21893913667419,14.442434826053029,17.617101696892817,13.445651936751002,18.8245127557548,-6.681045783658341,0.01893839913682532,-6.694593498269508,-6.667498069047174,-6.707863494904299,-6.66203274421366,18.57971546412653,0.08322479701839514,18.520180030828733,18.639250897424326,18.460614560105846,18.69520491738817,8.748068051598864,0.11707859687240987,8.664315068781061,8.831821034416667,8.608612561672189,8.906643838994302,12.845600742821876,0.16353519558193266,12.728614711287813,12.96258677435594,12.632860769210525,13.090524944345052,11.75877152258973,0.15873623238396778,11.645218462520983,11.872324582658475,11.563223503921758,11.993469078594876,0.002904855827932751,0.00041912817868345145,0.0026050295908111453,0.003204682065054357,0.0023346482577251805,0.0035131962055038974,0.00029301319981793353,0.0001298446901883463,0.00020012790398389884,0.0003858984956519682,0.0001471703838567744,0.0004926225155515095,1.0,0.0,10,10,0.7224598312333834,1.0,1.0,1.0,227.475311499893,15.27543420095384,216.54792415204847,238.40269884773753,206.5639161494346,245.5678869501753
target_snr_db,-10.0,Phase-only CSI [scientific controlled],scientific_controlled,10,10,0.0,16.02990397517643,2.219069788828045,14.442477076835992,17.61733087351687,13.445730828063995,18.82487574915218,-6.680868951327923,0.0189425543639928,-6.69441963840954,-6.6673182642463065,-6.707669620684641,-6.661843429403752,18.57971037341853,0.08322495213479524,18.520174829157146,18.63924591767991,18.460610363558903,18.695200094574467,8.748046617705402,0.11710082381258702,8.664277734692444,8.83181550071836,8.60853034202565,8.906691972030245,12.845623966027148,0.16347029292940002,12.728684363053793,12.962563569000503,12.632978481019578,13.090510826706248,11.758785775654472,0.1587358097818227,11.64523301789709,11.872338533411854,11.563236390762462,11.99348077768281,0.0029046679815910585,0.00041903729079591597,0.0026049067617474734,0.0032044292014346437,0.0023346482577251805,0.0035131962055038974,0.00029301319981793353,0.0001298446901883463,0.00020012790398389884,0.0003858984956519682,0.0001471703838567744,0.0004926225155515095,1.0,0.0,10,10,0.7224598312333834,1.0,1.0,1.0,231.57278880016747,12.43129930289282,222.6799729932546,240.46560460708034,213.30572920073791,244.51312360015436
target_snr_db,-10.0,Row complex LS / Wiener [scientific controlled],scientific_controlled,10,10,0.0,15.997532571591872,2.1130417757753586,14.485953544618432,17.509111598565312,13.36777593174461,18.752199563454806,-6.713616497135345,0.02756262054398617,-6.733333608089022,-6.693899386181669,-6.755411366267806,-6.681063389289292,18.775203803489582,0.07810580915015924,18.719330273515073,18.83107733346409,18.669689807340763,18.88859226844867,8.526628860251249,0.1077204095061718,8.449570321393553,8.603687399108944,8.389973713686459,8.661728876960487,12.56688341222699,0.15869780049180324,12.453357844677715,12.680408979776264,12.352243568561754,12.778298420684457,11.510984041352277,0.14860488243021022,11.404678512440084,11.61728957026447,11.322833236583836,11.719999366676408,0.00241626749319057,0.00034595252756764675,0.002168787963445911,0.0026637470229352294,0.0019381985535831688,0.002914717760871607,0.00036071916249431045,0.00012177144828191321,0.00027360911601187433,0.00044782920897674656,0.00023867774237596722,0.0005658284023668639,1.0,0.0,10,10,0.7224598312333834,1.0,1.0,1.0,231.40874600012467,14.459195712551008,221.06526049190444,241.7522315083449,209.53530080005294,245.2737892503592
target_snr_db,-10.0,Row complex LS / Wiener robust IRLS [scientific controlled],scientific_controlled,10,10,0.0,15.99300689970145,2.1149659385829365,14.480051409575337,17.505962389827566,13.368837100934295,18.767708021060255,-6.68989961513107,0.02885995577735088,-6.710544783803335,-6.6692544464588055,-6.731891314961605,-6.657222710284579,18.773625315248644,0.07829450010168587,18.717616803898864,18.829633826598425,18.66767800155958,18.88719249997386,8.532288009084722,0.10879059498529943,8.454463905653828,8.610112112515615,8.393739646667056,8.670726075411881,12.57905251411908,0.1616665111472867,12.463403258900481,12.69470176933768,12.361908800107658,12.796312504197672,11.524815826662689,0.14973456889889902,11.4177021687335,11.631929484591877,11.336338428647908,11.736805772063784,0.002450831220061989,0.0003488057544452221,0.0022013106147660633,0.002700351825357915,0.0019813092890015966,0.002960646191415422,0.00037039144287665,0.00012408054644111007,0.0002816295670793939,0.00045915331867390607,0.00024038461538461537,0.0005815695645577302,1.0,0.0,10,10,0.7224598312333834,1.0,1.0,1.0,365.57552670001314,65.26137667809553,318.89035019808387,412.2607032019424,292.27006350029114,446.6584953502206
target_snr_db,-10.0,SA-MNEC physical [approximate academic reference],scientific_controlled,10,10,0.0,-0.1373365392693186,0.030065097562270573,-0.15884381444013845,-0.11582926409849875,-0.17042351241235343,-0.08831001207677973,0.005188928312553058,0.0013081891611020878,0.004253106161800598,0.006124750463305518,0.002978607702721272,0.006401788103958546,-0.21813590743227912,0.0045446484356221175,-0.22138695307605646,-0.21488486178850177,-0.22499577062106127,-0.2137390982002126,24.182195003912934,0.04417865599830736,24.15059149724662,24.21379851057925,24.12222463924302,24.237456913924824,35.549530454596706,0.09445904338096683,35.48195852557971,35.617102383613705,35.430424732664754,35.689435235485114,34.51989782380913,0.07650434057252416,34.46516991544138,34.574625732176884,34.41378525366372,34.61875581711357,0.14387977834131677,0.0006261032507774374,0.1434318910570023,0.14432766562563124,0.14319094580633043,0.14484681130834978,0.004440714610832954,4.504220490198681e-05,0.004408493358494722,0.0044729358631711855,0.004368741465634957,0.004484619177666515,1.0,0.0,10,10,0.7224598312333834,1.0,1.0,1.0,7768.4073631999145,394.13269013002423,7486.461821433918,8050.352904965911,7224.960870500263,8266.62760214972
target_snr_db,-10.0,Shrinkage-SMI/MVDR global,scientific_controlled,10,10,0.0,-0.6488962889216767,0.09444883372719713,-0.7164609143923426,-0.5813316634510108,-0.7365212674205237,-0.4997024457168035,-0.011198386499728187,7.757810201372485e-05,-0.0112538825307583,-0.011142890468698074,-0.011314139498933336,-0.011102748228088596,-0.6153364466194383,0.007701527560521179,-0.6208457875466284,-0.6098271056922482,-0.6256698721283086,-0.6046397552280455,24.63926855381763,0.04584061027847326,24.606476156679538,24.67206095095572,24.573298983617562,24.695475481240443,36.0125867103983,0.09926668727271215,35.941575600121745,36.08359782067486,35.88938693563907,36.15613954730113,34.91836932306952,0.07781826483942368,34.86270148990348,34.97403715623556,34.809544726471145,35.02260842196998,0.14889790551329013,0.0006955800073206961,0.14840031755137575,0.1493954934752045,0.1480515638207946,0.14991753545599698,0.004379456835078137,3.33893845376431e-05,0.004355571508261949,0.004403342161894325,0.004325974814140494,0.004417387346381429,1.0,0.0,10,10,0.7224598312333834,1.0,1.0,1.0,4203.859408599783,199.10085046961848,4061.4312402252995,4346.287576974266,3942.6193575995967,4416.0365867502605
target_snr_db,-10.0,Shrinkage-SMI/MVDR local,scientific_controlled,10,10,0.0,-0.13356293926528268,0.051176219662839986,-0.17017220142421435,-0.096953677106351,-0.18836568322356273,-0.05204437060940521,-0.011695685012357846,2.8956178390726418e-05,-0.011716399014541103,-0.01167497101017459,-0.01172719522137462,-0.011653184837366269,-0.07670433912441174,0.004321964517664794,-0.07979608628962255,-0.07361259195920093,-0.08290149250265408,-0.0709869928833238,23.897807636173955,0.0457942681414046,23.865048390203654,23.930566882144255,23.82855382330916,23.95097432978773,35.35550996848771,0.09767095576279623,35.285640375766896,35.42537956120852,35.23795867742835,35.50282072433694,34.39246639964183,0.07935009282099398,34.335702762750365,34.4492300365333,34.28205393417968,34.4972106161017,0.13886183901568516,0.0006576520722118148,0.13839138306408136,0.13933229496728897,0.1380619892927585,0.13986061801446417,0.0045306099226217564,5.1532554523523515e-05,0.004493745753859385,0.004567474091384128,0.00445645577302382,0.0045858936428463054,1.0,0.0,10,10,0.7224598312333834,1.0,1.0,1.0,1781.3044018997061,226.98620517202895,1618.9282524625141,1943.6805513368981,1473.24773669975,2058.666892249721
target_snr_db,-6.0,Corrected JDL physical,scientific_controlled,10,10,0.0,-0.760377585428184,0.3404865471431787,-1.0039469883281236,-0.5168081825282445,-1.2177808745594545,-0.2798192400060445,1.4440093627719166,0.12035093946160731,1.3579154870841244,1.5301032384597089,1.3199185940788776,1.6478426960894572,-2.368351293953651,0.014864789839328376,-2.3789849240214953,-2.3577176638858064,-2.3889275782222232,-2.348607003255956,26.17226312182087,0.04240580450193522,26.1419278367158,26.202598406925937,26.112013584593566,26.221960971889896,37.97916511219258,0.07973913894183397,37.92212316847182,38.036207055913344,37.86348567432742,38.0860808158129,36.74632353560686,0.07109273278648721,36.69546685824143,36.79718021297229,36.65094819191899,36.829025351575844,0.15558448389217622,0.0006500491947664317,0.15511946671145846,0.15604950107289398,0.15475213675213675,0.15646022353714661,0.004317250796540737,4.006414932259519e-05,0.004288590630639689,0.004345910962441785,0.004273535882263693,0.004374336216052192,0.9,0.31622776601683794,9,10,0.5958436145024278,0.9821242504842788,0.45,1.0,4162.108232800074,153.83673571310737,4052.0600615107664,4272.156404089381,3953.936804399973,4348.291626800074
target_snr_db,-6.0,Current legacy CSI [production replay],production_replay,10,10,0.0,18.775934925221474,2.496495535014948,16.99004960344324,20.56182024699971,15.769085013154568,22.375852879881077,-7.52397979154878,0.3011541814200658,-7.739412514999261,-7.308547068098299,-7.913615462121549,-7.117216312279843,20.318679352325233,0.07510162978749373,20.26495488280468,20.372403821845786,20.22085963986748,20.437594334200615,7.081403061470581,0.08181139809490576,7.022878712853641,7.139927410087521,6.966843099579699,7.197329359299093,11.018485966594465,0.12502177998653605,10.929050772880327,11.107921160308603,10.851593654965312,11.197276927076919,10.005872860687836,0.11804965058478212,9.921425227890788,10.090320493484883,9.867937136542945,10.179225469236803,0.0007701700009392317,0.00013783649773925564,0.0006715677103822082,0.0008687722914962552,0.0006009204470742932,0.0009498450267681036,0.001989076012744652,0.00022257558818512477,0.0018298550286287754,0.002148296996860528,0.0016361326050675163,0.0022419776968593537,1.0,0.0,10,10,0.7224598312333834,1.0,1.0,1.0,241.78481310009374,21.88500954516137,226.12922038402417,257.4404058161633,216.84441090051223,275.8208895997541
target_snr_db,-6.0,Current legacy CSI [scientific controlled],scientific_controlled,10,10,0.0,18.776204178497004,2.4970432707902708,16.989927030149225,20.562481326844782,15.768828448383353,22.376169232901145,-7.523454340142128,0.3011571382349388,-7.738889178770548,-7.308019501513708,-7.91311509295926,-7.11666765668338,20.318665561011265,0.07510356792875589,20.264939705027974,20.372391416994557,20.22084733003868,20.437583235012625,7.081394207371099,0.08172704948109587,7.02293019811756,7.1398582166246385,6.966940059177182,7.197200827922739,11.018416846968085,0.12503504514702604,10.928972163929782,11.107861530006389,10.851593654965312,11.197265915124559,10.005914396067677,0.1180486280695962,9.921467494733928,10.090361297401426,9.867972197607083,10.179262867588994,0.0007701700009392317,0.00013783649773925564,0.0006715677103822082,0.0008687722914962552,0.0006009204470742932,0.0009498450267681036,0.0019896449704142013,0.0002220878314091726,0.0018307729064764519,0.0021485170343519505,0.001638029130632681,0.0022428311333636776,1.0,0.0,10,10,0.7224598312333834,1.0,1.0,1.0,240.99315790008404,16.66285777936201,229.07326751387404,252.91304828629404,218.4473248001268,257.09431089990176
target_snr_db,-6.0,DL-SMI/MVDR global,scientific_controlled,10,10,0.0,-0.8401474846753387,0.1094475364683566,-0.9184415357329769,-0.7618534336177005,-0.9419640915906242,-0.667001922056077,-0.011200056043966785,8.77257479130977e-05,-0.011262811263570685,-0.011137300824362885,-0.011334126389283081,-0.01109159894587192,-0.8045954504211335,0.007957848687493052,-0.8102881524366574,-0.7989027484056095,-0.814660723325115,-0.7949575682646371,24.867284542320725,0.04773510645969022,24.833136904256005,24.901432180385445,24.80242629248904,24.924309185278346,36.21289522764313,0.09897811935694263,36.14209054641797,36.28369990886829,36.083817780875805,36.35433281246241,35.106473572355114,0.07839153137466431,35.050395649014106,35.16255149569612,34.99461419817157,35.209492777259875,0.15173382173382172,0.0007019212580836453,0.15123169751438137,0.15223594595326206,0.1508944303559688,0.1527960927960928,0.004361250189652556,5.151510235950473e-05,0.00432439850541624,0.0043981018738888725,0.0042897511758458505,0.004413783947807616,1.0,0.0,10,10,0.7224598312333834,1.0,1.0,1.0,2393.5292148999906,295.59382973775945,2182.0741274252523,2604.984302374729,2003.3613130000049,2770.512539499987
target_snr_db,-6.0,DL-SMI/MVDR local,scientific_controlled,10,10,0.0,-0.015915409203904572,0.046525894695073296,-0.049198029281986855,0.01736721087417771,-0.06248867436892267,0.05500140624119172,-0.012250582066743603,4.1783168563669685e-05,-0.012280471944930305,-0.012220692188556901,-0.012306822689889984,-0.012192336764091802,0.11925141256879956,0.0041313578301781775,0.11629601721381264,0.12220680792378649,0.11451351316304048,0.12576860910366452,23.60119662746456,0.04564030831131586,23.56854751772196,23.63384573720716,23.540971157959678,23.652850736482996,35.10192575551281,0.0894204778451298,35.03795819914822,35.1658933118774,34.9969836967892,35.23745926112878,34.20206688575592,0.0808283713997895,34.14424575207411,34.259888019437724,34.089818254408364,34.308823661386064,0.13510528787451864,0.0005934742495146486,0.13468074197159347,0.13552983377744382,0.13436244951629567,0.1360391659622429,0.00459850553785465,4.968148930879659e-05,0.0045629655413770955,0.004634045534332204,0.004524066909421939,0.004653409952966166,1.0,0.0,10,10,0.7224598312333834,1.0,1.0,1.0,1295.0657933996808,173.84182769885095,1170.7068414031494,1419.4247453962123,1132.6119134996588,1604.0429077499539
target_snr_db,-6.0,MNEC physical,scientific_controlled,10,10,0.0,-0.2108590008482693,0.054116969427518306,-0.2495719486601899,-0.17214605303634872,-0.2685822273906743,-0.12743441854723464,-0.011610143229423251,4.826071127467567e-05,-0.011644666862522201,-0.011575619596324301,-0.011676161479517368,-0.011550949279392929,-0.22063337064116356,0.004725365240156341,-0.22401369329909523,-0.2172530479832319,-0.22768782493488315,-0.2160495095012457,24.183423054728785,0.04474511040906433,24.1514143309878,24.215431778469767,24.121495119750094,24.240657231295618,35.55887676983487,0.09374364911360603,35.49181660304754,35.625936936622196,35.43600568500011,35.6966934225193,34.523003053515716,0.07685247961144999,34.468026101482224,34.57798000554921,34.417068971232155,34.624123518185996,0.14379336902413825,0.0006410171813858921,0.14333481295656736,0.14425192509170914,0.14308058608058608,0.14478294355217433,0.004442990441511151,3.4020776625927545e-05,0.004418653444004213,0.004467327439018089,0.004391404946138674,0.004476179638901533,1.0,0.0,10,10,0.7224598312333834,1.0,1.0,1.0,2437.924251200002,210.7409628958177,2287.169248014787,2588.6792543852166,2106.587466800238,2655.657542249901
target_snr_db,-6.0,Phase-only CSI [production replay],production_replay,10,10,0.0,16.02949771796325,2.2186914423424278,14.442341472394158,17.61665396353234,13.445499607380675,18.82385904811752,-6.681384572802659,0.018932346119955545,-6.694927957346406,-6.667841188258913,-6.708201041483788,-6.662385129134854,18.57972307240683,0.08322367524819596,18.520188441575094,18.639257703238563,18.460622064701454,18.69521158559878,8.74812012845683,0.11698032171475291,8.664437447451744,8.831802809461914,8.608785229769376,8.906587857332104,12.845768728129226,0.16371332029559743,12.728655273851112,12.96288218240734,12.632764802604958,13.090656102699358,11.75875015714816,0.15873599383949066,11.645197267723853,11.872303046572467,11.56320296200539,11.993448863225325,0.002904292288907673,0.0004193107836393712,0.00260433542406978,0.0032042491537455664,0.0023338029491875643,0.0035131962055038974,0.00029320285237445,0.0001300167831399773,0.0002001944486589917,0.0003862112560899083,0.0001471703838567744,0.0004926225155515095,1.0,0.0,10,10,0.7224598312333834,1.0,1.0,1.0,231.75930930001414,16.925324011289042,219.65166188220257,243.8669567178257,213.25450055001056,254.1479853500732
target_snr_db,-6.0,Phase-only CSI [scientific controlled],scientific_controlled,10,10,0.0,16.029903957237217,2.21906982270371,14.442477034663586,17.617330879810847,13.44573073995466,18.824875782608135,-6.680868969267138,0.018942523571359584,-6.694419634321032,-6.667318304213244,-6.7076695720986725,-6.661843444616707,18.57971037341853,0.08322495213479524,18.520174829157146,18.63924591767991,18.460610363558903,18.695200094574467,8.748046617705402,0.11710082381258702,8.664277734692444,8.83181550071836,8.60853034202565,8.906691972030245,12.845623966027148,0.16347029292940002,12.728684363053793,12.962563569000503,12.632978481019578,13.090510826706248,11.758785775654472,0.1587358097818227,11.64523301789709,11.872338533411854,11.563236390762462,11.99348077768281,0.0029046679815910585,0.00041903729079591597,0.0026049067617474734,0.0032044292014346437,0.0023346482577251805,0.0035131962055038974,0.00029301319981793353,0.0001298446901883463,0.00020012790398389884,0.0003858984956519682,0.0001471703838567744,0.0004926225155515095,1.0,0.0,10,10,0.7224598312333834,1.0,1.0,1.0,232.2981482002433,13.201264331291608,222.85453259288468,241.74176380760193,216.84236180044536,253.19728490012494
target_snr_db,-6.0,Row complex LS / Wiener [scientific controlled],scientific_controlled,10,10,0.0,15.997532554372816,2.1130418106968,14.485953502418083,17.50911160632755,13.36777584629324,18.752199600452187,-6.7136165143544035,0.027562605949865957,-6.733333614868076,-6.6938994138407315,-6.7554114340610685,-6.681063423259572,18.775203803489582,0.07810580915015924,18.719330273515073,18.83107733346409,18.669689807340763,18.88859226844867,8.526628860251249,0.1077204095061718,8.449570321393553,8.603687399108944,8.389973713686459,8.661728876960487,12.56688341222699,0.15869780049180324,12.453357844677715,12.680408979776264,12.352243568561754,12.778298420684457,11.510984041352277,0.14860488243021022,11.404678512440084,11.61728957026447,11.322833236583836,11.719999366676408,0.00241626749319057,0.00034595252756764675,0.002168787963445911,0.0026637470229352294,0.0019381985535831688,0.002914717760871607,0.00036071916249431045,0.00012177144828191321,0.00027360911601187433,0.00044782920897674656,0.00023867774237596722,0.0005658284023668639,1.0,0.0,10,10,0.7224598312333834,1.0,1.0,1.0,233.37862270000187,17.75879485106309,220.67474616100594,246.0824992389978,212.25325474947567,255.95667785032674
target_snr_db,-6.0,Row complex LS / Wiener robust IRLS [scientific controlled],scientific_controlled,10,10,0.0,15.993006882581705,2.1149659735894013,14.480051367413475,17.505962397749936,13.368837015787879,18.767708057988173,-6.689899632250818,0.028859928809909223,-6.710544781631738,-6.669254482869899,-6.731891382508042,-6.657222803655036,18.773625315248644,0.07829450010168587,18.717616803898864,18.829633826598425,18.66767800155958,18.88719249997386,8.532288009084722,0.10879059498529943,8.454463905653828,8.610112112515615,8.393739646667056,8.670726075411881,12.57905251411908,0.1616665111472867,12.463403258900481,12.69470176933768,12.361908800107658,12.796312504197672,11.524815826662689,0.14973456889889902,11.4177021687335,11.631929484591877,11.336338428647908,11.736805772063784,0.002450831220061989,0.0003488057544452221,0.0022013106147660633,0.002700351825357915,0.0019813092890015966,0.002960646191415422,0.00037039144287665,0.00012408054644111007,0.0002816295670793939,0.00045915331867390607,0.00024038461538461537,0.0005815695645577302,1.0,0.0,10,10,0.7224598312333834,1.0,1.0,1.0,362.00616620008077,61.07799643102156,318.3135996483318,405.69873275182977,289.2105051497765,437.44151655027963
target_snr_db,-6.0,SA-MNEC physical [approximate academic reference],scientific_controlled,10,10,0.0,-0.1373365384494777,0.03006510523612925,-0.15884381910984538,-0.11582925778911006,-0.17042350071086726,-0.08830999484362811,0.005188929132394453,0.0013081854164755978,0.004253109660386413,0.0061247486044024935,0.0029786153990980094,0.006401761600695014,-0.21813590743227912,0.0045446484356221175,-0.22138695307605646,-0.21488486178850177,-0.22499577062106127,-0.2137390982002126,24.182195003912934,0.04417865599830736,24.15059149724662,24.21379851057925,24.12222463924302,24.237456913924824,35.549530454596706,0.09445904338096683,35.48195852557971,35.617102383613705,35.430424732664754,35.689435235485114,34.51989782380913,0.07650434057252416,34.46516991544138,34.574625732176884,34.41378525366372,34.61875581711357,0.14387977834131677,0.0006261032507774374,0.1434318910570023,0.14432766562563124,0.14319094580633043,0.14484681130834978,0.004440714610832954,4.504220490198681e-05,0.004408493358494722,0.0044729358631711855,0.004368741465634957,0.004484619177666515,1.0,0.0,10,10,0.7224598312333834,1.0,1.0,1.0,7833.958871499999,442.2709348112866,7517.577303958406,8150.340439041592,7102.167562500199,8327.07637339995
target_snr_db,-6.0,Shrinkage-SMI/MVDR global,scientific_controlled,10,10,0.0,-0.6488962860088223,0.09444882929171766,-0.7164609083065373,-0.5813316637111073,-0.7365212562565162,-0.4997024598563206,-0.011198383586874285,7.759044923389358e-05,-0.011253888450573615,-0.011142878723174954,-0.011314144639162254,-0.011102724371146478,-0.6153364466194383,0.007701527560521179,-0.6208457875466284,-0.6098271056922482,-0.6256698721283086,-0.6046397552280455,24.63926855381763,0.04584061027847326,24.606476156679538,24.67206095095572,24.573298983617562,24.695475481240443,36.0125867103983,0.09926668727271215,35.941575600121745,36.08359782067486,35.88938693563907,36.15613954730113,34.91836932306952,0.07781826483942368,34.86270148990348,34.97403715623556,34.809544726471145,35.02260842196998,0.14889790551329013,0.0006955800073206961,0.14840031755137575,0.1493954934752045,0.1480515638207946,0.14991753545599698,0.004379456835078137,3.33893845376431e-05,0.004355571508261949,0.004403342161894325,0.004325974814140494,0.004417387346381429,1.0,0.0,10,10,0.7224598312333834,1.0,1.0,1.0,4094.8926236997977,305.7454640706588,3876.1754944978043,4313.609752901792,3550.2648735502135,4390.7768572998975
target_snr_db,-6.0,Shrinkage-SMI/MVDR local,scientific_controlled,10,10,0.0,-0.13356293883921816,0.051176215861944714,-0.17017219827915317,-0.09695367939928315,-0.1883656715556885,-0.0520443799817347,-0.011695684586292708,2.896704550537378e-05,-0.011716406362341477,-0.01167496281024394,-0.01172719005319748,-0.01165316290293105,-0.07670433912441174,0.004321964517664794,-0.07979608628962255,-0.07361259195920093,-0.08290149250265408,-0.0709869928833238,23.897807636173955,0.0457942681414046,23.865048390203654,23.930566882144255,23.82855382330916,23.95097432978773,35.35550996848771,0.09767095576279623,35.285640375766896,35.42537956120852,35.23795867742835,35.50282072433694,34.39246639964183,0.07935009282099398,34.335702762750365,34.4492300365333,34.28205393417968,34.4972106161017,0.13886183901568516,0.0006576520722118148,0.13839138306408136,0.13933229496728897,0.1380619892927585,0.13986061801446417,0.0045306099226217564,5.1532554523523515e-05,0.004493745753859385,0.004567474091384128,0.00445645577302382,0.0045858936428463054,1.0,0.0,10,10,0.7224598312333834,1.0,1.0,1.0,1787.478363899936,205.34357211274312,1640.58442148579,1934.3723063140822,1524.5061486501072,2037.5447250999969
target_snr_db,0.0,Corrected JDL physical,scientific_controlled,10,10,0.0,-0.7603775812829229,0.34048655818021445,-1.0039469920782822,-0.5168081704875636,-1.2177808931870058,-0.2798192281980568,1.4440093669171776,0.12035093834189849,1.3579154920303766,1.5301032418039786,1.3199185882393314,1.6478427025705946,-2.368351293953651,0.014864789839328376,-2.3789849240214953,-2.3577176638858064,-2.3889275782222232,-2.348607003255956,26.17226312182087,0.04240580450193522,26.1419278367158,26.202598406925937,26.112013584593566,26.221960971889896,37.97916511219258,0.07973913894183397,37.92212316847182,38.036207055913344,37.86348567432742,38.0860808158129,36.74632353560686,0.07109273278648721,36.69546685824143,36.79718021297229,36.65094819191899,36.829025351575844,0.15558448389217622,0.0006500491947664317,0.15511946671145846,0.15604950107289398,0.15475213675213675,0.15646022353714661,0.004317250796540737,4.006414932259519e-05,0.004288590630639689,0.004345910962441785,0.004273535882263693,0.004374336216052192,1.0,0.0,10,10,0.7224598312333834,1.0,1.0,1.0,4114.88046159966,252.87473761558556,3933.9847716926906,4295.776151506629,3732.8070512997783,4355.657960299322
target_snr_db,0.0,Current legacy CSI [production replay],production_replay,10,10,0.0,18.967263092461824,2.488500723889865,17.187096914034104,20.747429270889544,16.020359593812117,22.518471826424854,-7.333424097959634,0.24002281560432834,-7.50512607670044,-7.161722119218828,-7.631900018236696,-6.992468872281166,20.31871757589969,0.07509332814455995,20.26499904501674,20.37243610678264,20.220899100376815,20.437624433824663,7.081336074786359,0.08175987188899356,7.022848585796659,7.1398235637760585,6.9668390937491695,7.197449071908509,11.018202489391129,0.12508740543915045,10.928720350056254,11.107684628726004,10.850947126823062,11.197300835303531,10.005751499754995,0.11804925421004868,9.92130415050735,10.09019884900264,9.867824767109504,10.179104289516149,0.0007699821545975392,0.00013836016232730882,0.0006710052569610228,0.0008689590522340556,0.000600075138536677,0.0009508781816474123,0.0019896449704142013,0.00022161586277694728,0.001831110532496931,0.0021481794083314716,0.0016384084357457139,0.0022428311333636776,1.0,0.0,10,10,0.7224598312333834,1.0,1.0,1.0,240.87081180014138,14.223770414688413,230.69573940459492,251.04588419568785,221.2188908504686,259.0816789002929
target_snr_db,0.0,Current legacy CSI [scientific controlled],scientific_controlled,10,10,0.0,18.96852381590743,2.4908953396169964,17.186644632582087,20.750402999232776,16.019292111369047,22.519852496831465,-7.3311347027317,0.24005210984659556,-7.502857637311018,-7.159411768152382,-7.6297486392105665,-6.989992575307209,20.318665561011265,0.07510356792875589,20.264939705027974,20.372391416994557,20.22084733003868,20.437583235012625,7.081394207371099,0.08172704948109587,7.02293019811756,7.1398582166246385,6.966940059177182,7.197200827922739,11.018416846968085,0.12503504514702604,10.928972163929782,11.107861530006389,10.851593654965312,11.197265915124559,10.005914396067677,0.1180486280695962,9.921467494733928,10.090361297401426,9.867972197607083,10.179262867588994,0.0007701700009392317,0.00013783649773925564,0.0006715677103822082,0.0008687722914962552,0.0006009204470742932,0.0009498450267681036,0.0019896449704142013,0.0002220878314091726,0.0018307729064764519,0.0021485170343519505,0.001638029130632681,0.0022428311333636776,1.0,0.0,10,10,0.7224598312333834,1.0,1.0,1.0,242.33555570017415,19.119428865118458,228.65834022268135,256.012771177667,210.35518740036423,260.017987950323
target_snr_db,0.0,DL-SMI/MVDR global,scientific_controlled,10,10,0.0,-0.8401474803175774,0.10944753832424749,-0.9184415327028399,-0.7618534279323148,-0.9419640933308353,-0.6670019140071987,-0.011200051686206355,8.772606555527012e-05,-0.011262807133037777,-0.011137296239374933,-0.011334119688428143,-0.011091595054093743,-0.8045954504211335,0.007957848687493052,-0.8102881524366574,-0.7989027484056095,-0.814660723325115,-0.7949575682646371,24.867284542320725,0.04773510645969022,24.833136904256005,24.901432180385445,24.80242629248904,24.924309185278346,36.21289522764313,0.09897811935694263,36.14209054641797,36.28369990886829,36.083817780875805,36.35433281246241,35.106473572355114,0.07839153137466431,35.050395649014106,35.16255149569612,34.99461419817157,35.209492777259875,0.15173382173382172,0.0007019212580836453,0.15123169751438137,0.15223594595326206,0.1508944303559688,0.1527960927960928,0.004361250189652556,5.151510235950473e-05,0.00432439850541624,0.0043981018738888725,0.0042897511758458505,0.004413783947807616,1.0,0.0,10,10,0.7224598312333834,1.0,1.0,1.0,2457.9112400998383,243.4892779282678,2283.7295035962034,2632.0929766034733,2102.46002135018,2726.3161943999876
target_snr_db,0.0,DL-SMI/MVDR local,scientific_controlled,10,10,0.0,-0.015915405986597176,0.04652589495256374,-0.04919802624887702,0.017367214275682673,-0.06248868998130637,0.0550014074747091,-0.01225057884943669,4.178757638192966e-05,-0.012280471880786624,-0.012220685818086755,-0.012306824792973337,-0.012192327173056421,0.11925141256879956,0.0041313578301781775,0.11629601721381264,0.12220680792378649,0.11451351316304048,0.12576860910366452,23.60119662746456,0.04564030831131586,23.56854751772196,23.63384573720716,23.540971157959678,23.652850736482996,35.10192575551281,0.0894204778451298,35.03795819914822,35.1658933118774,34.9969836967892,35.23745926112878,34.20206688575592,0.0808283713997895,34.14424575207411,34.259888019437724,34.089818254408364,34.308823661386064,0.13510528787451864,0.0005934742495146486,0.13468074197159347,0.13552983377744382,0.13436244951629567,0.1360391659622429,0.00459850553785465,4.968148930879659e-05,0.0045629655413770955,0.004634045534332204,0.004524066909421939,0.004653409952966166,1.0,0.0,10,10,0.7224598312333834,1.0,1.0,1.0,1258.3796173998962,231.10044457995693,1093.060318389294,1423.6989164104984,1062.5842856999043,1680.6071084999985
target_snr_db,0.0,MNEC physical,scientific_controlled,10,10,0.0,-0.21085899794031535,0.054116969679468746,-0.24957194593247042,-0.17214604994816027,-0.26858224143901577,-0.1274344168628301,-0.01161014032147,4.826338761746724e-05,-0.011644665869109248,-0.011575614773830751,-0.011676183155951023,-0.011550951283479013,-0.22063337064116356,0.004725365240156341,-0.22401369329909523,-0.2172530479832319,-0.22768782493488315,-0.2160495095012457,24.183423054728785,0.04474511040906433,24.1514143309878,24.215431778469767,24.121495119750094,24.240657231295618,35.55887676983487,0.09374364911360603,35.49181660304754,35.625936936622196,35.43600568500011,35.6966934225193,34.523003053515716,0.07685247961144999,34.468026101482224,34.57798000554921,34.417068971232155,34.624123518185996,0.14379336902413825,0.0006410171813858921,0.14333481295656736,0.14425192509170914,0.14308058608058608,0.14478294355217433,0.004442990441511151,3.4020776625927545e-05,0.004418653444004213,0.004467327439018089,0.004391404946138674,0.004476179638901533,1.0,0.0,10,10,0.7224598312333834,1.0,1.0,1.0,2413.701178899919,213.69517053323744,2260.83286287951,2566.569494920328,2103.910638350453,2660.084768249544
target_snr_db,0.0,Phase-only CSI [production replay],production_replay,10,10,0.0,16.028091679323175,2.2174329466203235,14.441835707360067,17.614347651286284,13.444701798180086,18.820576776886163,-6.683115577756813,0.018917216443920224,-6.696648139182322,-6.669583016331304,-6.709902528022707,-6.664156905861379,18.579758695480177,0.08321716010373538,18.520228725302026,18.639288665658327,18.460659506216047,18.69524222601188,8.74831261547915,0.11679301749354092,8.664763923842234,8.831861307116068,8.609175756689721,8.906387158971452,12.845576244467455,0.16381628409580104,12.728389134323798,12.962763354611113,12.6321441107695,13.090186951158069,11.75864756796564,0.1587329981808265,11.645096821506447,11.872198314424834,11.563102222847846,11.99334695335942,0.002903540903540904,0.00041995322018891195,0.0026031244672806283,0.0032039573398011797,0.002332581947966563,0.0035131962055038974,0.00029320285237445,0.0001300167831399773,0.0002001944486589917,0.0003862112560899083,0.0001471703838567744,0.0004926225155515095,1.0,0.0,10,10,0.7224598312333834,1.0,1.0,1.0,233.88841169989973,11.828895747489357,225.42652943654542,242.35029396325405,218.29141584989884,250.23910194968266
target_snr_db,0.0,Phase-only CSI [scientific controlled],scientific_controlled,10,10,0.0,16.029903944188938,2.2190698044283836,14.442477034688688,17.617330853689186,13.445730771062946,18.824875757268156,-6.680868982315419,0.018942543107924256,-6.694419661344929,-6.667318303285908,-6.707669609968368,-6.661843419616071,18.57971037341853,0.08322495213479524,18.520174829157146,18.63924591767991,18.460610363558903,18.695200094574467,8.748046617705402,0.11710082381258702,8.664277734692444,8.83181550071836,8.60853034202565,8.906691972030245,12.845623966027148,0.16347029292940002,12.728684363053793,12.962563569000503,12.632978481019578,13.090510826706248,11.758785775654472,0.1587358097818227,11.64523301789709,11.872338533411854,11.563236390762462,11.99348077768281,0.0029046679815910585,0.00041903729079591597,0.0026049067617474734,0.0032044292014346437,0.0023346482577251805,0.0035131962055038974,0.00029301319981793353,0.0001298446901883463,0.00020012790398389884,0.0003858984956519682,0.0001471703838567744,0.0004926225155515095,1.0,0.0,10,10,0.7224598312333834,1.0,1.0,1.0,236.7643868000414,14.662067538701821,226.27577552995075,247.25299807013204,217.86197790011101,257.4041923001005
target_snr_db,0.0,Row complex LS / Wiener [scientific controlled],scientific_controlled,10,10,0.0,15.997532541380789,2.1130417947843902,14.485953500809108,17.50911158195247,13.367775875378038,18.7521995819202,-6.713616527346429,0.027562627580900372,-6.733333643334011,-6.693899411358847,-6.755411450523592,-6.681063399938159,18.775203803489582,0.07810580915015924,18.719330273515073,18.83107733346409,18.669689807340763,18.88859226844867,8.526628860251249,0.1077204095061718,8.449570321393553,8.603687399108944,8.389973713686459,8.661728876960487,12.56688341222699,0.15869780049180324,12.453357844677715,12.680408979776264,12.352243568561754,12.778298420684457,11.510984041352277,0.14860488243021022,11.404678512440084,11.61728957026447,11.322833236583836,11.719999366676408,0.00241626749319057,0.00034595252756764675,0.002168787963445911,0.0026637470229352294,0.0019381985535831688,0.002914717760871607,0.00036071916249431045,0.00012177144828191321,0.00027360911601187433,0.00044782920897674656,0.00023867774237596722,0.0005658284023668639,1.0,0.0,10,10,0.7224598312333834,1.0,1.0,1.0,235.02498649995687,11.918401608640274,226.4990756007005,243.55089739921323,220.68475619976198,252.2135015501135
target_snr_db,0.0,Row complex LS / Wiener robust IRLS [scientific controlled],scientific_controlled,10,10,0.0,15.993006869586816,2.114965957860071,14.480051365670672,17.50596237350296,13.36883704474986,18.767708039552325,-6.6898996452457045,0.028859950176747456,-6.710544809911539,-6.66925448057987,-6.7318913990622224,-6.65722273229219,18.773625315248644,0.07829450010168587,18.717616803898864,18.829633826598425,18.66767800155958,18.88719249997386,8.532288009084722,0.10879059498529943,8.454463905653828,8.610112112515615,8.393739646667056,8.670726075411881,12.57905251411908,0.1616665111472867,12.463403258900481,12.69470176933768,12.361908800107658,12.796312504197672,11.524815826662689,0.14973456889889902,11.4177021687335,11.631929484591877,11.336338428647908,11.736805772063784,0.002450831220061989,0.0003488057544452221,0.0022013106147660633,0.002700351825357915,0.0019813092890015966,0.002960646191415422,0.00037039144287665,0.00012408054644111007,0.0002816295670793939,0.00045915331867390607,0.00024038461538461537,0.0005815695645577302,1.0,0.0,10,10,0.7224598312333834,1.0,1.0,1.0,358.2560815000761,57.41355852680173,317.1848959097294,399.3272670904228,296.9719434502167,442.40279125006055
target_snr_db,0.0,SA-MNEC physical [approximate academic reference],scientific_controlled,10,10,0.0,-0.13733653532486959,0.030065106234452906,-0.15884381669939496,-0.11582925395034421,-0.1704235141034937,-0.08830999700165236,0.005188932257001571,0.00130818118953397,0.004253115808765416,0.006124748705237727,0.002978626337956783,0.006401771898430412,-0.21813590743227912,0.0045446484356221175,-0.22138695307605646,-0.21488486178850177,-0.22499577062106127,-0.2137390982002126,24.182195003912934,0.04417865599830736,24.15059149724662,24.21379851057925,24.12222463924302,24.237456913924824,35.549530454596706,0.09445904338096683,35.48195852557971,35.617102383613705,35.430424732664754,35.689435235485114,34.51989782380913,0.07650434057252416,34.46516991544138,34.574625732176884,34.41378525366372,34.61875581711357,0.14387977834131677,0.0006261032507774374,0.1434318910570023,0.14432766562563124,0.14319094580633043,0.14484681130834978,0.004440714610832954,4.504220490198681e-05,0.004408493358494722,0.0044729358631711855,0.004368741465634957,0.004484619177666515,1.0,0.0,10,10,0.7224598312333834,1.0,1.0,1.0,7582.262802899914,674.8343512869313,7099.515389298851,8065.010216500978,6633.082527099714,8229.267341299965
target_snr_db,0.0,Shrinkage-SMI/MVDR global,scientific_controlled,10,10,0.0,-0.6488962821025566,0.0944488309182558,-0.7164609055638268,-0.5813316586412863,-0.7365212691696912,-0.49970245386363066,-0.011198379680608784,7.759120255376801e-05,-0.01125388508320069,-0.01114287427801688,-0.011314139328565684,-0.011102720833800171,-0.6153364466194383,0.007701527560521179,-0.6208457875466284,-0.6098271056922482,-0.6256698721283086,-0.6046397552280455,24.63926855381763,0.04584061027847326,24.606476156679538,24.67206095095572,24.573298983617562,24.695475481240443,36.0125867103983,0.09926668727271215,35.941575600121745,36.08359782067486,35.88938693563907,36.15613954730113,34.91836932306952,0.07781826483942368,34.86270148990348,34.97403715623556,34.809544726471145,35.02260842196998,0.14889790551329013,0.0006955800073206961,0.14840031755137575,0.1493954934752045,0.1480515638207946,0.14991753545599698,0.004379456835078137,3.33893845376431e-05,0.004355571508261949,0.004403342161894325,0.004325974814140494,0.004417387346381429,1.0,0.0,10,10,0.7224598312333834,1.0,1.0,1.0,4113.437473700196,186.49733943069958,3980.0253139872866,4246.849633413106,3830.8834318502704,4343.195307850283
target_snr_db,0.0,Shrinkage-SMI/MVDR local,scientific_controlled,10,10,0.0,-0.1335629357177547,0.051176216400208904,-0.1701721955427407,-0.09695367589276871,-0.18836568477841356,-0.05204437857059745,-0.011695681464829584,2.8958808111631333e-05,-0.011716397348201851,-0.011674965581457317,-0.011727189403901812,-0.011653178481406219,-0.07670433912441174,0.004321964517664794,-0.07979608628962255,-0.07361259195920093,-0.08290149250265408,-0.0709869928833238,23.897807636173955,0.0457942681414046,23.865048390203654,23.930566882144255,23.82855382330916,23.95097432978773,35.35550996848771,0.09767095576279623,35.285640375766896,35.42537956120852,35.23795867742835,35.50282072433694,34.39246639964183,0.07935009282099398,34.335702762750365,34.4492300365333,34.28205393417968,34.4972106161017,0.13886183901568516,0.0006576520722118148,0.13839138306408136,0.13933229496728897,0.1380619892927585,0.13986061801446417,0.0045306099226217564,5.1532554523523515e-05,0.004493745753859385,0.004567474091384128,0.00445645577302382,0.0045858936428463054,1.0,0.0,10,10,0.7224598312333834,1.0,1.0,1.0,1767.5617427000361,209.25074210632383,1617.872779248055,1917.2507061520173,1476.7512362497655,2071.1324857001273
target_snr_db,10.0,Corrected JDL physical,scientific_controlled,10,10,0.0,-0.760377571039095,0.340486563441191,-1.0039469855979302,-0.5168081564802598,-1.2177808845636207,-0.2798192083690653,1.4440093771610056,0.12035094503019149,1.357915497489688,1.5301032568323232,1.3199185912454114,1.6478427223270162,-2.368351293953651,0.014864789839328376,-2.3789849240214953,-2.3577176638858064,-2.3889275782222232,-2.348607003255956,26.17226312182087,0.04240580450193522,26.1419278367158,26.202598406925937,26.112013584593566,26.221960971889896,37.97916511219258,0.07973913894183397,37.92212316847182,38.036207055913344,37.86348567432742,38.0860808158129,36.74632353560686,0.07109273278648721,36.69546685824143,36.79718021297229,36.65094819191899,36.829025351575844,0.15558448389217622,0.0006500491947664317,0.15511946671145846,0.15604950107289398,0.15475213675213675,0.15646022353714661,0.004317250796540737,4.006414932259519e-05,0.004288590630639689,0.004345910962441785,0.004273535882263693,0.004374336216052192,1.0,0.0,10,10,0.7224598312333834,1.0,1.0,1.0,3686.3482088001547,51.58489892182904,3649.446595110965,3723.2498224893443,3614.258147099963,3733.483910750465
target_snr_db,10.0,Current legacy CSI [production replay],production_replay,10,10,0.0,19.354786670705654,2.480332079695805,17.580463988314836,21.12910935309647,16.356924399320814,22.981603191442144,-6.95097515811967,0.09268993708972632,-7.017281544733776,-6.884668771505564,-7.090424145475136,-6.850361684837811,20.318930386291488,0.07503130879579085,20.265256221377985,20.37260455120499,20.221184147507643,20.43778133509904,7.0813973169966165,0.0813298158243418,7.023217471582734,7.139577162410499,6.966866793570848,7.195895934511597,11.017737030631274,0.12614248382252122,10.92750013368848,11.107973927574069,10.848870770905387,11.198732470780833,10.004676848825998,0.11799379790661327,9.920269170627996,10.089084527024,9.866793734296175,10.177931930827652,0.0007677279984972293,0.00014102814225044346,0.0006668425429976215,0.000868613453996837,0.0005963182117028271,0.0009558561097022635,0.0019862312243969045,0.00022068990452200223,0.0018283591771119795,0.0021441032716818294,0.0016363222576240327,0.0022378053406159914,1.0,0.0,10,10,0.7224598312333834,1.0,1.0,1.0,212.89172820015665,6.144604525320442,208.49614291831227,217.28731348200103,206.25069550019361,222.27994880045117
target_snr_db,10.0,Current legacy CSI [scientific controlled],scientific_controlled,10,10,0.0,19.367078082157057,2.4979193894179885,17.580174196298465,21.15398196801565,16.348925553373707,22.992772487810935,-6.932580436482075,0.09250519229732473,-6.998754664633088,-6.866406208331062,-7.070771641799064,-6.831291654312483,20.318665561011265,0.07510356792875589,20.264939705027974,20.372391416994557,20.22084733003868,20.437583235012625,7.081394207371099,0.08172704948109587,7.02293019811756,7.1398582166246385,6.966940059177182,7.197200827922739,11.018416846968085,0.12503504514702604,10.928972163929782,11.107861530006389,10.851593654965312,11.197265915124559,10.005914396067677,0.1180486280695962,9.921467494733928,10.090361297401426,9.867972197607083,10.179262867588994,0.0007701700009392317,0.00013783649773925564,0.0006715677103822082,0.0008687722914962552,0.0006009204470742932,0.0009498450267681036,0.0019896449704142013,0.0002220878314091726,0.0018307729064764519,0.0021485170343519505,0.001638029130632681,0.0022428311333636776,1.0,0.0,10,10,0.7224598312333834,1.0,1.0,1.0,215.96508619995802,3.6496452266903483,213.35428728258472,218.57588511733132,210.6600649993652,221.00936965020992
target_snr_db,10.0,DL-SMI/MVDR global,scientific_controlled,10,10,0.0,-0.8401474706701881,0.10944754472410967,-0.9184415276336363,-0.76185341370674,-0.9419640809606139,-0.6670018920989901,-0.011200042038816927,8.772300753376948e-05,-0.01126279529807155,-0.011137288779562306,-0.011334109440200598,-0.011091591212775247,-0.8045954504211335,0.007957848687493052,-0.8102881524366574,-0.7989027484056095,-0.814660723325115,-0.7949575682646371,24.867284542320725,0.04773510645969022,24.833136904256005,24.901432180385445,24.80242629248904,24.924309185278346,36.21289522764313,0.09897811935694263,36.14209054641797,36.28369990886829,36.083817780875805,36.35433281246241,35.106473572355114,0.07839153137466431,35.050395649014106,35.16255149569612,34.99461419817157,35.209492777259875,0.15173382173382172,0.0007019212580836453,0.15123169751438137,0.15223594595326206,0.1508944303559688,0.1527960927960928,0.004361250189652556,5.151510235950473e-05,0.00432439850541624,0.0043981018738888725,0.0042897511758458505,0.004413783947807616,1.0,0.0,10,10,0.7224598312333834,1.0,1.0,1.0,2118.0686925999908,106.53167137410891,2041.8605257744953,2194.2768594254862,2026.1971266502314,2285.122562699689
target_snr_db,10.0,DL-SMI/MVDR local,scientific_controlled,10,10,0.0,-0.01591539438327292,0.046525901169602604,-0.04919801909295445,0.017367230326408613,-0.06248867652271843,0.05500143202840897,-0.012250567246112369,4.1784042738726287e-05,-0.012280457749646236,-0.012220676742578502,-0.012306805995890615,-0.012192320272180418,0.11925141256879956,0.0041313578301781775,0.11629601721381264,0.12220680792378649,0.11451351316304048,0.12576860910366452,23.60119662746456,0.04564030831131586,23.56854751772196,23.63384573720716,23.540971157959678,23.652850736482996,35.10192575551281,0.0894204778451298,35.03795819914822,35.1658933118774,34.9969836967892,35.23745926112878,34.20206688575592,0.0808283713997895,34.14424575207411,34.259888019437724,34.089818254408364,34.308823661386064,0.13510528787451864,0.0005934742495146486,0.13468074197159347,0.13552983377744382,0.13436244951629567,0.1360391659622429,0.00459850553785465,4.968148930879659e-05,0.0045629655413770955,0.004634045534332204,0.004524066909421939,0.004653409952966166,1.0,0.0,10,10,0.7224598312333834,1.0,1.0,1.0,1305.605825100065,192.18696014571395,1168.123555916133,1443.088094283997,973.6375716502152,1527.21530374929
target_snr_db,10.0,MNEC physical,scientific_controlled,10,10,0.0,-0.21085898607219997,0.054116976268254534,-0.24957193877768846,-0.17214603336671147,-0.26858223148348365,-0.12743439305327486,-0.011610128453354327,4.825959393636177e-05,-0.011644651287157597,-0.011575605619551057,-0.011676156342895422,-0.011550932704089826,-0.22063337064116356,0.004725365240156341,-0.22401369329909523,-0.2172530479832319,-0.22768782493488315,-0.2160495095012457,24.183423054728785,0.04474511040906433,24.1514143309878,24.215431778469767,24.121495119750094,24.240657231295618,35.55887676983487,0.09374364911360603,35.49181660304754,35.625936936622196,35.43600568500011,35.6966934225193,34.523003053515716,0.07685247961144999,34.468026101482224,34.57798000554921,34.417068971232155,34.624123518185996,0.14379336902413825,0.0006410171813858921,0.14333481295656736,0.14425192509170914,0.14308058608058608,0.14478294355217433,0.004442990441511151,3.4020776625927545e-05,0.004418653444004213,0.004467327439018089,0.004391404946138674,0.004476179638901533,1.0,0.0,10,10,0.7224598312333834,1.0,1.0,1.0,2250.6497533001493,70.96473048427816,2199.8846432655896,2301.414863334709,2163.2749428499665,2359.1100750504665
target_snr_db,10.0,Phase-only CSI [production replay],production_replay,10,10,0.0,16.01406464866994,2.2063170348255845,14.435760520975716,17.592368776364165,13.435328834849491,18.79140499524462,-6.699125846171546,0.019300122334760854,-6.712932321970417,-6.6853193703726745,-6.725982008743291,-6.679696959041191,18.580020971944666,0.08316668472345497,18.52052710967838,18.639514834210953,18.460982756708194,18.695470837358346,8.748086643572204,0.11673913200562044,8.664576499291204,8.831596787853204,8.609728076717683,8.906676629012242,12.844187563678961,0.16440894138675555,12.726576492049327,12.961798635308595,12.628948968495983,13.09068800234554,11.757671619823858,0.15868301288954678,11.64415663068798,11.871186608959736,11.562130847207412,11.992290463624892,0.0028992204376819767,0.00041484536603562385,0.002602457940165111,0.0031959829351988424,0.0023285432516201745,0.0035001408847562692,0.00029244424214838413,0.00013063193200805046,0.00019899578744192982,0.00038589269685483847,0.000147834167804582,0.00049527765134274,1.0,0.0,10,10,0.7224598312333834,1.0,1.0,1.0,207.72871289982504,4.455782650625671,204.54123800905225,210.91618779059783,201.52700550015652,214.59743654936574
target_snr_db,10.0,Phase-only CSI [scientific controlled],scientific_controlled,10,10,0.0,16.029903954993685,2.2190698109218396,14.442477040848297,17.617330869139074,13.445730809266236,18.824875783327634,-6.680868971510674,0.0189425222166048,-6.694419635595435,-6.667318307425913,-6.70766957212699,-6.66184343655292,18.57971037341853,0.08322495213479524,18.520174829157146,18.63924591767991,18.460610363558903,18.695200094574467,8.748046617705402,0.11710082381258702,8.664277734692444,8.83181550071836,8.60853034202565,8.906691972030245,12.845623966027148,0.16347029292940002,12.728684363053793,12.962563569000503,12.632978481019578,13.090510826706248,11.758785775654472,0.1587358097818227,11.64523301789709,11.872338533411854,11.563236390762462,11.99348077768281,0.0029046679815910585,0.00041903729079591597,0.0026049067617474734,0.0032044292014346437,0.0023346482577251805,0.0035131962055038974,0.00029301319981793353,0.0001298446901883463,0.00020012790398389884,0.0003858984956519682,0.0001471703838567744,0.0004926225155515095,1.0,0.0,10,10,0.7224598312333834,1.0,1.0,1.0,211.03595819977272,6.423255887523044,206.44103774160962,215.63087865793582,202.45332134991258,219.26638489999277
target_snr_db,10.0,Row complex LS / Wiener [scientific controlled],scientific_controlled,10,10,0.0,15.997532551793327,2.1130418002519322,14.485953507310402,17.509111596276252,13.36777591354991,18.752199613298963,-6.7136165169338895,0.02756261169136602,-6.733333621554784,-6.693899412312995,-6.755411428065885,-6.6810634303407035,18.775203803489582,0.07810580915015924,18.719330273515073,18.83107733346409,18.669689807340763,18.88859226844867,8.526628860251249,0.1077204095061718,8.449570321393553,8.603687399108944,8.389973713686459,8.661728876960487,12.56688341222699,0.15869780049180324,12.453357844677715,12.680408979776264,12.352243568561754,12.778298420684457,11.510984041352277,0.14860488243021022,11.404678512440084,11.61728957026447,11.322833236583836,11.719999366676408,0.00241626749319057,0.00034595252756764675,0.002168787963445911,0.0026637470229352294,0.0019381985535831688,0.002914717760871607,0.00036071916249431045,0.00012177144828191321,0.00027360911601187433,0.00044782920897674656,0.00023867774237596722,0.0005658284023668639,1.0,0.0,10,10,0.7224598312333834,1.0,1.0,1.0,208.23092209993774,5.18244454473457,204.52362460488504,211.93821959499044,200.89488424964657,214.8998852501336
target_snr_db,10.0,Row complex LS / Wiener robust IRLS [scientific controlled],scientific_controlled,10,10,0.0,15.99300687999045,2.1149659633181765,14.480051372169811,17.50596238781109,13.368837082802154,18.767708070889455,-6.689899634842073,0.02885993239426309,-6.710544786787084,-6.6692544828970615,-6.731891376663598,-6.657222728245209,18.773625315248644,0.07829450010168587,18.717616803898864,18.829633826598425,18.66767800155958,18.88719249997386,8.532288009084722,0.10879059498529943,8.454463905653828,8.610112112515615,8.393739646667056,8.670726075411881,12.57905251411908,0.1616665111472867,12.463403258900481,12.69470176933768,12.361908800107658,12.796312504197672,11.524815826662689,0.14973456889889902,11.4177021687335,11.631929484591877,11.336338428647908,11.736805772063784,0.002450831220061989,0.0003488057544452221,0.0022013106147660633,0.002700351825357915,0.0019813092890015966,0.002960646191415422,0.00037039144287665,0.00012408054644111007,0.0002816295670793939,0.00045915331867390607,0.00024038461538461537,0.0005815695645577302,1.0,0.0,10,10,0.7224598312333834,1.0,1.0,1.0,294.01144280000153,34.292380085973384,269.4801518822257,318.54273371777737,274.29223220019594,350.2510942001662
target_snr_db,10.0,SA-MNEC physical [approximate academic reference],scientific_controlled,10,10,0.0,-0.13733652363955154,0.03006510981731517,-0.15884380757710218,-0.1158292397020009,-0.17042350355959404,-0.08830997816534396,0.0051889439423197905,0.0013081863083752915,0.0042531238322851455,0.0061247640523544354,0.0029786257004599803,0.006401792007289993,-0.21813590743227912,0.0045446484356221175,-0.22138695307605646,-0.21488486178850177,-0.22499577062106127,-0.2137390982002126,24.182195003912934,0.04417865599830736,24.15059149724662,24.21379851057925,24.12222463924302,24.237456913924824,35.549530454596706,0.09445904338096683,35.48195852557971,35.617102383613705,35.430424732664754,35.689435235485114,34.51989782380913,0.07650434057252416,34.46516991544138,34.574625732176884,34.41378525366372,34.61875581711357,0.14387977834131677,0.0006261032507774374,0.1434318910570023,0.14432766562563124,0.14319094580633043,0.14484681130834978,0.004440714610832954,4.504220490198681e-05,0.004408493358494722,0.0044729358631711855,0.004368741465634957,0.004484619177666515,1.0,0.0,10,10,0.7224598312333834,1.0,1.0,1.0,6630.38526170003,155.5799202529557,6519.090091311705,6741.680432088356,6407.406056300033,6786.733865050019
target_snr_db,10.0,Shrinkage-SMI/MVDR global,scientific_controlled,10,10,0.0,-0.6488962717029466,0.09444883754845368,-0.7164608999071748,-0.5813316434987185,-0.7365212631482697,-0.4997024313105993,-0.011198369280998608,7.758788224214333e-05,-0.011253872308382661,-0.011142866253614554,-0.011314128448699773,-0.011102711300598514,-0.6153364466194383,0.007701527560521179,-0.6208457875466284,-0.6098271056922482,-0.6256698721283086,-0.6046397552280455,24.63926855381763,0.04584061027847326,24.606476156679538,24.67206095095572,24.573298983617562,24.695475481240443,36.0125867103983,0.09926668727271215,35.941575600121745,36.08359782067486,35.88938693563907,36.15613954730113,34.91836932306952,0.07781826483942368,34.86270148990348,34.97403715623556,34.809544726471145,35.02260842196998,0.14889790551329013,0.0006955800073206961,0.14840031755137575,0.1493954934752045,0.1480515638207946,0.14991753545599698,0.004379456835078137,3.33893845376431e-05,0.004355571508261949,0.004403342161894325,0.004325974814140494,0.004417387346381429,1.0,0.0,10,10,0.7224598312333834,1.0,1.0,1.0,3375.0759214000027,85.58083588146403,3313.8550794307002,3436.296763369305,3324.5954272501876,3517.650699199885
target_snr_db,10.0,Shrinkage-SMI/MVDR local,scientific_controlled,10,10,0.0,-0.13356292398634234,0.05117622257527183,-0.17017218822870225,-0.09695365974398243,-0.18836567444634839,-0.05204435452264664,-0.011695669733417197,2.8963408163722707e-05,-0.011716388907468496,-0.011674950559365899,-0.011727175621511184,-0.011653157575976052,-0.07670433912441174,0.004321964517664794,-0.07979608628962255,-0.07361259195920093,-0.08290149250265408,-0.0709869928833238,23.897807636173955,0.0457942681414046,23.865048390203654,23.930566882144255,23.82855382330916,23.95097432978773,35.35550996848771,0.09767095576279623,35.285640375766896,35.42537956120852,35.23795867742835,35.50282072433694,34.39246639964183,0.07935009282099398,34.335702762750365,34.4492300365333,34.28205393417968,34.4972106161017,0.13886183901568516,0.0006576520722118148,0.13839138306408136,0.13933229496728897,0.1380619892927585,0.13986061801446417,0.0045306099226217564,5.1532554523523515e-05,0.004493745753859385,0.004567474091384128,0.00445645577302382,0.0045858936428463054,1.0,0.0,10,10,0.7224598312333834,1.0,1.0,1.0,1793.2773639000516,102.13265989439131,1720.2160603161578,1866.3386674839453,1626.4116681001724,1914.6914789496805
target_snr_db,18.0,Corrected JDL physical,scientific_controlled,10,10,0.0,-0.7603775709555871,0.3404865625749453,-1.0039469848947475,-0.5168081570164267,-1.2177808858510408,-0.27981921050696934,1.4440093772445137,0.12035094349071099,1.3579154986744744,1.530103255814553,1.319918594019096,1.6478427194438257,-2.368351293953651,0.014864789839328376,-2.3789849240214953,-2.3577176638858064,-2.3889275782222232,-2.348607003255956,26.17226312182087,0.04240580450193522,26.1419278367158,26.202598406925937,26.112013584593566,26.221960971889896,37.97916511219258,0.07973913894183397,37.92212316847182,38.036207055913344,37.86348567432742,38.0860808158129,36.74632353560686,0.07109273278648721,36.69546685824143,36.79718021297229,36.65094819191899,36.829025351575844,0.15558448389217622,0.0006500491947664317,0.15511946671145846,0.15604950107289398,0.15475213675213675,0.15646022353714661,0.004317250796540737,4.006414932259519e-05,0.004288590630639689,0.004345910962441785,0.004273535882263693,0.004374336216052192,1.0,0.0,10,10,0.7224598312333834,1.0,1.0,1.0,3740.1681756999096,54.19274720343754,3701.401019732664,3778.9353316671554,3646.4023105500473,3793.9638125496913
target_snr_db,18.0,Current legacy CSI [production replay],production_replay,10,10,0.0,19.421182355111604,2.387017867265454,17.713612639011057,21.12875207121215,16.48761401215403,22.95783845041344,-6.87990779643864,0.04772930697749631,-6.914051285803722,-6.845764307073558,-6.925043621745941,-6.800047636969618,20.315973474352653,0.07461514282634077,20.26259701663944,20.369349932065866,20.218709343700123,20.434174553795074,7.085460229964252,0.0803951695973778,7.027948990183497,7.1429714697450075,6.972625337521713,7.199364984139556,11.018928794442843,0.12477438677038616,10.929670575174375,11.10818701371131,10.852046128406691,11.197049411597915,10.00483855183915,0.11765113847313982,9.92067599743329,10.089001106245009,9.867092074572914,10.177198209643798,0.0007620926082464544,0.00014171039151319016,0.0006607191010251255,0.0008634661154677834,0.0005935944397482859,0.0009527566450643373,0.0019877484448490366,0.00021279893905106896,0.0018355212542087737,0.0021399756354892993,0.0016529168563192231,0.002231546806250948,1.0,0.0,10,10,0.7224598312333834,1.0,1.0,1.0,213.94034169989027,7.429928029914155,208.625291372587,219.25539202719355,203.48432229993705,223.81395650008926
target_snr_db,18.0,Current legacy CSI [scientific controlled],scientific_controlled,10,10,0.0,19.503110175693564,2.482067807047416,17.727545828754835,21.278674522632294,16.46551951691816,23.07279358897958,-6.796548342945568,0.04684514302895716,-6.830059339524024,-6.7630373463671125,-6.843066866465212,-6.719240217758193,20.318665561011265,0.07510356792875589,20.264939705027974,20.372391416994557,20.22084733003868,20.437583235012625,7.081394207371099,0.08172704948109587,7.02293019811756,7.1398582166246385,6.966940059177182,7.197200827922739,11.018416846968085,0.12503504514702604,10.928972163929782,11.107861530006389,10.851593654965312,11.197265915124559,10.005914396067677,0.1180486280695962,9.921467494733928,10.090361297401426,9.867972197607083,10.179262867588994,0.0007701700009392317,0.00013783649773925564,0.0006715677103822082,0.0008687722914962552,0.0006009204470742932,0.0009498450267681036,0.0019896449704142013,0.0002220878314091726,0.0018307729064764519,0.0021485170343519505,0.001638029130632681,0.0022428311333636776,1.0,0.0,10,10,0.7224598312333834,1.0,1.0,1.0,219.66801259995918,4.182321019760348,216.6761603753527,222.65986482456566,214.00769980000405,225.05789220003862
target_snr_db,18.0,DL-SMI/MVDR global,scientific_controlled,10,10,0.0,-0.8401474701832601,0.10944754430023555,-0.918441526843487,-0.7618534135230332,-0.9419640841008382,-0.6670018935270943,-0.011200041551889108,8.772515848471781e-05,-0.011262796349841345,-0.011137286753936871,-0.011334110559410953,-0.0110915883348473,-0.8045954504211335,0.007957848687493052,-0.8102881524366574,-0.7989027484056095,-0.814660723325115,-0.7949575682646371,24.867284542320725,0.04773510645969022,24.833136904256005,24.901432180385445,24.80242629248904,24.924309185278346,36.21289522764313,0.09897811935694263,36.14209054641797,36.28369990886829,36.083817780875805,36.35433281246241,35.106473572355114,0.07839153137466431,35.050395649014106,35.16255149569612,34.99461419817157,35.209492777259875,0.15173382173382172,0.0007019212580836453,0.15123169751438137,0.15223594595326206,0.1508944303559688,0.1527960927960928,0.004361250189652556,5.151510235950473e-05,0.00432439850541624,0.0043981018738888725,0.0042897511758458505,0.004413783947807616,1.0,0.0,10,10,0.7224598312333834,1.0,1.0,1.0,2171.8471908998254,91.87316151855983,2106.125090331208,2237.5692914684428,2098.2778417498594,2317.67287249977
target_snr_db,18.0,DL-SMI/MVDR local,scientific_controlled,10,10,0.0,-0.01591539435619129,0.046525900647788575,-0.04919801869258956,0.017367229980206976,-0.06248867605958282,0.05500143023996145,-0.012250567219031913,4.1784085710499894e-05,-0.012280457753305935,-0.01222067668475789,-0.012306807657303563,-0.012192319306954608,0.11925141256879956,0.0041313578301781775,0.11629601721381264,0.12220680792378649,0.11451351316304048,0.12576860910366452,23.60119662746456,0.04564030831131586,23.56854751772196,23.63384573720716,23.540971157959678,23.652850736482996,35.10192575551281,0.0894204778451298,35.03795819914822,35.1658933118774,34.9969836967892,35.23745926112878,34.20206688575592,0.0808283713997895,34.14424575207411,34.259888019437724,34.089818254408364,34.308823661386064,0.13510528787451864,0.0005934742495146486,0.13468074197159347,0.13552983377744382,0.13436244951629567,0.1360391659622429,0.00459850553785465,4.968148930879659e-05,0.0045629655413770955,0.004634045534332204,0.004524066909421939,0.004653409952966166,1.0,0.0,10,10,0.7224598312333834,1.0,1.0,1.0,1416.8661750000865,195.27789895040377,1277.1727813961875,1556.5595686039856,1095.5421708001268,1655.5085356996642
target_snr_db,18.0,MNEC physical,scientific_controlled,10,10,0.0,-0.21085898609482195,0.05411697620845046,-0.2495719387575292,-0.1721460334321147,-0.26858223467243186,-0.12743439496442943,-0.011610128475976941,4.826237772599347e-05,-0.011644653301183349,-0.011575603650770533,-0.011676159958819814,-0.011550929568645837,-0.22063337064116356,0.004725365240156341,-0.22401369329909523,-0.2172530479832319,-0.22768782493488315,-0.2160495095012457,24.183423054728785,0.04474511040906433,24.1514143309878,24.215431778469767,24.121495119750094,24.240657231295618,35.55887676983487,0.09374364911360603,35.49181660304754,35.625936936622196,35.43600568500011,35.6966934225193,34.523003053515716,0.07685247961144999,34.468026101482224,34.57798000554921,34.417068971232155,34.624123518185996,0.14379336902413825,0.0006410171813858921,0.14333481295656736,0.14425192509170914,0.14308058608058608,0.14478294355217433,0.004442990441511151,3.4020776625927545e-05,0.004418653444004213,0.004467327439018089,0.004391404946138674,0.004476179638901533,1.0,0.0,10,10,0.7224598312333834,1.0,1.0,1.0,2264.139319900005,62.23812270742754,2219.6168490045934,2308.6617907954164,2155.093518999911,2323.964583550196
target_snr_db,18.0,Phase-only CSI [production replay],production_replay,10,10,0.0,15.946495787881162,2.1569062864649324,14.4035379802575,17.489453595504823,13.393369340625064,18.6510672103904,-6.763920590060517,0.020592649802506566,-6.778651684309638,-6.749189495811395,-6.792902739451035,-6.744366869204986,18.578625775166742,0.08287722532831542,18.519338979677777,18.637912570655708,18.459995023144646,18.693654497835702,8.750094939410916,0.11681981620435386,8.666527077131148,8.833662801690684,8.613395621936286,8.909204200068292,12.84200994959242,0.16156593247731518,12.726432644019981,12.957587255164858,12.632192162570746,13.084343977809375,11.756508400767348,0.15836600729919192,11.643220183769772,11.869796617764925,11.561090311108975,11.990247748043632,0.0028785573400958017,0.00041438579396727433,0.002582123600631836,0.0031749910795597675,0.0023081619235465387,0.003484925331079177,0.00029604764072219694,0.00013023253850876211,0.00020288489491367118,0.0003892103865307227,0.00015267030799575177,0.0004997344864208768,1.0,0.0,10,10,0.7224598312333834,1.0,1.0,1.0,213.2196292000117,5.954573981079222,208.95998358034177,217.47927481968162,202.88864980066137,218.62460134984758
target_snr_db,18.0,Phase-only CSI [scientific controlled],scientific_controlled,10,10,0.0,16.029903952374298,2.219069814770441,14.442477035475786,17.61733086927281,13.445730791917262,18.824875782609503,-6.6808689741300595,0.018942524628743736,-6.69441963994036,-6.667318308319759,-6.707669581541527,-6.661843434232372,18.57971037341853,0.08322495213479524,18.520174829157146,18.63924591767991,18.460610363558903,18.695200094574467,8.748046617705402,0.11710082381258702,8.664277734692444,8.83181550071836,8.60853034202565,8.906691972030245,12.845623966027148,0.16347029292940002,12.728684363053793,12.962563569000503,12.632978481019578,13.090510826706248,11.758785775654472,0.1587358097818227,11.64523301789709,11.872338533411854,11.563236390762462,11.99348077768281,0.0029046679815910585,0.00041903729079591597,0.0026049067617474734,0.0032044292014346437,0.0023346482577251805,0.0035131962055038974,0.00029301319981793353,0.0001298446901883463,0.00020012790398389884,0.0003858984956519682,0.0001471703838567744,0.0004926225155515095,1.0,0.0,10,10,0.7224598312333834,1.0,1.0,1.0,212.93386399993324,7.664248921442089,207.4511906046547,218.41653739521178,203.4597260501414,224.58635194993803
target_snr_db,18.0,Row complex LS / Wiener [scientific controlled],scientific_controlled,10,10,0.0,15.997532549139905,2.113041804351912,14.48595350172403,17.50911159655578,13.367775896267325,18.752199611727193,-6.713616519587314,0.0275626126327236,-6.733333624881614,-6.693899414293013,-6.755411432928785,-6.681063426733976,18.775203803489582,0.07810580915015924,18.719330273515073,18.83107733346409,18.669689807340763,18.88859226844867,8.526628860251249,0.1077204095061718,8.449570321393553,8.603687399108944,8.389973713686459,8.661728876960487,12.56688341222699,0.15869780049180324,12.453357844677715,12.680408979776264,12.352243568561754,12.778298420684457,11.510984041352277,0.14860488243021022,11.404678512440084,11.61728957026447,11.322833236583836,11.719999366676408,0.00241626749319057,0.00034595252756764675,0.002168787963445911,0.0026637470229352294,0.0019381985535831688,0.002914717760871607,0.00036071916249431045,0.00012177144828191321,0.00027360911601187433,0.00044782920897674656,0.00023867774237596722,0.0005658284023668639,1.0,0.0,10,10,0.7224598312333834,1.0,1.0,1.0,207.98162529990805,6.849084186107816,203.08208562758088,212.8811649722352,197.71688120049475,216.9368460502028
target_snr_db,18.0,Row complex LS / Wiener robust IRLS [scientific controlled],scientific_controlled,10,10,0.0,15.993006877344744,2.1149659673859853,14.48005136661417,17.505962388075318,13.368837065569105,18.76770806930824,-6.689899637487777,0.028859933236280288,-6.710544790035131,-6.6692544849404225,-6.731891381510163,-6.657222735665952,18.773625315248644,0.07829450010168587,18.717616803898864,18.829633826598425,18.66767800155958,18.88719249997386,8.532288009084722,0.10879059498529943,8.454463905653828,8.610112112515615,8.393739646667056,8.670726075411881,12.57905251411908,0.1616665111472867,12.463403258900481,12.69470176933768,12.361908800107658,12.796312504197672,11.524815826662689,0.14973456889889902,11.4177021687335,11.631929484591877,11.336338428647908,11.736805772063784,0.002450831220061989,0.0003488057544452221,0.0022013106147660633,0.002700351825357915,0.0019813092890015966,0.002960646191415422,0.00037039144287665,0.00012408054644111007,0.0002816295670793939,0.00045915331867390607,0.00024038461538461537,0.0005815695645577302,1.0,0.0,10,10,0.7224598312333834,1.0,1.0,1.0,312.2720098998798,52.83991023353651,274.4726152017485,350.07140459801104,273.306342199794,397.72404590012223
target_snr_db,18.0,SA-MNEC physical [approximate academic reference],scientific_controlled,10,10,0.0,-0.13733652365030286,0.030065109940362558,-0.1588438076758763,-0.11582923962472941,-0.17042350684550991,-0.08830997997824408,0.005188943931567946,0.0013081862332671276,0.004253123875262444,0.006124763987873447,0.0029786244709933234,0.00640178860534709,-0.21813590743227912,0.0045446484356221175,-0.22138695307605646,-0.21488486178850177,-0.22499577062106127,-0.2137390982002126,24.182195003912934,0.04417865599830736,24.15059149724662,24.21379851057925,24.12222463924302,24.237456913924824,35.549530454596706,0.09445904338096683,35.48195852557971,35.617102383613705,35.430424732664754,35.689435235485114,34.51989782380913,0.07650434057252416,34.46516991544138,34.574625732176884,34.41378525366372,34.61875581711357,0.14387977834131677,0.0006261032507774374,0.1434318910570023,0.14432766562563124,0.14319094580633043,0.14484681130834978,0.004440714610832954,4.504220490198681e-05,0.004408493358494722,0.0044729358631711855,0.004368741465634957,0.004484619177666515,1.0,0.0,10,10,0.7224598312333834,1.0,1.0,1.0,6636.598601099921,140.51977493533388,6536.076809669963,6737.12039252988,6443.732991949901,6795.483215199511
target_snr_db,18.0,Shrinkage-SMI/MVDR global,scientific_controlled,10,10,0.0,-0.6488962713751745,0.09444883714217961,-0.7164608992887717,-0.5813316434615773,-0.7365212653332209,-0.49970243289684135,-0.01119836895322694,7.759029099794385e-05,-0.01125387370373109,-0.01114286420272279,-0.011314130014855445,-0.011102706458070438,-0.6153364466194383,0.007701527560521179,-0.6208457875466284,-0.6098271056922482,-0.6256698721283086,-0.6046397552280455,24.63926855381763,0.04584061027847326,24.606476156679538,24.67206095095572,24.573298983617562,24.695475481240443,36.0125867103983,0.09926668727271215,35.941575600121745,36.08359782067486,35.88938693563907,36.15613954730113,34.91836932306952,0.07781826483942368,34.86270148990348,34.97403715623556,34.809544726471145,35.02260842196998,0.14889790551329013,0.0006955800073206961,0.14840031755137575,0.1493954934752045,0.1480515638207946,0.14991753545599698,0.004379456835078137,3.33893845376431e-05,0.004355571508261949,0.004403342161894325,0.004325974814140494,0.004417387346381429,1.0,0.0,10,10,0.7224598312333834,1.0,1.0,1.0,3487.4157547000323,109.84809690199327,3408.8351599699204,3565.996349430144,3381.1613161001787,3655.808989650359
target_snr_db,18.0,Shrinkage-SMI/MVDR local,scientific_controlled,10,10,0.0,-0.13356292397808875,0.051176222387127976,-0.17017218808585866,-0.09695365987031884,-0.18836567763677908,-0.052044356351110224,-0.011695669725163924,2.8963752632194303e-05,-0.011716389145633123,-0.011674950304694726,-0.011727173735163224,-0.011653157634931988,-0.07670433912441174,0.004321964517664794,-0.07979608628962255,-0.07361259195920093,-0.08290149250265408,-0.0709869928833238,23.897807636173955,0.0457942681414046,23.865048390203654,23.930566882144255,23.82855382330916,23.95097432978773,35.35550996848771,0.09767095576279623,35.285640375766896,35.42537956120852,35.23795867742835,35.50282072433694,34.39246639964183,0.07935009282099398,34.335702762750365,34.4492300365333,34.28205393417968,34.4972106161017,0.13886183901568516,0.0006576520722118148,0.13839138306408136,0.13933229496728897,0.1380619892927585,0.13986061801446417,0.0045306099226217564,5.1532554523523515e-05,0.004493745753859385,0.004567474091384128,0.00445645577302382,0.0045858936428463054,1.0,0.0,10,10,0.7224598312333834,1.0,1.0,1.0,1893.2256447998952,76.38396212826581,1838.5838499835797,1947.8674396162107,1771.4268910996907,1982.3795018498004
texture_sigma,0.2,Corrected JDL physical,scientific_controlled,10,10,0.0,-0.8448655150947033,0.2658063014089691,-1.0350118884666857,-0.6547191417227208,-1.2444427148916142,-0.4646604055696701,1.4247113579290422,0.0940564566971536,1.357427422076575,1.4919952937815095,1.3280429996603382,1.587182693018898,-2.3471372856352835,0.015264000732587739,-2.3580564939725726,-2.3362180772979944,-2.3678713953756785,-2.326957902908644,26.02995040256992,0.023449498015271235,26.013175642222397,26.046725162917443,25.993119344617526,26.052159705612244,37.920376967135645,0.08038141306757063,37.86287556818349,37.9778783660878,37.787131572274546,38.01939457518476,36.543522098135426,0.04911655477047171,36.5083862314813,36.57865796478955,36.46842372869117,36.598040285755744,0.15418615572461725,0.0005541067317173648,0.15378977164742055,0.15458253980181394,0.15342772612003383,0.15496233680849064,0.004387232589895312,5.261923386450949e-05,0.004349591057561756,0.004424874122228868,0.004309759520558337,0.004452283416780458,1.0,0.0,10,10,0.7224598312333834,1.0,1.0,1.0,4281.949931399822,193.50526578272607,4143.524603174231,4420.3752596254135,3968.2252804497466,4478.827457799935
texture_sigma,0.2,Current legacy CSI [production replay],production_replay,10,10,0.0,19.227948183037512,2.4686095507029164,17.462011292717577,20.993885073357447,16.520258706550685,23.214696412520503,-6.931115452118929,0.08463358179500585,-6.991658669335744,-6.870572234902114,-7.03065654675148,-6.802262163387604,20.270369107750003,0.06839203796343986,20.22144439107725,20.319293824422758,20.16887692756238,20.365015074518205,6.928282252790583,0.07307139085083249,6.876010128714206,6.9805543768669605,6.8377341405606975,7.021426425025317,10.788578718974655,0.11728579861921846,10.704677512956337,10.872479924992973,10.666840537913558,10.97176760269844,9.791696455390746,0.1176903920361893,9.707505820677474,9.875887090104017,9.655029921515133,9.969869545467205,0.0006074950690335305,0.00014125078985672594,0.0005064503410311636,0.0007085397970358975,0.00040631163708086784,0.0007843523997370152,0.0016706493703535121,0.00014506581777515415,0.001566875535783104,0.0017744232049239203,0.0014883932635411925,0.0018891291154604763,1.0,0.0,10,10,0.7224598312333834,1.0,1.0,1.0,258.49361760006104,64.04300750254153,212.6800099019253,304.3072252981968,215.97993830009727,355.849704150023
texture_sigma,0.2,Current legacy CSI [scientific controlled],scientific_controlled,10,10,0.0,19.227727836393065,2.473785293423693,17.458088442774127,20.997367230012003,16.515390878218323,23.214340159171467,-6.912550479600647,0.08493887354702055,-6.973312089380611,-6.851788869820682,-7.0114216001372665,-6.782595015876866,20.270068625422887,0.06841781428806039,20.221125469478302,20.31901178136747,20.16855728611202,20.36475083681753,6.928214640097146,0.07276920541892791,6.8761586864563755,6.980270593737916,6.838465202467822,7.020948522261327,10.790278671348881,0.1182796278199585,10.705666522748427,10.874890819949336,10.666458622414986,10.975850315265088,9.793006389025601,0.1176742254682262,9.708827319178368,9.877185458872834,9.656438855222197,9.971172867380657,0.0006114398422090729,0.00014118151922589472,0.0005104446674308542,0.0007124350169872915,0.0004111017187940265,0.0007886728655959425,0.001670080412683963,0.00014726615656297207,0.0015647325505661431,0.0017754282748017828,0.0014872553482020937,0.0018912152935821572,1.0,0.0,10,10,0.7224598312333834,1.0,1.0,1.0,241.82800499997938,12.784251525260172,232.68270238330697,250.9733076166518,219.8829928499208,255.4162724499065
texture_sigma,0.2,DL-SMI/MVDR global,scientific_controlled,10,10,0.0,-0.8677183155918868,0.07214294294315697,-0.9193262680456441,-0.8161103631381296,-0.9410465421808892,-0.7508811893306234,-0.011216295881583242,5.585646574249738e-05,-0.011256253190097048,-0.011176338573069435,-0.01129098995116489,-0.011141135216296299,-0.7978345556774926,0.009939810332828532,-0.8049450676434401,-0.7907240437115451,-0.8131001209648302,-0.7869194252697791,24.7493181023602,0.03971651039295816,24.72090662236826,24.777729582352137,24.687571063681915,24.793828837413134,36.167268182196054,0.08220072799947231,36.10846532374317,36.22607104064894,36.044722369312424,36.277379189503144,34.915336400155596,0.05711163350696897,34.87448119871328,34.95619160159791,34.83120113284403,34.99162378209419,0.15046416831032214,0.0006422063227865164,0.1500047615822381,0.15092357503840617,0.14957837888607117,0.1512760401991171,0.0044657487482931265,5.598981176893941e-05,0.0044256960497784156,0.0045058014468078375,0.004386568805947504,0.004544170080412684,1.0,0.0,10,10,0.7224598312333834,1.0,1.0,1.0,2485.8298326999375,159.12338673816868,2371.999819090225,2599.6598463096498,2217.2350761500866,2631.656678549848
texture_sigma,0.2,DL-SMI/MVDR local,scientific_controlled,10,10,0.0,-0.030583486164578,0.03781657902360477,-0.05763583713051638,-0.0035311351986396233,-0.07290059719123802,0.029635672141674563,-0.012255490551107478,3.2481928379826157e-05,-0.012278726722894278,-0.012232254379320679,-0.012292689411914639,-0.012207905202516786,0.12083346880995867,0.0036675561516870303,0.1182098571886961,0.12345708043122124,0.11592489575729102,0.12583411493866142,23.489406102247273,0.04344159445549623,23.458329857645758,23.520482346848787,23.4282646741072,23.53863226531835,35.034610197155004,0.07409725656929896,34.98160421295229,35.08761618135772,34.93972756263824,35.14270919047795,34.017011998168826,0.05731191059049478,33.9760135271317,34.05801046920595,33.93284011347139,34.09698551865036,0.13385855170470556,0.0005859582858868398,0.13343938239826683,0.1342777210111443,0.13294035878651264,0.13448436179205409,0.0047179866484600205,5.435273010638466e-05,0.004679105047618309,0.004756868249301732,0.004653315126687908,0.004796123501744804,1.0,0.0,10,10,0.7224598312333834,1.0,1.0,1.0,1596.1275908000061,307.3423096049006,1376.2681471172727,1815.9870344827395,1178.6463957501383,1897.9714056999683
texture_sigma,0.2,MNEC physical,scientific_controlled,10,10,0.0,-0.23026144501845575,0.03836905804466746,-0.257709015667533,-0.20281387436937848,-0.2774284911385368,-0.1708306592469782,-0.011621649591627672,4.167010056686394e-05,-0.011651458585842012,-0.011591840597413331,-0.011667945153618227,-0.011559052595531845,-0.2182754000258484,0.004068115224020462,-0.22118555434576678,-0.21536524570593,-0.22492374843104485,-0.21382816947785394,24.07023888154731,0.03214571870755555,24.047243219671437,24.093234543423186,24.021130051113406,24.10023429726865,35.494864064923505,0.07784652528498177,35.43917601545257,35.55055211439444,35.38529928790297,35.59981295917635,34.33624737865792,0.054905113779038936,34.29697062634121,34.37552413097463,34.2547449121128,34.41137741727137,0.14268188222034378,0.0006315648971464206,0.1422300879095811,0.14313367653110645,0.1417325068094299,0.1434165492627031,0.004573281747837961,4.9899410105698185e-05,0.004537585860213381,0.004608977635462541,0.0045061447428311335,0.004646108329540282,1.0,0.0,10,10,0.7224598312333834,1.0,1.0,1.0,2559.9861973999396,153.77038475180535,2449.9854907290196,2669.9869040708595,2395.7933996999373,2783.8374273498175
texture_sigma,0.2,Phase-only CSI [production replay],production_replay,10,10,0.0,15.531450161608486,1.6349306701022939,14.361891215914934,16.70100910730204,13.492241851479946,17.6935067146977,-6.6899736238081005,0.011147267206864517,-6.69794789838759,-6.681999349228611,-6.704997927622268,-6.67358265524948,18.539483002403607,0.07845884151085933,18.48335692829183,18.595609076515384,18.41753027505771,18.63433459878161,8.584961340173034,0.11779767013694013,8.500693963329528,8.66922871701654,8.447695505468296,8.71680883705351,12.619264615611879,0.16171074809867075,12.503583715184607,12.73494551603915,12.457951000639241,12.871784550338695,11.535671179111391,0.15229738556541278,11.426724192580993,11.64461816564179,11.35413470838551,11.76007549646368,0.0023413168028552644,0.0005076218512160957,0.0019781860059498767,0.002704447599760652,0.0016398046398046397,0.002957640649948342,0.00015779092702169624,7.482561833952264e-05,0.00010426390419658485,0.00021131794984680764,6.391291154604764e-05,0.00027878925807919884,1.0,0.0,10,10,0.7224598312333834,1.0,1.0,1.0,234.67544980003368,13.743517832834186,224.84392940554235,244.506970194525,211.43111935027719,248.10384944992165
texture_sigma,0.2,Phase-only CSI [scientific controlled],scientific_controlled,10,10,0.0,15.541268429906552,1.6401513070784732,14.367974865498356,16.714561994314746,13.497717237980199,17.705078702524617,-6.671556810707203,0.01117298255423064,-6.679549480938022,-6.663564140476385,-6.686924637177367,-6.656047963067641,18.539157648110226,0.07848251253589587,18.483014640767216,18.595300655453237,18.41718302813032,18.634026333327405,8.585989448389114,0.1180456846028714,8.501544652684615,8.670434244093613,8.448014143351445,8.718281397492335,12.619664030507483,0.16156159941298093,12.50408982462254,12.735238236392426,12.456841979095293,12.871647495543787,11.536811468351353,0.15233250062525855,11.42783936202039,11.645783574682316,11.355270745897997,11.76120701629212,0.002343570958955575,0.000508301849451406,0.001979953720616488,0.0027071881972946616,0.0016452521837137222,0.0029615854231238845,0.00015589440145653166,7.431648888919142e-05,0.00010273158789976412,0.00020905721501329917,6.305947504172356e-05,0.0002758496434531937,1.0,0.0,10,10,0.7224598312333834,1.0,1.0,1.0,232.01941209995312,11.700988693198594,223.64902903121217,240.38979516869406,212.7545055999235,245.90990904982846
texture_sigma,0.2,Row complex LS / Wiener [scientific controlled],scientific_controlled,10,10,0.0,15.55192814860008,1.5672867343498174,14.430758759496277,16.673097537703885,13.511288431403708,17.67164331897258,-6.70515640163961,0.013675189375463644,-6.714939042800245,-6.695373760478975,-6.718467220470202,-6.6840239405887045,18.73122287481329,0.07333159446770561,18.678764612282617,18.783681137343965,18.619630042359276,18.823452529326655,8.372317977595717,0.1041849546236415,8.297788550804102,8.446847404387333,8.237618905088018,8.489362790688673,12.3473640942376,0.14443169560878713,12.244043883338152,12.450684305137047,12.18538225563495,12.566746284627135,11.292260527913628,0.1425607958927201,11.190278678046507,11.394242377780749,11.111321781404367,11.502196587673922,0.0019515356438433364,0.0004132671222091362,0.001655902153947105,0.002247169133739568,0.0013841457687611533,0.002463792617638771,0.00023137611895008344,8.523822278199146e-05,0.00017040036762757597,0.0002923518702725909,0.0001294378698224852,0.0003748482779547868,1.0,0.0,10,10,0.7224598312333834,1.0,1.0,1.0,235.60068179990594,14.453059063434694,225.2615861860108,245.9397774138011,213.25841159978154,249.7395289000906
texture_sigma,0.2,Row complex LS / Wiener robust IRLS [scientific controlled],scientific_controlled,10,10,0.0,15.551043206643772,1.5677669834201042,14.429530268050938,16.67255614523661,13.512880044577566,17.666354724551024,-6.681386093864636,0.0168209898053831,-6.69341910508772,-6.6693530826415515,-6.703497124295275,-6.660144104167323,18.72971439488199,0.07354016664692706,18.677106928802512,18.78232186096147,18.61771192594396,18.822105121729926,8.375465138721214,0.10601535469252879,8.299626322599572,8.451303954842857,8.238654334001016,8.494694926791407,12.363247069956875,0.14626131009995968,12.258618031695844,12.467876108217906,12.20179666809664,12.584574371006497,11.306124393028874,0.14384370485453052,11.203224805376149,11.4090239806816,11.124731001183019,11.51816083777223,0.0019830938292476753,0.0004246186581511856,0.0016793399397215592,0.002286847718773791,0.0013991734760965529,0.0025075608152531226,0.0002342209072978304,8.864101612465327e-05,0.00017081094425794926,0.0002976308703377115,0.00012611895008344712,0.00038328781671976935,1.0,0.0,10,10,0.7224598312333834,1.0,1.0,1.0,344.4945139000083,43.4516548306236,313.4110725396694,375.5779552603472,290.16481574997215,401.7401598499873
texture_sigma,0.2,SA-MNEC physical [approximate academic reference],scientific_controlled,10,10,0.0,-0.1415822651580029,0.03082017075084217,-0.16362968714880505,-0.11953484316720075,-0.17654684879497026,-0.09139306900933607,0.007153499715948237,0.0011775011609745333,0.006311166128618725,0.00799583330327775,0.005148107370164257,0.008392809792630759,-0.21722582909019367,0.004691913376051203,-0.22058222172611908,-0.21386943645426826,-0.22482951565655673,-0.2129254382550091,24.06945983402699,0.032233343402471824,24.04640148922047,24.092518178833508,24.017570453281042,24.09960877149591,35.48938541257091,0.07905163588946088,35.43283527890656,35.54593554623526,35.37762940027116,35.594425334430696,34.33457645637548,0.05484543267457746,34.295342397349,34.373810515401956,34.25237478749852,34.408490574847576,0.1427737390814314,0.0006270349777933779,0.14232518527976157,0.14322229288310123,0.14182952944491406,0.14345543345543346,0.004569299044151115,5.023346946644582e-05,0.004533364184855809,0.00460523390344642,0.004498368988013959,0.004642030799575178,1.0,0.0,10,10,0.7224598312333834,1.0,1.0,1.0,7697.440745700078,363.5332915992539,7437.384694992602,7957.496796407554,7100.291128550134,8058.387674200162
texture_sigma,0.2,Shrinkage-SMI/MVDR global,scientific_controlled,10,10,0.0,-0.6859905139549893,0.06267035078072189,-0.7308221821876002,-0.6411588457223785,-0.751419440389405,-0.5841600332944932,-0.01121323324293886,5.052118510706177e-05,-0.011249373921604645,-0.011177092564273074,-0.01127721016937681,-0.01114364819419607,-0.6213833150018784,0.008900104153447011,-0.6277500659721914,-0.6150165640315653,-0.6351577144835217,-0.6116993091955159,24.537621058525662,0.03764343888570337,24.51069256455308,24.564549552498246,24.481818201319722,24.581223535878085,35.96675583481242,0.0799915519423894,35.909533325708544,36.02397834391629,35.8495606310515,36.07746807587141,34.739969789320824,0.05703351089786317,34.69917047342645,34.7807691052152,34.65698722498618,34.81706404438647,0.14788297172912557,0.0006062981362082897,0.1474492521702923,0.14831669128795882,0.14703268526345448,0.14863144547759932,0.004498748293126991,5.779789364039588e-05,0.004457402170758915,0.004540094415495067,0.004412740858746776,0.0045765058412987406,1.0,0.0,10,10,0.7224598312333834,1.0,1.0,1.0,3934.1579602999905,131.66295175135787,3839.9719584999357,4028.3439621000452,3757.438357200158,4103.403935999904
texture_sigma,0.2,Shrinkage-SMI/MVDR local,scientific_controlled,10,10,0.0,-0.14621840683960605,0.040191379261081905,-0.17496958755580092,-0.11746722612341118,-0.19219167187409064,-0.08128898856011164,-0.011742782105491234,2.2618154552863843e-05,-0.011758962158551664,-0.011726602052430804,-0.011766775378884467,-0.011710589095124737,-0.06689894699947876,0.004066342407228462,-0.06980783312266192,-0.0639900608762956,-0.07294840266217432,-0.06275432344172525,23.778764963103463,0.04159170917570928,23.749012046712156,23.80851787949477,23.717977325404295,23.823002173638407,35.27271481623323,0.08032693851776075,35.215252386026485,35.33017724643998,35.1669500379912,35.387486411479586,34.19917222646484,0.05669828390536041,34.15861271751463,34.23973173541505,34.115151033524775,34.27699204326868,0.13751235089696628,0.0006285481001326022,0.13706271467278144,0.13796198712115113,0.13656917441532826,0.13820015027707336,0.004660521923835533,4.730934879644886e-05,0.0046266788544554955,0.004694364993215571,0.004605333029889243,0.0047348657259899864,1.0,0.0,10,10,0.7224598312333834,1.0,1.0,1.0,2099.0323744000307,205.65938322032142,1951.912514329086,2246.152234470975,1788.867930049969,2312.9481024501274
texture_sigma,0.4,Corrected JDL physical,scientific_controlled,10,10,0.0,-0.760377571039095,0.340486563441191,-1.0039469855979302,-0.5168081564802598,-1.2177808845636207,-0.2798192083690653,1.4440093771610056,0.12035094503019149,1.357915497489688,1.5301032568323232,1.3199185912454114,1.6478427223270162,-2.368351293953651,0.014864789839328376,-2.3789849240214953,-2.3577176638858064,-2.3889275782222232,-2.348607003255956,26.17226312182087,0.04240580450193522,26.1419278367158,26.202598406925937,26.112013584593566,26.221960971889896,37.97916511219258,0.07973913894183397,37.92212316847182,38.036207055913344,37.86348567432742,38.0860808158129,36.74632353560686,0.07109273278648721,36.69546685824143,36.79718021297229,36.65094819191899,36.829025351575844,0.15558448389217622,0.0006500491947664317,0.15511946671145846,0.15604950107289398,0.15475213675213675,0.15646022353714661,0.004317250796540737,4.006414932259519e-05,0.004288590630639689,0.004345910962441785,0.004273535882263693,0.004374336216052192,1.0,0.0,10,10,0.7224598312333834,1.0,1.0,1.0,3986.1211756001007,293.62073266948505,3776.0775567393666,4196.164794460835,3660.8198931501192,4420.114863300046
texture_sigma,0.4,Current legacy CSI [production replay],production_replay,10,10,0.0,19.354786670705654,2.480332079695805,17.580463988314836,21.12910935309647,16.356924399320814,22.981603191442144,-6.95097515811967,0.09268993708972632,-7.017281544733776,-6.884668771505564,-7.090424145475136,-6.850361684837811,20.318930386291488,0.07503130879579085,20.265256221377985,20.37260455120499,20.221184147507643,20.43778133509904,7.0813973169966165,0.0813298158243418,7.023217471582734,7.139577162410499,6.966866793570848,7.195895934511597,11.017737030631274,0.12614248382252122,10.92750013368848,11.107973927574069,10.848870770905387,11.198732470780833,10.004676848825998,0.11799379790661327,9.920269170627996,10.089084527024,9.866793734296175,10.177931930827652,0.0007677279984972293,0.00014102814225044346,0.0006668425429976215,0.000868613453996837,0.0005963182117028271,0.0009558561097022635,0.0019862312243969045,0.00022068990452200223,0.0018283591771119795,0.0021441032716818294,0.0016363222576240327,0.0022378053406159914,1.0,0.0,10,10,0.7224598312333834,1.0,1.0,1.0,227.81632289998015,22.56526728982912,211.67410310840057,243.95854269155973,205.44254815017666,257.5308723498665
texture_sigma,0.4,Current legacy CSI [scientific controlled],scientific_controlled,10,10,0.0,19.367078082157057,2.4979193894179885,17.580174196298465,21.15398196801565,16.348925553373707,22.992772487810935,-6.932580436482075,0.09250519229732473,-6.998754664633088,-6.866406208331062,-7.070771641799064,-6.831291654312483,20.318665561011265,0.07510356792875589,20.264939705027974,20.372391416994557,20.22084733003868,20.437583235012625,7.081394207371099,0.08172704948109587,7.02293019811756,7.1398582166246385,6.966940059177182,7.197200827922739,11.018416846968085,0.12503504514702604,10.928972163929782,11.107861530006389,10.851593654965312,11.197265915124559,10.005914396067677,0.1180486280695962,9.921467494733928,10.090361297401426,9.867972197607083,10.179262867588994,0.0007701700009392317,0.00013783649773925564,0.0006715677103822082,0.0008687722914962552,0.0006009204470742932,0.0009498450267681036,0.0019896449704142013,0.0002220878314091726,0.0018307729064764519,0.0021485170343519505,0.001638029130632681,0.0022428311333636776,1.0,0.0,10,10,0.7224598312333834,1.0,1.0,1.0,232.38295460009795,24.66932947906171,214.73557939079134,250.03032980940455,205.1198884001451,267.0786870500706
texture_sigma,0.4,DL-SMI/MVDR global,scientific_controlled,10,10,0.0,-0.8401474706701881,0.10944754472410967,-0.9184415276336363,-0.76185341370674,-0.9419640809606139,-0.6670018920989901,-0.011200042038816927,8.772300753376948e-05,-0.01126279529807155,-0.011137288779562306,-0.011334109440200598,-0.011091591212775247,-0.8045954504211335,0.007957848687493052,-0.8102881524366574,-0.7989027484056095,-0.814660723325115,-0.7949575682646371,24.867284542320725,0.04773510645969022,24.833136904256005,24.901432180385445,24.80242629248904,24.924309185278346,36.21289522764313,0.09897811935694263,36.14209054641797,36.28369990886829,36.083817780875805,36.35433281246241,35.106473572355114,0.07839153137466431,35.050395649014106,35.16255149569612,34.99461419817157,35.209492777259875,0.15173382173382172,0.0007019212580836453,0.15123169751438137,0.15223594595326206,0.1508944303559688,0.1527960927960928,0.004361250189652556,5.151510235950473e-05,0.00432439850541624,0.0043981018738888725,0.0042897511758458505,0.004413783947807616,1.0,0.0,10,10,0.7224598312333834,1.0,1.0,1.0,2316.8101029000354,164.810626889235,2198.9116827721614,2434.7085230279095,2134.2297087501493,2550.209136899889
texture_sigma,0.4,DL-SMI/MVDR local,scientific_controlled,10,10,0.0,-0.01591539438327292,0.046525901169602604,-0.04919801909295445,0.017367230326408613,-0.06248867652271843,0.05500143202840897,-0.012250567246112369,4.1784042738726287e-05,-0.012280457749646236,-0.012220676742578502,-0.012306805995890615,-0.012192320272180418,0.11925141256879956,0.0041313578301781775,0.11629601721381264,0.12220680792378649,0.11451351316304048,0.12576860910366452,23.60119662746456,0.04564030831131586,23.56854751772196,23.63384573720716,23.540971157959678,23.652850736482996,35.10192575551281,0.0894204778451298,35.03795819914822,35.1658933118774,34.9969836967892,35.23745926112878,34.20206688575592,0.0808283713997895,34.14424575207411,34.259888019437724,34.089818254408364,34.308823661386064,0.13510528787451864,0.0005934742495146486,0.13468074197159347,0.13552983377744382,0.13436244951629567,0.1360391659622429,0.00459850553785465,4.968148930879659e-05,0.0045629655413770955,0.004634045534332204,0.004524066909421939,0.004653409952966166,1.0,0.0,10,10,0.7224598312333834,1.0,1.0,1.0,1580.235545800042,137.77680659090686,1481.6759557182172,1678.7951358818668,1383.0074440502358,1771.1342871998795
texture_sigma,0.4,MNEC physical,scientific_controlled,10,10,0.0,-0.21085898607219997,0.054116976268254534,-0.24957193877768846,-0.17214603336671147,-0.26858223148348365,-0.12743439305327486,-0.011610128453354327,4.825959393636177e-05,-0.011644651287157597,-0.011575605619551057,-0.011676156342895422,-0.011550932704089826,-0.22063337064116356,0.004725365240156341,-0.22401369329909523,-0.2172530479832319,-0.22768782493488315,-0.2160495095012457,24.183423054728785,0.04474511040906433,24.1514143309878,24.215431778469767,24.121495119750094,24.240657231295618,35.55887676983487,0.09374364911360603,35.49181660304754,35.625936936622196,35.43600568500011,35.6966934225193,34.523003053515716,0.07685247961144999,34.468026101482224,34.57798000554921,34.417068971232155,34.624123518185996,0.14379336902413825,0.0006410171813858921,0.14333481295656736,0.14425192509170914,0.14308058608058608,0.14478294355217433,0.004442990441511151,3.4020776625927545e-05,0.004418653444004213,0.004467327439018089,0.004391404946138674,0.004476179638901533,1.0,0.0,10,10,0.7224598312333834,1.0,1.0,1.0,2379.8972624000726,175.2103799144313,2254.5593071249004,2505.2352176752447,2223.9765672500653,2699.5075064000503
texture_sigma,0.4,Phase-only CSI [production replay],production_replay,10,10,0.0,16.01406464866994,2.2063170348255845,14.435760520975716,17.592368776364165,13.435328834849491,18.79140499524462,-6.699125846171546,0.019300122334760854,-6.712932321970417,-6.6853193703726745,-6.725982008743291,-6.679696959041191,18.580020971944666,0.08316668472345497,18.52052710967838,18.639514834210953,18.460982756708194,18.695470837358346,8.748086643572204,0.11673913200562044,8.664576499291204,8.831596787853204,8.609728076717683,8.906676629012242,12.844187563678961,0.16440894138675555,12.726576492049327,12.961798635308595,12.628948968495983,13.09068800234554,11.757671619823858,0.15868301288954678,11.64415663068798,11.871186608959736,11.562130847207412,11.992290463624892,0.0028992204376819767,0.00041484536603562385,0.002602457940165111,0.0031959829351988424,0.0023285432516201745,0.0035001408847562692,0.00029244424214838413,0.00013063193200805046,0.00019899578744192982,0.00038589269685483847,0.000147834167804582,0.00049527765134274,1.0,0.0,10,10,0.7224598312333834,1.0,1.0,1.0,223.29736209999282,19.49826220056122,209.34914557976694,237.2455786202187,202.90828155007148,248.8303139000891
texture_sigma,0.4,Phase-only CSI [scientific controlled],scientific_controlled,10,10,0.0,16.029903954993685,2.2190698109218396,14.442477040848297,17.617330869139074,13.445730809266236,18.824875783327634,-6.680868971510674,0.0189425222166048,-6.694419635595435,-6.667318307425913,-6.70766957212699,-6.66184343655292,18.57971037341853,0.08322495213479524,18.520174829157146,18.63924591767991,18.460610363558903,18.695200094574467,8.748046617705402,0.11710082381258702,8.664277734692444,8.83181550071836,8.60853034202565,8.906691972030245,12.845623966027148,0.16347029292940002,12.728684363053793,12.962563569000503,12.632978481019578,13.090510826706248,11.758785775654472,0.1587358097818227,11.64523301789709,11.872338533411854,11.563236390762462,11.99348077768281,0.0029046679815910585,0.00041903729079591597,0.0026049067617474734,0.0032044292014346437,0.0023346482577251805,0.0035131962055038974,0.00029301319981793353,0.0001298446901883463,0.00020012790398389884,0.0003858984956519682,0.0001471703838567744,0.0004926225155515095,1.0,0.0,10,10,0.7224598312333834,1.0,1.0,1.0,227.31604030004746,20.461331877880692,212.67888523518914,241.95319536490578,200.38142345003962,248.09040084987828
texture_sigma,0.4,Row complex LS / Wiener [scientific controlled],scientific_controlled,10,10,0.0,15.997532551793327,2.1130418002519322,14.485953507310402,17.509111596276252,13.36777591354991,18.752199613298963,-6.7136165169338895,0.02756261169136602,-6.733333621554784,-6.693899412312995,-6.755411428065885,-6.6810634303407035,18.775203803489582,0.07810580915015924,18.719330273515073,18.83107733346409,18.669689807340763,18.88859226844867,8.526628860251249,0.1077204095061718,8.449570321393553,8.603687399108944,8.389973713686459,8.661728876960487,12.56688341222699,0.15869780049180324,12.453357844677715,12.680408979776264,12.352243568561754,12.778298420684457,11.510984041352277,0.14860488243021022,11.404678512440084,11.61728957026447,11.322833236583836,11.719999366676408,0.00241626749319057,0.00034595252756764675,0.002168787963445911,0.0026637470229352294,0.0019381985535831688,0.002914717760871607,0.00036071916249431045,0.00012177144828191321,0.00027360911601187433,0.00044782920897674656,0.00023867774237596722,0.0005658284023668639,1.0,0.0,10,10,0.7224598312333834,1.0,1.0,1.0,224.6017354000287,21.03033275643182,209.55754162717713,239.64592917288027,198.87625509984446,247.41009690003466
texture_sigma,0.4,Row complex LS / Wiener robust IRLS [scientific controlled],scientific_controlled,10,10,0.0,15.99300687999045,2.1149659633181765,14.480051372169811,17.50596238781109,13.368837082802154,18.767708070889455,-6.689899634842073,0.02885993239426309,-6.710544786787084,-6.6692544828970615,-6.731891376663598,-6.657222728245209,18.773625315248644,0.07829450010168587,18.717616803898864,18.829633826598425,18.66767800155958,18.88719249997386,8.532288009084722,0.10879059498529943,8.454463905653828,8.610112112515615,8.393739646667056,8.670726075411881,12.57905251411908,0.1616665111472867,12.463403258900481,12.69470176933768,12.361908800107658,12.796312504197672,11.524815826662689,0.14973456889889902,11.4177021687335,11.631929484591877,11.336338428647908,11.736805772063784,0.002450831220061989,0.0003488057544452221,0.0022013106147660633,0.002700351825357915,0.0019813092890015966,0.002960646191415422,0.00037039144287665,0.00012408054644111007,0.0002816295670793939,0.00045915331867390607,0.00024038461538461537,0.0005815695645577302,1.0,0.0,10,10,0.7224598312333834,1.0,1.0,1.0,305.4498686999523,16.28610030513112,293.7994943748215,317.10024302508305,279.20166730004894,321.62883614985276
texture_sigma,0.4,SA-MNEC physical [approximate academic reference],scientific_controlled,10,10,0.0,-0.13733652363955154,0.03006510981731517,-0.15884380757710218,-0.1158292397020009,-0.17042350355959404,-0.08830997816534396,0.0051889439423197905,0.0013081863083752915,0.0042531238322851455,0.0061247640523544354,0.0029786257004599803,0.006401792007289993,-0.21813590743227912,0.0045446484356221175,-0.22138695307605646,-0.21488486178850177,-0.22499577062106127,-0.2137390982002126,24.182195003912934,0.04417865599830736,24.15059149724662,24.21379851057925,24.12222463924302,24.237456913924824,35.549530454596706,0.09445904338096683,35.48195852557971,35.617102383613705,35.430424732664754,35.689435235485114,34.51989782380913,0.07650434057252416,34.46516991544138,34.574625732176884,34.41378525366372,34.61875581711357,0.14387977834131677,0.0006261032507774374,0.1434318910570023,0.14432766562563124,0.14319094580633043,0.14484681130834978,0.004440714610832954,4.504220490198681e-05,0.004408493358494722,0.0044729358631711855,0.004368741465634957,0.004484619177666515,1.0,0.0,10,10,0.7224598312333834,1.0,1.0,1.0,7229.978960100061,649.4466759923896,6765.392795348306,7694.565124851816,6424.102354500019,8021.5796376501885
texture_sigma,0.4,Shrinkage-SMI/MVDR global,scientific_controlled,10,10,0.0,-0.6488962717029466,0.09444883754845368,-0.7164608999071748,-0.5813316434987185,-0.7365212631482697,-0.4997024313105993,-0.011198369280998608,7.758788224214333e-05,-0.011253872308382661,-0.011142866253614554,-0.011314128448699773,-0.011102711300598514,-0.6153364466194383,0.007701527560521179,-0.6208457875466284,-0.6098271056922482,-0.6256698721283086,-0.6046397552280455,24.63926855381763,0.04584061027847326,24.606476156679538,24.67206095095572,24.573298983617562,24.695475481240443,36.0125867103983,0.09926668727271215,35.941575600121745,36.08359782067486,35.88938693563907,36.15613954730113,34.91836932306952,0.07781826483942368,34.86270148990348,34.97403715623556,34.809544726471145,35.02260842196998,0.14889790551329013,0.0006955800073206961,0.14840031755137575,0.1493954934752045,0.1480515638207946,0.14991753545599698,0.004379456835078137,3.33893845376431e-05,0.004355571508261949,0.004403342161894325,0.004325974814140494,0.004417387346381429,1.0,0.0,10,10,0.7224598312333834,1.0,1.0,1.0,3610.6170588999703,293.39971810417853,3400.7315443348552,3820.5025734650853,3332.5141220499518,3977.060594849877
texture_sigma,0.4,Shrinkage-SMI/MVDR local,scientific_controlled,10,10,0.0,-0.13356292398634234,0.05117622257527183,-0.17017218822870225,-0.09695365974398243,-0.18836567444634839,-0.05204435452264664,-0.011695669733417197,2.8963408163722707e-05,-0.011716388907468496,-0.011674950559365899,-0.011727175621511184,-0.011653157575976052,-0.07670433912441174,0.004321964517664794,-0.07979608628962255,-0.07361259195920093,-0.08290149250265408,-0.0709869928833238,23.897807636173955,0.0457942681414046,23.865048390203654,23.930566882144255,23.82855382330916,23.95097432978773,35.35550996848771,0.09767095576279623,35.285640375766896,35.42537956120852,35.23795867742835,35.50282072433694,34.39246639964183,0.07935009282099398,34.335702762750365,34.4492300365333,34.28205393417968,34.4972106161017,0.13886183901568516,0.0006576520722118148,0.13839138306408136,0.13933229496728897,0.1380619892927585,0.13986061801446417,0.0045306099226217564,5.1532554523523515e-05,0.004493745753859385,0.004567474091384128,0.00445645577302382,0.0045858936428463054,1.0,0.0,10,10,0.7224598312333834,1.0,1.0,1.0,2018.8690175000374,198.4650558134198,1876.8956692236654,2160.842365776409,1790.10974600003,2299.183754149908
texture_sigma,0.8,Corrected JDL physical,scientific_controlled,10,10,0.0,-0.7402709881155043,0.46747666170543306,-1.0746836464616463,-0.4058583297693623,-1.3944683219690859,-0.13560220356651764,1.4724072082147273,0.2237777680976141,1.3123262363961936,1.632488180033261,1.2299654060854843,1.817913679852521,-2.411804706411755,0.02371830015994,-2.428771756229817,-2.394837656593693,-2.4504584583342246,-2.383284629525546,26.335708335993537,0.12012005406347333,26.249779625769797,26.421637046217278,26.151666018788024,26.479512610359006,38.04440315801866,0.10419828419267714,37.96986419582778,38.11894212020954,37.8783027977538,38.152135329145096,37.636648581530295,0.1488683903113743,37.530154550435526,37.743142612625064,37.40844050789177,37.82777300995383,0.15689752982060673,0.0010172465550373382,0.15616983547235316,0.1576252241688603,0.15525509533201842,0.15783338029491875,0.004106357153694432,0.00014712931932682016,0.004001107179038492,0.004211607128350372,0.003929695797299348,0.0043303368229403736,1.0,0.0,10,10,0.7224598312333834,1.0,1.0,1.0,3630.873276100056,41.04990685524535,3601.507941740382,3660.23861045973,3570.131120949918,3677.098663700258
texture_sigma,0.8,Current legacy CSI [production replay],production_replay,10,10,0.0,20.002165744416466,3.4184229601676606,17.556773272221808,22.447558216611124,15.562100526221942,25.300573397011153,-6.956621347270243,0.13204774215830534,-7.051082611545271,-6.8621600829952145,-7.143600626246819,-6.812771662277493,20.48347541660758,0.09315339436419763,20.416837492631544,20.550113340583614,20.37312902216073,20.625724163598424,7.816125999965932,0.09874259929690328,7.745489799642219,7.8867622002896445,7.710928252307168,7.9584293398885935,12.15925817848502,0.1114297251300062,12.07954615507927,12.23897020189077,12.02348026967642,12.29843104408754,11.199240739060595,0.1486010817322099,11.092937929003964,11.305543549117226,11.025609728377104,11.421757274754338,0.002411195641964873,0.0002529977125990567,0.002230211981054212,0.0025921793028755337,0.002094298863529633,0.002709683478914248,0.0032574723107267486,0.0003258079067805482,0.003024403374580949,0.0034905412468725482,0.002835590198755879,0.0037220262479138217,1.0,0.0,10,10,0.7224598312333834,1.0,1.0,1.0,205.34989420002603,5.303730007788331,201.55583431138007,209.143954088672,197.70222084991929,212.34570580004402
texture_sigma,0.8,Current legacy CSI [scientific controlled],scientific_controlled,10,10,0.0,20.038668988760726,3.4783195231055664,17.5504290966226,22.52690888089885,15.56180860690614,25.4610520284622,-6.937305669840586,0.13188380002930966,-7.031649656981452,-6.84296168269972,-7.123492466685532,-6.79248119992315,20.48339540538263,0.09336631056662474,20.416605170330786,20.550185640434474,20.3727072588554,20.625794368546057,7.816072144899219,0.09862324251254753,7.7455213272754735,7.8866229625229645,7.71051082113787,7.956864983221804,12.158964905249203,0.113053950080844,12.07809098130797,12.239838829190436,12.021737698900656,12.303564423828378,11.199877754543547,0.14878502892099849,11.093443356595076,11.306312152492017,11.025542450888546,11.422354715867568,0.0024147647224570306,0.00025345144400710666,0.002233456481650151,0.00259607296326391,0.002099746407438715,0.0027201089508781815,0.003253299954483386,0.00032919177676661815,0.0030178103435740352,0.0034887895653927365,0.0028206076467910787,0.0037178538916704594,1.0,0.0,10,10,0.7224598312333834,1.0,1.0,1.0,205.6600522998906,6.943321811267856,200.6930990915999,210.6270055081813,197.19587289991978,215.25191559987888
texture_sigma,0.8,DL-SMI/MVDR global,scientific_controlled,10,10,0.0,-0.8297732808433157,0.14142338130404125,-0.9309414733294367,-0.7286050883571947,-1.0007317545411951,-0.6203855446855311,-0.011098429043884087,0.0002189568469108674,-0.011255061336438386,-0.010941796751329788,-0.011396577249178162,-0.010805436351344762,-0.8240507480223919,0.015280439202667386,-0.8349817157327768,-0.8131197803120069,-0.8434110223208683,-0.8008214011535426,25.030149056381703,0.10970272128823509,24.95167245710086,25.108625655662546,24.866716190146327,25.168697793501497,36.266899168428566,0.10245140972244833,36.19360984495388,36.34018849190325,36.10448347088095,36.36472909456789,35.98282161490597,0.1634633064737209,35.86588700974193,36.09975622007001,35.73458121501415,36.195314975215226,0.15403663003663007,0.001235459802430792,0.15315283533487228,0.15492042473838785,0.1520728843805767,0.1552384709307786,0.00412835685025034,0.0001854888617758987,0.003995666111992342,0.004261047588508339,0.003905135791230466,0.00440449097253831,1.0,0.0,10,10,0.7224598312333834,1.0,1.0,1.0,2204.795995800032,233.1075189418363,2038.040922283798,2371.551069316266,1957.4472765998507,2532.8275555001483
texture_sigma,0.8,DL-SMI/MVDR local,scientific_controlled,10,10,0.0,-0.01015452162979101,0.05706323219888542,-0.05097509886210817,0.03066605560252615,-0.10161884035151383,0.052265167883404115,-0.012249988611075938,6.064057516508799e-05,-0.012293368265304269,-0.012206608956847607,-0.012322210150786987,-0.012163812937125557,0.10364957683998344,0.008587112362801453,0.09750672670863092,0.10979242697133595,0.09152425858903734,0.11338305840045639,23.769585675934017,0.10924248302478803,23.691438311273334,23.8477330405947,23.618132008933138,23.91622830456178,35.16049571482286,0.10516517179296046,35.085265082909785,35.23572634673593,34.99792904357892,35.27890248923334,35.0703979401277,0.1716248736386814,34.9476249015284,35.193170978727,34.81713262414769,35.2928429755769,0.13764853949469333,0.0010786360195583259,0.13687692976903884,0.13842014922034782,0.13590044143890298,0.13883929745468207,0.004272303140646336,0.00018014231049982791,0.004143437094766973,0.0044011691865256984,0.004063116370808678,0.004524730693369746,1.0,0.0,10,10,0.7224598312333834,1.0,1.0,1.0,1065.2254961999915,86.60936814941752,1003.268886569762,1127.1821058302212,980.313323149835,1200.095750350124
texture_sigma,0.8,MNEC physical,scientific_controlled,10,10,0.0,-0.1984201975074194,0.06464234491170169,-0.24466254536022372,-0.1521778496546151,-0.29725473666584656,-0.11832167213366286,-0.01152383346647657,9.946256765289447e-05,-0.011594984701135845,-0.011452682231817295,-0.011642309846279774,-0.011357336256513214,-0.2280241386889445,0.009591731027759023,-0.23488564972017378,-0.22116262765771522,-0.24093384563212777,-0.21496142977529428,24.33802372333415,0.10750182719007896,24.2611215488458,24.4149258978225,24.18346835841921,24.480388703828776,35.60620459997193,0.09317498858252865,35.53955122842268,35.67285797152118,35.459755027478025,35.70947953145283,35.38661314893077,0.16315048284651595,35.269902324308816,35.503323973552725,35.14576587830495,35.6000406242134,0.14608096177326946,0.0011239857533679113,0.1452769108023489,0.14688501274419002,0.1442979242979243,0.14714652014652016,0.004180890608405402,0.0001815878524670971,0.004050990484096836,0.004310790732713968,0.0039600402063419814,0.004433697466241845,1.0,0.0,10,10,0.7224598312333834,1.0,1.0,1.0,2126.4654276000783,78.53282040114689,2070.286432178236,2182.644423021921,2016.546879900011,2214.3301886001836
texture_sigma,0.8,Phase-only CSI [production replay],production_replay,10,10,0.0,16.967123034617643,3.4163867199174884,14.523187200948225,19.41105886828706,12.492208603741505,21.464670412935163,-6.718023061124951,0.03053933038159037,-6.739869582018124,-6.696176540231778,-6.760071415971649,-6.680248194935013,18.693576472881958,0.09452812074286386,18.62595512889708,18.761197816866837,18.582141749056426,18.82093201118053,9.588204430234288,0.13801358253226415,9.489475460847638,9.686933399620939,9.398630389516981,9.775343366724464,13.982393064109033,0.1427080968548683,13.880305841481379,14.084480286736687,13.81930872731283,14.172084894075443,12.9979904379613,0.18744078483483628,12.863903378063105,13.132077497859497,12.761598706567705,13.290141929838295,0.0062733164271625815,0.00043972381589268544,0.005958756958729821,0.006587875895595342,0.005758617450925143,0.006903165210857518,0.0013167576998937946,0.00035398316480511534,0.0010635333983417085,0.0015699820014458807,0.0009525299651039296,0.0018745258686087088,1.0,0.0,10,10,0.7224598312333834,1.0,1.0,1.0,199.25327430000834,6.057048893624882,194.92032254395684,203.58622605605984,191.20019755000612,205.50549074985156
texture_sigma,0.8,Phase-only CSI [scientific controlled],scientific_controlled,10,10,0.0,16.99241932109736,3.441446764516035,14.530556611459632,19.454282030735087,12.504633651147387,21.543347203882888,-6.698787029206436,0.029943254582232046,-6.720207143160037,-6.6773669152528345,-6.740002481329611,-6.66144720525481,18.69335954438832,0.09468322079500707,18.625627248510018,18.76109184026662,18.581777261944303,18.820809866877354,9.588587448161572,0.13807213305389576,9.489816594254922,9.687358302068223,9.399221020133878,9.775801073278766,13.983690357910973,0.1439819558997783,13.880691871418268,14.086688844403678,13.817937399072742,14.174444488326019,12.99871900799052,0.18755162384885432,12.864552658638193,13.132885357342847,12.761922244398933,13.290819971822918,0.006272001502770732,0.0004396205980066852,0.005957515871965545,0.00658648713357592,0.005757302526533296,0.006900817131586362,0.0013163783947807615,0.0003535068597723979,0.0010634948213231938,0.001569261968238329,0.000953952359277803,0.0018748103474434835,1.0,0.0,10,10,0.7224598312333834,1.0,1.0,1.0,199.1266839000673,3.9471823731691247,196.30303973016802,201.95032806996656,193.84576425018167,203.93141590002415
texture_sigma,0.8,Row complex LS / Wiener [scientific controlled],scientific_controlled,10,10,0.0,16.932082781035213,3.3562316369105116,14.531179301426011,19.332986260644415,12.417292630122278,21.300740747124188,-6.725763775589465,0.041083960019682696,-6.7551534701154905,-6.69637408106344,-6.775703611008897,-6.673932420715786,18.902623546221157,0.09091265698202682,18.837588549205996,18.96765854323632,18.7980749311406,19.027811880620096,9.346741609545552,0.11603082488881432,9.26373815765213,9.429745061438974,9.193657220467205,9.495457030391407,13.713204823019314,0.14541479343201122,13.609181346302746,13.817228299735882,13.540544187869992,13.909208543421956,12.75127145744903,0.18758242159388042,12.61708307671711,12.885459838180951,12.532347234302375,13.054847755959349,0.005502958579881657,0.00041159382053380857,0.005208522097894698,0.0057973950618686165,0.005030618953695877,0.006143232835540528,0.0013527916856319224,0.00030772980418188257,0.0011326550450275065,0.0015729283262363384,0.001031140949780003,0.001840578060992262,1.0,0.0,10,10,0.7224598312333834,1.0,1.0,1.0,198.987274800038,4.345451957120048,195.87872573280853,202.09582386726746,191.76773759991192,204.02726264994726
texture_sigma,0.8,Row complex LS / Wiener robust IRLS [scientific controlled],scientific_controlled,10,10,0.0,16.926989201929633,3.3420833874641227,14.536206770269757,19.31777163358951,12.424155055849063,21.27853233461739,-6.703138175953629,0.03866248377814998,-6.7307956507275515,-6.675480701179706,-6.7449342262091,-6.653902167229673,18.900882535865577,0.0910409068062363,18.835755794452975,18.96600927727818,18.796260467765585,19.026247646557568,9.349820775504488,0.11935472778203264,9.26443954672152,9.435202004287456,9.193011319699531,9.503202432766491,13.727738126686944,0.14744133998910153,13.622264945895425,13.833211307478463,13.554858864840579,13.927838606173365,12.762733082969547,0.18737538307948762,12.628692808668704,12.896773357270389,12.541352743960916,13.065231961880924,0.005537334460411383,0.0004044248316376184,0.005248026364140371,0.005826642556682395,0.005081243542782004,0.0061701887855734015,0.0013603777878925807,0.0003110353965245887,0.0011378764689773796,0.0015828791068077817,0.001030382339553937,0.0018480693369746623,1.0,0.0,10,10,0.7224598312333834,1.0,1.0,1.0,322.7609216999099,47.327174675551746,288.9051004541505,356.6167429456693,278.0190572997981,377.4680540999043
texture_sigma,0.8,SA-MNEC physical [approximate academic reference],scientific_controlled,10,10,0.0,-0.14287505294173408,0.05217033438373334,-0.18019546193161592,-0.10555464395185224,-0.2209279303017974,-0.07913494830847029,-0.0009083908237841221,0.0013935907910118271,-0.0019053056202764141,8.852397270816994e-05,-0.003007689369133413,0.0007477479465164894,-0.21926284580749744,0.00937094015145813,-0.22596641256058245,-0.21255927905441244,-0.23124669510518425,-0.20654909014154357,24.331345692554642,0.10620993673297037,24.255367680826584,24.4073237042827,24.17843288128385,24.471451242163493,35.59631558163812,0.0946723606730288,35.52859105462308,35.66404010865317,35.446332861867646,35.697824099893346,35.377316044011394,0.16288785842593778,35.260793089582386,35.4938389984404,35.136106830934594,35.590051857381454,0.14611308349769886,0.0011014301183898806,0.1453251678560291,0.1469009991393686,0.14435202404433173,0.1471419179111487,0.004178994082840237,0.000185664267132338,0.00404617786714916,0.004311810298531314,0.003955204066150812,0.004434266423911394,1.0,0.0,10,10,0.7224598312333834,1.0,1.0,1.0,6645.266824299915,232.56198871303283,6478.901999600289,6811.6316489995415,6341.986381649895,6916.245417200048
texture_sigma,0.8,Shrinkage-SMI/MVDR global,scientific_controlled,10,10,0.0,-0.5278937043816134,0.10124852960764935,-0.60032253925908,-0.4554648695041469,-0.646436760945822,-0.3915325819217259,-0.01110287731189763,0.00017635959354699244,-0.011229037365081327,-0.010976717258713933,-0.011342652740443816,-0.010862898636133518,-0.5274563037989328,0.014987059340844319,-0.5381774001990804,-0.5167352073987852,-0.5450427125749143,-0.5036642585417916,24.6783152890443,0.10214872545073764,24.605242492853723,24.751388085234876,24.531073752327853,24.800756610190387,35.95025021403087,0.10109083210579375,35.877934189150416,36.02256623891133,35.783681077948785,36.0453479336533,35.68738926000053,0.1543539408673427,35.57697110243232,35.79780741756874,35.458140719058306,35.88257593111477,0.1496996336996337,0.0011793490082175932,0.14885597824201763,0.1505432891572498,0.14778050154973232,0.15087273410350335,0.004157563343953876,0.00018182439853868347,0.004027494004779413,0.004287632683128339,0.003936997420725232,0.004418999393111819,1.0,0.0,10,10,0.7224598312333834,1.0,1.0,1.0,3568.0284301999563,93.4784954263145,3501.157942933986,3634.898917465927,3455.7731539499855,3702.3753500999646
texture_sigma,0.8,Shrinkage-SMI/MVDR local,scientific_controlled,10,10,0.0,-0.14105237052608172,0.06679487977417907,-0.18883454905817115,-0.0932701919939923,-0.24405595277722242,-0.05997122653098042,-0.011492253164736914,8.696663238102363e-05,-0.01155446534580249,-0.011430040983671338,-0.011597959431121425,-0.011366946806917154,-0.11400161987448372,0.009141964172388805,-0.12054138707963273,-0.10746185266933471,-0.12557220079329384,-0.10240985261106841,24.106198531118007,0.10722124208477989,24.029497075122457,24.182899987113558,23.957135719643112,24.250447291623594,35.44437711909431,0.10322227197291596,35.37053635398518,35.518217884203445,35.287690485318315,35.56001899031717,35.282543826313756,0.16591773204965268,35.1638534308637,35.40123422176381,35.040039329266264,35.50059137718977,0.14186362355593127,0.0010399124953535985,0.1411197149707414,0.14260753214112112,0.1401766694843618,0.14294355217432142,0.004226407221969352,0.00018388203924577111,0.004094865935305002,0.004357948508633702,0.004000531027158246,0.004484998482779548,1.0,0.0,10,10,0.7224598312333834,1.0,1.0,1.0,1575.484529599862,132.30915990897591,1480.8362583315402,1670.132800868184,1386.5192561497452,1725.8916958998043
texture_sigma,1.1,Corrected JDL physical,scientific_controlled,10,10,0.0,-0.6919194268292372,0.6460613534345123,-1.154083877710167,-0.22975497594830746,-1.3772146531424063,0.25225872737916183,1.5148186187181791,0.3498263539863934,1.2645679204922131,1.7650693169441452,1.112592873946613,2.0260797516218636,-2.3969716006516815,0.05963374212017155,-2.4396310099081395,-2.3543121913952234,-2.490134101273466,-2.329729442993845,26.281711310528742,0.14770654157147922,26.176048415953787,26.387374205103697,26.060839786452334,26.45745432972156,37.97038332170716,0.1333746601043305,37.87497283751574,38.06579380589858,37.73305700548116,38.0836329926537,38.95836160614933,0.298866892184962,38.74456511084921,39.172158101449455,38.54330158805238,39.368445039763444,0.15597332581947967,0.0012146258011994158,0.1551044348643824,0.15684221677457694,0.15395322626091856,0.15729106790645253,0.004097633136094674,0.00022697501614058607,0.003935264990808397,0.004260001281380952,0.0038379039599453803,0.004407240934607799,1.0,0.0,10,10,0.7224598312333834,1.0,1.0,1.0,3488.5402699000683,104.97225656856044,3413.447641225045,3563.6328985750915,3360.6859680001207,3632.9089862001865
texture_sigma,1.1,Current legacy CSI [production replay],production_replay,10,10,0.0,19.78283446057142,4.020976080722045,16.90640145235461,22.659267468788226,13.849351974418918,25.57671313590179,-6.948607741362592,0.11211939866729513,-7.028813127496129,-6.868402355229055,-7.096086074232181,-6.79654533317409,20.653027683198363,0.09481468910252797,20.585201340558356,20.72085402583837,20.5290958227098,20.781244446176725,8.741022499424668,0.1302102103550987,8.647875726215064,8.834169272634272,8.563743210605194,8.923795001533959,13.842216388162793,0.15262484043758306,13.733035154528185,13.951397621797401,13.611989831038706,14.01681612771101,13.133751950005157,0.379616367899594,12.862190759596462,13.405313140413853,12.677072859429426,13.739430622802953,0.006430168122475816,0.0005216730745873925,0.006056985685893982,0.00680335055905765,0.005638771484925331,0.007179768948999718,0.0049269837657411625,0.00041375607703551397,0.004631000498633159,0.005222967032849166,0.004451809285389167,0.005541552875132756,1.0,0.0,10,10,0.7224598312333834,1.0,1.0,1.0,208.0476641000132,9.727654409067409,201.0889193392777,215.0064088607487,196.86925329999667,222.55294495005273
texture_sigma,1.1,Current legacy CSI [scientific controlled],scientific_controlled,10,10,0.0,19.81999841414879,4.094786161487298,16.89076485492393,22.749231973373654,13.848797995939876,25.801285331041697,-6.927793271760889,0.11208692087262304,-7.0079754246797155,-6.847611118842062,-7.075723186287852,-6.775685275334058,20.65315134370074,0.09502289786384469,20.585176057485434,20.721126629916043,20.529289500102365,20.781625109185054,8.741163529275992,0.13043824360327627,8.647853630907505,8.834473427644479,8.563515975525224,8.923602830462613,13.84245687790004,0.15260450495147454,13.733290191395856,13.951623564404223,13.612921233886695,14.018709165056395,13.133736211351211,0.3796346646176364,12.862161932258907,13.405310490443515,12.676165204119261,13.739438240130426,0.006433173663942896,0.0005228446459830389,0.006059153135672311,0.00680719419221348,0.0056354841739457125,0.007179768948999718,0.004926604460628129,0.0004107981681029532,0.004632737154102359,0.0052204717671538985,0.004451809285389167,0.005534630556819906,1.0,0.0,10,10,0.7224598312333834,1.0,1.0,1.0,200.44695260012304,4.867487606294294,196.96496172607712,203.92894347416896,194.30161300006148,207.85171585030184
texture_sigma,1.1,DL-SMI/MVDR global,scientific_controlled,10,10,0.0,-0.8283552561924055,0.16609658504892938,-0.9471735953706477,-0.7095369170141632,-1.0833356366462035,-0.6336229742629617,-0.010980527388682692,0.00036951020648650094,-0.011244859066731352,-0.010716195710634032,-0.011433976218515282,-0.010395419702493525,-0.8169698383514563,0.056168244985030175,-0.8571501802995579,-0.7767894964033547,-0.9001032792996728,-0.7445450190326038,25.068017461640235,0.1387307537278356,24.968775458886046,25.167259464394423,24.85311260590806,25.232896714269046,36.23339713492832,0.12137745261555895,36.14656893596674,36.320225333889894,36.01325341709899,36.34622720893583,37.324889239791204,0.3102180947241084,37.10297258336327,37.54680589621914,36.8930906296899,37.72978513705384,0.1557013243167089,0.0017547677624824719,0.1544460390793859,0.15695660955403193,0.15297473466704234,0.15749356626279704,0.004158890911849492,0.00026738013820413174,0.0039676186834571685,0.004350163140241815,0.0038601881353360645,0.00453952359277803,1.0,0.0,10,10,0.7224598312333834,1.0,1.0,1.0,1943.9574167000046,421.765574081212,1642.244500566751,2245.6703328332583,1463.2906920498044,2375.777602500034
texture_sigma,1.1,DL-SMI/MVDR local,scientific_controlled,10,10,0.0,-0.01648904511659697,0.0741220710598842,-0.06951278053651949,0.03653469030332556,-0.13321819611320934,0.06899727600354401,-0.01227357964780976,9.934183057310654e-05,-0.012344644512365197,-0.012202514783254324,-0.012423297283063602,-0.012159682222360774,0.06981199980878858,0.020175319349665242,0.05537944578119251,0.08424455383638464,0.042260128654206044,0.0955252213081478,23.860321290092934,0.13516276960998877,23.763631669417954,23.957010910767913,23.656152660536115,24.04441689250559,35.16415531612721,0.13328963073367095,35.0688056582833,35.25950497397111,34.933833591545024,35.30152157320957,36.44893687532726,0.3407517228439623,36.20517777715846,36.692695973496065,35.994670939719754,36.88962482395364,0.1398544190851883,0.001775211702841065,0.13858450913394388,0.14112432903643274,0.13712726589649665,0.1418481262327416,0.0042497344864208765,0.0002582028219235954,0.004065027314608407,0.004434441658233346,0.003980427856167501,0.004610548475193445,1.0,0.0,10,10,0.7224598312333834,1.0,1.0,1.0,1035.7810570999845,41.59575175809972,1006.0252488194475,1065.5368653805215,989.4981255997891,1092.2154833997865
texture_sigma,1.1,MNEC physical,scientific_controlled,10,10,0.0,-0.20250884251393378,0.07935722792289525,-0.2592775835498195,-0.14574010147804806,-0.33381784225077576,-0.11652661769983233,-0.011397548826555892,0.00021124724636377787,-0.011548666003116307,-0.011246431649995477,-0.011584479979316354,-0.011026716368140356,-0.23444463832660506,0.023841673310412478,-0.2514999439798726,-0.21738933267333754,-0.26288874383823096,-0.1982079590335225,24.41401380505787,0.14147253902132473,24.312810447259206,24.515217162856533,24.198467387114842,24.60003646523711,35.60505931020926,0.1301822180255244,35.51193256150594,35.69818605891259,35.38328557557903,35.75146635169685,36.741179567689564,0.3254275078414973,36.50838275255185,36.973976382827274,36.30667335590901,37.15916544391686,0.14810632102939797,0.0017953590818003502,0.14682199851147715,0.1493906435473188,0.1453342725650418,0.15012801728186345,0.004188666363222576,0.0002644173520124251,0.003999513584393499,0.004377819142051652,0.0039037133970565925,0.0045623767258382636,1.0,0.0,10,10,0.7224598312333834,1.0,1.0,1.0,2144.4141636999575,308.268307879163,1923.892300756784,2364.9360266431313,1823.8066934500694,2509.119374549914
texture_sigma,1.1,Phase-only CSI [production replay],production_replay,10,10,0.0,17.0024788235382,4.066974543006002,14.093140497661052,19.91181714941535,11.631538626658381,22.803994512194866,-6.729011907595042,0.037482222464217216,-6.755825074287155,-6.702198740902928,-6.780133711876521,-6.682084899382006,18.762977212760124,0.09673267860558414,18.693778823083463,18.832175602436784,18.64113308279424,18.88626146116907,10.602684282541642,0.14155269326668934,10.501423585850011,10.703944979233272,10.416554726238862,10.818218093779777,15.693978401762497,0.12702455493535753,15.603110509157549,15.784846294367444,15.52343104583497,15.874109095663384,15.059139576486889,0.4146038223320665,14.762549868926463,15.355729284047314,14.53812628829258,15.682207628437412,0.01304104442565981,0.0006143601006615012,0.012601557684878995,0.013480531166440624,0.012163520240443319,0.013902601671832441,0.0028819602488241542,0.0005284260094849325,0.0025039470536275775,0.003259973444020731,0.002409820209376422,0.003775318616294947,1.0,0.0,10,10,0.7224598312333834,1.0,1.0,1.0,201.8753168999865,11.812187902112917,193.42538670920666,210.32524709076634,190.15734734994112,219.55786529990746
texture_sigma,1.1,Phase-only CSI [scientific controlled],scientific_controlled,10,10,0.0,17.03025049425053,4.101678854920459,14.096086199177298,19.96441478932376,11.637679417724492,22.921023043297883,-6.708295333478453,0.03762382258632398,-6.735209794795806,-6.6813808721611005,-6.758696819601723,-6.661945882467067,18.76285462078284,0.09683311221299276,18.693584385231524,18.832124856334154,18.641051943133355,18.886525576668163,10.603065623400976,0.1415760974692718,10.5017881843514,10.704343062450553,10.416971879521869,10.81785249197904,15.694360893046087,0.1274419454145962,15.603194417279317,15.785527368812856,15.524821454102796,15.875147714658334,15.059446800855984,0.4146367869766036,14.762833511809436,15.356060089902531,14.537802147713686,15.68207683327104,0.013044989198835353,0.000615089771766703,0.012604980482790322,0.013484997914880384,0.012166525781910398,0.013909927679158449,0.0028762706721286602,0.000527728245648911,0.002498756627110941,0.0032537847171463796,0.0024028978910635716,0.003767542861477772,1.0,0.0,10,10,0.7224598312333834,1.0,1.0,1.0,193.92870940005196,7.913013740011033,188.26808037383958,199.58933842626433,182.77014745001452,205.30571879996842
texture_sigma,1.1,Row complex LS / Wiener [scientific controlled],scientific_controlled,10,10,0.0,16.99900260410994,4.065615945276505,14.090636160501067,19.907369047718813,11.612890184483335,22.829517461204425,-6.72883245483226,0.04985911497722873,-6.76449951705841,-6.693165392606109,-6.792709502977441,-6.66219741140417,18.98631153371061,0.10142293884482616,18.913757933980857,19.05886513344036,18.858688410070076,19.10794434380228,10.348960263893263,0.13186654667734213,10.254628619056879,10.443291908729647,10.170761413796226,10.544985728087603,15.451968684693677,0.11181834805881094,15.371978657191976,15.531958712195378,15.28715602907917,15.605311408199645,14.811817735455696,0.41433660055892235,14.515419186836125,15.108216284075267,14.311569727385919,15.467137145452325,0.011870010331548792,0.0005247525650681644,0.011494624960184567,0.012245395702913017,0.011067624683009298,0.0125469146238377,0.0029872174176907903,0.00050938529373348,0.0026228251300022525,0.003351609705379328,0.0025319564557730236,0.0038191283568502496,1.0,0.0,10,10,0.7224598312333834,1.0,1.0,1.0,198.60703129993453,9.213772537974185,192.01589548455524,205.19816711531382,187.73937739993016,212.81296509994263
texture_sigma,1.1,Row complex LS / Wiener robust IRLS [scientific controlled],scientific_controlled,10,10,0.0,16.989530127508083,4.045460075147825,14.095582324792257,19.883477930223908,11.604727534792293,22.742199855240766,-6.707529008031675,0.040872874644832614,-6.736767701177045,-6.678290314886305,-6.759701060608468,-6.655718119459646,18.983270527907706,0.10090917255598927,18.911084454440747,19.055456601374665,18.855669346724678,19.102401725266436,10.349478012829982,0.13337390663410828,10.254068067638693,10.44488795802127,10.171583564975558,10.546479238896708,15.459285223395387,0.10865634708710338,15.381557155125584,15.53701329166519,15.301275296941082,15.609194062902464,14.823485099965776,0.41646980628427893,14.525560547898646,15.121409652032906,14.31823899079601,15.4778815265866,0.011905513290128674,0.0005200547069585462,0.011533488564006588,0.01227753801625076,0.011103691180614257,0.012577439654362732,0.0029967000455166136,0.0005053404975926899,0.0026352012306807638,0.0033581988603524635,0.00254020634198149,0.003812774996206948,1.0,0.0,10,10,0.7224598312333834,1.0,1.0,1.0,324.3191162000585,54.537561303442665,285.3052950850867,363.3329373150303,263.3258815500085,382.3482078999177
texture_sigma,1.1,SA-MNEC physical [approximate academic reference],scientific_controlled,10,10,0.0,-0.1446130208049558,0.07178114305121618,-0.19596215720742216,-0.09326388440248946,-0.2375495092345563,-0.04718727829273267,-0.005324277443707254,0.0013588397862426328,-0.0062963328689473646,-0.004352222018467143,-0.007190383989665862,-0.0033582490222670894,-0.21856450048367043,0.02346231313924791,-0.23534842821863294,-0.20178057274870792,-0.24539211861709806,-0.18346657972431732,24.403139566735526,0.1402554382379247,24.30280687038757,24.50347226308348,24.18776007587857,24.58328704653157,35.59023975411211,0.13131473185733333,35.49630285381806,35.684176654406166,35.366712102336116,35.73829429817504,36.72484089006733,0.32402749028313077,36.49304558715852,36.956636192976134,36.29048363415838,37.139955329821824,0.14803174603174601,0.0017878981193439343,0.1467527607648438,0.14931073129864822,0.145254719639335,0.14999173476096553,0.004183545744196632,0.00026414704766504943,0.003994586329449173,0.00437250515894409,0.0039050409649522074,0.0045623767258382636,1.0,0.0,10,10,0.7224598312333834,1.0,1.0,1.0,6523.260577099973,344.67364696890115,6276.695903423579,6769.825250776366,6045.875850950051,6953.612014799819
texture_sigma,1.1,Shrinkage-SMI/MVDR global,scientific_controlled,10,10,0.0,-0.4007416683271588,0.09892314105196087,-0.4715070204421735,-0.32997631621214407,-0.5394500211840099,-0.2959802248139813,-0.010942840993973642,0.0003253557880948279,-0.01117558650389528,-0.010710095484052004,-0.011296090913960671,-0.010390081210036237,-0.392423564260085,0.03569367359786675,-0.41795728016893074,-0.3668898483512393,-0.4405946381960693,-0.3480200106485191,24.58538975784054,0.13447282610208444,24.489193693018695,24.681585822662388,24.381533590732218,24.745809914251264,35.79425219754162,0.12691929990619744,35.70345959984867,35.88504479523456,35.56502647865193,35.920721748315664,36.90077313524948,0.3045513376963523,36.68291023259599,37.118636037902974,36.4902929390559,37.29002316123456,0.14957640649948342,0.0016991365879884465,0.14836091740702376,0.1507918955919431,0.14693171785479478,0.1512362167746783,0.004193218024578971,0.0002707289782965398,0.003999550180299444,0.004386885868858498,0.0038976445152480656,0.004574514489455317,1.0,0.0,10,10,0.7224598312333834,1.0,1.0,1.0,3816.577305999999,85.0618612664292,3755.727716105602,3877.4268958943962,3701.9476956501876,3924.249570699817
texture_sigma,1.1,Shrinkage-SMI/MVDR local,scientific_controlled,10,10,0.0,-0.15007284975585083,0.08097865543161144,-0.20800149015767969,-0.09214420935402198,-0.27454002032681935,-0.05270384809949249,-0.011163000027580097,0.00039294806060184023,-0.011444098136432053,-0.010881901918728142,-0.011529605445189073,-0.010540848257380123,-0.11871145279909853,0.017921596591568077,-0.13153179068747398,-0.10589111491072307,-0.14434313548205055,-0.09835670736031629,24.206985533715912,0.13225509079168518,24.112375941164046,24.301595126267777,24.007109064875902,24.380508738269732,35.44265802937561,0.12786474560527672,35.351189100572576,35.53412695817864,35.2174393266879,35.576027900404156,36.63144740367208,0.32577049097239097,36.398405233183034,36.86448957416112,36.193976781354856,37.04721960448031,0.1442943552174321,0.001757170513754536,0.14303735115539323,0.145551359279471,0.1415907767446229,0.14624570301493378,0.004226217569412836,0.00026961393543491945,0.004033347378744859,0.004419087760080814,0.003941264603246852,0.00461083295402822,1.0,0.0,10,10,0.7224598312333834,1.0,1.0,1.0,1522.111845299969,217.32164629556812,1366.6493047985246,1677.5743858014134,1289.8846791000096,1773.496972499811
texture_sigma,1.5,Corrected JDL physical,scientific_controlled,10,10,0.0,-0.4396983097699974,0.9193607630696271,-1.0973693807399096,0.21797276119991488,-1.1953254330116572,1.1107172055596082,1.5521296263456739,0.5626973433314059,1.1496001958040931,1.9546590568872546,0.8199283695118166,2.366937572241124,-2.259191819023189,0.19073088444240635,-2.395632474397097,-2.1227511636492813,-2.5514953499177198,-2.0575336424241497,26.09297129759441,0.18631703478276954,25.959688120056583,26.226254475132237,25.793360019961742,26.288795809308105,37.88269225632133,0.18310676625248784,37.75170556654676,38.013678946095894,37.583481024435315,38.07777274906671,41.83875546869995,0.8022381022556915,41.26486890199272,42.41264203540718,40.942434269681904,43.13233282487498,0.15286259040105193,0.0017413960854340991,0.15161687068525032,0.15410831011685355,0.15003925988541372,0.1548284023668639,0.004524730693369746,0.00027527117468190967,0.004327813557537524,0.004721647829201969,0.004204312699135185,0.00491048399332423,1.0,0.0,10,10,0.7224598312333834,1.0,1.0,1.0,3318.489942799988,123.70748038047655,3229.9949423856015,3406.9849432143747,3137.86394595013,3468.0534775500064
texture_sigma,1.5,Current legacy CSI [production replay],production_replay,10,10,0.0,18.987686248530252,6.0494706786520975,14.660155620894695,23.31521687616581,10.38059842661062,26.385678412710682,-6.840868943804514,0.3233029607477651,-7.072145949506598,-6.60959193810243,-7.10053257259027,-6.319015148406872,20.894005121145636,0.117681976622839,20.809820506456422,20.97818973583485,20.703406280948094,21.019663722441837,10.255892012792513,0.15541608605129476,10.144714042331785,10.367069983253241,9.979317763097608,10.3932735272171,16.806499188612225,0.31766147191869043,16.579257860904157,17.033740516320293,16.378214474159105,17.228895155366114,17.06306814720441,1.0664650919480076,16.300164978668434,17.82597131574039,16.00485163741345,18.91806475505803,0.01601371278294355,0.0009236992277438502,0.015352938161307483,0.016674487404579618,0.014705269089884475,0.017159293697755235,0.007541154604764072,0.00046000382987652157,0.00721208768827414,0.007870221521254004,0.006898516917008041,0.008170326961007434,1.0,0.0,10,10,0.7224598312333834,1.0,1.0,1.0,192.88924419997784,10.473669169537006,185.39683262836036,200.38165577159532,181.0093490000554,206.37673050009653
texture_sigma,1.5,Current legacy CSI [scientific controlled],scientific_controlled,10,10,0.0,19.046670257383635,6.145131971726224,14.650707663110339,23.44263285165693,10.371875924183247,26.74928385540745,-6.814783128162783,0.32314704384633275,-7.045948597632664,-6.583617658692901,-7.068842513934017,-6.295677198776111,20.89473822028188,0.11675068754310898,20.811219809667335,20.978256630896425,20.706117976611704,21.01986550880143,10.254832529464343,0.1551058570216314,10.143876483482428,10.365788575446258,9.978816766428402,10.39338280272378,16.8061402326124,0.31478850204459286,16.580954103744507,17.031326361480293,16.381881921604823,17.22347112346794,17.06215233014388,1.0659227484947889,16.29963713074259,17.824667529545174,16.00323720747616,18.916305881085815,0.01601653047806894,0.0009236116796021573,0.01535581848460064,0.016677242471537238,0.014718512256973796,0.017158354466046775,0.007543430435442269,0.0004631978709236073,0.0072120786396312475,0.007874782231253291,0.006905723714155667,0.00818824912759824,1.0,0.0,10,10,0.7224598312333834,1.0,1.0,1.0,201.9605281999702,27.34972455451791,182.39571386261997,221.52534253732045,174.6063432998426,237.44586955021987
texture_sigma,1.5,DL-SMI/MVDR global,scientific_controlled,10,10,0.0,-0.7075230474307335,0.17771363201146476,-0.8346517213809849,-0.5803943734804821,-0.9491565086101277,-0.494482129678557,-0.009883578142224857,0.003360063856405561,-0.012287223026515161,-0.007479933257934553,-0.011586940726446273,-0.0047350740500119465,-0.7429927672158105,0.19193319693974353,-0.8802935051378621,-0.605692029293759,-1.040713851451403,-0.5380269411623495,25.129606623797166,0.17432672268966187,25.004900798820273,25.25431244877406,24.869296222008643,25.32174903317683,36.346899208165524,0.17341741823485354,36.22284386041004,36.47095455592101,36.07954386618853,36.547789359602525,40.28927525644373,0.8172653268278596,39.70463886086074,40.87391165202672,39.36300273849018,41.59920365067296,0.15900291161829622,0.002223973899847344,0.1574119765302703,0.16059384670632212,0.15548548887010424,0.1614467925237156,0.004721021089364285,0.00026235811088903236,0.004533341402893952,0.004908700775834617,0.004384861932938856,0.005087809133667121,1.0,0.0,10,10,0.7224598312333834,1.0,1.0,1.0,1632.0689923000828,273.1073139131197,1436.699789212443,1827.4381953877225,1328.569346900258,1905.7335746999343
texture_sigma,1.5,DL-SMI/MVDR local,scientific_controlled,10,10,0.0,0.0023550709138542734,0.11288851640326983,-0.07840050890364138,0.08311065073134992,-0.15392098532182805,0.16289758664540122,-0.011440028202230487,0.0029012290950421837,-0.013515442471265326,-0.009364613933195648,-0.012673137201985726,-0.00723114403492591,-0.01737781290481351,0.0772289211263995,-0.07262405497573318,0.03786842916610616,-0.14472840491093394,0.05765193642232494,24.079733818999813,0.18524720364178973,23.94721595255694,24.212251685442684,23.807072458048246,24.30896534313288,35.373348948477805,0.20292967522863553,35.228181803870086,35.51851609308552,35.100090697363164,35.62425849043196,39.569504181975745,0.9170818873534614,38.91346332048732,40.22554504346417,38.52378090028887,41.05304915593467,0.14481318681318683,0.002395022284683814,0.14309989108180754,0.14652648254456613,0.141389123696816,0.14732704048088663,0.0047746927628584445,0.00027528336973859204,0.004577766903208205,0.004971618622508684,0.0044306630253375815,0.0051739113943255945,1.0,0.0,10,10,0.7224598312333834,1.0,1.0,1.0,917.3421722000057,115.30212029924436,834.8600041671693,999.8243402328421,764.5716673499692,1037.044666149768
texture_sigma,1.5,MNEC physical,scientific_controlled,10,10,0.0,-0.1810881208302029,0.11758549993839568,-0.2652037202569325,-0.09697252140347326,-0.3753208447064881,-0.047055874666501296,-0.010212934359206574,0.003173822608977881,-0.0124833502809669,-0.007942518437446248,-0.011583615943567011,-0.00541191938569282,-0.251194216220188,0.07833818863280179,-0.3072339804624171,-0.1951544519779589,-0.37150581699962787,-0.15540170532790507,24.609533487214247,0.19503770789052613,24.47001191594379,24.749055058484704,24.323984737257952,24.860099659681502,35.81442986778546,0.2019809976782271,35.66994136621499,35.95891836935592,35.541691602184116,36.092302849538505,39.79605893163802,0.8788701533794998,39.16735309793821,40.424764765337834,38.8035687240725,41.2166007730849,0.1528284023668639,0.0025654499789064342,0.15099319000744832,0.15466361472627949,0.14904019911712219,0.15563041232272,0.004730124412077074,0.00026355026496047536,0.004541591909958716,0.0049186569141954324,0.004402689273251403,0.005107438173266575,1.0,0.0,10,10,0.7224598312333834,1.0,1.0,1.0,2121.258423800009,306.16709319191824,1902.2396792943507,2340.2771683056676,1820.1322712999627,2482.432574250174
texture_sigma,1.5,Phase-only CSI [production replay],production_replay,10,10,0.0,15.821188858344868,5.887105958380675,11.609806954646697,20.03257076204304,7.666537399420405,23.356030589512546,-6.686573736338732,0.24170467902699416,-6.859478847693896,-6.513668624983569,-6.829279050963833,-6.310290075862758,18.793657048302702,0.17113698009734493,18.671233027717594,18.91608106888781,18.58044776350706,19.025323913969423,12.239881704953538,0.1812620901151159,12.110214616993177,12.369548792913898,11.916992284882067,12.395335598541239,18.80158867814434,0.3440027496661183,18.555503935486712,19.04767342080197,18.361442797456565,19.24902943768215,19.224992792944978,1.1060998290677144,18.43373664149281,20.016248944397145,18.042560802008857,21.00977017437521,0.02649722926646004,0.0012574534449368748,0.025597701260647365,0.027396757272272712,0.02429266460035691,0.02760599229829999,0.005795213169473524,0.00045593993640011135,0.005469053387247202,0.0061213729516998465,0.005236401911697769,0.006422868305264754,1.0,0.0,10,10,0.7224598312333834,1.0,1.0,1.0,186.73701540001275,11.431685401128105,178.55928030106375,194.91475049896175,173.65757155012034,201.61681745005353
texture_sigma,1.5,Phase-only CSI [scientific controlled],scientific_controlled,10,10,0.0,15.8618780291745,5.939187306978914,11.613239373082635,20.110516685266365,7.6695872060142065,23.542059957790045,-6.660529576452257,0.24271835212474038,-6.834159825858323,-6.486899327046191,-6.806775976220047,-6.2867953591050405,18.793793376479947,0.1700989019804415,18.672111952244734,18.91547480071516,18.582049931283223,19.02434957956383,12.239674287901035,0.18132130135171798,12.109964842773659,12.369383733028412,11.91717147027816,12.396482281595361,18.80379579034409,0.3442806574688779,18.557512244420526,19.050079336267654,18.365885001784793,19.252853016137838,19.22485956274001,1.1057794913608405,18.43383256707871,20.015886558401313,18.041711062861904,21.009421636546296,0.026498544190851885,0.001258374606123772,0.025598357226022623,0.027398731155681148,0.02428881375035221,0.027595285056823515,0.005794454559247458,0.00045503270077548383,0.005468943774290585,0.0061199653442043315,0.005236970869367319,0.006422678652708238,1.0,0.0,10,10,0.7224598312333834,1.0,1.0,1.0,196.86191889995825,16.19910769289412,185.27377534076248,208.45006245915403,174.165956150091,215.94218140012342
texture_sigma,1.5,Row complex LS / Wiener [scientific controlled],scientific_controlled,10,10,0.0,15.841720484075912,5.9205863097462945,11.606388179812942,20.077052788338882,7.6499142642843925,23.551589803161704,-6.672048098024552,0.27642770081999946,-6.86979256281663,-6.474303633232474,-6.8273942523020414,-6.237512723718406,19.049991355866048,0.22741473954477484,18.887308651405853,19.212674060326243,18.796091093649217,19.383180521770846,11.984314873708957,0.17941028082834787,11.855972490310487,12.112657257107427,11.667332164075887,12.13702400128444,18.57594818699064,0.33955491070100635,18.333045236653494,18.818851137327787,18.111087043295992,19.037558386660137,18.950556705458244,1.0915257119382942,18.1697262493435,19.731387161572986,17.809625755344875,20.656285876903922,0.02485958485958486,0.0011615076010335961,0.024028692375810668,0.02569047734335905,0.022861745092514325,0.025999154691462384,0.005917539068426642,0.0004230860963378378,0.005614881507577581,0.0062201966292757035,0.005397322105901988,0.006514849795175239,1.0,0.0,10,10,0.7224598312333834,1.0,1.0,1.0,200.36302120001892,16.291053066101693,188.7091038831241,212.01693851691374,175.4061622500103,216.38035925004715
texture_sigma,1.5,Row complex LS / Wiener robust IRLS [scientific controlled],scientific_controlled,10,10,0.0,15.886330350441446,5.979057709280553,11.609170126717991,20.1634905741649,7.682963601941127,23.70477195973772,-6.642803339314343,0.2528703424972932,-6.8236958851430884,-6.461910793485597,-6.788024734529383,-6.256747501069573,19.03668937523489,0.21793519846074144,18.880787925954895,19.192590824514884,18.778872522485283,19.34964609161708,11.968551821182825,0.17792827528343003,11.841269600685646,12.095834041680003,11.655220151302814,12.126889323947678,18.57093569177739,0.334023518941006,18.331989660735566,18.809881722819213,18.105632341641623,19.0047014390444,18.97588052508205,1.1027954947100866,18.186988152032356,19.764772898131746,17.81826542373777,20.712153502761943,0.024797032027801258,0.0011415979411096536,0.023980382056749825,0.02561368199885269,0.02282605428759275,0.025906452521837136,0.005946366257017144,0.0004455854874629879,0.005627613601345847,0.006265118912688441,0.0053979858898497955,0.006597633136094674,1.0,0.0,10,10,0.7224598312333834,1.0,1.0,1.0,351.3848906000021,127.82719903367624,259.9428209962603,442.8269602037439,269.5390786498365,592.416906750168
texture_sigma,1.5,SA-MNEC physical [approximate academic reference],scientific_controlled,10,10,0.0,-0.1246423289500116,0.11652333090657163,-0.20799809842448352,-0.04128655947553965,-0.2699923014113155,0.04444473502534936,-0.00817664947754552,0.003253265148571687,-0.01050389516863468,-0.00584940378645636,-0.010528623144463132,-0.002766246151964114,-0.21466144801606274,0.05417022256895007,-0.2534124908304729,-0.17591040520165258,-0.2840796545219436,-0.13384034965298655,24.587445326747975,0.1877730253161011,24.453120596327054,24.721770057168897,24.313633290374387,24.820939472350446,35.789795305332476,0.19917018650979385,35.647317536942815,35.932273073722136,35.531846966085524,36.06733209952083,39.75900702498526,0.8799959850578619,39.12949581981933,40.388518230151185,38.78697268990559,41.18675727365026,0.1525930309007232,0.002520877756820774,0.1507897035881925,0.15439635821325393,0.14891236968160046,0.15522269183807647,0.004731262327416173,0.00027044695429039007,0.004537796230957104,0.004924728423875242,0.0043804999241389775,0.0051096191776665145,1.0,0.0,10,10,0.7224598312333834,1.0,1.0,1.0,6414.692572099921,515.3190820158386,6046.055507984839,6783.329636215002,5778.215443799991,7043.524936549875
texture_sigma,1.5,Shrinkage-SMI/MVDR global,scientific_controlled,10,10,0.0,-0.24096843097892712,0.11072267716578577,-0.3201746627405966,-0.16176219921725765,-0.4257734128018664,-0.10769207650437118,-0.009555877957194573,0.0032655841455265858,-0.011891936127830448,-0.007219819786558697,-0.01117460737545823,-0.004392630274814179,-0.2235632881601204,0.06059646045061991,-0.26691138462280023,-0.18021519169744055,-0.31141086222674536,-0.13293579316130663,24.597832879733378,0.17174392687410148,24.47497467557994,24.720691083886816,24.34235034218418,24.813286912505795,35.83027228496239,0.18204901843201554,35.70004226239601,35.96050230752877,35.562728375422985,36.08285901720057,39.768802568186246,0.8544554672010077,39.157561948852106,40.380043187520386,38.815984864536674,41.14941514439826,0.15194683948530102,0.0022769610322064984,0.1503179996862127,0.15357567928438934,0.14854513008359163,0.15439128392974547,0.00475553785465028,0.0002704191716859605,0.0045620916326691565,0.0049489840766314035,0.004411792595964194,0.005141101502048247,1.0,0.0,10,10,0.7224598312333834,1.0,1.0,1.0,4019.5959010999563,154.82402367721147,3908.8414665473138,4130.350335652599,3853.340814000012,4245.312216899788
texture_sigma,1.5,Shrinkage-SMI/MVDR local,scientific_controlled,10,10,0.0,-0.11441182068754563,0.12370603210761968,-0.2029057850699423,-0.02591785630514895,-0.30623141765118495,0.04310332644168985,-0.009481539812093532,0.002981909407106406,-0.011614669299541979,-0.007348410324645085,-0.011429090421593605,-0.004278243166049155,-0.05553293073520175,0.041380125163287394,-0.08513448904202191,-0.025931372428381592,-0.10491193207556418,0.007268989814135096,24.39163275917145,0.1846830651473878,24.25951845309649,24.52374706524641,24.12053890019157,24.617927023659398,35.64328455305765,0.19369872468356455,35.50472083267131,35.781848273443984,35.37445623338443,35.90640071264129,39.60124144883105,0.8844993505208911,38.968508730080885,40.23397416758121,38.60904998205382,41.03172311581454,0.14911956419648725,0.002392150994034262,0.14740832246270325,0.15083080593027126,0.14563313609467454,0.15169296515450362,0.004765779092702169,0.0002708329554098691,0.004572036867676556,0.004959521317727782,0.004420990744955242,0.005159308147473827,1.0,0.0,10,10,0.7224598312333834,1.0,1.0,1.0,1466.3406303000556,152.3288024791203,1357.3711694634721,1575.3100911366391,1321.5037630000324,1716.1757084500778
valid_sample_fraction,0.2,Corrected JDL physical,scientific_controlled,10,10,0.0,-0.07822117672020472,0.5195420530728969,-0.44987917234480335,0.2934368189043939,-0.7812703988959813,0.6749659714794473,-1.508877255335927,0.76612672594891,-2.0569312996168367,-0.9608232110550177,-2.4912783272277386,-0.39493115038719145,-0.24579444178964974,0.4867170424136428,-0.5939708393495337,0.10238195577023415,-0.8098828112418743,0.5238119713930187,24.34597681318371,0.41457568382541893,24.049407234698343,24.64254639166908,23.748043926822866,24.83933641132531,35.9701306370521,0.40920518041099224,35.677402885272954,36.26285838883125,35.37476420044476,36.47835391373333,34.60075496429632,0.4674502678014831,34.26636118701165,34.935148741580996,33.92279213163609,35.168182963393775,0.1348640931717855,0.0044039190744971455,0.13171371924836625,0.13801446709520473,0.12866168873861183,0.14038658777120316,0.0042895615232893345,0.00012117596278538126,0.004202877461469267,0.004376245585109402,0.0041439083598846915,0.004448680018206645,1.0,0.0,10,10,0.7224598312333834,1.0,1.0,1.0,3996.818674900078,172.25296470162812,3873.5963270213024,4120.041022778853,3793.911497000363,4227.408496049748
valid_sample_fraction,0.2,Current legacy CSI [production replay],production_replay,10,10,0.0,13.023673226864977,2.4274281240520263,11.287195754498805,14.760150699231149,9.980338211768036,16.393080052741617,-11.199853086268226,0.45035467307979954,-11.522017411806518,-10.877688760729933,-11.863429218377183,-10.624325859745035,18.05865478195979,0.5258332316286753,17.682496348308415,18.43481321561116,17.37544780095323,18.798237541431043,9.145416552774538,0.5471961874586166,8.753975981137584,9.536857124411492,8.416477589078667,9.895919665119195,14.181640277428144,0.7506327433626081,13.644669960591834,14.718610594264455,13.153405284887173,15.141266626645344,13.13529769777399,0.7157321768204339,12.623293742237035,13.647301653310944,12.143005994886016,14.044987064746776,0.007536958767727998,0.0022425105135388573,0.005932763385083968,0.00914115415037203,0.004610594533671457,0.010591340283647974,0.00475022758306782,0.0003994377304149245,0.004464487044097397,0.005035968122038242,0.004245467303899257,0.005190031861629495,1.0,0.0,10,10,0.7224598312333834,1.0,1.0,1.0,235.4758571000275,17.33298280837053,223.07658814643088,247.87512605362411,210.2933880499222,253.30308264979067
valid_sample_fraction,0.2,Current legacy CSI [scientific controlled],scientific_controlled,10,10,0.0,13.039249681355694,2.4306841649248954,11.300442977664886,14.7780563850465,9.99325432018939,16.409809462786978,-11.181362355898006,0.45059252318180837,-11.503696829149364,-10.859027882646648,-11.845559586387662,-10.604890681701837,18.05846739717129,0.5258275583271329,17.68231302195536,18.434621772387224,17.37521828959406,18.798049777038532,9.145386639443723,0.5475905886342871,8.753663930202018,9.537109348685428,8.41533236673413,9.896237227440583,14.18174412010553,0.7503299693849669,13.644990394725083,14.718497845485976,13.156221519874542,15.14194298586068,13.135850130271796,0.7156977934953116,12.62387077108392,13.647829489459673,12.143689108650822,14.04567775757024,0.007542594157978774,0.002241531573293193,0.005939099067000043,0.009146089248957504,0.004617450925143232,0.010597633136094672,0.004751175845850402,0.00039990944722380784,0.004465097861003067,0.0050372538306977365,0.004245656956455773,0.005191928387194659,1.0,0.0,10,10,0.7224598312333834,1.0,1.0,1.0,240.91812839997147,15.620050881008028,229.7442171301264,252.09203966981653,215.73795539979983,256.4036390500405
valid_sample_fraction,0.2,DL-SMI/MVDR global,scientific_controlled,10,10,0.0,-0.0832913066450965,0.31240908089120983,-0.30677530015862803,0.14019268686843506,-0.42501977401635527,0.4209110077269824,-2.5527474331923625,0.6655866222297854,-3.028879419947553,-2.076615446437172,-3.452052771888168,-1.7097762367007578,1.4568724014401324,0.44940766763277856,1.1353855227883884,1.7783592800918764,0.9264499100537296,2.1074467982238962,22.846838785422726,0.3622737273911767,22.58768377267005,23.1059937981754,22.3682919387808,23.28150723047439,34.01056784166397,0.3831598734468004,33.736471780090625,34.284663903237316,33.51597782217329,34.49170301561729,32.79485679441071,0.4355373206638417,32.48329216425185,33.106421424569575,32.22544601224142,33.34369762188593,0.12907805015497323,0.003939369145112913,0.12625999523172216,0.1318961050782243,0.12367530759838452,0.13387320371935757,0.004204786830526474,4.331622688477455e-05,0.004173800268482465,0.004235773392570484,0.004135658473676225,0.004250493096646942,1.0,0.0,10,10,0.7224598312333834,1.0,1.0,1.0,2428.6157111998364,321.08897339343224,2198.9224966414777,2658.308925758195,2012.1832386494589,2833.3659498496672
valid_sample_fraction,0.2,DL-SMI/MVDR local,scientific_controlled,10,10,0.0,0.3358172738127081,0.2847282079468086,0.13213498392414158,0.5394995637012746,-0.18368184013021907,0.5828945325770138,-1.7608181515254544,0.3790213034137325,-2.0319536584446714,-1.4896826446062374,-2.237712938405367,-1.2519492880917018,1.2185641548964612,0.27225102780428284,1.0238075019902921,1.4133208078026303,0.9183257216168771,1.5998392929630725,22.969479540757614,0.21123349889177512,22.818372198546236,23.120586882968993,22.69095668560479,23.233071689244618,34.236908440521745,0.19856022040561572,34.09486701559714,34.37894986544635,33.982657614724886,34.50729396639483,33.04610448604632,0.2583911855063371,32.86126256704409,33.23094640504854,32.73009812118679,33.403270733105245,0.1305207100591716,0.002253420779363641,0.1289087099425235,0.1321327101758197,0.12738151591997746,0.1334632290786137,0.0043491124260355025,4.612540100396338e-05,0.004316116301885166,0.004382108550185839,0.004264906690942194,0.0043891291154604765,1.0,0.0,10,10,0.7224598312333834,1.0,1.0,1.0,1189.384909399996,86.01237464405945,1127.8553631966633,1250.9144556033289,1071.2046431000545,1299.437911350151
valid_sample_fraction,0.2,MNEC physical,scientific_controlled,10,10,0.0,0.5776447350619456,0.24360932698553053,0.4033771206361386,0.7519123494877525,0.22041363218565674,0.9218274515468876,-4.23538050290154,0.44693222175804437,-4.555096554251357,-3.9156644515517236,-4.803643205501057,-3.585452693831697,3.1828243569706,0.3325392465380153,2.9449401104426447,3.420708603498555,2.6926333002142724,3.576022787387342,20.96019358839003,0.3279644968183123,20.7255819206673,21.194805256112762,20.635284890054805,21.456021291324294,32.034443781291706,0.30557229161198285,31.815850532203957,32.25303703037946,31.71990837560883,32.50013821140574,31.04462725037066,0.32136179107846174,30.814738873797236,31.274515626944083,30.716328690776745,31.536912362438564,0.10852747252747252,0.004584374923399082,0.10524800826631268,0.11180693678863236,0.10336949375410914,0.11548314079083309,0.004293354574419662,6.994497816876754e-05,0.004243318951246415,0.004343390197592909,0.004183261265361856,0.004385336064330147,1.0,0.0,10,10,0.7224598312333834,1.0,1.0,1.0,2338.4605741000087,188.83293976682495,2203.377626556989,2473.5435216430283,2119.787554049799,2638.000182550195
valid_sample_fraction,0.2,Phase-only CSI [production replay],production_replay,10,10,0.0,2.3895351306159482,0.4669135879578553,2.055525270963725,2.7235449902681714,1.7129649982022088,3.0317631581163993,-5.476525835294788,0.2624985113644451,-5.664305958214812,-5.288745712374763,-5.897379382872634,-5.1651543905665545,7.441719492847635,0.4329846524136422,7.13198093155029,7.75145805414498,6.92460923751189,8.06727953118769,17.438934828360473,0.4013654657845308,17.151815270580457,17.72605438614049,16.895280165328096,18.037304330931544,26.82955972741849,0.5578609487309438,26.430490045154507,27.228629409682476,26.05646233368746,27.557554680471924,25.924456063255814,0.4971764147416939,25.568797481468604,26.280114645043025,25.220635586514394,26.568368119953877,0.07495576218653141,0.0051194607959440565,0.07129352055114195,0.07861800382192087,0.06854381515919977,0.08274997651920729,0.005911849491731148,0.0004164031962211432,0.005613972589632692,0.006209726393829605,0.005446252465483235,0.006551073433469883,1.0,0.0,10,10,0.7224598312333834,1.0,1.0,1.0,228.48750720004318,19.606751462157174,214.46168213730746,242.5133322627789,201.19100104993777,251.68349864998163
valid_sample_fraction,0.2,Phase-only CSI [scientific controlled],scientific_controlled,10,10,0.0,2.397812385468928,0.4663685308917707,2.064192436153094,2.731432334784762,1.7231130790036007,3.040322919639188,-5.468013100104974,0.2612333028161709,-5.654888147352457,-5.281138052857491,-5.8867693790863145,-5.158109413602734,7.441701005181665,0.43298382153905884,7.131963038256192,7.751438972107138,6.924595315752933,8.067252119665296,17.438949251877027,0.4011587694792808,17.151977555726415,17.72592094802764,16.89611666582879,18.037679052902924,26.829380368204976,0.5575103363831522,26.430561498905313,27.22819923750464,26.05727525949496,27.557182644914942,25.924437507773177,0.49718001937254325,25.568776347388397,26.280098668157958,25.22059841439451,26.568347121740157,0.07495951911336526,0.0051209809182994025,0.07129619004795094,0.07862284817877958,0.06855085939701325,0.08276491030337185,0.005911849491731148,0.00041584712620180227,0.0056143703781612484,0.006209328605301048,0.005446252465483235,0.006550030344409042,1.0,0.0,10,10,0.7224598312333834,1.0,1.0,1.0,235.37109290018634,17.975508331823306,222.5121888761047,248.229996924268,205.16405930011388,254.67387400058215
valid_sample_fraction,0.2,Row complex LS / Wiener [scientific controlled],scientific_controlled,10,10,0.0,10.246308930877372,2.1476291920454806,8.709987556814307,11.782630304940438,7.368044435071461,13.224804355168342,-6.738123270410822,0.11499651242752629,-6.820386819742096,-6.655859721079548,-6.9048149140379715,-6.574822211215176,13.686987789233603,0.626023032354565,13.239157889721916,14.13481768874529,12.936929051566702,14.567114075299576,13.90052178290868,0.7115971200264605,13.391475868806008,14.40956769701135,12.909432065887101,14.756869678046842,19.265238331633054,0.8131240770726452,18.68356440766194,19.846912255604167,18.142707468046314,20.208566853948305,18.01065807184988,0.7984712626521887,17.439466139866816,18.58185000383294,16.901721535473882,18.94719242336098,0.038412510566356715,0.0071852011428274985,0.03327252730781546,0.043552493824897974,0.028619235465389314,0.04725612848689772,0.0032214383249886207,0.00045604436310490217,0.0028952038403978553,0.003547672809579386,0.002602602033075406,0.003733310575026551,1.0,0.0,10,10,0.7224598312333834,1.0,1.0,1.0,233.8904537999042,16.239143580220123,222.27367029222182,245.5072373075866,204.23267945006955,248.91308559954268
valid_sample_fraction,0.2,Row complex LS / Wiener robust IRLS [scientific controlled],scientific_controlled,10,10,0.0,10.230118730292237,2.1338193963553165,8.703676288946617,11.756561171637856,7.386797886172152,13.196705092174739,-6.718867602892023,0.09776214591126337,-6.788802429115304,-6.648932776668742,-6.8406928763113575,-6.5763309544083715,13.679553204404575,0.6263445308701744,13.231493318709477,14.127613090099674,12.929951920131908,14.560728944457468,13.870670835885269,0.7065942571264079,13.365203754307936,14.376137917462602,12.888689077566426,14.729411646065163,19.315887882560666,0.8122780396326306,18.734819177315003,19.89695658780633,18.190479557059057,20.25448462346585,18.051160097316153,0.7985106117402858,17.479940016691174,18.62238017794113,16.93874365780105,18.982936158371977,0.03828533859303089,0.0070362825956470695,0.03325188524564707,0.043318791940414714,0.028670893209354748,0.046970883817037665,0.0032931269913518435,0.00045211196534756414,0.00296970557465394,0.003616548408049747,0.0026640494613867395,0.0037880253375815504,1.0,0.0,10,10,0.7224598312333834,1.0,1.0,1.0,368.9956071000779,62.56079074170963,324.24231339799644,413.74890080215937,290.51925824992395,440.0454874499246
valid_sample_fraction,0.2,SA-MNEC physical [approximate academic reference],scientific_controlled,10,10,0.0,0.278949365881072,0.41211890735282475,-0.015862740588121982,0.573761472350266,-0.39644507240517934,0.7536180228821678,-2.242749521898994,0.37395989813918773,-2.5102643176009862,-1.975234726197002,-2.747686375419535,-1.742781159571936,1.541688466731518,0.2708534608576002,1.3479315729922599,1.7354453604707762,1.1808495118773488,1.8870693681696626,23.099369286937126,0.19535709344654192,22.959619241003498,23.239119332870754,22.81541703102412,23.369564140840176,33.60877042241132,0.26577668804216925,33.41864523316578,33.79889561165685,33.31438409676778,33.99354756550543,32.63710881856513,0.2712628974498902,32.44305903153201,32.831158605598254,32.32720404268485,33.026995161595266,0.14226617826617827,0.0022454210531337297,0.14065990080893484,0.1438724557234217,0.1387296891143045,0.14477749600826523,0.004299233803671674,0.00010364762362270169,0.004225088760322389,0.004373378847020958,0.004180226824457594,0.004471343498710363,1.0,0.0,10,10,0.7224598312333834,1.0,1.0,1.0,7643.2011609002075,477.82085419506257,7301.388713019586,7985.013608780829,7017.0200549006495,8308.236767150129
valid_sample_fraction,0.2,Shrinkage-SMI/MVDR global,scientific_controlled,10,10,0.0,0.06819791523108046,0.3081843991196213,-0.15226392300148087,0.2886597534636418,-0.26255208275459696,0.5609784216426804,-2.7889954910098407,0.6533922046547674,-3.2564041169380595,-2.321586865081622,-3.661258868283684,-1.9430781075875936,1.6744482114747892,0.44422492904280636,1.3566688406653893,1.992227582284189,1.1385995871614305,2.3117586377421415,22.639758238389984,0.3625695224092652,22.38039162662836,22.89912485015161,22.164561062751602,23.087497710068988,33.78437716385896,0.3820979019378061,33.51104079093855,34.057713536779374,33.30232585198543,34.27520139017474,32.572648111772054,0.4303499748472536,32.264794285266916,32.88050193827719,32.017115551632166,33.123686588818146,0.12680172818634355,0.003944719549519882,0.12397984581435004,0.12962361055833707,0.12140180332488025,0.13166629097398327,0.004196442118039751,4.505817291147402e-05,0.004164209442875657,0.004228674793203845,0.004118874222424519,0.004234088150508269,1.0,0.0,10,10,0.7224598312333834,1.0,1.0,1.0,4092.8492950000873,371.2863812295821,3827.2470180826967,4358.451571917478,3436.977203150309,4410.020225650533
valid_sample_fraction,0.2,Shrinkage-SMI/MVDR local,scientific_controlled,10,10,0.0,0.5134497520094177,0.32131993332287395,0.2835913186705229,0.7433081853483124,-0.04471837379839906,0.845310990653333,-3.0512147841541783,0.45470342747298437,-3.376490021180146,-2.7259395471282106,-3.660648120985622,-2.425660781938795,2.170727087529584,0.3451769175984324,1.9238023957327668,2.417651779326401,1.728041050928139,2.648240580540541,22.095359082096202,0.30037479190691174,21.88048390031642,22.310234263875984,21.70527397083129,22.47490695294083,33.254086143148285,0.2943399973506074,33.04352799333066,33.46464429296591,32.898340434894486,33.663831595326634,32.07203448434775,0.33060271387913454,31.83553554983103,32.30853341886448,31.667672218363016,32.53220782957493,0.12052953883723116,0.0035074441076134418,0.11802046447243086,0.12303861320203147,0.11576697661313046,0.12502845872076643,0.0042559930207859194,6.872677666937255e-05,0.004206828846468168,0.004305157195103671,0.004133287816719769,0.004323604157184038,1.0,0.0,10,10,0.7224598312333834,1.0,1.0,1.0,1728.4470280998903,177.09673021324397,1601.7596591113218,1855.1343970884589,1524.9106288501935,2015.0184343496219
valid_sample_fraction,0.4,Corrected JDL physical,scientific_controlled,10,10,0.0,-0.181582266845774,0.38018608742957744,-0.4535510100547275,0.09038647636317948,-0.7320944421634882,0.3596209829317892,0.08000416778830116,0.4436196219599701,-0.2373421924191393,0.3973505279957416,-0.39903982972371926,0.7738118632194252,-1.2872162261092408,0.19554059625070364,-1.4270975420410976,-1.147334910177384,-1.5600891506125654,-1.0235156294844767,25.255077722536477,0.1723233488168985,25.13180502489477,25.378350420178183,25.039220876346317,25.52304914483626,36.94244678340008,0.1805073749889353,36.813319586117295,37.071573980682864,36.69396215612723,37.16956425690517,35.65271112307679,0.2186255205130092,35.49631584714934,35.80910639900424,35.35479527720245,35.94943177512754,0.14454343946651638,0.0016467591325549627,0.14336541894851992,0.14572145998451283,0.14240809617732694,0.1469091762937917,0.004298285540889091,8.163729353747703e-05,0.004239885739169675,0.0043566853426085074,0.0042109505386132605,0.00442535275375512,1.0,0.0,10,10,0.7224598312333834,1.0,1.0,1.0,4008.6337706998165,196.76799455685227,3867.87442691324,4149.393114486393,3704.899260049797,4253.20025309984
valid_sample_fraction,0.4,Current legacy CSI [production replay],production_replay,10,10,0.0,12.480042960090314,2.5111220298398416,10.683694474228476,14.276391445952152,9.685436381416068,16.362729319226485,-9.778474968573729,0.44394324622605913,-10.096052835634866,-9.460897101512591,-10.481788621764931,-9.32476575463399,17.32072434357978,0.6171597892776705,16.87923482621273,17.76221386094683,16.486279808257063,18.23070010039442,9.857575453794691,0.6292166654203953,9.407460966814124,10.307689940775258,8.886223455658818,10.682799631731143,15.204351320717388,0.8440043447601168,14.600586983996823,15.808115657437952,13.95969071222935,16.384312206519887,14.097509071605515,0.7983346438992642,13.526414870790846,14.668603272420183,12.930454514203987,15.22360300072356,0.010967596506058046,0.0030969737179269707,0.00875215496922965,0.013183038042886442,0.0067057387057387055,0.015555555555555555,0.004730503717190107,0.0006105444744282485,0.004293746510985976,0.005167260923394239,0.004089383249886208,0.00571290395994538,1.0,0.0,10,10,0.7224598312333834,1.0,1.0,1.0,233.99608389991045,23.82480460127805,216.9528453942176,251.0393224056033,201.61526644983496,264.7101381501215
valid_sample_fraction,0.4,Current legacy CSI [scientific controlled],scientific_controlled,10,10,0.0,12.489152368835551,2.508637156339007,10.694581454393079,14.283723283278023,9.693542024304207,16.36593049171047,-9.759666696928415,0.4435800146624406,-10.07698472378204,-9.44234867007479,-10.461834165513503,-9.306182046457533,17.320611172158234,0.6172044537796536,16.87908970373124,17.76213264058523,16.48609870674722,18.230658503439034,9.85737520752287,0.6292285014405881,9.407252253563517,10.307498161482222,8.88612431500614,10.68314541855104,15.205571246757236,0.8445732027275435,14.601399973561138,15.809742519953334,13.959516540053885,16.3852471900715,14.097910739705842,0.7984166953107638,13.52675784284731,14.669063636564374,12.93075935172773,15.224162289543372,0.010975486052409129,0.0030993669562892462,0.008758332495990567,0.01319263960882769,0.00671212548135625,0.01556692025922795,0.004730693369746625,0.0006122153728754958,0.004292740874799026,0.005168645864694224,0.0040876763768775606,0.005715464269458352,1.0,0.0,10,10,0.7224598312333834,1.0,1.0,1.0,236.76437640006043,16.423827547522507,225.01547794094026,248.5132748591806,216.13993420032784,259.63922644978084
valid_sample_fraction,0.4,DL-SMI/MVDR global,scientific_controlled,10,10,0.0,-0.2220083844792252,0.1695144869980232,-0.34327174342079225,-0.1007450255376581,-0.36677822878230837,0.08129695572915098,-1.1740039339141823,0.35320622403193896,-1.4266724455186215,-0.9213354223097432,-1.5614503094515697,-0.6679866679174917,0.3983837188353543,0.22907413343653768,0.2345139554949075,0.5622534821758011,0.09811077602249488,0.7257958621094378,23.73953046522679,0.1854342703017692,23.60687877935682,23.87218215109676,23.46821658564025,24.001867571474694,35.015396980274005,0.21391427665312443,34.862371925177584,35.168422035370426,34.69126580532094,35.2729504024212,33.882937284431286,0.257858714305967,33.698476272379494,34.06739829648308,33.51474675311478,34.21480654744485,0.13894223724992957,0.001726257902901178,0.1377073467375472,0.14017712776231195,0.13652906922137692,0.1413407532638302,0.004318009406766804,5.090325492147108e-05,0.004281595411820705,0.004354423401712902,0.004251631011986042,0.004383724017599757,1.0,0.0,10,10,0.7224598312333834,1.0,1.0,1.0,2091.8895275998693,426.7220541886532,1786.6309591922918,2397.148096007447,1570.403029249428,2649.229929199919
valid_sample_fraction,0.4,DL-SMI/MVDR local,scientific_controlled,10,10,0.0,0.37284618804774233,0.1880932646591015,0.2382923722012313,0.5074000038942533,0.038325228905908885,0.5600425276734136,-0.9009684377503688,0.25396702061411913,-1.0826454998436483,-0.7192913756570893,-1.2898380950580772,-0.5617679635258669,0.5723653173385093,0.1408508016482762,0.4716067236633765,0.673123911013642,0.39566279690657963,0.7779375953287688,23.48233059915616,0.11140760013069359,23.402634403021466,23.562026795290855,23.316176741449876,23.622952668690868,34.79877753906472,0.12932782178876748,34.706261988609825,34.89129308951962,34.59126794486386,34.94672081861032,33.71271548355999,0.17799097531736993,33.585388410160526,33.84004255695945,33.44341033069909,33.932450663972816,0.13598027613412228,0.0010284653253882755,0.1352445563610213,0.13671599590722325,0.13434347703578473,0.1371929181929182,0.004412266727355485,4.487330715043895e-05,0.004380166297190231,0.004444367157520738,0.004338112577757548,0.004457214383249886,1.0,0.0,10,10,0.7224598312333834,1.0,1.0,1.0,1164.287956499993,82.0969256381279,1105.5593537831553,1223.0165592168307,1054.2415759996402,1284.1057292997448
valid_sample_fraction,0.4,MNEC physical,scientific_controlled,10,10,0.0,0.30777083447841735,0.1884405198377425,0.17296860724172025,0.44257306171511446,0.08616127281427732,0.5386195816170943,-2.6616247676338936,0.47552759817976165,-3.0017967189867365,-2.3214528162810506,-3.2499584515033706,-1.9923722233681613,1.934520514127281,0.3619580223341491,1.6755913431674117,2.1934496850871503,1.4230553651463875,2.399756406851306,22.260291579587594,0.33149156982445743,22.02315679583194,22.497426363343248,21.867954628791576,22.763751868120536,33.31223300924289,0.35338568591142283,33.0594361183436,33.56502990014218,32.844684816597024,33.800024653049825,32.3072976826398,0.37665658251286754,32.03785379514778,32.576741570131816,31.809783185833084,32.851546811142676,0.12475307598384522,0.004073325480523863,0.12183919447095508,0.12766695749673537,0.12004611627688551,0.13068704799474032,0.004349681383705052,7.020987847220743e-05,0.0042994562622703375,0.004399906505139767,0.004244329388560158,0.0044135942952511,1.0,0.0,10,10,0.7224598312333834,1.0,1.0,1.0,2418.3197266001116,380.93567954889556,2145.8147574919185,2690.8246957083047,1942.6478881000548,2887.3352097502448
valid_sample_fraction,0.4,Phase-only CSI [production replay],production_replay,10,10,0.0,3.9672769045314356,1.005050165681707,3.248307327631713,4.686246481431159,2.914944762984721,5.5841212293141425,-6.268569392548735,0.29385836942190297,-6.478783006501431,-6.058355778596039,-6.697637242970859,-5.963014821933492,9.30506811829906,0.6331475713212517,8.852141630635467,9.757994605962653,8.528879617308341,10.141803228619015,16.67549533783175,0.4892693098161393,16.325493158159524,17.02549751750398,15.87738263134808,17.191851127309253,24.51497992119956,0.8150947041938575,23.931896295508132,25.09806354689099,23.49411482645749,25.54797690041622,23.701110329611677,0.7604913834570393,23.157087566500017,24.245133092723336,22.735909509377205,24.648437944638772,0.06790476190476188,0.005706666157426722,0.0638224588587939,0.07198706495072987,0.0585408096177327,0.07402573494881187,0.005503148232438174,0.0005989399021522362,0.005074692437152898,0.00593160402772345,0.0046351084812623275,0.006272853133060233,1.0,0.0,10,10,0.7224598312333834,1.0,1.0,1.0,229.74985679984457,13.034086409991962,220.42583307301885,239.07388052667028,210.07686499970077,246.89032249966658
valid_sample_fraction,0.4,Phase-only CSI [scientific controlled],scientific_controlled,10,10,0.0,3.9786585125559393,1.0059351497031679,3.2590558562247622,4.698261168887116,2.92494133496985,5.595925027728345,-6.2563715921007725,0.2923261834420576,-6.465489146231506,-6.047254037970039,-6.682705954697003,-5.952314689006928,9.305036968284746,0.633134128778547,8.852120096836911,9.757953839732581,8.528845843063795,10.141764415171854,16.6758783752112,0.488873988902182,16.326158991084863,17.02559775933754,15.878368178927584,17.192147577422542,24.514872649279813,0.8148928092918873,23.931933450500793,25.097811848058832,23.493369228827582,25.547095606475477,23.701110681583344,0.7604871291525067,23.157090961817815,24.245130401348874,22.735939202662557,24.648415487584202,0.06790457405842021,0.005705135819873986,0.06382336574998909,0.07198578236685133,0.058542030618953696,0.07402366863905326,0.005503717190107723,0.0005979334703648718,0.005075981352751958,0.005931453027463488,0.004636341222879684,0.006271810043999393,1.0,0.0,10,10,0.7224598312333834,1.0,1.0,1.0,219.81452289992376,17.006540786760276,207.64877650089556,231.98026929895195,199.19492484978036,240.64137590021346
valid_sample_fraction,0.4,Row complex LS / Wiener [scientific controlled],scientific_controlled,10,10,0.0,9.45738692652119,2.3776381181927513,7.756527078696373,11.158246774346008,7.01380347169795,13.60500283955118,-6.725312516773135,0.15551065975455028,-6.836558141185613,-6.614066892360658,-6.964226515413432,-6.506249246701142,13.412540965389198,0.6636258562016425,12.937811626153294,13.887270304625101,12.718735890204304,14.536547604185536,14.157961993529664,0.7582219354593525,13.615562695715965,14.700361291343363,12.84809422021504,14.931774584117349,19.658234262895494,0.8316481148969117,19.063309040539732,20.253159485251256,18.2529173101206,20.457749030657567,18.40850941933154,0.7932751928501063,17.84103453176547,18.97598430689761,17.071630303601882,19.17830975577281,0.041354935662627976,0.0073471225105035225,0.036099120835490245,0.04661075048976571,0.02895266272189349,0.04927256504179581,0.0035256410256410257,0.0005342303022177349,0.0031434756895535767,0.003907806361728475,0.0029351577909270217,0.00432189728417539,1.0,0.0,10,10,0.7224598312333834,1.0,1.0,1.0,216.35011840007792,14.668487623580619,205.85691447793212,226.8433223222237,201.21431035013302,239.41602290019543
valid_sample_fraction,0.4,Row complex LS / Wiener robust IRLS [scientific controlled],scientific_controlled,10,10,0.0,9.453045406958946,2.39246371174272,7.741579968402567,11.164510845515325,7.041472192607661,13.66337728291256,-6.696189505218553,0.12329247067798034,-6.7843876255762,-6.607991384860905,-6.8719479942144055,-6.510466325654514,13.403401693694784,0.6631190900016021,12.929034873159809,13.877768514229759,12.707839003329857,14.525652811742226,14.123198204412759,0.7524686786216971,13.584914538609885,14.661481870215633,12.823465254042768,14.886692989030665,19.72017794728393,0.8333115352333847,19.124062785702886,20.316293108864972,18.314912835817523,20.52073329640882,18.45432497857474,0.7888819428635291,17.889992832726364,19.018657124423115,17.12767347803475,19.22224171698758,0.04111580726965342,0.007135074419036434,0.0360116825091514,0.046219932030155446,0.029077768385460695,0.048741523433831126,0.0036062433621605224,0.0005676111234077833,0.0032001988251067256,0.004012287899214319,0.0029946138673949325,0.004465653922014868,1.0,0.0,10,10,0.7224598312333834,1.0,1.0,1.0,345.6573105001553,50.33731953460762,309.6481613414013,381.6664596589093,283.5777968999537,412.16841795021537
valid_sample_fraction,0.4,SA-MNEC physical [approximate academic reference],scientific_controlled,10,10,0.0,0.10240980722846713,0.22041359961772036,-0.05526458343501739,0.26008419789195164,-0.1686872665752314,0.3710875249152018,-1.242271854239418,0.2855503739064715,-1.4465422862251098,-1.0380014222537262,-1.566513100585271,-0.8489489718807235,0.740311522190879,0.19640981459724843,0.5998084049119969,0.8808146394697611,0.46075700543567655,0.9754738248811007,23.623604394754253,0.14573017791421092,23.519355305570297,23.72785348393821,23.44227526007881,23.831481230756552,34.47885752678572,0.20094108946861888,34.3351129307346,34.62260212283683,34.20767175429492,34.74200121304838,33.4820818902143,0.22163758318419988,33.3235319144537,33.6406318659749,33.190181794644154,33.79907565927912,0.14707485676716445,0.0024013170224138195,0.1453570580516785,0.1487926554826504,0.1440599229829999,0.15026270310885695,0.004404301319981793,0.00011355263700306969,0.004323070656906812,0.004485531983056774,0.004290983917463207,0.004583238507055075,1.0,0.0,10,10,0.7224598312333834,1.0,1.0,1.0,7831.377225199867,399.6001220101712,7545.520518280307,8117.233932119427,7325.682152350328,8302.487719450028
valid_sample_fraction,0.4,Shrinkage-SMI/MVDR global,scientific_controlled,10,10,0.0,-0.06660107165236555,0.17240572209610683,-0.1899326955882246,0.056730552283493496,-0.22514089860080863,0.2370626447074545,-1.3528524000003688,0.37510044450755575,-1.6211830934235896,-1.084521706577148,-1.7720676897803174,-0.8111647645570527,0.5837988597004856,0.24017623012871137,0.411987134820181,0.7556105845807902,0.26527345001394054,0.9236591703968372,23.56623997461091,0.19022478691850234,23.430161359595836,23.702318589625982,23.28948859254063,23.838703775727183,34.82479628207084,0.22180132229775118,34.66612917440458,34.9834633897371,34.49401457795592,35.09741181851946,33.69347728865807,0.2675671644788952,33.502071269728496,33.88488330758765,33.3122320007716,34.04429607223773,0.13709908894524275,0.0018330580044728087,0.1357877982426393,0.1384103796478462,0.13459894806048653,0.13969014745937822,0.004308716431497496,5.0450986376158615e-05,0.004272625969978655,0.004344806893016338,0.004239872553482021,0.004373482779547869,1.0,0.0,10,10,0.7224598312333834,1.0,1.0,1.0,4168.7113263001265,235.02393957763064,4000.5853280472707,4336.837324552982,3854.1769774005843,4399.4268320501305
valid_sample_fraction,0.4,Shrinkage-SMI/MVDR local,scientific_controlled,10,10,0.0,0.42598693250634784,0.2339730551530199,0.2586126916840482,0.5933611733286475,0.04525544018830674,0.6471465270791881,-1.7437084657579862,0.36584398895436926,-2.0054174897761263,-1.4819994417398459,-2.2177611856269466,-1.22005189111613,1.1749777681618123,0.242193315742366,1.0017231071577808,1.3482324291658438,0.8356913319326088,1.4952666561656822,22.973532575655604,0.19061514822356151,22.83717471298512,23.109890438326087,22.71079968440215,23.257124983831776,34.20776985065978,0.21568354103827722,34.0534791400669,34.36206056125266,33.89292866346191,34.484364762328276,33.09282363406078,0.26613329007159475,32.9024433470908,33.283203921030754,32.73169909804813,33.465461473008425,0.13061463323001785,0.001923117650719313,0.1292389177375198,0.1319903487225159,0.12814266929651544,0.13344594721517797,0.004356508875739644,5.9002302618533065e-05,0.004314301171091406,0.004398716580387882,0.004255139584281596,0.004416439083598847,1.0,0.0,10,10,0.7224598312333834,1.0,1.0,1.0,1751.2694302001364,251.46196994472038,1571.3843734030984,1931.1544869971744,1450.0991631506167,2054.6851000998686
valid_sample_fraction,0.6,Corrected JDL physical,scientific_controlled,10,10,0.0,-0.18528939876724534,0.34385261094628977,-0.43126673865478665,0.06068794112029596,-0.6293205523475339,0.26311664679789126,0.5894074321285043,0.2665592907367711,0.3987224026407323,0.7800924616162763,0.2295320818399685,0.9348943645588818,-1.5801437739730186,0.06830607993324861,-1.629006999975251,-1.5312805479707863,-1.6791164160439487,-1.4975050441629731,25.51046460662254,0.07814547864356788,25.454562698801965,25.566366514443118,25.422929374393853,25.637960977272524,37.201759221151725,0.0720495203651303,37.150218099184336,37.253300343119115,37.10518807175746,37.30032558574161,35.948475539662475,0.0972640168126322,35.87889705352998,36.01805402579497,35.79305206412328,36.06590862879412,0.1474486709871325,0.0008828769399959927,0.14681709887095568,0.1480802431033093,0.14651394759087066,0.14881863435709589,0.004303595812471553,6.955536059334825e-05,0.004253838904921582,0.004353352720021524,0.004230200273099682,0.00442430966469428,1.0,0.0,10,10,0.7224598312333834,1.0,1.0,1.0,3826.678253599948,255.20677999830187,3644.1143210694117,4009.2421861304847,3379.7004568499688,4088.724638449821
valid_sample_fraction,0.6,Current legacy CSI [production replay],production_replay,10,10,0.0,14.215027150583206,2.618395856180748,12.341939592215049,16.088114708951363,10.001192372335641,17.086210039012204,-8.676931477684366,0.2026018859831828,-8.821864135991639,-8.531998819377094,-8.958934778314317,-8.399617174812715,17.556951201604605,0.49577135802342365,17.202297736844134,17.911604666365076,16.955963166088072,18.24252021628622,9.638783016629766,0.45388932155095707,9.314090155897338,9.963475877362194,9.032741234347007,10.21201838902965,14.85102856042676,0.6510030753700936,14.385329014631667,15.316728106221854,13.948802785894326,15.631590474653104,13.75952405334703,0.6405353615544335,13.30131265892003,14.21773544777403,12.872201326383003,14.546851936266133,0.009594439748285903,0.002300246646494241,0.00794894242420634,0.011239937072365466,0.0065412792335869255,0.012509627125011738,0.004454369594902139,0.0007471765442381943,0.003919871693977999,0.0049888674958262795,0.003578269610074344,0.005560897435897436,1.0,0.0,10,10,0.7224598312333834,1.0,1.0,1.0,226.82603060002293,23.028245871342243,210.3526158828265,243.29944531721935,197.20904375026294,258.18679649964906
valid_sample_fraction,0.6,Current legacy CSI [scientific controlled],scientific_controlled,10,10,0.0,14.217459072349788,2.6153823053753475,12.346527278361865,16.08839086633771,9.997126225883095,17.08749828341325,-8.6584947426132,0.2016999439041587,-8.802782190425429,-8.514207294800972,-8.938439921241693,-8.381098184428447,17.556852207796414,0.495765372125371,17.202203025089453,17.911501390503375,16.95594515922128,18.242532164195755,9.63892875278797,0.45338706689140656,9.314595183394825,9.963262322181116,9.033152541463789,10.21158927188524,14.850724538186771,0.650976516895225,14.385043991180087,15.316405085193455,13.949415502160262,15.631557123061476,13.759997567781786,0.6405592386013437,13.301769092744385,14.218226042819188,12.872481411736626,14.547299295443242,0.009597069597069598,0.0022976584573751427,0.007953423751950423,0.011240715442188774,0.00654466046773739,0.012503991734760963,0.004454369594902139,0.0007479426262577567,0.003919323671914741,0.004989415517889538,0.0035789333940221516,0.005564880139584281,1.0,0.0,10,10,0.7224598312333834,1.0,1.0,1.0,244.68819630019425,18.70042073652929,231.310721181159,258.0656714192295,214.46619585040025,266.9960485001866
valid_sample_fraction,0.6,DL-SMI/MVDR global,scientific_controlled,10,10,0.0,-0.22681007342730286,0.12635127105603933,-0.31719632775947926,-0.13642381909512646,-0.3907908913070047,-0.04401164976432018,-0.6833026575192352,0.13893177733287698,-0.7826884638975597,-0.5839168511409107,-0.8834763402833186,-0.514133866087273,0.020324992049221086,0.07314137008283665,-0.03199719215404673,0.0726471762524889,-0.07583052575588972,0.12265050232837496,24.062552161792542,0.0781501308543826,24.00664692598083,24.118457397604253,23.96538676005831,24.15781157440663,35.3698205299266,0.09895938189072971,35.29902925267729,35.440611807175905,35.225811414951174,35.485210433378654,34.271295688619645,0.1112120824813278,34.19173935738567,34.35085201985362,34.10759292541019,34.39636148408638,0.14223781346858266,0.0010561724666431468,0.1414822732006394,0.1429933537365259,0.141326195172349,0.14381102658025735,0.004343802154453042,5.021079042859324e-05,0.004307883518764086,0.004379720790141999,0.004271639356698528,0.004396525565164618,1.0,0.0,10,10,0.7224598312333834,1.0,1.0,1.0,2044.0113679000206,441.5852965616506,1728.120276415325,2359.902459384716,1547.45219274987,2597.7691269003117
valid_sample_fraction,0.6,DL-SMI/MVDR local,scientific_controlled,10,10,0.0,0.3590543175912311,0.19004875319240036,0.22310162951781534,0.49500700566464684,0.049323162758009034,0.5678734183485126,-0.6323303774498948,0.0976533887873035,-0.7021874035134742,-0.5624733513863155,-0.75206954094766,-0.49454444683440013,0.3699964122446363,0.04891295800197878,0.3350061899448932,0.40498663454437944,0.31607136007085535,0.43923555581095525,23.625713178762176,0.06566997007966875,23.578735712148685,23.672690645375667,23.536173543672334,23.70319601045535,34.961995499595865,0.09355853518917949,34.895067755332775,35.028923243858955,34.839342348134274,35.075939270636695,33.9229896126396,0.10576794797337503,33.84732778062309,33.998651444656105,33.7564584214275,34.03943743869453,0.13732995209918286,0.0009007045237026157,0.1366856268978842,0.13797427730048153,0.1362893772893773,0.13869428007889545,0.004427249279320285,4.9408444437174615e-05,0.004391904607377294,0.004462593951263276,0.0043525261720528,0.004490688059475042,1.0,0.0,10,10,0.7224598312333834,1.0,1.0,1.0,1155.6457367000803,77.96386996890213,1099.8737438991175,1211.4177295010431,1025.0495037000746,1245.2293102998283
valid_sample_fraction,0.6,MNEC physical,scientific_controlled,10,10,0.0,0.1630806154790431,0.19330283481296898,0.024800097645656632,0.30136113331242953,-0.06806064836365822,0.4255108290571997,-1.4771084873096725,0.21948021586487806,-1.6341151754596104,-1.3201017991597346,-1.7855717281327876,-1.203055950213199,0.9662524419664521,0.1822413482766446,0.8358848349174829,1.0966200490154212,0.7231936710755374,1.2395451422262622,23.154206528393424,0.16045439043078377,23.039424372100285,23.268988684686562,22.957524987374462,23.392341982523153,34.314445700411206,0.14860461153091317,34.20814036528869,34.42075103553372,34.14368618456975,34.515564916508374,33.29962933893979,0.18064048642056132,33.17040691947513,33.42885175840445,33.08333753738995,33.56799056445853,0.1346510754203062,0.002645976664956885,0.13275825773990688,0.1365438931007055,0.1311092326476942,0.13788926458157227,0.004387801547564862,5.418445784625591e-05,0.004349040321446522,0.004426562773683201,0.004309854346836596,0.004467076316188742,1.0,0.0,10,10,0.7224598312333834,1.0,1.0,1.0,2410.9639823002,424.57210241324003,2107.2433967427373,2714.6845678576624,1864.6237274003397,2959.7619072500947
valid_sample_fraction,0.6,Phase-only CSI [production replay],production_replay,10,10,0.0,6.412477352140485,1.2891199384652305,5.490296501493407,7.334658202787563,4.7470769483997985,8.13888924905635,-6.778481291689227,0.1444946475649857,-6.881846535705288,-6.675116047673166,-7.009690415752041,-6.628024150907897,11.616268491907741,0.5653128991821211,11.211868005425314,12.020668978390168,10.897502875315196,12.244466776886798,15.25024373132538,0.4898231730308263,14.899845341777548,15.600642120873212,14.5864870160762,15.941843340588692,21.743986376051517,0.673678881699952,21.262065535599177,22.225907216503856,20.944322871458116,22.622713726818894,20.886416200437516,0.677861450437552,20.4015033305539,21.37132907032113,20.104977423574525,21.812244168001612,0.05273372781065089,0.005157270123460023,0.049044439011711564,0.05642301660959021,0.04590720390720391,0.06019780219780219,0.004919397663480503,0.00048209519874334295,0.004574527533708634,0.005264267793252372,0.004267182521620391,0.00557995751782734,1.0,0.0,10,10,0.7224598312333834,1.0,1.0,1.0,218.01838400015185,17.874727301349623,205.23157438221364,230.80519361809007,198.20825859978868,244.7710419504801
valid_sample_fraction,0.6,Phase-only CSI [scientific controlled],scientific_controlled,10,10,0.0,6.42571182318085,1.2902655464821453,5.5027114539273,7.348712192434401,4.758822021146217,8.14994333241588,-6.7632247455997625,0.14371661658422014,-6.866033419780649,-6.660416071418876,-6.9926932488690525,-6.614155054125839,11.61621699700964,0.5652990736387233,11.211826400725164,12.020607593294118,10.897478345809226,12.244388610272248,15.250358646109863,0.4897195944667693,14.900034352203141,15.600682940016585,14.586150760902266,15.941574963466174,21.743572500553764,0.6740072875431612,21.26141673271351,22.22572826839402,20.943645234248585,22.622594559780566,20.886436105341915,0.6778350245484691,20.40154213940055,21.37133007128328,20.105030800746267,21.812198827172423,0.05273786043016813,0.005158966609513339,0.049047358038214625,0.05642836282212163,0.045904104442565985,0.06020061989292758,0.004920725231376119,0.00048223423945855434,0.004575755637868407,0.00526569482488383,0.00426993248368988,0.005583086785009862,1.0,0.0,10,10,0.7224598312333834,1.0,1.0,1.0,232.31787649983744,18.79213759679301,218.87479109141566,245.76096190825922,209.239633299876,260.3679900503721
valid_sample_fraction,0.6,Row complex LS / Wiener [scientific controlled],scientific_controlled,10,10,0.0,11.02378900511325,2.1282734900016447,9.501313866177775,12.546264144048724,8.08388942490602,13.629568758348567,-6.709870119327009,0.10977840875387669,-6.788400862159099,-6.631339376494919,-6.888770814887184,-6.576706662760036,14.396429340955294,0.6881476988818372,13.904158132210199,14.888700549700388,13.530215985790397,15.249027184089028,13.107204460013634,0.7104949320431753,12.59894700369652,13.615461916330748,12.208698229931663,14.029439128043053,18.368702447594018,0.9166571668796725,17.712965412829632,19.024439482358403,17.241941807370804,19.50455670640234,17.15795197422454,0.8845341262495973,16.525194378416693,17.79070957003239,16.05979736592947,18.257853725634206,0.030728468113083503,0.006791731512999929,0.025869956071541786,0.03558698015462522,0.02249084249084249,0.03975307598384521,0.003804999241389774,0.0002753847565255341,0.0036080008540013185,0.004001997628778229,0.003489132908511607,0.00419539902897891,1.0,0.0,10,10,0.7224598312333834,1.0,1.0,1.0,225.14662109988421,15.067358278445033,214.36808230017928,235.92515989958915,203.26299554981233,239.13701974965988
valid_sample_fraction,0.6,Row complex LS / Wiener robust IRLS [scientific controlled],scientific_controlled,10,10,0.0,11.009567563637985,2.139924605330883,9.478757718889105,12.540377408386865,8.074611887904506,13.638607862284028,-6.70012511688473,0.10078286948987697,-6.772220838581098,-6.628029395188363,-6.869291201067303,-6.587263636450685,14.389966206441773,0.6898655434830829,13.896466125697737,14.88346628718581,13.520225982093589,15.244430257567538,13.090132368661187,0.6995305922959552,12.58971832850201,13.590546408820366,12.201842769896427,13.99517717063254,18.415142241607438,0.9270876555466774,17.751943684742127,19.078340798472748,17.278082853424387,19.578762803482658,17.195043302395973,0.8894308221037742,16.558782821392242,17.831303783399704,16.091714362408688,18.30973468294909,0.030737860430168122,0.006660712308468901,0.025973073881406676,0.03550264697892957,0.02259415797877336,0.03955255001408847,0.0038698604157184034,0.00026984218526695625,0.0036768269449567845,0.004062893886480023,0.0035683128508572294,0.00426509634349871,1.0,0.0,10,10,0.7224598312333834,1.0,1.0,1.0,344.9472817001151,55.05703871254367,305.56184883303047,384.3327145671998,291.7980412998986,440.13188750013796
valid_sample_fraction,0.6,SA-MNEC physical [approximate academic reference],scientific_controlled,10,10,0.0,0.07628956150755709,0.20285596271544454,-0.06882485234479382,0.221403975359908,-0.17601119405126806,0.3471295263061152,-0.6679969203506236,0.10502562105932853,-0.7431277236826532,-0.592866117018594,-0.7930207460762957,-0.550775980890311,0.28816308165963356,0.07358755349092364,0.23552171707404684,0.34080444624522027,0.18623939401912323,0.3925305301078137,23.872829860587625,0.10305522423806669,23.799108594229253,23.946551126945998,23.763098442916775,24.011098787176714,34.97666405430705,0.07656337872336863,34.92189391259038,35.031434196023724,34.88922862815572,35.09279573561713,33.96554946752724,0.09608442534054286,33.89681481030057,34.03428412475391,33.836722183578686,34.102446097032534,0.14793087254625717,0.002719849835530589,0.14598520918311964,0.1498765359093947,0.14453987038602423,0.15192025922795152,0.004457783340919435,6.385438822486201e-05,0.0044121046633241925,0.004503462018514677,0.004375094826278259,0.004531558185404339,1.0,0.0,10,10,0.7224598312333834,1.0,1.0,1.0,7415.061114800119,638.2367890558818,6958.494020083906,7871.6282095163315,6531.802738750366,8209.970862050386
valid_sample_fraction,0.6,Shrinkage-SMI/MVDR global,scientific_controlled,10,10,0.0,-0.08976552096528564,0.13481946210086132,-0.18620955424272698,0.006678512312155688,-0.27335804243853046,0.08739769760420452,-0.8014250562126305,0.14182620929415055,-0.9028814144834074,-0.6999686979418536,-0.9953784870770525,-0.6224221862979907,0.16746586204588437,0.07692553225687951,0.11243665129798022,0.22249507279378852,0.06252085047046152,0.2744791054441117,23.924851227443604,0.08441028026351138,23.864467750519463,23.985234704367745,23.8256866460312,24.030909859792246,35.216814798194676,0.09821482178770054,35.14655614715701,35.287073449232345,35.07607086610055,35.334081216495505,34.12138605830452,0.1115923082227385,34.04155772996059,34.20121438664846,33.9595472310664,34.25137113002245,0.14077411477411478,0.0011788044196507526,0.1399308488916909,0.14161738065653864,0.13976744622898468,0.1424794777871701,0.00433906084054013,5.0093252381274946e-05,0.004303226286505041,0.004374895394575219,0.004268510089516007,0.004396335912608101,1.0,0.0,10,10,0.7224598312333834,1.0,1.0,1.0,4311.339133399906,247.2987228596344,4134.432284156581,4488.245982643231,3865.3415912499895,4543.106818350043
valid_sample_fraction,0.6,Shrinkage-SMI/MVDR local,scientific_controlled,10,10,0.0,0.3280267684488488,0.1952425043235686,0.18835869463569174,0.46769484226200586,0.056137941586966195,0.5651598010249562,-1.0844094910901059,0.14979274020749173,-1.1915647622666266,-0.9772542199135852,-1.2642362450761042,-0.8844834257264236,0.6681142188113253,0.08956444149036986,0.6040436770589005,0.73218476056375,0.533951861539677,0.7912418870447256,23.38608693053927,0.09429251328719916,23.318634129974907,23.453539731103636,23.29241725610777,23.517958192142093,34.66197886087541,0.08387938471271393,34.6019751637499,34.72198255800092,34.549705235402996,34.771825479108315,33.61582670188843,0.11500281506762007,33.53355864392004,33.69809475985682,33.471254843060414,33.77574685418761,0.1348340377571147,0.001407987785058531,0.13382682397150542,0.13584125154272397,0.13345984784446324,0.13676810369118061,0.0044012668790775296,5.388751192017478e-05,0.004362718075278121,0.004439815682876938,0.0043228455469579725,0.004467076316188742,1.0,0.0,10,10,0.7224598312333834,1.0,1.0,1.0,1746.4943119001873,258.7921167327287,1561.3655839763328,1931.6230398240418,1432.3363475003134,2033.8210676003655
valid_sample_fraction,0.8,Corrected JDL physical,scientific_controlled,10,10,0.0,-0.283543209861888,0.3716614105482656,-0.5494137665923522,-0.017672653131423854,-0.8807952541858927,0.16490221261823781,1.0720783158560425,0.14901937493811612,0.9654762768658324,1.1786803548462528,0.8570804451671021,1.2591741169141142,-1.8850224992850113,0.078315575903317,-1.94104608735504,-1.8289989112149827,-2.013860082494313,-1.8141837577224154,25.7699820672552,0.07231593467803374,25.718250363969215,25.821713770541184,25.68624536695217,25.853747264283854,37.480438618143566,0.11299890473282477,37.39960407127218,37.56127316501495,37.35989285869472,37.62789011234977,36.257035597668555,0.11548238666872061,36.17442447484339,36.33964672049372,36.114644762619314,36.398736062196676,0.15038377007607778,0.000943708396673574,0.14970868175726446,0.1510588583948911,0.14914229360383205,0.1514959143420682,0.004349871036261568,5.842201778316291e-05,0.004308078442377761,0.004391663630145376,0.004286621908663329,0.004436447428311334,1.0,0.0,10,10,0.7224598312333834,1.0,1.0,1.0,3758.41384940004,213.60390389676172,3605.6108215983213,3911.2168772017585,3417.5463635504457,3943.1201478995263
valid_sample_fraction,0.8,Current legacy CSI [production replay],production_replay,10,10,0.0,15.103508777147528,2.6616863923542113,13.199453034763119,17.00756451953194,10.9591979354101,18.474500817633196,-7.761089846772393,0.21125676213288916,-7.9122138305039575,-7.609965863040828,-8.124630238131509,-7.532137658352391,18.17747446846727,0.2960211050890649,17.96571372661921,18.38923521031533,17.752727326388015,18.439089224377106,9.042676403368587,0.2626619666568534,8.854779351576315,9.230573455160858,8.746649276707222,9.427944245599617,13.995699753043297,0.4618497869884368,13.66531231838517,14.326087187701424,13.493386908947084,14.625992557482467,12.93218376537933,0.44279535440377304,12.615427050660609,13.248940480098051,12.437431351051018,13.535380968588465,0.00678125293509909,0.0014071350329669036,0.0057746491715876605,0.007787856698610519,0.005301305532074763,0.008703014933784165,0.004486041571840389,0.0006746456794487146,0.004003429125941762,0.004968654017739015,0.003651949628280989,0.0054470110757093,1.0,0.0,10,10,0.7224598312333834,1.0,1.0,1.0,231.43964519986184,22.839876919757636,215.100981513058,247.77830888666568,198.42488915001013,255.69789139981367
valid_sample_fraction,0.8,Current legacy CSI [scientific controlled],scientific_controlled,10,10,0.0,15.113588955743339,2.6642456694407937,13.207702416820668,17.01947549466601,10.956937810310368,18.483573235245537,-7.742796966788525,0.2104243198649786,-7.893325457194892,-7.592268476382158,-8.104290229178051,-7.513913965595655,18.177326333242963,0.2960111701105773,17.965572698450377,18.38907996803555,17.752682792217495,18.439027364895246,9.042178610668154,0.2628895753815018,8.854118737402839,9.23023848393347,8.744567520529781,9.427279900365725,13.995910614366952,0.46242925106346705,13.665108656080973,14.326712572652932,13.493542989153617,14.627163806930811,12.932870533318987,0.4429191125113127,12.616025287383364,13.24971577925461,12.438285775523788,13.536072559138129,0.006780501549732319,0.0014066122825266108,0.005774271739358469,0.00778673136010617,0.00530262045646661,0.008700760777683855,0.004487938097405554,0.0006731631046445947,0.004006386221631721,0.004969489973179387,0.0036510961917766652,0.005445778334091943,1.0,0.0,10,10,0.7224598312333834,1.0,1.0,1.0,231.80157629985843,17.926490410174722,218.977737584546,244.62541501517086,204.3936846498582,247.68596734998027
valid_sample_fraction,0.8,DL-SMI/MVDR global,scientific_controlled,10,10,0.0,-0.317981268482309,0.14890910527892415,-0.4245044253102936,-0.21145811165432443,-0.5618821849516519,-0.1270376039740615,-0.3022848729644156,0.05614926862434184,-0.34245164004184797,-0.2621181058869832,-0.37675698897578863,-0.21408322926752704,-0.2954159462112928,0.03824399004382095,-0.32277404860224457,-0.26805784382034104,-0.3481446875712697,-0.2396981827015679,24.319328291318374,0.05630261535829839,24.279051826595794,24.359604756040955,24.230531316599148,24.38085863748217,35.67078205227944,0.0860101623386712,35.609254088664045,35.73231001589484,35.56296367113336,35.78543410691972,34.595529406456585,0.08318143491186385,34.53602499254116,34.65503382037201,34.466549644749456,34.66530623769603,0.14498901098901099,0.0008848599355127043,0.14435602032329672,0.14562200165472525,0.1435523621677468,0.14604029304029303,0.004378887877408587,4.623487480395507e-05,0.004345813440419401,0.004411962314397774,0.004320000758610226,0.00445057654377181,1.0,0.0,10,10,0.7224598312333834,1.0,1.0,1.0,1902.7303937999022,316.60395521572224,1676.2455679685168,2129.2152196312877,1540.3518859496216,2247.5813310501962
valid_sample_fraction,0.8,DL-SMI/MVDR local,scientific_controlled,10,10,0.0,0.29737696773909017,0.1441786982306954,0.1942377402612606,0.4005161952169197,0.0979176256665751,0.4941758268394957,-0.3251060942300551,0.04447854225229809,-0.35692412659917633,-0.29328806186093387,-0.3826032843213774,-0.26759018934910117,0.2167917400248705,0.04630550209843225,0.1836667793128273,0.24991670073691372,0.16004130997055666,0.28187142463105397,23.6971556463393,0.07107087182110014,23.646314607366435,23.747996685312167,23.591899993765917,23.772997188422462,35.064236136723686,0.09850753817494348,34.9937680889969,35.13470418445047,34.93125950841182,35.185070261960036,34.08504198616804,0.0974968916975543,34.01529691137838,34.154787060957695,33.929043624762706,34.183405280018874,0.13776857330703485,0.0009142453339435631,0.13711456159361743,0.13842258502045227,0.13646379261763877,0.1388184465107542,0.004485662266727356,4.446668327526201e-05,0.004453852717759356,0.004517471815695356,0.004415964952207556,0.004535635715369443,1.0,0.0,10,10,0.7224598312333834,1.0,1.0,1.0,1056.0313381000924,122.98927334679792,968.0501120471877,1144.0125641529971,865.7478047996847,1199.434271450491
valid_sample_fraction,0.8,MNEC physical,scientific_controlled,10,10,0.0,-0.05463537675842596,0.1347736677395435,-0.1510466507232426,0.04177589720639069,-0.23078366316642918,0.15178941465070445,-0.61597408636426,0.08101471284593013,-0.6739285206864343,-0.5580196520420857,-0.7337968316460026,-0.5099886501833838,0.26226415397035324,0.06929484356838901,0.21269360907331863,0.31183469886738785,0.18269499774515383,0.3739714980262341,23.764033849903864,0.06610678175486316,23.7167439070419,23.81132379276583,23.666450439345144,23.841511040760395,35.04804354445854,0.06884244011005151,34.99879662949972,35.09729045941735,34.96539102434999,35.15744062172091,34.02263159278159,0.08744795829383575,33.96007509190025,34.085188093662936,33.89224984876998,34.118294604487275,0.14112782943552174,0.0014043167145583039,0.14012324177554722,0.14213241709549626,0.13930017845402462,0.14275720860336244,0.004437300864815657,3.816212851642156e-05,0.0044100013226336665,0.004464600406997648,0.0043838188438780155,0.004488222576240328,1.0,0.0,10,10,0.7224598312333834,1.0,1.0,1.0,2383.8907506000396,382.22802704566624,2110.4612917850764,2657.320209415003,1909.6521292500256,2900.6967572504436
valid_sample_fraction,0.8,Phase-only CSI [production replay],production_replay,10,10,0.0,10.111374324217426,1.8696034741484073,8.773940567498432,11.44880808093642,7.931174050847627,12.878752121882531,-6.953716863151281,0.09415235657456493,-7.02106940164334,-6.8863643246592225,-7.095797761445972,-6.845899881602605,14.445251324761085,0.43025041562788974,14.137468718631075,14.753033930891094,13.756302843862116,14.95431919642117,12.998251880476994,0.4377954281480834,12.685071897534787,13.311431863419202,12.455682902842197,13.663881080094667,18.372733988931166,0.5508441209119009,17.978683842905767,18.766784134956566,17.713062860853338,19.245570403658594,17.237301544937672,0.5633782340389833,16.834285034526193,17.64031805534915,16.537146536642005,18.113109994998634,0.03021808960270499,0.004075191796307572,0.02730287300793019,0.03313330619747979,0.025424344885883347,0.036681882220343756,0.00377408587467759,0.00040749563469082395,0.003482581058235492,0.0040655906911196875,0.003073224852071006,0.004207631618874223,1.0,0.0,10,10,0.7224598312333834,1.0,1.0,1.0,222.03418580011203,22.32529796467889,206.0636297225075,238.00474187771655,192.42913659973055,249.5133048505977
valid_sample_fraction,0.8,Phase-only CSI [scientific controlled],scientific_controlled,10,10,0.0,10.12571332004857,1.8701351090205638,8.787899254652308,11.463527385444833,7.939184540866355,12.88892931757003,-6.93620337305872,0.09339604318584505,-7.003014877545055,-6.869391868572385,-7.077545535881056,-6.828555234497464,14.445112923100481,0.4302316708918472,14.13734372614685,14.752882120054112,13.756134247329157,14.954116547257085,12.99791629491258,0.4374150014088217,12.68500845286553,13.31082413695963,12.455500826932617,13.662934053378946,18.373709730522176,0.5497900518976258,17.980413620045542,18.76700584099881,17.716141540771417,19.245174997843822,17.237496543201498,0.5633314408553604,16.83451350661708,17.640479579785918,16.53744144960234,18.113308221003944,0.03021470836855452,0.004077210488697498,0.02729804768823749,0.03313136904887155,0.025425847656616887,0.03668122475814783,0.003775982400242755,0.00040760840367919863,0.003484396913726041,0.004067567886759469,0.003074931725079654,0.004206778182369898,1.0,0.0,10,10,0.7224598312333834,1.0,1.0,1.0,234.29029620010624,18.31725247953096,221.18692313987586,247.39366926033662,211.0349848005626,259.892586649903
valid_sample_fraction,0.8,Row complex LS / Wiener [scientific controlled],scientific_controlled,10,10,0.0,12.1050364302399,2.3327487483335365,10.436288503149989,13.773784357329813,8.909208260388883,15.562076719701928,-6.725649701997737,0.09309275882560497,-6.792244249922492,-6.659055154072982,-6.8709945671201895,-6.617497712200536,15.667148716056593,0.40113615651257745,15.380193196247879,15.954104235865307,15.053436677311693,16.148395179008478,11.735066313335416,0.4070698447387432,11.443866088676046,12.026266537994786,11.204479673658845,12.312333381306408,16.799053504564434,0.6201839599692194,16.355400625808254,17.242706383320613,16.018693621927042,17.670779463340132,15.598782300364553,0.5970277800448911,15.171694354833887,16.02587024589522,14.857837804713778,16.467762214936656,0.019403775711468018,0.0035354590305648045,0.016874660678063327,0.02193289074487271,0.014979806518268057,0.024414764722457027,0.003556364739796692,0.0003392805964184916,0.0033136580220759567,0.0037990714575174274,0.0031231983007130935,0.0040265134274010015,1.0,0.0,10,10,0.7224598312333834,1.0,1.0,1.0,241.20374650001395,17.095767107599674,228.97417143617608,253.43332156385182,217.7200761498625,264.64572949989815
valid_sample_fraction,0.8,Row complex LS / Wiener robust IRLS [scientific controlled],scientific_controlled,10,10,0.0,12.105202142921112,2.3231927146110913,10.443290190548547,13.767114095293676,8.91939462812533,15.540379779888866,-6.702510570790269,0.07962872536245343,-6.759473529394504,-6.645547612186033,-6.836129427563828,-6.611265576555357,15.662990159635967,0.40219457610056114,15.37527749206554,15.950702827206394,15.047429375474517,16.145046687956945,11.734808571603782,0.40676986597786435,11.443822938822661,12.025794204384903,11.20038489211982,12.311137385642215,16.83476330291908,0.6291930904739186,16.384665680439284,17.284860925398874,16.04584285700049,17.721921806456688,15.627596002021752,0.6012702500717306,15.197473176258876,16.05771882778463,14.883781377460224,16.50430215666217,0.019578097116558654,0.0035517794568011326,0.017037307153536893,0.022118887079580415,0.01512069127453743,0.024614069690992765,0.0035929676832043692,0.0003396637342162659,0.0033499868852140454,0.003835948481194693,0.0031630253375815507,0.004064538764982552,1.0,0.0,10,10,0.7224598312333834,1.0,1.0,1.0,430.92462279992105,155.0350457587519,320.01923214392923,541.8300134559129,305.7475133997741,659.2182589000457
valid_sample_fraction,0.8,SA-MNEC physical [approximate academic reference],scientific_controlled,10,10,0.0,-0.05651213908414961,0.1358248526059797,-0.15367538540265707,0.04065110723435786,-0.23761242373430086,0.140504467723523,-0.27317447862456096,0.04450861461069448,-0.3050140234629408,-0.2413349337861811,-0.3366122580717432,-0.21309848910342172,-0.017096457207093477,0.03295943962261227,-0.0406742199591133,0.006481305544926343,-0.053546721255576746,0.0345974117546565,24.03969837157306,0.041836845098707026,24.00977009550633,24.06962664763979,23.97555697650003,24.08955005047991,35.309813990728586,0.06662916222159905,35.26215035939218,35.35747762206499,35.223214581835016,35.40316104820127,34.28947660916124,0.07321734251244277,34.23710007755579,34.341853140766695,34.17601337845723,34.36784154273638,0.14810932657086504,0.0016080429522919771,0.14695900193979375,0.14925965120193632,0.14561031276415892,0.14988607119376351,0.0045368684569868,6.140110336631243e-05,0.004492944753657514,0.004580792160316087,0.004455886815354271,0.004618134577454104,1.0,0.0,10,10,0.7224598312333834,1.0,1.0,1.0,7285.374079100165,665.7784186402654,6809.104889458191,7761.643268742138,6501.833904499836,8212.916934100485
valid_sample_fraction,0.8,Shrinkage-SMI/MVDR global,scientific_controlled,10,10,0.0,-0.19702926193483258,0.15211319080039704,-0.30584448346802656,-0.0882140404016386,-0.4403714337792603,-0.00042119831353149007,-0.3619840823619985,0.05878013340586649,-0.4040328567296542,-0.31993530799434283,-0.44215679845684847,-0.27179799433841667,-0.17138878683839123,0.04205912269190771,-0.2014760707164688,-0.14130150296031366,-0.22924518786703343,-0.1114150540068114,24.192957931079,0.06056144135017775,24.149634885771665,24.236280976386336,24.100773581988484,24.256029230153295,35.541301950144785,0.08504072655992793,35.48046747910864,35.60213642118093,35.43059760697102,35.6486966856872,34.469974596400924,0.08586143448770105,34.408553026280835,34.53139616652101,34.333608275606885,34.543030646558286,0.1436669484361792,0.0009810489680676302,0.14296514828174503,0.14436874859061335,0.14212219404527096,0.1448330985254062,0.0043830602336519505,3.995677268453626e-05,0.004354476880370481,0.00441164358693342,0.004336310878470642,0.004446499013806706,1.0,0.0,10,10,0.7224598312333834,1.0,1.0,1.0,4497.412880699903,197.0806452697648,4356.429880066678,4638.395881333128,4194.909612799756,4727.790523600106
valid_sample_fraction,0.8,Shrinkage-SMI/MVDR local,scientific_controlled,10,10,0.0,0.1553924593698613,0.14044118912024567,0.05492688484544053,0.2558580338942821,-0.037992992676864956,0.3479335295356037,-0.4947669474104309,0.06031733267858926,-0.5379153678937314,-0.4516185269271304,-0.5865843998039889,-0.42640895671282464,0.26689922864551896,0.04914856401115775,0.23174046396001388,0.302057993331024,0.20342455062219034,0.3381146106724913,23.669014758435388,0.06426385880424479,23.62304316323338,23.714986353637396,23.582138649635674,23.741945434812383,35.022896546299556,0.08331080703617184,34.963299585141556,35.082493507457556,34.91065753997801,35.13089425701649,34.032081887441095,0.0891860730450292,33.968282014169056,34.095881760713134,33.89087452712804,34.12276461225623,0.13766281581666198,0.0010681625650655543,0.1368986983490086,0.13842693328431535,0.1360400112707805,0.13894928148774302,0.004473903808223335,4.069558726402448e-05,0.004444791938830173,0.004503015677616497,0.004405154756486117,0.004518756637839478,1.0,0.0,10,10,0.7224598312333834,1.0,1.0,1.0,1672.0762310999817,197.99018403882909,1530.442585627029,1813.7098765729343,1456.4727206499356,1952.5793936997159
valid_sample_fraction,1.0,Corrected JDL physical,scientific_controlled,10,10,0.0,-0.760377571039095,0.340486563441191,-1.0039469855979302,-0.5168081564802598,-1.2177808845636207,-0.2798192083690653,1.4440093771610056,0.12035094503019149,1.357915497489688,1.5301032568323232,1.3199185912454114,1.6478427223270162,-2.368351293953651,0.014864789839328376,-2.3789849240214953,-2.3577176638858064,-2.3889275782222232,-2.348607003255956,26.17226312182087,0.04240580450193522,26.1419278367158,26.202598406925937,26.112013584593566,26.221960971889896,37.97916511219258,0.07973913894183397,37.92212316847182,38.036207055913344,37.86348567432742,38.0860808158129,36.74632353560686,0.07109273278648721,36.69546685824143,36.79718021297229,36.65094819191899,36.829025351575844,0.15558448389217622,0.0006500491947664317,0.15511946671145846,0.15604950107289398,0.15475213675213675,0.15646022353714661,0.004317250796540737,4.006414932259519e-05,0.004288590630639689,0.004345910962441785,0.004273535882263693,0.004374336216052192,1.0,0.0,10,10,0.7224598312333834,1.0,1.0,1.0,3845.188508799856,178.5130199908702,3717.4879871379617,3972.8890304617507,3518.8219052993645,3981.106785000202
valid_sample_fraction,1.0,Current legacy CSI [production replay],production_replay,10,10,0.0,19.354786670705654,2.480332079695805,17.580463988314836,21.12910935309647,16.356924399320814,22.981603191442144,-6.95097515811967,0.09268993708972632,-7.017281544733776,-6.884668771505564,-7.090424145475136,-6.850361684837811,20.318930386291488,0.07503130879579085,20.265256221377985,20.37260455120499,20.221184147507643,20.43778133509904,7.0813973169966165,0.0813298158243418,7.023217471582734,7.139577162410499,6.966866793570848,7.195895934511597,11.017737030631274,0.12614248382252122,10.92750013368848,11.107973927574069,10.848870770905387,11.198732470780833,10.004676848825998,0.11799379790661327,9.920269170627996,10.089084527024,9.866793734296175,10.177931930827652,0.0007677279984972293,0.00014102814225044346,0.0006668425429976215,0.000868613453996837,0.0005963182117028271,0.0009558561097022635,0.0019862312243969045,0.00022068990452200223,0.0018283591771119795,0.0021441032716818294,0.0016363222576240327,0.0022378053406159914,1.0,0.0,10,10,0.7224598312333834,1.0,1.0,1.0,217.47836159975122,26.81689218865627,198.29471257506194,236.6620106244405,188.32521984991217,254.31967449967487
valid_sample_fraction,1.0,Current legacy CSI [scientific controlled],scientific_controlled,10,10,0.0,19.367078082157057,2.4979193894179885,17.580174196298465,21.15398196801565,16.348925553373707,22.992772487810935,-6.932580436482075,0.09250519229732473,-6.998754664633088,-6.866406208331062,-7.070771641799064,-6.831291654312483,20.318665561011265,0.07510356792875589,20.264939705027974,20.372391416994557,20.22084733003868,20.437583235012625,7.081394207371099,0.08172704948109587,7.02293019811756,7.1398582166246385,6.966940059177182,7.197200827922739,11.018416846968085,0.12503504514702604,10.928972163929782,11.107861530006389,10.851593654965312,11.197265915124559,10.005914396067677,0.1180486280695962,9.921467494733928,10.090361297401426,9.867972197607083,10.179262867588994,0.0007701700009392317,0.00013783649773925564,0.0006715677103822082,0.0008687722914962552,0.0006009204470742932,0.0009498450267681036,0.0019896449704142013,0.0002220878314091726,0.0018307729064764519,0.0021485170343519505,0.001638029130632681,0.0022428311333636776,1.0,0.0,10,10,0.7224598312333834,1.0,1.0,1.0,221.9630219999999,21.81165912831999,206.359901011176,237.56614298882383,191.0075283002243,249.9902439001744
valid_sample_fraction,1.0,DL-SMI/MVDR global,scientific_controlled,10,10,0.0,-0.8401474706701881,0.10944754472410967,-0.9184415276336363,-0.76185341370674,-0.9419640809606139,-0.6670018920989901,-0.011200042038816927,8.772300753376948e-05,-0.01126279529807155,-0.011137288779562306,-0.011334109440200598,-0.011091591212775247,-0.8045954504211335,0.007957848687493052,-0.8102881524366574,-0.7989027484056095,-0.814660723325115,-0.7949575682646371,24.867284542320725,0.04773510645969022,24.833136904256005,24.901432180385445,24.80242629248904,24.924309185278346,36.21289522764313,0.09897811935694263,36.14209054641797,36.28369990886829,36.083817780875805,36.35433281246241,35.106473572355114,0.07839153137466431,35.050395649014106,35.16255149569612,34.99461419817157,35.209492777259875,0.15173382173382172,0.0007019212580836453,0.15123169751438137,0.15223594595326206,0.1508944303559688,0.1527960927960928,0.004361250189652556,5.151510235950473e-05,0.00432439850541624,0.0043981018738888725,0.0042897511758458505,0.004413783947807616,1.0,0.0,10,10,0.7224598312333834,1.0,1.0,1.0,1816.8179023001358,334.10704729313716,1577.8121186747676,2055.823685925504,1406.0297446003005,2256.2047532499946
valid_sample_fraction,1.0,DL-SMI/MVDR local,scientific_controlled,10,10,0.0,-0.01591539438327292,0.046525901169602604,-0.04919801909295445,0.017367230326408613,-0.06248867652271843,0.05500143202840897,-0.012250567246112369,4.1784042738726287e-05,-0.012280457749646236,-0.012220676742578502,-0.012306805995890615,-0.012192320272180418,0.11925141256879956,0.0041313578301781775,0.11629601721381264,0.12220680792378649,0.11451351316304048,0.12576860910366452,23.60119662746456,0.04564030831131586,23.56854751772196,23.63384573720716,23.540971157959678,23.652850736482996,35.10192575551281,0.0894204778451298,35.03795819914822,35.1658933118774,34.9969836967892,35.23745926112878,34.20206688575592,0.0808283713997895,34.14424575207411,34.259888019437724,34.089818254408364,34.308823661386064,0.13510528787451864,0.0005934742495146486,0.13468074197159347,0.13552983377744382,0.13436244951629567,0.1360391659622429,0.00459850553785465,4.968148930879659e-05,0.0045629655413770955,0.004634045534332204,0.004524066909421939,0.004653409952966166,1.0,0.0,10,10,0.7224598312333834,1.0,1.0,1.0,1033.8143043000855,133.9180784879151,938.0150820151231,1129.613526585048,826.9785086998581,1177.4846538003203
valid_sample_fraction,1.0,MNEC physical,scientific_controlled,10,10,0.0,-0.21085898607219997,0.054116976268254534,-0.24957193877768846,-0.17214603336671147,-0.26858223148348365,-0.12743439305327486,-0.011610128453354327,4.825959393636177e-05,-0.011644651287157597,-0.011575605619551057,-0.011676156342895422,-0.011550932704089826,-0.22063337064116356,0.004725365240156341,-0.22401369329909523,-0.2172530479832319,-0.22768782493488315,-0.2160495095012457,24.183423054728785,0.04474511040906433,24.1514143309878,24.215431778469767,24.121495119750094,24.240657231295618,35.55887676983487,0.09374364911360603,35.49181660304754,35.625936936622196,35.43600568500011,35.6966934225193,34.523003053515716,0.07685247961144999,34.468026101482224,34.57798000554921,34.417068971232155,34.624123518185996,0.14379336902413825,0.0006410171813858921,0.14333481295656736,0.14425192509170914,0.14308058608058608,0.14478294355217433,0.004442990441511151,3.4020776625927545e-05,0.004418653444004213,0.004467327439018089,0.004391404946138674,0.004476179638901533,1.0,0.0,10,10,0.7224598312333834,1.0,1.0,1.0,2510.8464230999743,360.5665594557967,2252.9126447195813,2768.7802014803674,2163.803787700226,2942.6154006996967
valid_sample_fraction,1.0,Phase-only CSI [production replay],production_replay,10,10,0.0,16.01406464866994,2.2063170348255845,14.435760520975716,17.592368776364165,13.435328834849491,18.79140499524462,-6.699125846171546,0.019300122334760854,-6.712932321970417,-6.6853193703726745,-6.725982008743291,-6.679696959041191,18.580020971944666,0.08316668472345497,18.52052710967838,18.639514834210953,18.460982756708194,18.695470837358346,8.748086643572204,0.11673913200562044,8.664576499291204,8.831596787853204,8.609728076717683,8.906676629012242,12.844187563678961,0.16440894138675555,12.726576492049327,12.961798635308595,12.628948968495983,13.09068800234554,11.757671619823858,0.15868301288954678,11.64415663068798,11.871186608959736,11.562130847207412,11.992290463624892,0.0028992204376819767,0.00041484536603562385,0.002602457940165111,0.0031959829351988424,0.0023285432516201745,0.0035001408847562692,0.00029244424214838413,0.00013063193200805046,0.00019899578744192982,0.00038589269685483847,0.000147834167804582,0.00049527765134274,1.0,0.0,10,10,0.7224598312333834,1.0,1.0,1.0,206.33591869991506,21.61601508412036,190.87275302922768,221.79908437060243,185.738956950172,239.100900199719
valid_sample_fraction,1.0,Phase-only CSI [scientific controlled],scientific_controlled,10,10,0.0,16.029903954993685,2.2190698109218396,14.442477040848297,17.617330869139074,13.445730809266236,18.824875783327634,-6.680868971510674,0.0189425222166048,-6.694419635595435,-6.667318307425913,-6.70766957212699,-6.66184343655292,18.57971037341853,0.08322495213479524,18.520174829157146,18.63924591767991,18.460610363558903,18.695200094574467,8.748046617705402,0.11710082381258702,8.664277734692444,8.83181550071836,8.60853034202565,8.906691972030245,12.845623966027148,0.16347029292940002,12.728684363053793,12.962563569000503,12.632978481019578,13.090510826706248,11.758785775654472,0.1587358097818227,11.64523301789709,11.872338533411854,11.563236390762462,11.99348077768281,0.0029046679815910585,0.00041903729079591597,0.0026049067617474734,0.0032044292014346437,0.0023346482577251805,0.0035131962055038974,0.00029301319981793353,0.0001298446901883463,0.00020012790398389884,0.0003858984956519682,0.0001471703838567744,0.0004926225155515095,1.0,0.0,10,10,0.7224598312333834,1.0,1.0,1.0,231.20886599990627,24.815192849262278,213.45714642139382,248.96058557841872,195.41842710013952,264.71819299986237
valid_sample_fraction,1.0,Row complex LS / Wiener [scientific controlled],scientific_controlled,10,10,0.0,15.997532551793327,2.1130418002519322,14.485953507310402,17.509111596276252,13.36777591354991,18.752199613298963,-6.7136165169338895,0.02756261169136602,-6.733333621554784,-6.693899412312995,-6.755411428065885,-6.6810634303407035,18.775203803489582,0.07810580915015924,18.719330273515073,18.83107733346409,18.669689807340763,18.88859226844867,8.526628860251249,0.1077204095061718,8.449570321393553,8.603687399108944,8.389973713686459,8.661728876960487,12.56688341222699,0.15869780049180324,12.453357844677715,12.680408979776264,12.352243568561754,12.778298420684457,11.510984041352277,0.14860488243021022,11.404678512440084,11.61728957026447,11.322833236583836,11.719999366676408,0.00241626749319057,0.00034595252756764675,0.002168787963445911,0.0026637470229352294,0.0019381985535831688,0.002914717760871607,0.00036071916249431045,0.00012177144828191321,0.00027360911601187433,0.00044782920897674656,0.00023867774237596722,0.0005658284023668639,1.0,0.0,10,10,0.7224598312333834,1.0,1.0,1.0,225.799292299871,17.492136482832517,213.28617166613228,238.31241293360975,202.67041704969415,249.75953659986772
valid_sample_fraction,1.0,Row complex LS / Wiener robust IRLS [scientific controlled],scientific_controlled,10,10,0.0,15.99300687999045,2.1149659633181765,14.480051372169811,17.50596238781109,13.368837082802154,18.767708070889455,-6.689899634842073,0.02885993239426309,-6.710544786787084,-6.6692544828970615,-6.731891376663598,-6.657222728245209,18.773625315248644,0.07829450010168587,18.717616803898864,18.829633826598425,18.66767800155958,18.88719249997386,8.532288009084722,0.10879059498529943,8.454463905653828,8.610112112515615,8.393739646667056,8.670726075411881,12.57905251411908,0.1616665111472867,12.463403258900481,12.69470176933768,12.361908800107658,12.796312504197672,11.524815826662689,0.14973456889889902,11.4177021687335,11.631929484591877,11.336338428647908,11.736805772063784,0.002450831220061989,0.0003488057544452221,0.0022013106147660633,0.002700351825357915,0.0019813092890015966,0.002960646191415422,0.00037039144287665,0.00012408054644111007,0.0002816295670793939,0.00045915331867390607,0.00024038461538461537,0.0005815695645577302,1.0,0.0,10,10,0.7224598312333834,1.0,1.0,1.0,411.3934774999507,147.51546529662323,305.8672706577868,516.9196843421146,286.38499774965567,638.7948711998432
valid_sample_fraction,1.0,SA-MNEC physical [approximate academic reference],scientific_controlled,10,10,0.0,-0.13733652363955154,0.03006510981731517,-0.15884380757710218,-0.1158292397020009,-0.17042350355959404,-0.08830997816534396,0.0051889439423197905,0.0013081863083752915,0.0042531238322851455,0.0061247640523544354,0.0029786257004599803,0.006401792007289993,-0.21813590743227912,0.0045446484356221175,-0.22138695307605646,-0.21488486178850177,-0.22499577062106127,-0.2137390982002126,24.182195003912934,0.04417865599830736,24.15059149724662,24.21379851057925,24.12222463924302,24.237456913924824,35.549530454596706,0.09445904338096683,35.48195852557971,35.617102383613705,35.430424732664754,35.689435235485114,34.51989782380913,0.07650434057252416,34.46516991544138,34.574625732176884,34.41378525366372,34.61875581711357,0.14387977834131677,0.0006261032507774374,0.1434318910570023,0.14432766562563124,0.14319094580633043,0.14484681130834978,0.004440714610832954,4.504220490198681e-05,0.004408493358494722,0.0044729358631711855,0.004368741465634957,0.004484619177666515,1.0,0.0,10,10,0.7224598312333834,1.0,1.0,1.0,7694.688127300105,643.2513122009801,7234.5338588217355,8154.842395778475,6903.67999460027,8475.2214856499
valid_sample_fraction,1.0,Shrinkage-SMI/MVDR global,scientific_controlled,10,10,0.0,-0.6488962717029466,0.09444883754845368,-0.7164608999071748,-0.5813316434987185,-0.7365212631482697,-0.4997024313105993,-0.011198369280998608,7.758788224214333e-05,-0.011253872308382661,-0.011142866253614554,-0.011314128448699773,-0.011102711300598514,-0.6153364466194383,0.007701527560521179,-0.6208457875466284,-0.6098271056922482,-0.6256698721283086,-0.6046397552280455,24.63926855381763,0.04584061027847326,24.606476156679538,24.67206095095572,24.573298983617562,24.695475481240443,36.0125867103983,0.09926668727271215,35.941575600121745,36.08359782067486,35.88938693563907,36.15613954730113,34.91836932306952,0.07781826483942368,34.86270148990348,34.97403715623556,34.809544726471145,35.02260842196998,0.14889790551329013,0.0006955800073206961,0.14840031755137575,0.1493954934752045,0.1480515638207946,0.14991753545599698,0.004379456835078137,3.33893845376431e-05,0.004355571508261949,0.004403342161894325,0.004325974814140494,0.004417387346381429,1.0,0.0,10,10,0.7224598312333834,1.0,1.0,1.0,4439.173393500005,215.33279401412963,4285.133592213107,4593.213194786903,4110.932505149913,4685.474894849858
valid_sample_fraction,1.0,Shrinkage-SMI/MVDR local,scientific_controlled,10,10,0.0,-0.13356292398634234,0.05117622257527183,-0.17017218822870225,-0.09695365974398243,-0.18836567444634839,-0.05204435452264664,-0.011695669733417197,2.8963408163722707e-05,-0.011716388907468496,-0.011674950559365899,-0.011727175621511184,-0.011653157575976052,-0.07670433912441174,0.004321964517664794,-0.07979608628962255,-0.07361259195920093,-0.08290149250265408,-0.0709869928833238,23.897807636173955,0.0457942681414046,23.865048390203654,23.930566882144255,23.82855382330916,23.95097432978773,35.35550996848771,0.09767095576279623,35.285640375766896,35.42537956120852,35.23795867742835,35.50282072433694,34.39246639964183,0.07935009282099398,34.335702762750365,34.4492300365333,34.28205393417968,34.4972106161017,0.13886183901568516,0.0006576520722118148,0.13839138306408136,0.13933229496728897,0.1380619892927585,0.13986061801446417,0.0045306099226217564,5.1532554523523515e-05,0.004493745753859385,0.004567474091384128,0.00445645577302382,0.0045858936428463054,1.0,0.0,10,10,0.7224598312333834,1.0,1.0,1.0,1697.0813531999738,248.24081866605025,1519.5005692154123,1874.6621371845354,1439.8463545004688,2049.90404925029
