case_id,factor,factor_family,factor_level,seed,scenario_label,valid_pulse_fraction,texture_sigma_config,azimuth_subcell_count_config,texture_nonuniformity_cv,p38_slope_rad_per_hz,p38_intercept_rad,p38_rmse_rad,p38_inlier_ratio,p38_accepted_sample_count,coherence_mean,coherence_p10,F1_F2_energy_ratio_dB,phase_variance_rad2,distance_to_clutter_ridge_hz,distance_to_clutter_ridge_mps,clutter_ridge_angle_deg_diagnostic,target_beam_hypothesis_angle_deg,distance_to_support_edge_rows,distance_to_support_edge_hz,target_fd_truth_hz,fa_ctr_hz,target_row_truth,target_range_bin_truth,dynamic_support_row_start,dynamic_support_row_end,target_bin_bytes,background_bin_bytes,target_input_sha256,background_input_sha256,best_strict_expert,best_strict_SCNR_improvement_dB,best_adaptive_expert,best_adaptive_SCNR_improvement_dB,best_overall_expert,best_overall_SCNR_improvement_dB,current_SCNR_improvement_dB,current_target_loss_dB,current_Pfa,current_failure,phase_only_SCNR_improvement_dB,phase_only_target_loss_dB,phase_only_Pfa,phase_only_failure,row_ls_SCNR_improvement_dB,row_ls_target_loss_dB,row_ls_Pfa,row_ls_failure,robust_row_ls_SCNR_improvement_dB,robust_row_ls_target_loss_dB,robust_row_ls_Pfa,robust_row_ls_failure,dl_mvdr_SCNR_improvement_dB,dl_mvdr_target_loss_dB,dl_mvdr_Pfa,dl_mvdr_failure,shrinkage_mvdr_SCNR_improvement_dB,shrinkage_mvdr_target_loss_dB,shrinkage_mvdr_Pfa,shrinkage_mvdr_failure,jdl_SCNR_improvement_dB,jdl_target_loss_dB,jdl_Pfa,jdl_failure,current_residual_p95_dB_over_input_median,current_residual_p99_dB_over_input_median,current_residual_cvar95_dB_over_input_median,dl_global_covariance_condition_number,dl_global_covariance_condition_number_p95,dl_global_estimated_clutter_rank,jdl_covariance_condition_number,jdl_estimated_clutter_rank,adaptive_failure
baseline_v2_texturesigma0p2_s20261001,texture_sigma,texture_sigma,0.2,20261001,Baseline V2 controlled single-target case,1.0,0.2,9.0,0.9425501961230938,0.0008672131460935199,-0.005299047256492975,0.004273788044295831,1.0,34.0,0.727123298935325,0.36818942084112255,-0.06761809215999967,0.057559828066859074,52.01609336559255,0.4873135151758901,-0.46535524495308456,0.0,18,180.0,-53.2468982695,-1.2308049039074471,60,2200,42,88,49204480,49204480,58cd8f177e939446a26bfd5bc6ac8da3775ffcc2ce6b0ed6c9e0df712ab83285,0fc8578e61a8a14cde7b9160c83d11b4469675dec1fbba7a50798347633cf7f5,Current legacy CSI [production replay],17.229527613737503,DL-SMI/MVDR local,-0.055668517480845114,Current legacy CSI [production replay],17.229527613737503,17.229527613737503,-6.886397736483524,0.001640494613867395,0,15.323527996596686,-6.687674534539574,7.017144591109088e-05,0,15.339971582906538,-6.705968251914939,0.00013465331512668791,0,15.329603901270099,-6.679581768720205,0.00013654984069185253,0,-0.8741427814147915,-0.011136730097345436,0.004466317705962676,0,-0.6932402345397652,-0.011140003691211618,0.00449666211500531,0,-0.9207163092179877,1.3569119266336451,0.004396146260051585,0,6.864322340008822,10.642440130604722,9.64233199970128,15618.811943350094,77629.04801003773,1.0,2353105.4026760035,4.115865384615384,0
baseline_v2_texturesigma0p2_s20261002,texture_sigma,texture_sigma,0.2,20261002,Baseline V2 controlled single-target case,1.0,0.2,9.0,0.9451058839821393,0.000874394918595308,-0.007640856284194702,0.0043596845782711835,1.0,34.0,0.7242285472574302,0.3542469832429399,-0.0694314509824693,0.061914543115719624,53.028916826874735,0.496802166268948,-0.4744165440285675,0.0,18,180.0,-53.2468982695,-0.21798144262526736,60,2200,42,88,49204480,49204480,08598e3ef2006497dd0d36ef984e6264a0d8e994eab9acf427994641108bd631,159d612e69b12b9e9ed3cb817b55fe260edaa7e72d93c4d100ef8573e6bb92a0,Current legacy CSI [production replay],17.350423776232542,DL-SMI/MVDR local,-0.06016861003771812,Current legacy CSI [production replay],17.350423776232542,17.350423776232542,-7.04608441333073,0.0017827340312547412,0,12.956045326583038,-6.696204731137944,0.0002958579881656805,0,13.023201074828616,-6.71701651076517,0.0003944773175542406,0,13.020309388414642,-6.695063037036656,0.00040206341981489913,0,-0.9245811681578773,-0.01117369990725434,0.004451145501441359,0,-0.7378429782311877,-0.011168290829513263,0.004504248217265969,0,-0.912257754464592,1.3885352896187784,0.004388560157790927,0,6.848226751391076,10.79922002585258,9.810687114427633,15943.687736225884,80310.79529674287,1.0,2372189.995055006,4.123076923076923,0
baseline_v2_texturesigma0p2_s20261003,texture_sigma,texture_sigma,0.2,20261003,Baseline V2 controlled single-target case,1.0,0.2,9.0,0.9588493176160238,0.0008722427515876417,-0.007318624182657138,0.004348978195608513,1.0,34.0,0.7227772348846422,0.35685795026167016,-0.06865174396734594,0.059835577579580655,52.77705282268741,0.49444257474091546,-0.47216322321865084,0.0,18,180.0,-53.2468982695,-0.46984544681259255,60,2200,42,88,49204480,49204480,05839b81585d512924e21ad12e8b374a0ff9237b3e554e2698da0b57e75d9bf5,e668a2cf6f89203b41dc5d1444e391a2087ca59f5863fa16970995358a079ebe,Current legacy CSI [production replay],15.939947782488744,DL-SMI/MVDR local,-0.031044178087174856,Current legacy CSI [production replay],15.939947782488744,15.939947782488744,-6.872630902352644,0.001555150963434987,0,14.500385680919017,-6.689970632101589,0.00014223941738734637,0,14.535948914241619,-6.694862477836469,0.0002275830678197542,0,14.530050161588342,-6.666979699474097,0.00023137611895008344,0,-0.854960900225664,-0.011146519250569573,0.004468214231527841,0,-0.6702485386886252,-0.01114810258673262,0.0045061447428311335,0,-0.7757934582774073,1.3902112034881495,0.004420801092398725,0,6.901434010666488,10.766810782737055,9.778548019635451,16017.933947829064,80965.83893126054,1.0,2395610.881366729,4.115384615384615,0
baseline_v2_texturesigma0p2_s20261004,texture_sigma,texture_sigma,0.2,20261004,Baseline V2 controlled single-target case,1.0,0.2,9.0,0.9334554422674995,0.0008733019722866735,-0.006737986880968862,0.0046131752232297695,1.0,34.0,0.7238671401036832,0.35656115536200783,-0.06980126707330167,0.0607920685006566,52.79256079797906,0.4945878614293932,-0.47230196649891454,0.0,18,180.0,-53.2468982695,-0.45433747152094056,60,2200,42,88,49204480,49204480,97a5dc8940d65a7630c14f85e6dc10d79ee876b14bd3c62bf5a5a817702c221d,c8bd457f222ba8e3e97b2a00367d432ae08d18ccf4f737ff35bcdba76b964352,Current legacy CSI [production replay],19.421819134022876,DL-SMI/MVDR local,-0.061599491852402544,Current legacy CSI [production replay],19.421819134022876,19.421819134022876,-7.011800265376841,0.0017239417387346382,0,15.047587661455044,-6.677583239837455,0.00015930814747382795,0,15.295764999553416,-6.679675414651092,0.00021999696555909573,0,15.303422428704245,-6.654551344370871,0.00022189349112426034,0,-0.9305343312424101,-0.011238661073951618,0.0044189045668335605,0,-0.744920459156059,-0.011231832461920804,0.004449248975876195,0,-1.2188186584362688,1.3108199817015374,0.004362008799878622,0,7.016324679293234,10.918960634473198,9.93820513403709,15949.830045002705,80221.79600117396,1.0,2340628.848270447,4.114423076923077,0
baseline_v2_texturesigma0p2_s20261005,texture_sigma,texture_sigma,0.2,20261005,Baseline V2 controlled single-target case,1.0,0.2,9.0,0.9607391019843453,0.0008722388827634577,-0.0065398541731393305,0.004149309191399106,1.0,34.0,0.7146337968625897,0.32919227941649404,-0.07108052354963994,0.06518556054484197,52.657888397528566,0.49332618111827403,-0.4710971097193261,0.0,18,180.0,-53.2468982695,-0.5890098719714315,60,2200,42,88,49204480,49204480,0b3c494392e2a319b50beb4fe32340e873fdceb4ae6e079e790dfed00accfa98,5009b5e9d5c1982312ac56e9055471289fe9b59597aa3c2d0f7323a544c60097,Current legacy CSI [scientific controlled],20.1023825630842,DL-SMI/MVDR local,-0.012085486776100218,Current legacy CSI [scientific controlled],20.1023825630842,20.056520187086626,-6.7446877405980254,0.0017125625853436504,0,16.874985161154427,-6.687073374701296,0.00011189500834471249,0,16.71313648108456,-6.712483222205287,0.00019344560764679108,0,16.745371728811378,-6.681914037932951,0.0001953421332119557,0,-0.835417562743654,-0.01117144372994745,0.004532696100743438,0,-0.6585237224315943,-0.011179267308266789,0.0045535578819602485,0,-0.8911915384762299,1.5937216722251948,0.004439766348050372,0,6.977856792147542,10.886959392630542,9.880230349783668,15688.801357654562,78730.31246069977,1.0,2418543.5216095895,4.115384615384615,0
baseline_v2_texturesigma0p2_s20261006,texture_sigma,texture_sigma,0.2,20261006,Baseline V2 controlled single-target case,1.0,0.2,9.0,0.9588639503953299,0.0008745604802800332,-0.00658289060170829,0.004104250395557945,1.0,34.0,0.7290129498770157,0.36432832127227516,-0.06871910178967196,0.060855495719854026,52.32261592958832,0.49018517620378865,-0.4680975702224076,0.0,18,180.0,-53.2468982695,-0.92428233991168,60,2200,42,88,49204480,49204480,d3e34839e6677774de7ad9c3d047b81b1593b7898d270a937ea8ac836cc26d24,c9b427d3369d3091af27c2b9e4af88a3e2e6821d48b4013b1368b515fb6e0f22,Current legacy CSI [production replay],23.086247992211387,DL-SMI/MVDR local,-0.08214695610483069,Current legacy CSI [production replay],23.086247992211387,23.086247992211387,-6.969274270739996,0.001585495372477621,0,17.482655207222873,-6.6935681396534275,0.00013654984069185253,0,17.624538292028095,-6.7162851904824965,0.0002143073888636019,0,17.62772146046851,-6.704211690781918,0.0002143073888636019,0,-0.9496474420396448,-0.011239955696940135,0.0043601122743134576,0,-0.7567367886712335,-0.011239277028598435,0.004382870581095434,0,-1.265407851991442,1.4062137810033586,0.00427476862388105,0,6.917688856747785,10.7524685228094,9.801950617623806,15824.759244583196,78561.37777813636,1.0,2370997.4143374674,4.116826923076923,0
baseline_v2_texturesigma0p2_s20261007,texture_sigma,texture_sigma,0.2,20261007,Baseline V2 controlled single-target case,1.0,0.2,9.0,0.9293908038160177,0.0008771589381358825,-0.007891464392428837,0.004258695412827127,1.0,34.0,0.7180095923665099,0.334970416934206,-0.07224950233966071,0.06698960150796517,52.93352925471504,0.4959085264339353,-0.47356315164427776,0.0,18,180.0,-53.2468982695,-0.31336901478496104,60,2200,42,88,49204480,49204480,040893454470d46bb60e8e1509e9e69699f07840276a63cf5a362cd6187726f1,de5a9557e17c3d4a352df99da9110a251cb0c344914d28f98cdf283a5e15bf7d,Current legacy CSI [scientific controlled],17.648256671611936,DL-SMI/MVDR local,-0.02006560255518952,Current legacy CSI [scientific controlled],17.648256671611936,17.643853062594857,-6.913598465292372,0.0019761796389015326,0,14.147593159687279,-6.6942307538924535,0.0002579274768623881,0,14.107839644995487,-6.700052558165787,0.0003508572295554544,0,14.114910846554473,-6.668747120692511,0.0003603398573812775,0,-0.8847114826268214,-0.011287143517776358,0.0044416628736155365,0,-0.6994257317355093,-0.011274032257318666,0.004509937793961463,0,-0.7623785420364362,1.4562037398377377,0.004352526172052799,0,7.024731666507949,11.02239641773118,9.99814646738903,15343.361866613395,74994.74052173739,1.0,2336136.1102553112,4.115384615384615,0
baseline_v2_texturesigma0p2_s20261008,texture_sigma,texture_sigma,0.2,20261008,Baseline V2 controlled single-target case,1.0,0.2,9.0,0.9525581570508516,0.0008686610420177603,0.0004425877226164844,0.0045654006996144365,1.0,34.0,0.7246667967731242,0.3597521092221479,-0.06749902574841726,0.061019221777490355,53.60284965237963,0.5021790641591042,-0.47955128122608054,0.0,18,180.0,-53.2468982695,0.355951382879628,60,2200,42,88,49204480,49204480,5a6f435b331c69ab451fc4800de582db89c81dc0ad5b2d98e4198bca395d9aec,be5d6f2615a4dd45dd9139541affa694f37a2cb63d0324c8998b45806f141aa0,Current legacy CSI [scientific controlled],23.324375643562504,DL-SMI/MVDR local,0.034942096458503435,Current legacy CSI [scientific controlled],23.324375643562504,23.3197905745916,-6.935490050472489,0.0014337733272644516,0,17.866021584449832,-6.712192361109443,5.8792292520103174e-05,0,17.710183795563523,-6.719654164774318,0.00012517068730086482,0,17.697963758800356,-6.702623765256044,0.00011758458504020635,0,-0.7094330885504752,-0.011233459288755602,0.004508041268396298,0,-0.555621022754651,-0.011232990403095626,0.004523213472917615,0,-0.40516943328763144,1.349093354943317,0.004407525413442573,0,6.830478480621524,10.695814556849754,9.694267596795601,16320.85070120486,81377.4001572544,1.0,2384866.7550313217,4.095673076923077,0
baseline_v2_texturesigma0p2_s20261009,texture_sigma,texture_sigma,0.2,20261009,Baseline V2 controlled single-target case,1.0,0.2,9.0,0.9483919171735061,0.0008712796699658183,-0.0064756359621654085,0.004266184877844904,1.0,34.0,0.7290827875538254,0.36684695068706885,-0.06908100084106043,0.059567365190977696,52.330769476088854,0.4902615628208765,-0.46817051650339603,0.0,18,180.0,-53.2468982695,-0.9161287934111478,60,2200,42,88,49204480,49204480,92387c527f1f9bdc2286d41f4ee9cd212ceb01672537c56bdad953cc73fbb273,4e122f9297e70023c89c8f3c9eaf02d6a4d909b33774d5193f2ec147d101c381,Current legacy CSI [production replay],18.213392048120507,DL-SMI/MVDR local,-0.041148157631128335,Current legacy CSI [production replay],18.213392048120507,18.213392048120507,-6.951409489273312,0.001659459869519041,0,14.311884261080909,-6.6703094496775,0.00018965255651646185,0,14.540176184244952,-6.689338805623565,0.0002579274768623881,0,14.53320353004262,-6.667987581522463,0.0002579274768623881,0,-0.9122144197445028,-0.011241209220263684,0.0045535578819602485,0,-0.724304617164746,-0.011238725583488209,0.00459528144439387,0,-0.759550010844654,1.416212022516393,0.004462524654832347,0,6.894606861892113,10.705172697240176,9.67368056752554,15411.570878492392,75405.34330438211,1.0,2387342.570978324,4.115384615384615,0
baseline_v2_texturesigma0p2_s20261010,texture_sigma,texture_sigma,0.2,20261010,Baseline V2 controlled single-target case,1.0,0.2,9.0,0.9648295923595748,0.000869136274537045,-0.007513118077470411,0.004415175901168745,1.0,34.0,0.7274487697794242,0.36534273956067775,-0.06755975806918978,0.05946034217239464,52.96975392012002,0.49624789773024736,-0.47388723843775515,0.0,18,180.0,-53.2468982695,-0.27714434937998067,60,2200,42,88,49204480,49204480,5dcbb89a4d982bed5cddb38dd658e4ba776ef8f42086eadd0a1f38a16e0f16fc,94d46687ade4d74a4a36c877b3ffe1a4550eb8f2da514bfc9608e2eeced09f66,Current legacy CSI [scientific controlled],20.018627248390636,DL-SMI/MVDR local,0.023150042421105965,Current legacy CSI [scientific controlled],20.018627248390636,20.01795965928845,-6.979781187269358,0.0016367015627370657,0,16.80381557693577,-6.690929021430327,0.00015551509634349872,0,16.62852051655401,-6.716227419976969,0.0001953421332119557,0,16.60787486178309,-6.692200892858647,0.0002048247610377788,0,-0.8015399791730267,-0.011294137033028234,0.004456835078136853,0,-0.6190410461765223,-0.011279810279242566,0.004466317705962676,0,-0.5373715939143837,1.5791906073223128,0.004367698376574116,0,7.006475961694923,10.712543552560202,9.712016023336894,16473.122231036825,81776.22718527271,1.0,2399849.0914458293,4.115384615384615,0
baseline_v2_texturesigma0p4_s20261001,texture_sigma,texture_sigma,0.4,20261001,Baseline V2 controlled single-target case,1.0,0.4,9.0,0.9303273803163554,0.000869677951869182,-0.005038485059275401,0.004118855846584728,1.0,34.0,0.7200843623929984,0.35022814905888155,-0.06785723205465059,0.06141281363754694,51.726860150752195,0.4846038296630078,-0.46276760101665143,0.0,18,180.0,-53.2468982695,-1.5200381187478063,60,2200,42,88,49204480,49204480,9e32bac719786333969352acbdc00470d19d2c7d91219c34a2dc910aeb55da31,11949757f2435d033f727c153b14d6a2ff78fabd539e30464be80a0fd40b67c9,Current legacy CSI [production replay],17.996835494221045,DL-SMI/MVDR local,-0.05634664085537988,Current legacy CSI [production replay],17.996835494221045,17.996835494221045,-6.887761591762218,0.0018699742072523138,0,15.947412443340506,-6.686827926573572,0.00012137763617053558,0,16.025745116319236,-6.700599625057491,0.0002275830678197542,0,16.008049215033864,-6.6743094941672485,0.0002275830678197542,0,-0.9042088765858871,-0.011058778326817724,0.004399939311181915,0,-0.7091991367133268,-0.01107220105487699,0.004401835836747079,0,-1.0525776656312513,1.327339140612526,0.004303216507358519,0,7.032576483712582,10.79561296588519,9.82927582416034,15850.817922068609,76631.39417839571,1.0,2916250.209803612,4.092788461538461,0
baseline_v2_texturesigma0p4_s20261002,texture_sigma,texture_sigma,0.4,20261002,Baseline V2 controlled single-target case,1.0,0.4,9.0,0.9370420111754768,0.0008745464034807713,0.0006319348085212062,0.004136077698668929,1.0,34.0,0.718583248787581,0.3378745093527875,-0.06892175769555393,0.06595005751534756,53.29791706895108,0.4993222988869062,-0.47682317632771304,0.0,18,180.0,-53.2468982695,0.05101879945107865,60,2200,42,88,49204480,49204480,6534b68a0035addf2373e576c05e046fd7cde3a80e7d73d44ec1f91457af9d9e,c424eb924cc3179a2a0566d2d37ce8cca2bc3f8d88150018e6e5273e2285bd13,Current legacy CSI [production replay],18.0735472842031,DL-SMI/MVDR local,0.014218375813011441,Current legacy CSI [production replay],18.0735472842031,18.0735472842031,-7.1076224252610745,0.0020691093915945987,0,13.408007745354418,-6.726837423775591,0.0005405097860719162,0,13.322262344550815,-6.750798664432411,0.0005974055530268549,0,13.32233021002759,-6.728628344714252,0.0006011986041571841,0,-0.8159505036607868,-0.011171014337339542,0.004399939311181915,0,-0.6279735091487133,-0.011167451957128803,0.004396146260051585,0,-0.6068732639114605,1.4728356231547421,0.004339250493096647,0,6.971886116742489,10.98987943728472,9.999203848635783,16441.73273203061,84977.30023713915,1.0,2967464.50152658,4.107692307692307,0
baseline_v2_texturesigma0p4_s20261003,texture_sigma,texture_sigma,0.4,20261003,Baseline V2 controlled single-target case,1.0,0.4,9.0,0.9481294812797509,0.0008717087279182676,-0.006686752820575073,0.004198811898283493,1.0,34.0,0.7149041028010312,0.33960740208519713,-0.06888729015482423,0.062176684782326845,52.02396851643629,0.48738729363928274,-0.465425700520136,0.0,18,180.0,-53.2468982695,-1.2229297530637093,60,2200,42,88,49204480,49204480,14055bc367a1a96289a75434c53e7432b62f64481d1e120fab712b4acae6f2de,fd272a409a4bf8cc461e92edc387805f1c60da810a32ec9acc25dd9ac2215f92,Current legacy CSI [production replay],15.793770212210944,DL-SMI/MVDR local,-0.042960900030835525,Current legacy CSI [production replay],15.793770212210944,15.793770212210944,-6.865948055161849,0.0017030799575178273,0,14.08766531423029,-6.685433351661716,0.00018016992869063876,0,14.159504744085304,-6.683661846872351,0.00025223790016689425,0,14.150549177754584,-6.661047672509786,0.0002560309512972235,0,-0.8694359994469139,-0.011138548042026374,0.004407525413442573,0,-0.6651614617475499,-0.011140001600924822,0.004390456683356091,0,-0.745347839139443,1.4438865533146088,0.004356319223183128,0,7.110465041053856,11.063835832519558,10.020741944347836,16435.938906997257,82308.98351525077,1.0,2999984.7247506324,4.1,0
baseline_v2_texturesigma0p4_s20261004,texture_sigma,texture_sigma,0.4,20261004,Baseline V2 controlled single-target case,1.0,0.4,9.0,0.9263251244188216,0.0008731864389406981,-0.006635780045024385,0.004388176333235509,1.0,34.0,0.7188610728939064,0.34427368535403813,-0.0690512630532407,0.0629213109072748,52.66410369069449,0.49338440918125537,-0.47115271530343217,0.0,18,180.0,-53.2468982695,-0.5827945788055118,60,2200,42,88,49204480,49204480,5b4d122f16c3877dfe3b60a162f56a961faf9ca2aa9d7ff2f7dddbe38d89e449,5c71a6c31e20a1e5da74448bd5f9f7974c587bd6585a9afda6bc08a9db588c4b,Current legacy CSI [scientific controlled],19.059632014812458,DL-SMI/MVDR local,-0.044283613145101874,Current legacy CSI [scientific controlled],19.059632014812458,19.053425358106736,-6.968560485911207,0.0019363526020330754,0,15.759513773565729,-6.680614080822269,0.00028447883477469274,0,16.00336909308049,-6.678937453178447,0.0003394780761644667,0,16.02070102458747,-6.656659068027323,0.0003394780761644667,0,-0.9240761911374173,-0.011178276987301027,0.004270975572750721,0,-0.7215529297227938,-0.011176514596371813,0.004325974814140494,0,-1.3079211396595936,1.3138472326723178,0.004276665149446215,0,7.170913442870535,11.096183372122855,10.113265193501668,16261.032368642433,83066.32214106145,1.0,2926458.0266922168,4.076923076923077,0
baseline_v2_texturesigma0p4_s20261005,texture_sigma,texture_sigma,0.4,20261005,Baseline V2 controlled single-target case,1.0,0.4,9.0,0.9531504859611146,0.0008722811819100143,-0.006444968950096633,0.003981591213402969,1.0,34.0,0.7075709232536184,0.3119584778958466,-0.07064170165211381,0.06890359123088448,52.54034274181763,0.49222495296037394,-0.4700454788225172,0.0,18,180.0,-53.2468982695,-0.7065555276823707,60,2200,42,88,49204480,49204480,82ff44233a441d6c5841120ccd2982af7c993ac3afbf2797070168992cf4475c,e388570b515b3ca84e606b295148bf3e0d20e0fde7767e0425c6585c0ecd423e,Current legacy CSI [scientific controlled],21.454854087984927,DL-SMI/MVDR local,0.015332768751093795,Current legacy CSI [scientific controlled],21.454854087984927,21.375693165914893,-6.837609200027234,0.002165832195417994,0,18.958797594028336,-6.692898180566003,0.0002446517979062358,0,18.722289611933657,-6.727821960575236,0.0003186162949476559,0,18.759894056209156,-6.688512048554717,0.0003413746017296313,0,-0.7492215005925287,-0.011131695851167776,0.0044189045668335605,0,-0.570620588604176,-0.011141728370320781,0.004413214990138067,0,-0.6112220505357611,1.6499534264270608,0.004363905325443787,0,7.132764305432316,11.129102411085729,10.117719998241537,16186.005059549865,81475.94512662772,1.0,3031805.3038,4.092788461538461,0
baseline_v2_texturesigma0p4_s20261006,texture_sigma,texture_sigma,0.4,20261006,Baseline V2 controlled single-target case,1.0,0.4,9.0,0.9511720975112572,0.0008721229096255959,-0.007590833366302011,0.0038611621676631677,1.0,34.0,0.72237655466906,0.35178969861341924,-0.0678132240940557,0.06274125120818938,52.90132832872653,0.49560685159793616,-0.47327506356194127,0.0,18,180.0,-53.2468982695,-0.34556994077347575,60,2200,42,88,49204480,49204480,22297d8b68775689ce6dc68fc39a86f592d83832b93c998150eb7b707c129bdd,7c5ec9e0332e7e7841103212e81fb1421b607a74b12b328eccbcbb3d1de347ba,Current legacy CSI [production replay],22.92292393593071,DL-SMI/MVDR local,-0.06751397843235907,Current legacy CSI [production replay],22.92292393593071,22.92292393593071,-6.950780172519825,0.0019761796389015326,0,18.58681404117563,-6.703062511251021,0.00019154908208162647,0,18.77667143259785,-6.717399613588166,0.0002655135791230466,0,18.77410135562788,-6.707998562406194,0.00028447883477469274,0,-0.945600149758772,-0.01124246220544959,0.004322181763010165,0,-0.7401061487793803,-0.011238395989519824,0.004362008799878622,0,-1.1076094616685426,1.4570350303981614,0.004288044302837202,0,7.046505416681354,10.995878804989657,9.959027319728799,16414.225675311798,82045.00709016902,1.0,2972147.448796438,4.1,0
baseline_v2_texturesigma0p4_s20261007,texture_sigma,texture_sigma,0.4,20261007,Baseline V2 controlled single-target case,1.0,0.4,9.0,0.9113985386007066,0.0008761499578383195,-0.00798049190460754,0.004097053188132602,1.0,34.0,0.7120058465570231,0.3208107503697075,-0.07203439905675517,0.07100420888986733,52.95798785462485,0.496137667177254,-0.4737819724137421,0.0,18,180.0,-53.2468982695,-0.2889104148751547,60,2200,42,88,49204480,49204480,db21ee9efdd04d863fed168395075c656785cfc1f0f4f019f4c27a9ec09589bc,21792fb60191a4a3c6e2256386a410823098a876981d7d17f53af06123cb82c9,Current legacy CSI [production replay],17.045223961343986,DL-SMI/MVDR local,-0.05595657465643811,Current legacy CSI [production replay],17.045223961343986,17.045223961343986,-6.887456350279066,0.002296692459414353,0,13.46872127756569,-6.687344401198507,0.00043999393111819146,0,13.423403608993246,-6.691216444921253,0.000527234107115764,0,13.425678816193285,-6.657911646289292,0.0005575785161583978,0,-0.9210010336214065,-0.011287409176420429,0.004339250493096647,0,-0.7321397362658013,-0.011272056321218747,0.004390456683356091,0,-0.919250626430907,1.3867128764200662,0.004270975572750721,0,7.218708688419998,11.253036054792695,10.229616124327823,15724.347006990747,77170.42499416844,1.0,2924871.8228513175,4.122596153846154,0
baseline_v2_texturesigma0p4_s20261008,texture_sigma,texture_sigma,0.4,20261008,Baseline V2 controlled single-target case,1.0,0.4,9.0,0.9400173677818773,0.0008709881591140516,-0.0005515276498486859,0.004548754937369176,1.0,34.0,0.7171586196960378,0.34027172248017695,-0.06730395901330716,0.06521901894926747,53.9014589984017,0.5049765900911583,-0.48222281580497184,0.0,18,180.0,-53.2468982695,0.6545607289016999,60,2200,42,88,49204480,49204480,4679e9201a9f408005982fdebba164fda59bc7a4ef1cf806563fe7269f29d530,d3e8e23ce65a116d82c8a8f713754959cf925db8509122ce7a5960f5c8aa6949,Current legacy CSI [scientific controlled],23.050120534545982,DL-SMI/MVDR local,0.0464173915480206,Current legacy CSI [scientific controlled],23.050120534545982,23.029613491406046,-6.897288821958458,0.0015817023213472918,0,17.72961370347364,-6.724936501481591,0.00021999696555909573,0,17.531856902335125,-6.727249989063143,0.00031292671825216206,0,17.529918444044778,-6.70921972863173,0.0003167197693824913,0,-0.6695135816431561,-0.011199350765126764,0.004407525413442573,0,-0.5107459119030624,-0.011204070885656725,0.004420801092398725,0,-0.27995092768531027,1.3390349352646183,0.004286147777272037,0,6.962893284805568,10.920014497174348,9.9152677651531,16703.718977957164,82943.40350150237,1.0,3001177.422313904,4.076923076923077,0
baseline_v2_texturesigma0p4_s20261009,texture_sigma,texture_sigma,0.4,20261009,Baseline V2 controlled single-target case,1.0,0.4,9.0,0.9407699841783502,0.000873279066879206,-0.006998824121147087,0.004115983799784658,1.0,34.0,0.7224662968626719,0.34948306361530695,-0.06926244325165201,0.06329642957403665,52.72971824279456,0.49399912005171315,-0.4717397408171613,0.0,18,180.0,-53.2468982695,-0.5171800267054383,60,2200,42,88,49204480,49204480,b1438c35b190cb9eedf9239c98fe0018cd808c76fdb47fd08463002227586361,1d08eefd2a52ddcd8c059aa8a8e15e5f8b0b9c2b3a4c46bc1029cfb1a55b90d9,Current legacy CSI [production replay],17.8333151322106,DL-SMI/MVDR local,-0.03008551070074006,Current legacy CSI [production replay],17.8333151322106,17.8333151322106,-7.037320452578999,0.0021487634653315126,0,14.033972274720336,-6.678946586674855,0.0003944773175542406,0,14.343794975842348,-6.699294064248033,0.00043620087998786223,0,14.328533599743905,-6.680148653043487,0.0004343043544226976,0,-0.9375199968739762,-0.01122056594959022,0.004333560916401153,0,-0.7207964378642604,-0.011222720935510595,0.004367698376574116,0,-0.6933112977092701,1.4041859804745491,0.004382870581095434,0,7.0759960562224835,10.967080454630038,9.945041766710048,15794.733581245557,77741.79467017918,1.0,2972016.466734843,4.107692307692307,0
baseline_v2_texturesigma0p4_s20261010,texture_sigma,texture_sigma,0.4,20261010,Baseline V2 controlled single-target case,1.0,0.4,9.0,0.95813388946469,0.0008676557992087834,0.0003622535225531584,0.0041060948399102735,1.0,34.0,0.7212110842182577,0.35160025213006957,-0.06655758761877241,0.06213974194393997,53.36190131318192,0.4999217361947573,-0.4773956166381279,0.0,18,180.0,-53.2468982695,0.11500304368191819,60,2200,42,88,49204480,49204480,45786814f41b387067db99aed98ed5a7e066ee306822b1ea23a5c64711ced70b,7cc297e488905e86aa4b29f5d2c40b12144864b3cb1c70c6cea9d4998cdc013d,Current legacy CSI [scientific controlled],20.48437234525327,DL-SMI/MVDR local,0.06202473787599949,Current legacy CSI [scientific controlled],20.48437234525327,20.423518671508486,-7.069404025736768,0.0021146260051585495,0,18.160128319244816,-6.724357497710338,0.00030723714155666816,0,17.66642768819521,-6.759185507402362,0.0003299954483386436,0,17.610312900681983,-6.734561130076699,0.00034516765285996055,0,-0.664946873381036,-0.011372318746929828,0.004312699135184343,0,-0.4906668562804022,-0.011348551098456977,0.004325974814140494,0,-0.27971143801941034,1.645262972871406,0.004305113032923684,0,7.091233237769808,10.97354463919606,9.92998417586983,17216.692994844594,87209.98460291103,1.0,3022279.491586866,4.084615384615384,0
baseline_v2_texturesigma0p8_s20261001,texture_sigma,texture_sigma,0.8,20261001,Baseline V2 controlled single-target case,1.0,0.8,9.0,0.9393310866382844,0.0008835128053971349,-0.005634670612894069,0.003693673293618068,1.0,34.0,0.6979331015522527,0.2697444032536214,-0.06888132572306702,0.07998812836056197,52.075458744020914,0.48786968057336316,-0.4658863613240612,0.0,18,180.0,-53.2468982695,-1.1714395254790877,60,2200,42,88,49204480,49204480,eabb280f44c40dc45c2032f271a28c49996c256c2bfd4bf9dec2fd8875cf0704,2abed6bac8486888ef70e278abdb04ca87ccf6fe1455f207ece84a4aac0588f5,Current legacy CSI [production replay],19.811647994382277,DL-SMI/MVDR local,-0.04168041336321071,Current legacy CSI [production replay],19.811647994382277,19.811647994382277,-6.927810441829227,0.0033416780458200577,0,17.12928574568591,-6.69517031951659,0.0013389470490062206,0,17.31806810297362,-6.691849630309554,0.0014394629039599454,0,17.29712709345319,-6.665328297375558,0.0014584281596115916,0,-1.046510379650723,-0.010665342994507448,0.004445455924745866,0,-0.5757916681171107,-0.01076599961151471,0.004445455924745866,0,-1.3894487416256682,1.3534777497988804,0.004369594902139281,0,7.732148041565182,12.023694147886534,11.14346588548514,16851.928229455138,86601.01914025772,1.0,7361316.763634865,4.1067307692307695,0
baseline_v2_texturesigma0p8_s20261002,texture_sigma,texture_sigma,0.8,20261002,Baseline V2 controlled single-target case,1.0,0.8,9.0,0.9227844147845714,0.0008715807601306982,0.0001958714239151298,0.0035798788825396025,1.0,34.0,0.6986694719221508,0.29026119651596355,-0.06772141496505549,0.07505231362774127,53.301841183142855,0.49935906200687574,-0.4768582837371284,0.0,18,180.0,-53.2468982695,0.05494291364285613,60,2200,42,88,49204480,49204480,34f83a859a0305483ea6a4697cc42a830b0261244ef1b137dee248d4375275da,327a051bd72bede0d56295671e8202bd41d614cc61b49c00c99b2f15e376d9ff,Current legacy CSI [scientific controlled],16.191195677708404,DL-SMI/MVDR local,0.02645993945006131,Current legacy CSI [scientific controlled],16.191195677708404,16.173780487463528,-7.09661422026683,0.0031008192990441513,0,12.253643919542938,-6.731634908162233,0.0010658473676225155,0,12.177226974889948,-6.7427011364753735,0.0011398118646639356,0,12.19293281753069,-6.726946430677858,0.001147397966924594,0,-0.8915286747127809,-0.010976661565257036,0.00410218479745107,0,-0.5935432662076985,-0.010981330777334285,0.004096495220755576,0,-0.602988969656558,1.6101023021159957,0.004090805644060082,0,7.712865736449814,12.174723961337355,11.123321311909981,17931.805446401755,95565.80095953449,1.0,7277983.536802013,4.13125,0
baseline_v2_texturesigma0p8_s20261003,texture_sigma,texture_sigma,0.8,20261003,Baseline V2 controlled single-target case,1.0,0.8,9.0,0.9382237061546762,0.000869100147927145,-0.004436312290510507,0.0040081398702935915,1.0,34.0,0.6888881132968138,0.2853992713468265,-0.06823050036850048,0.07132497389598921,49.89928347491128,0.46748215141820104,-0.4464170879674998,0.0,18,180.0,-53.2468982695,-3.3476147945887207,60,2200,42,88,49204480,49204480,0c23e4c732fc8811ce890a5093afe76023a1e99c810ffec56e174c2dcac05b64,b8f29c8168caa537ba194945ab27ef081c98746c9f9182bf6c1b1ada3554e4e1,Current legacy CSI [production replay],15.061635103387918,DL-SMI/MVDR local,-0.0687818366027626,Current legacy CSI [production replay],15.061635103387918,15.061635103387918,-6.863874016216558,0.0028846153846153848,0,13.200283507505954,-6.684331664426263,0.0009786071916249432,0,13.33151136918054,-6.680714540709363,0.001058261265361857,0,13.32022258933262,-6.663051775163643,0.0010658473676225155,0,-0.9043125305058286,-0.011133165056586767,0.0038897739341526324,0,-0.5543747613131123,-0.011120596342789163,0.003918221817630102,0,-0.7314220234797624,1.4688231261702653,0.003959945380063723,0,7.910041185297201,12.260220431300892,11.34257064328565,18514.11367078773,91219.13835627545,1.0,7674909.284024339,4.107692307692307,0
baseline_v2_texturesigma0p8_s20261004,texture_sigma,texture_sigma,0.8,20261004,Baseline V2 controlled single-target case,1.0,0.8,9.0,0.9079124744804492,0.0008713769531331023,-0.005555273611185279,0.004133524152968717,1.0,34.0,0.7021350807412619,0.2944999148938194,-0.06715939033995434,0.07125793752909937,51.45381306663817,0.48204578414749916,-0.4603247682271709,0.0,18,180.0,-53.2468982695,-1.7930852028618323,60,2200,42,88,49204480,49204480,14923a6b420ee46cdb0926c22ffc1e488ff73dbf82f78efeaaec610f9e6509c9,ab54b32023be408465321911f7d888e7c980c30a7e358039a3873da8b0694773,Current legacy CSI [scientific controlled],19.49801610277212,DL-SMI/MVDR local,0.018796543577526137,Current legacy CSI [scientific controlled],19.49801610277212,19.4715330655306,-6.8164956623288475,0.002971855560612957,0,17.543967470957682,-6.68985967323851,0.0009311940524958277,0,17.718560319677522,-6.670963350768652,0.001008951600667577,0,17.734654087560735,-6.6509898812471295,0.0010013654984069185,0,-0.8864709926406755,-0.011003150233072623,0.004011151570323168,0,-0.5956372876716376,-0.01102600932509778,0.004030116825974814,0,-1.398575251340973,1.2599115837248342,0.004043392504930967,0,7.798824681794521,12.020136967912212,11.045001294119746,17281.755489221487,87024.11370259007,1.0,7107579.771420339,4.094230769230769,0
baseline_v2_texturesigma0p8_s20261005,texture_sigma,texture_sigma,0.8,20261005,Baseline V2 controlled single-target case,1.0,0.8,9.0,0.9488522025821764,0.0008721484580430665,-0.005875640390149404,0.0038364442095312912,1.0,34.0,0.6874714568274364,0.27372169516935346,-0.06914972224147323,0.07954088897550776,52.02376005991325,0.48738534071136314,-0.46542383554981365,0.0,18,180.0,-53.2468982695,-1.223138209586747,60,2200,42,88,49204480,49204480,64b18bee9d128f3ccaf59b6e93cb85b6a387fe2a15ce30b0b45873e27e0c6199,e4145eb576626339af870d2492a521b765b55f598eaff09aaa6c84cc465429a9,Current legacy CSI [scientific controlled],26.114959941039203,DL-SMI/MVDR local,-0.0018337668870972157,Current legacy CSI [scientific controlled],26.114959941039203,25.921759735040173,-6.981976250253404,0.0034270216962524656,0,22.951732377348673,-6.714229868218585,0.0013844636625701715,0,22.91342800032439,-6.77300689317521,0.0014546351084812623,0,22.832593001463522,-6.725485089949485,0.0014792899408284023,0,-0.7103315669022803,-0.010982065484698138,0.0043544226976179636,0,-0.42773089635737316,-0.01099946802029559,0.004386663632225762,0,-0.12865560472764753,1.8858010154479126,0.004282354726141709,0,7.898702230910979,12.339027690441775,11.487632593434592,17814.294273849002,92613.5749390169,1.0,7976026.759019286,4.107692307692307,0
baseline_v2_texturesigma0p8_s20261006,texture_sigma,texture_sigma,0.8,20261006,Baseline V2 controlled single-target case,1.0,0.8,9.0,0.926529582377699,0.0008674421821539002,-0.0006881358655570779,0.0035888554344315807,1.0,34.0,0.7005641109654525,0.29897927455267337,-0.06605690561528903,0.07171207455264131,54.01001521975529,0.5059936006046202,-0.4831940237744002,0.0,18,180.0,-53.2468982695,0.7631169502552897,60,2200,42,88,49204480,49204480,5e794ec67b86d12175b48dcebe516a791038e3471cb82a71923824c57c14be46,51afa2194eba6229e3a6895d22d671149e1f10becea7587b037450f131a01893,Current legacy CSI [production replay],21.217623627923523,DL-SMI/MVDR local,-0.025410227816754505,Current legacy CSI [production replay],21.217623627923523,21.217623627923523,-6.953084921427376,0.0032089212562585344,0,18.846422740878026,-6.763495951948667,0.0011455014413594296,0,18.828691999928772,-6.7451746041285165,0.001192914580488545,0,18.82047869026031,-6.743480102766282,0.0011948111060537097,0,-0.8889420166705551,-0.011161494557113847,0.004032013351539979,0,-0.607802570493384,-0.011158882970441344,0.004090805644060082,0,-0.6491050959733342,1.5738636620082316,0.004007358519192839,0,7.708584072246279,12.089480519951309,11.009621579153928,18201.726274056648,92004.78538996795,1.0,7468688.726627826,4.107692307692307,0
baseline_v2_texturesigma0p8_s20261007,texture_sigma,texture_sigma,0.8,20261007,Baseline V2 controlled single-target case,1.0,0.8,9.0,0.8763319092439362,0.0008712101948657343,-0.0071595263205200856,0.0038569864140246147,1.0,34.0,0.6917364655197865,0.25754075113251795,-0.07106654375871764,0.08283311021210067,52.34368044202464,0.49038251939003413,-0.4682860253757105,0.0,18,180.0,-53.2468982695,-0.9032178274753622,60,2200,42,88,49204480,49204480,9bea904b49ba00cba4f129386393d4c20f9d968b567eab81782a0c6462b0ccb3,eb46ff0b62abc5a01c9ef54b5c2ab8d6a67d9dc45ac6d557e1106514474f22ea,Current legacy CSI [production replay],17.59936267314665,DL-SMI/MVDR local,-0.12848547978231029,Current legacy CSI [production replay],17.59936267314665,17.59936267314665,-6.829543620762614,0.003419435593991807,0,12.783787662206418,-6.676907174442172,0.0015570474890001518,0,12.71070620873957,-6.677561283984507,0.0014773934152632377,0,12.70676001379374,-6.657461627875005,0.001481186466393567,0,-0.9447801016295498,-0.011265282312632095,0.004035806402670308,0,-0.6780465531341804,-0.011245109072061981,0.004071840388408436,0,-1.2028788829292152,1.2054639880169253,0.004032013351539979,0,7.995175363341934,12.252902017925136,11.300720879799968,17541.103440329454,86514.83067881152,1.0,7396148.431710177,4.122115384615385,0
baseline_v2_texturesigma0p8_s20261008,texture_sigma,texture_sigma,0.8,20261008,Baseline V2 controlled single-target case,1.0,0.8,9.0,0.9262380686171887,0.0008740615959422493,-0.0024041852582261307,0.004532746775025059,1.0,34.0,0.6958666161731601,0.2755297536865412,-0.06617655783497653,0.07717124525892015,54.67748225993148,0.5122467751236329,-0.4891655805681122,0.0,18,180.0,-53.2468982695,1.4305839904314812,60,2200,42,88,49204480,49204480,211909657907465d585ffc89496c217e6cbaad6c10a94315636214b2357db145,dd9703b6dbb46a4d3a254ef8f7598ac21ce6689c61ffec2b08ca2b7221f7cd81,Current legacy CSI [scientific controlled],24.661831246423638,DL-SMI/MVDR local,0.04900571979898327,Current legacy CSI [scientific controlled],24.661831246423638,24.54134565053124,-6.809724753144566,0.0027954786830526475,0,19.64715023420755,-6.755885871999738,0.0010184342284934001,0,19.329678548768392,-6.74974726053231,0.0010848126232741618,0,19.37912485291657,-6.726667666164871,0.0010905021999696556,0,-0.6270725404518123,-0.011100068618067735,0.003923911394325595,0,-0.3916917932479178,-0.011110148777547965,0.003959945380063723,0,-0.36746537094028486,1.347647617318819,0.0039049461386739493,0,7.722533362219973,12.029472929404925,11.080151300766062,18066.573664924366,90843.2773845386,1.0,7711882.443819129,4.107211538461539,0
baseline_v2_texturesigma0p8_s20261009,texture_sigma,texture_sigma,0.8,20261009,Baseline V2 controlled single-target case,1.0,0.8,9.0,0.9360117575099623,0.0008794631254976431,0.0009421427348096578,0.003926959123711066,1.0,34.0,0.699953102072253,0.29037582555942565,-0.06923855988015436,0.07813813886666837,53.60010313660247,0.5021533333867364,-0.47952670928779295,0.0,18,180.0,-53.2468982695,0.3532048671024684,60,2200,42,88,49204480,49204480,4a4979bba3293dd60857f59cffeb3e78d51637cf78769033e2c056e6c3c86a33,9cf7858250131878ff0c0eae573ed6737a30f19872ac75f84ecf8b5c533fec15,Current legacy CSI [production replay],18.914228072072426,DL-SMI/MVDR local,0.015452316284269685,Current legacy CSI [production replay],18.914228072072426,18.914228072072426,-7.142986463133334,0.003808223334850554,0,16.37355185954409,-6.731347178350839,0.0018813533606433016,0,16.64233226909332,-6.748009039301976,0.001883249886208466,0,16.6590884873336,-6.725846924745049,0.001898422090729783,0,-0.7828696389376488,-0.011193059237825691,0.004238734638142922,0,-0.4629159291643319,-0.011198767025500878,0.004286147777272037,0,-0.7880774494453524,1.2840407678650334,0.004195114550144136,0,7.829253551543057,12.219338782050762,11.241023901171953,17218.98986660308,86542.33869569201,1.0,7592256.697120767,4.122596153846154,0
baseline_v2_texturesigma0p8_s20261010,texture_sigma,texture_sigma,0.8,20261010,Baseline V2 controlled single-target case,1.0,0.8,9.0,0.942084798008912,0.0008713653809351876,-0.0005671969488633974,0.0037284662540090037,1.0,34.0,0.6968776298595755,0.29883282147500184,-0.06555083293121132,0.07249233189353622,53.40281053409309,0.5003049948163769,-0.47776161437704767,0.0,18,180.0,-53.2468982695,0.155912264593092,60,2200,42,88,49204480,49204480,28bd5a50e0a2b3d2a8824041cfb64d5b3f75e3d91b125599f3fc8a7f23798944,321940af072db6f40e3c26c2acf4045ff5b972523fd5b36491e4ca2981690b93,Current legacy CSI [scientific controlled],21.379122548454855,DL-SMI/MVDR local,0.05493198904338481,Current legacy CSI [scientific controlled],21.379122548454855,21.308741034686314,-7.144103123339671,0.003616674252768927,0,18.94140482829921,-6.737368000945926,0.0018661811561219844,0,18.350624016776056,-6.7779100165091855,0.0017884236079502352,0,18.326910385651363,-6.746123963571406,0.0017865270823850705,0,-0.614914366331301,-0.011504000379079489,0.00425011379153391,0,-0.3914023181093871,-0.011422461196392588,0.004289940828402367,0,-0.14409249103624777,1.7349402696803764,0.004178045820057655,0,7.852593223623251,12.180651604281142,11.225268156308443,19414.685293756032,98504.28584083976,1.0,7769926.965079993,4.085576923076923,0
baseline_v2_texturesigma1p1_s20261001,texture_sigma,texture_sigma,1.1,20261001,Baseline V2 controlled single-target case,1.0,1.1,9.0,1.081218781641044,0.0009108661451862883,0.0012654756988782776,0.004531847413219876,1.0,34.0,0.6893434545086575,0.23111387439281791,-0.0693820243310228,0.10411126862210446,53.887755062524064,0.5048482045717511,-0.48210021232355865,0.0,18,180.0,-53.2468982695,0.6408567930240643,60,2200,42,88,49204480,49204480,ff5acc744b4afd82a65243bbed79fe1deaf031e88ae4c7abff24003e5b3e65d3,c32e2c667c4272cf1455a5a32a5afb383bdbd6edf0c1354f596bff2f4097f5be,Current legacy CSI [scientific controlled],20.704698700774742,DL-SMI/MVDR local,-0.04920210907673894,Current legacy CSI [scientific controlled],20.704698700774742,20.69451944080175,-6.94697292623283,0.005160446062812927,0,17.672404905975498,-6.753789709440511,0.0029737520861781216,0,17.843245413264455,-6.722571853933776,0.003097026247913822,0,17.862577612055446,-6.690420774292773,0.0031634046426945836,0,-1.1107903481782024,-0.010267341447891085,0.0044189045668335605,0,-0.3165241988222638,-0.01024869059852622,0.00447200728265817,0,-1.3706294919036512,1.5727024206798055,0.004379077529965104,0,8.742049908086349,13.870426421669492,13.48037373230703,19101.393631755942,100596.16626903586,1.0,26198787.33000211,4.230769230769231,0
baseline_v2_texturesigma1p1_s20261002,texture_sigma,texture_sigma,1.1,20261002,Baseline V2 controlled single-target case,1.0,1.1,9.0,0.9630681274704134,0.0008665122941604148,-0.007947987195762042,0.003450136449344229,1.0,34.0,0.6791039654345369,0.2436737296364338,-0.06711317382392895,0.08159364356075686,52.65195291399782,0.4932705744558646,-0.47104400747341524,0.0,18,180.0,-53.2468982695,-0.594945355502182,60,2200,42,88,49204480,49204480,823f1e77153f24a799fd31ea3a0f7b32e6decacebfe91c96ffa20be34daaf3bc,57525a05b5ad4b14830a3978cf83f2fb0b78efe566aed99de4d58a98cdf197be,Current legacy CSI [scientific controlled],13.389918377381896,DL-SMI/MVDR local,-0.018783412990805104,Current legacy CSI [scientific controlled],13.389918377381896,13.376872728438357,-6.983965711258317,0.004380974055530269,0,10.953952310862025,-6.700878213395448,0.0027461690183583675,0,10.937921225203574,-6.68556857517061,0.0028447883477469276,0,10.939868539212352,-6.684003407212817,0.0028315126687907754,0,-1.0497798781070937,-0.010551959791452062,0.0040623577605826125,0,-0.5288216050592629,-0.01056289195743737,0.004066150811712942,0,-0.9751730135333649,1.608980139352406,0.003982703686845699,0,8.544963450917127,13.846690850657028,12.931763935162486,19301.187246824928,111434.03882971685,1.0,21969657.710781626,4.225480769230769,0
baseline_v2_texturesigma1p1_s20261003,texture_sigma,texture_sigma,1.1,20261003,Baseline V2 controlled single-target case,1.0,1.1,9.0,1.029753178418997,0.0008701333285727951,-0.0019641128416643004,0.0042947070878824895,1.0,34.0,0.6634080277492829,0.2268959510710738,-0.06733990227198174,0.08037001786238668,47.70773843228521,0.4469506303198703,-0.42681036016432816,0.0,18,180.0,-53.2468982695,-5.5391598372147905,60,2200,42,88,49204480,49204480,873dff579a5cd5e5a94d75a5a9b8b2623fe8b2561d41dde79c5c98026616a55d,ae5a33b88b78598fbccea2628ed733ff5aaddfd70356d76c1c78fda09c6b2a5e,Current legacy CSI [production replay],14.426826608395157,DL-SMI/MVDR local,-0.08886933451232792,Current legacy CSI [production replay],14.426826608395157,14.426826608395157,-6.852194478086168,0.004538385677438932,0,12.459699679298371,-6.693327995571664,0.0023441055985434682,0,12.643204580331862,-6.703390778691102,0.0025413442573205885,0,12.621029702562435,-6.672658248767042,0.002529965103929601,0,-0.9006221796114353,-0.011154320989336497,0.003918221817630102,0,-0.478581061077632,-0.011045226776181182,0.003946669701107571,0,-0.6655210677353836,1.4481507251724282,0.003885980883022303,0,8.763901258549142,13.723367882365494,13.27100760657316,21770.230995474813,118344.82697769144,1.0,26055815.935383674,4.1841346153846155,0
baseline_v2_texturesigma1p1_s20261004,texture_sigma,texture_sigma,1.1,20261004,Baseline V2 controlled single-target case,1.0,1.1,9.0,0.9265092849354365,0.0008705691906489641,-0.002097468639505272,0.004629126794875528,1.0,34.0,0.6862266942389379,0.2630930521294224,-0.0663914379059615,0.07928874258670025,47.807058722139836,0.447881113876895,-0.42769893121494,0.0,18,180.0,-53.2468982695,-5.439839547360163,60,2200,42,88,49204480,49204480,3fbfe0de57070e9f9386e7a8231b87a84b2d0018b2a37f14955f6d295d9f1442,cdf18e4f55ba2b113a3aa6cb1489599feef07c65b1e10963af9acc7779234c9c,Current legacy CSI [production replay],18.71050124396119,DL-SMI/MVDR local,0.08951058394656464,Current legacy CSI [production replay],18.71050124396119,18.71050124396119,-6.812943301859797,0.004703383401608254,0,16.498823584099554,-6.697876513808331,0.0025280685783644363,0,16.53494694682213,-6.661033508925305,0.0027101350326202396,0,16.525132991426034,-6.646819391866316,0.0027177211348808983,0,-0.7823408500211428,-0.010924314199185351,0.004109770899711728,0,-0.4137702946371782,-0.010966029453841092,0.004119253527537551,0,-1.3826025123377512,1.1369262970849856,0.004096495220755576,0,8.586191283379563,13.523203789668546,12.687333571245734,18150.284079344874,92490.5102858078,1.0,21430137.041841038,4.207692307692308,0
baseline_v2_texturesigma1p1_s20261005,texture_sigma,texture_sigma,1.1,20261005,Baseline V2 controlled single-target case,1.0,1.1,9.0,1.0891682069293351,0.0008742390695015627,-0.004678267684549989,0.005075987986495277,1.0,34.0,0.6645969345815289,0.2349949772055257,-0.06794637089217537,0.08701094840901463,50.93857727195682,0.4772187902307146,-0.45571518128992194,0.0,18,180.0,-53.2468982695,-2.308320997543185,60,2200,42,88,49204480,49204480,5ca567d2fe8ea55aa3af15135b88f5cfe42d9ad4bf99f97bb981c420689e3afb,0c431414e1de3e4cf56406b6201493fd51c1cdd7c9dbd199b1bfad8ece64ae88,Current legacy CSI [scientific controlled],27.2604978358753,Corrected JDL physical,0.6397460421100063,Current legacy CSI [scientific controlled],27.2604978358753,26.975865360758554,-7.055213558152824,0.005344409042633894,0,23.402701240483044,-6.734733645839109,0.0030515096343498712,0,23.68119374942237,-6.8056415749490595,0.0032677135487786373,0,23.445897457654045,-6.761065963266505,0.0032639204976483084,0,-0.7079224595190365,-0.01088750455920642,0.004443559399180701,0,-0.2970396650546099,-0.010903069371186697,0.004479593384918829,0,0.6397460421100063,2.264323386606121,0.004327871339705659,0,8.846714910528684,14.079505240243224,13.95140011016775,20250.44686863705,94084.3103211433,1.0,29463487.8515484,4.238942307692308,0
baseline_v2_texturesigma1p1_s20261006,texture_sigma,texture_sigma,1.1,20261006,Baseline V2 controlled single-target case,1.0,1.1,9.0,0.9112283957134282,0.0008610211015389774,-0.0019468450383314721,0.003747633905696028,1.0,34.0,0.6823417548480067,0.25600696563836634,-0.06530493285061492,0.07899328694205739,54.85358836295725,0.5138966276703484,-0.49074113130275815,0.0,18,180.0,-53.2468982695,1.6066900934572481,60,2200,42,88,49204480,49204480,1da95a9e15a1a8245739dcecd4afb1034fb1834983931c9f7894f4063d8a9ba2,a6e543d95c20f4137b958d01646e85a16a562d20d658c214c271a32f8cac78b9,Current legacy CSI [production replay],19.056452075406252,DL-SMI/MVDR local,-0.016541792190372995,Current legacy CSI [production replay],19.056452075406252,19.056452075406252,-6.960695632405722,0.004714762554999242,0,17.726698690014054,-6.784801031841521,0.002501517220452132,0,17.646389812348183,-6.746188164936017,0.002524275527234107,0,17.636570739191527,-6.7580328462486445,0.0025527234107115765,0,-0.8338920493637073,-0.010955314862831444,0.0038328781671976937,0,-0.46097831954061586,-0.010950192721390337,0.003857532999544834,0,-0.23770049377168267,1.702137311779711,0.003823395539371871,0,8.675711193873713,13.7225758879311,12.667027449197603,19946.266845261045,98547.83916779392,1.0,22622220.513883144,4.2,0
baseline_v2_texturesigma1p1_s20261007,texture_sigma,texture_sigma,1.1,20261007,Baseline V2 controlled single-target case,1.0,1.1,9.0,0.8609856192230394,0.000866872984461324,-0.005561366570209331,0.004350491119964827,1.0,34.0,0.6752748036702598,0.2241510160595063,-0.07028169888887215,0.09131656519437292,51.068635212349285,0.47843723990673576,-0.4568787519216668,0.0,18,180.0,-53.2468982695,-2.1782630571507147,60,2200,42,88,49204480,49204480,835acfec9370cef7a3805b5f04731ff54417329683621149f45e40de4b63af5e,82eee552307a49e47dcb8812c2681c2ad1f533929a81e5b895c7ed643561b417,Current legacy CSI [production replay],18.766831201668737,DL-SMI/MVDR local,-0.1695036283321123,Current legacy CSI [production replay],18.766831201668737,18.766831201668737,-6.78312881334033,0.004784934000910332,0,12.524357043640313,-6.672886002499558,0.0024901380670611438,0,12.437852245825267,-6.663619958878338,0.0025963434987103626,0,12.417332973834442,-6.666594342073715,0.00260772265210135,0,-0.9152019861276806,-0.011256237842265327,0.0038935669852829618,0,-0.5481459980133483,-0.011205274342430533,0.003958048854498558,0,-1.281559651038533,1.0926837095606718,0.0038556364739796693,0,8.986511128590374,13.900903025394777,12.959484890306936,19927.983364006202,101204.32529403485,1.0,22535893.39843373,4.215865384615385,0
baseline_v2_texturesigma1p1_s20261008,texture_sigma,texture_sigma,1.1,20261008,Baseline V2 controlled single-target case,1.0,1.1,9.0,0.9675799796531379,0.0008767263022404038,-0.0032892064860507546,0.005065448326099647,1.0,34.0,0.6792656792235392,0.2477924030709428,-0.06538422779269307,0.08621145991601623,55.10361958333658,0.5162390487370441,-0.4929780610768791,0.0,18,180.0,-53.2468982695,1.8567213138365788,60,2200,42,88,49204480,49204480,8e8fc9947849b6457b5ccaaead802192cfca80b6fd5a4218d04614baf59149a6,adc8603a98bc6eca55c1f3eda682c2e5b91515f0eca5a46ea57596055fa829b7,Current legacy CSI [scientific controlled],24.01780338068953,DL-SMI/MVDR local,0.04265459764146495,Current legacy CSI [scientific controlled],24.01780338068953,23.8666381944102,-6.90150861920522,0.004703383401608254,0,22.072241844287092,-6.774429209697075,0.0027025489303595814,0,21.788579775604717,-6.776903637234353,0.0027215141860112272,0,21.88212500784676,-6.742318548967484,0.002744272492793203,0,-0.600678717809358,-0.011006380224612996,0.0040092550447580035,0,-0.3008413126242422,-0.010988713020865272,0.004050978607191625,0,-0.4053349149059571,1.3953658746580202,0.003977014110150205,0,8.662226384050213,13.911729821393287,13.14572183769487,19457.497998766157,97020.31126959513,1.0,25254070.55409845,4.222596153846154,0
baseline_v2_texturesigma1p1_s20261009,texture_sigma,texture_sigma,1.1,20261009,Baseline V2 controlled single-target case,1.0,1.1,9.0,0.9530827966778163,0.0008851869921025788,0.0004548237483552359,0.004693969894113822,1.0,34.0,0.6842721619018166,0.2415818093222075,-0.06885819992015538,0.09034611330457257,54.40695583975753,0.5097123444843238,-0.4867452898121309,0.0,18,180.0,-53.2468982695,1.1600575702575295,60,2200,42,88,49204480,49204480,63ecb5ffcebc47bba1b7d8cd4e21b0cd9918bf29e21532da3e5da6e4b195ed93,66b1a9b819db4be72f2fe736ec07753551db962c9e60adab2cf3b1d0156c1d11,Current legacy CSI [production replay],21.677378824013854,DL-SMI/MVDR local,0.04392545518429669,Current legacy CSI [production replay],21.677378824013854,21.677378824013854,-7.108316063440558,0.005702852374450008,0,18.470820197956048,-6.753704806692554,0.0040851160673645885,0,18.583631570123153,-6.773809029179926,0.004130632680928539,0,18.69644664184163,-6.737881947417429,0.0041268396297982094,0,-0.6738881765951437,-0.011222501443689597,0.0046180397511758455,0,-0.2951134100716488,-0.011187926316301479,0.004652177211348809,0,-1.0190822856619648,1.192023235646535,0.0044302837202245485,0,8.823150953319907,13.944402850939161,13.142134208865698,18703.096021628957,95224.61584041364,1.0,24153923.547013685,4.230769230769231,0
baseline_v2_texturesigma1p1_s20261010,texture_sigma,texture_sigma,1.1,20261010,Baseline V2 controlled single-target case,1.0,1.1,9.0,0.9585803150465045,0.0008827304140814511,-0.009246392592172551,0.004241610292715577,1.0,34.0,0.6768265455689206,0.23942939395747925,-0.06575271407654415,0.08701740311177196,52.70735991089808,0.49378965569933736,-0.4715397103176404,0.0,18,180.0,-53.2468982695,-0.5395383586019243,60,2200,42,88,49204480,49204480,c74a41890f4e83aa1ba3db1dd6d65c440afdea828614303049e76f5b21547c11,f493309e771a85d554b40afc8051c4c78bc8ded1002d385d872bffbacdcece54,Current legacy CSI [scientific controlled],20.29114524243297,DL-SMI/MVDR local,0.020015283927760308,Current legacy CSI [scientific controlled],20.29114524243297,20.27645892786012,-7.081138309644164,0.005236307085419512,0,18.243088738765998,-6.723691947164637,0.0033966772872098317,0,17.89306072215369,-6.749597466424111,0.003438400849643453,0,17.86831960945619,-6.715494610204019,0.0034289182218176302,0,-0.7084359165912533,-0.011579398526356154,0.004282354726141709,0,-0.3676008183707862,-0.01137039538157624,0.004329767865270824,0,-0.22133687951409042,1.734893086641106,0.004217872856926112,0,8.78021482146485,13.901763008738289,13.101114771990849,21543.980831812343,114560.21221083173,1.0,24851165.434308175,4.191346153846154,0
baseline_v2_texturesigma1p5_s20261001,texture_sigma,texture_sigma,1.5,20261001,Baseline V2 controlled single-target case,1.0,1.5,9.0,1.6877086186705736,0.0010137668487189943,-0.004780074386381478,0.010006723359704121,1.0,33.0,0.7090093978316155,0.24151145472023106,-0.06906644314946037,0.1477706131201599,59.417137114246536,0.5566502994625936,-0.5315695061348206,0.0,18,180.0,-53.2468982695,6.170238844746533,60,2200,42,88,49204480,49204480,958ab369506f3ff64bfd481c44219a674f5229d7255e5200fe6679ca386359b1,7150140ae44b3be63528c9c8b771aabfa59bc4b1c1953c644131d41366d8453d,Current legacy CSI [scientific controlled],20.784979496505855,Shrinkage-SMI/MVDR local,-0.04574170977396008,Current legacy CSI [scientific controlled],20.784979496505855,20.748440121494482,-6.964072655009248,0.007718859050219997,0,17.826429715567357,-6.844924603187784,0.006201638598088303,0,18.04369431522113,-6.749416379417807,0.006230086481565772,0,18.099724040722727,-6.668526956204406,0.006414049461386739,0,-0.9685636243732212,-0.010139516679001506,0.0049688969807313,0,-0.13394340481175604,-0.009194888579621354,0.004995448338643605,0,-1.0813729090648536,1.891658997232881,0.004965103929600971,0,10.35311000599377,17.202126432733884,18.41888993806863,28948.46193975188,140270.9025578005,1.0,315934683.53506637,4.7235576923076925,0
baseline_v2_texturesigma1p5_s20261002,texture_sigma,texture_sigma,1.5,20261002,Baseline V2 controlled single-target case,1.0,1.5,9.0,1.228020435671038,0.0008654668928968955,-0.006199736896966665,0.004815314034074824,1.0,34.0,0.6551240572473036,0.20165916763985328,-0.06686439171293439,0.08979751533541622,50.92834963507792,0.47712297246823165,-0.45562367917301183,0.0,18,180.0,-53.2468982695,-2.3185486344220823,60,2200,42,88,49204480,49204480,d5aeb86917d7bd6aec206535669072bdf7e652a822ec288b15ec657df65b0c9b,746061cc9d1bda880171929b7cfd8cfb51314c4f52e85e9b505a1facd05f64d7,Current legacy CSI [scientific controlled],12.803386000725707,DL-SMI/MVDR local,0.010907146398976941,Current legacy CSI [scientific controlled],12.803386000725707,12.786890623296598,-6.853755377274062,0.006692838719465939,0,9.648037322106324,-6.6924392003023065,0.005577681687149142,0,9.624737606557522,-6.636867765549371,0.005755955090274617,0,9.613911292022253,-6.646921991566856,0.005776816871491427,0,-0.9254367004552355,-0.009969052365858986,0.004415111515703232,0,-0.26574509948041847,-0.009553489831340556,0.004407525413442573,0,-1.068780364273616,1.477300722359563,0.004238734638142922,0,9.973192983309646,16.57494155651914,16.479788863343295,20733.49078589836,103791.5728314405,1.0,177497197.58638063,4.6461538461538465,0
baseline_v2_texturesigma1p5_s20261003,texture_sigma,texture_sigma,1.5,20261003,Baseline V2 controlled single-target case,1.0,1.5,9.0,1.7311298104241135,0.0008815917799238576,0.002652725494697365,0.005684697257342228,1.0,34.0,0.6282999266728543,0.16460224390407396,-0.06696449744503438,0.09256565040258238,44.05344824501428,0.4127153603983943,-0.3941172461681571,0.0,18,180.0,-53.2468982695,-9.19345002448572,60,2200,42,88,49204480,49204480,4d0d562d98fb900ac1959bc2b061d5bf67d81912877166d9787b5911f43fa6f0,b4c74bedf1a17c3cadb73a3f406c6e27cfcffc4ee3188d44b32a05ec589c7d5c,Current legacy CSI [production replay],13.79023326223486,DL-SMI/MVDR local,-0.11790398898704524,Current legacy CSI [production replay],13.79023326223486,13.79023326223486,-6.8319028507026145,0.007445759368836292,0,11.344952867854332,-6.710877912889616,0.005160446062812927,0,11.618573909274414,-6.806684978568086,0.005399408284023669,0,11.560615293215324,-6.692456597748158,0.005403201335153998,0,-0.8622307806419123,-0.011237604680865994,0.004642694583522986,0,-0.40595142295606124,-0.010915219966263847,0.004661659839174632,0,-0.5228031474204826,1.441834792182963,0.0044359732969200425,0,10.281992615367043,16.36804480045122,17.36384605034888,31442.26866214594,149962.34536457108,1.0,261669119.50417116,4.459615384615384,0
baseline_v2_texturesigma1p5_s20261004,texture_sigma,texture_sigma,1.5,20261004,Baseline V2 controlled single-target case,1.0,1.5,9.0,1.5041476186830527,0.0008763369321350326,-0.003989199778624782,0.007114522709155034,1.0,34.0,0.6579666703736162,0.20538110019539602,-0.06705092818953777,0.08818933252848037,31.433728031810627,0.2944873309612503,-0.28121581547595914,0.0,18,180.0,-53.2468982695,-21.813170237689373,60,2200,42,88,49204480,49204480,9bfc0c910414e679c9a6c4913152c16e5647524ee8cf2d86e07c1b1f2074994c,c8b98ebd047234c1452f1512a9f7bde363b23e355fb2d23562e547180f4a6090,Current legacy CSI [production replay],8.411813902049364,DL-SMI/MVDR local,0.22640626037672007,Current legacy CSI [production replay],8.411813902049364,8.411813902049364,-5.986905298381412,0.0071499013806706115,0,6.045310189950108,-6.016663044082002,0.005791989076012745,0,6.034149711515468,-5.910767689493069,0.005985434683659536,0,6.103097310056569,-5.93751382702634,0.005983538158094371,0,-0.49718075139854,-0.00045272815522798526,0.004739417387346382,0,-0.08621371698014713,-0.00046350984360829165,0.004762175694128357,0,-1.1934051428143544,0.6251614751368773,0.0045061447428311335,0,9.985690279129102,16.398793958570337,16.64352150547559,20559.227446037054,92188.86411842392,1.0,191581061.6214515,4.662019230769231,0
baseline_v2_texturesigma1p5_s20261005,texture_sigma,texture_sigma,1.5,20261005,Baseline V2 controlled single-target case,1.0,1.5,9.0,2.0362314664419072,0.000892269396525578,-0.003915623313685799,0.009176849853816718,1.0,34.0,0.6183243999885469,0.18686210867570383,-0.06715711377554673,0.09281775784740663,50.20185890606909,0.47031683367561383,-0.4491240927931186,0.0,18,180.0,-53.2468982695,-3.045039363430906,60,2200,42,88,49204480,49204480,7b822c4b41055be031c2305fd9bb06d8f61980dcffe4f7e3cb4fffebab109c66,4574b1243033c6c31574bc8856ebb9005327f0bd4097e76b94e667a9146e2e94,Current legacy CSI [scientific controlled],26.446951998051656,Corrected JDL physical,1.6374008010148202,Current legacy CSI [scientific controlled],26.446951998051656,26.051934687010434,-7.151328396358796,0.007762479138218783,0,22.95653856274511,-6.785063485914863,0.006211121225914125,0,23.220070033657375,-6.832115706001231,0.006203535123653467,0,23.28433318681377,-6.789334846349744,0.006260430890608406,0,-0.6446272305018015,-0.01100251218612857,0.004959414352905477,0,-0.19967158987928357,-0.010823992511887934,0.005020103170990745,0,1.6374008010148202,2.7015420935687913,0.004832347140039448,0,10.367205429046901,17.24093496134126,19.323282561736242,28710.787745240243,106679.1115387841,1.0,385171664.05149823,4.7317307692307695,0
baseline_v2_texturesigma1p5_s20261006,texture_sigma,texture_sigma,1.5,20261006,Baseline V2 controlled single-target case,1.0,1.5,9.0,0.9236693020990634,0.0008514587871038592,-0.004100646070433322,0.005038746410472548,1.0,34.0,0.6621290314633644,0.22288679697294078,-0.06509024473774293,0.08491700224840769,56.51854445884594,0.5294947926843657,-0.5056368448174624,0.0,18,180.0,-53.2468982695,3.2716461893459368,60,2200,42,88,49204480,49204480,d7859f3736497c732b72e7b789c5ef012fc2ab6f1e314ad0e54da00a990aa41b,d82cabd1590dfaab2ef292615ad83dc1272664fb573aa99004cec7676a6a5c63,Current legacy CSI [production replay],17.115473983086094,Corrected JDL physical,0.466992811114352,Current legacy CSI [production replay],17.115473983086094,17.115473983086094,-6.915179538643783,0.007440069792140798,0,15.63623028006474,-6.810156709356781,0.005329236838112578,0,15.511127631206648,-6.769057826257669,0.0053956152328933395,0,15.495816771570599,-6.786423486748942,0.005393718707328175,0,-0.6927883758409603,-0.010587262390118929,0.004508041268396298,0,-0.26295085294794873,-0.010459071041057555,0.004551661356395084,0,0.466992811114352,1.9579764906184214,0.004265285996055227,0,10.258492509340494,16.5852347687726,15.846999067347207,23015.88318771403,121767.20914697759,1.0,157132888.22907382,4.615865384615384,0
baseline_v2_texturesigma1p5_s20261007,texture_sigma,texture_sigma,1.5,20261007,Baseline V2 controlled single-target case,1.0,1.5,9.0,0.8896389207658844,0.0008637660675416673,-0.004105167104196188,0.006006234081546929,1.0,34.0,0.6546141829476936,0.20053930931842948,-0.06939183019885191,0.09781159535193397,50.48858256430937,0.4730030083715702,-0.4516892799380313,0.0,18,180.0,-53.2468982695,-2.758315705190634,60,2200,42,88,49204480,49204480,dabf6a49ba4dc3689e6cc68c469f639c169274dcc4880cb2f169404bfcc522c1,3d28271a2d1476aaa9559bf26a7db159d842c7a7519b350d82bdd3962b67823c,Current legacy CSI [production replay],19.508592486665563,DL-SMI/MVDR local,-0.18338943686846854,Current legacy CSI [production replay],19.508592486665563,19.508592486665563,-6.724927187326876,0.007608860567440449,0,12.289472367673747,-6.669167559150347,0.005524578971324533,0,12.205439808163609,-6.63966691028386,0.0056819905932331966,0,12.160851223471825,-6.674236347626948,0.005702852374450008,0,-0.8352181045175975,-0.011308997313545977,0.0043601122743134576,0,-0.44199140449388885,-0.01106001380985027,0.004417008041268397,0,-1.1968965795367232,1.0579767959700757,0.00417614929449249,0,10.393481588628976,16.849138062614433,16.194194934300437,24720.885340745983,128028.74136964443,1.0,161069243.63124835,4.638461538461539,0
baseline_v2_texturesigma1p5_s20261008,texture_sigma,texture_sigma,1.5,20261008,Baseline V2 controlled single-target case,1.0,1.5,9.0,1.1471832069104277,0.0008872691305246728,-0.003746506255985942,0.006866922295367177,1.0,34.0,0.6603169961470938,0.2095214578365699,-0.06536847629891179,0.09462345979000883,54.94422083874533,0.5147457193169463,-0.491551983890006,0.0,18,180.0,-53.2468982695,1.697322569245332,60,2200,42,88,49204480,49204480,d50e09c0e72b7dcf60793fb11a8849c15d5dd9f06cc19a75be3b38384b728d08,1330667a12bc48bf896050854aa4af7f54510d70cdc9b7beb3f1bfae64fbe3fc,Current legacy CSI [scientific controlled],26.996646284153105,DL-SMI/MVDR local,0.04776139862873663,Current legacy CSI [scientific controlled],26.996646284153105,26.658741461010887,-6.908859146101517,0.007536792595964193,0,23.682887702322265,-6.79668704770217,0.005505613715672888,0,23.822833250937972,-6.821623586669699,0.005649749658625398,0,24.048767319402767,-6.7655632868118385,0.005634577454104082,0,-0.4922741664531163,-0.010996495974182454,0.004644591109088151,0,-0.19215561875787301,-0.01073993937133549,0.004680625094826279,0,-0.2951431367892017,1.4059815339141857,0.0044189045668335605,0,10.30849279884752,17.074161575911386,17.149970530149798,21624.31749785206,111965.62171498912,1.0,221453292.05258852,4.660576923076923,0
baseline_v2_texturesigma1p5_s20261009,texture_sigma,texture_sigma,1.5,20261009,Baseline V2 controlled single-target case,1.0,1.5,9.0,1.009555974552013,0.000895666262117625,-0.0007983161134740291,0.00747732236003074,1.0,34.0,0.6794954191402243,0.216532607658873,-0.06810594821221058,0.1008642759330359,56.34776005802007,0.5278947965808768,-0.5041089017657178,0.0,18,180.0,-53.2468982695,3.100861788520067,60,2200,42,88,49204480,49204480,1b48e334d2bbacdc1416ee8c30a08332cd653635b0a1aaf12ac2f66870f93027,c94a72643afabf1ef62a6e6571e7266597e5a26577b309753775b69488f44086,Current legacy CSI [production replay],24.96233051372618,DL-SMI/MVDR local,0.08527587430712291,Current legacy CSI [production replay],24.96233051372618,24.96233051372618,-7.033310200262543,0.008504020634198148,0,20.7091188097452,-6.773721973438231,0.006596115915642543,0,20.64391662704642,-6.8108258813299605,0.006747837960855712,0,20.842763663705963,-6.745674534017746,0.006747837960855712,0,-0.566120978286897,-0.011409456960787196,0.0051851008951600665,0,-0.19903175512420734,-0.01117712797817045,0.005240100136549841,0,-1.0506198314110455,1.2620767488592821,0.004843726293430436,0,10.393262064395206,16.889083296261425,16.561920244115598,20767.83209579177,106165.53738556465,1.0,182196009.6169582,4.661538461538462,0
baseline_v2_texturesigma1p5_s20261010,texture_sigma,texture_sigma,1.5,20261010,Baseline V2 controlled single-target case,1.0,1.5,9.0,1.1061436724273532,0.0009098578098184875,-0.00894068188542589,0.006361515694641743,1.0,33.0,0.6604132303402072,0.19241284978900453,-0.06647249939715986,0.1137487735106922,51.79224478486688,0.48521638654352883,-0.463352568853622,0.0,18,180.0,-53.2468982695,-1.4546534846331192,60,2200,42,88,49204480,49204480,b62dd16e3f6283f3b5799f3dcf75d31b12557c3ccd9441e8ef6e4fe2f5511e91,3ebbaecf706885926cc46499faf18d8cf6e3feadc163f0072981984397f70367,Current legacy CSI [scientific controlled],19.862514493631835,DL-SMI/MVDR local,0.04126904450350022,Current legacy CSI [scientific controlled],19.862514493631835,19.84241144472808,-7.038448787984294,0.007551964800485511,0,18.072910765419486,-6.766035827363225,0.006053709604005462,0,17.69266194717858,-6.743454256674768,0.006125777575481718,0,17.65342340343266,-6.721381519042443,0.006146639356698528,0,-0.5907897618380531,-0.011732154716530972,0.004786830526475497,0,-0.22202944435768668,-0.01117152663880996,0.004819071461083295,0,-0.09235559851886865,1.6997866136136983,0.0045649370353512365,0,10.233405020584776,16.878942912948315,16.639109606553152,25351.34455471893,122520.97009025494,1.0,197191381.06472194,4.548076923076923,0
baseline_v2_azimuthsubcellcount3_s20261001,azimuth_subcell_count,azimuth_subcell_count,3,20261001,Baseline V2 controlled single-target case,1.0,0.4,3.0,0.8816018308826918,0.0008735570052797464,-0.006229788015344137,0.004082597139196856,1.0,39.0,0.7482678315807569,0.35882737406739457,-0.0678904268644715,0.01631421752584664,52.4451361681799,0.4913330088126048,-0.4691937062906831,0.0,18,180.0,-53.2468982695,-0.8017621013201018,60,2200,42,88,49204480,49204480,cae86824a041c3f7bd5a1d21c0866e908c5de0cf2074e6d8df77d147b1537077,8efd480057587872861e6d821ce635713633c4f84adf40192de0c5649e557cc8,Current legacy CSI [production replay],18.234556789819123,DL-SMI/MVDR local,-0.07074497010400815,Current legacy CSI [production replay],18.234556789819123,18.234556789819123,-6.893570473472812,0.003523744500075861,0,15.911859788892698,-6.695967113634246,0.001591184949173115,0,16.007853148184097,-6.711203090576285,0.001640494613867395,0,15.994969862494617,-6.685594916866431,0.0016461841905628888,0,-0.9179379943953316,-0.011061284970977355,0.004346836595357306,0,-0.7231619574854076,-0.011073592704505591,0.004367698376574116,0,-1.0675289589859993,1.3269567993367748,0.004265285996055227,0,6.638663969099,10.849159596329175,10.282663423654782,15394.79812748126,75554.26084291497,1.0,2964102.758213942,4.054807692307692,0
baseline_v2_azimuthsubcellcount3_s20261002,azimuth_subcell_count,azimuth_subcell_count,3,20261002,Baseline V2 controlled single-target case,1.0,0.4,3.0,0.8891028009459487,0.0008805267601447895,-0.0004543351687810017,0.004155075590569445,1.0,39.0,0.7470142316662431,0.3521302677087877,-0.06856543678172593,0.01652273855869473,54.01135560090918,0.5060061579846447,-0.48320601561546317,0.0,18,180.0,-53.2468982695,0.7644573314091785,60,2200,42,88,49204480,49204480,52ba7f3499fda451080a1530bb6552103eb4e0c56bea09e90e8718fafe12f89b,47b06825fecf47d434dec12fbc394465a369fb0732c5b089a0a66c638ac2e80e,Current legacy CSI [production replay],18.54564957348198,DL-SMI/MVDR local,-0.00483562652762437,Current legacy CSI [production replay],18.54564957348198,18.54564957348198,-7.107318579324916,0.0035483993324230013,0,13.557720681089156,-6.733470294120778,0.001729631315430132,0,13.485924515233046,-6.756732450837752,0.0018301471703838568,0,13.48411512132971,-6.73422290677864,0.0018358367470793506,0,-0.8331012226297458,-0.011169616276289356,0.004367698376574116,0,-0.6456067170539526,-0.01116640701055276,0.004363905325443787,0,-0.6287841642500558,1.4723760723494863,0.004289940828402367,0,6.615476983943714,11.025321745998138,10.25556493235696,15914.14312441415,83534.93516246627,1.0,3013762.977688338,4.075961538461539,0
baseline_v2_azimuthsubcellcount3_s20261003,azimuth_subcell_count,azimuth_subcell_count,3,20261003,Baseline V2 controlled single-target case,1.0,0.4,3.0,0.9014888354589671,0.000878356005064118,-0.007119710849745522,0.0042905854716716796,1.0,39.0,0.7449231251170287,0.3562163839159862,-0.06865617319799083,0.016382158450990916,52.58541526289252,0.49264721551916446,-0.47044872344495914,0.0,18,180.0,-53.2468982695,-0.6614830066074837,60,2200,42,88,49204480,49204480,5242a8d14776d06b85bc26f779fe1532d28b9a8f9d5018214f31d21d3d7fb231,8d511f4e4cc31846f291392d11628d636b3db837e99b5de5c57c865ec0c171f7,Current legacy CSI [production replay],16.400428198138563,DL-SMI/MVDR local,-0.07908279303746202,Current legacy CSI [production replay],16.400428198138563,16.400428198138563,-6.8643513280642745,0.0034289182218176302,0,14.487643546006007,-6.686489721067269,0.0015892884236079503,0,14.591112507629271,-6.689156528248482,0.0016746320740403582,0,14.580528414671294,-6.664956841928308,0.0016784251251706873,0,-0.9090447153565453,-0.011141047014310818,0.0043544226976179636,0,-0.7041993197608134,-0.011141815557552602,0.004369594902139281,0,-0.7838414032138585,1.4431719314985627,0.00432407828857533,0,6.714673800739096,11.066835501695081,10.361365332488834,15987.179784449394,80636.59176306214,1.0,3046564.9499653485,4.053846153846154,0
baseline_v2_azimuthsubcellcount3_s20261004,azimuth_subcell_count,azimuth_subcell_count,3,20261004,Baseline V2 controlled single-target case,1.0,0.4,3.0,0.8788347773587836,0.0008800475555071019,0.0011891411529247,0.004575838436394433,1.0,39.0,0.746069588766959,0.35458174655857033,-0.06912467214218436,0.01667860845037558,53.35216021612117,0.4998304765875243,-0.47730846710797503,0.0,18,180.0,-53.2468982695,0.10526194662117101,60,2200,42,88,49204480,49204480,e1acdc6a82d7eb8804adec757a63f96bd96286fb5ce511827fe54b7071f98fdb,e40b6e5aee78a04d94cd14b308e56108634b7627609d53ae080af4af13b97eea,Current legacy CSI [scientific controlled],18.69121823167913,DL-SMI/MVDR local,-0.04857665556157631,Current legacy CSI [scientific controlled],18.69121823167913,18.688775718137364,-6.996974767799818,0.003544606281292672,0,15.665721094739888,-6.72236057300481,0.0014584281596115916,0,15.834997561205187,-6.722573246710035,0.0015134274010013655,0,15.842610562200973,-6.701211344141384,0.0015229100288271886,0,-0.9057958945523845,-0.011220727052689537,0.004240631163708087,0,-0.7078036939992147,-0.011219089744648606,0.004301319981793355,0,-1.340541595025147,1.3189148931134642,0.00425011379153391,0,6.753072810533904,10.935542743352899,10.255844289065212,15828.31006776413,82032.14195624558,1.0,2972879.8491606833,4.048557692307693,0
baseline_v2_azimuthsubcellcount3_s20261005,azimuth_subcell_count,azimuth_subcell_count,3,20261005,Baseline V2 controlled single-target case,1.0,0.4,3.0,0.9076856937314004,0.0008814492296085244,-0.007444415161048613,0.004446771958011478,1.0,39.0,0.7376508288116138,0.33439924258896503,-0.0705374011836587,0.016769489949867822,53.212122011475024,0.498518526663,-0.4760556038550664,0.0,18,180.0,-53.2468982695,-0.03477625802497471,60,2200,42,88,49204480,49204480,b0d97b1eb0044a9fea13f1e672854aad97681ded7825dbc721382f1c84d5c974,b1be859de88a511c016d52c1530ef9a7fd930950cae9f075085b750d76602b6c,Current legacy CSI [scientific controlled],21.548016194900235,DL-SMI/MVDR local,0.01530803506756584,Current legacy CSI [scientific controlled],21.548016194900235,21.475582223936364,-6.835407768324654,0.003757017144591109,0,18.77769218007274,-6.700178691545378,0.0015589440145653164,0,18.548776764847858,-6.7334278614798535,0.0016120467303899256,0,18.583519607175973,-6.696297195638396,0.0016310119860415719,0,-0.7441536753956459,-0.01112709159769132,0.004407525413442573,0,-0.5669002428751,-0.011137224023226366,0.004399939311181915,0,-0.6117573412028738,1.6474755739475169,0.0043544226976179636,0,6.839644560621237,11.21362716985459,10.505988048747636,15676.517772793017,80084.72881003012,1.0,3074412.5506778276,4.069230769230769,0
baseline_v2_azimuthsubcellcount3_s20261006,azimuth_subcell_count,azimuth_subcell_count,3,20261006,Baseline V2 controlled single-target case,1.0,0.4,3.0,0.9034595398950779,0.0008785885821359435,0.00015864606745909996,0.004182646441413257,1.0,39.0,0.7490644816343812,0.35856710255681895,-0.0680531398616401,0.01661528330441871,53.54004142117387,0.5015906443461102,-0.47898936203616477,0.0,18,180.0,-53.2468982695,0.29314315167386695,60,2200,42,88,49204480,49204480,8f8e39b27fb20d8a27e5ea345b7e858bd6adda52b30304f771c1852adf85aacd,9f8e45e0c97b45d2a3e86e6e572057aade166a5e1ab6bc046862d4fe9d1ceb49,Current legacy CSI [production replay],21.96276650552461,DL-SMI/MVDR local,-0.06758893706533042,Current legacy CSI [production replay],21.96276650552461,21.96276650552461,-6.972533847799949,0.003487710514337733,0,18.36134497960256,-6.742154801317839,0.0015342891822181764,0,18.457175098042224,-6.761076695370074,0.001594978000303444,0,18.441831762825277,-6.750568803167108,0.0015987710514337734,0,-0.9171297802386705,-0.011270341145061848,0.004288044302837202,0,-0.7184493908732934,-0.011268245083889471,0.004316492186314672,0,-1.1161206855467884,1.4602179330427467,0.004248217265968746,0,6.674889615195008,10.948294850272262,10.274923405275997,15803.571620405075,80052.03792725659,1.0,3019188.221520292,4.069230769230769,0
baseline_v2_azimuthsubcellcount3_s20261007,azimuth_subcell_count,azimuth_subcell_count,3,20261007,Baseline V2 controlled single-target case,1.0,0.4,3.0,0.8641367309619612,0.00088532793346347,2.502815239642178e-05,0.004735558852484572,1.0,39.0,0.7398065277884884,0.332564264662884,-0.07195821242956726,0.016941693274673007,53.57507682672898,0.5019188740444975,-0.4793028092702752,0.0,18,180.0,-53.2468982695,0.32817855722898354,60,2200,42,88,49204480,49204480,e2694b898b9f34052a508b90c57c0bfb3c1ba2586e362ed9fa3a7c6bbcd63b89,e67e11401fedb217005c4b449b72fa2cf8d69a5bed40e5046bfb3c712f3be1a6,Current legacy CSI [production replay],19.550538432390546,DL-SMI/MVDR local,-0.027039369467112273,Current legacy CSI [production replay],19.550538432390546,19.550538432390546,-6.92591404284988,0.003673570019723866,0,15.279751290504795,-6.7265132481094945,0.0016613563950842057,0,14.946507931655788,-6.729009468564138,0.0017599757244727658,0,14.922447188252889,-6.696891904883771,0.001778940980124412,0,-0.7185352695753049,-0.01132057356906478,0.004312699135184343,0,-0.5623240146338948,-0.011306117412323406,0.004352526172052799,0,-1.084830439834095,1.39149373429458,0.004238734638142922,0,6.782732192009556,11.173952017403234,10.43675526212823,15266.425040286393,76084.78455437225,1.0,2967987.682145599,4.076923076923077,0
baseline_v2_azimuthsubcellcount3_s20261008,azimuth_subcell_count,azimuth_subcell_count,3,20261008,Baseline V2 controlled single-target case,1.0,0.4,3.0,0.894662008907834,0.0008782131508714164,-0.0012191966513634743,0.004696216066451386,1.0,39.0,0.7470701586560144,0.3580687523860767,-0.06717452659290894,0.016587043776938704,54.44640454694762,0.5100819202622439,-0.4870982214282917,0.0,18,180.0,-53.2468982695,1.1995062774476148,60,2200,42,88,49204480,49204480,043d7fdbd9a220d3c59c82f1ea872ce11e2c3f6dfa72baf4b50da004e4e879f6,a49384895e432bb0e82fea6cba1b077f3053e298ce96cf05e555abf7995d116c,Current legacy CSI [scientific controlled],23.029334164187475,DL-SMI/MVDR local,0.03213069260882584,Current legacy CSI [scientific controlled],23.029334164187475,23.01186113181308,-6.898216110499017,0.0033966772872098317,0,17.323004539615244,-6.732085076890715,0.0016329085116067365,0,17.19650720522889,-6.7338249577938845,0.0017239417387346382,0,17.196656370886206,-6.716646315474576,0.0017277347898649674,0,-0.6804074429449418,-0.011205130237010596,0.00437718100439994,0,-0.5227462081486944,-0.011208206873743715,0.004390456683356091,0,-0.29363772053347414,1.339330240597031,0.004259596419359733,0,6.605237264098931,10.961611775193283,10.241749862244758,16199.300203347177,81379.98106110627,1.0,3045872.9513797597,4.038461538461538,0
baseline_v2_azimuthsubcellcount3_s20261009,azimuth_subcell_count,azimuth_subcell_count,3,20261009,Baseline V2 controlled single-target case,1.0,0.4,3.0,0.8923423925141073,0.0008782534360662528,0.000805375818068961,0.004007146038505873,1.0,39.0,0.7500939840276905,0.3644434144983063,-0.06913939032090356,0.01647759734797738,53.36678464860143,0.49996748579252775,-0.47743930580258087,0.0,18,180.0,-53.2468982695,0.11988637910143067,60,2200,42,88,49204480,49204480,dfe8cf432b708ba8422e90cc60f4b1b0e223b3823eb485db37f0e02377f21bb6,5be283a9d6109d763694dabf5f146dfa46005fdd92653694fe4d7f78e1ba14ae,Current legacy CSI [scientific controlled],17.59133063906858,DL-SMI/MVDR local,-0.03990833227156365,Current legacy CSI [scientific controlled],17.59133063906858,17.583094857757224,-7.083690407004967,0.0037646032468517674,0,14.721254623496678,-6.708033772188195,0.0017220452131694736,0,15.053327685396907,-6.732952472475525,0.0017599757244727658,0,15.028062883510346,-6.713828134933161,0.0017599757244727658,0,-0.8996098535331538,-0.011234777957147645,0.004291837353967531,0,-0.6953732413618852,-0.011239124921966848,0.004339250493096647,0,-0.5699936349525299,1.403987563107974,0.004335457441966318,0,6.624434524796002,10.924733037798637,10.19683503420621,15241.448375216356,76219.41146399613,1.0,3017330.267642627,4.069230769230769,0
baseline_v2_azimuthsubcellcount3_s20261010,azimuth_subcell_count,azimuth_subcell_count,3,20261010,Baseline V2 controlled single-target case,1.0,0.4,3.0,0.9120324717123296,0.0008761810054367657,-0.00019153139406324275,0.004605873951589095,1.0,39.0,0.749632599989987,0.3685903070501597,-0.0665643244072943,0.016509394128674082,53.91647995805194,0.505117314166629,-0.482357202159264,0.0,18,180.0,-53.2468982695,0.6695816885519366,60,2200,42,88,49204480,49204480,aa9264f01b9d72d623eaea4b0dd85a64de7f10e816607a3892ea592bbefaa4e1,d94bae156765a8e33f42ec0c3b361de63de808bb9825678e715bcbf0eac2173e,Current legacy CSI [scientific controlled],20.99577614363246,DL-SMI/MVDR local,0.05165659169879078,Current legacy CSI [scientific controlled],20.99577614363246,20.93074500520235,-7.079630982743347,0.0036963283265058415,0,18.41137014051628,-6.733659633373285,0.001566530116825975,0,17.90983678477261,-6.7692460619044414,0.0016367015627370657,0,17.850450266504012,-6.746922638951017,0.001640494613867395,0,-0.67078904059181,-0.011378736931162727,0.004280458200576544,0,-0.49757380100084614,-0.011353783245169034,0.004293733879532696,0,-0.29083609315586445,1.6438244212162554,0.004267182521620391,0,6.688828653462981,10.876251014948203,10.214765569934501,16611.29720999632,85228.13598361022,1.0,3068132.2920709923,4.053846153846154,0
baseline_v2_azimuthsubcellcount5_s20261001,azimuth_subcell_count,azimuth_subcell_count,5,20261001,Baseline V2 controlled single-target case,1.0,0.4,5.0,0.8971738928449507,0.0008736159068876284,-0.0018848052657384528,0.004402078721640319,1.0,38.0,0.7294980953091208,0.3541011130631663,-0.06788803855465164,0.03651096457731697,51.163800141579834,0.4793287939082802,-0.4577301503984806,0.0,18,180.0,-53.2468982695,-2.0830981279201675,60,2200,42,88,49204480,49204480,1ef8afd0ac9a46bf3553f35f921245715b73f4a1fbff19640bb8e65a3c27dfc1,e0b0559fa734a1163129213e46bacace8efc99ff7dae4e9dda6ffbeea3f9b22f,Current legacy CSI [production replay],18.115332820069945,DL-SMI/MVDR local,-0.07103609501524089,Current legacy CSI [production replay],18.115332820069945,18.115332820069945,-6.887891443198365,0.0019022151418601123,0,15.84547885102861,-6.69144807042827,0.00016310119860415718,0,15.941696846704833,-6.707242689754392,0.00022947959338491883,0,15.92588371647959,-6.681096008597115,0.0002370656956455773,0,-0.917882932018582,-0.011057461507790207,0.004352526172052799,0,-0.7228049302527628,-0.01107103827046598,0.004375284478834775,0,-1.0658871902150882,1.326789497719922,0.004270975572750721,0,6.715399920325823,10.453403167058257,9.515380958837973,15627.562340347891,76056.67823943084,1.0,2948970.1601684378,4.062980769230769,0
baseline_v2_azimuthsubcellcount5_s20261002,azimuth_subcell_count,azimuth_subcell_count,5,20261002,Baseline V2 controlled single-target case,1.0,0.4,5.0,0.9052684250066851,0.0008807313811376661,-0.004927560755344972,0.004381374775145935,1.0,38.0,0.7279454445951811,0.34277208549065696,-0.06867651059816303,0.03774624755382242,52.72233646123139,0.49392996372548686,-0.47167369915204577,0.0,18,180.0,-53.2468982695,-0.5245618082686043,60,2200,42,88,49204480,49204480,8900ba88a8803d37825a09f3a74855fbfa75819096d82ac765895c4820d5bb3f,4d3e266755a4f403af1f7596a8d39265b6b198c06dd56bcc03bfa6a16e5aa392,Current legacy CSI [production replay],17.599657069462292,DL-SMI/MVDR local,-0.08028070479878702,Current legacy CSI [production replay],17.599657069462292,17.599657069462292,-7.0746103744906215,0.002131694735245031,0,12.996096742441237,-6.7088847687155,0.0004893035958124716,0,13.055237474772055,-6.731221889239282,0.0005784402973752086,0,13.058777741007516,-6.708583786376129,0.0005727507206797148,0,-0.9704937837131826,-0.01114360306233032,0.004382870581095434,0,-0.7713118347864212,-0.011139251099295616,0.004369594902139281,0,-0.9057444324465034,1.4641343365188564,0.004301319981793355,0,6.723982373503528,10.694299126267774,9.71521041075135,16199.74927702049,84295.45443802963,1.0,2998983.990608973,4.076923076923077,0
baseline_v2_azimuthsubcellcount5_s20261003,azimuth_subcell_count,azimuth_subcell_count,5,20261003,Baseline V2 controlled single-target case,1.0,0.4,5.0,0.9166897469796179,0.0008784867991407032,-0.0029922659689371536,0.004655141657609709,1.0,38.0,0.7250888403857888,0.3430465232187343,-0.06879450186393289,0.03690916898227017,51.35110597722956,0.4810835713103794,-0.45940589305466273,0.0,18,180.0,-53.2468982695,-1.8957922922704458,60,2200,42,88,49204480,49204480,280da530f991d625aafaa129251855b9e1fa903185ecfb2eb5b6bc4361a4e878,ad85001b1603371385b3b6fa5104b4fa6432d0fb7aaec3bfe82f524cbd5417f5,Current legacy CSI [production replay],16.365969885894067,DL-SMI/MVDR local,-0.0778808291728339,Current legacy CSI [production replay],16.365969885894067,16.365969885894067,-6.864801345105907,0.0017732514034289183,0,14.482069400971778,-6.685947945137029,0.00020292823547261418,0,14.576691808860463,-6.687349994250979,0.000263617053557882,0,14.564279331686862,-6.6625669898294015,0.00026930663025337583,0,-0.9077390641342928,-0.011136757657937708,0.004369594902139281,0,-0.7026066833000888,-0.011138437459820972,0.004379077529965104,0,-0.7824830296747347,1.4428500269578184,0.004325974814140494,0,6.783515579711425,10.73734313233684,9.69577061196061,16237.277954130792,81440.03902279255,1.0,3031164.9234058596,4.069230769230769,0
baseline_v2_azimuthsubcellcount5_s20261004,azimuth_subcell_count,azimuth_subcell_count,5,20261004,Baseline V2 controlled single-target case,1.0,0.4,5.0,0.8939742769794952,0.0008795636622034878,-0.00356964744304053,0.004910525206390326,1.0,38.0,0.7278232681359157,0.3478523765018145,-0.06910424094794741,0.03875890901739303,52.1486916508274,0.48855576410892576,-0.4665415445302215,0.0,18,180.0,-53.2468982695,-1.0982066186725963,60,2200,42,88,49204480,49204480,8660bcfe60e40ca2ed10515040d9a9d7467db5c70cd25643dd7c87bb940c1feb,c463898116354833013d19d6c6644add1195837517609bd1622abc78f4242be6,Current legacy CSI [scientific controlled],18.982886549377596,DL-SMI/MVDR local,-0.06574999072694343,Current legacy CSI [scientific controlled],18.982886549377596,18.98085633442335,-6.970880777441327,0.0020634198148991047,0,15.63355686067794,-6.686187640321122,0.00021999696555909573,0,15.927476776694233,-6.6846373372511145,0.0002560309512972235,0,15.940786597432075,-6.6632063132877315,0.0002674101046882112,0,-0.9468349172081529,-0.011181242265777085,0.004234941587012593,0,-0.7442304166636511,-0.011178988012551818,0.004301319981793355,0,-1.333824410251296,1.3111970894006972,0.004252010317099074,0,6.889298274775436,10.736869685438393,9.79107616689196,16062.664565988367,82615.36992849548,1.0,2958864.1288821963,4.054326923076923,0
baseline_v2_azimuthsubcellcount5_s20261005,azimuth_subcell_count,azimuth_subcell_count,5,20261005,Baseline V2 controlled single-target case,1.0,0.4,5.0,0.9225477966906529,0.0008811177217477738,-0.0034891176874882104,0.004790523978258656,1.0,38.0,0.7184808363731654,0.32745814412204344,-0.07053576232266796,0.03996464400365263,52.03053306024473,0.48744879366190713,-0.465484430653675,0.0,18,180.0,-53.2468982695,-1.2163652092552732,60,2200,42,88,49204480,49204480,6c1203678550a72d10d638cacb2bae023354e55f045bec676de15ef5aa9f720d,9d90b3a1a6eeaf9d94ad3ed60d946e880e07328b74de441b5d1205f018585031,Current legacy CSI [scientific controlled],21.715461449861035,DL-SMI/MVDR local,0.017914656572778576,Current legacy CSI [scientific controlled],21.715461449861035,21.64169510508115,-6.838101563056078,0.002201866181156122,0,18.949714054100728,-6.7003756412269535,0.00022947959338491883,0,18.706654264670302,-6.733639774378211,0.0002787892580791989,0,18.741235435328324,-6.695615668054112,0.00028447883477469274,0,-0.7413242684332708,-0.011120894215445444,0.0044189045668335605,0,-0.5637850502288897,-0.011132647467578338,0.004417008041268397,0,-0.6080932210938412,1.6473130255062958,0.0043601122743134576,0,6.884764537269021,10.885762978632256,9.833728949832198,15931.503329416766,80760.92783188283,1.0,3061579.481163764,4.076923076923077,0
baseline_v2_azimuthsubcellcount5_s20261006,azimuth_subcell_count,azimuth_subcell_count,5,20261006,Baseline V2 controlled single-target case,1.0,0.4,5.0,0.9190651428380455,0.0008780230680850142,-0.00452622601311784,0.004615898269068447,1.0,38.0,0.7314044074942051,0.35171262886910365,-0.06811852122001227,0.0378340401170568,52.320780203030985,0.4901679781732624,-0.46808114676490875,0.0,18,180.0,-53.2468982695,-0.9261180664690185,60,2200,42,88,49204480,49204480,8c9bf86ba3747f31ef665659d1652da6d1a230a2c04c881eb60ece8e82dc24ac,5ba18a1a0b008550b3ca27f2b6d2494d9d7439876d008386fd7cd5b267043f54,Current legacy CSI [scientific controlled],22.539867183505375,DL-SMI/MVDR local,-0.08050433192649398,Current legacy CSI [scientific controlled],22.539867183505375,22.537679317917267,-6.956419037870344,0.001983765741162191,0,18.12823332661014,-6.708007377551803,0.0002143073888636019,0,18.346579840802754,-6.724565984600865,0.0002579274768623881,0,18.34446066592319,-6.713715830089278,0.0002617205279927173,0,-0.9595410909941282,-0.011237635367911029,0.004293733879532696,0,-0.7540520009645446,-0.011234390683971996,0.004329767865270824,0,-1.125027253346411,1.4563174660324627,0.004253906842664239,0,6.79045837877497,10.721292142833178,9.698179989053719,16088.466365396735,80845.05774989532,1.0,3004380.429687018,4.069711538461538,0
baseline_v2_azimuthsubcellcount5_s20261007,azimuth_subcell_count,azimuth_subcell_count,5,20261007,Baseline V2 controlled single-target case,1.0,0.4,5.0,0.8797832402230817,0.0008847724429677773,-0.004817761493285503,0.0047953667151027935,1.0,38.0,0.7208067759487041,0.31542441792179227,-0.07200459232263272,0.04082981659705137,52.32987376480525,0.4902531713368962,-0.46816250295894923,0.0,18,180.0,-53.2468982695,-0.9170245046947519,60,2200,42,88,49204480,49204480,955764e8d7b02e6bde614139103f83dcc8284fb1d7bd2d21ff8f86ae8eb3734d,cc2b27fc05de1227dea314f58b8a26b14e64c368efa7baa1974f7dd11ddd1d25,Current legacy CSI [production replay],17.12961725215657,DL-SMI/MVDR local,-0.07777669339408266,Current legacy CSI [production replay],17.12961725215657,17.12961725215657,-6.893945261551563,0.002272037627067213,0,13.398234139268414,-6.69465248953069,0.00040585647094522836,0,13.370101571903799,-6.694893501024998,0.0004912001213776361,0,13.370559918285181,-6.661897835371593,0.0005025792747686238,0,-0.9398342763874448,-0.011280117053496788,0.004322181763010165,0,-0.7519325365622915,-0.011265395209865926,0.0043601122743134576,0,-0.94367606579877,1.3863861464908016,0.004246320740403581,0,6.902977186813365,10.942456185594525,9.927303741096116,15521.648640209853,76624.21069342073,1.0,2954331.2726193885,4.084615384615384,0
baseline_v2_azimuthsubcellcount5_s20261008,azimuth_subcell_count,azimuth_subcell_count,5,20261008,Baseline V2 controlled single-target case,1.0,0.4,5.0,0.9092901764843435,0.000876825681928774,0.0024323933085317845,0.004875259898227895,1.0,38.0,0.7283539584436677,0.34368557474931144,-0.06717975061744266,0.03897819105853041,53.32448080522854,0.4995711616304151,-0.4770608309761865,0.0,18,180.0,-53.2468982695,0.07758253572853709,60,2200,42,88,49204480,49204480,042be00a84e0fb9057a89672ca0838fbd6ec810c8f1b04f7f641b4cbe4ba1cea,9cfd58647d7add0b0eaa194c11cd7b8c5c2e5292deaf37264e61f613d61308a2,Current legacy CSI [scientific controlled],23.176365320208063,DL-SMI/MVDR local,0.03428828199622824,Current legacy CSI [scientific controlled],23.176365320208063,23.16615942748146,-6.897279645356479,0.001545668335609164,0,17.35836567571838,-6.728797820583735,0.0002465483234714004,0,17.210269265071055,-6.731060633954206,0.00030913366712183283,0,17.20728561247939,-6.713757346880653,0.00031292671825216206,0,-0.6738214265411564,-0.011202926058218491,0.004390456683356091,0,-0.5167738374303754,-0.011206506603214093,0.004396146260051585,0,-0.2881910705871027,1.3395956110700413,0.004265285996055227,0,6.725194472427747,10.655805937197623,9.629169184641736,16461.274742950685,82080.38016337121,1.0,3031729.2093971553,4.053846153846154,0
baseline_v2_azimuthsubcellcount5_s20261009,azimuth_subcell_count,azimuth_subcell_count,5,20261009,Baseline V2 controlled single-target case,1.0,0.4,5.0,0.9082878854746965,0.0008797753758254956,-0.0037710667889743364,0.004580719793758063,1.0,38.0,0.7320234215288584,0.3539717028832084,-0.06920911712694562,0.037250897501131246,52.10355773496734,0.48813292637221156,-0.46613775085990117,0.0,18,180.0,-53.2468982695,-1.1433405345326637,60,2200,42,88,49204480,49204480,bb5eee8adb47186315271e24521266b5aafaf8f032aebbb79d4011a33a9e74d9,444ac20440d7430f14f20fb630d69140b741f4e96d26681e78ea9d6ae347e2d6,Current legacy CSI [production replay],18.222801653354246,DL-SMI/MVDR local,-0.050846204569572784,Current legacy CSI [production replay],18.222801653354246,18.222801653354246,-7.033318515544288,0.0022473827947200728,0,14.179156250672698,-6.68251298500627,0.0004115460476407222,0,14.520139697946504,-6.705214466057376,0.00046085571233500227,0,14.502152997813266,-6.685819801232265,0.00045706266120467304,0,-0.9584018817025832,-0.011210453476406989,0.004301319981793355,0,-0.742390650044741,-0.011214283665713606,0.004331664390835988,0,-0.7248475628865414,1.4016147105108554,0.004339250493096647,0,6.758204721958241,10.67801205161336,9.65608398350379,15519.619473570277,76770.93263953028,1.0,3003769.51106371,4.084615384615384,0
baseline_v2_azimuthsubcellcount5_s20261010,azimuth_subcell_count,azimuth_subcell_count,5,20261010,Baseline V2 controlled single-target case,1.0,0.4,5.0,0.9266465276712581,0.0008754548013573191,-0.005152751074854636,0.004657961882727657,1.0,38.0,0.7314750166880906,0.36290188124923195,-0.06659152117050116,0.03610302977712433,52.763497024967485,0.494315577055959,-0.4720419452457555,0.0,18,180.0,-53.2468982695,-0.48340124453251726,60,2200,42,88,49204480,49204480,25fae98d0f3c203b175c66534c951b9800dc798dc5074274effd05fe7b7255c4,d7ece46028cc3c52a7334f724fd312977b3792ac93ba88659a0340c30a6f4646,Current legacy CSI [scientific controlled],20.10536094565111,DL-SMI/MVDR local,0.010339033218966343,Current legacy CSI [scientific controlled],20.10536094565111,20.095576892825147,-7.0274687527341175,0.0021411773630708544,0,17.253082606320636,-6.69682060954456,0.00025413442573205886,0,17.03778143668546,-6.731124625714032,0.0003015475648611743,0,17.002631621888536,-6.707357839170729,0.00031103019268699744,0,-0.8029265820373928,-0.011350200861842095,0.004272872098315885,0,-0.6129461502319784,-0.011323945371315376,0.004293733879532696,0,-0.4480883028584097,1.6424252800970196,0.004265285996055227,0,6.819603289423856,10.670626605299184,9.656601375902369,16853.510989877792,85703.04874185762,1.0,3053678.9854124463,4.0673076923076925,0
baseline_v2_azimuthsubcellcount9_s20261001,azimuth_subcell_count,azimuth_subcell_count,9,20261001,Baseline V2 controlled single-target case,1.0,0.4,9.0,0.9303273803163554,0.000869677951869182,-0.005038485059275401,0.004118855846584728,1.0,34.0,0.7200843623929984,0.35022814905888155,-0.06785723205465059,0.06141281363754694,51.726860150752195,0.4846038296630078,-0.46276760101665143,0.0,18,180.0,-53.2468982695,-1.5200381187478063,60,2200,42,88,49204480,49204480,9e32bac719786333969352acbdc00470d19d2c7d91219c34a2dc910aeb55da31,11949757f2435d033f727c153b14d6a2ff78fabd539e30464be80a0fd40b67c9,Current legacy CSI [production replay],17.996835494221045,DL-SMI/MVDR local,-0.05634664085537988,Current legacy CSI [production replay],17.996835494221045,17.996835494221045,-6.887761591762218,0.0018699742072523138,0,15.947412443340506,-6.686827926573572,0.00012137763617053558,0,16.025745116319236,-6.700599625057491,0.0002275830678197542,0,16.008049215033864,-6.6743094941672485,0.0002275830678197542,0,-0.9042088765858871,-0.011058778326817724,0.004399939311181915,0,-0.7091991367133268,-0.01107220105487699,0.004401835836747079,0,-1.0525776656312513,1.327339140612526,0.004303216507358519,0,7.032576483712582,10.79561296588519,9.82927582416034,15850.817922068609,76631.39417839571,1.0,2916250.209803612,4.092788461538461,0
baseline_v2_azimuthsubcellcount9_s20261002,azimuth_subcell_count,azimuth_subcell_count,9,20261002,Baseline V2 controlled single-target case,1.0,0.4,9.0,0.9370420111754768,0.0008745464034807713,0.0006319348085212062,0.004136077698668929,1.0,34.0,0.718583248787581,0.3378745093527875,-0.06892175769555393,0.06595005751534756,53.29791706895108,0.4993222988869062,-0.47682317632771304,0.0,18,180.0,-53.2468982695,0.05101879945107865,60,2200,42,88,49204480,49204480,6534b68a0035addf2373e576c05e046fd7cde3a80e7d73d44ec1f91457af9d9e,c424eb924cc3179a2a0566d2d37ce8cca2bc3f8d88150018e6e5273e2285bd13,Current legacy CSI [production replay],18.0735472842031,DL-SMI/MVDR local,0.014218375813011441,Current legacy CSI [production replay],18.0735472842031,18.0735472842031,-7.1076224252610745,0.0020691093915945987,0,13.408007745354418,-6.726837423775591,0.0005405097860719162,0,13.322262344550815,-6.750798664432411,0.0005974055530268549,0,13.32233021002759,-6.728628344714252,0.0006011986041571841,0,-0.8159505036607868,-0.011171014337339542,0.004399939311181915,0,-0.6279735091487133,-0.011167451957128803,0.004396146260051585,0,-0.6068732639114605,1.4728356231547421,0.004339250493096647,0,6.971886116742489,10.98987943728472,9.999203848635783,16441.73273203061,84977.30023713915,1.0,2967464.50152658,4.107692307692307,0
baseline_v2_azimuthsubcellcount9_s20261003,azimuth_subcell_count,azimuth_subcell_count,9,20261003,Baseline V2 controlled single-target case,1.0,0.4,9.0,0.9481294812797509,0.0008717087279182676,-0.006686752820575073,0.004198811898283493,1.0,34.0,0.7149041028010312,0.33960740208519713,-0.06888729015482423,0.062176684782326845,52.02396851643629,0.48738729363928274,-0.465425700520136,0.0,18,180.0,-53.2468982695,-1.2229297530637093,60,2200,42,88,49204480,49204480,14055bc367a1a96289a75434c53e7432b62f64481d1e120fab712b4acae6f2de,fd272a409a4bf8cc461e92edc387805f1c60da810a32ec9acc25dd9ac2215f92,Current legacy CSI [production replay],15.793770212210944,DL-SMI/MVDR local,-0.042960900030835525,Current legacy CSI [production replay],15.793770212210944,15.793770212210944,-6.865948055161849,0.0017030799575178273,0,14.08766531423029,-6.685433351661716,0.00018016992869063876,0,14.159504744085304,-6.683661846872351,0.00025223790016689425,0,14.150549177754584,-6.661047672509786,0.0002560309512972235,0,-0.8694359994469139,-0.011138548042026374,0.004407525413442573,0,-0.6651614617475499,-0.011140001600924822,0.004390456683356091,0,-0.745347839139443,1.4438865533146088,0.004356319223183128,0,7.110465041053856,11.063835832519558,10.020741944347836,16435.938906997257,82308.98351525077,1.0,2999984.7247506324,4.1,0
baseline_v2_azimuthsubcellcount9_s20261004,azimuth_subcell_count,azimuth_subcell_count,9,20261004,Baseline V2 controlled single-target case,1.0,0.4,9.0,0.9263251244188216,0.0008731864389406981,-0.006635780045024385,0.004388176333235509,1.0,34.0,0.7188610728939064,0.34427368535403813,-0.0690512630532407,0.0629213109072748,52.66410369069449,0.49338440918125537,-0.47115271530343217,0.0,18,180.0,-53.2468982695,-0.5827945788055118,60,2200,42,88,49204480,49204480,5b4d122f16c3877dfe3b60a162f56a961faf9ca2aa9d7ff2f7dddbe38d89e449,5c71a6c31e20a1e5da74448bd5f9f7974c587bd6585a9afda6bc08a9db588c4b,Current legacy CSI [scientific controlled],19.059632014812458,DL-SMI/MVDR local,-0.044283613145101874,Current legacy CSI [scientific controlled],19.059632014812458,19.053425358106736,-6.968560485911207,0.0019363526020330754,0,15.759513773565729,-6.680614080822269,0.00028447883477469274,0,16.00336909308049,-6.678937453178447,0.0003394780761644667,0,16.02070102458747,-6.656659068027323,0.0003394780761644667,0,-0.9240761911374173,-0.011178276987301027,0.004270975572750721,0,-0.7215529297227938,-0.011176514596371813,0.004325974814140494,0,-1.3079211396595936,1.3138472326723178,0.004276665149446215,0,7.170913442870535,11.096183372122855,10.113265193501668,16261.032368642433,83066.32214106145,1.0,2926458.0266922168,4.076923076923077,0
baseline_v2_azimuthsubcellcount9_s20261005,azimuth_subcell_count,azimuth_subcell_count,9,20261005,Baseline V2 controlled single-target case,1.0,0.4,9.0,0.9531504859611146,0.0008722811819100143,-0.006444968950096633,0.003981591213402969,1.0,34.0,0.7075709232536184,0.3119584778958466,-0.07064170165211381,0.06890359123088448,52.54034274181763,0.49222495296037394,-0.4700454788225172,0.0,18,180.0,-53.2468982695,-0.7065555276823707,60,2200,42,88,49204480,49204480,82ff44233a441d6c5841120ccd2982af7c993ac3afbf2797070168992cf4475c,e388570b515b3ca84e606b295148bf3e0d20e0fde7767e0425c6585c0ecd423e,Current legacy CSI [scientific controlled],21.454854087984927,DL-SMI/MVDR local,0.015332768751093795,Current legacy CSI [scientific controlled],21.454854087984927,21.375693165914893,-6.837609200027234,0.002165832195417994,0,18.958797594028336,-6.692898180566003,0.0002446517979062358,0,18.722289611933657,-6.727821960575236,0.0003186162949476559,0,18.759894056209156,-6.688512048554717,0.0003413746017296313,0,-0.7492215005925287,-0.011131695851167776,0.0044189045668335605,0,-0.570620588604176,-0.011141728370320781,0.004413214990138067,0,-0.6112220505357611,1.6499534264270608,0.004363905325443787,0,7.132764305432316,11.129102411085729,10.117719998241537,16186.005059549865,81475.94512662772,1.0,3031805.3038,4.092788461538461,0
baseline_v2_azimuthsubcellcount9_s20261006,azimuth_subcell_count,azimuth_subcell_count,9,20261006,Baseline V2 controlled single-target case,1.0,0.4,9.0,0.9511720975112572,0.0008721229096255959,-0.007590833366302011,0.0038611621676631677,1.0,34.0,0.72237655466906,0.35178969861341924,-0.0678132240940557,0.06274125120818938,52.90132832872653,0.49560685159793616,-0.47327506356194127,0.0,18,180.0,-53.2468982695,-0.34556994077347575,60,2200,42,88,49204480,49204480,22297d8b68775689ce6dc68fc39a86f592d83832b93c998150eb7b707c129bdd,7c5ec9e0332e7e7841103212e81fb1421b607a74b12b328eccbcbb3d1de347ba,Current legacy CSI [production replay],22.92292393593071,DL-SMI/MVDR local,-0.06751397843235907,Current legacy CSI [production replay],22.92292393593071,22.92292393593071,-6.950780172519825,0.0019761796389015326,0,18.58681404117563,-6.703062511251021,0.00019154908208162647,0,18.77667143259785,-6.717399613588166,0.0002655135791230466,0,18.77410135562788,-6.707998562406194,0.00028447883477469274,0,-0.945600149758772,-0.01124246220544959,0.004322181763010165,0,-0.7401061487793803,-0.011238395989519824,0.004362008799878622,0,-1.1076094616685426,1.4570350303981614,0.004288044302837202,0,7.046505416681354,10.995878804989657,9.959027319728799,16414.225675311798,82045.00709016902,1.0,2972147.448796438,4.1,0
baseline_v2_azimuthsubcellcount9_s20261007,azimuth_subcell_count,azimuth_subcell_count,9,20261007,Baseline V2 controlled single-target case,1.0,0.4,9.0,0.9113985386007066,0.0008761499578383195,-0.00798049190460754,0.004097053188132602,1.0,34.0,0.7120058465570231,0.3208107503697075,-0.07203439905675517,0.07100420888986733,52.95798785462485,0.496137667177254,-0.4737819724137421,0.0,18,180.0,-53.2468982695,-0.2889104148751547,60,2200,42,88,49204480,49204480,db21ee9efdd04d863fed168395075c656785cfc1f0f4f019f4c27a9ec09589bc,21792fb60191a4a3c6e2256386a410823098a876981d7d17f53af06123cb82c9,Current legacy CSI [production replay],17.045223961343986,DL-SMI/MVDR local,-0.05595657465643811,Current legacy CSI [production replay],17.045223961343986,17.045223961343986,-6.887456350279066,0.002296692459414353,0,13.46872127756569,-6.687344401198507,0.00043999393111819146,0,13.423403608993246,-6.691216444921253,0.000527234107115764,0,13.425678816193285,-6.657911646289292,0.0005575785161583978,0,-0.9210010336214065,-0.011287409176420429,0.004339250493096647,0,-0.7321397362658013,-0.011272056321218747,0.004390456683356091,0,-0.919250626430907,1.3867128764200662,0.004270975572750721,0,7.218708688419998,11.253036054792695,10.229616124327823,15724.347006990747,77170.42499416844,1.0,2924871.8228513175,4.122596153846154,0
baseline_v2_azimuthsubcellcount9_s20261008,azimuth_subcell_count,azimuth_subcell_count,9,20261008,Baseline V2 controlled single-target case,1.0,0.4,9.0,0.9400173677818773,0.0008709881591140516,-0.0005515276498486859,0.004548754937369176,1.0,34.0,0.7171586196960378,0.34027172248017695,-0.06730395901330716,0.06521901894926747,53.9014589984017,0.5049765900911583,-0.48222281580497184,0.0,18,180.0,-53.2468982695,0.6545607289016999,60,2200,42,88,49204480,49204480,4679e9201a9f408005982fdebba164fda59bc7a4ef1cf806563fe7269f29d530,d3e8e23ce65a116d82c8a8f713754959cf925db8509122ce7a5960f5c8aa6949,Current legacy CSI [scientific controlled],23.050120534545982,DL-SMI/MVDR local,0.0464173915480206,Current legacy CSI [scientific controlled],23.050120534545982,23.029613491406046,-6.897288821958458,0.0015817023213472918,0,17.72961370347364,-6.724936501481591,0.00021999696555909573,0,17.531856902335125,-6.727249989063143,0.00031292671825216206,0,17.529918444044778,-6.70921972863173,0.0003167197693824913,0,-0.6695135816431561,-0.011199350765126764,0.004407525413442573,0,-0.5107459119030624,-0.011204070885656725,0.004420801092398725,0,-0.27995092768531027,1.3390349352646183,0.004286147777272037,0,6.962893284805568,10.920014497174348,9.9152677651531,16703.718977957164,82943.40350150237,1.0,3001177.422313904,4.076923076923077,0
baseline_v2_azimuthsubcellcount9_s20261009,azimuth_subcell_count,azimuth_subcell_count,9,20261009,Baseline V2 controlled single-target case,1.0,0.4,9.0,0.9407699841783502,0.000873279066879206,-0.006998824121147087,0.004115983799784658,1.0,34.0,0.7224662968626719,0.34948306361530695,-0.06926244325165201,0.06329642957403665,52.72971824279456,0.49399912005171315,-0.4717397408171613,0.0,18,180.0,-53.2468982695,-0.5171800267054383,60,2200,42,88,49204480,49204480,b1438c35b190cb9eedf9239c98fe0018cd808c76fdb47fd08463002227586361,1d08eefd2a52ddcd8c059aa8a8e15e5f8b0b9c2b3a4c46bc1029cfb1a55b90d9,Current legacy CSI [production replay],17.8333151322106,DL-SMI/MVDR local,-0.03008551070074006,Current legacy CSI [production replay],17.8333151322106,17.8333151322106,-7.037320452578999,0.0021487634653315126,0,14.033972274720336,-6.678946586674855,0.0003944773175542406,0,14.343794975842348,-6.699294064248033,0.00043620087998786223,0,14.328533599743905,-6.680148653043487,0.0004343043544226976,0,-0.9375199968739762,-0.01122056594959022,0.004333560916401153,0,-0.7207964378642604,-0.011222720935510595,0.004367698376574116,0,-0.6933112977092701,1.4041859804745491,0.004382870581095434,0,7.0759960562224835,10.967080454630038,9.945041766710048,15794.733581245557,77741.79467017918,1.0,2972016.466734843,4.107692307692307,0
baseline_v2_azimuthsubcellcount9_s20261010,azimuth_subcell_count,azimuth_subcell_count,9,20261010,Baseline V2 controlled single-target case,1.0,0.4,9.0,0.95813388946469,0.0008676557992087834,0.0003622535225531584,0.0041060948399102735,1.0,34.0,0.7212110842182577,0.35160025213006957,-0.06655758761877241,0.06213974194393997,53.36190131318192,0.4999217361947573,-0.4773956166381279,0.0,18,180.0,-53.2468982695,0.11500304368191819,60,2200,42,88,49204480,49204480,45786814f41b387067db99aed98ed5a7e066ee306822b1ea23a5c64711ced70b,7cc297e488905e86aa4b29f5d2c40b12144864b3cb1c70c6cea9d4998cdc013d,Current legacy CSI [scientific controlled],20.48437234525327,DL-SMI/MVDR local,0.06202473787599949,Current legacy CSI [scientific controlled],20.48437234525327,20.423518671508486,-7.069404025736768,0.0021146260051585495,0,18.160128319244816,-6.724357497710338,0.00030723714155666816,0,17.66642768819521,-6.759185507402362,0.0003299954483386436,0,17.610312900681983,-6.734561130076699,0.00034516765285996055,0,-0.664946873381036,-0.011372318746929828,0.004312699135184343,0,-0.4906668562804022,-0.011348551098456977,0.004325974814140494,0,-0.27971143801941034,1.645262972871406,0.004305113032923684,0,7.091233237769808,10.97354463919606,9.92998417586983,17216.692994844594,87209.98460291103,1.0,3022279.491586866,4.084615384615384,0
baseline_v2_azimuthsubcellcount17_s20261001,azimuth_subcell_count,azimuth_subcell_count,17,20261001,Baseline V2 controlled single-target case,1.0,0.4,17.0,0.9756320455906036,0.0008654256313080412,-0.004401494612623918,0.003745068644796237,1.0,30.0,0.7112989718003426,0.33813190652217473,-0.06874582873833726,0.08151272665919602,53.66999988521925,0.5028081620765499,-0.4801520465544467,0.0,18,180.0,-53.2468982695,0.42310161571924443,60,2200,42,88,49204480,49204480,f5b34edebbd1740c556fb237950f1e7c721533b227080718649efb129722905a,8aec23ea3a147f57dd632974d5adea831497f65119d4aa108c8a853f33039e75,Current legacy CSI [scientific controlled],18.11526234260287,DL-SMI/MVDR local,-0.05887269078404289,Current legacy CSI [scientific controlled],18.11526234260287,18.102885419520966,-6.918130258405254,0.0019989379456835077,0,16.087011152807552,-6.718756350219289,0.00012896373843119405,0,16.14738527467821,-6.740223344518381,0.00026930663025337583,0,16.136398552838205,-6.712445395266064,0.0002806857836443635,0,-0.8969775366289858,-0.011078269830633659,0.0044833864360491575,0,-0.7025578774815608,-0.011095994475424416,0.004508041268396298,0,-1.0008004438093865,1.3304880436576378,0.004403732362312244,0,7.4486931792614675,11.168436496801057,10.245318552919493,16059.904623087636,77780.3877792868,1.0,2865591.8306098185,4.069711538461538,0
baseline_v2_azimuthsubcellcount17_s20261002,azimuth_subcell_count,azimuth_subcell_count,17,20261002,Baseline V2 controlled single-target case,1.0,0.4,17.0,0.9823040469222827,0.0008699276010508562,-0.007391419051100324,0.0035067832692488947,1.0,30.0,0.7093791139600194,0.3263783296353061,-0.06980273536579054,0.08566391465184217,55.303098670177405,0.5181078714171568,-0.4947627215792552,0.0,18,180.0,-53.2468982695,2.056200400677407,60,2200,42,88,49204480,49204480,3c53aaa331480524347542cd7dd6f73856189474c691621df26a2ef30adb1572,e8094373633f179f456bdc983e89eea3c7f03af1508f91fa0cf3a545fda48b94,Current legacy CSI [production replay],18.315477045065577,DL-SMI/MVDR local,0.004599229729601362,Current legacy CSI [production replay],18.315477045065577,18.315477045065577,-7.127156080056474,0.002230314064633591,0,13.301902887837128,-6.7296658638526985,0.000616370808678501,0,13.226676237045206,-6.758622260572721,0.0006467152177211349,0,13.224368346789133,-6.735589229128541,0.0006467152177211349,0,-0.8276968399808609,-0.01117284869657176,0.004464421180397512,0,-0.6387379733932663,-0.01117025559435776,0.004477696859353664,0,-0.6133679574559601,1.4730271472114747,0.00442269761796389,0,7.4473040371806025,11.481274479697252,10.496461217661402,16611.940724673113,86144.27992206281,1.0,2916135.3753098915,4.078365384615385,0
baseline_v2_azimuthsubcellcount17_s20261003,azimuth_subcell_count,azimuth_subcell_count,17,20261003,Baseline V2 controlled single-target case,1.0,0.4,17.0,0.9914803336148041,0.0008659310191206611,-0.005260863579744926,0.003382982484369085,1.0,30.0,0.7050690854929944,0.32783981713801397,-0.06967989862516194,0.08278924034989224,53.837364933542986,0.504376123927183,-0.4816493925709686,0.0,18,180.0,-53.2468982695,0.5904666640429835,60,2200,42,88,49204480,49204480,5c3292c7425ee1fcb67eca8e06ab2b3ce9017f87ed90311ceb2779021342e287,7cafdf4faffaed642983e1a1a4ae1db8120bf31f8d2ac5c5fb115acd6b8f4350,Current legacy CSI [scientific controlled],15.801034090117899,DL-SMI/MVDR local,-0.02381032594123411,Current legacy CSI [scientific controlled],15.801034090117899,15.78560188454875,-6.921216860651256,0.0018491124260355029,0,14.418052250361239,-6.743106988251117,0.00021999696555909573,0,14.483282571481801,-6.75030088035852,0.00030534061599150355,0,14.473093770997885,-6.728393954834855,0.00030913366712183283,0,-0.8191654662272274,-0.011164848175147972,0.004477696859353664,0,-0.6219849563500368,-0.011169651828983971,0.004458731603702018,0,-0.6799134264779783,1.453436293188478,0.004426490669094219,0,7.513014768130559,11.445193691716016,10.4361986800566,16706.81585520419,83769.2124638664,1.0,2951551.4157746513,4.069711538461538,0
baseline_v2_azimuthsubcellcount17_s20261004,azimuth_subcell_count,azimuth_subcell_count,17,20261004,Baseline V2 controlled single-target case,1.0,0.4,17.0,0.9720888595202831,0.0008679943453498323,-0.007009981656522677,0.0036754747278826185,1.0,30.0,0.7092779075085338,0.3230775715192219,-0.07024423346953886,0.08466026494966801,54.8923173029275,0.5142594602987677,-0.49108762365897307,0.0,18,180.0,-53.2468982695,1.6454190334274978,60,2200,42,88,49204480,49204480,2298b18fbf40bfe710b44828f62707399c1712c1caec6e44d7427be9b8ae0baa,a03dafc1e22825f511031c385022d5b4f46a70dafa7c574a1dde93cd3d0f8477,Current legacy CSI [scientific controlled],18.444386062390343,DL-SMI/MVDR local,-0.031183307793072323,Current legacy CSI [scientific controlled],18.444386062390343,18.42967527625757,-7.01931377036655,0.001974283113336368,0,15.72772286865108,-6.728649543450953,0.00027499620694886967,0,15.888506196400924,-6.731126839855762,0.00036413290851160674,0,15.90523378555187,-6.706861928636228,0.00036413290851160674,0,-0.8916977462759803,-0.011194379686949031,0.004346836595357306,0,-0.6920226043065316,-0.01119920631877298,0.004392353208921256,0,-1.314597710194247,1.3210283494256108,0.004343043544226976,0,7.65050081894458,11.608503990803174,10.610566583500065,16560.15225341931,84746.13342760252,1.0,2874522.4319266565,4.061538461538461,0
baseline_v2_azimuthsubcellcount17_s20261005,azimuth_subcell_count,azimuth_subcell_count,17,20261005,Baseline V2 controlled single-target case,1.0,0.4,17.0,0.9968170151585627,0.0008703599482490365,-0.00583371693580282,0.0038033455087113457,1.0,30.0,0.698168380994925,0.30175044754932306,-0.07161249608012511,0.09151701225915107,54.546927588589725,0.5110236718166039,-0.4879975604782266,0.0,18,180.0,-53.2468982695,1.3000293190897272,60,2200,42,88,49204480,49204480,39bcecf36ec15ac3c0bfabaa4929edeffdb090d7a3e63a4ba3508b2923b355b1,26495420b367e11ce6c7599bebe79591e0831071af88e6e89d6aeb26c54b6c73,Current legacy CSI [scientific controlled],21.36332087234964,DL-SMI/MVDR local,0.030615651311030945,Current legacy CSI [scientific controlled],21.36332087234964,21.266468216261963,-6.901606858711755,0.0022777272037627066,0,18.684882181659667,-6.722419869368704,0.0002806857836443635,0,18.264208594051944,-6.761926452899228,0.0003584433318161129,0,18.289129776779717,-6.721203310384315,0.00036223638294644213,0,-0.701350575281217,-0.011153231808694413,0.004456835078136853,0,-0.529520745644275,-0.01116671294864971,0.004473903808223335,0,-0.5501897651640961,1.6486577658052914,0.004426490669094219,0,7.559865208178856,11.575855315534437,10.565104547601544,16353.078398098174,82566.28518348189,1.0,2983067.8096981253,4.077884615384615,0
baseline_v2_azimuthsubcellcount17_s20261006,azimuth_subcell_count,azimuth_subcell_count,17,20261006,Baseline V2 controlled single-target case,1.0,0.4,17.0,0.9959556333210682,0.0008670799555987448,-0.006270166043271467,0.0032852602739049403,1.0,30.0,0.7127968598991791,0.33473237399300737,-0.06855062474286022,0.08309370067199556,54.78935520719953,0.5132948584312952,-0.4901664629547339,0.0,18,180.0,-53.2468982695,1.542456937699527,60,2200,42,88,49204480,49204480,b6ed4ae7df92d45d72e6e9d1e6dd77e4ac90424bee855f0fa55f72ac2031133f,d38259d3c683dca68dafd469012b3dc5a52c7febc5480990ad7ff7cbe924f6f6,Current legacy CSI [production replay],22.53878786163253,DL-SMI/MVDR local,-0.060238211265089436,Current legacy CSI [production replay],22.53878786163253,22.53878786163253,-6.976442434950033,0.0021051433773327266,0,18.752368965605005,-6.730650740452316,0.00020292823547261418,0,18.847179512695895,-6.755954343823753,0.0002768927325140343,0,18.836843849132446,-6.747221149135264,0.00029016841147018664,0,-0.9123075370714888,-0.011267532737758644,0.004396146260051585,0,-0.712124678708073,-0.011268150655037576,0.0044302837202245485,0,-1.0967109542000957,1.4626600114616652,0.004356319223183128,0,7.5068897870583475,11.447169979920291,10.439351853049672,16684.68924622648,83839.89183189516,1.0,2921622.231352366,4.0836538461538465,0
baseline_v2_azimuthsubcellcount17_s20261007,azimuth_subcell_count,azimuth_subcell_count,17,20261007,Baseline V2 controlled single-target case,1.0,0.4,17.0,0.9580077289473838,0.0008746437072916093,-0.007578039883986414,0.003874494604403837,1.0,30.0,0.7027002494746508,0.2987797633782621,-0.07305720141835502,0.09355161429950065,55.141880330372274,0.5165974950932548,-0.4933203648125821,0.0,18,180.0,-53.2468982695,1.8949820608722712,60,2200,42,88,49204480,49204480,5118893e0409590961b5b40bdb41946070f1807576127e96f57983b7279b1e72,b0f065980ae1097761f494dbe9f111bb6f5b2bbb34532fb48e75a86d79cef174,Current legacy CSI [production replay],19.84800119500709,DL-SMI/MVDR local,-0.014834515688304517,Current legacy CSI [production replay],19.84800119500709,19.84800119500709,-6.942139373626768,0.002444621453497193,0,15.375706462868298,-6.72747694465944,0.00045895918676983765,0,15.017167990227819,-6.733631210269589,0.0005651646184190563,0,14.994306653883893,-6.6993258699199565,0.000576543771810044,0,-0.7096621793360107,-0.011314420683836786,0.004403732362312244,0,-0.5513330989355145,-0.011303103313452818,0.004451145501441359,0,-1.0679238637289736,1.3911471564841968,0.0043658018510089516,0,7.646706374200648,11.742386117826168,10.69376807038748,15903.564104009421,78429.18253565725,1.0,2873461.9744646517,4.077884615384615,0
baseline_v2_azimuthsubcellcount17_s20261008,azimuth_subcell_count,azimuth_subcell_count,17,20261008,Baseline V2 controlled single-target case,1.0,0.4,17.0,0.9823585607637243,0.000863712389769317,-0.00839012342297507,0.0036988157019839482,1.0,30.0,0.7083358517173265,0.3243576602629953,-0.06800422262798472,0.08471243067333459,55.89221176384224,0.5236269858668369,-0.500033286261707,0.0,18,180.0,-53.2468982695,2.6453134943422376,60,2200,42,88,49204480,49204480,f1e4944cb0258b8c6450f6a623d8de10a936abbc223be8a3aeb6abd608b7b673,d5d0d65d5bac8dde7a73c6d2263359027b83c9f78b9ba51b25be117f8afabb31,Current legacy CSI [scientific controlled],23.43198181742441,DL-SMI/MVDR local,0.04176959992732243,Current legacy CSI [scientific controlled],23.43198181742441,23.418251039246954,-6.940256111610946,0.0016765285996055226,0,17.4452221861787,-6.736756418644911,0.00023327264451524806,0,17.237365212912053,-6.747881428229561,0.0003356850250341375,0,17.231596737531106,-6.729611048837318,0.00033378849946897286,0,-0.6796686692168032,-0.011189413595890235,0.004451145501441359,0,-0.5195116576066647,-0.011196985699764796,0.0044758003337885,0,-0.28259019601328283,1.3387468556048407,0.004339250493096647,0,7.383773546836547,11.367183218840356,10.346810048026015,16906.197265151386,84273.50672273766,1.0,2953944.1813095207,4.069230769230769,0
baseline_v2_azimuthsubcellcount17_s20261009,azimuth_subcell_count,azimuth_subcell_count,17,20261009,Baseline V2 controlled single-target case,1.0,0.4,17.0,0.9850452777026173,0.0008697070204335764,-0.006172303973049128,0.0036660122505166523,1.0,30.0,0.7136360933735562,0.332660918716209,-0.07000341120894286,0.08329197782557934,54.671256321205504,0.5121884473275699,-0.4891098795959619,0.0,18,180.0,-53.2468982695,1.4243580517055068,60,2200,42,88,49204480,49204480,c85fbe4cdeba0bbc60980482a19f1c222446425c83d95819be12dac52b1c9889,1d15d75f7394533a9b0de01b30e4c1da6bc35abbbb09ac6e696b70e2c6f16adb,Current legacy CSI [scientific controlled],17.296346712437895,DL-SMI/MVDR local,-0.036174629912501644,Current legacy CSI [scientific controlled],17.296346712437895,17.27937404237037,-7.112136378890108,0.0022284175390684265,0,14.480755598561348,-6.712340542231873,0.0004418904566833561,0,14.796687678338238,-6.736118619176999,0.0005139584281596116,0,14.77415650936992,-6.716535913925784,0.0005196480048551054,0,-0.8990404876328961,-0.011222977312692653,0.00442269761796389,0,-0.691987025831986,-0.011231255482983472,0.004451145501441359,0,-0.5533680968758028,1.4045164022002157,0.004466317705962676,0,7.479343836291099,11.361895674055024,10.355462209267143,16028.60787511577,78984.44204855592,1.0,2923233.0126067903,4.084615384615384,0
baseline_v2_azimuthsubcellcount17_s20261010,azimuth_subcell_count,azimuth_subcell_count,17,20261010,Baseline V2 controlled single-target case,1.0,0.4,17.0,1.0010194438130153,0.000863990620075624,-0.0074314401869086735,0.0038682402440374324,1.0,30.0,0.7115357097534428,0.3436906364759926,-0.06699899223532332,0.07986745071269605,55.31149770621463,0.5181865579064827,-0.4948378644436499,0.0,18,180.0,-53.2468982695,2.0645994367146314,60,2200,42,88,49204480,49204480,fdb419351d31b5b9b472a238233e545c3032ada0a8ea730a75f8c23a9576c01a,76b2c7c279e1e5945d075f43bafda35e56927e7fe7e743ded2fa6fa715a51335,Current legacy CSI [scientific controlled],21.147440519437556,DL-SMI/MVDR local,0.05379307035565528,Current legacy CSI [scientific controlled],21.147440519437556,21.092879647239513,-7.054651782464934,0.0022928994082840235,0,18.344128269347568,-6.7326184830691,0.0003736155363374298,0,17.80394245693318,-6.771450628466687,0.0004456835078136853,0,17.74767637405266,-6.746302128616822,0.0004684418145956607,0,-0.6752028481201804,-0.01135867789684339,0.004390456683356091,0,-0.5002618729360013,-0.011339046385738091,0.004401835836747079,0,-0.28630563716051416,1.6436854637866793,0.004352526172052799,0,7.520086173495038,11.35974341831658,10.371359088979318,17548.896892983874,89577.24077426441,1.0,2972264.0502619185,4.076923076923077,0
baseline_v2_azimuthsubcellcount25_s20261001,azimuth_subcell_count,azimuth_subcell_count,25,20261001,Baseline V2 controlled single-target case,1.0,0.4,25.0,0.9945771377738871,0.0008671254768931339,-0.004725147573516557,0.004066099814738383,1.0,29.0,0.7087909499235543,0.33365750019483625,-0.06891266297813886,0.08842919738935702,52.15011649487057,0.4885691127807373,-0.46655429199544557,0.0,18,180.0,-53.2468982695,-1.0967817746294302,60,2200,42,88,49204480,49204480,211becb0cd7a6717af8f5166a24add4702f2bf5c977d67e127b47d698e7ad851,b124c863d381ff87e7aa3fb730b83c37f9f7a480ffc456e5935ae1bb7e01e8b8,Current legacy CSI [production replay],18.279747465282238,DL-SMI/MVDR local,-0.06301405708486163,Current legacy CSI [production replay],18.279747465282238,18.279747465282238,-6.901592751817834,0.0020349719314216356,0,16.063048481742197,-6.693113320404654,0.00016310119860415718,0,16.172168696248523,-6.715992621850848,0.00032430587164314974,0,16.162499590614562,-6.687593038412521,0.00032620239720831435,0,-0.9140525472528815,-0.011045042011674795,0.004528903049613109,0,-0.7175255204329392,-0.011062749353997032,0.004538385677438932,0,-1.0526899504647167,1.3267512117741083,0.004466317705962676,0,7.75275144242306,11.502744802952755,10.569387877609685,16278.018779627453,78347.70690530047,1.0,2844764.3995445524,4.076442307692307,0
baseline_v2_azimuthsubcellcount25_s20261002,azimuth_subcell_count,azimuth_subcell_count,25,20261002,Baseline V2 controlled single-target case,1.0,0.4,25.0,1.0032939753336576,0.0008737923212169107,0.0013379862719787106,0.004193003421936011,1.0,29.0,0.7069300964011782,0.32432174259676794,-0.06999430340973353,0.09487207649741174,53.62658620561433,0.5024014403978129,-0.47976364233326546,0.0,18,180.0,-53.2468982695,0.37968793611432955,60,2200,42,88,49204480,49204480,e535dec9bf736145897cbfc6e2686dcbc6d442f84c449e698de1303b667d57f7,ec62451bdddb1c7fc91a2d6a8e23339970e46dd5537cb2227788bc24bf297c31,Current legacy CSI [production replay],18.285015060948467,DL-SMI/MVDR local,0.003507112866415696,Current legacy CSI [production replay],18.285015060948467,18.285015060948467,-7.132473655425091,0.002325140342891822,0,13.283440414420706,-6.733890623795229,0.0006429221665908057,0,13.203901837751197,-6.764894617759185,0.0006429221665908057,0,13.202056971443085,-6.740171004464825,0.0006543013199817934,0,-0.8300184069223886,-0.011163710160637639,0.004492869063874981,0,-0.6406741577319468,-0.011162962361691793,0.004527006524047944,0,-0.614397141883011,1.4728045276231507,0.004460628129267182,0,7.7702432579036955,11.804223728812255,10.821898927010317,16834.261900955684,86974.67061819,1.0,2892346.608890066,4.085576923076923,0
baseline_v2_azimuthsubcellcount25_s20261003,azimuth_subcell_count,azimuth_subcell_count,25,20261003,Baseline V2 controlled single-target case,1.0,0.4,25.0,1.0105096675860443,0.0008686179971214254,-0.0056483828319858825,0.003791322126692546,1.0,29.0,0.7025153904629342,0.32169742344239755,-0.06983324308439778,0.08954279489385226,52.28677478709348,0.4898493979473494,-0.4677769149127399,0.0,18,180.0,-53.2468982695,-0.9601234824065248,60,2200,42,88,49204480,49204480,5e7f5b35e2de8651d0d10ead106b0343e53c9e58a25445069261a52ad51deb95,91b9eb921a7590641f36c3749491810ff6737af0e8eb2b1d290e7ceac9cb5050,Current legacy CSI [production replay],15.974328331555212,DL-SMI/MVDR local,-0.05508387809161874,Current legacy CSI [production replay],15.974328331555212,15.974328331555212,-6.869985029350582,0.0019154908208162645,0,14.010517512595923,-6.685627687498961,0.0002351691700804127,0,14.12864279661609,-6.694191959858569,0.0003375815505993021,0,14.123347425490062,-6.670961039142508,0.00033378849946897286,0,-0.8870928770173805,-0.011117555015001042,0.004508041268396298,0,-0.680493315266844,-0.011124142446953516,0.004498558640570475,0,-0.7498322738953416,1.4443936451022152,0.004473903808223335,0,7.8495230797367075,11.793023549975457,10.778603621338503,16912.80150166329,84668.01790930632,1.0,2930484.5656395433,4.072115384615385,0
baseline_v2_azimuthsubcellcount25_s20261004,azimuth_subcell_count,azimuth_subcell_count,25,20261004,Baseline V2 controlled single-target case,1.0,0.4,25.0,0.9910757258235564,0.0008699936431012926,0.0012294145776056494,0.004144665136820026,1.0,29.0,0.706940366649319,0.3198228320856728,-0.07038136478851728,0.09366583686015892,53.36568867686583,0.4999572181656367,-0.47742950060072664,0.0,18,180.0,-53.2468982695,0.1187904073658281,60,2200,42,88,49204480,49204480,4d3b3688219a1076219ebf24934a957039b0a3bbab647590111a1137264a31d7,5b3156b06fb9a4c53aa1b8df2d2741e9de9e5ed41fa2432c16c5f89ce3e155cf,Current legacy CSI [scientific controlled],18.472162436049768,DL-SMI/MVDR local,-0.03306948853121927,Current legacy CSI [scientific controlled],18.472162436049768,18.45831635135666,-7.017280106350187,0.0020710059171597634,0,15.754106879497016,-6.7265178490639475,0.0002863753603398574,0,15.906046780153023,-6.731845232657671,0.00040206341981489913,0,15.922704210675203,-6.70694352169153,0.00039827036868456985,0,-0.8951876762434385,-0.011191814803110836,0.004407525413442573,0,-0.6950954982140303,-0.011198077353485839,0.004428387194659384,0,-1.315604704430489,1.321424885405338,0.00439804278561675,0,7.953389985531853,11.902115406501949,10.917502865744265,16766.351329475507,85480.77471092851,1.0,2853131.7545332946,4.069230769230769,0
baseline_v2_azimuthsubcellcount25_s20261005,azimuth_subcell_count,azimuth_subcell_count,25,20261005,Baseline V2 controlled single-target case,1.0,0.4,25.0,1.0158046602434376,0.0008721482755591434,-0.00640617926672805,0.004131149298880128,1.0,29.0,0.6955508964372128,0.29939001657773884,-0.07172895900626153,0.09966479695154949,53.05553103095471,0.49705150182078706,-0.47465465010834407,0.0,18,180.0,-53.2468982695,-0.19136723854528895,60,2200,42,88,49204480,49204480,14e1186c15ac21756d2833320d1401931877d12bf536ec174d359dc57a94ab0b,b5c8c767895413f6797a12c599f071193a5ddba1e6ae7767e4e2565a7de1e32d,Current legacy CSI [scientific controlled],21.172494066305934,DL-SMI/MVDR local,0.013711563141339589,Current legacy CSI [scientific controlled],21.172494066305934,21.102269888848095,-6.856673523820048,0.0023820361098467607,0,18.416209601850248,-6.703655881222572,0.00030723714155666816,0,18.122562809612084,-6.7466711847181156,0.00040016689424973446,0,18.16531329905374,-6.704717754100753,0.0004134425732058868,0,-0.7531510259683092,-0.011114071356116823,0.0045118343195266275,0,-0.5733255806593514,-0.011128676563955442,0.004525109998482779,0,-0.6110816943086421,1.6481507886836946,0.004473903808223335,0,7.868977647347241,11.902942338019153,10.892901381649855,16554.012581161915,83324.34976755075,1.0,2962655.270833442,4.070673076923077,0
baseline_v2_azimuthsubcellcount25_s20261006,azimuth_subcell_count,azimuth_subcell_count,25,20261006,Baseline V2 controlled single-target case,1.0,0.4,25.0,1.0145216537838246,0.0008687190103603265,0.001683250681552975,0.0036646197649608976,1.0,29.0,0.7104435151447693,0.32885452661495507,-0.06869659741265687,0.09119408256007426,53.303700508002144,0.4993764811184316,-0.47687491833951934,0.0,18,180.0,-53.2468982695,0.05680223850214303,60,2200,42,88,49204480,49204480,1ebc5ccc4ad5954f3464c89f16c3645e9839e2bc1ffdb202276ba0de74f5988b,c87ace0b8d7b5c3a23474d9ad11ccaafb1f59bac86e71de2e7324a55fe82d7c2,Current legacy CSI [production replay],22.547692970330573,DL-SMI/MVDR local,-0.06136469079235485,Current legacy CSI [production replay],22.547692970330573,22.547692970330573,-6.979586994004457,0.0022341071157639205,0,18.762844336345417,-6.731676415975388,0.00023327264451524806,0,18.850995980595723,-6.759131411323825,0.0003394780761644667,0,18.840198723488456,-6.749510186552904,0.00034706417842512516,0,-0.9145223466072889,-0.011253080001103692,0.004449248975876195,0,-0.7139411693244625,-0.011256551754031362,0.004481489910483994,0,-1.0978680749292458,1.461700512076968,0.004399939311181915,0,7.820966758055585,11.769997279532427,10.7492031378125,16861.93580389771,84537.02986159481,1.0,2901046.4178819503,4.076923076923077,0
baseline_v2_azimuthsubcellcount25_s20261007,azimuth_subcell_count,azimuth_subcell_count,25,20261007,Baseline V2 controlled single-target case,1.0,0.4,25.0,0.9810836817343789,0.0008789339597563618,-0.007095480429971729,0.0041886932192800016,1.0,29.0,0.7001700481466103,0.29242177409813613,-0.07331124315018057,0.10311408870423816,53.24410467567088,0.4988181567102708,-0.4763417393563788,0.0,18,180.0,-53.2468982695,-0.002793593829121158,60,2200,42,88,49204480,49204480,c4788f5e420936c33cef4610a35eb9f743f75228d294cf8962ec217e39272386,772b32808f44478082c46f9e2ae4693075fae5a266986e6bd9c42b8880bd6207,Current legacy CSI [production replay],17.344071831745698,DL-SMI/MVDR local,-0.06612725975101341,Current legacy CSI [production replay],17.344071831745698,17.344071831745698,-6.910628663292416,0.002545137308450918,0,13.445513592590103,-6.701113451592268,0.0005386132605067517,0,13.412669623641609,-6.709477479715198,0.0006429221665908057,0,13.415467657731675,-6.674235964010834,0.0006505082688514641,0,-0.9295980274908873,-0.011270490602980526,0.004460628129267182,0,-0.7396767807508233,-0.011259303723994703,0.004498558640570475,0,-0.9214590152237889,1.3859294910229358,0.004396146260051585,0,7.9776296623008855,12.082485652542783,11.026171237074731,16119.99917996081,79071.20708283903,1.0,2846234.7101570964,4.076923076923077,0
baseline_v2_azimuthsubcellcount25_s20261008,azimuth_subcell_count,azimuth_subcell_count,25,20261008,Baseline V2 controlled single-target case,1.0,0.4,25.0,1.001323607171783,0.0008649431861861318,-0.0004689831589638827,0.00393253534468373,1.0,29.0,0.705632288294962,0.3194049591251412,-0.06814020544746607,0.0937110146254064,54.4129143569051,0.5097681669375022,-0.4867985982521251,0.0,18,180.0,-53.2468982695,1.1660160874050955,60,2200,42,88,49204480,49204480,900794c4a3ccccd2d5e16603f79974d8cc469ac33d97b54cfc856a3c43c1ed65,b8a05aba60ee7d615f4d1d242a38cb6599fddaf98ae4d9728fd0d524c90cc3e0,Current legacy CSI [scientific controlled],23.39923642956819,DL-SMI/MVDR local,0.04099738884489845,Current legacy CSI [scientific controlled],23.39923642956819,23.38754704234494,-6.944405856472055,0.0017504930966469427,0,17.509759048439424,-6.737607626642007,0.00024275527234107115,0,17.28326404882647,-6.7531237623688085,0.00036413290851160674,0,17.276764548699166,-6.734803548201528,0.0003698224852071006,0,-0.6813928135632361,-0.01117673185993877,0.004492869063874981,0,-0.5208547277856068,-0.011187121826460806,0.004515627370656957,0,-0.28425645159834456,1.3379181170626824,0.004375284478834775,0,7.6971054618408346,11.685227023886803,10.662005636415447,17107.088713163044,84917.13771179308,1.0,2932941.6545678247,4.076923076923077,0
baseline_v2_azimuthsubcellcount25_s20261009,azimuth_subcell_count,azimuth_subcell_count,25,20261009,Baseline V2 controlled single-target case,1.0,0.4,25.0,1.003094523776056,0.00087060781792802,-0.006886611112732123,0.003955874043558016,1.0,29.0,0.7113890981486922,0.329950151721556,-0.0702454206398263,0.08993602579714749,53.20899718266014,0.4984892516595237,-0.47602764732106345,0.0,18,180.0,-53.2468982695,-0.03790108683985844,60,2200,42,88,49204480,49204480,9536c6c07b976900cbcaa2368b33ec8e596a1a731fc44015539308b960ad5cd7,55447f408c132472f016830d1d2fa59b31d48d0743aeb5dceb7745e0d99d233a,Current legacy CSI [production replay],17.90860580981565,DL-SMI/MVDR local,-0.04415410155350763,Current legacy CSI [production replay],17.90860580981565,17.90860580981565,-7.064669585004314,0.002251175845850402,0,13.976726189343907,-6.693031487119493,0.00047792444242148385,0,14.322485343823796,-6.720104684446118,0.0005689576695493855,0,14.311808740082821,-6.698980522985206,0.0005708541951145501,0,-0.9561839479808194,-0.011189092723837125,0.004454938552571688,0,-0.7370387965830121,-0.011198214599578088,0.004487179487179487,0,-0.6989836418648707,1.40317743616485,0.004508041268396298,0,7.803620452731583,11.691734196995213,10.683522897815603,16203.926522535845,79534.03818219814,1.0,2903838.109535978,4.092307692307692,0
baseline_v2_azimuthsubcellcount25_s20261010,azimuth_subcell_count,azimuth_subcell_count,25,20261010,Baseline V2 controlled single-target case,1.0,0.4,25.0,1.020046417468248,0.000865586581828811,0.0006959981784307378,0.004220567756664895,1.0,29.0,0.7088931097422804,0.3358026740888668,-0.06714400024197249,0.0883118751629983,53.79803124193791,0.5040076256744175,-0.48129749023548946,0.0,18,180.0,-53.2468982695,0.5511329724379095,60,2200,42,88,49204480,49204480,1b1de3e77736bb4cffedcc1bcc991c7f4893cf45a8f951e6fcb66105fb0a4e23,60a8865be4586b2d57783e3adb87ee15730dcdb989c0a6e4bec1d38062603587,Current legacy CSI [scientific controlled],21.134272230345285,DL-SMI/MVDR local,0.05271714341104827,Current legacy CSI [scientific controlled],21.134272230345285,21.08036918234771,-7.05375473913411,0.0023896222121074194,0,18.35277857880652,-6.730799165083193,0.00040206341981489913,0,17.80249279728385,-6.773145444650206,0.0005082688514641177,0,17.74351149328147,-6.747862998806858,0.0005158549537247762,0,-0.6770875660363473,-0.01135095604684656,0.004432180245789713,0,-0.5017773686415037,-0.011332438358435984,0.004453042027006524,0,-0.28658862897539406,1.6437226689767108,0.004386663632225762,0,7.809864565213969,11.658561050171896,10.666820627941046,17741.588057160414,90256.12301557539,1.0,2950912.1543149524,4.076923076923077,0
baseline_v2_channelampmismatchdb0p0_s20261001,channel_amp_mismatch_db,channel_amp_mismatch_db,0.0,20261001,Baseline V2 controlled single-target case,1.0,0.4,9.0,0.9303273803163554,0.000869677951869182,-0.005038485059275401,0.004118855846584728,1.0,34.0,0.7200843623929984,0.35022814905888155,-0.06785723205465059,0.06141281363754694,51.726860150752195,0.4846038296630078,-0.46276760101665143,0.0,18,180.0,-53.2468982695,-1.5200381187478063,60,2200,42,88,49204480,49204480,9e32bac719786333969352acbdc00470d19d2c7d91219c34a2dc910aeb55da31,11949757f2435d033f727c153b14d6a2ff78fabd539e30464be80a0fd40b67c9,Current legacy CSI [production replay],17.996835494221045,DL-SMI/MVDR local,-0.05634664085537988,Current legacy CSI [production replay],17.996835494221045,17.996835494221045,-6.887761591762218,0.0018699742072523138,0,15.947412443340506,-6.686827926573572,0.00012137763617053558,0,16.025745116319236,-6.700599625057491,0.0002275830678197542,0,16.008049215033864,-6.6743094941672485,0.0002275830678197542,0,-0.9042088765858871,-0.011058778326817724,0.004399939311181915,0,-0.7091991367133268,-0.01107220105487699,0.004401835836747079,0,-1.0525776656312513,1.327339140612526,0.004303216507358519,0,7.032576483712582,10.79561296588519,9.82927582416034,15850.817922068609,76631.39417839571,1.0,2916250.209803612,4.092788461538461,0
baseline_v2_channelampmismatchdb0p0_s20261002,channel_amp_mismatch_db,channel_amp_mismatch_db,0.0,20261002,Baseline V2 controlled single-target case,1.0,0.4,9.0,0.9370420111754768,0.0008745464034807713,0.0006319348085212062,0.004136077698668929,1.0,34.0,0.718583248787581,0.3378745093527875,-0.06892175769555393,0.06595005751534756,53.29791706895108,0.4993222988869062,-0.47682317632771304,0.0,18,180.0,-53.2468982695,0.05101879945107865,60,2200,42,88,49204480,49204480,6534b68a0035addf2373e576c05e046fd7cde3a80e7d73d44ec1f91457af9d9e,c424eb924cc3179a2a0566d2d37ce8cca2bc3f8d88150018e6e5273e2285bd13,Current legacy CSI [production replay],18.0735472842031,DL-SMI/MVDR local,0.014218375813011441,Current legacy CSI [production replay],18.0735472842031,18.0735472842031,-7.1076224252610745,0.0020691093915945987,0,13.408007745354418,-6.726837423775591,0.0005405097860719162,0,13.322262344550815,-6.750798664432411,0.0005974055530268549,0,13.32233021002759,-6.728628344714252,0.0006011986041571841,0,-0.8159505036607868,-0.011171014337339542,0.004399939311181915,0,-0.6279735091487133,-0.011167451957128803,0.004396146260051585,0,-0.6068732639114605,1.4728356231547421,0.004339250493096647,0,6.971886116742489,10.98987943728472,9.999203848635783,16441.73273203061,84977.30023713915,1.0,2967464.50152658,4.107692307692307,0
baseline_v2_channelampmismatchdb0p0_s20261003,channel_amp_mismatch_db,channel_amp_mismatch_db,0.0,20261003,Baseline V2 controlled single-target case,1.0,0.4,9.0,0.9481294812797509,0.0008717087279182676,-0.006686752820575073,0.004198811898283493,1.0,34.0,0.7149041028010312,0.33960740208519713,-0.06888729015482423,0.062176684782326845,52.02396851643629,0.48738729363928274,-0.465425700520136,0.0,18,180.0,-53.2468982695,-1.2229297530637093,60,2200,42,88,49204480,49204480,14055bc367a1a96289a75434c53e7432b62f64481d1e120fab712b4acae6f2de,fd272a409a4bf8cc461e92edc387805f1c60da810a32ec9acc25dd9ac2215f92,Current legacy CSI [production replay],15.793770212210944,DL-SMI/MVDR local,-0.042960900030835525,Current legacy CSI [production replay],15.793770212210944,15.793770212210944,-6.865948055161849,0.0017030799575178273,0,14.08766531423029,-6.685433351661716,0.00018016992869063876,0,14.159504744085304,-6.683661846872351,0.00025223790016689425,0,14.150549177754584,-6.661047672509786,0.0002560309512972235,0,-0.8694359994469139,-0.011138548042026374,0.004407525413442573,0,-0.6651614617475499,-0.011140001600924822,0.004390456683356091,0,-0.745347839139443,1.4438865533146088,0.004356319223183128,0,7.110465041053856,11.063835832519558,10.020741944347836,16435.938906997257,82308.98351525077,1.0,2999984.7247506324,4.1,0
baseline_v2_channelampmismatchdb0p0_s20261004,channel_amp_mismatch_db,channel_amp_mismatch_db,0.0,20261004,Baseline V2 controlled single-target case,1.0,0.4,9.0,0.9263251244188216,0.0008731864389406981,-0.006635780045024385,0.004388176333235509,1.0,34.0,0.7188610728939064,0.34427368535403813,-0.0690512630532407,0.0629213109072748,52.66410369069449,0.49338440918125537,-0.47115271530343217,0.0,18,180.0,-53.2468982695,-0.5827945788055118,60,2200,42,88,49204480,49204480,5b4d122f16c3877dfe3b60a162f56a961faf9ca2aa9d7ff2f7dddbe38d89e449,5c71a6c31e20a1e5da74448bd5f9f7974c587bd6585a9afda6bc08a9db588c4b,Current legacy CSI [scientific controlled],19.059632014812458,DL-SMI/MVDR local,-0.044283613145101874,Current legacy CSI [scientific controlled],19.059632014812458,19.053425358106736,-6.968560485911207,0.0019363526020330754,0,15.759513773565729,-6.680614080822269,0.00028447883477469274,0,16.00336909308049,-6.678937453178447,0.0003394780761644667,0,16.02070102458747,-6.656659068027323,0.0003394780761644667,0,-0.9240761911374173,-0.011178276987301027,0.004270975572750721,0,-0.7215529297227938,-0.011176514596371813,0.004325974814140494,0,-1.3079211396595936,1.3138472326723178,0.004276665149446215,0,7.170913442870535,11.096183372122855,10.113265193501668,16261.032368642433,83066.32214106145,1.0,2926458.0266922168,4.076923076923077,0
baseline_v2_channelampmismatchdb0p0_s20261005,channel_amp_mismatch_db,channel_amp_mismatch_db,0.0,20261005,Baseline V2 controlled single-target case,1.0,0.4,9.0,0.9531504859611146,0.0008722811819100143,-0.006444968950096633,0.003981591213402969,1.0,34.0,0.7075709232536184,0.3119584778958466,-0.07064170165211381,0.06890359123088448,52.54034274181763,0.49222495296037394,-0.4700454788225172,0.0,18,180.0,-53.2468982695,-0.7065555276823707,60,2200,42,88,49204480,49204480,82ff44233a441d6c5841120ccd2982af7c993ac3afbf2797070168992cf4475c,e388570b515b3ca84e606b295148bf3e0d20e0fde7767e0425c6585c0ecd423e,Current legacy CSI [scientific controlled],21.454854087984927,DL-SMI/MVDR local,0.015332768751093795,Current legacy CSI [scientific controlled],21.454854087984927,21.375693165914893,-6.837609200027234,0.002165832195417994,0,18.958797594028336,-6.692898180566003,0.0002446517979062358,0,18.722289611933657,-6.727821960575236,0.0003186162949476559,0,18.759894056209156,-6.688512048554717,0.0003413746017296313,0,-0.7492215005925287,-0.011131695851167776,0.0044189045668335605,0,-0.570620588604176,-0.011141728370320781,0.004413214990138067,0,-0.6112220505357611,1.6499534264270608,0.004363905325443787,0,7.132764305432316,11.129102411085729,10.117719998241537,16186.005059549865,81475.94512662772,1.0,3031805.3038,4.092788461538461,0
baseline_v2_channelampmismatchdb0p0_s20261006,channel_amp_mismatch_db,channel_amp_mismatch_db,0.0,20261006,Baseline V2 controlled single-target case,1.0,0.4,9.0,0.9511720975112572,0.0008721229096255959,-0.007590833366302011,0.0038611621676631677,1.0,34.0,0.72237655466906,0.35178969861341924,-0.0678132240940557,0.06274125120818938,52.90132832872653,0.49560685159793616,-0.47327506356194127,0.0,18,180.0,-53.2468982695,-0.34556994077347575,60,2200,42,88,49204480,49204480,22297d8b68775689ce6dc68fc39a86f592d83832b93c998150eb7b707c129bdd,7c5ec9e0332e7e7841103212e81fb1421b607a74b12b328eccbcbb3d1de347ba,Current legacy CSI [production replay],22.92292393593071,DL-SMI/MVDR local,-0.06751397843235907,Current legacy CSI [production replay],22.92292393593071,22.92292393593071,-6.950780172519825,0.0019761796389015326,0,18.58681404117563,-6.703062511251021,0.00019154908208162647,0,18.77667143259785,-6.717399613588166,0.0002655135791230466,0,18.77410135562788,-6.707998562406194,0.00028447883477469274,0,-0.945600149758772,-0.01124246220544959,0.004322181763010165,0,-0.7401061487793803,-0.011238395989519824,0.004362008799878622,0,-1.1076094616685426,1.4570350303981614,0.004288044302837202,0,7.046505416681354,10.995878804989657,9.959027319728799,16414.225675311798,82045.00709016902,1.0,2972147.448796438,4.1,0
baseline_v2_channelampmismatchdb0p0_s20261007,channel_amp_mismatch_db,channel_amp_mismatch_db,0.0,20261007,Baseline V2 controlled single-target case,1.0,0.4,9.0,0.9113985386007066,0.0008761499578383195,-0.00798049190460754,0.004097053188132602,1.0,34.0,0.7120058465570231,0.3208107503697075,-0.07203439905675517,0.07100420888986733,52.95798785462485,0.496137667177254,-0.4737819724137421,0.0,18,180.0,-53.2468982695,-0.2889104148751547,60,2200,42,88,49204480,49204480,db21ee9efdd04d863fed168395075c656785cfc1f0f4f019f4c27a9ec09589bc,21792fb60191a4a3c6e2256386a410823098a876981d7d17f53af06123cb82c9,Current legacy CSI [production replay],17.045223961343986,DL-SMI/MVDR local,-0.05595657465643811,Current legacy CSI [production replay],17.045223961343986,17.045223961343986,-6.887456350279066,0.002296692459414353,0,13.46872127756569,-6.687344401198507,0.00043999393111819146,0,13.423403608993246,-6.691216444921253,0.000527234107115764,0,13.425678816193285,-6.657911646289292,0.0005575785161583978,0,-0.9210010336214065,-0.011287409176420429,0.004339250493096647,0,-0.7321397362658013,-0.011272056321218747,0.004390456683356091,0,-0.919250626430907,1.3867128764200662,0.004270975572750721,0,7.218708688419998,11.253036054792695,10.229616124327823,15724.347006990747,77170.42499416844,1.0,2924871.8228513175,4.122596153846154,0
baseline_v2_channelampmismatchdb0p0_s20261008,channel_amp_mismatch_db,channel_amp_mismatch_db,0.0,20261008,Baseline V2 controlled single-target case,1.0,0.4,9.0,0.9400173677818773,0.0008709881591140516,-0.0005515276498486859,0.004548754937369176,1.0,34.0,0.7171586196960378,0.34027172248017695,-0.06730395901330716,0.06521901894926747,53.9014589984017,0.5049765900911583,-0.48222281580497184,0.0,18,180.0,-53.2468982695,0.6545607289016999,60,2200,42,88,49204480,49204480,4679e9201a9f408005982fdebba164fda59bc7a4ef1cf806563fe7269f29d530,d3e8e23ce65a116d82c8a8f713754959cf925db8509122ce7a5960f5c8aa6949,Current legacy CSI [scientific controlled],23.050120534545982,DL-SMI/MVDR local,0.0464173915480206,Current legacy CSI [scientific controlled],23.050120534545982,23.029613491406046,-6.897288821958458,0.0015817023213472918,0,17.72961370347364,-6.724936501481591,0.00021999696555909573,0,17.531856902335125,-6.727249989063143,0.00031292671825216206,0,17.529918444044778,-6.70921972863173,0.0003167197693824913,0,-0.6695135816431561,-0.011199350765126764,0.004407525413442573,0,-0.5107459119030624,-0.011204070885656725,0.004420801092398725,0,-0.27995092768531027,1.3390349352646183,0.004286147777272037,0,6.962893284805568,10.920014497174348,9.9152677651531,16703.718977957164,82943.40350150237,1.0,3001177.422313904,4.076923076923077,0
baseline_v2_channelampmismatchdb0p0_s20261009,channel_amp_mismatch_db,channel_amp_mismatch_db,0.0,20261009,Baseline V2 controlled single-target case,1.0,0.4,9.0,0.9407699841783502,0.000873279066879206,-0.006998824121147087,0.004115983799784658,1.0,34.0,0.7224662968626719,0.34948306361530695,-0.06926244325165201,0.06329642957403665,52.72971824279456,0.49399912005171315,-0.4717397408171613,0.0,18,180.0,-53.2468982695,-0.5171800267054383,60,2200,42,88,49204480,49204480,b1438c35b190cb9eedf9239c98fe0018cd808c76fdb47fd08463002227586361,1d08eefd2a52ddcd8c059aa8a8e15e5f8b0b9c2b3a4c46bc1029cfb1a55b90d9,Current legacy CSI [production replay],17.8333151322106,DL-SMI/MVDR local,-0.03008551070074006,Current legacy CSI [production replay],17.8333151322106,17.8333151322106,-7.037320452578999,0.0021487634653315126,0,14.033972274720336,-6.678946586674855,0.0003944773175542406,0,14.343794975842348,-6.699294064248033,0.00043620087998786223,0,14.328533599743905,-6.680148653043487,0.0004343043544226976,0,-0.9375199968739762,-0.01122056594959022,0.004333560916401153,0,-0.7207964378642604,-0.011222720935510595,0.004367698376574116,0,-0.6933112977092701,1.4041859804745491,0.004382870581095434,0,7.0759960562224835,10.967080454630038,9.945041766710048,15794.733581245557,77741.79467017918,1.0,2972016.466734843,4.107692307692307,0
baseline_v2_channelampmismatchdb0p0_s20261010,channel_amp_mismatch_db,channel_amp_mismatch_db,0.0,20261010,Baseline V2 controlled single-target case,1.0,0.4,9.0,0.95813388946469,0.0008676557992087834,0.0003622535225531584,0.0041060948399102735,1.0,34.0,0.7212110842182577,0.35160025213006957,-0.06655758761877241,0.06213974194393997,53.36190131318192,0.4999217361947573,-0.4773956166381279,0.0,18,180.0,-53.2468982695,0.11500304368191819,60,2200,42,88,49204480,49204480,45786814f41b387067db99aed98ed5a7e066ee306822b1ea23a5c64711ced70b,7cc297e488905e86aa4b29f5d2c40b12144864b3cb1c70c6cea9d4998cdc013d,Current legacy CSI [scientific controlled],20.48437234525327,DL-SMI/MVDR local,0.06202473787599949,Current legacy CSI [scientific controlled],20.48437234525327,20.423518671508486,-7.069404025736768,0.0021146260051585495,0,18.160128319244816,-6.724357497710338,0.00030723714155666816,0,17.66642768819521,-6.759185507402362,0.0003299954483386436,0,17.610312900681983,-6.734561130076699,0.00034516765285996055,0,-0.664946873381036,-0.011372318746929828,0.004312699135184343,0,-0.4906668562804022,-0.011348551098456977,0.004325974814140494,0,-0.27971143801941034,1.645262972871406,0.004305113032923684,0,7.091233237769808,10.97354463919606,9.92998417586983,17216.692994844594,87209.98460291103,1.0,3022279.491586866,4.084615384615384,0
baseline_v2_channelampmismatchdb0p75_s20261001,channel_amp_mismatch_db,channel_amp_mismatch_db,0.75,20261001,Baseline V2 controlled single-target case,1.0,0.4,9.0,0.9303273803163554,0.000869665723158195,-0.00504387721974144,0.004122768774420117,1.0,34.0,0.720086152109383,0.3502369888892999,-0.4509791474393079,0.06141424796834813,51.726860150752195,0.4846038296630078,-0.46276760101665143,0.0,18,180.0,-53.2468982695,-1.5200381187478063,60,2200,42,88,49204480,49204480,f9d42642e895182e9a29567820d30e8f531268b007fe7ea25f55839b57147dba,a6de4678d08d46986876e9c68f2194f5459d0bb2fc8905de26490746ffcd44e2,Current legacy CSI [production replay],17.882199438309954,DL-SMI/MVDR local,-0.11541392588969668,Current legacy CSI [production replay],17.882199438309954,17.882199438309954,-6.8347173690432905,0.0019135942952511,0,14.249728947328178,-6.44867353020018,0.0014527385829160976,0,16.020849498047113,-6.701187945884243,0.00029016841147018664,0,16.00384616498249,-6.675422552276425,0.0002958579881656805,0,-0.9691557786614178,0.14144524045176185,0.004403732362312244,0,-0.7684831867423458,0.1651598924558402,0.004413214990138067,0,-1.100096434840819,1.5048017903775615,0.004318388711879836,0,7.0914883643498765,10.878710655497674,9.910972581297319,15944.774671114073,77030.09239072492,1.0,2940275.9248472992,4.085096153846154,0
baseline_v2_channelampmismatchdb0p75_s20261002,channel_amp_mismatch_db,channel_amp_mismatch_db,0.75,20261002,Baseline V2 controlled single-target case,1.0,0.4,9.0,0.9370420111754768,0.0008745186452691744,0.0006288829788930548,0.004139931904065674,1.0,34.0,0.7185858190253593,0.33786922360260835,-0.4520420692539202,0.06595368246776048,53.29791706895108,0.4993222988869062,-0.47682317632771304,0.0,18,180.0,-53.2468982695,0.05101879945107865,60,2200,42,88,49204480,49204480,87ca705beb8805d75cde9fc16b13023e17e073db01328ba584854a7592798f3d,a8c32f8c98f2c3f48368a1857c89506ab69f5661896da12a4081f8dbf347eb98,Current legacy CSI [scientific controlled],18.111317726231963,DL-SMI/MVDR local,-0.04303850150615407,Current legacy CSI [scientific controlled],18.111317726231963,18.109284056965162,-7.021345878371319,0.0020691093915945987,0,12.858040796566069,-6.4838938905284,0.0015589440145653164,0,13.342425292950828,-6.7512286107191075,0.0006239569109391594,0,13.344314270039849,-6.7290340419072825,0.0006315430131998179,0,-0.877449257445738,0.1424452955684169,0.004390456683356091,0,-0.6839643548570695,0.16574454570720054,0.004388560157790927,0,-0.6540720190124385,1.6508336987614407,0.004344940069792141,0,7.036681579499221,11.073897778858818,10.08294932410677,16537.912238019977,85386.45959503218,1.0,2995908.3231405765,4.092307692307692,0
baseline_v2_channelampmismatchdb0p75_s20261003,channel_amp_mismatch_db,channel_amp_mismatch_db,0.75,20261003,Baseline V2 controlled single-target case,1.0,0.4,9.0,0.9481294812797509,0.000871668666677836,-0.006688037329352791,0.004203270687480987,1.0,34.0,0.7149054938493045,0.3396117718915702,-0.45200811730054036,0.06217650839712441,52.02396851643629,0.48738729363928274,-0.465425700520136,0.0,18,180.0,-53.2468982695,-1.2229297530637093,60,2200,42,88,49204480,49204480,1170f38d9aa49c88b8888b34367ca85479d44f93e9e00abdfd1170fd644acef1,4e6c94bf20bfd2bb5d0a80c988b11eb2db8819282fb4836937710d78a7d07942,Current legacy CSI [production replay],15.760702025442757,DL-SMI/MVDR local,-0.10937272770934037,Current legacy CSI [production replay],15.760702025442757,15.760702025442757,-6.79468619530875,0.0017163556364739796,0,12.82386618589014,-6.44894681761989,0.0014584281596115916,0,14.179998165370701,-6.68407471695665,0.0002674101046882112,0,14.170836882931422,-6.661474747315146,0.0002806857836443635,0,-0.9356830660429667,0.14203383884977533,0.004417008041268397,0,-0.7272396264919685,0.16534403330565656,0.004405628887877409,0,-0.7941684252464158,1.623848971707646,0.0043544226976179636,0,7.167352561156899,11.149001149302295,10.102067562464729,16535.657529428252,82703.8360656559,1.0,3030885.1992961518,4.092307692307692,0
baseline_v2_channelampmismatchdb0p75_s20261004,channel_amp_mismatch_db,channel_amp_mismatch_db,0.75,20261004,Baseline V2 controlled single-target case,1.0,0.4,9.0,0.9263251244188216,0.0008731655559468354,-0.006636719378418211,0.004389368944023753,1.0,34.0,0.7188621067362456,0.3442857861398646,-0.4521733865764457,0.06292198387182275,52.66410369069449,0.49338440918125537,-0.47115271530343217,0.0,18,180.0,-53.2468982695,-0.5827945788055118,60,2200,42,88,49204480,49204480,475d830a3133938cc89dd4fc49c8f98399353263ba4acf2c5447799599902da3,f95baa071990fa8bbf14db2422080b5c96f43d07daba57c94861d1f55403be26,Current legacy CSI [scientific controlled],19.0888746616339,DL-SMI/MVDR local,-0.11257635291692569,Current legacy CSI [scientific controlled],19.0888746616339,19.08318529935195,-6.915410303807531,0.001932559550902746,0,13.672978214426767,-6.44290202643684,0.0015001517220452132,0,16.02164770374843,-6.679283155563409,0.00036792595964193597,0,16.039673545064993,-6.6572353886911575,0.00037740858746775904,0,-0.9899678105500538,0.13962178489652805,0.004267182521620391,0,-0.7822086559696642,0.16412767343241483,0.004325974814140494,0,-1.3545704314937121,1.49351038155239,0.004284251251706873,0,7.235978940000535,11.180345348662147,10.193978263377046,16356.347123215688,83492.99295608804,1.0,2975051.045137962,4.0740384615384615,0
baseline_v2_channelampmismatchdb0p75_s20261005,channel_amp_mismatch_db,channel_amp_mismatch_db,0.75,20261005,Baseline V2 controlled single-target case,1.0,0.4,9.0,0.9531504859611146,0.0008722078291198741,-0.006444803377054583,0.0039890661693363,1.0,34.0,0.7075726219019574,0.3119622746159879,-0.4537618798846502,0.06890386708938254,52.54034274181763,0.49222495296037394,-0.4700454788225172,0.0,18,180.0,-53.2468982695,-0.7065555276823707,60,2200,42,88,49204480,49204480,ee6ec664a042b0446db2f8f19af56ca73ae5a778ff703ec30c49dcfcc7d6a52c,fc8d6da0a1cb5a3e6224df6e2eafad2b0b382cf36f01dd6866c46b87177f528e,Current legacy CSI [scientific controlled],21.54928327883884,DL-SMI/MVDR local,-0.03267464290281197,Current legacy CSI [scientific controlled],21.54928327883884,21.470289925435576,-6.715182103756183,0.0021923835533302987,0,17.04498974079654,-6.454990154135287,0.0014906690942193901,0,18.74769173568091,-6.72777320723318,0.00034706417842512516,0,18.785590034876563,-6.688505093816221,0.00036602943407677136,0,-0.8084779676431664,0.13850754807327204,0.004413214990138067,0,-0.6249715454221993,0.162421408822565,0.0044359732969200425,0,-0.6495820376179049,1.8280313852854344,0.004390456683356091,0,7.199443681947341,11.215987588900036,10.202690718170206,16282.125714950378,81901.55558203766,1.0,3078767.347986092,4.085096153846154,0
baseline_v2_channelampmismatchdb0p75_s20261006,channel_amp_mismatch_db,channel_amp_mismatch_db,0.75,20261006,Baseline V2 controlled single-target case,1.0,0.4,9.0,0.9511720975112572,0.0008721025838876901,-0.0075916178625783,0.0038674126580690187,1.0,34.0,0.7223795807923729,0.3518098127248737,-0.4509348831541343,0.06273858345794159,52.90132832872653,0.49560685159793616,-0.47327506356194127,0.0,18,180.0,-53.2468982695,-0.34556994077347575,60,2200,42,88,49204480,49204480,6a598f27a7e66c5d9f02bce18293ee7fe089429c449d2e4adee8aa7d675d58d1,f21879faa21002cf6aca4d95908cf1864149e7bce9dd81d4a9a9c07954aff798,Current legacy CSI [scientific controlled],22.825591959276167,DL-SMI/MVDR local,-0.1311243251130514,Current legacy CSI [scientific controlled],22.825591959276167,22.823480875218845,-6.880774866013729,0.001983765741162191,0,15.811178066828568,-6.464995313246894,0.001530496131087847,0,18.78487817569644,-6.717708603577661,0.0002863753603398574,0,18.783190904782252,-6.708665286091024,0.00030723714155666816,0,-1.0103963912619804,0.14289922876246486,0.004343043544226976,0,-0.7996272087924098,0.1671477946575843,0.00437718100439994,0,-1.1587435239686716,1.6380620867195084,0.004284251251706873,0,7.104095935983721,11.070425506006217,10.04015418130173,16512.03752331389,82428.28780664911,1.0,3005374.164276878,4.092788461538461,0
baseline_v2_channelampmismatchdb0p75_s20261007,channel_amp_mismatch_db,channel_amp_mismatch_db,0.75,20261007,Baseline V2 controlled single-target case,1.0,0.4,9.0,0.9113985386007066,0.0008761025868858257,-0.007981607024678155,0.004096290887576381,1.0,34.0,0.7120053189170429,0.3208167911647459,-0.4551545595693849,0.07100629566161379,52.95798785462485,0.496137667177254,-0.4737819724137421,0.0,18,180.0,-53.2468982695,-0.2889104148751547,60,2200,42,88,49204480,49204480,c23d965006f69a4f930790378aa35e6f2ff781fb84f907007066faacd052264a,a8a3f2578e441cb46e354e3940beecaaf61ebb6223c5dae093fe548a93cb179e,Current legacy CSI [production replay],17.074522036665464,DL-SMI/MVDR local,-0.12253460622553991,Current legacy CSI [production replay],17.074522036665464,17.074522036665464,-6.722076766689947,0.0022853133060233653,0,12.68249874267545,-6.449847671900528,0.001555150963434987,0,13.431216123342152,-6.691444278558821,0.0005860263996358671,0,13.433306026215208,-6.658348434747229,0.0006068881808526779,0,-0.9854130194801671,0.14160142600494588,0.004341147018661812,0,-0.7919194535141525,0.1643875895941417,0.004380974055530269,0,-0.9673518983061227,1.5676693770528818,0.004267182521620391,0,7.284298058179485,11.346053241327267,10.317908039843033,15819.15059236407,77602.35667439889,1.0,2964170.420656823,4.1149038461538465,0
baseline_v2_channelampmismatchdb0p75_s20261008,channel_amp_mismatch_db,channel_amp_mismatch_db,0.75,20261008,Baseline V2 controlled single-target case,1.0,0.4,9.0,0.9400173677818773,0.0008709636554735034,-0.0005565444095109414,0.004556493822072126,1.0,34.0,0.7171539447434845,0.3402591520710888,-0.45042474465842525,0.06522034073809428,53.9014589984017,0.5049765900911583,-0.48222281580497184,0.0,18,180.0,-53.2468982695,0.6545607289016999,60,2200,42,88,49204480,49204480,72743bc9daf8ce529350018cfa15abe619a2a96a3716da529323832f27156d22,1417daec4a850b090dceb4e3721aea2f57cdfa10ffa041bb97d29770d00643b5,Current legacy CSI [scientific controlled],22.98294675537653,DL-SMI/MVDR local,0.0055114320243383474,Current legacy CSI [scientific controlled],22.98294675537653,22.959513078747463,-6.837130015965265,0.001594978000303444,0,16.365067251033157,-6.483395312374216,0.0014754968896980732,0,17.551358589116383,-6.72761717022894,0.00036602943407677136,0,17.55046296550333,-6.70979589247483,0.0003584433318161129,0,-0.7292227601113312,0.1405645743063943,0.004407525413442573,0,-0.5634792391050425,0.16383000214181165,0.0044359732969200425,0,-0.3233327152010208,1.5187810626356582,0.004295630405097861,0,7.026216441722378,11.016810808385218,9.998689719526077,16803.54848943461,83359.51280477984,1.0,3036286.000376894,4.076923076923077,0
baseline_v2_channelampmismatchdb0p75_s20261009,channel_amp_mismatch_db,channel_amp_mismatch_db,0.75,20261009,Baseline V2 controlled single-target case,1.0,0.4,9.0,0.9407699841783502,0.0008732749591516219,-0.0070015914176792485,0.0041194495604361244,1.0,34.0,0.7224675380027349,0.34948932676303884,-0.45238276786822024,0.06329633472519226,52.72971824279456,0.49399912005171315,-0.4717397408171613,0.0,18,180.0,-53.2468982695,-0.5171800267054383,60,2200,42,88,49204480,49204480,74f4c79c4644de92af0bbef7545e456d7c53e63d1b97e7fe9eb377d8c3b3d6e2,c0310eba5d0b4461a86803632e3cd07b12b7608ccaa72d1356e3270591ac7e86,Current legacy CSI [production replay],17.811363042069374,DL-SMI/MVDR local,-0.09515189569016602,Current legacy CSI [production replay],17.811363042069374,17.811363042069374,-6.928274950893568,0.0021487634653315126,0,12.171506935807143,-6.4407436047328375,0.0015399787589136702,0,14.359307134570921,-6.699664802865747,0.0004627522379001669,0,14.345563087107903,-6.680636255297284,0.0004646487634653315,0,-0.9991608235964673,0.14102710553988182,0.004337353967531482,0,-0.7796956840835358,0.16452503851227862,0.00437718100439994,0,-0.7367502832738131,1.5854821611738477,0.004380974055530269,0,7.132195159592371,11.047174175078172,10.024522719838911,15888.673021291568,78134.30326671127,1.0,3016012.8644251493,4.107692307692307,0
baseline_v2_channelampmismatchdb0p75_s20261010,channel_amp_mismatch_db,channel_amp_mismatch_db,0.75,20261010,Baseline V2 controlled single-target case,1.0,0.4,9.0,0.95813388946469,0.0008676296362390271,0.00035458674356173307,0.0041088053885800545,1.0,34.0,0.7212153666015516,0.351615378363994,-0.4496782101143015,0.06213775595711225,53.36190131318192,0.4999217361947573,-0.4773956166381279,0.0,18,180.0,-53.2468982695,0.11500304368191819,60,2200,42,88,49204480,49204480,4addf12230f3a8908f2b854483583636ba64df3fb57cbf072b0645d17a56eca6,94f70f47d3354e4e69e030ea8e0b48f6a940798a298c0173c24aadae31a7350f,Current legacy CSI [scientific controlled],20.40523152296795,DL-SMI/MVDR local,0.015778872523712906,Current legacy CSI [scientific controlled],20.40523152296795,20.34126571831493,-6.990635441575398,0.0021335912608101957,0,17.500477621814746,-6.479963640483234,0.0014944621453497192,0,17.690618206781973,-6.75957463473952,0.00036413290851160674,0,17.63559813583305,-6.735097154624569,0.0003717190107722652,0,-0.7331832986809834,0.1349713877660946,0.00429942345622819,0,-0.5509803033951788,0.1598882639128631,0.004335457441966318,0,-0.3253685782982654,1.8249257661300584,0.004289940828402367,0,7.156398435424274,11.057134208722104,10.006845989058984,17319.08586199667,87666.30646355198,1.0,3064951.391746908,4.085096153846154,0
baseline_v2_channelampmismatchdb1p5_s20261001,channel_amp_mismatch_db,channel_amp_mismatch_db,1.5,20261001,Baseline V2 controlled single-target case,1.0,0.4,9.0,0.9303273803163554,0.0008696535272652703,-0.005049319879390788,0.00412688870571979,1.0,34.0,0.7200866013784104,0.3502450083127919,-0.8503048012860149,0.06141568383249135,51.726860150752195,0.4846038296630078,-0.46276760101665143,0.0,18,180.0,-53.2468982695,-1.5200381187478063,60,2200,42,88,49204480,49204480,1200f1c3b229d5a2202efbf5a1889e6c532d087cc62ed23466b762912f8e8423,20b2397baf958f67b7efec25b467514930940593f988dc2bf5a581d0167052b1,Current legacy CSI [production replay],17.83029408312722,SA-MNEC physical [approximate academic reference],-0.1473416700442769,Current legacy CSI [production replay],17.83029408312722,17.83029408312722,-6.816899397601106,0.001883249886208466,0,11.69814702795784,-6.119195983034772,0.003057199211045365,0,16.013987897441684,-6.7017277690836465,0.0003584433318161129,0,15.997467271923076,-6.676540200912012,0.00036792595964193597,0,-1.0311946616866234,0.24888594218611243,0.004392353208921256,0,-0.8263226397832351,0.3034889077086762,0.004426490669094219,0,-1.1485284920591847,1.631248419689539,0.004325974814140494,0,7.137223660386168,10.939723062300446,9.98052191956564,16221.541859481169,78303.80349533045,1.0,3021602.1347481804,4.079326923076923,0
baseline_v2_channelampmismatchdb1p5_s20261002,channel_amp_mismatch_db,channel_amp_mismatch_db,1.5,20261002,Baseline V2 controlled single-target case,1.0,0.4,9.0,0.9370420111754768,0.0008744909315571564,0.0006257356520014137,0.0041439994061596465,1.0,34.0,0.7185871363326081,0.337863451655113,-0.851365553811822,0.06595727879613375,53.29791706895108,0.4993222988869062,-0.47682317632771304,0.0,18,180.0,-53.2468982695,0.05101879945107865,60,2200,42,88,49204480,49204480,6055e092764a36de3fd14635a250e8048c330b8243418ae0140ea268ccb952b9,d764cf5648b2177b594b0db3edd9da5f06861ac21fc0422386e6561e2246bc64,Current legacy CSI [scientific controlled],18.109699269673666,DL-SMI/MVDR local,-0.10100732958765679,Current legacy CSI [scientific controlled],18.109699269673666,18.10512319432318,-6.967890146724731,0.0020311788802913062,0,11.223062228532534,-6.1487763618886335,0.002977545137308451,0,13.361772269685765,-6.751612713479581,0.0006524047944166287,0,13.365241479070686,-6.729407937014331,0.0006618874222424518,0,-0.9358971593254457,0.25168234404525475,0.004367698376574116,0,-0.7382138671129477,0.30548997341613365,0.004396146260051585,0,-0.7013412840601578,1.7785083029903896,0.004346836595357306,0,7.091466858817289,11.146095836968048,10.155162049189785,16823.681301105014,86771.79738838068,1.0,3089819.3420334584,4.092788461538461,0
baseline_v2_channelampmismatchdb1p5_s20261003,channel_amp_mismatch_db,channel_amp_mismatch_db,1.5,20261003,Baseline V2 controlled single-target case,1.0,0.4,9.0,0.9481294812797509,0.0008716287717455322,-0.006689405699600717,0.004207974602223897,1.0,34.0,0.7149056006121599,0.3396153593305008,-0.8513312038534802,0.06217636021965886,52.02396851643629,0.48738729363928274,-0.465425700520136,0.0,18,180.0,-53.2468982695,-1.2229297530637093,60,2200,42,88,49204480,49204480,11a60e9b78a5c100edfc1749a03fe629e8c76922c2feb2b584df549ddea24990,a4a08285cae2f95834b037d9b5775361f8bb3bc847e0b66d10ba973e940b01f9,Current legacy CSI [production replay],15.71907267363877,SA-MNEC physical [approximate academic reference],-0.11825736006170473,Current legacy CSI [production replay],15.71907267363877,15.71907267363877,-6.776317024034163,0.0017391139432559551,0,10.802777395697863,-6.121236063910357,0.0030154756486117434,0,14.19944837191564,-6.684444108024323,0.0003224093460779851,0,14.19017642393747,-6.662004168204026,0.00032620239720831435,0,-0.999880488893151,0.25178580097566633,0.004388560157790927,0,-0.7885995192470219,0.3053213136318226,0.004399939311181915,0,-0.8444915555112456,1.7553937893155709,0.004363905325443787,0,7.218717873524073,11.222914534904547,10.172104983986348,16824.92933140265,84036.41068796729,1.0,3120943.1505059823,4.084615384615384,0
baseline_v2_channelampmismatchdb1p5_s20261004,channel_amp_mismatch_db,channel_amp_mismatch_db,1.5,20261004,Baseline V2 controlled single-target case,1.0,0.4,9.0,0.9263251244188216,0.0008731446858262634,-0.0066377194144021535,0.004390736802045325,1.0,34.0,0.7188618564129845,0.3442971772159264,-0.8514992633459644,0.06292265599515204,52.66410369069449,0.49338440918125537,-0.47115271530343217,0.0,18,180.0,-53.2468982695,-0.5827945788055118,60,2200,42,88,49204480,49204480,16153fb4129a0a77f888ebdf6abada1a40c7c1d1f80322dbbadd28b2c9fb659f,02ba82de3a0bcbeb8bb59e6a07d81fbe0fc3b512ab3d015d7b3c4fce9a51a2eb,Current legacy CSI [scientific controlled],19.109839127989034,SA-MNEC physical [approximate academic reference],-0.14685266969306987,Current legacy CSI [scientific controlled],19.109839127989034,19.104640292284184,-6.887943225445007,0.0019192838719465938,0,11.115049017314607,-6.114004703865447,0.0029301319981793355,0,16.038309121017203,-6.6795802317722375,0.0003944773175542406,0,16.057095791210788,-6.657805246083699,0.00040395994538006374,0,-1.0538462263249597,0.24655710943976805,0.004289940828402367,0,-0.8417722201455664,0.3026921472037811,0.004316492186314672,0,-1.4022698672653742,1.6243125718753664,0.004265285996055227,0,7.289941565029613,11.238898520734564,10.263309487658162,16639.151914264083,84867.4489908877,1.0,3071318.809066994,4.075,0
baseline_v2_channelampmismatchdb1p5_s20261005,channel_amp_mismatch_db,channel_amp_mismatch_db,1.5,20261005,Baseline V2 controlled single-target case,1.0,0.4,9.0,0.9531504859611146,0.0008721347607891317,-0.006444693176601537,0.003996742555002373,1.0,34.0,0.7075729926703613,0.3119654565557622,-0.8530854696699376,0.06890417938618267,52.54034274181763,0.49222495296037394,-0.4700454788225172,0.0,18,180.0,-53.2468982695,-0.7065555276823707,60,2200,42,88,49204480,49204480,3df3bdd7201299de6e6a77697f4c59a967e50103bea74514889dbf09f72f35c0,62a52ecc27b842ad0a1c78a03296adb5fe4219e4f6ae05b5afb704b1cdf28fa3,Current legacy CSI [scientific controlled],21.5668257736388,DL-SMI/MVDR local,-0.08108834501585882,Current legacy CSI [scientific controlled],21.5668257736388,21.488007135046345,-6.694769402137886,0.0022246244879380976,0,13.473779621925921,-6.125678642756661,0.0029794416628736156,0,18.769518251489156,-6.727678917623612,0.00037740858746775904,0,18.806962650187465,-6.6886404808315705,0.0003906842664239114,0,-0.8624672620688862,0.24272840245162502,0.004417008041268397,0,-0.6765680728278758,0.29760445577303885,0.004445455924745866,0,-0.6880110325151261,1.9549728783990403,0.0043714914277044456,0,7.246201077496889,11.278846417421256,10.274674369010137,16564.901136368037,83257.90249902042,1.0,3178431.991287518,4.078365384615385,0
baseline_v2_channelampmismatchdb1p5_s20261006,channel_amp_mismatch_db,channel_amp_mismatch_db,1.5,20261006,Baseline V2 controlled single-target case,1.0,0.4,9.0,0.9511720975112572,0.0008720822654723084,-0.007592472865699279,0.003873879696765199,1.0,34.0,0.7223813060623909,0.3518292681281482,-0.8502597975174333,0.06273593375212701,52.90132832872653,0.49560685159793616,-0.47327506356194127,0.0,18,180.0,-53.2468982695,-0.34556994077347575,60,2200,42,88,49204480,49204480,d531944208c00eefc439dd0f8dcb5e3b661c3238927a64d8fb368075605d51e1,b76a316317578c481f42f0d20e5dd262779b5a03bd4c24d5cd9a946abf3769f9,Current legacy CSI [scientific controlled],22.728916683408304,SA-MNEC physical [approximate academic reference],-0.1733926716178742,Current legacy CSI [scientific controlled],22.728916683408304,22.724965084674228,-6.8459297571415645,0.0020141101502048247,0,12.453001445572653,-6.135343818413647,0.0029813381884387802,0,18.789981579365463,-6.7179708962493105,0.00034327112729479593,0,18.789080550078147,-6.70934951255088,0.0003584433318161129,0,-1.0728518005127088,0.25342045290567017,0.004329767865270824,0,-0.8578586548840266,0.30917336822887337,0.004380974055530269,0,-1.2117003791930954,1.7700275935753764,0.00427476862388105,0,7.158076922535108,11.12286493261024,10.109086841238126,16799.117920159522,83787.79568944153,1.0,3099976.7819987857,4.091826923076923,0
baseline_v2_channelampmismatchdb1p5_s20261007,channel_amp_mismatch_db,channel_amp_mismatch_db,1.5,20261007,Baseline V2 controlled single-target case,1.0,0.4,9.0,0.9113985386007066,0.0008760553400291328,-0.00798279431130979,0.004095754052807798,1.0,34.0,0.7120035476117585,0.32082206929781726,-0.8544776237044537,0.07100838515411902,52.95798785462485,0.496137667177254,-0.4737819724137421,0.0,18,180.0,-53.2468982695,-0.2889104148751547,60,2200,42,88,49204480,49204480,4e5dcf506e8cef052bcf457d87cb7a8b075cb25dc73c913e844e9261030a89dc,cea96ca0b585f5bf70a8907daaaf5ba2d989253772830854c5d44d3432fa139a,Current legacy CSI [production replay],16.979343953096766,SA-MNEC physical [approximate academic reference],-0.16679451841918436,Current legacy CSI [production replay],16.979343953096766,16.979343953096766,-6.698574310681074,0.0022701411015020483,0,10.950578037090496,-6.121063829898111,0.002990820816264603,0,13.438305284514671,-6.691625536961916,0.0006561978455469579,0,13.440223613162098,-6.658663198186847,0.000680852677894098,0,-1.0486750318847777,0.2515129330216872,0.004333560916401153,0,-0.8511863610509325,0.30364637055191657,0.004367698376574116,0,-1.019493809096475,1.7003303988816663,0.004261492944924897,0,7.334298798115661,11.427106563722216,10.392832956527087,16095.39029923315,78915.70682659878,1.0,3056159.0038537644,4.107211538461539,0
baseline_v2_channelampmismatchdb1p5_s20261008,channel_amp_mismatch_db,channel_amp_mismatch_db,1.5,20261008,Baseline V2 controlled single-target case,1.0,0.4,9.0,0.9400173677818773,0.0008709392002338401,-0.0005616431980641824,0.004564409081656569,1.0,34.0,0.7171479758929272,0.3402459828733674,-0.8497483644031557,0.06522166780912925,53.9014589984017,0.5049765900911583,-0.48222281580497184,0.0,18,180.0,-53.2468982695,0.6545607289016999,60,2200,42,88,49204480,49204480,702c3b54f6a19a46ebbb6a2f577dce06de1299115844e4bfdfa343e0299d546b,b0db9bf8e3a53ab7eaa0090a8b6c7a7d361b9685d8bd00bf8ad4da75cc8afe2e,Current legacy CSI [scientific controlled],22.956798031966233,DL-SMI/MVDR local,-0.03538466473028379,Current legacy CSI [scientific controlled],22.956798031966233,22.934624498566766,-6.802720181257738,0.0015779092702169625,0,13.245228871651427,-6.149763495938324,0.002983234714003945,0,17.568949222872735,-6.7279395744133215,0.0003887877408587468,0,17.568783685702822,-6.710329427842555,0.00038689121529358216,0,-0.7835436962548119,0.24832237804901194,0.004390456683356091,0,-0.613443637206001,0.30166319889916043,0.004405628887877409,0,-0.3614356119379911,1.6492374593180184,0.00427476862388105,0,7.078194843230135,11.100965780999324,10.070104547155472,17095.993853146225,84722.43873829619,1.0,3133454.356509139,4.069230769230769,0
baseline_v2_channelampmismatchdb1p5_s20261009,channel_amp_mismatch_db,channel_amp_mismatch_db,1.5,20261009,Baseline V2 controlled single-target case,1.0,0.4,9.0,0.9407699841783502,0.0008732708534908897,-0.007004446843453656,0.004123035746329815,1.0,34.0,0.722467433887518,0.3494950484400202,-0.8517068416518968,0.0632962647276432,52.72971824279456,0.49399912005171315,-0.4717397408171613,0.0,18,180.0,-53.2468982695,-0.5171800267054383,60,2200,42,88,49204480,49204480,bb325be58cd7032d125cc775ee79527b10a9787abda3f4fa4be5245c025903f4,c57a89914469157f9bc468556c327d2a338aba6673f18bb929b833a1b386d2ef,Current legacy CSI [production replay],17.73569774935021,SA-MNEC physical [approximate academic reference],-0.15223212623480364,Current legacy CSI [production replay],17.73569774935021,17.73569774935021,-6.8740409319949105,0.0021449704142011833,0,10.011974890509164,-6.111363970448229,0.002977545137308451,0,14.374114886711213,-6.699986308214685,0.0005044758003337885,0,14.361887539189079,-6.681052449891918,0.0005006827492034593,0,-1.0591015705167854,0.25016657766005,0.004335457441966318,0,-0.8380948479493036,0.30388974317843914,0.0043658018510089516,0,-0.780928019542448,1.7187933457813809,0.004369594902139281,0,7.176999237554879,11.097738952105258,10.09109693330511,16164.790544718204,79413.16701989778,1.0,3111112.5919439057,4.1,0
baseline_v2_channelampmismatchdb1p5_s20261010,channel_amp_mismatch_db,channel_amp_mismatch_db,1.5,20261010,Baseline V2 controlled single-target case,1.0,0.4,9.0,0.95813388946469,0.0008676035202104571,0.0003468739232191133,0.004111735308319258,1.0,34.0,0.7212183607009789,0.3516299184850096,-0.8490014926442335,0.06213577741002879,53.36190131318192,0.4999217361947573,-0.4773956166381279,0.0,18,180.0,-53.2468982695,0.11500304368191819,60,2200,42,88,49204480,49204480,fb280afaa9bd190f78e7ba3d19a9fd69b56fb768687da2647ff861e451de5cf7,8a530cc50a168dbc2d903669cce56b7eaf05ac347e71bd849f88ffa229594c8d,Current legacy CSI [scientific controlled],20.427786117741853,DL-SMI/MVDR local,-0.030465231282802208,Current legacy CSI [scientific controlled],20.427786117741853,20.364668625949303,-6.9559359967549215,0.0021297982096798664,0,14.167895035988714,-6.143427907119312,0.0029851312395691096,0,17.711940081381137,-6.759918792900819,0.0004115460476407222,0,17.658225546049458,-6.735519040191504,0.00042671825216203916,0,-0.7957965250342882,0.23605628818276153,0.004305113032923684,0,-0.6084998207201116,0.29297931349902484,0.004308906084054013,0,-0.36590016220691,1.9544719572995675,0.004276665149446215,0,7.2072645390700885,11.127419447796537,10.07194957935707,17619.92266897257,89118.3362563787,1.0,3162337.138386994,4.078365384615385,0
baseline_v2_channelampmismatchdb2p5_s20261001,channel_amp_mismatch_db,channel_amp_mismatch_db,2.5,20261001,Baseline V2 controlled single-target case,1.0,0.4,9.0,0.9303273803163554,0.0008696373971346216,-0.005056618889576002,0.004132670139667654,1.0,34.0,0.7200851534307189,0.3502544014334828,-1.4077790057159254,0.0614175910358478,51.726860150752195,0.4846038296630078,-0.46276760101665143,0.0,18,180.0,-53.2468982695,-1.5200381187478063,60,2200,42,88,49204480,49204480,4908ec83899aebfc13a90a0e517de4e52c9cac8f9d7ba600dad98e4bbc46e109,1edd12ae8075c88b20a2d6e414679b91e33ef4965bc7ceda736d4b3193d1c953,Current legacy CSI [production replay],17.824079626515594,SA-MNEC physical [approximate academic reference],-0.14734165525803178,Current legacy CSI [production replay],17.824079626515594,17.824079626515594,-6.797912474425471,0.0018756637839478076,0,8.753703875917193,-5.534183017978496,0.00387649825519648,0,16.001890607377874,-6.702369905124613,0.0005006827492034593,0,15.985878850613554,-6.677926197567446,0.0005025792747686238,0,-1.1068414062682819,0.333997432837952,0.004394249734486421,0,-0.8993565632030127,0.4361357735338503,0.0044189045668335605,0,-1.212310300548396,1.731446552770652,0.004327871339705659,0,7.197232367550067,11.008316589743854,10.06257960575593,16890.24520141865,81433.23706408983,1.0,3205643.641410782,4.084615384615384,0
baseline_v2_channelampmismatchdb2p5_s20261002,channel_amp_mismatch_db,channel_amp_mismatch_db,2.5,20261002,Baseline V2 controlled single-target case,1.0,0.4,9.0,0.9370420111754768,0.0008744542262046973,0.0006214134470786433,0.004149720745532657,1.0,34.0,0.7185869733398843,0.3378550494708137,-1.4088360192852698,0.06596200733592049,53.29791706895108,0.4993222988869062,-0.47682317632771304,0.0,18,180.0,-53.2468982695,0.05101879945107865,60,2200,42,88,49204480,49204480,ccc9f284742369e02f55e4f494e7df4d348be1231379ced54d26669df9e80b55,3dec277e58ac8b1a3a8e0cbb5f47d82513621ab50acf4c798e02ca1f57e7ff9c,Current legacy CSI [scientific controlled],18.142505185822376,SA-MNEC physical [approximate academic reference],-0.15721307226739079,Current legacy CSI [scientific controlled],18.142505185822376,18.136456157155887,-6.902403527770735,0.001997041420118343,0,8.779637231862122,-5.555445582329819,0.003830981641632529,0,13.386175154374442,-6.752052218038096,0.0007225762403277196,0,13.391749140070381,-6.729823575223344,0.0007225762403277196,0,-1.0070502551629323,0.3398019028325159,0.004352526172052799,0,-0.8065203097155087,0.4407590988196858,0.004401835836747079,0,-0.7622597984044757,1.8808154025295778,0.004325974814140494,0,7.160919776512213,11.238934867393816,10.241590616690335,17515.44168074093,90224.34007000254,1.0,3283096.1185002043,4.092307692307692,0
baseline_v2_channelampmismatchdb2p5_s20261003,channel_amp_mismatch_db,channel_amp_mismatch_db,2.5,20261003,Baseline V2 controlled single-target case,1.0,0.4,9.0,0.9481294812797509,0.000871576091389517,-0.006691349853576616,0.00421458905614705,1.0,34.0,0.7149037850267435,0.3396189238143003,-1.4087997474451548,0.0621762062797133,52.02396851643629,0.48738729363928274,-0.465425700520136,0.0,18,180.0,-53.2468982695,-1.2229297530637093,60,2200,42,88,49204480,49204480,a1b7bbb0e09b8af05fd2a43fa911ef5eb06f3638faa6f66b6536b77f59de28bf,8d8af9bb1ba0bdadc405ba6b2596252980a7b393a528d7590bb03e7d822b77a7,Current legacy CSI [production replay],15.676606093238071,SA-MNEC physical [approximate academic reference],-0.1182573582075257,Current legacy CSI [production replay],15.676606093238071,15.676606093238071,-6.7657464184311324,0.001665149446214535,0,8.249910182462866,-5.538562833820634,0.003823395539371871,0,14.223636387419944,-6.684867716734129,0.00039637384311940523,0,14.214264589730917,-6.662598134526753,0.0004096495220755576,0,-1.0797757768700365,0.34190529204957104,0.0043601122743134576,0,-0.8675028031915915,0.44186515988833563,0.004394249734486421,0,-0.9116156434306628,1.8651337288429028,0.004358215748748293,0,7.27686274560853,11.312145065080593,10.255667673130812,17521.46904274513,87345.35780719681,1.0,3314174.7973734294,4.085096153846154,0
baseline_v2_channelampmismatchdb2p5_s20261004,channel_amp_mismatch_db,channel_amp_mismatch_db,2.5,20261004,Baseline V2 controlled single-target case,1.0,0.4,9.0,0.9263251244188216,0.0008731170135464873,-0.00663913940151295,0.004392819450511367,1.0,34.0,0.7188595663486929,0.3443112043966729,-1.4089737871734473,0.06292354654181889,52.66410369069449,0.49338440918125537,-0.47115271530343217,0.0,18,180.0,-53.2468982695,-0.5827945788055118,60,2200,42,88,49204480,49204480,90da3cf67c5fb94830bfd547d9a33be0b8ac3fffc184b566e7cdea04c2955930,7a516038d2e37cc10fd92c0bc1af2fa752f12d6cfbcb08bb5bcf0c1613c204d4,Current legacy CSI [scientific controlled],19.124409864207497,SA-MNEC physical [approximate academic reference],-0.1468526599743054,Current legacy CSI [scientific controlled],19.124409864207497,19.119874502410685,-6.865542240288024,0.0018870429373387954,0,8.278299326000608,-5.529927798090481,0.0036906387498103475,0,16.05791271687647,-6.679899992087785,0.0005253375815505993,0,16.077824512515,-6.658508229849747,0.0005196480048551054,0,-1.1333932976902377,0.33259203405590654,0.004267182521620391,0,-0.9179402001418504,0.43714383990733585,0.004305113032923684,0,-1.4648869344976179,1.732888412363197,0.004261492944924897,0,7.350732118030036,11.317423480412593,10.342846678942617,17323.51365719832,88246.74304644874,1.0,3264816.2470684485,4.084134615384615,0
baseline_v2_channelampmismatchdb2p5_s20261005,channel_amp_mismatch_db,channel_amp_mismatch_db,2.5,20261005,Baseline V2 controlled single-target case,1.0,0.4,9.0,0.9531504859611146,0.0008720382424555552,-0.006444631407844816,0.004007233259770795,1.0,34.0,0.7075714608472021,0.3119687426794261,-1.4105564397798052,0.06890464916175436,52.54034274181763,0.49222495296037394,-0.4700454788225172,0.0,18,180.0,-53.2468982695,-0.7065555276823707,60,2200,42,88,49204480,49204480,a6a97717ac6950bdab2c05e1c51bc10490e819d235244c8f6f28d259165471b4,8b45488782fe409592d74f7744c9907b91cc1e5932be465bb8fb096f66ca46c6,Current legacy CSI [scientific controlled],21.556827212201856,SA-MNEC physical [approximate academic reference],-0.08957629596114902,Current legacy CSI [scientific controlled],21.556827212201856,21.478276791992975,-6.68900424129296,0.002222727962372933,0,9.789811403788182,-5.540742708107595,0.0038177059626763768,0,18.792936490466047,-6.727484191193728,0.0005025792747686238,0,18.829240652914997,-6.688969546316203,0.0005101653770292824,0,-0.9248245324207174,0.32346560649708506,0.004426490669094219,0,-0.7397754922722308,0.42572926531904365,0.004453042027006524,0,-0.7381950270576141,2.055363004694699,0.004352526172052799,0,7.313307763988486,11.357022337621597,10.358064663458084,17247.923765119678,86589.08807734287,1.0,3380400.8663886925,4.079807692307693,0
baseline_v2_channelampmismatchdb2p5_s20261006,channel_amp_mismatch_db,channel_amp_mismatch_db,2.5,20261006,Baseline V2 controlled single-target case,1.0,0.4,9.0,0.9511720975112572,0.000872055317876984,-0.007593715947390796,0.003882789610421788,1.0,34.0,0.7223816111908202,0.3518540806167237,-1.4077322854940433,0.06273244547450313,52.90132832872653,0.49560685159793616,-0.47327506356194127,0.0,18,180.0,-53.2468982695,-0.34556994077347575,60,2200,42,88,49204480,49204480,ca9ea019b0cef4beaa402fa5ae90d8a6f2a89b09879477b776b630e366bea711,b5adfb9912d2dc3ce5d565616abbbb187c07572f850fad9856a4519c5bd06026,Current legacy CSI [scientific controlled],22.628699832781965,SA-MNEC physical [approximate academic reference],-0.17339267227990884,Current legacy CSI [scientific controlled],22.628699832781965,22.624004649324327,-6.801790527758557,0.0019704900622060386,0,9.077946960119732,-5.549700160108037,0.0038196024882415414,0,18.791988592264133,-6.718247560637817,0.0004817174935518131,0,18.79221687047943,-6.710100597405959,0.0004949931725079654,0,-1.150109679195978,0.344248994973984,0.004343043544226976,0,-0.9320233519898862,0.4484428806608371,0.004380974055530269,0,-1.2824085581995988,1.8795649521172573,0.004286147777272037,0,7.213923313292412,11.194754766248646,10.189302773308311,17492.186906940788,87144.44837393473,1.0,3294694.251307717,4.092307692307692,0
baseline_v2_channelampmismatchdb2p5_s20261007,channel_amp_mismatch_db,channel_amp_mismatch_db,2.5,20261007,Baseline V2 controlled single-target case,1.0,0.4,9.0,0.9113985386007066,0.0008759928358688502,-0.00798447979132243,0.004095386455804562,1.0,34.0,0.7119993011556032,0.32082791336252264,-1.4119471194431041,0.07101116180854367,52.95798785462485,0.496137667177254,-0.4737819724137421,0.0,18,180.0,-53.2468982695,-0.2889104148751547,60,2200,42,88,49204480,49204480,921aba33c23aa8669562d07a6bd1d07e95ba161fbf3668d743a27b4b4f95f7e5,db73312ec06fa56b382ffb8d6c55e43d0ff26f87fb3dc5b2a1ddae3478c7ee8f,Current legacy CSI [production replay],16.929738880255087,SA-MNEC physical [approximate academic reference],-0.16679451612541296,Current legacy CSI [production replay],16.929738880255087,16.929738880255087,-6.672907641251688,0.0022473827947200728,0,8.512677692438508,-5.536965247925445,0.0038632225762403275,0,13.446598216522654,-6.691794784352709,0.0007737824305871643,0,13.448348289309715,-6.658955681410261,0.0008003337884994689,0,-1.1287550440806662,0.3424229017572077,0.004307009558488849,0,-0.9279017077176475,0.43944275661696497,0.004350629646487635,0,-1.0922656605896597,1.8118042287415932,0.004259596419359733,0,7.397910162864015,11.514688827358428,10.480948105147059,16761.229250615623,82109.02464448163,1.0,3245409.196577727,4.1067307692307695,0
baseline_v2_channelampmismatchdb2p5_s20261008,channel_amp_mismatch_db,channel_amp_mismatch_db,2.5,20261008,Baseline V2 controlled single-target case,1.0,0.4,9.0,0.9400173677818773,0.0008709068215596065,-0.0005685341577233588,0.00457517861489885,1.0,34.0,0.7171380839518618,0.3402275996196024,-1.4072184942733055,0.06522343699381052,53.9014589984017,0.5049765900911583,-0.48222281580497184,0.0,18,180.0,-53.2468982695,0.6545607289016999,60,2200,42,88,49204480,49204480,0e9379ef45a5f3d89c677cd76ce101a928f64990a508f29de5a8314c20b3b31a,c0d445e5864a12b65f5a094f884e51590bfb26a3cffbc8a87c6c33e3cdf058d5,Current legacy CSI [scientific controlled],22.964365708723573,DL-SMI/MVDR local,-0.08978488246989524,Current legacy CSI [scientific controlled],22.964365708723573,22.943627681718738,-6.7606616107698025,0.001555150963434987,0,9.747876499427699,-5.558399688862847,0.003865119101805492,0,17.589324692808304,-6.7282988570597,0.0004494765589440146,0,17.59007103304972,-6.710953975343935,0.0004418904566833561,0,-0.8457863957652529,0.3351983397507151,0.004367698376574116,0,-0.6742282284906036,0.4345894891860089,0.0044189045668335605,0,-0.40262277358054277,1.7565279883841447,0.004267182521620391,0,7.140126166208843,11.20474514568642,10.153411852367569,17801.71251812672,88091.28316922838,1.0,3331199.60141946,4.061538461538461,0
baseline_v2_channelampmismatchdb2p5_s20261009,channel_amp_mismatch_db,channel_amp_mismatch_db,2.5,20261009,Baseline V2 controlled single-target case,1.0,0.4,9.0,0.9407699841783502,0.0008732654066508805,-0.007008370725260058,0.004127977597328424,1.0,34.0,0.7224652447080051,0.3495018099000322,-1.4091789680588296,0.06329620976589907,52.72971824279456,0.49399912005171315,-0.4717397408171613,0.0,18,180.0,-53.2468982695,-0.5171800267054383,60,2200,42,88,49204480,49204480,7c794754f503a1a711ea4127ce8a055f07c9f56b25b6aa6cc2c7cf1ba98e5dd7,2e78b20bbdfaa5e0723d150f72bef5cde6fbc586884514f72daba3f38a26d5b8,Current legacy CSI [production replay],17.65810566390637,SA-MNEC physical [approximate academic reference],-0.15223212804824904,Current legacy CSI [production replay],17.65810566390637,17.65810566390637,-6.8377541543036795,0.002126005158549537,0,7.531901361954096,-5.526704968636094,0.0037835685025034136,0,14.392670722423611,-6.700337527986198,0.0006030951297223486,0,14.382287263708301,-6.681544816180233,0.0005993020785920194,0,-1.1341795493666136,0.33991490582455824,0.004356319223183128,0,-0.9136910450056437,0.4398084655360136,0.004367698376574116,0,-0.8383903307566563,1.8314798641998253,0.004388560157790927,0,7.23313519006166,11.180761014408347,10.169995068856917,16831.607925531363,82569.50391976962,1.0,3305029.971563135,4.092307692307692,0
baseline_v2_channelampmismatchdb2p5_s20261010,channel_amp_mismatch_db,channel_amp_mismatch_db,2.5,20261010,Baseline V2 controlled single-target case,1.0,0.4,9.0,0.95813388946469,0.000867568944454457,0.0003365694025951895,0.004115956871796302,1.0,34.0,0.7212203695340208,0.35164831832223226,-1.4064709074887478,0.06213316330057793,53.36190131318192,0.4999217361947573,-0.4773956166381279,0.0,18,180.0,-53.2468982695,0.11500304368191819,60,2200,42,88,49204480,49204480,b6efa6906b1b2aaaec7ffca42eb46998f12f12ad981eecca4ee335de4df84311,46ca8f5d2c99fd4eead6c44520d0d60e7f79364250aa38924afbce8274ea751b,Current legacy CSI [scientific controlled],20.477265075228896,SA-MNEC physical [approximate academic reference],-0.08727389992019541,Current legacy CSI [scientific controlled],20.477265075228896,20.415818004806464,-6.906784957595792,0.0021070399028978912,0,10.354198055378436,-5.548396993030602,0.0037854650280685783,0,17.73578048626529,-6.760306585387131,0.0005348202093764224,0,17.68407221498632,-6.736075414809432,0.000551888939462904,0,-0.8681780121868186,0.31294982878191735,0.004291837353967531,0,-0.6788217383917745,0.41866955912439785,0.004316492186314672,0,-0.41101318954743915,2.0594268577453043,0.004259596419359733,0,7.2689079846189735,11.19743720481676,10.147321148024407,18346.35219558585,92683.19635655494,1.0,3360287.965676778,4.076923076923077,0
baseline_v2_channelampmismatchdb4p0_s20261001,channel_amp_mismatch_db,channel_amp_mismatch_db,4.0,20261001,Baseline V2 controlled single-target case,1.0,0.4,9.0,0.9303273803163554,0.0008696136934430801,-0.005067554392212693,0.0041418497459567395,1.0,34.0,0.7200788235552654,0.3502657043408626,-2.2968097460049925,0.061420409647287046,51.726860150752195,0.4846038296630078,-0.46276760101665143,0.0,18,180.0,-53.2468982695,-1.5200381187478063,60,2200,42,88,49204480,49204480,e21a5e125f8a9abf91023851496b5b368889ab30a13c2157f0cb25e88159c756,6635e8b54a8418dfbd0930d580b1b602ff8024f65f382612c48e76cb214db6d5,Current legacy CSI [production replay],17.807004096524707,SA-MNEC physical [approximate academic reference],-0.1473416647137058,Current legacy CSI [production replay],17.807004096524707,17.807004096524707,-6.786457275258037,0.0018472159004703384,0,5.706221721021995,-4.3668906932460425,0.004286147777272037,0,15.97791879078308,-6.703165036431229,0.0007415414959793658,0,15.962186878431412,-6.679639742229222,0.0007396449704142012,0,-1.199346658633948,0.37667907443782445,0.004394249734486421,0,-0.9955437387544093,0.5510603455815412,0.004456835078136853,0,-1.2985318441716673,1.7772811674756859,0.004329767865270824,0,7.266779281755883,11.102904624626014,10.167453997984722,18616.22936016356,89569.75268866967,1.0,3633444.5496669034,4.092307692307692,0
baseline_v2_channelampmismatchdb4p0_s20261002,channel_amp_mismatch_db,channel_amp_mismatch_db,4.0,20261002,Baseline V2 controlled single-target case,1.0,0.4,9.0,0.9370420111754768,0.00087440017012869,0.0006147313452083214,0.004158830673199497,1.0,34.0,0.7185828122190985,0.3378411268356854,-2.2978594703930124,0.06596889848246668,53.29791706895108,0.4993222988869062,-0.47682317632771304,0.0,18,180.0,-53.2468982695,0.05101879945107865,60,2200,42,88,49204480,49204480,f3b31181f4cbde90c33ba6c7590ec98a4d4a3ef49c2530fa09d28949bfb968f6,38d221ace37f1413ee375039a8b35717a59737235033e7ebd2a3806827bd59b4,Current legacy CSI [scientific controlled],18.143728736861995,SA-MNEC physical [approximate academic reference],-0.15721306825335546,Current legacy CSI [scientific controlled],18.143728736861995,18.137539093209877,-6.88620817672957,0.0019761796389015326,0,5.91529908954852,-4.375692950369101,0.004215976331360947,0,13.419539040942976,-6.752556488365254,0.0008970565923228645,0,13.42820471726828,-6.730286383104867,0.0008989531178880292,0,-1.0945620987512683,0.3871830885800376,0.004350629646487635,0,-0.897008053719393,0.560070539164912,0.00439804278561675,0,-0.8424048293269406,1.9291972011235523,0.004314595660749507,0,7.238943377783951,11.349609691032507,10.355477518080132,19302.525051421642,99218.8175701462,1.0,3721169.3580993745,4.09375,0
baseline_v2_channelampmismatchdb4p0_s20261003,channel_amp_mismatch_db,channel_amp_mismatch_db,4.0,20261003,Baseline V2 controlled single-target case,1.0,0.4,9.0,0.9481294812797509,0.0008714988437491363,-0.006694485787223426,0.004225117282075587,1.0,34.0,0.7148970880695843,0.33962173977414983,-2.2978175027349286,0.06217606704285397,52.02396851643629,0.48738729363928274,-0.465425700520136,0.0,18,180.0,-53.2468982695,-1.2229297530637093,60,2200,42,88,49204480,49204480,a674c63dcaa23b96fc2a362cb51dd6912f593883fcf6516cf9f6d8825ca2521c,027d0a3230f296cd06e989b25218f0e43d6f4a29c703346949fe39b2d013d80d,Current legacy CSI [production replay],15.671220778448518,SA-MNEC physical [approximate academic reference],-0.11825735973690144,Current legacy CSI [production replay],15.671220778448518,15.671220778448518,-6.760532174196392,0.0017334243665604611,0,5.438088350314233,-4.374311247403102,0.00420080412683963,0,14.255946933123603,-6.685355982601048,0.0005898194507661963,0,14.246404667744834,-6.663229483586829,0.0005898194507661963,0,-1.1812657616970528,0.3942212553700769,0.0043544226976179636,0,-0.9748504460892349,0.5646555319100486,0.004388560157790927,0,-1.0043920063928233,1.927121777057002,0.00434873312092247,0,7.3462511016287895,11.407276903830466,10.366218335206677,19316.41884577972,95989.64357477098,1.0,3756889.457636761,4.084615384615384,0
baseline_v2_channelampmismatchdb4p0_s20261004,channel_amp_mismatch_db,channel_amp_mismatch_db,4.0,20261004,Baseline V2 controlled single-target case,1.0,0.4,9.0,0.9263251244188216,0.0008730762025105287,-0.006641428393739278,0.004396444721544045,1.0,34.0,0.7188521685327887,0.34432968656552754,-2.298005044584116,0.06292485886682463,52.66410369069449,0.49338440918125537,-0.47115271530343217,0.0,18,180.0,-53.2468982695,-0.5827945788055118,60,2200,42,88,49204480,49204480,71333ff024f30e8c754c76f49a3d744e1c905bbc3f4808a6ae11afdcb7d6ec8a,4d585afd1e9ced39b8d0a95d6e16ccd57ab7d51a6e1058ed9be221a35e01dbfc,Current legacy CSI [scientific controlled],19.122623318470804,SA-MNEC physical [approximate academic reference],-0.1468526601832547,Current legacy CSI [scientific controlled],19.122623318470804,19.119088918605687,-6.8551377957555415,0.0018813533606433016,0,5.354809314099459,-4.364178778757872,0.004109770899711728,0,16.081624640917685,-6.680218798767732,0.0007661963283265059,0,16.102787196632967,-6.659225806827122,0.0007699893794568351,0,-1.2344470953060798,0.37892731683596853,0.004233045061447428,0,-1.0210012967218374,0.5567385192730017,0.004289940828402367,0,-1.5478640580206902,1.7940926650039994,0.004223562433621605,0,7.430608641518609,11.410777929861673,10.443978643297884,19091.171915346327,97041.40878600346,1.0,3702033.791230301,4.0985576923076925,0
baseline_v2_channelampmismatchdb4p0_s20261005,channel_amp_mismatch_db,channel_amp_mismatch_db,4.0,20261005,Baseline V2 controlled single-target case,1.0,0.4,9.0,0.9531504859611146,0.0008718966329443168,-0.006444713377012364,0.0040233423277456,1.0,34.0,0.7075650462498454,0.3119716769954196,-2.299581382823693,0.06890545581928002,52.54034274181763,0.49222495296037394,-0.4700454788225172,0.0,18,180.0,-53.2468982695,-0.7065555276823707,60,2200,42,88,49204480,49204480,ce2ffed42c44656a4e970bb614bb9190690e14ae2128aac6968936b36a48a097,cec6904bb782a5b9ee6167e686bbfa5b5104a3a487143c34eeaa867bf17a4207,Current legacy CSI [scientific controlled],21.52687940885969,SA-MNEC physical [approximate academic reference],-0.08957629282803747,Current legacy CSI [scientific controlled],21.52687940885969,21.44851435868742,-6.680286584660507,0.002181004399939311,0,6.291468826356075,-4.373272053133752,0.004233045061447428,0,18.81594397210105,-6.727053229841797,0.0007510241238051888,0,18.850001088792943,-6.689372261846196,0.0007472310726748596,0,-0.9953694746605732,0.36038627975423654,0.004432180245789713,0,-0.8199373605078533,0.5341534772189925,0.004439766348050372,0,-0.806671528463986,2.099551644467389,0.0043601122743134576,0,7.40105487057787,11.458806064801463,10.466801343821881,19010.62234570796,95249.72840530923,1.0,3834988.081155298,4.076923076923077,0
baseline_v2_channelampmismatchdb4p0_s20261006,channel_amp_mismatch_db,channel_amp_mismatch_db,4.0,20261006,Baseline V2 controlled single-target case,1.0,0.4,9.0,0.9511720975112572,0.0008720155601103556,-0.0075957765200373745,0.003896615486580827,1.0,34.0,0.7223779917176986,0.35188864729972946,-2.2967589796073034,0.06272735364121881,52.90132832872653,0.49560685159793616,-0.47327506356194127,0.0,18,180.0,-53.2468982695,-0.34556994077347575,60,2200,42,88,49204480,49204480,30dceacc7b49fe69697c3d949df222ef61bec329bf6e0659e58ff7a5a59d7fec,e37a59b62a6e91bea6bad3ebbc34d0d59a86d05296a4f40ebadb41cf341a9445,Current legacy CSI [scientific controlled],22.431982603331086,SA-MNEC physical [approximate academic reference],-0.17339267195174535,Current legacy CSI [scientific controlled],22.431982603331086,22.426730296083967,-6.741244996368576,0.001959110908815051,0,5.8237286750904556,-4.380808376646842,0.004217872856926112,0,18.785126820130078,-6.718508941394359,0.0007017144591109088,0,18.786506027181485,-6.710946313930903,0.0007093005613715672,0,-1.2473363050502595,0.396996281804469,0.004346836595357306,0,-1.0319082511008641,0.5747446303033812,0.004379077529965104,0,-1.3794300003282671,1.940353008279482,0.00429942345622819,0,7.287046525812415,11.287174740181223,10.29256938871859,19280.398028685417,95833.34215613108,1.0,3735725.238837166,4.099519230769231,0
baseline_v2_channelampmismatchdb4p0_s20261007,channel_amp_mismatch_db,channel_amp_mismatch_db,4.0,20261007,Baseline V2 controlled single-target case,1.0,0.4,9.0,0.9113985386007066,0.0008759009357915478,-0.007987194208481995,0.004095553612355569,1.0,34.0,0.7119891405573017,0.32083416035449286,-2.300968295550481,0.07101526947437871,52.95798785462485,0.496137667177254,-0.4737819724137421,0.0,18,180.0,-53.2468982695,-0.2889104148751547,60,2200,42,88,49204480,49204480,dbedd6f56286698d04a8fe0e3e24bbf139d69591cfcc2abe4f9616a2651962a4,6c61b0c0f4a287e946914af49e4b4b07be7da32964f7a361406ecc2f7eef454e,Current legacy CSI [scientific controlled],17.000383030223162,SA-MNEC physical [approximate academic reference],-0.16679451931134803,Current legacy CSI [scientific controlled],17.000383030223162,17.000221296576058,-6.633718888405648,0.002181004399939311,0,5.699397828067044,-4.370853696591848,0.004248217265968746,0,13.45652999634216,-6.691897812417315,0.0010070550751024123,0,13.458119375824934,-6.6592350285624144,0.0010184342284934001,0,-1.23322819822237,0.39667958241912266,0.004352526172052799,0,-1.0337019031407522,0.5615517782805013,0.004401835836747079,0,-1.197490918548377,1.8770160311305104,0.004240631163708087,0,7.475301495207834,11.619219914183592,10.595135278569447,18477.958019393773,90338.16207975592,1.0,3676369.150119366,4.1,0
baseline_v2_channelampmismatchdb4p0_s20261008,channel_amp_mismatch_db,channel_amp_mismatch_db,4.0,20261008,Baseline V2 controlled single-target case,1.0,0.4,9.0,0.9400173677818773,0.0008708591613981963,-0.0005789667554541053,0.004591620816907777,1.0,34.0,0.7171194335532641,0.3401985840275164,-2.29624039120123,0.06522606491547597,53.9014589984017,0.5049765900911583,-0.48222281580497184,0.0,18,180.0,-53.2468982695,0.6545607289016999,60,2200,42,88,49204480,49204480,36a6da6488e8adc24d3163e27ae76c1029a30a5d283967451c5a2a2b09e7a852,59b97a78c882178a4dc62925e54faf16207086f23d43325c324d82d64b1b1274,Current legacy CSI [scientific controlled],23.00454647294944,SA-MNEC physical [approximate academic reference],-0.1344309795012677,Current legacy CSI [scientific controlled],23.00454647294944,22.985026484715075,-6.7300384577886865,0.001560840540130481,0,6.3184293706685235,-4.381202535813324,0.004215976331360947,0,17.61319930231969,-6.728688157295753,0.0006239569109391594,0,17.616880632503186,-6.711550124326202,0.000616370808678501,0,-0.9147329015319352,0.38221486163567575,0.0043601122743134576,0,-0.7500287738438933,0.5512165915696282,0.004382870581095434,0,-0.44214058209147744,1.8139992824415587,0.004295630405097861,0,7.216017908616806,11.328874016765923,10.260543145249015,19622.172780699526,96861.02781226613,1.0,3777707.505143594,4.069230769230769,0
baseline_v2_channelampmismatchdb4p0_s20261009,channel_amp_mismatch_db,channel_amp_mismatch_db,4.0,20261009,Baseline V2 controlled single-target case,1.0,0.4,9.0,0.9407699841783502,0.000873257359384128,-0.007014442811249243,0.004135649035455173,1.0,34.0,0.7224578032784754,0.3495100883961004,-2.2982066743692355,0.06329620569909432,52.72971824279456,0.49399912005171315,-0.4717397408171613,0.0,18,180.0,-53.2468982695,-0.5171800267054383,60,2200,42,88,49204480,49204480,db6afa7ade945fe924f92a8076ca34cc399b79e7b7b64e55e7e8418435da33aa,96a8db4a0bbe307c034c7b67a124af8497053bce233152e00f93bd63bfc398f7,Current legacy CSI [production replay],17.57202984866874,SA-MNEC physical [approximate academic reference],-0.1522321225136425,Current legacy CSI [production replay],17.57202984866874,17.57202984866874,-6.822339880022383,0.0021051433773327266,0,4.8785002511471,-4.360309598223605,0.004204597177969959,0,14.417777600242017,-6.7007008113964925,0.0007965407373691397,0,14.410039482742844,-6.682028549627036,0.0008003337884994689,0,-1.2306813137498147,0.3923133986379953,0.004382870581095434,0,-1.0179780910515968,0.5619523262851818,0.004405628887877409,0,-0.9133713791671436,1.8986780946554573,0.004417008041268397,0,7.296900030537406,11.291736853651237,10.274770030474114,18552.356978583426,90797.18535148392,1.0,3745697.2259325245,4.085576923076923,0
baseline_v2_channelampmismatchdb4p0_s20261010,channel_amp_mismatch_db,channel_amp_mismatch_db,4.0,20261010,Baseline V2 controlled single-target case,1.0,0.4,9.0,0.95813388946469,0.0008675180676436685,0.00032121039723560134,0.004122872809972663,1.0,34.0,0.7212193053949901,0.35167364774433807,-2.2954912033606565,0.06212932789374459,53.36190131318192,0.4999217361947573,-0.4773956166381279,0.0,18,180.0,-53.2468982695,0.11500304368191819,60,2200,42,88,49204480,49204480,75ab03399f8b12392e0dcdfee65d9cf8dfd81b1ccabf810283996d05ab50eba8,4658d0e16ab2cc54e76126cfca2b350d9565d9cab43f78ec42ae022b86b8d28f,Current legacy CSI [scientific controlled],20.511044059541543,SA-MNEC physical [approximate academic reference],-0.08727390272964941,Current legacy CSI [scientific controlled],20.511044059541543,20.45241326870265,-6.845986953691687,0.0020065240479441664,0,6.6999307752668065,-4.3667796608015035,0.004172356243362161,0,17.761671615710014,-6.760737056614192,0.0007548171749355181,0,17.712574691829616,-6.7366511811260334,0.0007737824305871643,0,-0.9491476671929955,0.34493768900729965,0.004278561675011379,0,-0.766563017719252,0.5241037182783398,0.004356319223183128,0,-0.45851289781312854,2.111310938127594,0.004286147777272037,0,7.347080576278145,11.278097337815112,10.246764994957774,20220.758681952746,101948.97161456771,1.0,3809587.153049268,4.0836538461538465,0
baseline_v2_channelfixedphasemismatchdeg0p0_s20261001,channel_fixed_phase_mismatch_deg,channel_fixed_phase_mismatch_deg,0.0,20261001,Baseline V2 controlled single-target case,1.0,0.4,9.0,0.9303273803163554,0.000869677951869182,-0.005038485059275401,0.004118855846584728,1.0,34.0,0.7200843623929984,0.35022814905888155,-0.06785723205465059,0.06141281363754694,51.726860150752195,0.4846038296630078,-0.46276760101665143,0.0,18,180.0,-53.2468982695,-1.5200381187478063,60,2200,42,88,49204480,49204480,9e32bac719786333969352acbdc00470d19d2c7d91219c34a2dc910aeb55da31,11949757f2435d033f727c153b14d6a2ff78fabd539e30464be80a0fd40b67c9,Current legacy CSI [production replay],17.996835494221045,DL-SMI/MVDR local,-0.05634664085537988,Current legacy CSI [production replay],17.996835494221045,17.996835494221045,-6.887761591762218,0.0018699742072523138,0,15.947412443340506,-6.686827926573572,0.00012137763617053558,0,16.025745116319236,-6.700599625057491,0.0002275830678197542,0,16.008049215033864,-6.6743094941672485,0.0002275830678197542,0,-0.9042088765858871,-0.011058778326817724,0.004399939311181915,0,-0.7091991367133268,-0.01107220105487699,0.004401835836747079,0,-1.0525776656312513,1.327339140612526,0.004303216507358519,0,7.032576483712582,10.79561296588519,9.82927582416034,15850.817922068609,76631.39417839571,1.0,2916250.209803612,4.092788461538461,0
baseline_v2_channelfixedphasemismatchdeg0p0_s20261002,channel_fixed_phase_mismatch_deg,channel_fixed_phase_mismatch_deg,0.0,20261002,Baseline V2 controlled single-target case,1.0,0.4,9.0,0.9370420111754768,0.0008745464034807713,0.0006319348085212062,0.004136077698668929,1.0,34.0,0.718583248787581,0.3378745093527875,-0.06892175769555393,0.06595005751534756,53.29791706895108,0.4993222988869062,-0.47682317632771304,0.0,18,180.0,-53.2468982695,0.05101879945107865,60,2200,42,88,49204480,49204480,6534b68a0035addf2373e576c05e046fd7cde3a80e7d73d44ec1f91457af9d9e,c424eb924cc3179a2a0566d2d37ce8cca2bc3f8d88150018e6e5273e2285bd13,Current legacy CSI [production replay],18.0735472842031,DL-SMI/MVDR local,0.014218375813011441,Current legacy CSI [production replay],18.0735472842031,18.0735472842031,-7.1076224252610745,0.0020691093915945987,0,13.408007745354418,-6.726837423775591,0.0005405097860719162,0,13.322262344550815,-6.750798664432411,0.0005974055530268549,0,13.32233021002759,-6.728628344714252,0.0006011986041571841,0,-0.8159505036607868,-0.011171014337339542,0.004399939311181915,0,-0.6279735091487133,-0.011167451957128803,0.004396146260051585,0,-0.6068732639114605,1.4728356231547421,0.004339250493096647,0,6.971886116742489,10.98987943728472,9.999203848635783,16441.73273203061,84977.30023713915,1.0,2967464.50152658,4.107692307692307,0
baseline_v2_channelfixedphasemismatchdeg0p0_s20261003,channel_fixed_phase_mismatch_deg,channel_fixed_phase_mismatch_deg,0.0,20261003,Baseline V2 controlled single-target case,1.0,0.4,9.0,0.9481294812797509,0.0008717087279182676,-0.006686752820575073,0.004198811898283493,1.0,34.0,0.7149041028010312,0.33960740208519713,-0.06888729015482423,0.062176684782326845,52.02396851643629,0.48738729363928274,-0.465425700520136,0.0,18,180.0,-53.2468982695,-1.2229297530637093,60,2200,42,88,49204480,49204480,14055bc367a1a96289a75434c53e7432b62f64481d1e120fab712b4acae6f2de,fd272a409a4bf8cc461e92edc387805f1c60da810a32ec9acc25dd9ac2215f92,Current legacy CSI [production replay],15.793770212210944,DL-SMI/MVDR local,-0.042960900030835525,Current legacy CSI [production replay],15.793770212210944,15.793770212210944,-6.865948055161849,0.0017030799575178273,0,14.08766531423029,-6.685433351661716,0.00018016992869063876,0,14.159504744085304,-6.683661846872351,0.00025223790016689425,0,14.150549177754584,-6.661047672509786,0.0002560309512972235,0,-0.8694359994469139,-0.011138548042026374,0.004407525413442573,0,-0.6651614617475499,-0.011140001600924822,0.004390456683356091,0,-0.745347839139443,1.4438865533146088,0.004356319223183128,0,7.110465041053856,11.063835832519558,10.020741944347836,16435.938906997257,82308.98351525077,1.0,2999984.7247506324,4.1,0
baseline_v2_channelfixedphasemismatchdeg0p0_s20261004,channel_fixed_phase_mismatch_deg,channel_fixed_phase_mismatch_deg,0.0,20261004,Baseline V2 controlled single-target case,1.0,0.4,9.0,0.9263251244188216,0.0008731864389406981,-0.006635780045024385,0.004388176333235509,1.0,34.0,0.7188610728939064,0.34427368535403813,-0.0690512630532407,0.0629213109072748,52.66410369069449,0.49338440918125537,-0.47115271530343217,0.0,18,180.0,-53.2468982695,-0.5827945788055118,60,2200,42,88,49204480,49204480,5b4d122f16c3877dfe3b60a162f56a961faf9ca2aa9d7ff2f7dddbe38d89e449,5c71a6c31e20a1e5da74448bd5f9f7974c587bd6585a9afda6bc08a9db588c4b,Current legacy CSI [scientific controlled],19.059632014812458,DL-SMI/MVDR local,-0.044283613145101874,Current legacy CSI [scientific controlled],19.059632014812458,19.053425358106736,-6.968560485911207,0.0019363526020330754,0,15.759513773565729,-6.680614080822269,0.00028447883477469274,0,16.00336909308049,-6.678937453178447,0.0003394780761644667,0,16.02070102458747,-6.656659068027323,0.0003394780761644667,0,-0.9240761911374173,-0.011178276987301027,0.004270975572750721,0,-0.7215529297227938,-0.011176514596371813,0.004325974814140494,0,-1.3079211396595936,1.3138472326723178,0.004276665149446215,0,7.170913442870535,11.096183372122855,10.113265193501668,16261.032368642433,83066.32214106145,1.0,2926458.0266922168,4.076923076923077,0
baseline_v2_channelfixedphasemismatchdeg0p0_s20261005,channel_fixed_phase_mismatch_deg,channel_fixed_phase_mismatch_deg,0.0,20261005,Baseline V2 controlled single-target case,1.0,0.4,9.0,0.9531504859611146,0.0008722811819100143,-0.006444968950096633,0.003981591213402969,1.0,34.0,0.7075709232536184,0.3119584778958466,-0.07064170165211381,0.06890359123088448,52.54034274181763,0.49222495296037394,-0.4700454788225172,0.0,18,180.0,-53.2468982695,-0.7065555276823707,60,2200,42,88,49204480,49204480,82ff44233a441d6c5841120ccd2982af7c993ac3afbf2797070168992cf4475c,e388570b515b3ca84e606b295148bf3e0d20e0fde7767e0425c6585c0ecd423e,Current legacy CSI [scientific controlled],21.454854087984927,DL-SMI/MVDR local,0.015332768751093795,Current legacy CSI [scientific controlled],21.454854087984927,21.375693165914893,-6.837609200027234,0.002165832195417994,0,18.958797594028336,-6.692898180566003,0.0002446517979062358,0,18.722289611933657,-6.727821960575236,0.0003186162949476559,0,18.759894056209156,-6.688512048554717,0.0003413746017296313,0,-0.7492215005925287,-0.011131695851167776,0.0044189045668335605,0,-0.570620588604176,-0.011141728370320781,0.004413214990138067,0,-0.6112220505357611,1.6499534264270608,0.004363905325443787,0,7.132764305432316,11.129102411085729,10.117719998241537,16186.005059549865,81475.94512662772,1.0,3031805.3038,4.092788461538461,0
baseline_v2_channelfixedphasemismatchdeg0p0_s20261006,channel_fixed_phase_mismatch_deg,channel_fixed_phase_mismatch_deg,0.0,20261006,Baseline V2 controlled single-target case,1.0,0.4,9.0,0.9511720975112572,0.0008721229096255959,-0.007590833366302011,0.0038611621676631677,1.0,34.0,0.72237655466906,0.35178969861341924,-0.0678132240940557,0.06274125120818938,52.90132832872653,0.49560685159793616,-0.47327506356194127,0.0,18,180.0,-53.2468982695,-0.34556994077347575,60,2200,42,88,49204480,49204480,22297d8b68775689ce6dc68fc39a86f592d83832b93c998150eb7b707c129bdd,7c5ec9e0332e7e7841103212e81fb1421b607a74b12b328eccbcbb3d1de347ba,Current legacy CSI [production replay],22.92292393593071,DL-SMI/MVDR local,-0.06751397843235907,Current legacy CSI [production replay],22.92292393593071,22.92292393593071,-6.950780172519825,0.0019761796389015326,0,18.58681404117563,-6.703062511251021,0.00019154908208162647,0,18.77667143259785,-6.717399613588166,0.0002655135791230466,0,18.77410135562788,-6.707998562406194,0.00028447883477469274,0,-0.945600149758772,-0.01124246220544959,0.004322181763010165,0,-0.7401061487793803,-0.011238395989519824,0.004362008799878622,0,-1.1076094616685426,1.4570350303981614,0.004288044302837202,0,7.046505416681354,10.995878804989657,9.959027319728799,16414.225675311798,82045.00709016902,1.0,2972147.448796438,4.1,0
baseline_v2_channelfixedphasemismatchdeg0p0_s20261007,channel_fixed_phase_mismatch_deg,channel_fixed_phase_mismatch_deg,0.0,20261007,Baseline V2 controlled single-target case,1.0,0.4,9.0,0.9113985386007066,0.0008761499578383195,-0.00798049190460754,0.004097053188132602,1.0,34.0,0.7120058465570231,0.3208107503697075,-0.07203439905675517,0.07100420888986733,52.95798785462485,0.496137667177254,-0.4737819724137421,0.0,18,180.0,-53.2468982695,-0.2889104148751547,60,2200,42,88,49204480,49204480,db21ee9efdd04d863fed168395075c656785cfc1f0f4f019f4c27a9ec09589bc,21792fb60191a4a3c6e2256386a410823098a876981d7d17f53af06123cb82c9,Current legacy CSI [production replay],17.045223961343986,DL-SMI/MVDR local,-0.05595657465643811,Current legacy CSI [production replay],17.045223961343986,17.045223961343986,-6.887456350279066,0.002296692459414353,0,13.46872127756569,-6.687344401198507,0.00043999393111819146,0,13.423403608993246,-6.691216444921253,0.000527234107115764,0,13.425678816193285,-6.657911646289292,0.0005575785161583978,0,-0.9210010336214065,-0.011287409176420429,0.004339250493096647,0,-0.7321397362658013,-0.011272056321218747,0.004390456683356091,0,-0.919250626430907,1.3867128764200662,0.004270975572750721,0,7.218708688419998,11.253036054792695,10.229616124327823,15724.347006990747,77170.42499416844,1.0,2924871.8228513175,4.122596153846154,0
baseline_v2_channelfixedphasemismatchdeg0p0_s20261008,channel_fixed_phase_mismatch_deg,channel_fixed_phase_mismatch_deg,0.0,20261008,Baseline V2 controlled single-target case,1.0,0.4,9.0,0.9400173677818773,0.0008709881591140516,-0.0005515276498486859,0.004548754937369176,1.0,34.0,0.7171586196960378,0.34027172248017695,-0.06730395901330716,0.06521901894926747,53.9014589984017,0.5049765900911583,-0.48222281580497184,0.0,18,180.0,-53.2468982695,0.6545607289016999,60,2200,42,88,49204480,49204480,4679e9201a9f408005982fdebba164fda59bc7a4ef1cf806563fe7269f29d530,d3e8e23ce65a116d82c8a8f713754959cf925db8509122ce7a5960f5c8aa6949,Current legacy CSI [scientific controlled],23.050120534545982,DL-SMI/MVDR local,0.0464173915480206,Current legacy CSI [scientific controlled],23.050120534545982,23.029613491406046,-6.897288821958458,0.0015817023213472918,0,17.72961370347364,-6.724936501481591,0.00021999696555909573,0,17.531856902335125,-6.727249989063143,0.00031292671825216206,0,17.529918444044778,-6.70921972863173,0.0003167197693824913,0,-0.6695135816431561,-0.011199350765126764,0.004407525413442573,0,-0.5107459119030624,-0.011204070885656725,0.004420801092398725,0,-0.27995092768531027,1.3390349352646183,0.004286147777272037,0,6.962893284805568,10.920014497174348,9.9152677651531,16703.718977957164,82943.40350150237,1.0,3001177.422313904,4.076923076923077,0
baseline_v2_channelfixedphasemismatchdeg0p0_s20261009,channel_fixed_phase_mismatch_deg,channel_fixed_phase_mismatch_deg,0.0,20261009,Baseline V2 controlled single-target case,1.0,0.4,9.0,0.9407699841783502,0.000873279066879206,-0.006998824121147087,0.004115983799784658,1.0,34.0,0.7224662968626719,0.34948306361530695,-0.06926244325165201,0.06329642957403665,52.72971824279456,0.49399912005171315,-0.4717397408171613,0.0,18,180.0,-53.2468982695,-0.5171800267054383,60,2200,42,88,49204480,49204480,b1438c35b190cb9eedf9239c98fe0018cd808c76fdb47fd08463002227586361,1d08eefd2a52ddcd8c059aa8a8e15e5f8b0b9c2b3a4c46bc1029cfb1a55b90d9,Current legacy CSI [production replay],17.8333151322106,DL-SMI/MVDR local,-0.03008551070074006,Current legacy CSI [production replay],17.8333151322106,17.8333151322106,-7.037320452578999,0.0021487634653315126,0,14.033972274720336,-6.678946586674855,0.0003944773175542406,0,14.343794975842348,-6.699294064248033,0.00043620087998786223,0,14.328533599743905,-6.680148653043487,0.0004343043544226976,0,-0.9375199968739762,-0.01122056594959022,0.004333560916401153,0,-0.7207964378642604,-0.011222720935510595,0.004367698376574116,0,-0.6933112977092701,1.4041859804745491,0.004382870581095434,0,7.0759960562224835,10.967080454630038,9.945041766710048,15794.733581245557,77741.79467017918,1.0,2972016.466734843,4.107692307692307,0
baseline_v2_channelfixedphasemismatchdeg0p0_s20261010,channel_fixed_phase_mismatch_deg,channel_fixed_phase_mismatch_deg,0.0,20261010,Baseline V2 controlled single-target case,1.0,0.4,9.0,0.95813388946469,0.0008676557992087834,0.0003622535225531584,0.0041060948399102735,1.0,34.0,0.7212110842182577,0.35160025213006957,-0.06655758761877241,0.06213974194393997,53.36190131318192,0.4999217361947573,-0.4773956166381279,0.0,18,180.0,-53.2468982695,0.11500304368191819,60,2200,42,88,49204480,49204480,45786814f41b387067db99aed98ed5a7e066ee306822b1ea23a5c64711ced70b,7cc297e488905e86aa4b29f5d2c40b12144864b3cb1c70c6cea9d4998cdc013d,Current legacy CSI [scientific controlled],20.48437234525327,DL-SMI/MVDR local,0.06202473787599949,Current legacy CSI [scientific controlled],20.48437234525327,20.423518671508486,-7.069404025736768,0.0021146260051585495,0,18.160128319244816,-6.724357497710338,0.00030723714155666816,0,17.66642768819521,-6.759185507402362,0.0003299954483386436,0,17.610312900681983,-6.734561130076699,0.00034516765285996055,0,-0.664946873381036,-0.011372318746929828,0.004312699135184343,0,-0.4906668562804022,-0.011348551098456977,0.004325974814140494,0,-0.27971143801941034,1.645262972871406,0.004305113032923684,0,7.091233237769808,10.97354463919606,9.92998417586983,17216.692994844594,87209.98460291103,1.0,3022279.491586866,4.084615384615384,0
baseline_v2_channelfixedphasemismatchdeg6p0_s20261001,channel_fixed_phase_mismatch_deg,channel_fixed_phase_mismatch_deg,6.0,20261001,Baseline V2 controlled single-target case,1.0,0.4,9.0,0.9303273803163554,0.0008696779519704868,-0.005038485083164396,0.004118855855262613,1.0,34.0,0.7200843622141058,0.35022814761759197,-0.06785732135713793,0.06141281367583383,51.726860150752195,0.4846038296630078,-0.46276760101665143,0.0,18,180.0,-53.2468982695,-1.5200381187478063,60,2200,42,88,49204480,49204480,6e09d2cb2bce83d3d7bbbbe70dce1fe78cdaec47e97eb6a1b9b6ec2736d6718b,fcc5b7dae7fcd00b56abc02fc9dc2b313333306f746ae5082a959aafd8dac4fe,Current legacy CSI [production replay],17.996835621097134,DL-SMI/MVDR local,-0.1210053851122952,Current legacy CSI [production replay],17.996835621097134,17.996835621097134,-6.887761565316151,0.0018699742072523138,0,15.94741244932028,-6.686827876328261,0.00012137763617053558,0,16.0257452591765,-6.700599621451481,0.0002275830678197542,0,16.008049359092517,-6.674309488906877,0.0002275830678197542,0,-0.9484042197715277,-0.37713740178411553,0.00439804278561675,0,-0.7615491618492634,-0.3563116691401344,0.00442269761796389,0,-1.1211069319196492,0.922010811235905,0.004288044302837202,0,7.032576654041728,10.79561296588519,9.829275847533623,15850.81791385934,76631.39550218673,1.0,2916250.3218087824,4.092788461538461,0
baseline_v2_channelfixedphasemismatchdeg6p0_s20261002,channel_fixed_phase_mismatch_deg,channel_fixed_phase_mismatch_deg,6.0,20261002,Baseline V2 controlled single-target case,1.0,0.4,9.0,0.9370420111754768,0.0008745464036752228,0.0006319348121998109,0.00413607771998368,1.0,34.0,0.718583248702893,0.33787450752718456,-0.0689218467761806,0.0659500576091785,53.29791706895108,0.4993222988869062,-0.47682317632771304,0.0,18,180.0,-53.2468982695,0.05101879945107865,60,2200,42,88,49204480,49204480,9cc192d288d85bf089c279dd3c4a02049f2a20ca0b18260663b198f4a891d6f5,20e6b7231450d47b4ecb53b29ea631f8315f1c83b1c2af084051b4c5d194d1b3,Current legacy CSI [production replay],18.073547217268104,DL-SMI/MVDR local,-0.05911457105099327,Current legacy CSI [production replay],18.073547217268104,18.073547217268104,-7.107622410089599,0.0020691093915945987,0,13.408007840946777,-6.7268373874278815,0.0005405097860719162,0,13.322262381448127,-6.750798674874488,0.0005974055530268549,0,13.322330247662126,-6.728628355504895,0.0006011986041571841,0,-0.8629768291136752,-0.36885171769426384,0.0043544226976179636,0,-0.6838637785355579,-0.3492072209498554,0.00437338795326961,0,-0.6874716276958495,1.0919379813944554,0.004316492186314672,0,6.971886236842018,10.989879255060133,9.99920387343553,16441.732817830754,84977.29958285026,1.0,2967464.5312577863,4.107692307692307,0
baseline_v2_channelfixedphasemismatchdeg6p0_s20261003,channel_fixed_phase_mismatch_deg,channel_fixed_phase_mismatch_deg,6.0,20261003,Baseline V2 controlled single-target case,1.0,0.4,9.0,0.9481294812797509,0.0008717087280698001,-0.006686752821681905,0.004198811893985443,1.0,34.0,0.7149041028250991,0.33960740233041825,-0.06888737920949783,0.062176684842014926,52.02396851643629,0.48738729363928274,-0.465425700520136,0.0,18,180.0,-53.2468982695,-1.2229297530637093,60,2200,42,88,49204480,49204480,b618e99c80585243b953e3945fbabce5931d0d927f6af5e3fc721240e920473d,f012c95d24ea4067fec131d4551d69ecf6c02a3972013269d901d11439345e0a,Current legacy CSI [production replay],15.793770145104158,DL-SMI/MVDR local,-0.12129132649799157,Current legacy CSI [production replay],15.793770145104158,15.793770145104158,-6.865947983221513,0.0017030799575178273,0,14.087665103475125,-6.685433318265796,0.00018016992869063876,0,14.15950466413543,-6.683661858396301,0.00025223790016689425,0,14.150549098674748,-6.6610476839128285,0.0002560309512972235,0,-0.9253617476975862,-0.3724848790014825,0.004341147018661812,0,-0.7309725480195448,-0.35273830572105824,0.004369594902139281,0,-0.8264336717992267,1.0617520889013894,0.004339250493096647,0,7.110465041053856,11.063836025301114,10.02074196500909,16435.938827933263,82308.9824088729,1.0,2999984.7850028947,4.1,0
baseline_v2_channelfixedphasemismatchdeg6p0_s20261004,channel_fixed_phase_mismatch_deg,channel_fixed_phase_mismatch_deg,6.0,20261004,Baseline V2 controlled single-target case,1.0,0.4,9.0,0.9263251244188216,0.0008731864387970667,-0.006635780069807727,0.00438817634298423,1.0,34.0,0.7188610729328353,0.34427368427244176,-0.06905135218428475,0.06292131079914509,52.66410369069449,0.49338440918125537,-0.47115271530343217,0.0,18,180.0,-53.2468982695,-0.5827945788055118,60,2200,42,88,49204480,49204480,063bd15e8b10bf61c68316457f78d9d158e7a5ff7075fc8ba0f0b16d72c1b016,bc65acda2e214b6c2e0d0bed6ffd72ff5af996508dc4acd1dcc5475bf4c59b3e,Current legacy CSI [scientific controlled],19.059631969320694,DL-SMI/MVDR local,-0.12033256744069742,Current legacy CSI [scientific controlled],19.059631969320694,19.05342530996799,-6.968560468880137,0.0019363526020330754,0,15.759513490148588,-6.680614042128513,0.00028447883477469274,0,16.003369083278013,-6.678937458576266,0.0003394780761644667,0,16.020701016265168,-6.656659073047884,0.0003394780761644667,0,-0.976636744794237,-0.37277174263197876,0.004267182521620391,0,-0.7833553258587882,-0.3525420835845556,0.004276665149446215,0,-1.4232433153752195,0.9137142719410971,0.00425011379153391,0,7.170913442870535,11.09618343074821,10.113265215723175,16261.032374075905,83066.32174656699,1.0,2926458.1454546303,4.076923076923077,0
baseline_v2_channelfixedphasemismatchdeg6p0_s20261005,channel_fixed_phase_mismatch_deg,channel_fixed_phase_mismatch_deg,6.0,20261005,Baseline V2 controlled single-target case,1.0,0.4,9.0,0.9531504859611146,0.0008722811818971544,-0.00644496893008717,0.0039815912117162145,1.0,34.0,0.7075709234381544,0.3119584767867648,-0.07064179073937228,0.0689035913182785,52.54034274181763,0.49222495296037394,-0.4700454788225172,0.0,18,180.0,-53.2468982695,-0.7065555276823707,60,2200,42,88,49204480,49204480,d3748f67c7e4a7dc7b5f7258ee6c57fa52e01ba184a8a083a5af6b3dcd81da9f,333af9686e4bc5bc5e156d0b3ff061ca990de4255c146188de78cf31112c8ad4,Current legacy CSI [scientific controlled],21.454854323079015,DL-SMI/MVDR local,-0.04967404854668622,Current legacy CSI [scientific controlled],21.454854323079015,21.375693401050956,-6.837609107085317,0.002165832195417994,0,18.95879788084804,-6.692898122466805,0.0002446517979062358,0,18.722289746071546,-6.727821948796996,0.0003186162949476559,0,18.75989418362917,-6.6885120374882545,0.0003413746017296313,0,-0.7840423881650169,-0.3805125775237167,0.004394249734486421,0,-0.6160016126103196,-0.3597229326363596,0.004396146260051585,0,-0.6586005241793522,1.265285867817296,0.0043601122743134576,0,7.132764228792774,11.129102492260873,10.117720021274934,16186.005060835198,81475.94474404311,1.0,3031805.217280839,4.092788461538461,0
baseline_v2_channelfixedphasemismatchdeg6p0_s20261006,channel_fixed_phase_mismatch_deg,channel_fixed_phase_mismatch_deg,6.0,20261006,Baseline V2 controlled single-target case,1.0,0.4,9.0,0.9511720975112572,0.0008721229096705054,-0.007590833354218565,0.003861162155135151,1.0,34.0,0.7223765543625769,0.35178969831991397,-0.06781331336134228,0.06274125126200968,52.90132832872653,0.49560685159793616,-0.47327506356194127,0.0,18,180.0,-53.2468982695,-0.34556994077347575,60,2200,42,88,49204480,49204480,dc7abc7dae8f7b9cd7b4bb5193099be68cdcfb912ddef2adae29cc4190835498,0b62f22af984a64fb4a9288ee19324965e2c0ac4cea888023f403c1bc57760e7,Current legacy CSI [production replay],22.922923944415235,DL-SMI/MVDR local,-0.14103097485456462,Current legacy CSI [production replay],22.922923944415235,22.922923944415235,-6.950780093893968,0.0019761796389015326,0,18.58681382638747,-6.70306246561558,0.00019154908208162647,0,18.776671468808743,-6.717399615094665,0.0002655135791230466,0,18.7741013865776,-6.707998565654374,0.00028447883477469274,0,-0.9964112772400618,-0.3733887066534588,0.004276665149446215,0,-0.8000506632527216,-0.3527171989239406,0.004327871339705659,0,-1.2077917069889437,1.0652797308547532,0.004291837353967531,0,7.046505416681354,10.995878953360293,9.959027340656393,16414.225614117164,82045.0095465142,1.0,2972147.698294205,4.1,0
baseline_v2_channelfixedphasemismatchdeg6p0_s20261007,channel_fixed_phase_mismatch_deg,channel_fixed_phase_mismatch_deg,6.0,20261007,Baseline V2 controlled single-target case,1.0,0.4,9.0,0.9113985386007066,0.0008761499576812624,-0.007980491899230798,0.0040970531541711696,1.0,34.0,0.7120058465285155,0.32081074973106866,-0.07203448845621593,0.07100420883438094,52.95798785462485,0.496137667177254,-0.4737819724137421,0.0,18,180.0,-53.2468982695,-0.2889104148751547,60,2200,42,88,49204480,49204480,3775b09bb412001c6d8a3d80dd77c988000eef2e726f648e1c11e9e9a7c564aa,3081bbf25d3c204c605e7d6b9c94617b5db9009fd7444c98beb4f15f13e892e8,Current legacy CSI [production replay],17.04522392006585,DL-SMI/MVDR local,-0.14334674020127292,Current legacy CSI [production replay],17.04522392006585,17.04522392006585,-6.887456295083705,0.002296692459414353,0,13.468721246514862,-6.687344372438282,0.00043999393111819146,0,13.423403601043086,-6.691216463143251,0.000527234107115764,0,13.425678809993807,-6.6579116651206895,0.0005575785161583978,0,-0.9827882415890477,-0.3710172138395226,0.004314595660749507,0,-0.8027511676884833,-0.3523083277629212,0.004350629646487635,0,-1.0320312760142443,0.9956890799909012,0.004276665149446215,0,7.218708888028295,11.253036034979818,10.229616144596145,15724.347016367437,77170.42508303202,1.0,2924871.697275852,4.122596153846154,0
baseline_v2_channelfixedphasemismatchdeg6p0_s20261008,channel_fixed_phase_mismatch_deg,channel_fixed_phase_mismatch_deg,6.0,20261008,Baseline V2 controlled single-target case,1.0,0.4,9.0,0.9400173677818773,0.0008709881589384859,-0.00055152766586237,0.004548754931931635,1.0,34.0,0.717158619714081,0.3402717216926033,-0.06730404822246079,0.06521901876138295,53.9014589984017,0.5049765900911583,-0.48222281580497184,0.0,18,180.0,-53.2468982695,0.6545607289016999,60,2200,42,88,49204480,49204480,87bbe0291b68fca6c7ba1e8c1b6e6fb1fd70bf9f5be016a5387affd0e558faee,af730a174a78f87b9f0bd25cd16ff0baecd706baf77b1e82137bfaca241aaac3,Current legacy CSI [scientific controlled],23.050120658471048,DL-SMI/MVDR local,-0.01246811816526705,Current legacy CSI [scientific controlled],23.050120658471048,23.02961361888116,-6.897288796138382,0.0015817023213472918,0,17.72961371583881,-6.724936450247851,0.00021999696555909573,0,17.531856748537,-6.727249986427413,0.00031292671825216206,0,17.529918291294646,-6.709219725101391,0.0003167197693824913,0,-0.7090501124761159,-0.37311606058325814,0.0043658018510089516,0,-0.5592399327683175,-0.3540275020072967,0.004388560157790927,0,-0.3565181305290439,0.9468750537668951,0.004305113032923684,0,6.962893191889004,10.920014497174348,9.915267787960463,16703.71897367969,82943.40274956856,1.0,3001177.281426336,4.076923076923077,0
baseline_v2_channelfixedphasemismatchdeg6p0_s20261009,channel_fixed_phase_mismatch_deg,channel_fixed_phase_mismatch_deg,6.0,20261009,Baseline V2 controlled single-target case,1.0,0.4,9.0,0.9407699841783502,0.00087327906672412,-0.006998824103022574,0.004115983800812007,1.0,34.0,0.7224662969234126,0.3494830624858599,-0.06926253257408913,0.0632964295052727,52.72971824279456,0.49399912005171315,-0.4717397408171613,0.0,18,180.0,-53.2468982695,-0.5171800267054383,60,2200,42,88,49204480,49204480,96dbc8d6a629bf9c75f25408230f28d9b9e43d5dca274678a012907637503e18,41645e7145dbbf096f8d0b25530630335177071ffdfcbcc5aa00589146282ef2,Current legacy CSI [production replay],17.833315110468142,DL-SMI/MVDR local,-0.11502398025407334,Current legacy CSI [production replay],17.833315110468142,17.833315110468142,-7.037320416015616,0.0021487634653315126,0,14.033971971564197,-6.678946528898347,0.0003944773175542406,0,14.343794992750121,-6.699294051808581,0.00043620087998786223,0,14.328533616467029,-6.6801486402257755,0.0004343043544226976,0,-0.9967891935977473,-0.3725741004989163,0.004322181763010165,0,-0.7909583804948346,-0.35303834368147047,0.0043658018510089516,0,-0.8029023193990144,1.0141159269065751,0.004350629646487635,0,7.0759964979580765,10.967080319646104,9.945041788349977,15794.73365515935,77741.79674884581,1.0,2972016.633448736,4.107692307692307,0
baseline_v2_channelfixedphasemismatchdeg6p0_s20261010,channel_fixed_phase_mismatch_deg,channel_fixed_phase_mismatch_deg,6.0,20261010,Baseline V2 controlled single-target case,1.0,0.4,9.0,0.95813388946469,0.0008676557993623979,0.00036225353730268703,0.00410609483788317,1.0,34.0,0.7212110843519923,0.3516002523919513,-0.06655767643056212,0.0621397419285798,53.36190131318192,0.4999217361947573,-0.4773956166381279,0.0,18,180.0,-53.2468982695,0.11500304368191819,60,2200,42,88,49204480,49204480,7aec59b122583407602f09efeedbc27eaf2470c300d76ebc596bcef0c70f8550,da174c057020cf7018295ee7314779bf12078a4b76dec7dd8143bf3a91bddd40,Current legacy CSI [scientific controlled],20.484372379617096,DL-SMI/MVDR local,0.0032718365857213882,Current legacy CSI [scientific controlled],20.484372379617096,20.42351870351434,-7.069403967940891,0.0021146260051585495,0,18.16012868633429,-6.7243574549661345,0.00030723714155666816,0,17.66642763625376,-6.759185510700307,0.0003299954483386436,0,17.61031284782348,-6.734561132856908,0.00034516765285996055,0,-0.6974712789288953,-0.37458235909328425,0.004314595660749507,0,-0.5328375197157436,-0.3545728142023936,0.004339250493096647,0,-0.31521061184628296,1.2673320870367475,0.004295630405097861,0,7.091233554327161,10.973544745973566,9.92998419520468,17216.69305211145,87209.98545036376,1.0,3022279.6265029465,4.084615384615384,0
baseline_v2_channelfixedphasemismatchdeg12p0_s20261001,channel_fixed_phase_mismatch_deg,channel_fixed_phase_mismatch_deg,12.0,20261001,Baseline V2 controlled single-target case,1.0,0.4,9.0,0.9303273803163554,0.0008696779517327338,-0.005038485062577232,0.004118855866933144,1.0,34.0,0.7200843624805806,0.3502281477612784,-0.0678573340836251,0.06141281369312402,51.726860150752195,0.4846038296630078,-0.46276760101665143,0.0,18,180.0,-53.2468982695,-1.5200381187478063,60,2200,42,88,49204480,49204480,b9cd373c6677b2eb3246153da6e22cca20d1ffce00b8943c706a851dede57edf,4a784d16734d3e38c5f80fa4a6d2dfb62a14ca5492b8bc9a7fc0d8c7a9293434,Current legacy CSI [production replay],17.99683541885886,DL-SMI/MVDR local,-0.1818514225024801,Current legacy CSI [production replay],17.99683541885886,17.99683541885886,-6.887761569638418,0.0018699742072523138,0,15.947412189308237,-6.686827881985463,0.00012137763617053558,0,16.025745020571314,-6.700599632043235,0.0002275830678197542,0,16.008049123161122,-6.674309501814887,0.0002275830678197542,0,-0.9623948863332492,-0.7283216568652918,0.004386663632225762,0,-0.7918386300802722,-0.7047087028679553,0.004403732362312244,0,-1.1577574983356769,0.5268870432991954,0.004312699135184343,0,7.032576521326321,10.79561296588519,9.829275850052749,15850.817962851308,76631.39634706214,1.0,2916250.1607628735,4.092788461538461,0
baseline_v2_channelfixedphasemismatchdeg12p0_s20261002,channel_fixed_phase_mismatch_deg,channel_fixed_phase_mismatch_deg,12.0,20261002,Baseline V2 controlled single-target case,1.0,0.4,9.0,0.9370420111754768,0.0008745464034920995,0.0006319348199894544,0.004136077678266842,1.0,34.0,0.7185832488308318,0.33787450769362287,-0.06892185961386862,0.0659500574195993,53.29791706895108,0.4993222988869062,-0.47682317632771304,0.0,18,180.0,-53.2468982695,0.05101879945107865,60,2200,42,88,49204480,49204480,0ae1e11efc3c27f71d8888621cec50583a7770f954315200071c9bb657b27d73,c1341b14d0e4f07cdf99d82cf54fc4b59bf4d74703250659c54613d6c3cce2a3,Current legacy CSI [production replay],18.073547319270766,DL-SMI/MVDR local,-0.12995194869650284,Current legacy CSI [production replay],18.073547319270766,18.073547319270766,-7.1076223904573075,0.0020691093915945987,0,13.40800778490837,-6.726837363960698,0.0005405097860719162,0,13.32226233140387,-6.750798658041182,0.0005974055530268549,0,13.322330194487567,-6.728628338649408,0.0006011986041571841,0,-0.8827669745061604,-0.7117477962326588,0.004341147018661812,0,-0.7204436664948841,-0.6905170362309474,0.004350629646487635,0,-0.7434714163143732,0.7182713031645764,0.004301319981793355,0,6.971885954880596,10.989879305320272,9.99920387446394,16441.732707922893,84977.30279372382,1.0,2967464.737274734,4.107692307692307,0
baseline_v2_channelfixedphasemismatchdeg12p0_s20261003,channel_fixed_phase_mismatch_deg,channel_fixed_phase_mismatch_deg,12.0,20261003,Baseline V2 controlled single-target case,1.0,0.4,9.0,0.9481294812797509,0.0008717087278156565,-0.0066867528047956665,0.004198811900509889,1.0,34.0,0.7149041025967774,0.33960740189177757,-0.06888739197425017,0.06217668472948618,52.02396851643629,0.48738729363928274,-0.465425700520136,0.0,18,180.0,-53.2468982695,-1.2229297530637093,60,2200,42,88,49204480,49204480,e94f38918f0f07ef07f9cea19ea2a908b764b681f74cd21ad8beb8ad09bc14d7,e7e68852ae0fa9c512631d0bae37620b9d582b7ba9427905b10fba69952ab180,Current legacy CSI [production replay],15.793770283262234,DL-SMI/MVDR local,-0.1957503597363992,Current legacy CSI [production replay],15.793770283262234,15.793770283262234,-6.865947968082131,0.0017030799575178273,0,14.087665224442336,-6.68543330399964,0.00018016992869063876,0,14.159504795914604,-6.683661848298491,0.00025223790016689425,0,14.15054922829676,-6.661047672161963,0.0002560309512972235,0,-0.9505118893583182,-0.7219653035568723,0.00432407828857533,0,-0.7745519727306771,-0.6998828968554851,0.004335457441966318,0,-0.878973558897524,0.6832839923159896,0.004297526930663025,0,7.110465041053856,11.06383589233232,10.020741964925694,16435.93889184817,82308.98382733279,1.0,2999984.8108575456,4.1,0
baseline_v2_channelfixedphasemismatchdeg12p0_s20261004,channel_fixed_phase_mismatch_deg,channel_fixed_phase_mismatch_deg,12.0,20261004,Baseline V2 controlled single-target case,1.0,0.4,9.0,0.9263251244188216,0.0008731864385988519,-0.0066357800318101,0.004388176335375713,1.0,34.0,0.7188610727311097,0.3442736859715515,-0.0690513648767785,0.06292131090998208,52.66410369069449,0.49338440918125537,-0.47115271530343217,0.0,18,180.0,-53.2468982695,-0.5827945788055118,60,2200,42,88,49204480,49204480,842b96f1313ac526d4931029b8838ea83dbf0cd7ebe93153d911cde21c6d4d1c,bc3819e3368b3a4876f4c97f0c05e7c54cb59dab2fd6c4ecd57cb9b778fa0daf,Current legacy CSI [scientific controlled],19.059632101549617,DL-SMI/MVDR local,-0.19222021185754556,Current legacy CSI [scientific controlled],19.059632101549617,19.053425444558236,-6.968560454964738,0.0019363526020330754,0,15.759513575105665,-6.680614019520661,0.00028447883477469274,0,16.003369222104073,-6.678937442735196,0.0003394780761644667,0,16.020701151203305,-6.656659059505079,0.0003394780761644667,0,-0.9961495518914516,-0.720693583353919,0.004259596419359733,0,-0.8217263650044995,-0.6985719774943069,0.004259596419359733,0,-1.4990889945693469,0.5209205682813085,0.004246320740403581,0,7.170913442870535,11.096183272467526,10.11326521919241,16261.032363500035,83066.32168990198,1.0,2926457.6885264376,4.076923076923077,0
baseline_v2_channelfixedphasemismatchdeg12p0_s20261005,channel_fixed_phase_mismatch_deg,channel_fixed_phase_mismatch_deg,12.0,20261005,Baseline V2 controlled single-target case,1.0,0.4,9.0,0.9531504859611146,0.000872281181935234,-0.0064449689247141695,0.003981591202723419,1.0,34.0,0.7075709233258842,0.3119584785465768,-0.07064180367260513,0.06890359119964433,52.54034274181763,0.49222495296037394,-0.4700454788225172,0.0,18,180.0,-53.2468982695,-0.7065555276823707,60,2200,42,88,49204480,49204480,8092090333f0b13c7b2a024231b1a720539cd5c8c101fed4656c4f79d01e6b8b,af011a3f5b8c99158c831f15f873f4b059e466ec253090ec51be0e6bfa3c6f09,Current legacy CSI [scientific controlled],21.45485395596495,DL-SMI/MVDR local,-0.11339208409071233,Current legacy CSI [scientific controlled],21.45485395596495,21.3756930406167,-6.837609112625361,0.002165832195417994,0,18.958797660231696,-6.69289813924928,0.0002446517979062358,0,18.722289525326786,-6.727821974415935,0.0003186162949476559,0,18.75989396790363,-6.688512060247696,0.0003413746017296313,0,-0.7983727963576399,-0.7342881471206758,0.004399939311181915,0,-0.64619863248614,-0.7108264015579107,0.004382870581095434,0,-0.6872392620456393,0.884430820200139,0.004337353967531482,0,7.132764808299424,11.12910243402599,10.117720027656834,16186.00519650369,81475.94409602159,1.0,3031805.5730231963,4.092788461538461,0
baseline_v2_channelfixedphasemismatchdeg12p0_s20261006,channel_fixed_phase_mismatch_deg,channel_fixed_phase_mismatch_deg,12.0,20261006,Baseline V2 controlled single-target case,1.0,0.4,9.0,0.9511720975112572,0.0008721229095104945,-0.007590833373795185,0.0038611621808406953,1.0,34.0,0.72237655458533,0.35178969914232117,-0.06781332595730608,0.06274125128975121,52.90132832872653,0.49560685159793616,-0.47327506356194127,0.0,18,180.0,-53.2468982695,-0.34556994077347575,60,2200,42,88,49204480,49204480,f295dccdaa626f25e05666bbb547f2522ddb8a738ebb991f8dff78432304c63b,72964a02ecf9b6eeceac686800fd4c64e0b65522e98915e5085acbeeb37c5c99,Current legacy CSI [production replay],22.922924081161216,DL-SMI/MVDR local,-0.21052227639343668,Current legacy CSI [production replay],22.922924081161216,22.922924081161216,-6.950780072800726,0.0019761796389015326,0,18.586813803579037,-6.703062454111997,0.00019154908208162647,0,18.776671504947174,-6.717399608679066,0.0002655135791230466,0,18.774101429550317,-6.707998557389196,0.00028447883477469274,0,-1.0162700531083555,-0.7237978921853604,0.004267182521620391,0,-0.8382261927587874,-0.7006508117000114,0.00429942345622819,0,-1.2762491533115834,0.676536975596391,0.004217872856926112,0,7.046505416681354,10.995878507509595,9.959027346698981,16414.22569941002,82045.00714621798,1.0,2972147.4924512375,4.1,0
baseline_v2_channelfixedphasemismatchdeg12p0_s20261007,channel_fixed_phase_mismatch_deg,channel_fixed_phase_mismatch_deg,12.0,20261007,Baseline V2 controlled single-target case,1.0,0.4,9.0,0.9113985386007066,0.0008761499574760244,-0.007980491919443446,0.004097053197387918,1.0,34.0,0.712005846605713,0.32081075071025894,-0.07203450077445674,0.07100420903682322,52.95798785462485,0.496137667177254,-0.4737819724137421,0.0,18,180.0,-53.2468982695,-0.2889104148751547,60,2200,42,88,49204480,49204480,45fd9f0c3dcb56358a38c96eb62b37f79032b62874e9ec0fabda03465fc1d4ba,89171c55091448938f91dc48c75320cf1ce294d4a5ad82b3bd395db3e9c120a4,Current legacy CSI [production replay],17.045223981536097,DL-SMI/MVDR local,-0.22732770379191702,Current legacy CSI [production replay],17.045223981536097,17.045223981536097,-6.887456285715548,0.002296692459414353,0,13.468721281948712,-6.6873443543269495,0.00043999393111819146,0,13.423403622317009,-6.691216451318161,0.000527234107115764,0,13.425678831274768,-6.657911652805504,0.0005575785161583978,0,-1.0125148847532692,-0.7195176771527938,0.00427476862388105,0,-0.8504224409280354,-0.698917335726621,0.004322181763010165,0,-1.1121937117090157,0.6087132193685588,0.004252010317099074,0,7.218708694785178,11.253036091715263,10.229616151805711,15724.34707260658,77170.42578910085,1.0,2924871.712805636,4.122596153846154,0
baseline_v2_channelfixedphasemismatchdeg12p0_s20261008,channel_fixed_phase_mismatch_deg,channel_fixed_phase_mismatch_deg,12.0,20261008,Baseline V2 controlled single-target case,1.0,0.4,9.0,0.9400173677818773,0.0008709881587748011,-0.0005515276373037276,0.004548754927747156,1.0,34.0,0.7171586196977303,0.34027172326082356,-0.06730406105110079,0.06521901874045062,53.9014589984017,0.5049765900911583,-0.48222281580497184,0.0,18,180.0,-53.2468982695,0.6545607289016999,60,2200,42,88,49204480,49204480,6c99282f374d844a07bd58733a70641efb2cce5d9cf103ef7e1a609b965086d5,b6deaa296fb536df6ef09a1202ef6c4c89133aa5d6f9419aa7decdb198b88e93,Current legacy CSI [scientific controlled],23.05012054512403,DL-SMI/MVDR local,-0.0713336834470022,Current legacy CSI [scientific controlled],23.05012054512403,23.02961349702515,-6.897288792342832,0.0015817023213472918,0,17.729613905135817,-6.724936445737963,0.00021999696555909573,0,17.531856934809998,-6.727249986426443,0.00031292671825216206,0,17.52991847558475,-6.70921972722523,0.0003167197693824913,0,-0.7317817178171415,-0.7215976543652638,0.004337353967531482,0,-0.5955832499202032,-0.7009760625151064,0.0043658018510089516,0,-0.42650470050752176,0.5603661321922072,0.004259596419359733,0,6.962893317957432,10.920014497174348,9.915267790061131,16703.71903267335,82943.40398432127,1.0,3001177.449004089,4.076923076923077,0
baseline_v2_channelfixedphasemismatchdeg12p0_s20261009,channel_fixed_phase_mismatch_deg,channel_fixed_phase_mismatch_deg,12.0,20261009,Baseline V2 controlled single-target case,1.0,0.4,9.0,0.9407699841783502,0.0008732790669601111,-0.006998824104927287,0.004115983812217905,1.0,34.0,0.7224662969526546,0.3494830616307938,-0.0692625448787827,0.06329642952940688,52.72971824279456,0.49399912005171315,-0.4717397408171613,0.0,18,180.0,-53.2468982695,-0.5171800267054383,60,2200,42,88,49204480,49204480,44f7dbe44bc915604b18c0aa4cf0d465cae0d1aba37871f60d8bf4cecf3523f5,d0643997b73010d6751a730e734296cad1aee56839364f23f964a23084814d45,Current legacy CSI [production replay],17.83331518747952,DL-SMI/MVDR local,-0.19648883338514977,Current legacy CSI [production replay],17.83331518747952,17.83331518747952,-7.037320405881205,0.0021487634653315126,0,14.033971933717593,-6.6789465146718205,0.0003944773175542406,0,14.34379501260977,-6.699294043881974,0.00043620087998786223,0,14.32853363968434,-6.680148631896412,0.0004343043544226976,0,-1.0241015795154143,-0.7226020726913924,0.004344940069792141,0,-0.8383299124815862,-0.7007277192271799,0.004367698376574116,0,-0.8851280970709494,0.6263034776600639,0.004316492186314672,0,7.07599598607484,10.96708038679784,9.94504178771338,15794.733562587016,77741.79471932746,1.0,2972016.4198644464,4.107692307692307,0
baseline_v2_channelfixedphasemismatchdeg12p0_s20261010,channel_fixed_phase_mismatch_deg,channel_fixed_phase_mismatch_deg,12.0,20261010,Baseline V2 controlled single-target case,1.0,0.4,9.0,0.95813388946469,0.0008676557989602768,0.0003622535132403264,0.00410609482949817,1.0,34.0,0.7212110845858852,0.35160025481815155,-0.06655768944269444,0.06213974184382518,53.36190131318192,0.4999217361947573,-0.4773956166381279,0.0,18,180.0,-53.2468982695,0.11500304368191819,60,2200,42,88,49204480,49204480,a30174206b2a39931a3cdba4fd9bef7070d9cfd4fcd9c1125bc34c7fb6dac056,830858e131d0c88086fc9a072e272b3022c78c3260b389610fd0d4e7857e8998,Current legacy CSI [scientific controlled],20.484372311698063,DL-SMI/MVDR local,-0.055201780144092716,Current legacy CSI [scientific controlled],20.484372311698063,20.423518634400182,-7.069403934204363,0.0021146260051585495,0,18.16012868253292,-6.724357434766063,0.00030723714155666816,0,17.666427589693082,-6.759185496471163,0.0003299954483386436,0,17.610312812264784,-6.734561119233825,0.00034516765285996055,0,-0.7081704079030784,-0.7197930260580323,0.004316492186314672,0,-0.558878034178925,-0.6986933231026862,0.00432407828857533,0,-0.3419877804648639,0.8913095437459894,0.004233045061447428,0,7.091233191364232,10.973544744439238,9.929984196748741,17216.69303184446,87209.98423975974,1.0,3022279.473967664,4.084615384615384,0
baseline_v2_channelfixedphasemismatchdeg18p0_s20261001,channel_fixed_phase_mismatch_deg,channel_fixed_phase_mismatch_deg,18.0,20261001,Baseline V2 controlled single-target case,1.0,0.4,9.0,0.9303273803163554,0.0008696779520681262,-0.0050384850343371404,0.004118855862268647,1.0,34.0,0.7200843623650849,0.3502281492964853,-0.06785734069671556,0.06141281351010073,51.726860150752195,0.4846038296630078,-0.46276760101665143,0.0,18,180.0,-53.2468982695,-1.5200381187478063,60,2200,42,88,49204480,49204480,96b17f8cdeff1c0479f4d93583ae127b9895f1ba410c1bce798a10b79401460f,1b0ca9aceeca4aa7326b9418ef3acdf2df57f8a4882ec4aa4976e90ab0aa2733,Current legacy CSI [production replay],17.996835475186845,DL-SMI/MVDR local,-0.23468407666920088,Current legacy CSI [production replay],17.996835475186845,17.996835475186845,-6.887761552307219,0.0018699742072523138,0,15.947412249359102,-6.68682786452229,0.00012137763617053558,0,16.025745073283723,-6.700599619815191,0.0002275830678197542,0,16.008049177243844,-6.6743094902800015,0.0002275830678197542,0,-0.932140449413263,-1.0167519727607934,0.004379077529965104,0,-0.7890406202092901,-1.0201315042601278,0.004388560157790927,0,-1.1457435966217928,0.19412654527271472,0.004329767865270824,0,7.032576602739057,10.79561296588519,9.829275850130765,15850.81797139628,76631.39721857414,1.0,2916250.042692219,4.092788461538461,0
baseline_v2_channelfixedphasemismatchdeg18p0_s20261002,channel_fixed_phase_mismatch_deg,channel_fixed_phase_mismatch_deg,18.0,20261002,Baseline V2 controlled single-target case,1.0,0.4,9.0,0.9370420111754768,0.0008745464037710448,0.0006319348013601573,0.004136077705686634,1.0,34.0,0.7185832487257142,0.33787450822936294,-0.06892186643754497,0.06595005753391793,53.29791706895108,0.4993222988869062,-0.47682317632771304,0.0,18,180.0,-53.2468982695,0.05101879945107865,60,2200,42,88,49204480,49204480,4e14e31a250741d1c40b05405b981f036fcd8d981b94002fcdcf9943ad24a3dc,7566d7498319f596c45ccc15cf495590842c1f175b7827db18f4a59c843fed33,Current legacy CSI [production replay],18.073547315958702,DL-SMI/MVDR local,-0.19416125471270274,Current legacy CSI [production replay],18.073547315958702,18.073547315958702,-7.1076223955219096,0.0020691093915945987,0,13.408007873889776,-6.7268373766859755,0.0005405097860719162,0,13.322262414031673,-6.750798675462729,0.0005974055530268549,0,13.322330280832372,-6.728628351951342,0.0006011986041571841,0,-0.8623570514127765,-0.9940779946701397,0.004343043544226976,0,-0.7276074276740259,-1.0004650097894965,0.004356319223183128,0,-0.7593769770732415,0.3990839098313101,0.004284251251706873,0,6.971886793887666,10.98987938268179,9.999203875912004,16441.732752008957,84977.30002712365,1.0,2967464.284769293,4.107692307692307,0
baseline_v2_channelfixedphasemismatchdeg18p0_s20261003,channel_fixed_phase_mismatch_deg,channel_fixed_phase_mismatch_deg,18.0,20261003,Baseline V2 controlled single-target case,1.0,0.4,9.0,0.9481294812797509,0.0008717087278517563,-0.006686752814584846,0.004198811888706674,1.0,34.0,0.7149041028306349,0.339607401836075,-0.06888739941952773,0.06217668482584822,52.02396851643629,0.48738729363928274,-0.465425700520136,0.0,18,180.0,-53.2468982695,-1.2229297530637093,60,2200,42,88,49204480,49204480,8fb05adb03d12b21b87c5dabb89441ae8b3eb53cc0ba35f3b25740b15501acd2,6ce6013d762a80d452580abf29b2f80cdbd5e14723162af1518da4b81b69435c,Current legacy CSI [production replay],15.79377028909321,DL-SMI/MVDR local,-0.2617066177690486,Current legacy CSI [production replay],15.79377028909321,15.79377028909321,-6.865947964606249,0.0017030799575178273,0,14.087665230246312,-6.685433303171036,0.00018016992869063876,0,14.159504823350144,-6.683661853595876,0.00025223790016689425,0,14.150549259318193,-6.6610476807090535,0.0002560309512972235,0,-0.9296220046481691,-1.0139707373096178,0.004301319981793355,0,-0.7837899142735747,-1.0180994760260302,0.004325974814140494,0,-0.886834412608188,0.35416666876580677,0.004284251251706873,0,7.110465041053856,11.063835863744732,10.020741968318259,16435.93896750595,82308.9850739245,1.0,2999984.432523562,4.1,0
baseline_v2_channelfixedphasemismatchdeg18p0_s20261004,channel_fixed_phase_mismatch_deg,channel_fixed_phase_mismatch_deg,18.0,20261004,Baseline V2 controlled single-target case,1.0,0.4,9.0,0.9263251244188216,0.0008731864390515294,-0.006635780049349903,0.004388176343793837,1.0,34.0,0.718861072987821,0.34427368818593435,-0.06905137203057952,0.06292131068968655,52.66410369069449,0.49338440918125537,-0.47115271530343217,0.0,18,180.0,-53.2468982695,-0.5827945788055118,60,2200,42,88,49204480,49204480,8432341fa113b06138d586d49b8b777067d4ee1d83a4e4d0bcad39aca5ffc080,bcc3d6c54b62d489f7304ef6ee022c206799d0c415c73a98c58b9745030d6baa,Current legacy CSI [scientific controlled],19.059631961035006,DL-SMI/MVDR local,-0.2552319950272244,Current legacy CSI [scientific controlled],19.059631961035006,19.053425300822344,-6.968560467403946,0.0019363526020330754,0,15.759513378100273,-6.680614039506483,0.00028447883477469274,0,16.003369079653723,-6.678937467615967,0.0003394780761644667,0,16.020701014314138,-6.6566590826237935,0.0003394780761644667,0,-0.967106744952793,-1.0085328665050401,0.004252010317099074,0,-0.8247397852209071,-1.014470656926845,0.004278561675011379,0,-1.5121056892233327,0.18498483183798345,0.004255803368229403,0,7.170913442870535,11.096183204499813,10.11326522051637,16261.032235686453,83066.32067115192,1.0,2926457.9099375755,4.076923076923077,0
baseline_v2_channelfixedphasemismatchdeg18p0_s20261005,channel_fixed_phase_mismatch_deg,channel_fixed_phase_mismatch_deg,18.0,20261005,Baseline V2 controlled single-target case,1.0,0.4,9.0,0.9531504859611146,0.0008722811819742579,-0.0064449689611979395,0.0039815912265757265,1.0,34.0,0.7075709230048208,0.3119584790505178,-0.07064181049349415,0.06890359126435916,52.54034274181763,0.49222495296037394,-0.4700454788225172,0.0,18,180.0,-53.2468982695,-0.7065555276823707,60,2200,42,88,49204480,49204480,4ab89480d1cf890dd0bb8c825bf828d20390b9e0f2cb0d6cb58c980242196f45,3df44fb4c7e6c3a43644f8227e89bb43f6389e63c85e13359a409620d779144b,Current legacy CSI [scientific controlled],21.454853995728776,DL-SMI/MVDR local,-0.17218335485106895,Current legacy CSI [scientific controlled],21.454853995728776,21.375693068396114,-6.837609096933131,0.002165832195417994,0,18.95879776551355,-6.692898117221919,0.0002446517979062358,0,18.722289670819652,-6.727821952692122,0.0003186162949476559,0,18.75989412007844,-6.688512039090981,0.0003413746017296313,0,-0.7817801701793039,-1.0234073268133677,0.004375284478834775,0,-0.6525419481465402,-1.0272928159114645,0.004380974055530269,0,-0.6869502293921297,0.5552768142791062,0.004331664390835988,0,7.132764783683449,11.129102625239627,10.11772002663779,16186.005005145715,81475.94662020647,1.0,3031805.462639345,4.092788461538461,0
baseline_v2_channelfixedphasemismatchdeg18p0_s20261006,channel_fixed_phase_mismatch_deg,channel_fixed_phase_mismatch_deg,18.0,20261006,Baseline V2 controlled single-target case,1.0,0.4,9.0,0.9511720975112572,0.000872122909513483,-0.007590833368626017,0.0038611621462351295,1.0,34.0,0.7223765545114669,0.35178969832418,-0.06781333282352524,0.0627412512428639,52.90132832872653,0.49560685159793616,-0.47327506356194127,0.0,18,180.0,-53.2468982695,-0.34556994077347575,60,2200,42,88,49204480,49204480,f1ed54c772a41cbe46a4a24b0e8196af267bdf1027f986e60d62e70272bc8353,5b4c128fb6e20ca1699d700b38117be5ec4e2125f85f784b817169cb52f4a64d,Current legacy CSI [production replay],22.922923892053326,DL-SMI/MVDR local,-0.2713591524995391,Current legacy CSI [production replay],22.922923892053326,22.922923892053326,-6.950780077477838,0.0019761796389015326,0,18.58681380167341,-6.7030624583565395,0.00019154908208162647,0,18.77667151323044,-6.717399618392754,0.0002655135791230466,0,18.774101439917246,-6.707998567633098,0.00028447883477469274,0,-0.9904277443287517,-1.0167667983045199,0.004267182521620391,0,-0.8433764625246304,-1.0210271729275213,0.004276665149446215,0,-1.293345478238516,0.3377461909739814,0.004181838871187984,0,7.046505416681354,10.995878748249197,9.959027346474794,16414.22566467705,82045.00628594369,1.0,2972147.363789685,4.1,0
baseline_v2_channelfixedphasemismatchdeg18p0_s20261007,channel_fixed_phase_mismatch_deg,channel_fixed_phase_mismatch_deg,18.0,20261007,Baseline V2 controlled single-target case,1.0,0.4,9.0,0.9113985386007066,0.0008761499577948697,-0.00798049191805424,0.004097053188837265,1.0,34.0,0.7120058463582991,0.3208107490742709,-0.07203450783346393,0.07100420880928363,52.95798785462485,0.496137667177254,-0.4737819724137421,0.0,18,180.0,-53.2468982695,-0.2889104148751547,60,2200,42,88,49204480,49204480,c79206fa7ed17294b26f8c7386bb53dbdf83baad93fa7ef0c0e58e0b62c1feab,a9ad0de6a479435a8817d4d20a8d0ddf49ca76ff3125d55642fb9d77e1856f32,Current legacy CSI [production replay],17.045223978814903,DL-SMI/MVDR local,-0.3028776722078552,Current legacy CSI [production replay],17.045223978814903,17.045223978814903,-6.887456284307535,0.002296692459414353,0,13.46872131641931,-6.687344360760492,0.00043999393111819146,0,13.423403670415345,-6.69121646235289,0.000527234107115764,0,13.425678876671268,-6.65791166319767,0.0005575785161583978,0,-0.9938270635042681,-1.0117833204368376,0.004265285996055227,0,-0.8624464866677304,-1.0167183432108347,0.004278561675011379,0,-1.1386598236374565,0.27255737989370815,0.004240631163708087,0,7.2187088699343,11.25303610028499,10.229616153534035,15724.347046803883,77170.42371777019,1.0,2924871.717912164,4.122596153846154,0
baseline_v2_channelfixedphasemismatchdeg18p0_s20261008,channel_fixed_phase_mismatch_deg,channel_fixed_phase_mismatch_deg,18.0,20261008,Baseline V2 controlled single-target case,1.0,0.4,9.0,0.9400173677818773,0.0008709881591739267,-0.0005515276449821972,0.004548754942496907,1.0,34.0,0.7171586198204234,0.3402717223881454,-0.06730406792528675,0.06521901891459657,53.9014589984017,0.5049765900911583,-0.48222281580497184,0.0,18,180.0,-53.2468982695,0.6545607289016999,60,2200,42,88,49204480,49204480,6fdc766df3349317d8c9e32616ccbfdc73f2d9146e7c66434cef88001afa42bb,ea252bc19a2156b85b96d208337a9e5096c9dc96c74b1949ee308566db6bde15,Current legacy CSI [scientific controlled],23.050120776951825,DL-SMI/MVDR local,-0.12719219762254497,Current legacy CSI [scientific controlled],23.050120776951825,23.02961374315984,-6.897288797754008,0.0015817023213472918,0,17.729613998543687,-6.724936449881743,0.00021999696555909573,0,17.53185700513788,-6.727249995870807,0.00031292671825216206,0,17.52991854693087,-6.7092197362653465,0.0003167197693824913,0,-0.7276138931054472,-1.010281436335948,0.004343043544226976,0,-0.6115290879038335,-1.016739015590747,0.0043714914277044456,0,-0.4797311607108652,0.22710369440907024,0.004263389470490062,0,6.962893462151774,10.920014497174348,9.915267793291985,16703.718965446486,82943.40278649605,1.0,3001177.373590496,4.076923076923077,0
baseline_v2_channelfixedphasemismatchdeg18p0_s20261009,channel_fixed_phase_mismatch_deg,channel_fixed_phase_mismatch_deg,18.0,20261009,Baseline V2 controlled single-target case,1.0,0.4,9.0,0.9407699841783502,0.0008732790663406438,-0.006998824119976698,0.004115983755158449,1.0,34.0,0.7224662968554723,0.34948306346438873,-0.06926255221839725,0.06329642963031322,52.72971824279456,0.49399912005171315,-0.4717397408171613,0.0,18,180.0,-53.2468982695,-0.5171800267054383,60,2200,42,88,49204480,49204480,ed00f70b0ea596ded643d8de3e10973ae46988dafedebae03dfc2649e8f508dc,af2d68da7f2ba4b9b23d5b24a9d1a4728dc4b05eb059c9abae645efe924c5156,Current legacy CSI [production replay],17.833315197175686,DL-SMI/MVDR local,-0.26951339200985824,Current legacy CSI [production replay],17.833315197175686,17.833315197175686,-7.0373204373913225,0.0021487634653315126,0,14.033971929141055,-6.678946546738505,0.0003944773175542406,0,14.343795027328172,-6.699294080045632,0.00043620087998786223,0,14.328533651823635,-6.680148668058353,0.0004343043544226976,0,-1.0035303768150108,-1.0158604536100606,0.004346836595357306,0,-0.8502596800435755,-1.0198853575499474,0.0043601122743134576,0,-0.921033410619903,0.28695501734680234,0.004350629646487635,0,7.075996148767358,10.967080339073625,9.945041793610198,15794.73358850742,77741.79586854576,1.0,2972016.4986807345,4.107692307692307,0
baseline_v2_channelfixedphasemismatchdeg18p0_s20261010,channel_fixed_phase_mismatch_deg,channel_fixed_phase_mismatch_deg,18.0,20261010,Baseline V2 controlled single-target case,1.0,0.4,9.0,0.95813388946469,0.0008676557990879892,0.0003622535061856471,0.0041060948291645125,1.0,34.0,0.7212110843086709,0.35160025386441474,-0.06655769652100582,0.062139741908049724,53.36190131318192,0.4999217361947573,-0.4773956166381279,0.0,18,180.0,-53.2468982695,0.11500304368191819,60,2200,42,88,49204480,49204480,b3ae035043f70491443331a5e747f8774ab42803cef0f420448a06751e03441a,db539c5b0f27987f6c00dc8cac11e8057c513b150c3c5a7bee8216b6b55cab33,Current legacy CSI [scientific controlled],20.484372373916525,DL-SMI/MVDR local,-0.11052349283810603,Current legacy CSI [scientific controlled],20.484372373916525,20.423518700716635,-7.069403949432706,0.0021146260051585495,0,18.160128886995025,-6.724357449692183,0.00030723714155666816,0,17.666427763265386,-6.759185517871749,0.0003299954483386436,0,17.610312976581554,-6.734561141001768,0.00034516765285996055,0,-0.6866070264649338,-0.998450480565961,0.00429942345622819,0,-0.5601768871533226,-1.0069351023916648,0.004288044302837202,0,-0.35468564112859946,0.5627455134737077,0.00422166590805644,0,7.091233377770858,10.973544628372583,9.92998419912517,17216.69298695974,87209.98287610216,1.0,3022279.1928418837,4.084615384615384,0
baseline_v2_channelfixedphasemismatchdeg30p0_s20261001,channel_fixed_phase_mismatch_deg,channel_fixed_phase_mismatch_deg,30.0,20261001,Baseline V2 controlled single-target case,1.0,0.4,9.0,0.9303273803163554,0.0008696779520880977,-0.0050384850552071744,0.004118855837854627,1.0,34.0,0.7200843622550278,0.35022815037600885,-0.0678571735243545,0.061412813726104284,51.726860150752195,0.4846038296630078,-0.46276760101665143,0.0,18,180.0,-53.2468982695,-1.5200381187478063,60,2200,42,88,49204480,49204480,0beca8e04b504ecb80868a9f9d83bb36a527a2a613891b422590129267dc059d,1e52cdcf2f119abf763b786fda345c7386527f519cd84703c133ce25240e916e,Current legacy CSI [production replay],17.99683563045148,SA-MNEC physical [approximate academic reference],-0.25134482888737963,Current legacy CSI [production replay],17.99683563045148,17.99683563045148,-6.887761598493358,0.0018699742072523138,0,15.947412694810792,-6.686827945508912,0.00012137763617053558,0,16.025745276699777,-6.700599613575187,0.0002275830678197542,0,16.0080493735202,-6.674309481755446,0.0002275830678197542,0,-0.7060009302895587,-1.1867086881345286,0.004443559399180701,0,-0.6464854984028228,-1.3659808435093677,0.004432180245789713,0,-0.9258977331404035,-0.03386826391246211,0.00439804278561675,0,7.032576623916034,10.79561296588519,9.829275808822938,15850.817889735541,76631.39417956963,1.0,2916250.1904246486,4.092788461538461,0
baseline_v2_channelfixedphasemismatchdeg30p0_s20261002,channel_fixed_phase_mismatch_deg,channel_fixed_phase_mismatch_deg,30.0,20261002,Baseline V2 controlled single-target case,1.0,0.4,9.0,0.9370420111754768,0.0008745464037748322,0.0006319348053846255,0.004136077733036667,1.0,34.0,0.718583248705335,0.33787451056757006,-0.06892169924565836,0.06595005755286718,53.29791706895108,0.4993222988869062,-0.47682317632771304,0.0,18,180.0,-53.2468982695,0.05101879945107865,60,2200,42,88,49204480,49204480,09c7d27aefa36927a4900b5ff74625a7a167b6403dc9c3e0502684594399bdc2,b4a5e485ee2c150345478f92f557ce667baf27994248a0bb6d3e6992187ccb49,Current legacy CSI [production replay],18.073547242800743,DL-SMI/MVDR local,-0.27379384383302074,Current legacy CSI [production replay],18.073547242800743,18.073547242800743,-7.107622449496067,0.0020691093915945987,0,13.40800768121829,-6.726837460281743,0.0005405097860719162,0,13.322262313651073,-6.750798671595334,0.0005974055530268549,0,13.322330180481966,-6.7286283510926514,0.0006011986041571841,0,-0.6689244794672793,-1.1692904491411154,0.0043544226976179636,0,-0.6176689034634877,-1.3488056626581293,0.004335457441966318,0,-0.6177906189257065,0.15202251925822574,0.004331664390835988,0,6.971886151507607,10.989879249928556,9.999203834299568,16441.732819084005,84977.30282039125,1.0,2967464.3905167477,4.107692307692307,0
baseline_v2_channelfixedphasemismatchdeg30p0_s20261003,channel_fixed_phase_mismatch_deg,channel_fixed_phase_mismatch_deg,30.0,20261003,Baseline V2 controlled single-target case,1.0,0.4,9.0,0.9481294812797509,0.0008717087281012859,-0.006686752831508734,0.00419881191010466,1.0,34.0,0.7149041028074643,0.3396074020958637,-0.06888723164928301,0.06217668484733853,52.02396851643629,0.48738729363928274,-0.465425700520136,0.0,18,180.0,-53.2468982695,-1.2229297530637093,60,2200,42,88,49204480,49204480,165e21dd0d0394de736086fbf72b5b7948ac050868932ff5c7fa2b64cf1f1950,ac6edd500bf9dcd2f1f03edeb93d32b5a9d02425363930443e8673964223f29e,Current legacy CSI [production replay],15.793770062654936,SA-MNEC physical [approximate academic reference],-0.2601785743159075,Current legacy CSI [production replay],15.793770062654936,15.793770062654936,-6.865948106443814,0.0017030799575178273,0,14.087665258513308,-6.685433376743479,0.00018016992869063876,0,14.159504595780508,-6.683661842883337,0.00025223790016689425,0,14.150549029154487,-6.66104766736373,0.0002560309512972235,0,-0.7087362480836008,-1.2130317838124194,0.004390456683356091,0,-0.6538659419562887,-1.3872438408720753,0.004390456683356091,0,-0.7142430672280007,0.07147550242846354,0.004305113032923684,0,7.110465041053856,11.063835702995457,10.020741928878763,16435.938927239782,82308.98230447501,1.0,2999984.7232560352,4.1,0
baseline_v2_channelfixedphasemismatchdeg30p0_s20261004,channel_fixed_phase_mismatch_deg,channel_fixed_phase_mismatch_deg,30.0,20261004,Baseline V2 controlled single-target case,1.0,0.4,9.0,0.9263251244188216,0.0008731864389667796,-0.006635780031853193,0.004388176317705249,1.0,34.0,0.718861073029068,0.3442736860593512,-0.069051204957926,0.0629213107604961,52.66410369069449,0.49338440918125537,-0.47115271530343217,0.0,18,180.0,-53.2468982695,-0.5827945788055118,60,2200,42,88,49204480,49204480,8c37ed3d7bec795c6308d69782474c8d6b5c836ce8b7ec012eff3a57475d1c89,8d40247c3316c00d29219f00b9a2076ecde5b83adb6488c1217ca9014edfdc17,Current legacy CSI [scientific controlled],19.05963216121249,SA-MNEC physical [approximate academic reference],-0.2826056236609906,Current legacy CSI [scientific controlled],19.05963216121249,19.05342550226199,-6.9685604920895265,0.0019363526020330754,0,15.759514017945545,-6.680614102096401,0.00028447883477469274,0,16.003369166857553,-6.678937443154073,0.0003394780761644667,0,16.02070109921979,-6.656659056700094,0.0003394780761644667,0,-0.7258625492531889,-1.1906279587074269,0.004301319981793355,0,-0.6828521778535164,-1.3749784932598217,0.004301319981793355,0,-1.2690663998472904,-0.07442691442605565,0.004288044302837202,0,7.170913442870535,11.096183443258498,10.113265180896986,16261.032346611635,83066.32234031177,1.0,2926457.910468186,4.076923076923077,0
baseline_v2_channelfixedphasemismatchdeg30p0_s20261005,channel_fixed_phase_mismatch_deg,channel_fixed_phase_mismatch_deg,30.0,20261005,Baseline V2 controlled single-target case,1.0,0.4,9.0,0.9531504859611146,0.0008722811817164863,-0.006444968967440751,0.003981591195458328,1.0,34.0,0.7075709233497325,0.3119584761318276,-0.07064164324098116,0.06890359138406417,52.54034274181763,0.49222495296037394,-0.4700454788225172,0.0,18,180.0,-53.2468982695,-0.7065555276823707,60,2200,42,88,49204480,49204480,8c6f5667bce22e1277d9902610284e0f16808231eb8bbdf3755e18b45ccf5231,292ea3145b68c55ae943160797a249f41cf5c0d23a8b9a8f5ff783b03fce9ea8,Current legacy CSI [scientific controlled],21.454854136957245,SA-MNEC physical [approximate academic reference],-0.21179428203105566,Current legacy CSI [scientific controlled],21.454854136957245,21.37569322174436,-6.837609258362798,0.002165832195417994,0,18.958797564523206,-6.692898216034388,0.0002446517979062358,0,18.722289685691237,-6.727821968145596,0.0003186162949476559,0,18.759894132166444,-6.688512050723658,0.0003413746017296313,0,-0.6272839727937702,-1.18416321132606,0.004462524654832347,0,-0.5603209582108226,-1.365358290326693,0.004443559399180701,0,-0.5645428269456847,0.2876810671985478,0.004394249734486421,0,7.132763969389282,11.12910227817155,10.11771998270765,16186.00495279829,81475.945879868,1.0,3031805.526105914,4.092788461538461,0
baseline_v2_channelfixedphasemismatchdeg30p0_s20261006,channel_fixed_phase_mismatch_deg,channel_fixed_phase_mismatch_deg,30.0,20261006,Baseline V2 controlled single-target case,1.0,0.4,9.0,0.9511720975112572,0.000872122909721149,-0.0075908333770609675,0.003861162209958243,1.0,34.0,0.7223765546376294,0.35178969711836733,-0.06781316549620621,0.06274125123025169,52.90132832872653,0.49560685159793616,-0.47327506356194127,0.0,18,180.0,-53.2468982695,-0.34556994077347575,60,2200,42,88,49204480,49204480,617c4f07a315f7ba8708b9933aebc5418e38a5faa4919b8ec6d1471936a36d4a,a4f7f579751fa0d0ad2489524d5e8b1c8a0d9a7638f15d4c090f2cff28dcbf0c,Current legacy CSI [production replay],22.922924017737316,SA-MNEC physical [approximate academic reference],-0.2867898435570311,Current legacy CSI [production replay],22.922924017737316,22.922924017737316,-6.950780218282265,0.0019761796389015326,0,18.58681426525236,-6.703062530970096,0.00019154908208162647,0,18.776671522408684,-6.717399602377682,0.0002655135791230466,0,18.774101447008476,-6.707998550088301,0.00028447883477469274,0,-0.7638401861732146,-1.217124705971682,0.004286147777272037,0,-0.7134434438287036,-1.3998221070479424,0.004272872098315885,0,-1.1026249616544066,0.0450871429591878,0.0041439083598846915,0,7.046505416681354,10.995878765545772,9.959027306230677,16414.225674245845,82045.00686105528,1.0,2972147.6912366776,4.1,0
baseline_v2_channelfixedphasemismatchdeg30p0_s20261007,channel_fixed_phase_mismatch_deg,channel_fixed_phase_mismatch_deg,30.0,20261007,Baseline V2 controlled single-target case,1.0,0.4,9.0,0.9113985386007066,0.0008761499578184705,-0.00798049191342111,0.004097053189509933,1.0,34.0,0.7120058465453459,0.3208107507251137,-0.07203434059354194,0.07100420886631291,52.95798785462485,0.496137667177254,-0.4737819724137421,0.0,18,180.0,-53.2468982695,-0.2889104148751547,60,2200,42,88,49204480,49204480,ff09db4191244e48c5461c1344e7d6ad8305713ae991eb8ac32b0e2eb3fd5569,866354422428c147ce4961ac9beb7892ec99e8b6691183339ea5e4d78efae168,Current legacy CSI [production replay],17.045224074264347,SA-MNEC physical [approximate academic reference],-0.33156220073689546,Current legacy CSI [production replay],17.045224074264347,17.045224074264347,-6.887456378129716,0.002296692459414353,0,13.468721259497412,-6.687344415527122,0.00043999393111819146,0,13.423403589289661,-6.691216428672142,0.000527234107115764,0,13.425678797856596,-6.657911630067805,0.0005575785161583978,0,-0.7656848331659205,-1.217134199832092,0.004399939311181915,0,-0.731865956019667,-1.3858974649897047,0.004379077529965104,0,-0.9535490579354731,-0.01383316128390687,0.004282354726141709,0,7.218708740107043,11.253035979768239,10.229616106405306,15724.347001781143,77170.42471824995,1.0,2924872.065311619,4.122596153846154,0
baseline_v2_channelfixedphasemismatchdeg30p0_s20261008,channel_fixed_phase_mismatch_deg,channel_fixed_phase_mismatch_deg,30.0,20261008,Baseline V2 controlled single-target case,1.0,0.4,9.0,0.9400173677818773,0.0008709881589882324,-0.0005515276469300414,0.004548754939867464,1.0,34.0,0.7171586197687307,0.34027172160178454,-0.06730390049051362,0.06521901888578499,53.9014589984017,0.5049765900911583,-0.48222281580497184,0.0,18,180.0,-53.2468982695,0.6545607289016999,60,2200,42,88,49204480,49204480,7199e493ce85f1ea9e73d7051985660d1b6f6553c9441e0698b2583417729259,111cf2695c9d119dea711d4aa5d06d0167b99d4ac693b27da30d154d3d5f848a,Current legacy CSI [scientific controlled],23.050120556692463,DL-SMI/MVDR local,-0.20721897259468847,Current legacy CSI [scientific controlled],23.050120556692463,23.029613512709542,-6.897288857877269,0.0015817023213472918,0,17.72961362950015,-6.724936550693187,0.00021999696555909573,0,17.531856951949095,-6.727250005219995,0.00031292671825216206,0,17.529918495798604,-6.709219744621963,0.0003167197693824913,0,-0.6060896758863317,-1.1947154298351308,0.0043714914277044456,0,-0.5472758071432509,-1.371725902666456,0.00437718100439994,0,-0.4830493237686726,-0.0447754383501176,0.004282354726141709,0,6.962893437859602,10.920014497174348,9.915267750774795,16703.71897744989,82943.40226761394,1.0,3001177.519766257,4.076923076923077,0
baseline_v2_channelfixedphasemismatchdeg30p0_s20261009,channel_fixed_phase_mismatch_deg,channel_fixed_phase_mismatch_deg,30.0,20261009,Baseline V2 controlled single-target case,1.0,0.4,9.0,0.9407699841783502,0.0008732790669018753,-0.006998824121840484,0.004115983824431989,1.0,34.0,0.7224662970042877,0.34948306296871146,-0.06926238468997425,0.06329642940166405,52.72971824279456,0.49399912005171315,-0.4717397408171613,0.0,18,180.0,-53.2468982695,-0.5171800267054383,60,2200,42,88,49204480,49204480,cce3032e4c2abc5d8a37bc5a5eeca3c67c495ead61effa96fd3cdda2e62de0e0,7e8f2208261d21056034f06f862f6456fa4df2b4867d09289748a2fe39b9b767,Current legacy CSI [production replay],17.83331511513905,SA-MNEC physical [approximate academic reference],-0.30492523839106234,Current legacy CSI [production replay],17.83331511513905,17.83331511513905,-7.037320472791051,0.0021487634653315126,0,14.0339725031082,-6.678946621762901,0.0003944773175542406,0,14.34379499854594,-6.699294067869844,0.00043620087998786223,0,14.328533622790937,-6.680148656214636,0.0004343043544226976,0,-0.7758257686100887,-1.2193733421595585,0.004420801092398725,0,-0.7200076107792528,-1.3919331727316728,0.004413214990138067,0,-0.7835536137998877,-0.014229232650191893,0.004369594902139281,0,7.075995912398323,10.967080485819888,9.94504175347996,15794.73358435275,77741.79450776537,1.0,2972016.4822842916,4.107692307692307,0
baseline_v2_channelfixedphasemismatchdeg30p0_s20261010,channel_fixed_phase_mismatch_deg,channel_fixed_phase_mismatch_deg,30.0,20261010,Baseline V2 controlled single-target case,1.0,0.4,9.0,0.95813388946469,0.000867655799517749,0.0003622535060005393,0.004106094843770147,1.0,34.0,0.7212110841635613,0.351600250738749,-0.06655752882440952,0.062139742006922585,53.36190131318192,0.4999217361947573,-0.4773956166381279,0.0,18,180.0,-53.2468982695,0.11500304368191819,60,2200,42,88,49204480,49204480,1d030086380e77f1bc21895fe67355e89411413ee3d6ebb9280bd77b5dee1c05,65dd951945ef9f241e2efa7be09883af82c20c9d321da17d6beb807a382edaed,Current legacy CSI [scientific controlled],20.48437215894214,DL-SMI/MVDR local,-0.18996604995818345,Current legacy CSI [scientific controlled],20.48437215894214,20.423518490321296,-7.0694040737622545,0.0021146260051585495,0,18.16012795055194,-6.724357532264983,0.00030723714155666816,0,17.66642761646909,-6.759185510231688,0.0003299954483386436,0,17.610312832996303,-6.73456113164355,0.00034516765285996055,0,-0.52196219251325,-1.1399619807546983,0.004343043544226976,0,-0.4578403305581884,-1.3299077467140064,0.00432407828857533,0,-0.3151782936820853,0.2755045236428809,0.004257699893794568,0,7.091233082167355,10.973544784197301,9.929984162530186,17216.69302591935,87209.9847146081,1.0,3022279.592595349,4.084615384615384,0
baseline_v2_channelphasejitterstddeg0p0_s20261001,channel_phase_jitter_std_deg,channel_phase_jitter_std_deg,0.0,20261001,Baseline V2 controlled single-target case,1.0,0.4,9.0,0.9303273803163554,0.000869677951869182,-0.005038485059275401,0.004118855846584728,1.0,34.0,0.7200843623929984,0.35022814905888155,-0.06785723205465059,0.06141281363754694,51.726860150752195,0.4846038296630078,-0.46276760101665143,0.0,18,180.0,-53.2468982695,-1.5200381187478063,60,2200,42,88,49204480,49204480,9e32bac719786333969352acbdc00470d19d2c7d91219c34a2dc910aeb55da31,11949757f2435d033f727c153b14d6a2ff78fabd539e30464be80a0fd40b67c9,Current legacy CSI [production replay],17.996835494221045,DL-SMI/MVDR local,-0.05634664085537988,Current legacy CSI [production replay],17.996835494221045,17.996835494221045,-6.887761591762218,0.0018699742072523138,0,15.947412443340506,-6.686827926573572,0.00012137763617053558,0,16.025745116319236,-6.700599625057491,0.0002275830678197542,0,16.008049215033864,-6.6743094941672485,0.0002275830678197542,0,-0.9042088765858871,-0.011058778326817724,0.004399939311181915,0,-0.7091991367133268,-0.01107220105487699,0.004401835836747079,0,-1.0525776656312513,1.327339140612526,0.004303216507358519,0,7.032576483712582,10.79561296588519,9.82927582416034,15850.817922068609,76631.39417839571,1.0,2916250.209803612,4.092788461538461,0
baseline_v2_channelphasejitterstddeg0p0_s20261002,channel_phase_jitter_std_deg,channel_phase_jitter_std_deg,0.0,20261002,Baseline V2 controlled single-target case,1.0,0.4,9.0,0.9370420111754768,0.0008745464034807713,0.0006319348085212062,0.004136077698668929,1.0,34.0,0.718583248787581,0.3378745093527875,-0.06892175769555393,0.06595005751534756,53.29791706895108,0.4993222988869062,-0.47682317632771304,0.0,18,180.0,-53.2468982695,0.05101879945107865,60,2200,42,88,49204480,49204480,6534b68a0035addf2373e576c05e046fd7cde3a80e7d73d44ec1f91457af9d9e,c424eb924cc3179a2a0566d2d37ce8cca2bc3f8d88150018e6e5273e2285bd13,Current legacy CSI [production replay],18.0735472842031,DL-SMI/MVDR local,0.014218375813011441,Current legacy CSI [production replay],18.0735472842031,18.0735472842031,-7.1076224252610745,0.0020691093915945987,0,13.408007745354418,-6.726837423775591,0.0005405097860719162,0,13.322262344550815,-6.750798664432411,0.0005974055530268549,0,13.32233021002759,-6.728628344714252,0.0006011986041571841,0,-0.8159505036607868,-0.011171014337339542,0.004399939311181915,0,-0.6279735091487133,-0.011167451957128803,0.004396146260051585,0,-0.6068732639114605,1.4728356231547421,0.004339250493096647,0,6.971886116742489,10.98987943728472,9.999203848635783,16441.73273203061,84977.30023713915,1.0,2967464.50152658,4.107692307692307,0
baseline_v2_channelphasejitterstddeg0p0_s20261003,channel_phase_jitter_std_deg,channel_phase_jitter_std_deg,0.0,20261003,Baseline V2 controlled single-target case,1.0,0.4,9.0,0.9481294812797509,0.0008717087279182676,-0.006686752820575073,0.004198811898283493,1.0,34.0,0.7149041028010312,0.33960740208519713,-0.06888729015482423,0.062176684782326845,52.02396851643629,0.48738729363928274,-0.465425700520136,0.0,18,180.0,-53.2468982695,-1.2229297530637093,60,2200,42,88,49204480,49204480,14055bc367a1a96289a75434c53e7432b62f64481d1e120fab712b4acae6f2de,fd272a409a4bf8cc461e92edc387805f1c60da810a32ec9acc25dd9ac2215f92,Current legacy CSI [production replay],15.793770212210944,DL-SMI/MVDR local,-0.042960900030835525,Current legacy CSI [production replay],15.793770212210944,15.793770212210944,-6.865948055161849,0.0017030799575178273,0,14.08766531423029,-6.685433351661716,0.00018016992869063876,0,14.159504744085304,-6.683661846872351,0.00025223790016689425,0,14.150549177754584,-6.661047672509786,0.0002560309512972235,0,-0.8694359994469139,-0.011138548042026374,0.004407525413442573,0,-0.6651614617475499,-0.011140001600924822,0.004390456683356091,0,-0.745347839139443,1.4438865533146088,0.004356319223183128,0,7.110465041053856,11.063835832519558,10.020741944347836,16435.938906997257,82308.98351525077,1.0,2999984.7247506324,4.1,0
baseline_v2_channelphasejitterstddeg0p0_s20261004,channel_phase_jitter_std_deg,channel_phase_jitter_std_deg,0.0,20261004,Baseline V2 controlled single-target case,1.0,0.4,9.0,0.9263251244188216,0.0008731864389406981,-0.006635780045024385,0.004388176333235509,1.0,34.0,0.7188610728939064,0.34427368535403813,-0.0690512630532407,0.0629213109072748,52.66410369069449,0.49338440918125537,-0.47115271530343217,0.0,18,180.0,-53.2468982695,-0.5827945788055118,60,2200,42,88,49204480,49204480,5b4d122f16c3877dfe3b60a162f56a961faf9ca2aa9d7ff2f7dddbe38d89e449,5c71a6c31e20a1e5da74448bd5f9f7974c587bd6585a9afda6bc08a9db588c4b,Current legacy CSI [scientific controlled],19.059632014812458,DL-SMI/MVDR local,-0.044283613145101874,Current legacy CSI [scientific controlled],19.059632014812458,19.053425358106736,-6.968560485911207,0.0019363526020330754,0,15.759513773565729,-6.680614080822269,0.00028447883477469274,0,16.00336909308049,-6.678937453178447,0.0003394780761644667,0,16.02070102458747,-6.656659068027323,0.0003394780761644667,0,-0.9240761911374173,-0.011178276987301027,0.004270975572750721,0,-0.7215529297227938,-0.011176514596371813,0.004325974814140494,0,-1.3079211396595936,1.3138472326723178,0.004276665149446215,0,7.170913442870535,11.096183372122855,10.113265193501668,16261.032368642433,83066.32214106145,1.0,2926458.0266922168,4.076923076923077,0
baseline_v2_channelphasejitterstddeg0p0_s20261005,channel_phase_jitter_std_deg,channel_phase_jitter_std_deg,0.0,20261005,Baseline V2 controlled single-target case,1.0,0.4,9.0,0.9531504859611146,0.0008722811819100143,-0.006444968950096633,0.003981591213402969,1.0,34.0,0.7075709232536184,0.3119584778958466,-0.07064170165211381,0.06890359123088448,52.54034274181763,0.49222495296037394,-0.4700454788225172,0.0,18,180.0,-53.2468982695,-0.7065555276823707,60,2200,42,88,49204480,49204480,82ff44233a441d6c5841120ccd2982af7c993ac3afbf2797070168992cf4475c,e388570b515b3ca84e606b295148bf3e0d20e0fde7767e0425c6585c0ecd423e,Current legacy CSI [scientific controlled],21.454854087984927,DL-SMI/MVDR local,0.015332768751093795,Current legacy CSI [scientific controlled],21.454854087984927,21.375693165914893,-6.837609200027234,0.002165832195417994,0,18.958797594028336,-6.692898180566003,0.0002446517979062358,0,18.722289611933657,-6.727821960575236,0.0003186162949476559,0,18.759894056209156,-6.688512048554717,0.0003413746017296313,0,-0.7492215005925287,-0.011131695851167776,0.0044189045668335605,0,-0.570620588604176,-0.011141728370320781,0.004413214990138067,0,-0.6112220505357611,1.6499534264270608,0.004363905325443787,0,7.132764305432316,11.129102411085729,10.117719998241537,16186.005059549865,81475.94512662772,1.0,3031805.3038,4.092788461538461,0
baseline_v2_channelphasejitterstddeg0p0_s20261006,channel_phase_jitter_std_deg,channel_phase_jitter_std_deg,0.0,20261006,Baseline V2 controlled single-target case,1.0,0.4,9.0,0.9511720975112572,0.0008721229096255959,-0.007590833366302011,0.0038611621676631677,1.0,34.0,0.72237655466906,0.35178969861341924,-0.0678132240940557,0.06274125120818938,52.90132832872653,0.49560685159793616,-0.47327506356194127,0.0,18,180.0,-53.2468982695,-0.34556994077347575,60,2200,42,88,49204480,49204480,22297d8b68775689ce6dc68fc39a86f592d83832b93c998150eb7b707c129bdd,7c5ec9e0332e7e7841103212e81fb1421b607a74b12b328eccbcbb3d1de347ba,Current legacy CSI [production replay],22.92292393593071,DL-SMI/MVDR local,-0.06751397843235907,Current legacy CSI [production replay],22.92292393593071,22.92292393593071,-6.950780172519825,0.0019761796389015326,0,18.58681404117563,-6.703062511251021,0.00019154908208162647,0,18.77667143259785,-6.717399613588166,0.0002655135791230466,0,18.77410135562788,-6.707998562406194,0.00028447883477469274,0,-0.945600149758772,-0.01124246220544959,0.004322181763010165,0,-0.7401061487793803,-0.011238395989519824,0.004362008799878622,0,-1.1076094616685426,1.4570350303981614,0.004288044302837202,0,7.046505416681354,10.995878804989657,9.959027319728799,16414.225675311798,82045.00709016902,1.0,2972147.448796438,4.1,0
baseline_v2_channelphasejitterstddeg0p0_s20261007,channel_phase_jitter_std_deg,channel_phase_jitter_std_deg,0.0,20261007,Baseline V2 controlled single-target case,1.0,0.4,9.0,0.9113985386007066,0.0008761499578383195,-0.00798049190460754,0.004097053188132602,1.0,34.0,0.7120058465570231,0.3208107503697075,-0.07203439905675517,0.07100420888986733,52.95798785462485,0.496137667177254,-0.4737819724137421,0.0,18,180.0,-53.2468982695,-0.2889104148751547,60,2200,42,88,49204480,49204480,db21ee9efdd04d863fed168395075c656785cfc1f0f4f019f4c27a9ec09589bc,21792fb60191a4a3c6e2256386a410823098a876981d7d17f53af06123cb82c9,Current legacy CSI [production replay],17.045223961343986,DL-SMI/MVDR local,-0.05595657465643811,Current legacy CSI [production replay],17.045223961343986,17.045223961343986,-6.887456350279066,0.002296692459414353,0,13.46872127756569,-6.687344401198507,0.00043999393111819146,0,13.423403608993246,-6.691216444921253,0.000527234107115764,0,13.425678816193285,-6.657911646289292,0.0005575785161583978,0,-0.9210010336214065,-0.011287409176420429,0.004339250493096647,0,-0.7321397362658013,-0.011272056321218747,0.004390456683356091,0,-0.919250626430907,1.3867128764200662,0.004270975572750721,0,7.218708688419998,11.253036054792695,10.229616124327823,15724.347006990747,77170.42499416844,1.0,2924871.8228513175,4.122596153846154,0
baseline_v2_channelphasejitterstddeg0p0_s20261008,channel_phase_jitter_std_deg,channel_phase_jitter_std_deg,0.0,20261008,Baseline V2 controlled single-target case,1.0,0.4,9.0,0.9400173677818773,0.0008709881591140516,-0.0005515276498486859,0.004548754937369176,1.0,34.0,0.7171586196960378,0.34027172248017695,-0.06730395901330716,0.06521901894926747,53.9014589984017,0.5049765900911583,-0.48222281580497184,0.0,18,180.0,-53.2468982695,0.6545607289016999,60,2200,42,88,49204480,49204480,4679e9201a9f408005982fdebba164fda59bc7a4ef1cf806563fe7269f29d530,d3e8e23ce65a116d82c8a8f713754959cf925db8509122ce7a5960f5c8aa6949,Current legacy CSI [scientific controlled],23.050120534545982,DL-SMI/MVDR local,0.0464173915480206,Current legacy CSI [scientific controlled],23.050120534545982,23.029613491406046,-6.897288821958458,0.0015817023213472918,0,17.72961370347364,-6.724936501481591,0.00021999696555909573,0,17.531856902335125,-6.727249989063143,0.00031292671825216206,0,17.529918444044778,-6.70921972863173,0.0003167197693824913,0,-0.6695135816431561,-0.011199350765126764,0.004407525413442573,0,-0.5107459119030624,-0.011204070885656725,0.004420801092398725,0,-0.27995092768531027,1.3390349352646183,0.004286147777272037,0,6.962893284805568,10.920014497174348,9.9152677651531,16703.718977957164,82943.40350150237,1.0,3001177.422313904,4.076923076923077,0
baseline_v2_channelphasejitterstddeg0p0_s20261009,channel_phase_jitter_std_deg,channel_phase_jitter_std_deg,0.0,20261009,Baseline V2 controlled single-target case,1.0,0.4,9.0,0.9407699841783502,0.000873279066879206,-0.006998824121147087,0.004115983799784658,1.0,34.0,0.7224662968626719,0.34948306361530695,-0.06926244325165201,0.06329642957403665,52.72971824279456,0.49399912005171315,-0.4717397408171613,0.0,18,180.0,-53.2468982695,-0.5171800267054383,60,2200,42,88,49204480,49204480,b1438c35b190cb9eedf9239c98fe0018cd808c76fdb47fd08463002227586361,1d08eefd2a52ddcd8c059aa8a8e15e5f8b0b9c2b3a4c46bc1029cfb1a55b90d9,Current legacy CSI [production replay],17.8333151322106,DL-SMI/MVDR local,-0.03008551070074006,Current legacy CSI [production replay],17.8333151322106,17.8333151322106,-7.037320452578999,0.0021487634653315126,0,14.033972274720336,-6.678946586674855,0.0003944773175542406,0,14.343794975842348,-6.699294064248033,0.00043620087998786223,0,14.328533599743905,-6.680148653043487,0.0004343043544226976,0,-0.9375199968739762,-0.01122056594959022,0.004333560916401153,0,-0.7207964378642604,-0.011222720935510595,0.004367698376574116,0,-0.6933112977092701,1.4041859804745491,0.004382870581095434,0,7.0759960562224835,10.967080454630038,9.945041766710048,15794.733581245557,77741.79467017918,1.0,2972016.466734843,4.107692307692307,0
baseline_v2_channelphasejitterstddeg0p0_s20261010,channel_phase_jitter_std_deg,channel_phase_jitter_std_deg,0.0,20261010,Baseline V2 controlled single-target case,1.0,0.4,9.0,0.95813388946469,0.0008676557992087834,0.0003622535225531584,0.0041060948399102735,1.0,34.0,0.7212110842182577,0.35160025213006957,-0.06655758761877241,0.06213974194393997,53.36190131318192,0.4999217361947573,-0.4773956166381279,0.0,18,180.0,-53.2468982695,0.11500304368191819,60,2200,42,88,49204480,49204480,45786814f41b387067db99aed98ed5a7e066ee306822b1ea23a5c64711ced70b,7cc297e488905e86aa4b29f5d2c40b12144864b3cb1c70c6cea9d4998cdc013d,Current legacy CSI [scientific controlled],20.48437234525327,DL-SMI/MVDR local,0.06202473787599949,Current legacy CSI [scientific controlled],20.48437234525327,20.423518671508486,-7.069404025736768,0.0021146260051585495,0,18.160128319244816,-6.724357497710338,0.00030723714155666816,0,17.66642768819521,-6.759185507402362,0.0003299954483386436,0,17.610312900681983,-6.734561130076699,0.00034516765285996055,0,-0.664946873381036,-0.011372318746929828,0.004312699135184343,0,-0.4906668562804022,-0.011348551098456977,0.004325974814140494,0,-0.27971143801941034,1.645262972871406,0.004305113032923684,0,7.091233237769808,10.97354463919606,9.92998417586983,17216.692994844594,87209.98460291103,1.0,3022279.491586866,4.084615384615384,0
baseline_v2_channelphasejitterstddeg1p0_s20261001,channel_phase_jitter_std_deg,channel_phase_jitter_std_deg,1.0,20261001,Baseline V2 controlled single-target case,1.0,0.4,9.0,0.9303273803163554,0.0008697218638217273,-0.005035177177842813,0.004173461087005022,1.0,34.0,0.7179004118836335,0.3437858967011105,-0.06754719031533804,0.06140163891053041,51.726860150752195,0.4846038296630078,-0.46276760101665143,0.0,18,180.0,-53.2468982695,-1.5200381187478063,60,2200,42,88,49204480,49204480,66dd557a1e2d9103a48b734fcc1dea82bcf935b94b62c32716cd0db41b194aac,d7cec81d3dab2b8e0e6e7068d2b1919363f0e8b704adbd028dd54f20f11f0c36,Current legacy CSI [production replay],17.9638378918468,DL-SMI/MVDR local,-0.0590355368777189,Current legacy CSI [production replay],17.9638378918468,17.9638378918468,-6.886170997216672,0.001833940221514186,0,15.935152548271619,-6.682001194524254,0.00012706721286602943,0,16.01220769938808,-6.695949690462976,0.00020861781216810802,0,15.99338563029149,-6.668922836079475,0.00021810043999393112,0,-0.9071330862001101,-0.016524485570943225,0.0044189045668335605,0,-0.7125476799394521,-0.01617511451200613,0.004413214990138067,0,-1.0646823418401343,1.3167826120240347,0.00437338795326961,0,7.039773366804941,10.80476591114871,9.834781602043114,12315.645118193515,68904.8550313283,1.0,2391554.521815928,4.492307692307692,0
baseline_v2_channelphasejitterstddeg1p0_s20261002,channel_phase_jitter_std_deg,channel_phase_jitter_std_deg,1.0,20261002,Baseline V2 controlled single-target case,1.0,0.4,9.0,0.9370420111754768,0.0008743817956809706,0.0006636353905823487,0.004107661235708304,1.0,34.0,0.7161651815891118,0.34611455690845633,-0.06854608184167005,0.0660740073684537,53.29791706895108,0.4993222988869062,-0.47682317632771304,0.0,18,180.0,-53.2468982695,0.05101879945107865,60,2200,42,88,49204480,49204480,4d3b1b6a95ecb2d3123f01561809edb1bc3a396735ffc8b712ba06299e306335,d3d6624f3c230841590d6f15e46fa5c5912b71beda37d836653d9d8ecd9b8d03,Current legacy CSI [production replay],18.083564433221714,DL-SMI/MVDR local,0.018955979624300845,Current legacy CSI [production replay],18.083564433221714,18.083564433221714,-7.101337268612989,0.0021013503262023972,0,13.470030570195778,-6.7251618168740945,0.0005556819905932332,0,13.377807287858516,-6.748843836001582,0.0006106812319830071,0,13.377692409865649,-6.725774375647734,0.0006258534365043241,0,-0.8103038152285986,-0.004236940113694897,0.00439804278561675,0,-0.6222632455460433,-0.004795310864722277,0.004394249734486421,0,-0.599671915665076,1.4749122276859137,0.004352526172052799,0,6.989164372002449,11.004317844289385,10.010449678779786,11752.64131462621,69322.97283943181,1.0,2436455.419562566,4.507211538461538,0
baseline_v2_channelphasejitterstddeg1p0_s20261003,channel_phase_jitter_std_deg,channel_phase_jitter_std_deg,1.0,20261003,Baseline V2 controlled single-target case,1.0,0.4,9.0,0.9481294812797509,0.0008713637421509615,-0.00673926723772356,0.004176136339271399,1.0,34.0,0.7131732308017859,0.3417237179054628,-0.06856846586789406,0.06182113049771249,52.02396851643629,0.48738729363928274,-0.465425700520136,0.0,18,180.0,-53.2468982695,-1.2229297530637093,60,2200,42,88,49204480,49204480,550d25febf687ab804edd9630343c34d9159bcd717ce5b9ffb367ea7cf67694b,e212d0a3a4860296074b47db7a9f9dabe5a122fed6dd317b2bb8011ba766b59e,Current legacy CSI [production replay],15.72158530125342,DL-SMI/MVDR local,-0.03592423484803664,Current legacy CSI [production replay],15.72158530125342,15.72158530125342,-6.863702318255168,0.001729631315430132,0,14.023996596329685,-6.6809720945569016,0.0001858595053861326,0,14.088476016752896,-6.681688743335126,0.0002598240024275527,0,14.081110054057223,-6.659552531256512,0.000263617053557882,0,-0.8583005913694626,-0.01346216417569562,0.004407525413442573,0,-0.6574981732677161,-0.01331429802532529,0.00439804278561675,0,-0.7273873790061041,1.4403639483154187,0.00437718100439994,0,7.119028806372444,11.071949718604873,10.029980631218594,11764.808421077232,62865.17218422465,1.0,2464280.8344104732,4.559615384615385,0
baseline_v2_channelphasejitterstddeg1p0_s20261004,channel_phase_jitter_std_deg,channel_phase_jitter_std_deg,1.0,20261004,Baseline V2 controlled single-target case,1.0,0.4,9.0,0.9263251244188216,0.0008733457997502576,-0.006664475831782086,0.004417002345449778,1.0,34.0,0.7169543180014523,0.3412786309637224,-0.06879919314735622,0.06313373260235795,52.66410369069449,0.49338440918125537,-0.47115271530343217,0.0,18,180.0,-53.2468982695,-0.5827945788055118,60,2200,42,88,49204480,49204480,8217b2685b34289abc45f659a30c08ace0e04440869ada9bbf0b80b2d4248ad3,83cff824b065e3c52f1bf5be54f9f385fffebd3689912e24f90db60616ad2214,Current legacy CSI [scientific controlled],18.937015284187563,DL-SMI/MVDR local,-0.042397081099790235,Current legacy CSI [scientific controlled],18.937015284187563,18.93016182622315,-6.965970204102216,0.0019211803975117585,0,15.704310446738749,-6.684436066651866,0.0002996510392960097,0,15.939340991174465,-6.681577069373369,0.00034327112729479593,0,15.95713191443528,-6.6599172505201745,0.000352753755120619,0,-0.9254760748656636,-0.014428917870277738,0.004278561675011379,0,-0.7226455202747779,-0.014262724565713248,0.004327871339705659,0,-1.3075721357508479,1.310492145355087,0.004305113032923684,0,7.180488636201705,11.10319125074533,10.117208738103862,12884.189954649635,73719.95102906103,1.0,2424644.057705277,4.4817307692307695,0
baseline_v2_channelphasejitterstddeg1p0_s20261005,channel_phase_jitter_std_deg,channel_phase_jitter_std_deg,1.0,20261005,Baseline V2 controlled single-target case,1.0,0.4,9.0,0.9531504859611146,0.0008724708045427595,-0.006335469819649534,0.0041049969381808556,1.0,34.0,0.7055024912591593,0.31294747767424014,-0.07033691583204268,0.06870182238857363,52.54034274181763,0.49222495296037394,-0.4700454788225172,0.0,18,180.0,-53.2468982695,-0.7065555276823707,60,2200,42,88,49204480,49204480,6fc05d679808753ed290cf16f773c272bcc40ab805b68e44db4c22b3c24c2f1b,fbdab764e6609838083f80bb2f2987a229b86a9ddee62086f4b30826a297c5fb,Current legacy CSI [scientific controlled],21.880345539291323,DL-SMI/MVDR local,0.016148171406225487,Current legacy CSI [scientific controlled],21.880345539291323,21.79453154625446,-6.8465552593056245,0.0022416932180245788,0,19.27845475593531,-6.697843255258324,0.00027120315581854044,0,19.033390985655213,-6.733857241580427,0.00034516765285996055,0,19.06324748076056,-6.695140463954418,0.0003584433318161129,0,-0.7482823528324474,-0.014229101524915978,0.004420801092398725,0,-0.5700804874661447,-0.014196533098552046,0.004415111515703232,0,-0.6166681155964158,1.6567414902672504,0.004399939311181915,0,7.134074437436975,11.148378382916453,10.131457528005054,11389.332350621182,64180.7146346452,1.0,2514434.397550622,4.530769230769231,0
baseline_v2_channelphasejitterstddeg1p0_s20261006,channel_phase_jitter_std_deg,channel_phase_jitter_std_deg,1.0,20261006,Baseline V2 controlled single-target case,1.0,0.4,9.0,0.9511720975112572,0.0008719823717472419,-0.0076269504489069806,0.0038583201641613028,1.0,34.0,0.7207071600781138,0.3522810477907779,-0.06751901893850801,0.0623658027781188,52.90132832872653,0.49560685159793616,-0.47327506356194127,0.0,18,180.0,-53.2468982695,-0.34556994077347575,60,2200,42,88,49204480,49204480,c0f0baf84ebe2d1ec85b1d0d9be43334ed74751c642132fd98f4c285f5fbe29d,084a71c1e99d9eb78ca08441da4c277d1cca6da7e52c6c6452e74bb1861be697,Current legacy CSI [scientific controlled],22.809535883934394,DL-SMI/MVDR local,-0.06896627017341816,Current legacy CSI [scientific controlled],22.809535883934394,22.808672119636004,-6.953114372845862,0.0019951448945531784,0,18.476393514032697,-6.701260222757469,0.0001972386587771203,0,18.673682335223653,-6.718715459704879,0.0002674101046882112,0,18.67121064978466,-6.709332270935613,0.0002768927325140343,0,-0.9518485505691465,-0.008400059024915868,0.004322181763010165,0,-0.7456818225655475,-0.008668847284215166,0.004358215748748293,0,-1.1057938541069907,1.4599463814598133,0.004284251251706873,0,7.046616869124225,10.990199343034224,9.965150782998284,11839.041238275342,66039.78744200831,1.0,2451242.871136548,4.545192307692307,0
baseline_v2_channelphasejitterstddeg1p0_s20261007,channel_phase_jitter_std_deg,channel_phase_jitter_std_deg,1.0,20261007,Baseline V2 controlled single-target case,1.0,0.4,9.0,0.9113985386007066,0.000876046322224235,-0.007967535768518323,0.004124080190772687,1.0,34.0,0.7102586484966837,0.32486264660684444,-0.07177276642474335,0.07092043019368467,52.95798785462485,0.496137667177254,-0.4737819724137421,0.0,18,180.0,-53.2468982695,-0.2889104148751547,60,2200,42,88,49204480,49204480,14d9640ee9a29e1993e11186d6e9a1405c57c271d034ebd2e6ca682614ca050a,7730a93b822fac85b4a6d52a0d4d7a79b8813859d5d149a61041c1f32ba63d0d,Current legacy CSI [production replay],17.095308924932517,DL-SMI/MVDR local,-0.05088843693931633,Current legacy CSI [production replay],17.095308924932517,17.095308924932517,-6.894416513017381,0.0023554847519344562,0,13.427606156284574,-6.692266252004645,0.0004836140191169777,0,13.375672482272927,-6.696651779452028,0.0005386132605067517,0,13.37852689823533,-6.663896276443935,0.0005499924138977393,0,-0.9219590797594401,-0.015904818510997953,0.00434873312092247,0,-0.7320615780484667,-0.015656161565320965,0.004388560157790927,0,-0.9075726321600692,1.3832210191001648,0.004327871339705659,0,7.2226685877034456,11.264111130673001,10.236456095813935,11776.233906833637,62875.46974180259,1.0,2405370.8626530506,4.56875,0
baseline_v2_channelphasejitterstddeg1p0_s20261008,channel_phase_jitter_std_deg,channel_phase_jitter_std_deg,1.0,20261008,Baseline V2 controlled single-target case,1.0,0.4,9.0,0.9400173677818773,0.0008707574164222735,-0.0005591219118062575,0.00450490430214335,1.0,34.0,0.7152947027384395,0.337202227545501,-0.06699360883383447,0.06533878901220871,53.9014589984017,0.5049765900911583,-0.48222281580497184,0.0,18,180.0,-53.2468982695,0.6545607289016999,60,2200,42,88,49204480,49204480,88df816f261a98940da1e947c1e69d64482f61dd429d0f2434e28a4d47ad05a4,19dc1f1fe3fa1f3e26098ffd73a5ec72f6f9ac1d892419a99d4b82e94c5958d0,Current legacy CSI [scientific controlled],23.052554171543633,DL-SMI/MVDR local,0.04061563300489812,Current legacy CSI [scientific controlled],23.052554171543633,23.02872439615142,-6.9023996944771095,0.0015873918980427856,0,17.679162585944564,-6.722222569640098,0.0002256865422545896,0,17.48965076392898,-6.724411876744439,0.00031482324381732667,0,17.48638348699426,-6.707719993105692,0.00031482324381732667,0,-0.6761673619340822,-0.016641014492449518,0.004405628887877409,0,-0.5170214173289258,-0.016320360069120333,0.0044189045668335605,0,-0.2867206300194862,1.333419499045139,0.004284251251706873,0,6.965336245617019,10.928884635531462,9.918105093801216,12522.961881832412,69299.8589940215,1.0,2474922.141825374,4.538461538461538,0
baseline_v2_channelphasejitterstddeg1p0_s20261009,channel_phase_jitter_std_deg,channel_phase_jitter_std_deg,1.0,20261009,Baseline V2 controlled single-target case,1.0,0.4,9.0,0.9407699841783502,0.0008731300996879739,-0.007013829121930804,0.00410485143395093,1.0,34.0,0.7204528408237707,0.3480189495260253,-0.06897307310080526,0.06345535409513288,52.72971824279456,0.49399912005171315,-0.4717397408171613,0.0,18,180.0,-53.2468982695,-0.5171800267054383,60,2200,42,88,49204480,49204480,d2e06c1bd92df730df88873d210e999bc7fdfab85a285a4d6838962fc7a76226,f922e70dbb029bd777ab75ee563b0a782eb4c100fbaddfdb64a2aade786305d3,Current legacy CSI [production replay],17.727189160968337,DL-SMI/MVDR local,-0.03564885943184137,Current legacy CSI [production replay],17.727189160968337,17.727189160968337,-7.037490910867746,0.0021335912608101957,0,14.02092080412251,-6.67946689479419,0.00040395994538006374,0,14.332141641563352,-6.70136556293725,0.0004494765589440146,0,14.317147529003217,-6.681912380490624,0.00043999393111819146,0,-0.9471153583534138,-0.018261518883794785,0.004331664390835988,0,-0.7282404936866929,-0.017824330799485623,0.004362008799878622,0,-0.6987125335215172,1.3943871840856734,0.0043714914277044456,0,7.077615062664011,10.959616748336721,9.94981381798209,12156.734848268552,66416.4163400327,1.0,2460037.4252569503,4.530769230769231,0
baseline_v2_channelphasejitterstddeg1p0_s20261010,channel_phase_jitter_std_deg,channel_phase_jitter_std_deg,1.0,20261010,Baseline V2 controlled single-target case,1.0,0.4,9.0,0.95813388946469,0.0008674181148537671,0.0004458486100901728,0.0040809493452380495,1.0,34.0,0.7187674514951219,0.35267054775175716,-0.06624590386335125,0.062333351927778065,53.36190131318192,0.4999217361947573,-0.4773956166381279,0.0,18,180.0,-53.2468982695,0.11500304368191819,60,2200,42,88,49204480,49204480,1d0c1dc5655ce49ebecb0768232bef6b30268b6c2320c5b4573601ac0ae00069,6823a49757f28b0a8c0d7ae23891d0dfeaf98b08a2b93d724bd5f458b846e6fe,Current legacy CSI [scientific controlled],20.34306819584344,DL-SMI/MVDR local,0.050204016796402406,Current legacy CSI [scientific controlled],20.34306819584344,20.279948417830685,-7.062963008750078,0.0021430738886360186,0,18.143952502648077,-6.724419335903315,0.00033189197390380825,0,17.676489115510538,-6.755330509033688,0.00038309816416325293,0,17.62579812257159,-6.731354548779703,0.000392580791989076,0,-0.673768559896244,-0.015129423677474234,0.004314595660749507,0,-0.4997207193108344,-0.014978828289304236,0.004325974814140494,0,-0.2838258327330907,1.6316543026644226,0.00434873312092247,0,7.096868344171375,10.982274729804606,9.934465347711878,12922.367605999869,69186.41614078013,1.0,2493226.845030607,4.538461538461538,0
baseline_v2_channelphasejitterstddeg2p0_s20261001,channel_phase_jitter_std_deg,channel_phase_jitter_std_deg,2.0,20261001,Baseline V2 controlled single-target case,1.0,0.4,9.0,0.9303273803163554,0.0008697915093247366,-0.005031289358288241,0.004242482159289565,1.0,34.0,0.7113878949896899,0.34147476965033535,-0.06663048638044995,0.06142277455911759,51.726860150752195,0.4846038296630078,-0.46276760101665143,0.0,18,180.0,-53.2468982695,-1.5200381187478063,60,2200,42,88,49204480,49204480,ec3ea0070233541b9b69fecc859bdfb2913266bd9c1798cc08684273d02581c5,2f04246bf573a53424f0b9b6c181e80e2ab49f6132d13dc797e6c1af2f6a538c,Current legacy CSI [production replay],17.91731713196566,DL-SMI/MVDR local,-0.060499811064057774,Current legacy CSI [production replay],17.91731713196566,17.91731713196566,-6.885853565747868,0.0018529054771658322,0,15.911050461833783,-6.677732543554237,0.00016689424973448643,0,15.984739371375058,-6.691367703133065,0.0002370656956455773,0,15.964500152300216,-6.663742402615071,0.000248444849036565,0,-0.9080734841527849,-0.022538762832611033,0.004420801092398725,0,-0.7144558719596943,-0.021896981512745887,0.004420801092398725,0,-1.072773971457985,1.3069038300093105,0.004344940069792141,0,7.050313341088738,10.820717580146175,9.851678094237258,8672.060870991838,48432.05751024075,1.0,2389028.4150813553,4.584615384615384,0
baseline_v2_channelphasejitterstddeg2p0_s20261002,channel_phase_jitter_std_deg,channel_phase_jitter_std_deg,2.0,20261002,Baseline V2 controlled single-target case,1.0,0.4,9.0,0.9370420111754768,0.0008742020880429789,0.0006948184931564469,0.004078735278610174,1.0,34.0,0.708779400269804,0.34288719870891077,-0.06742215730388217,0.06627982688031327,53.29791706895108,0.4993222988869062,-0.47682317632771304,0.0,18,180.0,-53.2468982695,0.05101879945107865,60,2200,42,88,49204480,49204480,352392c3e8b0dcb00d0f3cf2412be829e8e5d4e0e492fb8bd4014a7964e43007,09afb7890f40e5dfcf70e39e4159e248325d515a560cdbd48ac9f8b283950b46,Current legacy CSI [production replay],18.101698237125202,DL-SMI/MVDR local,0.02469788695038133,Current legacy CSI [production replay],18.101698237125202,18.101698237125202,-7.095396436516391,0.002230314064633591,0,13.522395590743457,-6.7241841117028,0.0006353360643301471,0,13.42469411392841,-6.746893858302929,0.0006637839478076165,0,13.42429219553054,-6.722807148044803,0.000680852677894098,0,-0.8021570343083755,0.001883644493861363,0.004399939311181915,0,-0.6148541362953543,0.0007017390328781831,0.00439804278561675,0,-0.5916200530619995,1.4753335016220805,0.00434873312092247,0,7.008726152556188,11.034524951454738,10.03885828129803,7328.5390638204135,43725.92389794774,1.0,2434656.529508925,4.600480769230769,0
baseline_v2_channelphasejitterstddeg2p0_s20261003,channel_phase_jitter_std_deg,channel_phase_jitter_std_deg,2.0,20261003,Baseline V2 controlled single-target case,1.0,0.4,9.0,0.9481294812797509,0.0008710528705143518,-0.006791597939860175,0.004166694832919168,1.0,34.0,0.7078867379900474,0.3420698521503588,-0.06762743052921574,0.06150090026464133,52.02396851643629,0.48738729363928274,-0.465425700520136,0.0,18,180.0,-53.2468982695,-1.2229297530637093,60,2200,42,88,49204480,49204480,9e952f5e0af361fde4ee065007da8774c652056c6efa9d9eb779ece2f70bbfab,fbeb8619dc0e5f4dee186eb19e312170bd9b0cea7a4db7bfc654c5ab456a0a4f,Current legacy CSI [production replay],15.642399932036174,DL-SMI/MVDR local,-0.027103236088185767,Current legacy CSI [production replay],15.642399932036174,15.642399932036174,-6.862807897712776,0.0018320436959490215,0,13.946809947694366,-6.676890342856455,0.000248444849036565,0,14.002652351779577,-6.679589981717352,0.0003167197693824913,0,13.996598647087783,-6.6578975193912555,0.00032620239720831435,0,-0.8437604997789627,-0.016294645864935068,0.004407525413442573,0,-0.6474222035170101,-0.016073732683671335,0.004403732362312244,0,-0.7065009525713322,1.434619846990597,0.004379077529965104,0,7.137630297508735,11.095299992982177,10.056056391250944,7204.409903681923,37026.03459918739,1.0,2463108.9705396313,4.623076923076923,0
baseline_v2_channelphasejitterstddeg2p0_s20261004,channel_phase_jitter_std_deg,channel_phase_jitter_std_deg,2.0,20261004,Baseline V2 controlled single-target case,1.0,0.4,9.0,0.9263251244188216,0.0008735077158099791,-0.00669316161173135,0.004447728481711808,1.0,34.0,0.7116179944126938,0.3365198096362126,-0.06804647239739689,0.06329004488524884,52.66410369069449,0.49338440918125537,-0.47115271530343217,0.0,18,180.0,-53.2468982695,-0.5827945788055118,60,2200,42,88,49204480,49204480,3e7e8a0ecef37f7798feffe97ee6ee6ca3787a27dcbf77767ac8108fd9dedccf,934be88b9aca2591a91db0a444ad61edfa727fbf58e080d3661fe4783287c44e,Current legacy CSI [scientific controlled],18.812546585501483,DL-SMI/MVDR local,-0.0394292024575158,Current legacy CSI [scientific controlled],18.812546585501483,18.805023702139753,-6.963682742836949,0.00198755879229252,0,15.636074455801051,-6.68876669115821,0.0003356850250341375,0,15.8592706737141,-6.684239196375138,0.0003736155363374298,0,15.877352997387494,-6.663126722738882,0.0003793051130329237,0,-0.9251518195977733,-0.018119810154257454,0.004276665149446215,0,-0.7225495860262727,-0.01784635551629038,0.004331664390835988,0,-1.3034577537579008,1.3057707254537119,0.004289940828402367,0,7.188648453504315,11.111620505252098,10.12962952627257,9482.12464450982,55271.96423684807,1.0,2422405.8519582106,4.584615384615384,0
baseline_v2_channelphasejitterstddeg2p0_s20261005,channel_phase_jitter_std_deg,channel_phase_jitter_std_deg,2.0,20261005,Baseline V2 controlled single-target case,1.0,0.4,9.0,0.9531504859611146,0.000872610934233414,-0.006226219689217331,0.004233419866200073,1.0,34.0,0.7002347669336573,0.3146878285584205,-0.06938219011127342,0.06845569596929099,52.54034274181763,0.49222495296037394,-0.4700454788225172,0.0,18,180.0,-53.2468982695,-0.7065555276823707,60,2200,42,88,49204480,49204480,1a6a5051895b2fb320925e457a4ae9b5db8021ff44f1ae2087213cdae018d9f8,659559d1a1b422d548e908f7cfaba6da4b1c3af0fe97dfc96fe4e32734557607,Current legacy CSI [scientific controlled],22.29997198219979,DL-SMI/MVDR local,0.018662122784515844,Current legacy CSI [scientific controlled],22.29997198219979,22.20684868587713,-6.8608470349291135,0.0023535882263692916,0,19.559399449119397,-6.7032334291532925,0.0003603398573812775,0,19.31138324718637,-6.739811925253729,0.000432407828857533,0,19.331202904972336,-6.701566850092442,0.00043999393111819146,0,-0.7447858003966923,-0.017819912580977895,0.004417008041268397,0,-0.5678857978124983,-0.01783110633960445,0.004415111515703232,0,-0.6214693026051403,1.6618865591216698,0.004390456683356091,0,7.146146443280817,11.178529302129032,10.159399803381607,6909.6981102312375,37949.210273388,1.0,2513087.2989759035,4.615384615384615,0
baseline_v2_channelphasejitterstddeg2p0_s20261006,channel_phase_jitter_std_deg,channel_phase_jitter_std_deg,2.0,20261006,Baseline V2 controlled single-target case,1.0,0.4,9.0,0.9511720975112572,0.0008718476089125066,-0.007663226725537158,0.003860176215274759,1.0,34.0,0.7155711496395052,0.34872769064712417,-0.06668338033395746,0.06198880354791527,52.90132832872653,0.49560685159793616,-0.47327506356194127,0.0,18,180.0,-53.2468982695,-0.34556994077347575,60,2200,42,88,49204480,49204480,cd2eef6a169d0a228a5b21b4713eb3f5c29025efac0a19846fc7d321c03af19b,3365de8856a5665aa42f9d11a2d0a70df9751ac7c1ab67fa4aa991792f43d639,Current legacy CSI [scientific controlled],22.687911120514954,DL-SMI/MVDR local,-0.06847349361853694,Current legacy CSI [scientific controlled],22.687911120514954,22.686005653748534,-6.956317715226843,0.0021146260051585495,0,18.36283225521317,-6.699973635265372,0.00025413442573205886,0,18.563556283205937,-6.720108260327295,0.00030344409042633893,0,18.56111593782213,-6.710341179929676,0.0003167197693824913,0,-0.9549620770359946,-0.006079561324961314,0.004327871339705659,0,-0.7490768978181686,-0.006674345113520325,0.0043601122743134576,0,-1.1008387390469114,1.4619957630823375,0.004286147777272037,0,7.061846060536414,11.004494857910263,9.985409183552463,7356.738715297784,41052.09478411198,1.0,2449546.5444596508,4.6,0
baseline_v2_channelphasejitterstddeg2p0_s20261007,channel_phase_jitter_std_deg,channel_phase_jitter_std_deg,2.0,20261007,Baseline V2 controlled single-target case,1.0,0.4,9.0,0.9113985386007066,0.0008759338427902718,-0.007954512910440985,0.004156011030654021,1.0,34.0,0.7050410805305981,0.325724291188996,-0.07097885932125235,0.07086366680106607,52.95798785462485,0.496137667177254,-0.4737819724137421,0.0,18,180.0,-53.2468982695,-0.2889104148751547,60,2200,42,88,49204480,49204480,065325b457ea9b0f5181130172d4046724a33cab8466b2f9be63ad1201a434ac,dfd56705d9e8edcdc66c7748a5c9dd5e315d62eacb6ce0d4df4ab594ee292dbb,Current legacy CSI [production replay],17.12756997262894,DL-SMI/MVDR local,-0.044572525917362604,Current legacy CSI [production replay],17.12756997262894,17.12756997262894,-6.902434841887763,0.002465483234714004,0,13.367064229655272,-6.697679873779922,0.0005727507206797148,0,13.308808803127343,-6.702154392080222,0.0005860263996358671,0,13.312242495068565,-6.669735507852743,0.0005955090274616902,0,-0.9205657636499778,-0.020971924121602464,0.004346836595357306,0,-0.7303133400032049,-0.020557052711023732,0.004379077529965104,0,-0.8905917714253615,1.379890649920044,0.004291837353967531,0,7.229689628409536,11.272958398986022,10.255151635527547,7867.127838847381,42535.30720948167,1.0,2403698.2922967672,4.6379807692307695,0
baseline_v2_channelphasejitterstddeg2p0_s20261008,channel_phase_jitter_std_deg,channel_phase_jitter_std_deg,2.0,20261008,Baseline V2 controlled single-target case,1.0,0.4,9.0,0.9400173677818773,0.0008705208188796005,-0.0005671225542312817,0.00446260727371394,1.0,34.0,0.7099554129465018,0.32775637443272615,-0.06607448782003737,0.06549123593079889,53.9014589984017,0.5049765900911583,-0.48222281580497184,0.0,18,180.0,-53.2468982695,0.6545607289016999,60,2200,42,88,49204480,49204480,d60da0630fe6c9ea03833890ca94af988cff1fe63a51b881c65aa84484e6df6d,5a44b3ef6562fd26a78ab31545e6314c7329925992a3e79d2427ea4d32a56d27,Current legacy CSI [scientific controlled],23.016084170789007,DL-SMI/MVDR local,0.03620445349547374,Current legacy CSI [scientific controlled],23.016084170789007,22.989016544616117,-6.9075558929761325,0.0016310119860415719,0,17.606111214131563,-6.720118081238895,0.0002655135791230466,0,17.427779341523767,-6.7216079503015145,0.0003413746017296313,0,17.42338772274495,-6.706625946711683,0.0003394780761644667,0,-0.6809072492716579,-0.022640460221757325,0.004409421939007738,0,-0.5220037300482856,-0.022066007612349982,0.004426490669094219,0,-0.29379214395029507,1.3264030112962493,0.004282354726141709,0,6.979860221959649,10.93347326648066,9.934232653731794,8252.744799340062,45429.17369802224,1.0,2473317.063074003,4.592307692307692,0
baseline_v2_channelphasejitterstddeg2p0_s20261009,channel_phase_jitter_std_deg,channel_phase_jitter_std_deg,2.0,20261009,Baseline V2 controlled single-target case,1.0,0.4,9.0,0.9407699841783502,0.0008729903739917558,-0.007029166574064773,0.004097750159965584,1.0,34.0,0.7142364355526791,0.34737722959276,-0.06812423630120239,0.06363384047534525,52.72971824279456,0.49399912005171315,-0.4717397408171613,0.0,18,180.0,-53.2468982695,-0.5171800267054383,60,2200,42,88,49204480,49204480,f57b77584a691eb4510a0de61e22900b731135c7bf345958e0e6d49cc7526736,9da767c311f90591269974e246d9742eb601c17c34d2001695c33894d9b70b08,Current legacy CSI [production replay],17.616646605833694,DL-SMI/MVDR local,-0.039947836682011406,Current legacy CSI [production replay],17.616646605833694,17.616646605833694,-7.037977111574283,0.002196176604460628,0,14.00656141175448,-6.680547122359593,0.0004305113032923684,0,14.315400187750447,-6.703487918238368,0.00047602791685631923,0,14.300838221984423,-6.683856106893837,0.0004741313912911546,0,-0.9542087597536497,-0.02578019152868729,0.004333560916401153,0,-0.7339272105355237,-0.024975228041518596,0.004352526172052799,0,-0.7036035321773522,1.3834588398496876,0.004375284478834775,0,7.089255455272008,10.970830981922834,9.964856823326734,8464.871516308627,45301.77906147066,1.0,2458110.694505493,4.627884615384615,0
baseline_v2_channelphasejitterstddeg2p0_s20261010,channel_phase_jitter_std_deg,channel_phase_jitter_std_deg,2.0,20261010,Baseline V2 controlled single-target case,1.0,0.4,9.0,0.95813388946469,0.0008671889169844162,0.000529601406440817,0.004058567763754228,1.0,34.0,0.7119673830123678,0.35186834736321637,-0.06530341098315535,0.06252274634473355,53.36190131318192,0.4999217361947573,-0.4773956166381279,0.0,18,180.0,-53.2468982695,0.11500304368191819,60,2200,42,88,49204480,49204480,4a0d44800a4908a1bb3f8d2714b633bf4e8b57e690435d1a03bf1bb93d729a1f,4affae2b1b4451c11d60103b39ae35fb6931a21971fcc2ed15f472644f7520a7,Current legacy CSI [scientific controlled],20.187467734025258,DL-SMI/MVDR local,0.039960808827161465,Current legacy CSI [scientific controlled],20.187467734025258,20.12239978558418,-7.058754281653188,0.0022189349112426036,0,18.095203160968317,-6.725078527103822,0.00040395994538006374,0,17.66073909496404,-6.751493762075382,0.00047223486572599,0,17.614780588412735,-6.728273924073584,0.0004893035958124716,0,-0.6804908077948073,-0.01942188896831871,0.004310802609619178,0,-0.5072940869031237,-0.019223237173469115,0.004327871339705659,0,-0.2830690551959951,1.6182144290504243,0.004335457441966318,0,7.106383543035497,10.990838324611417,9.95241965020145,8484.350112755299,46027.98944935404,1.0,2491419.486509679,4.6,0
baseline_v2_channelphasejitterstddeg3p0_s20261001,channel_phase_jitter_std_deg,channel_phase_jitter_std_deg,3.0,20261001,Baseline V2 controlled single-target case,1.0,0.4,9.0,0.9303273803163554,0.0008698868433725982,-0.0050268518474525,0.0043256205260212375,1.0,34.0,0.7012321808174284,0.33913372653469676,-0.06510753414217677,0.0614761764178856,51.726860150752195,0.4846038296630078,-0.46276760101665143,0.0,18,180.0,-53.2468982695,-1.5200381187478063,60,2200,42,88,49204480,49204480,3260b274f24aee1c5df34361dea0fbbafe9cb0f210a46527594863c81eb3ea38,e97003f7f4a4b535041edba92e650ffbd576c7d42b5a4314f7af817c3709497c,Current legacy CSI [production replay],17.859207627100837,DL-SMI/MVDR local,-0.060792616638639885,Current legacy CSI [production replay],17.859207627100837,17.859207627100837,-6.885618891974538,0.0019116977696859354,0,15.875779741945975,-6.674022652382585,0.00024085874677590654,0,15.944088468368383,-6.686855718512778,0.0003186162949476559,0,15.92260080589728,-6.658948725615459,0.00032620239720831435,0,-0.9070625559527907,-0.029054981361312553,0.004426490669094219,0,-0.7149420034188831,-0.02820413402870424,0.004420801092398725,0,-1.076977978235873,1.2977242445700856,0.004333560916401153,0,7.061342336847803,10.849496416712208,9.880208290717825,5910.491924642626,32865.10558966858,1.0,2388164.60102229,4.592307692307692,0
baseline_v2_channelphasejitterstddeg3p0_s20261002,channel_phase_jitter_std_deg,channel_phase_jitter_std_deg,3.0,20261002,Baseline V2 controlled single-target case,1.0,0.4,9.0,0.9370420111754768,0.0008740075997090025,0.0007254838843887743,0.004049611430129259,1.0,34.0,0.6973198966568916,0.3384050743641083,-0.06555055794719689,0.06656917914901755,53.29791706895108,0.4993222988869062,-0.47682317632771304,0.0,18,180.0,-53.2468982695,0.05101879945107865,60,2200,42,88,49204480,49204480,740415366c5c688e1a15d52e13891f84b8a3da02c1363dc8ba640eabb6564fc0,e111738ed9908aeeaa5741a6ad10408a863253ddcc6fba0137c6a29a4b0a35b0,Current legacy CSI [production replay],18.110256090466287,DL-SMI/MVDR local,0.031434663286250775,Current legacy CSI [production replay],18.110256090466287,18.110256090466287,-7.089767420055411,0.0024123805188893946,0,13.564567706008308,-6.723901044095266,0.0007775754817174936,0,13.462606222250397,-6.7449501817467254,0.0007870581095433167,0,13.461186431436964,-6.719912762281508,0.0007965407373691397,0,-0.7916398185824964,0.007129942072231186,0.004392353208921256,0,-0.6058246981596911,0.005283644980465829,0.00439804278561675,0,-0.5826967005370394,1.4742045323348747,0.004352526172052799,0,7.045125667993958,11.083104908255761,10.083962686408572,4633.242496693559,27635.620044268926,1.0,2433565.8271669,4.615384615384615,0
baseline_v2_channelphasejitterstddeg3p0_s20261003,channel_phase_jitter_std_deg,channel_phase_jitter_std_deg,3.0,20261003,Baseline V2 controlled single-target case,1.0,0.4,9.0,0.9481294812797509,0.0008707762339381696,-0.006843735811057884,0.004170998687642084,1.0,34.0,0.699500225684497,0.3367718216654219,-0.06606459533886426,0.06121634107584009,52.02396851643629,0.48738729363928274,-0.465425700520136,0.0,18,180.0,-53.2468982695,-1.2229297530637093,60,2200,42,88,49204480,49204480,37f2c2d3937161710e45f97f9d691b38863b1a8ec4e1a3d90c7aeab4d867817f,62f1cafae5acf3e84dff5c319c45fe9650880cb7c627da80bc422c362aff92a9,Current legacy CSI [production replay],15.558981497111645,DL-SMI/MVDR local,-0.01661501808676391,Current legacy CSI [production replay],15.558981497111645,15.558981497111645,-6.86276174574388,0.001983765741162191,0,13.85670965680833,-6.673188974298911,0.00034327112729479593,0,13.903050403910921,-6.67736566848858,0.00040016689424973446,0,13.89831766880162,-6.656613835621508,0.0004096495220755576,0,-0.8260124150161996,-0.019580893791178704,0.004409421939007738,0,-0.6350238372968917,-0.019374695968427606,0.004407525413442573,0,-0.6828614038235488,1.4270896236744537,0.004380974055530269,0,7.161506303519824,11.141856244925009,10.09853496831266,4521.384421588146,22520.56816350035,1.0,2462429.9859079868,4.634134615384616,0
baseline_v2_channelphasejitterstddeg3p0_s20261004,channel_phase_jitter_std_deg,channel_phase_jitter_std_deg,3.0,20261004,Baseline V2 controlled single-target case,1.0,0.4,9.0,0.9263251244188216,0.0008736721890548431,-0.006721865138187684,0.004480456221956491,1.0,34.0,0.7032975082190815,0.329770976872516,-0.06679344730480724,0.06338947552784971,52.66410369069449,0.49338440918125537,-0.47115271530343217,0.0,18,180.0,-53.2468982695,-0.5827945788055118,60,2200,42,88,49204480,49204480,72f0759a1a374c3ca355d0350ab1dcf8c1a264301dcbdf508b314add4b8261e2,a484b1f0dd1413257943f658856425c98db6f54daedf9710b4c2d407ed12f863,Current legacy CSI [scientific controlled],18.68655567744138,DL-SMI/MVDR local,-0.035411521340354746,Current legacy CSI [scientific controlled],18.68655567744138,18.678339403934515,-6.961702987251373,0.002072902442724928,0,15.555128790276115,-6.693608674834665,0.0004096495220755576,0,15.763946179449349,-6.686929886706901,0.0004703383401608254,0,15.78213615806207,-6.666565429122048,0.00047792444242148385,0,-0.9230996291353364,-0.022231490538061824,0.00427476862388105,0,-0.7212585798325444,-0.02191421301177613,0.004327871339705659,0,-1.2956353351329017,1.2998061200000968,0.004288044302837202,0,7.2075794499259,11.126003392594928,10.149580527687604,6723.8680377593,39106.63895556605,1.0,2421566.586475142,4.6,0
baseline_v2_channelphasejitterstddeg3p0_s20261005,channel_phase_jitter_std_deg,channel_phase_jitter_std_deg,3.0,20261005,Baseline V2 controlled single-target case,1.0,0.4,9.0,0.9531504859611146,0.0008727013535108482,-0.006117237390882388,0.004365848914750677,1.0,34.0,0.6921840771645584,0.31711806965425193,-0.06777798100216233,0.06816643822340028,52.54034274181763,0.49222495296037394,-0.4700454788225172,0.0,18,180.0,-53.2468982695,-0.7065555276823707,60,2200,42,88,49204480,49204480,9088ae591ddd12883e1209a08174cb5551b27b6e3a738ea60cc4006bda0638c9,df3c9f155bbd489d2c7ecd1037b75e2b6646656e3cb63d7de259ea0fcf96b05f,Current legacy CSI [scientific controlled],22.708774389300647,DL-SMI/MVDR local,0.022734825306899076,Current legacy CSI [scientific controlled],22.708774389300647,22.60773084102465,-6.87669745963886,0.002520482476103778,0,19.790827027718503,-6.7090592097190775,0.0005082688514641177,0,19.546546077151994,-6.745681096685068,0.0005822333485055378,0,19.555325282627223,-6.708336264622279,0.0005936125018965255,0,-0.7388276030971319,-0.021855302278716342,0.004405628887877409,0,-0.5640799810495682,-0.02201014486033249,0.0044245941435290545,0,-0.6254908132757233,1.665256937679166,0.004401835836747079,0,7.169635344908267,11.218631696923921,10.201111398103535,4312.656482695611,23447.349136462803,1.0,2512498.593726228,4.614423076923077,0
baseline_v2_channelphasejitterstddeg3p0_s20261006,channel_phase_jitter_std_deg,channel_phase_jitter_std_deg,3.0,20261006,Baseline V2 controlled single-target case,1.0,0.4,9.0,0.9511720975112572,0.0008717188456327531,-0.007699682316557793,0.003866740468287742,1.0,34.0,0.7074029948407018,0.34497186333189767,-0.06530667273890209,0.061610477789763494,52.90132832872653,0.49560685159793616,-0.47327506356194127,0.0,18,180.0,-53.2468982695,-0.34556994077347575,60,2200,42,88,49204480,49204480,4118ce58a068249390657f519a3482f57a2f503a7339b1094ff617a02b67d917,1ca88c6f1d783ccb2a80e72d1b65f629b60c1dd8abad8b9140d14e01ba441964,Current legacy CSI [scientific controlled],22.5585391674068,DL-SMI/MVDR local,-0.06606581703727388,Current legacy CSI [scientific controlled],22.5585391674068,22.55566144798376,-6.960383541621678,0.002256865422545896,0,18.246531375244455,-6.699201558750448,0.0003413746017296313,0,18.44686813338259,-6.7215774407097015,0.0004343043544226976,0,18.44513641636634,-6.711283196915623,0.0004437869822485207,0,-0.9549368861390582,-0.004292574339450848,0.004329767865270824,0,-0.7502762227683132,-0.005261353726404026,0.004362008799878622,0,-1.092948182800701,1.4631880377541475,0.004301319981793355,0,7.0830776927144985,11.031555768406127,10.019373038822671,4654.843332310144,25190.344740523426,1.0,2448818.601977051,4.6,0
baseline_v2_channelphasejitterstddeg3p0_s20261007,channel_phase_jitter_std_deg,channel_phase_jitter_std_deg,3.0,20261007,Baseline V2 controlled single-target case,1.0,0.4,9.0,0.9113985386007066,0.0008758125259716332,-0.007941423805638885,0.00419278973831063,1.0,34.0,0.6967661283422145,0.32168685432950694,-0.06965296573732566,0.0708333894715862,52.95798785462485,0.496137667177254,-0.4737819724137421,0.0,18,180.0,-53.2468982695,-0.2889104148751547,60,2200,42,88,49204480,49204480,b4625327669cbc505a96f5e049af0b33202b159d397d16b2c0ff8ba31c7e1aa9,d095e6066d6b7d9b17165f4695c736eab27fc3e3f46067e6d6463f9f91bf9896,Current legacy CSI [production replay],17.143642219057156,DL-SMI/MVDR local,-0.03711194759050329,Current legacy CSI [production replay],17.143642219057156,17.143642219057156,-6.911009551788849,0.002550826885146412,0,13.287369561191765,-6.703577076282144,0.0006770596267637687,0,13.223380440203725,-6.707721192168759,0.0006846457290244272,0,13.227568696708785,-6.675536241405201,0.0006922318312850858,0,-0.9168345688920532,-0.02644238518781915,0.004344940069792141,0,-0.7268976404175769,-0.025941731673990664,0.004380974055530269,0,-0.8687460305801933,1.3766503300964803,0.004301319981793355,0,7.251345041300025,11.308493209569505,10.286283399654154,5200.532474904556,28448.663134094826,1.0,2402951.0656720297,4.642788461538461,0
baseline_v2_channelphasejitterstddeg3p0_s20261008,channel_phase_jitter_std_deg,channel_phase_jitter_std_deg,3.0,20261008,Baseline V2 controlled single-target case,1.0,0.4,9.0,0.9400173677818773,0.0008702786581997525,-0.0005755488789346895,0.004421979359213729,1.0,34.0,0.70153984777102,0.3223042136551528,-0.06454707221997616,0.06567605648932079,53.9014589984017,0.5049765900911583,-0.48222281580497184,0.0,18,180.0,-53.2468982695,0.6545607289016999,60,2200,42,88,49204480,49204480,9a001e6377390512a21b7df3d105e923484d1fc04005840713bc45612b578fe8,1675d7001e3f2d9548aabd5d619837d1df3320d5c54e88c8f45dd416aecc5ea8,Current legacy CSI [scientific controlled],22.938774721630658,DL-SMI/MVDR local,0.03322180352331472,Current legacy CSI [scientific controlled],22.938774721630658,22.908650931840928,-6.912684143829992,0.0017011834319526626,0,17.511023789119267,-6.718619535263822,0.00031292671825216206,0,17.34652809860986,-6.718838618888214,0.00038309816416325293,0,17.340297728881545,-6.705845997397847,0.00038689121529358216,0,-0.6836849278853494,-0.029145114672453603,0.004415111515703232,0,-0.5256527024654494,-0.028403153143821375,0.004432180245789713,0,-0.3010091804806869,1.3181314096870183,0.004282354726141709,0,7.001831201422578,10.968202988243284,9.963189365758751,5394.981712422018,29425.766930524667,1.0,2472490.4569326895,4.607692307692307,0
baseline_v2_channelphasejitterstddeg3p0_s20261009,channel_phase_jitter_std_deg,channel_phase_jitter_std_deg,3.0,20261009,Baseline V2 controlled single-target case,1.0,0.4,9.0,0.9407699841783502,0.0008728600024641784,-0.0070448415837158305,0.004094738750947823,1.0,34.0,0.7042798836184012,0.34055257681173196,-0.06671616927938567,0.06383238986893738,52.72971824279456,0.49399912005171315,-0.4717397408171613,0.0,18,180.0,-53.2468982695,-0.5171800267054383,60,2200,42,88,49204480,49204480,1ba9ce8fbfe8780d939cee1cde584cf2f52b5e50ea26b1b33aa627878414790c,e1b07b3e6f84a7f67f36c0c1a8df895afc6a883d5ff3fa82309f244507103e60,Current legacy CSI [production replay],17.50210890670769,DL-SMI/MVDR local,-0.042995283912625304,Current legacy CSI [production replay],17.50210890670769,17.50210890670769,-7.038778567939554,0.002196176604460628,0,13.990929241961476,-6.682184522041572,0.0004836140191169777,0,14.293591379870216,-6.7056605493691945,0.0005499924138977393,0,14.279301774749994,-6.685781488732653,0.0005424063116370809,0,-0.9587646153321954,-0.03371471589861042,0.004327871339705659,0,-0.7378309294522758,-0.032631875213071114,0.004350629646487635,0,-0.7079185608123826,1.3715591341993572,0.004384767106660597,0,7.105249707801578,11.001515163664816,9.990093570220175,5735.761935809437,30726.410645452834,1.0,2457315.580411757,4.627884615384615,0
baseline_v2_channelphasejitterstddeg3p0_s20261010,channel_phase_jitter_std_deg,channel_phase_jitter_std_deg,3.0,20261010,Baseline V2 controlled single-target case,1.0,0.4,9.0,0.95813388946469,0.0008669681197591172,0.0006135151674904876,0.0040389901945096065,1.0,34.0,0.7016114534131382,0.3456071103328685,-0.06373053003580298,0.06270777034844124,53.36190131318192,0.4999217361947573,-0.4773956166381279,0.0,18,180.0,-53.2468982695,0.11500304368191819,60,2200,42,88,49204480,49204480,edbbce89df5ebdabf461136dc2581deff852fcf270b4a907573c7f4f476525eb,4747a7cd9c80389bfc1134c9d9a48300d6cff32aec14eeb64bef1cce95d31ed7,Current legacy CSI [scientific controlled],20.020183850348065,DL-SMI/MVDR local,0.03140476301266659,Current legacy CSI [scientific controlled],20.020183850348065,19.95347909596973,-7.055413378564558,0.0023535882263692916,0,18.01529244841037,-6.726329279841703,0.0005443028372022454,0,17.619204598884615,-6.747678504775381,0.000591715976331361,0,17.578000291009598,-6.725011115081596,0.0006049916552875133,0,-0.6850944324103478,-0.024216435630460553,0.004308906084054013,0,-0.5133629271591471,-0.02405798330810402,0.004327871339705659,0,-0.2775287201196024,1.6051219120723403,0.00434873312092247,0,7.122595368733979,11.022671358603722,9.983570825767012,5519.338878900793,30212.139312427444,1.0,2490512.454852089,4.607692307692307,0
baseline_v2_channelphasejitterstddeg6p0_s20261001,channel_phase_jitter_std_deg,channel_phase_jitter_std_deg,6.0,20261001,Baseline V2 controlled single-target case,1.0,0.4,9.0,0.9303273803163554,0.0008703262536890472,-0.005010556901376044,0.004655083857131721,1.0,34.0,0.658323492966248,0.3210525671323429,-0.05690872815787052,0.06182877773405053,51.726860150752195,0.4846038296630078,-0.46276760101665143,0.0,18,180.0,-53.2468982695,-1.5200381187478063,60,2200,42,88,49204480,49204480,14d1716c5ee20bc2227def39a753aa2c934ef4e01a739d4c00bc1e479d9c170c,60c665d7d263ed993ae1cdd2dc87d435c752180c70e9866da74cb4e33beb828e,Current legacy CSI [production replay],17.62370982343166,DL-SMI/MVDR local,-0.055302091196555825,Current legacy CSI [production replay],17.62370982343166,17.62370982343166,-6.885489705418122,0.0023289333940221513,0,15.709199001160519,-6.666218489177059,0.0006505082688514641,0,15.751774069450862,-6.673763968729318,0.0007642998027613412,0,15.727005943662169,-6.645691779943056,0.0007699893794568351,0,-0.8929699668659148,-0.05109653323351068,0.004417008041268397,0,-0.7082108085246936,-0.05025277253554581,0.00442269761796389,0,-1.0685419312929412,1.2740770600630995,0.004333560916401153,0,7.146290237554553,10.992442713225415,10.032518361340305,2422.174011143734,12016.008687010482,1.0,2385296.5191041436,4.592788461538461,0
baseline_v2_channelphasejitterstddeg6p0_s20261002,channel_phase_jitter_std_deg,channel_phase_jitter_std_deg,6.0,20261002,Baseline V2 controlled single-target case,1.0,0.4,9.0,0.9370420111754768,0.0008733392286273018,0.0008143777799563873,0.003964574312201965,1.0,34.0,0.64992562568225,0.3037554054030941,-0.055461305211762686,0.06795909685611215,53.29791706895108,0.4993222988869062,-0.47682317632771304,0.0,18,180.0,-53.2468982695,0.05101879945107865,60,2200,42,88,49204480,49204480,e7e5a86ed792f32b02ae6589c812e9cc1be0c24a7ae54d3b2f89799e87699552,e9245abdce0fc6d3a0dc655d219da8f82a671109f20af7c5e48e1a2aed260f23,Current legacy CSI [production replay],18.07902373619113,DL-SMI/MVDR local,0.05719873382493157,Current legacy CSI [production replay],18.07902373619113,18.07902373619113,-7.074750068935436,0.00328098922773479,0,13.624360814352396,-6.727124528481161,0.0014925656197845548,0,13.519921909717286,-6.7391698090872465,0.0015191169776968593,0,13.514346018475987,-6.711214617203115,0.0015323926566530117,0,-0.7477529852505502,0.017227483988928448,0.004388560157790927,0,-0.5700944822569616,0.013285487636079094,0.00439804278561675,0,-0.550252360313535,1.4630643436138229,0.00439804278561675,0,7.197271905099482,11.321195241370223,10.31161368320767,1843.007823534762,9430.184663827089,1.0,2429344.419704391,4.615384615384615,0
baseline_v2_channelphasejitterstddeg6p0_s20261003,channel_phase_jitter_std_deg,channel_phase_jitter_std_deg,6.0,20261003,Baseline V2 controlled single-target case,1.0,0.4,9.0,0.9481294812797509,0.0008701524670359779,-0.0069989145352040965,0.004268934755941965,1.0,34.0,0.662288025866149,0.31088861935294104,-0.05765373062287748,0.060581668444452015,52.02396851643629,0.48738729363928274,-0.465425700520136,0.0,18,180.0,-53.2468982695,-1.2229297530637093,60,2200,42,88,49204480,49204480,1caea3f36e3286fac3a6fadb3733437bf18bebf3adde24422329982b358deda7,f3d69e396b19d5a4c8d0b77110e6548f97eeb1e7037be22a79dc039f794ecaa9,Current legacy CSI [production replay],15.2886320814081,DL-SMI/MVDR local,0.023280918472895706,Current legacy CSI [production replay],15.2886320814081,15.2886320814081,-6.867771532424233,0.002613412228796844,0,13.51548790906353,-6.66434429405054,0.0007908511606736459,0,13.532687978565509,-6.6699444387943565,0.0008553330298892429,0,13.529995572288048,-6.65337335816181,0.0008667121832802306,0,-0.7565940722035336,-0.03152576969998934,0.0044189045668335605,0,-0.5853720683408232,-0.03200659463346739,0.004428387194659384,0,-0.5986030156298634,1.3985995384957879,0.004409421939007738,0,7.314971293988933,11.339772955039802,10.32273385872161,1798.194791217003,7727.085356816705,1.0,2459224.643595164,4.607692307692307,0
baseline_v2_channelphasejitterstddeg6p0_s20261004,channel_phase_jitter_std_deg,channel_phase_jitter_std_deg,6.0,20261004,Baseline V2 controlled single-target case,1.0,0.4,9.0,0.9263251244188216,0.0008741808119225298,-0.006808348379912215,0.00459182698004892,1.0,34.0,0.6668530298824081,0.3166182495142049,-0.06003932881920908,0.06334323835161633,52.66410369069449,0.49338440918125537,-0.47115271530343217,0.0,18,180.0,-53.2468982695,-0.5827945788055118,60,2200,42,88,49204480,49204480,b6ee4844d1dcade9c09c52fda70bb1e8f56ddf955ed908d97876bb814fab944c,db55d26af251f91d778e69b4ac3dd577df6c4ec24a8da0af25b6d2dfa640d277,Current legacy CSI [scientific controlled],18.30218482558826,DL-SMI/MVDR local,-0.01750887316477101,Current legacy CSI [scientific controlled],18.30218482558826,18.291752621329966,-6.9576211038113165,0.0026684114701866182,0,15.23981427204043,-6.711203051688638,0.0009027461690183584,0,15.395732034631223,-6.695234980175053,0.0009577454104081323,0,15.41413013379621,-6.676953857498634,0.00096912456379912,0,-0.9067933792714298,-0.03685456320993325,0.004280458200576544,0,-0.7102739070362158,-0.03685594675168624,0.004320285237445,0,-1.2519788403335816,1.2759911652333564,0.004341147018661812,0,7.280655330451715,11.230478023579543,10.256552715078971,2865.7444887642455,15401.94875321619,1.0,2419004.801752955,4.588461538461538,0
baseline_v2_channelphasejitterstddeg6p0_s20261005,channel_phase_jitter_std_deg,channel_phase_jitter_std_deg,6.0,20261005,Baseline V2 controlled single-target case,1.0,0.4,9.0,0.9531504859611146,0.0008726729217675105,-0.005792081133306421,0.0047784742955996095,1.0,34.0,0.6572277009304837,0.3115917610046533,-0.05907827134897688,0.06705423069879166,52.54034274181763,0.49222495296037394,-0.4700454788225172,0.0,18,180.0,-53.2468982695,-0.7065555276823707,60,2200,42,88,49204480,49204480,bf020491d29d4224e50b9c3e90ed4ca71a5dc41ab95b927e3ed98dd9b40469da,791f4a9d6730bfea0dfebc63415a51f2365c0b77776eef11d9b5747f75a5690d,Current legacy CSI [scientific controlled],23.76073216446449,DL-SMI/MVDR local,0.04232843674562936,Current legacy CSI [scientific controlled],23.76073216446449,23.634495061652462,-6.930517378519649,0.003239265665301168,0,20.09000444108149,-6.729016597094102,0.001118950083447125,0,19.902717641951675,-6.762728151145531,0.0011303292368381125,0,19.88645936683619,-6.727956910227608,0.0011644666970110757,0,-0.7077468244310197,-0.03606666273431861,0.004399939311181915,0,-0.5437082273722726,-0.037380407740271515,0.00442269761796389,0,-0.6308120426611952,1.6644101058110972,0.004437869822485207,0,7.300461424862884,11.42909217229625,10.403251211346522,1704.64906992132,7759.0944111334875,1.0,2509795.397790614,4.6,0
baseline_v2_channelphasejitterstddeg6p0_s20261006,channel_phase_jitter_std_deg,channel_phase_jitter_std_deg,6.0,20261006,Baseline V2 controlled single-target case,1.0,0.4,9.0,0.9511720975112572,0.0008713704575440295,-0.007810322803881677,0.003914421572714052,1.0,34.0,0.6712612819288624,0.3322019301791751,-0.05793641376054738,0.06046958313091844,52.90132832872653,0.49560685159793616,-0.47327506356194127,0.0,18,180.0,-53.2468982695,-0.34556994077347575,60,2200,42,88,49204480,49204480,bd627831be972c05e1485ffb197c1b52f26d5f1f6de941b358a5b3be03f626b9,ebc2528c2577a23dd347d769fab71b4f862de2d7dd627d59b0f176804c117400,Current legacy CSI [scientific controlled],22.132924008119332,DL-SMI/MVDR local,-0.048271231371466605,Current legacy CSI [scientific controlled],22.132924008119332,22.127682763215226,-6.977772284371268,0.0030515096343498712,0,17.88332489249025,-6.699929091672829,0.0009008496434531937,0,18.063156002675807,-6.726434394306259,0.0010506751631011986,0,18.061535107421335,-6.713562645318745,0.0010601577909270217,0,-0.9369253924980814,-0.0021188002247006016,0.004339250493096647,0,-0.7410196492272446,-0.004478989587200709,0.0043714914277044456,0,-1.0541541709981521,1.4619100774521625,0.004388560157790927,0,7.211946185464422,11.209087992006644,10.201511731551635,1845.7522687441922,8567.321634871421,1.0,2446067.1915326887,4.592307692307692,0
baseline_v2_channelphasejitterstddeg6p0_s20261007,channel_phase_jitter_std_deg,channel_phase_jitter_std_deg,6.0,20261007,Baseline V2 controlled single-target case,1.0,0.4,9.0,0.9113985386007066,0.0008753954688904145,-0.00790176512252669,0.004331458880599012,1.0,34.0,0.659812066554908,0.30787843284503347,-0.0624906062221605,0.07089710179137956,52.95798785462485,0.496137667177254,-0.4737819724137421,0.0,18,180.0,-53.2468982695,-0.2889104148751547,60,2200,42,88,49204480,49204480,1ec699c7a7f18ee24d22e0bc1624e46ce5e5dc5879ac5c3ed45df4c07247bd16,b109184d4d1d1b236eb58c6889a7a82959c5a39aebb70582c8680ac49a6b4294,Current legacy CSI [production replay],17.21032617048826,DL-SMI/MVDR local,-0.009013062225161406,Current legacy CSI [production replay],17.21032617048826,17.21032617048826,-6.939937059195156,0.003131163708086785,0,12.939190070325887,-6.724053989199979,0.001153087543620088,0,12.864374874294588,-6.724772869837236,0.0011398118646639356,0,12.87057235951009,-6.692881123087252,0.0011587771203155819,0,-0.892270046778779,-0.044753289244608245,0.004341147018661812,0,-0.706937597881999,-0.04461035941771303,0.00437338795326961,0,-0.780292101482793,1.366670603573574,0.004341147018661812,0,7.364048338468173,11.465802028693442,10.44815878592095,2094.6481158942483,10677.086584124556,1.0,2400107.7444736417,4.630769230769231,0
baseline_v2_channelphasejitterstddeg6p0_s20261008,channel_phase_jitter_std_deg,channel_phase_jitter_std_deg,6.0,20261008,Baseline V2 controlled single-target case,1.0,0.4,9.0,0.9400173677818773,0.0008695214441114983,-0.0006035761710876263,0.004311326542542826,1.0,34.0,0.6639299751341619,0.29055282662590437,-0.05632541716936447,0.06642047973441355,53.9014589984017,0.5049765900911583,-0.48222281580497184,0.0,18,180.0,-53.2468982695,0.6545607289016999,60,2200,42,88,49204480,49204480,867f38fa4bd13dc452220b8a226a3dd7461d7f31a281b9ea7fc5fef3e2b26559,bad4d355bd6ab051354f9526934166cbf8807f0e6a0dd15054b318dd4367c94b,Current legacy CSI [scientific controlled],22.452379274273664,DL-SMI/MVDR local,0.03251497145984139,Current legacy CSI [scientific controlled],22.452379274273664,22.414869481105438,-6.927563575863949,0.002131694735245031,0,17.103200653555156,-6.717681019458642,0.0005955090274616902,0,16.993790152536537,-6.710739361037932,0.0007149901380670611,0,16.978485142882224,-6.705577653056883,0.0007244727658928843,0,-0.6802507122821879,-0.051087053101448,0.0044245941435290545,0,-0.5284328931568512,-0.05051370286256722,0.0044302837202245485,0,-0.3218566227437485,1.2876816216906546,0.004291837353967531,0,7.12726102813165,11.14495682051659,10.128327848148228,2152.11729664444,10613.028559181128,1.0,2469169.2278931867,4.6067307692307695,0
baseline_v2_channelphasejitterstddeg6p0_s20261009,channel_phase_jitter_std_deg,channel_phase_jitter_std_deg,6.0,20261009,Baseline V2 controlled single-target case,1.0,0.4,9.0,0.9407699841783502,0.0008725263386895304,-0.007093942937675153,0.004110622809501366,1.0,34.0,0.6596782041564215,0.3284076106893188,-0.05914124312921204,0.06455439113647547,52.72971824279456,0.49399912005171315,-0.4717397408171613,0.0,18,180.0,-53.2468982695,-0.5171800267054383,60,2200,42,88,49204480,49204480,0ce7bb41b2539defb1c5201510992e956777555876bdb1cbd1176bb1d38fe8a5,0baa211ebf494cdac4c39f7de9c6d56e9f42cfd65473ae224fdc31e44d81302b,Current legacy CSI [production replay],17.138736599966244,DL-SMI/MVDR local,-0.0449682137349976,Current legacy CSI [production replay],17.138736599966244,17.138736599966244,-7.043062091425498,0.0027670307995751784,0,13.936021633861445,-6.6903808802958284,0.0008667121832802306,0,14.19823319609491,-6.712474932714465,0.0009349871036261569,0,14.1841410672543,-6.692008200328779,0.0009463662570171446,0,-0.9573846263075838,-0.05934841754425164,0.004341147018661812,0,-0.7388504623151135,-0.05815207326139296,0.00434873312092247,0,-0.7163021471369584,1.3317684520791684,0.004401835836747079,0,7.207349692663454,11.12698520411734,10.12516343538692,2345.935197972639,11618.259463063627,0.9927884615384616,2454451.521902374,4.6283653846153845,0
baseline_v2_channelphasejitterstddeg6p0_s20261010,channel_phase_jitter_std_deg,channel_phase_jitter_std_deg,6.0,20261010,Baseline V2 controlled single-target case,1.0,0.4,9.0,0.95813388946469,0.0008663552403181572,0.0008662487747884459,0.003997560785899429,1.0,34.0,0.6595342007059166,0.3199167586243405,-0.05523794938599066,0.0632353002395732,53.36190131318192,0.4999217361947573,-0.4773956166381279,0.0,18,180.0,-53.2468982695,0.11500304368191819,60,2200,42,88,49204480,49204480,0122e9a93b5b8b1824256c8eb023034f465267fb730617a735abc98cf7ac8266,34b887bf2e93b5731f302f1cc487bf0f25a9528f58b899d937c7f0a0caace831,Current legacy CSI [scientific controlled],19.461260691966594,DL-SMI/MVDR local,0.016277511066487893,Current legacy CSI [scientific controlled],19.461260691966594,19.3914306566983,-7.052125205288063,0.0030401304809588832,0,17.608131767582538,-6.733526503505339,0.001143604915794265,0,17.34605394564435,-6.736391532600777,0.001211879836140191,0,17.319993507387558,-6.715084254080363,0.001232741617357002,0,-0.6863814534010646,-0.041194599096969195,0.004322181763010165,0,-0.5224717983387324,-0.04178873362487161,0.004344940069792141,0,-0.23505820296901314,1.5688939225866063,0.004379077529965104,0,7.234046795917913,11.19417322080806,10.150765174645382,2199.141366913948,10468.99791123005,1.0,2487088.573260281,4.607692307692307,0
baseline_v2_validsamplefraction1p0_s20261001,valid_sample_fraction,valid_sample_fraction,1.0,20261001,Baseline V2 controlled single-target case,1.0,0.4,9.0,0.9303273803163554,0.000869677951869182,-0.005038485059275401,0.004118855846584728,1.0,34.0,0.7200843623929984,0.35022814905888155,-0.06785723205465059,0.06141281363754694,51.726860150752195,0.4846038296630078,-0.46276760101665143,0.0,18,180.0,-53.2468982695,-1.5200381187478063,60,2200,42,88,49204480,49204480,9e32bac719786333969352acbdc00470d19d2c7d91219c34a2dc910aeb55da31,11949757f2435d033f727c153b14d6a2ff78fabd539e30464be80a0fd40b67c9,Current legacy CSI [production replay],17.996835494221045,DL-SMI/MVDR local,-0.05634664085537988,Current legacy CSI [production replay],17.996835494221045,17.996835494221045,-6.887761591762218,0.0018699742072523138,0,15.947412443340506,-6.686827926573572,0.00012137763617053558,0,16.025745116319236,-6.700599625057491,0.0002275830678197542,0,16.008049215033864,-6.6743094941672485,0.0002275830678197542,0,-0.9042088765858871,-0.011058778326817724,0.004399939311181915,0,-0.7091991367133268,-0.01107220105487699,0.004401835836747079,0,-1.0525776656312513,1.327339140612526,0.004303216507358519,0,7.032576483712582,10.79561296588519,9.82927582416034,15850.817922068609,76631.39417839571,1.0,2916250.209803612,4.092788461538461,0
baseline_v2_validsamplefraction1p0_s20261002,valid_sample_fraction,valid_sample_fraction,1.0,20261002,Baseline V2 controlled single-target case,1.0,0.4,9.0,0.9370420111754768,0.0008745464034807713,0.0006319348085212062,0.004136077698668929,1.0,34.0,0.718583248787581,0.3378745093527875,-0.06892175769555393,0.06595005751534756,53.29791706895108,0.4993222988869062,-0.47682317632771304,0.0,18,180.0,-53.2468982695,0.05101879945107865,60,2200,42,88,49204480,49204480,6534b68a0035addf2373e576c05e046fd7cde3a80e7d73d44ec1f91457af9d9e,c424eb924cc3179a2a0566d2d37ce8cca2bc3f8d88150018e6e5273e2285bd13,Current legacy CSI [production replay],18.0735472842031,DL-SMI/MVDR local,0.014218375813011441,Current legacy CSI [production replay],18.0735472842031,18.0735472842031,-7.1076224252610745,0.0020691093915945987,0,13.408007745354418,-6.726837423775591,0.0005405097860719162,0,13.322262344550815,-6.750798664432411,0.0005974055530268549,0,13.32233021002759,-6.728628344714252,0.0006011986041571841,0,-0.8159505036607868,-0.011171014337339542,0.004399939311181915,0,-0.6279735091487133,-0.011167451957128803,0.004396146260051585,0,-0.6068732639114605,1.4728356231547421,0.004339250493096647,0,6.971886116742489,10.98987943728472,9.999203848635783,16441.73273203061,84977.30023713915,1.0,2967464.50152658,4.107692307692307,0
baseline_v2_validsamplefraction1p0_s20261003,valid_sample_fraction,valid_sample_fraction,1.0,20261003,Baseline V2 controlled single-target case,1.0,0.4,9.0,0.9481294812797509,0.0008717087279182676,-0.006686752820575073,0.004198811898283493,1.0,34.0,0.7149041028010312,0.33960740208519713,-0.06888729015482423,0.062176684782326845,52.02396851643629,0.48738729363928274,-0.465425700520136,0.0,18,180.0,-53.2468982695,-1.2229297530637093,60,2200,42,88,49204480,49204480,14055bc367a1a96289a75434c53e7432b62f64481d1e120fab712b4acae6f2de,fd272a409a4bf8cc461e92edc387805f1c60da810a32ec9acc25dd9ac2215f92,Current legacy CSI [production replay],15.793770212210944,DL-SMI/MVDR local,-0.042960900030835525,Current legacy CSI [production replay],15.793770212210944,15.793770212210944,-6.865948055161849,0.0017030799575178273,0,14.08766531423029,-6.685433351661716,0.00018016992869063876,0,14.159504744085304,-6.683661846872351,0.00025223790016689425,0,14.150549177754584,-6.661047672509786,0.0002560309512972235,0,-0.8694359994469139,-0.011138548042026374,0.004407525413442573,0,-0.6651614617475499,-0.011140001600924822,0.004390456683356091,0,-0.745347839139443,1.4438865533146088,0.004356319223183128,0,7.110465041053856,11.063835832519558,10.020741944347836,16435.938906997257,82308.98351525077,1.0,2999984.7247506324,4.1,0
baseline_v2_validsamplefraction1p0_s20261004,valid_sample_fraction,valid_sample_fraction,1.0,20261004,Baseline V2 controlled single-target case,1.0,0.4,9.0,0.9263251244188216,0.0008731864389406981,-0.006635780045024385,0.004388176333235509,1.0,34.0,0.7188610728939064,0.34427368535403813,-0.0690512630532407,0.0629213109072748,52.66410369069449,0.49338440918125537,-0.47115271530343217,0.0,18,180.0,-53.2468982695,-0.5827945788055118,60,2200,42,88,49204480,49204480,5b4d122f16c3877dfe3b60a162f56a961faf9ca2aa9d7ff2f7dddbe38d89e449,5c71a6c31e20a1e5da74448bd5f9f7974c587bd6585a9afda6bc08a9db588c4b,Current legacy CSI [scientific controlled],19.059632014812458,DL-SMI/MVDR local,-0.044283613145101874,Current legacy CSI [scientific controlled],19.059632014812458,19.053425358106736,-6.968560485911207,0.0019363526020330754,0,15.759513773565729,-6.680614080822269,0.00028447883477469274,0,16.00336909308049,-6.678937453178447,0.0003394780761644667,0,16.02070102458747,-6.656659068027323,0.0003394780761644667,0,-0.9240761911374173,-0.011178276987301027,0.004270975572750721,0,-0.7215529297227938,-0.011176514596371813,0.004325974814140494,0,-1.3079211396595936,1.3138472326723178,0.004276665149446215,0,7.170913442870535,11.096183372122855,10.113265193501668,16261.032368642433,83066.32214106145,1.0,2926458.0266922168,4.076923076923077,0
baseline_v2_validsamplefraction1p0_s20261005,valid_sample_fraction,valid_sample_fraction,1.0,20261005,Baseline V2 controlled single-target case,1.0,0.4,9.0,0.9531504859611146,0.0008722811819100143,-0.006444968950096633,0.003981591213402969,1.0,34.0,0.7075709232536184,0.3119584778958466,-0.07064170165211381,0.06890359123088448,52.54034274181763,0.49222495296037394,-0.4700454788225172,0.0,18,180.0,-53.2468982695,-0.7065555276823707,60,2200,42,88,49204480,49204480,82ff44233a441d6c5841120ccd2982af7c993ac3afbf2797070168992cf4475c,e388570b515b3ca84e606b295148bf3e0d20e0fde7767e0425c6585c0ecd423e,Current legacy CSI [scientific controlled],21.454854087984927,DL-SMI/MVDR local,0.015332768751093795,Current legacy CSI [scientific controlled],21.454854087984927,21.375693165914893,-6.837609200027234,0.002165832195417994,0,18.958797594028336,-6.692898180566003,0.0002446517979062358,0,18.722289611933657,-6.727821960575236,0.0003186162949476559,0,18.759894056209156,-6.688512048554717,0.0003413746017296313,0,-0.7492215005925287,-0.011131695851167776,0.0044189045668335605,0,-0.570620588604176,-0.011141728370320781,0.004413214990138067,0,-0.6112220505357611,1.6499534264270608,0.004363905325443787,0,7.132764305432316,11.129102411085729,10.117719998241537,16186.005059549865,81475.94512662772,1.0,3031805.3038,4.092788461538461,0
baseline_v2_validsamplefraction1p0_s20261006,valid_sample_fraction,valid_sample_fraction,1.0,20261006,Baseline V2 controlled single-target case,1.0,0.4,9.0,0.9511720975112572,0.0008721229096255959,-0.007590833366302011,0.0038611621676631677,1.0,34.0,0.72237655466906,0.35178969861341924,-0.0678132240940557,0.06274125120818938,52.90132832872653,0.49560685159793616,-0.47327506356194127,0.0,18,180.0,-53.2468982695,-0.34556994077347575,60,2200,42,88,49204480,49204480,22297d8b68775689ce6dc68fc39a86f592d83832b93c998150eb7b707c129bdd,7c5ec9e0332e7e7841103212e81fb1421b607a74b12b328eccbcbb3d1de347ba,Current legacy CSI [production replay],22.92292393593071,DL-SMI/MVDR local,-0.06751397843235907,Current legacy CSI [production replay],22.92292393593071,22.92292393593071,-6.950780172519825,0.0019761796389015326,0,18.58681404117563,-6.703062511251021,0.00019154908208162647,0,18.77667143259785,-6.717399613588166,0.0002655135791230466,0,18.77410135562788,-6.707998562406194,0.00028447883477469274,0,-0.945600149758772,-0.01124246220544959,0.004322181763010165,0,-0.7401061487793803,-0.011238395989519824,0.004362008799878622,0,-1.1076094616685426,1.4570350303981614,0.004288044302837202,0,7.046505416681354,10.995878804989657,9.959027319728799,16414.225675311798,82045.00709016902,1.0,2972147.448796438,4.1,0
baseline_v2_validsamplefraction1p0_s20261007,valid_sample_fraction,valid_sample_fraction,1.0,20261007,Baseline V2 controlled single-target case,1.0,0.4,9.0,0.9113985386007066,0.0008761499578383195,-0.00798049190460754,0.004097053188132602,1.0,34.0,0.7120058465570231,0.3208107503697075,-0.07203439905675517,0.07100420888986733,52.95798785462485,0.496137667177254,-0.4737819724137421,0.0,18,180.0,-53.2468982695,-0.2889104148751547,60,2200,42,88,49204480,49204480,db21ee9efdd04d863fed168395075c656785cfc1f0f4f019f4c27a9ec09589bc,21792fb60191a4a3c6e2256386a410823098a876981d7d17f53af06123cb82c9,Current legacy CSI [production replay],17.045223961343986,DL-SMI/MVDR local,-0.05595657465643811,Current legacy CSI [production replay],17.045223961343986,17.045223961343986,-6.887456350279066,0.002296692459414353,0,13.46872127756569,-6.687344401198507,0.00043999393111819146,0,13.423403608993246,-6.691216444921253,0.000527234107115764,0,13.425678816193285,-6.657911646289292,0.0005575785161583978,0,-0.9210010336214065,-0.011287409176420429,0.004339250493096647,0,-0.7321397362658013,-0.011272056321218747,0.004390456683356091,0,-0.919250626430907,1.3867128764200662,0.004270975572750721,0,7.218708688419998,11.253036054792695,10.229616124327823,15724.347006990747,77170.42499416844,1.0,2924871.8228513175,4.122596153846154,0
baseline_v2_validsamplefraction1p0_s20261008,valid_sample_fraction,valid_sample_fraction,1.0,20261008,Baseline V2 controlled single-target case,1.0,0.4,9.0,0.9400173677818773,0.0008709881591140516,-0.0005515276498486859,0.004548754937369176,1.0,34.0,0.7171586196960378,0.34027172248017695,-0.06730395901330716,0.06521901894926747,53.9014589984017,0.5049765900911583,-0.48222281580497184,0.0,18,180.0,-53.2468982695,0.6545607289016999,60,2200,42,88,49204480,49204480,4679e9201a9f408005982fdebba164fda59bc7a4ef1cf806563fe7269f29d530,d3e8e23ce65a116d82c8a8f713754959cf925db8509122ce7a5960f5c8aa6949,Current legacy CSI [scientific controlled],23.050120534545982,DL-SMI/MVDR local,0.0464173915480206,Current legacy CSI [scientific controlled],23.050120534545982,23.029613491406046,-6.897288821958458,0.0015817023213472918,0,17.72961370347364,-6.724936501481591,0.00021999696555909573,0,17.531856902335125,-6.727249989063143,0.00031292671825216206,0,17.529918444044778,-6.70921972863173,0.0003167197693824913,0,-0.6695135816431561,-0.011199350765126764,0.004407525413442573,0,-0.5107459119030624,-0.011204070885656725,0.004420801092398725,0,-0.27995092768531027,1.3390349352646183,0.004286147777272037,0,6.962893284805568,10.920014497174348,9.9152677651531,16703.718977957164,82943.40350150237,1.0,3001177.422313904,4.076923076923077,0
baseline_v2_validsamplefraction1p0_s20261009,valid_sample_fraction,valid_sample_fraction,1.0,20261009,Baseline V2 controlled single-target case,1.0,0.4,9.0,0.9407699841783502,0.000873279066879206,-0.006998824121147087,0.004115983799784658,1.0,34.0,0.7224662968626719,0.34948306361530695,-0.06926244325165201,0.06329642957403665,52.72971824279456,0.49399912005171315,-0.4717397408171613,0.0,18,180.0,-53.2468982695,-0.5171800267054383,60,2200,42,88,49204480,49204480,b1438c35b190cb9eedf9239c98fe0018cd808c76fdb47fd08463002227586361,1d08eefd2a52ddcd8c059aa8a8e15e5f8b0b9c2b3a4c46bc1029cfb1a55b90d9,Current legacy CSI [production replay],17.8333151322106,DL-SMI/MVDR local,-0.03008551070074006,Current legacy CSI [production replay],17.8333151322106,17.8333151322106,-7.037320452578999,0.0021487634653315126,0,14.033972274720336,-6.678946586674855,0.0003944773175542406,0,14.343794975842348,-6.699294064248033,0.00043620087998786223,0,14.328533599743905,-6.680148653043487,0.0004343043544226976,0,-0.9375199968739762,-0.01122056594959022,0.004333560916401153,0,-0.7207964378642604,-0.011222720935510595,0.004367698376574116,0,-0.6933112977092701,1.4041859804745491,0.004382870581095434,0,7.0759960562224835,10.967080454630038,9.945041766710048,15794.733581245557,77741.79467017918,1.0,2972016.466734843,4.107692307692307,0
baseline_v2_validsamplefraction1p0_s20261010,valid_sample_fraction,valid_sample_fraction,1.0,20261010,Baseline V2 controlled single-target case,1.0,0.4,9.0,0.95813388946469,0.0008676557992087834,0.0003622535225531584,0.0041060948399102735,1.0,34.0,0.7212110842182577,0.35160025213006957,-0.06655758761877241,0.06213974194393997,53.36190131318192,0.4999217361947573,-0.4773956166381279,0.0,18,180.0,-53.2468982695,0.11500304368191819,60,2200,42,88,49204480,49204480,45786814f41b387067db99aed98ed5a7e066ee306822b1ea23a5c64711ced70b,7cc297e488905e86aa4b29f5d2c40b12144864b3cb1c70c6cea9d4998cdc013d,Current legacy CSI [scientific controlled],20.48437234525327,DL-SMI/MVDR local,0.06202473787599949,Current legacy CSI [scientific controlled],20.48437234525327,20.423518671508486,-7.069404025736768,0.0021146260051585495,0,18.160128319244816,-6.724357497710338,0.00030723714155666816,0,17.66642768819521,-6.759185507402362,0.0003299954483386436,0,17.610312900681983,-6.734561130076699,0.00034516765285996055,0,-0.664946873381036,-0.011372318746929828,0.004312699135184343,0,-0.4906668562804022,-0.011348551098456977,0.004325974814140494,0,-0.27971143801941034,1.645262972871406,0.004305113032923684,0,7.091233237769808,10.97354463919606,9.92998417586983,17216.692994844594,87209.98460291103,1.0,3022279.491586866,4.084615384615384,0
baseline_v2_validsamplefraction0p8_s20261001,valid_sample_fraction,valid_sample_fraction,0.8,20261001,Baseline V2 controlled single-target case,0.8076923076923077,0.4,9.0,0.9303273803163554,0.0008677473206385788,-0.0050603834149688925,0.0067033441678401645,1.0,34.0,0.4647376262934681,0.12584081055633373,0.6052883963945481,0.07029329210438487,51.726860150752195,0.4846038296630078,-0.46276760101665143,0.0,18,180.0,-53.2468982695,-1.5200381187478063,60,2200,42,88,49204480,49204480,e44e941c67edfc471de2f1a2b4938009a03b1b98d6b6c08e7c6442bc7fcf6142,59051e979cacc99777968429459adcc5e7087f58fa35bb4b75087989a8237abe,Current legacy CSI [scientific controlled],14.324776803159763,DL-SMI/MVDR local,0.18447918572346245,Current legacy CSI [scientific controlled],14.324776803159763,14.300045615453042,-7.680380102047474,0.003973221059019876,0,9.568780627180955,-6.914201630672107,0.0039049461386739493,0,11.343484514559387,-6.6644697412950835,0.0035483993324230013,0,11.324606481553728,-6.652561518923054,0.003567364588074647,0,-0.5403641652695774,-0.374809630841599,0.004462524654832347,0,-0.40660116231660215,-0.42978775252252627,0.004464421180397512,0,-0.4395514789726058,0.8605775413812877,0.004399939311181915,0,8.716526274845616,13.443607916470427,12.411273821073191,2127.3734944098655,3934.7106917580863,1.0,2256196.638728992,4.492307692307692,0
baseline_v2_validsamplefraction0p8_s20261002,valid_sample_fraction,valid_sample_fraction,0.8,20261002,Baseline V2 controlled single-target case,0.8153846153846154,0.4,9.0,0.9370420111754768,0.0009563539345282669,0.0003260714433223682,0.007307415472783041,1.0,34.0,0.4070996759002434,0.06218610998005952,0.5864660323808392,0.1125115462137039,53.29791706895108,0.4993222988869062,-0.47682317632771304,0.0,18,180.0,-53.2468982695,0.05101879945107865,60,2200,42,88,49204480,49204480,eee7b0627a96a3348eb8fed8a55c43045f7743473c3f6a0d9ba309c8148a51af,78312487360e0709c4d6a342e77075c474ce9fad24f2e567734eadbf3fe99b9d,Current legacy CSI [production replay],11.856447973638296,DL-SMI/MVDR local,0.5235170235422446,Current legacy CSI [production replay],11.856447973638296,11.856447973638296,-7.701481942908349,0.005619405249582764,0,7.43559814169823,-7.1541872669553985,0.004013048095888333,0,8.546138310871765,-6.931981005490503,0.0040623577605826125,0,8.56646537019547,-6.8708403163550615,0.004092702169625246,0,-0.07477055036820612,-0.19022232681248458,0.00437718100439994,0,0.06770777610285972,-0.24735429351076454,0.00437338795326961,0,0.18718089808883942,1.2703069600572114,0.004282354726141709,0,9.303598590125732,14.603088429673496,13.554896834731798,1852.3834118983887,3165.4887486900157,1.0,2282142.7698484273,4.5,0
baseline_v2_validsamplefraction0p8_s20261003,valid_sample_fraction,valid_sample_fraction,0.8,20261003,Baseline V2 controlled single-target case,0.8153846153846154,0.4,9.0,0.9481294812797509,0.0009119329832219918,-0.0066800395716758885,0.006496982917513557,1.0,34.0,0.49734487742775496,0.1323002524520017,0.5739823350428497,0.10643187721175923,52.02396851643629,0.48738729363928274,-0.465425700520136,0.0,18,180.0,-53.2468982695,-1.2229297530637093,60,2200,42,88,49204480,49204480,f8aad34fefa81c9f11f94d44563498e5c15c7e91db4874aa35650d543266216d,ee6249c87dee5410b7f8f539069995b96141b645d330b06f950ded14c309a1a3,Current legacy CSI [production replay],10.225084267768846,DL-SMI/MVDR local,0.4583143642028027,Current legacy CSI [production replay],10.225084267768846,10.225084267768846,-7.678310005954754,0.00397891063571537,0,8.536877939808,-6.945527785169925,0.0036413290851160674,0,9.352960420909806,-6.726703089302965,0.003119784554695797,0,9.350752610039603,-6.69885211367059,0.0031596115915642543,0,-0.32255486308419634,-0.2977933776418497,0.004388560157790927,0,-0.1782030037259439,-0.36045573943883885,0.004384767106660597,0,-0.16723611104793257,1.1700562899301983,0.004396146260051585,0,9.017007191491414,13.915410765776606,12.843560647162578,2208.45452669982,4298.159270257042,1.0,2323785.0310184886,4.561538461538461,0
baseline_v2_validsamplefraction0p8_s20261004,valid_sample_fraction,valid_sample_fraction,0.8,20261004,Baseline V2 controlled single-target case,0.8076923076923077,0.4,9.0,0.9263251244188216,0.0008524417829306505,-0.0061318822098471336,0.00738501016678119,1.0,34.0,0.47883131677795937,0.10956962969525037,0.6063446419233316,0.07660086739272322,52.66410369069449,0.49338440918125537,-0.47115271530343217,0.0,18,180.0,-53.2468982695,-0.5827945788055118,60,2200,42,88,49204480,49204480,9c526730ed920ca64915d94e0e80a69d6c47c2dfb9032191f85355a7b0ccf3a3,a13f6cd1df604ca78cb643e41037bdd42f9f0b3f88e937090098ade89f697ead,Current legacy CSI [scientific controlled],18.67365678314688,DL-SMI/MVDR local,0.39139957543801085,Current legacy CSI [scientific controlled],18.67365678314688,18.66980572889396,-7.528456623733715,0.005236307085419512,0,10.215964331536728,-6.875933353274675,0.0038840843574571384,0,12.795306375290622,-6.686668066834629,0.0034023668639053253,0,12.821919315576878,-6.64209416845901,0.003434607798513124,0,-0.2838372194722707,-0.2432465544903566,0.004308906084054013,0,-0.13935771104639638,-0.3016736286833247,0.004337353967531482,0,-0.8990015606993085,0.9609662107308943,0.004312699135184343,0,8.972671700390801,13.890786362792738,12.841991079542808,1749.0649620085542,3149.2438499380246,1.0,2275405.058594281,4.507692307692308,0
baseline_v2_validsamplefraction0p8_s20261005,valid_sample_fraction,valid_sample_fraction,0.8,20261005,Baseline V2 controlled single-target case,0.7615384615384615,0.4,9.0,0.9531504859611146,0.0009014064335209273,-0.006475689635154944,0.0059373907689882505,1.0,34.0,0.45872725156315475,0.18194317902582147,0.7803067486474253,0.06260053386552605,52.54034274181763,0.49222495296037394,-0.4700454788225172,0.0,18,180.0,-53.2468982695,-0.7065555276823707,60,2200,42,88,49204480,49204480,62fb1832b10597ad3bdac89fa648a1eb44381c1566d813eb0fabdde58d535ac7,9cccc05b2730c40102ceceea5806eb0127390571d9e4fe5eb7f87716f4824366,Current legacy CSI [scientific controlled],15.101154284148041,DL-SMI/MVDR local,0.2762062991083347,Current legacy CSI [scientific controlled],15.101154284148041,15.088218304953259,-8.035226149456678,0.004731831285085723,0,9.049872300032494,-6.970280549551331,0.004337353967531482,0,11.877096499123681,-6.744578018781418,0.003982703686845699,0,11.865908967404234,-6.705953546764029,0.004030116825974814,0,-0.19091955838121777,-0.378350281994671,0.0044359732969200425,0,-0.08368994482245373,-0.4522769269485666,0.0044245941435290545,0,-0.05451759956204327,1.1458586533285944,0.0043544226976179636,0,9.475625296932666,14.590574736563056,13.51306511119031,2326.490222074659,4492.209734294448,1.0,2326047.487364263,4.476923076923077,0
baseline_v2_validsamplefraction0p8_s20261006,valid_sample_fraction,valid_sample_fraction,0.8,20261006,Baseline V2 controlled single-target case,0.8461538461538461,0.4,9.0,0.9511720975112572,0.0008380902654155679,-0.007706423553077414,0.003966107342798511,1.0,34.0,0.5002117067256316,0.2010011811563099,0.4646922706187092,0.10124398427564534,52.90132832872653,0.49560685159793616,-0.47327506356194127,0.0,18,180.0,-53.2468982695,-0.34556994077347575,60,2200,42,88,49204480,49204480,cdbc2e9358e8cc9fda89b52eafc098eb8ec7ec351119faf9c73f7945af50b07f,f3be4bc673030f7240ae1249d55b890f207d44dcffb1d0bf79e5850cf38cd2b5,Current legacy CSI [scientific controlled],18.251248898921673,DL-SMI/MVDR local,0.057915875907671666,Current legacy CSI [scientific controlled],18.251248898921673,18.235794814981155,-7.698283535138221,0.004168563192231831,0,13.83164823809053,-6.879968762575009,0.0031994386284327114,0,15.718031912207952,-6.668934560060165,0.0032127143073888637,0,15.704525659167281,-6.67759305723756,0.003246851767561827,0,-0.5794878374188036,-0.2882797784325947,0.004333560916401153,0,-0.4680016558850715,-0.33776167786067457,0.004335457441966318,0,-0.8585431017806067,1.1371046803037845,0.004308906084054013,0,8.799348067982072,13.612383105936283,12.587068719959515,1688.260039592018,2764.4883866953687,1.0,2332870.977633354,4.561538461538461,0
baseline_v2_validsamplefraction0p8_s20261007,valid_sample_fraction,valid_sample_fraction,0.8,20261007,Baseline V2 controlled single-target case,0.7846153846153846,0.4,9.0,0.9113985386007066,0.0009265146179506608,-0.008046882415124487,0.007847341894733961,1.0,34.0,0.4502527290165488,0.1574748070462395,0.7144026259440867,0.26495619374002627,52.95798785462485,0.496137667177254,-0.4737819724137421,0.0,18,180.0,-53.2468982695,-0.2889104148751547,60,2200,42,88,49204480,49204480,c5c8fc227761f429bbf6bfd139a2e85d4579346bed8f4cc82f925ee49741564d,6690345a319491ff0ce5b85195ba268e86ae2fd8fe2f9929838c7a31b5637acb,Current legacy CSI [scientific controlled],14.21824361934688,DL-SMI/MVDR local,0.35641516510402393,Current legacy CSI [scientific controlled],14.21824361934688,14.207150703925409,-7.7066824715287785,0.004451145501441359,0,8.840263074673965,-7.024432810267784,0.0038385677438931877,0,10.466389143864673,-6.734514668615203,0.0036204673038992565,0,10.477831633857173,-6.694816279074919,0.003686845698680018,0,-0.2542435928847109,-0.2913831077221744,0.004339250493096647,0,-0.13703892593749334,-0.35490180955019235,0.004352526172052799,0,-0.41020708578389,0.9914737254228221,0.004291837353967531,0,9.368191082339465,14.646861842868613,13.503386724382223,2018.065158547187,3641.4523704105427,1.0,2230755.3100799047,4.684615384615385,0
baseline_v2_validsamplefraction0p8_s20261008,valid_sample_fraction,valid_sample_fraction,0.8,20261008,Baseline V2 controlled single-target case,0.8076923076923077,0.4,9.0,0.9400173677818773,0.0008123020225521972,-0.0009820654282724577,0.004035011922949073,1.0,34.0,0.4204674901805712,0.08114692289480122,0.6057188324315868,0.08012007782594882,53.9014589984017,0.5049765900911583,-0.48222281580497184,0.0,18,180.0,-53.2468982695,0.6545607289016999,60,2200,42,88,49204480,49204480,ded1c5a0fae497e30b72e60a5409537db5e5b611aba025f28eda413d2904e08f,517b6ec23d6dbf1547ec21a8711c8a611f941d774e4419da344577cfc882778e,Current legacy CSI [scientific controlled],17.281122328220103,DL-SMI/MVDR local,0.14680865314967928,Current legacy CSI [scientific controlled],17.281122328220103,17.271538028504217,-7.536636700664107,0.003389091184949173,0,11.639102578039864,-6.821327041143639,0.0029699590350477922,0,15.37146481775012,-6.579066052032269,0.003127370656956456,0,15.339757038548584,-6.586042183179641,0.003167197693824913,0,-0.31043500942920055,-0.3189575390725532,0.004386663632225762,0,-0.22190282160877217,-0.3766983744785346,0.004396146260051585,0,-0.1828645867760299,0.8542191846282231,0.004316492186314672,0,8.90776508137549,13.661108803375143,12.626576628459995,1963.032497471715,3299.5938503869565,1.0,2333644.955808565,4.538461538461538,0
baseline_v2_validsamplefraction0p8_s20261009,valid_sample_fraction,valid_sample_fraction,0.8,20261009,Baseline V2 controlled single-target case,0.823076923076923,0.4,9.0,0.9407699841783502,0.0009308238932933642,-0.007251741622899953,0.008118710314184126,1.0,34.0,0.4356543926410577,0.0947714252499522,0.559468828080872,0.19539813353741403,52.72971824279456,0.49399912005171315,-0.4717397408171613,0.0,18,180.0,-53.2468982695,-0.5171800267054383,60,2200,42,88,49204480,49204480,f80310ac1d1a756ec74152faf9853f9731afdbfcdddf89f1968ee285d58a90d1,60a3ac3f8c4fd5903bcf7665104a06e2b0c799674a904aa66c36ebdb7df1dd96,Current legacy CSI [production replay],15.954597362157957,DL-SMI/MVDR local,0.3361881556482871,Current legacy CSI [production replay],15.954597362157957,15.954597362157957,-7.847661898335493,0.004265285996055227,0,11.714101313183873,-6.938835308934346,0.0039030496131087847,0,13.164760344976239,-6.723126230675334,0.0038044302837202245,0,13.156107151703077,-6.702647516308714,0.003842360795023517,0,-0.3344222030250741,-0.31483379164881836,0.004390456683356091,0,-0.1978552672520868,-0.3723398065006417,0.004396146260051585,0,-0.14836418023947218,1.0846526041493025,0.004466317705962676,0,8.778840154143762,13.554574744655296,12.47130038651896,2097.621436179004,3990.0150200884386,1.0,2320367.5986862043,4.624038461538461,0
baseline_v2_validsamplefraction0p8_s20261010,valid_sample_fraction,valid_sample_fraction,0.8,20261010,Baseline V2 controlled single-target case,0.8,0.4,9.0,0.95813388946469,0.0008676582057985094,0.0003644303976301248,0.003973865117961176,1.0,34.0,0.491465000913152,0.21263001571195358,0.636594230414822,0.06943727597134214,53.36190131318192,0.4999217361947573,-0.4773956166381279,0.0,18,180.0,-53.2468982695,0.11500304368191819,60,2200,42,88,49204480,49204480,8ea31f6099d4c0865bac1906747a02a778b1cfb8c785ad48054691ecb4827e1e,918d79e9f5ef3208a1c2c8c95d2a99a2f4e48ab0d4869d91adb42098414bf5bb,Current legacy CSI [scientific controlled],15.272046808899717,DL-SMI/MVDR local,0.24252537956638465,Current legacy CSI [scientific controlled],15.272046808899717,15.226404971199148,-8.19777903795637,0.005046654528903049,0,10.281534697929626,-7.012474122968603,0.004049082081626461,0,12.414731962844755,-6.796455586889806,0.003683052647549689,0,12.444147201165098,-6.793705007930097,0.003702017903201335,0,-0.2887776854898325,-0.32497234098705446,0.0043658018510089516,0,-0.20534990285636567,-0.3865908141259209,0.0043658018510089516,0,0.13767270815416932,1.2455673086281063,0.004369594902139281,0,9.08221266705452,14.040709435557861,12.9755853801685,2430.595620905858,5754.406110656504,1.0,2348344.442706154,4.530288461538461,0
baseline_v2_validsamplefraction0p6_s20261001,valid_sample_fraction,valid_sample_fraction,0.6,20261001,Baseline V2 controlled single-target case,0.5923076923076923,0.4,9.0,0.9303273803163554,0.0008381060215261476,-0.0042916648574126415,0.010387239301587891,1.0,34.0,0.3865467197173712,0.05937954260070047,1.5137769689931293,0.04065448875836423,51.726860150752195,0.4846038296630078,-0.46276760101665143,0.0,18,180.0,-53.2468982695,-1.5200381187478063,60,2200,42,88,49204480,49204480,a702f0f92ac6a3877892864a2ea723bfadb4bc3985dc2320f297a7bb0cce62a5,386160376c2d28dc940aa53dd1da25f3f916a166158b84dd6c5f6491b29a30c1,Current legacy CSI [scientific controlled],12.98914368377726,Shrinkage-SMI/MVDR local,0.4318566274099416,Current legacy CSI [scientific controlled],12.98914368377726,12.976069014224516,-8.730244596201509,0.0045706266120467305,0,5.057231057275905,-6.604586457316513,0.004773554847519345,0,9.204831894622886,-6.661751318904542,0.0036204673038992565,0,9.102149879269925,-6.6917739804223775,0.0036849491731148535,0,-0.3043655067760205,-0.7365196130943447,0.004399939311181915,0,-0.13011837060425702,-0.8561846369740433,0.004379077529965104,0,-0.3472157538024545,0.24699248399490903,0.004272872098315885,0,9.721594803728738,15.092844103176859,13.983379792517823,2601.7781738678054,4695.007294680892,1.0,2119215.101686219,4.492307692307692,0
baseline_v2_validsamplefraction0p6_s20261002,valid_sample_fraction,valid_sample_fraction,0.6,20261002,Baseline V2 controlled single-target case,0.6153846153846154,0.4,9.0,0.9370420111754768,0.000969913958772444,2.1970687817536062e-05,0.008144966935432279,1.0,34.0,0.38716726927797945,0.05331087079470547,1.4144030268596772,0.1539535861532874,53.29791706895108,0.4993222988869062,-0.47682317632771304,0.0,18,180.0,-53.2468982695,0.05101879945107865,60,2200,42,88,49204480,49204480,418e9c9d4425a565f3d5239bd8988f514e8e3afb2508041ae529bbd27b92cb84,6c274b9a1dcc6ff1e845d99867330a31e1b60ecbcf519cad4d57045b6808cc9c,Current legacy CSI [production replay],10.247789754029068,Shrinkage-SMI/MVDR local,0.6272245779836001,Current legacy CSI [production replay],10.247789754029068,10.247789754029068,-8.69406643926135,0.005725610681231983,0,4.493314495682984,-7.037178552451091,0.0044758003337885,0,7.57659516864831,-6.928753038040293,0.003637536033985738,0,7.568760950235794,-6.90783547301468,0.0037247762099833106,0,0.01617485501282845,-0.5110164035549558,0.0043714914277044456,0,0.1754907179123273,-0.6316918420387228,0.0043601122743134576,0,0.2198493873110552,0.8864218745830155,0.004327871339705659,0,10.402719789703072,15.902507657903618,14.808867101469936,2509.4705289418425,5058.145898305223,1.0,2153975.760052823,4.484615384615385,0
baseline_v2_validsamplefraction0p6_s20261003,valid_sample_fraction,valid_sample_fraction,0.6,20261003,Baseline V2 controlled single-target case,0.5615384615384615,0.4,9.0,0.9481294812797509,0.0009049167516626386,-0.007654455780766115,0.007453174229930892,1.0,34.0,0.44881098870086755,0.10145524275698285,1.6488185202967112,0.04498257536359677,52.02396851643629,0.48738729363928274,-0.465425700520136,0.0,18,180.0,-53.2468982695,-1.2229297530637093,60,2200,42,88,49204480,49204480,3bb978d323f587b784cbf2b994dcdac37cd6a354768b4b3c2d03af1c7ece5635,b98ee569a49f4e3a5bbe6f94ae979e44fd585630bf6f63aa5b41e33c29acf382,Current legacy CSI [production replay],9.799430878222836,DL-SMI/MVDR local,0.5129976160008773,Current legacy CSI [production replay],9.799430878222836,9.799430878222836,-8.965739560732766,0.0046995903504779245,0,5.303573924638833,-6.664580838422582,0.005076998937945684,0,8.70391573810989,-6.698173019259405,0.0035256410256410257,0,8.692874145055155,-6.645873352427007,0.0036204673038992565,0,-0.22095662772507474,-0.6593690663488856,0.004356319223183128,0,-0.05403316420384563,-0.8007612522772145,0.004337353967531482,0,-0.10420261621358407,0.6439485792396958,0.004289940828402367,0,9.909582739355281,15.238947556507302,14.137210116481477,2865.7638012693956,5637.238377465463,1.0,2160959.908740659,4.497115384615385,0
baseline_v2_validsamplefraction0p6_s20261004,valid_sample_fraction,valid_sample_fraction,0.6,20261004,Baseline V2 controlled single-target case,0.6230769230769231,0.4,9.0,0.9263251244188216,0.000833995616586347,-0.005865040148070762,0.007260350279545837,1.0,34.0,0.392926992032313,0.09731582783593258,1.367807583704286,0.0288178870903688,52.66410369069449,0.49338440918125537,-0.47115271530343217,0.0,18,180.0,-53.2468982695,-0.5827945788055118,60,2200,42,88,49204480,49204480,771930742d0098af74f8aa7818369bcf2239b5d9b2cafd13738f6f0ef4b277d5,9156b633cf23d67fd12bd4fb1e517c036998d54443542b830658fd26e5b8baef,Current legacy CSI [scientific controlled],17.14596247047529,DL-SMI/MVDR local,0.496199894862964,Current legacy CSI [scientific controlled],17.14596247047529,17.143030554048384,-8.458603695461955,0.003836671218328023,0,7.019047633070869,-6.751469716683225,0.005355788196024882,0,12.622363408271347,-6.626010354300381,0.004325974814140494,0,12.56038575129621,-6.642559451168052,0.004399939311181915,0,-0.1790469992805166,-0.6744636115155688,0.004269079047185556,0,-0.04235597968043514,-0.7896168344219132,0.00427476862388105,0,-0.6471956293585146,0.4173254672002946,0.004289940828402367,0,9.177944561091358,14.306310532655681,13.25434614341126,3043.5178375502574,6615.978182610107,1.0,2165724.758048469,4.476923076923077,0
baseline_v2_validsamplefraction0p6_s20261005,valid_sample_fraction,valid_sample_fraction,0.6,20261005,Baseline V2 controlled single-target case,0.5307692307692308,0.4,9.0,0.9531504859611146,0.000884041191093467,-0.006979092032966378,0.005180851452599638,1.0,34.0,0.41797255934519145,0.0971207443287898,1.825147820679895,0.10656527336469727,52.54034274181763,0.49222495296037394,-0.4700454788225172,0.0,18,180.0,-53.2468982695,-0.7065555276823707,60,2200,42,88,49204480,49204480,4dc38ce6a157c1f1269f6fb7a5d3ee6df4bfd069e28f146b8f05659efdbdee61,603555d7d2d7eed08d072df90a97c5928c617df779b688a84a9939e5beeab9ac,Current legacy CSI [production replay],16.63702402331387,DL-SMI/MVDR local,0.17061068123415435,Current legacy CSI [production replay],16.63702402331387,16.63702402331387,-8.695097100110956,0.00487407070247307,0,5.857002361994322,-6.658144042315949,0.005575785161583978,0,11.226583394246,-6.651965584934584,0.0039049461386739493,0,11.175015862916553,-6.631428353957255,0.003942876649977242,0,-0.1822871014847678,-0.8026837308224113,0.004392353208921256,0,-0.0580244467674067,-0.9378898261322051,0.00439804278561675,0,0.09973153511056587,0.6844555396695449,0.004396146260051585,0,9.629133681753132,14.92444646922024,13.853863967652735,2915.7594491882583,6077.323832869377,0.9846153846153847,2168625.5433906834,4.569230769230769,0
baseline_v2_validsamplefraction0p6_s20261006,valid_sample_fraction,valid_sample_fraction,0.6,20261006,Baseline V2 controlled single-target case,0.6692307692307692,0.4,9.0,0.9511720975112572,0.0008750230890252939,-0.007600597491162239,0.005618836101439223,1.0,34.0,0.47015065758093344,0.1292412995030549,1.1778267873553494,0.20628946885428226,52.90132832872653,0.49560685159793616,-0.47327506356194127,0.0,18,180.0,-53.2468982695,-0.34556994077347575,60,2200,42,88,49204480,49204480,5241953a2e7549233aaf35c3066c202fff567d73285b8a4f3527c080ad77ea69,c1414a1330c5a0a7a7e5c3cc99b5cf1b0f9812ad712083948d0436c9d1b2eeb5,Current legacy CSI [production replay],17.016762742856873,DL-SMI/MVDR local,0.3046175936622053,Current legacy CSI [production replay],17.016762742856873,17.016762742856873,-8.466498340550405,0.004508041268396298,0,8.63511846973406,-6.859274124180168,0.004642694583522986,0,14.331790668779917,-6.701234508116691,0.003929600971021089,0,14.330596020070452,-6.700225148362879,0.0039978758913670155,0,-0.36298165725692133,-0.5891460658692965,0.004284251251706873,0,-0.2355603984138266,-0.6992907073004997,0.004280458200576544,0,-0.6074732360007798,0.7026001190710719,0.004280458200576544,0,9.977985305663445,15.280413657018762,14.17018740533436,2654.906153351083,5130.9699587805835,1.0,2209482.910153067,4.507211538461538,0
baseline_v2_validsamplefraction0p6_s20261007,valid_sample_fraction,valid_sample_fraction,0.6,20261007,Baseline V2 controlled single-target case,0.5923076923076923,0.4,9.0,0.9113985386007066,0.0009071905553219338,-0.007516283080686053,0.010176342570276756,1.0,34.0,0.38669869355907593,0.07341393736674286,1.5308133431190574,0.17425402205586782,52.95798785462485,0.496137667177254,-0.4737819724137421,0.0,18,180.0,-53.2468982695,-0.2889104148751547,60,2200,42,88,49204480,49204480,49043de11504760e26c27958ce7f1c4859126d5fa331c35a96b2934b690dc186,3f4611328706392d56d08da477f858e5a07369ddc35b39b7f1aa214f1d359c84,Current legacy CSI [production replay],15.350735983544967,DL-SMI/MVDR local,0.4176777184411886,Current legacy CSI [production replay],15.350735983544967,15.350735983544967,-8.775292843259239,0.0037949476558944016,0,5.9852560658485086,-6.7572029001172975,0.004745106964041876,0,10.221574241435551,-6.730602646358349,0.003459262630860264,0,10.240186677016014,-6.697215164116987,0.0035256410256410257,0,-0.31395925517892564,-0.8447267260197154,0.00427476862388105,0,-0.19720416449639,-0.9681999435187416,0.004263389470490062,0,-0.490895443847422,0.34952556413604796,0.00422166590805644,0,9.487845443092391,14.504590048348282,13.373771512490864,2634.626654069835,4970.127627607153,1.0,2116048.2951338696,4.476923076923077,0
baseline_v2_validsamplefraction0p6_s20261008,valid_sample_fraction,valid_sample_fraction,0.6,20261008,Baseline V2 controlled single-target case,0.6076923076923076,0.4,9.0,0.9400173677818773,0.0007729010224133977,-0.0013161113607625915,0.0026853874530585204,1.0,34.0,0.43146993192757177,0.10701121663483941,1.4377145716004402,0.018394220121593127,53.9014589984017,0.5049765900911583,-0.48222281580497184,0.0,18,180.0,-53.2468982695,0.6545607289016999,60,2200,42,88,49204480,49204480,c2d7fc7308afc493e69bf1536ffbcfe51388d37c007a2dab3cc1c4b24b307268,f8f2d07e364f3861379a738e695f0f5082007b2fed67fb2e350dafaaa7f4ad2a,Current legacy CSI [scientific controlled],14.006342359226217,Shrinkage-SMI/MVDR local,-0.01033096239872311,Current legacy CSI [scientific controlled],14.006342359226217,13.981997764455677,-8.351355476099698,0.0036773630708541952,0,6.847231751058477,-6.656670220852922,0.005583371263844636,0,12.771297534488031,-6.53636727877248,0.004035806402670308,0,12.792844558322845,-6.551128867581673,0.004100288271885905,0,-0.41354390098434557,-0.9151805701353576,0.0043714914277044456,0,-0.3042833875496518,-1.017615477261125,0.0043658018510089516,0,-0.31338322739022484,0.21524629825865355,0.004269079047185556,0,8.914686343586688,13.688600027081153,12.666464640646598,3327.9000248594184,7085.8788517664025,0.9923076923076923,2215718.126656225,4.484615384615385,0
baseline_v2_validsamplefraction0p6_s20261009,valid_sample_fraction,valid_sample_fraction,0.6,20261009,Baseline V2 controlled single-target case,0.6384615384615384,0.4,9.0,0.9407699841783502,0.0008792508373682564,-0.0075436358609516614,0.00490757910243576,1.0,34.0,0.43628816735499126,0.13002907134223102,1.3190988559228425,0.1707013093284699,52.72971824279456,0.49399912005171315,-0.4717397408171613,0.0,18,180.0,-53.2468982695,-0.5171800267054383,60,2200,42,88,49204480,49204480,c28bdf795c59f94a03259150f53204c911c9bb8abfb4c48700fe56078a568cee,6119c988d075c25f9027c8a82ac3ca7d5bf445f95495f2b8c66857982eac64b1,Current legacy CSI [production replay],15.253169195427647,DL-SMI/MVDR local,0.4459700354530538,Current legacy CSI [production replay],15.253169195427647,15.253169195427647,-8.681798903140676,0.0034971931421635565,0,7.532386868228041,-6.819612260321533,0.004868381125777576,0,12.733678498527306,-6.723939791327755,0.0036147777272037625,0,12.773853012246219,-6.711029842442549,0.003673570019723866,0,-0.18956160721845006,-0.5819766897606006,0.004382870581095434,0,-0.03129446641031475,-0.6981621196917208,0.004394249734486421,0,0.039373864686329973,0.773004720592675,0.0044473524503110306,0,9.192999331897827,14.268189971701396,13.124279687513326,2843.9306541506294,6292.991629389435,0.9769230769230769,2198016.7417387064,4.607692307692307,0
baseline_v2_validsamplefraction0p6_s20261010,valid_sample_fraction,valid_sample_fraction,0.6,20261010,Baseline V2 controlled single-target case,0.676923076923077,0.4,9.0,0.95813388946469,0.0008956641590485016,0.0008497459302373501,0.006737313164021048,1.0,34.0,0.4489371128415327,0.18308380888023254,1.1299722194015052,0.047474319035931814,53.36190131318192,0.4999217361947573,-0.4773956166381279,0.0,18,180.0,-53.2468982695,0.11500304368191819,60,2200,42,88,49204480,49204480,9899e668ffb6943ff62cf1421621d59b719d26a600785f618ddde8765c0765fd,65268252404df3a9af94226ff2c0324b1663df56722ece1374b69428f29badcc,Current legacy CSI [scientific controlled],13.777710576799404,DL-SMI/MVDR local,0.3207425473639738,Current legacy CSI [scientific controlled],13.777710576799404,13.744261595708203,-8.950617822025102,0.005359581247155212,0,7.3946108938728505,-6.976093804230979,0.004096495220755576,0,10.845259504003248,-6.839903653255606,0.003995979365801851,0,10.859008779950681,-6.822181535353842,0.004028220300409649,0,-0.11757293338083485,-0.5179440980712162,0.004335457441966318,0,-0.02027154943905618,-0.614837922510119,0.004337353967531482,0,0.29851713183257544,0.9745536745391361,0.004240631163708087,0,9.974795528007768,15.300395358254415,14.227605310299506,2714.056127955064,5057.307579170693,1.0,2257986.5501351366,4.492307692307692,0
baseline_v2_validsamplefraction0p4_s20261001,valid_sample_fraction,valid_sample_fraction,0.4,20261001,Baseline V2 controlled single-target case,0.3923076923076923,0.4,9.0,0.9303273803163554,0.0008481894341899697,-0.004389672733726152,0.009128589232666077,1.0,34.0,0.39230059821500524,0.050090421905792215,2.552777800106549,0.03184417473343013,51.726860150752195,0.4846038296630078,-0.46276760101665143,0.0,18,180.0,-53.2468982695,-1.5200381187478063,60,2200,42,88,49204480,49204480,bd6915bba06d9c8fe629a47db3c1568237961feead3b49b0e2d942f3ca4023d0,a8d4b32d4fc36d9c935f4a728a150986ebd8631d03c7e95448eed0f336e6b5a8,Current legacy CSI [scientific controlled],11.3968985426477,Shrinkage-SMI/MVDR local,0.5690485753788996,Current legacy CSI [scientific controlled],11.3968985426477,11.389498330763036,-9.709141352148302,0.004982172659687452,0,3.3757186707807834,-6.108362245200115,0.005040964952207556,0,8.561371125770753,-6.744234927620264,0.0029035806402670306,0,8.50966414642221,-6.74903431837833,0.0029946138673949325,0,-0.2851684464880928,-1.2762069541667642,0.004363905325443787,0,-0.10621398758007494,-1.4684105719267018,0.004362008799878622,0,-0.28464287570533253,-0.0715350027891183,0.004337353967531482,0,10.09389928079229,15.445849872118849,14.333858852880898,2483.981284453009,4954.293347922099,1.0,1998608.1900434475,4.476923076923077,0
baseline_v2_validsamplefraction0p4_s20261002,valid_sample_fraction,valid_sample_fraction,0.4,20261002,Baseline V2 controlled single-target case,0.4461538461538462,0.4,9.0,0.9370420111754768,0.000982256247013104,0.0005472180584764595,0.008012376460759732,1.0,34.0,0.39090826770887704,0.052709835495085226,2.2695974368086085,0.16143414114949595,53.29791706895108,0.4993222988869062,-0.47682317632771304,0.0,18,180.0,-53.2468982695,0.05101879945107865,60,2200,42,88,49204480,49204480,d262246f6b1e8b8a211785a67fbe30e9c8e6e510d2922fcd87401303438636c2,e54c69536f801a13601afe0c82096edc5b6be6cbebb5fe6cc96ccc8cea1b6c16,Current legacy CSI [production replay],9.424036863984202,Shrinkage-SMI/MVDR local,0.5430864281218848,Current legacy CSI [production replay],9.424036863984202,9.424036863984202,-9.576861798948165,0.005560612957062661,0,3.152721632395907,-6.612470128748012,0.005938021544530421,0,6.447891086594315,-6.974564547333274,0.003918221817630102,0,6.461124779406776,-6.89542609648528,0.00402442724927932,0,-0.01110774755134436,-0.8291883440219252,0.004337353967531482,0,0.1409911559829755,-1.0014760425820188,0.004310802609619178,0,0.19171658604127728,0.5574526194073715,0.004327871339705659,0,10.535214413511172,16.214313086696283,15.071657453941324,2654.431172162717,5719.264022899946,1.0,2042494.6737073169,4.476923076923077,0
baseline_v2_validsamplefraction0p4_s20261003,valid_sample_fraction,valid_sample_fraction,0.4,20261003,Baseline V2 controlled single-target case,0.36153846153846153,0.4,9.0,0.9481294812797509,0.00084460883298204,-0.006451017815990849,0.006819729394050369,1.0,34.0,0.49063442264896623,0.21338580510699345,2.743180767820183,0.013684361308232668,52.02396851643629,0.48738729363928274,-0.465425700520136,0.0,18,180.0,-53.2468982695,-1.2229297530637093,60,2200,42,88,49204480,49204480,bea0fe86b168f5b5f32f3ed44046f37d99055f7b8d376d5bc1a4601f70befe40,0ed4a9125692f313cfc3f3fc84f2aa845aafd3643f11c7e2a2b34b48301f7fa4,Current legacy CSI [production replay],11.139055478414342,Shrinkage-SMI/MVDR local,0.5880073306864313,Current legacy CSI [production replay],11.139055478414342,11.139055478414342,-10.117126869393797,0.004437869822485207,1,3.2637537302332973,-6.077016681913933,0.006104915794264906,0,8.652112540079578,-6.686262895690302,0.0038897739341526324,0,8.651078771891381,-6.660702289548979,0.0039390835988469125,0,-0.25388546163140635,-1.5688080963673858,0.004335457441966318,0,-0.06643665151227118,-1.7695326872609458,0.004310802609619178,0,0.012699991366475594,-0.13520047668321353,0.004318388711879836,0,9.032298535264463,14.180298405354607,13.133779568159852,3233.989113212875,7495.850595759704,1.0,2038953.9035929933,4.476923076923077,0
baseline_v2_validsamplefraction0p4_s20261004,valid_sample_fraction,valid_sample_fraction,0.4,20261004,Baseline V2 controlled single-target case,0.4,0.4,9.0,0.9263251244188216,0.000775792177349518,-0.005584718917047321,0.008879009832963561,1.0,34.0,0.46036135207920936,0.17969188655821722,2.499034398032036,0.017703699075042857,52.66410369069449,0.49338440918125537,-0.47115271530343217,0.0,18,180.0,-53.2468982695,-0.5827945788055118,60,2200,42,88,49204480,49204480,2d0405780f60eb28a96e10282c0c637438b498dbc6440daca6be1475a2add3a2,8e9d29bcf44430a01eef02c05af054cdf9188540806fa2939cae8a745917db92,Current legacy CSI [scientific controlled],13.353165622683242,Shrinkage-SMI/MVDR local,0.42828636854713764,Current legacy CSI [scientific controlled],13.353165622683242,13.342486209776514,-9.401502863462113,0.00412304657866788,0,4.697336741837976,-6.182252688271564,0.0044302837202245485,0,8.659112967078801,-6.487588565169426,0.0029946138673949325,0,8.687411047875715,-6.480582085211307,0.0030230617508724016,0,-0.39348616812093073,-1.052959994421667,0.004269079047185556,0,-0.2491777888805098,-1.2232518666276713,0.00425011379153391,0,-0.8715075773965824,-0.24817613808219677,0.0042083902291002884,0,9.991259280194578,15.326211949173032,14.194115522086935,2413.5381751220993,4213.8430157868615,0.9923076923076923,2019438.332041277,4.476923076923077,0
baseline_v2_validsamplefraction0p4_s20261005,valid_sample_fraction,valid_sample_fraction,0.4,20261005,Baseline V2 controlled single-target case,0.3384615384615385,0.4,9.0,0.9531504859611146,0.0009102956369792514,-0.007149306899829703,0.007626953067956773,1.0,34.0,0.4241373464870463,0.10261261833976781,2.915437654523285,0.11095596830153288,52.54034274181763,0.49222495296037394,-0.4700454788225172,0.0,18,180.0,-53.2468982695,-0.7065555276823707,60,2200,42,88,49204480,49204480,7284d62f1c78356719c23ca84fb3934d619f48999c2911460e03547dd0cb7c83,1d5b001275330eae33912824aec06383e07d7dd08b477a2026a215f70b6a4812,Current legacy CSI [scientific controlled],14.363812116637895,MNEC physical,0.10210905849607776,Current legacy CSI [scientific controlled],14.363812116637895,14.354621561635668,-9.973052159193847,0.004843726293430436,0,3.741752167589693,-6.049838298993605,0.005721817630101654,0,9.718036013078006,-6.712617449393205,0.003554088909118495,0,9.574873645292886,-6.702480554599762,0.0036489151873767257,0,-0.334135191812881,-1.3925122888406347,0.004399939311181915,0,-0.19576247714784056,-1.5888286245917413,0.004382870581095434,0,-0.1709832006097436,0.05727298343171272,0.004417008041268397,0,9.773383971947206,15.145096064869904,14.10404895033542,2557.609400218289,5535.497201442866,0.9769230769230769,2050449.89231333,4.476923076923077,0
baseline_v2_validsamplefraction0p4_s20261006,valid_sample_fraction,valid_sample_fraction,0.4,20261006,Baseline V2 controlled single-target case,0.5,0.4,9.0,0.9511720975112572,0.0009142755808596289,-0.00799855290378026,0.008696859137861132,1.0,34.0,0.4075178576506792,0.05433687739524089,1.9876688079853302,0.2562204404146458,52.90132832872653,0.49560685159793616,-0.47327506356194127,0.0,18,180.0,-53.2468982695,-0.34556994077347575,60,2200,42,88,49204480,49204480,22e8d9e91dc066fa4d5ee18f77506a48bf87b1f59359ddc3c35d02f23e8e3004,9c07b22bd0e96dd8b935308817990f2ce1a01bf75dbae60568953610f436e1c9,Current legacy CSI [scientific controlled],15.218420171495762,DL-SMI/MVDR local,0.35113641608993396,Current legacy CSI [scientific controlled],15.218420171495762,15.210503519516344,-9.261980847410982,0.00487407070247307,0,5.888854715014442,-6.576034294235643,0.005348202093764224,0,13.048511616795942,-6.774136489685012,0.0035313306023365197,0,13.038448352677298,-6.736358648571898,0.00362994993172508,0,-0.3253715957661134,-0.8129209204453156,0.004248217265968746,0,-0.17678971820465073,-0.9752821530804558,0.004233045061447428,0,-0.5617006102119286,0.4636777026694384,0.004259596419359733,0,10.245649205688839,15.689271495479202,14.52565696183335,2638.3519124415066,5404.172928491075,0.9923076923076923,2094965.8068774564,4.484615384615385,0
baseline_v2_validsamplefraction0p4_s20261007,valid_sample_fraction,valid_sample_fraction,0.4,20261007,Baseline V2 controlled single-target case,0.3153846153846154,0.4,9.0,0.9113985386007066,0.000960658378860746,-0.008400112283747659,0.009457393767856486,1.0,34.0,0.36456249103070887,0.05368885652740436,3.0533221932551746,0.12150120081183961,52.95798785462485,0.496137667177254,-0.4737819724137421,0.0,18,180.0,-53.2468982695,-0.2889104148751547,60,2200,42,88,49204480,49204480,392653ce44bd84ce46607f8d4552c134fe77a2e5209829725ae6cbe01308fe66,3df3f9694878343bdf69da9034a737e2119e5b55d1a73fcd9bfffda596504434,Current legacy CSI [scientific controlled],11.870769433054617,Shrinkage-SMI/MVDR local,0.6955331423096256,Current legacy CSI [scientific controlled],11.870769433054617,11.856104555844114,-10.780148237341313,0.004462524654832347,1,2.720400051648296,-5.944239231630287,0.005689576695493855,0,7.705474164602393,-6.73660154463378,0.00333029889242907,0,7.750785697630965,-6.675570814406393,0.003430814747382795,0,-0.19751645986092736,-1.5524574587766833,0.004255803368229403,0,-0.05721806419059128,-1.7741417827507124,0.004248217265968746,0,-0.34238392487152236,-0.41146041033556674,0.004223562433621605,0,9.791306891743528,15.0276007332742,13.870556266635898,2388.2710737394927,4957.019824264686,0.9923076923076923,1948760.0831166713,4.492307692307692,0
baseline_v2_validsamplefraction0p4_s20261008,valid_sample_fraction,valid_sample_fraction,0.4,20261008,Baseline V2 controlled single-target case,0.36923076923076925,0.4,9.0,0.9400173677818773,0.000776615732645637,-0.0002630811460203748,0.0062276493012774665,1.0,34.0,0.44083800508268134,0.13855646017854417,2.701275055837338,0.017141923642211104,53.9014589984017,0.5049765900911583,-0.48222281580497184,0.0,18,180.0,-53.2468982695,0.6545607289016999,60,2200,42,88,49204480,49204480,05d9fa6dc5bcadcabf2b2351254082c27ba64f745ee4ef7664febdeaf1db04ca,0c4b2e7e1b4484c1402bc71097d9f12f99252836dde3ef161535f42db6ccd823,Current legacy CSI [scientific controlled],10.79806125812224,Shrinkage-SMI/MVDR local,0.21983516423090776,Current legacy CSI [scientific controlled],10.79806125812224,10.773738881480146,-9.932734409230603,0.0040680473372781065,0,3.5328583435292433,-5.985962765637409,0.005461993627674101,0,9.809234536965725,-6.529056746351016,0.0029737520861781216,0,9.745019777322296,-6.546991508418434,0.0029946138673949325,0,-0.33027434312169923,-1.5069306451096096,0.004288044302837202,0,-0.18538988666513045,-1.6784770124515629,0.004314595660749507,0,-0.10268782330374204,-0.38385912008701684,0.0042140798057957824,0,9.540033393162716,14.723091662965398,13.631842946047328,3143.795445386644,7427.756341061981,1.0,2066922.9877765004,4.492307692307692,0
baseline_v2_validsamplefraction0p4_s20261009,valid_sample_fraction,valid_sample_fraction,0.4,20261009,Baseline V2 controlled single-target case,0.45384615384615384,0.4,9.0,0.9407699841783502,0.0008615293252998649,-0.00790721403716814,0.00559773592188194,1.0,34.0,0.4138931103676639,0.09353666325481581,2.2314526377470676,0.09315207273175946,52.72971824279456,0.49399912005171315,-0.4717397408171613,0.0,18,180.0,-53.2468982695,-0.5171800267054383,60,2200,42,88,49204480,49204480,e95ca032471f6f57b07bd6d4814f8763dced67f81707d998446c90197cbfe25f,1510e42c2eb8676aebd91c158f6a28981fffee261edec022642e5518b0940e75,Current legacy CSI [production replay],17.30545951898933,Shrinkage-SMI/MVDR local,0.47227505204005826,Current legacy CSI [production replay],17.30545951898933,17.30545951898933,-9.548271493593262,0.004115460476407222,0,5.211669191236,-6.382198163521777,0.00641025641025641,0,14.060313839987286,-6.6564708587881185,0.004652177211348809,0,14.174682771286866,-6.671496200681808,0.004826657563343954,0,-0.24603923430659513,-1.1986505393243856,0.004322181763010165,0,-0.08567988835304519,-1.3722363575121537,0.004331664390835988,0,-0.18333054142703187,0.021036457649585692,0.004432180245789713,0,8.766527225703879,13.778876832080567,12.764651901919631,3144.160020763932,6749.085054887997,0.9846153846153847,2093555.9183619316,4.515384615384615,0
baseline_v2_validsamplefraction0p4_s20261010,valid_sample_fraction,valid_sample_fraction,0.4,20261010,Baseline V2 controlled single-target case,0.5076923076923077,0.4,9.0,0.95813388946469,0.0009772669817526495,0.0017226751345819293,0.011041654722802904,1.0,34.0,0.388460912533419,0.08492696215918967,1.9372017212813692,0.14738714630800323,53.36190131318192,0.4999217361947573,-0.4773956166381279,0.0,18,180.0,-53.2468982695,0.11500304368191819,60,2200,42,88,49204480,49204480,0eca5b8c9157570c3b6b13e22743c504a446d8b23d3689dab4febfcc5fdcf613,1b1d5715ade0724dd9a44ec17a4083434436bdeb099f5881a165f02c07caefba,Current legacy CSI [scientific controlled],10.027731442099583,Shrinkage-SMI/MVDR local,0.5634804831634082,Current legacy CSI [scientific controlled],10.027731442099583,10.00492468049946,-9.483929655014895,0.005837505689576696,0,4.087703801048716,-6.767319427335005,0.004885449855864057,0,7.911811374259085,-6.951591143066958,0.003508572295554544,0,7.937365079783061,-6.8432525358833365,0.0035502958579881655,0,0.15690080386773841,-0.5494040976674535,0.0043601122743134576,0,0.3156665900274831,-0.6768869012197222,0.004343043544226976,0,0.4969973076603904,0.9508330627020154,0.004244424214838416,0,10.804179877220026,16.525102365560315,15.348938973217777,2548.959638136279,4722.663427900709,1.0,2122782.505252925,4.6,0
baseline_v2_validsamplefraction0p2_s20261001,valid_sample_fraction,valid_sample_fraction,0.2,20261001,Baseline V2 controlled single-target case,0.17692307692307693,0.4,9.0,0.9303273803163554,0.00090825210952531,-0.004119952698743087,0.010862088981122314,1.0,34.0,0.40527175264947707,0.09939813277079736,4.11290356777794,0.17767687961836137,51.726860150752195,0.4846038296630078,-0.46276760101665143,0.0,18,180.0,-53.2468982695,-1.5200381187478063,60,2200,42,88,49204480,49204480,a2e688e4b92bb187d2daf1f4c3a250872a4f0bee80435bd9f0630f160413dfcc,3efda80bd47cbf0cb176f5eface568c8a6e67b07ee09cf5c9a1008b0db2e769a,Current legacy CSI [scientific controlled],14.894462431852487,Shrinkage-SMI/MVDR local,0.6410463751143229,Current legacy CSI [scientific controlled],14.894462431852487,14.887602991781376,-11.363067915385688,0.004362008799878622,1,2.3009251971054323,-5.330068863624411,0.005932331967834927,0,10.387672862899551,-6.696178371044015,0.0029244424214838415,0,10.369492971081026,-6.690296856563074,0.0029756486117432862,0,-0.027668127154058197,-3.2774029023015396,0.0042027006524047944,0,0.1226370876198084,-3.4781043774309603,0.004195114550144136,0,-0.22303624440208436,-2.1858235684344933,0.004434076771354878,0,8.83281181595471,13.75839113546531,12.731504167102308,1853.2159769948132,4128.039511168685,0.9543269230769231,1875324.7078470169,4.476923076923077,0
baseline_v2_validsamplefraction0p2_s20261002,valid_sample_fraction,valid_sample_fraction,0.2,20261002,Baseline V2 controlled single-target case,0.2692307692307692,0.4,9.0,0.9370420111754768,0.0009393144950319874,0.0006430792912405859,0.006881520052308783,1.0,34.0,0.4442341960970175,0.1545217261432181,3.3877668166141017,0.08622726322590046,53.29791706895108,0.4993222988869062,-0.47682317632771304,0.0,18,180.0,-53.2468982695,0.05101879945107865,60,2200,42,88,49204480,49204480,3e948dc14bc7867091b5adeb85967f57079daf055eede1afd76b4a2388b21157,1ff116cf48a2587d6361f0eef0566cc3c10b184d9b01e951d12580adec187c8b,Current legacy CSI [production replay],10.653580371142755,MNEC physical,0.6084170169661984,Current legacy CSI [production replay],10.653580371142755,10.653580371142755,-10.591953953252753,0.004659763313609467,1,2.3917375569362775,-5.846197664234208,0.00608974358974359,0,8.45415582807249,-6.857263387747029,0.003315126687907753,0,8.410345089094232,-6.82804497726432,0.0033985738127749964,0,-0.013918554235014646,-1.9603462487911654,0.004246320740403581,0,0.12437900502650168,-2.199949220494777,0.004233045061447428,0,0.19640663339742304,-0.7138375199698882,0.00427476862388105,0,9.244489520669356,14.42159741875593,13.346444254342561,2414.791483685574,5175.879278034621,0.9769230769230769,1954772.4214144992,4.476923076923077,0
baseline_v2_validsamplefraction0p2_s20261003,valid_sample_fraction,valid_sample_fraction,0.2,20261003,Baseline V2 controlled single-target case,0.16153846153846155,0.4,9.0,0.9481294812797509,0.0009235439329251889,-0.007215228353282142,0.008221529096787411,1.0,34.0,0.46325402340529975,0.20299469593839342,4.242291337876079,0.12397657190651036,52.02396851643629,0.48738729363928274,-0.465425700520136,0.0,18,180.0,-53.2468982695,-1.2229297530637093,60,2200,42,88,49204480,49204480,16f9cad724e68ee771a9894e677a58d4d4d774c139da44d05da1a57c1fb2daf8,b58a41a86df88423e6b6a7b7931b12f948daea3430d01c086ca580ca1cd50725,Current legacy CSI [scientific controlled],12.040489877640333,Shrinkage-SMI/MVDR local,0.7177112036005111,Current legacy CSI [scientific controlled],12.040489877640333,12.033581900339872,-11.415051861171975,0.00434873312092247,1,2.2622563725912723,-5.283922117551873,0.0055359581247155214,0,10.53791465220721,-6.755077950998107,0.002797375208617812,0,10.539857843400409,-6.733064334988779,0.0029092702169625246,0,-0.09902624575094165,-3.2504872045492044,0.004253906842664239,0,0.08128792159281328,-3.4807436588774077,0.004234941587012593,0,0.05761670597556723,-2.3787663942528483,0.0044189045668335605,0,8.667029156621988,13.487966549682644,12.510501919262262,1775.3767166350274,4076.61411532592,0.9692307692307692,1917232.5714990143,4.469230769230769,0
baseline_v2_validsamplefraction0p2_s20261004,valid_sample_fraction,valid_sample_fraction,0.2,20261004,Baseline V2 controlled single-target case,0.23076923076923078,0.4,9.0,0.9263251244188216,0.0007671739615233929,-0.005672945191597709,0.00860656868550369,1.0,34.0,0.48162054223575235,0.22264195523308986,3.6324097856794952,0.017214375313980214,52.66410369069449,0.49338440918125537,-0.47115271530343217,0.0,18,180.0,-53.2468982695,-0.5827945788055118,60,2200,42,88,49204480,49204480,953cd91c229bc00b3ed9289ec94f3b879e86fd4f6aee76ac3d8d2f7d41f6ae00,bebad137d3694e13e7ce08392aefe1b356c694bbe85a318431f45ba281bb3395,Current legacy CSI [scientific controlled],12.3762417366362,Shrinkage-SMI/MVDR local,0.5312830070577634,Current legacy CSI [scientific controlled],12.3762417366362,12.374293723124516,-10.6638915232356,0.004453042027006524,1,3.1662665232613403,-5.572909055422254,0.0054069943862843275,0,10.462522849648405,-6.523707485818838,0.0032715065999089667,0,10.47445879746477,-6.533761459961484,0.00337960855712335,0,-0.5307164407066853,-2.2419180002608057,0.004174252768927325,0,-0.36573732886451715,-2.466051744588881,0.004164770141101502,0,-0.9310197225381618,-1.330894848674703,0.004206493703535124,0,9.29831729207583,14.342464775063771,13.295486743610006,1913.8302792385794,3637.830506008781,0.9855769230769231,1920976.7219967453,4.476923076923077,0
baseline_v2_validsamplefraction0p2_s20261005,valid_sample_fraction,valid_sample_fraction,0.2,20261005,Baseline V2 controlled single-target case,0.13076923076923078,0.4,9.0,0.9531504859611146,0.0008541578886757273,-0.007172030123566724,0.0052822125830317935,1.0,34.0,0.4004257074318013,0.08136890818522945,4.528946648783715,0.11132704819577052,52.54034274181763,0.49222495296037394,-0.4700454788225172,0.0,18,180.0,-53.2468982695,-0.7065555276823707,60,2200,42,88,49204480,49204480,6c7f059127145d649daed1cb9f8c34464bdd7bdf6034ea1a5e9ea2ddf4b74d4a,7ca05254881b1df2463fed60da9f124fc48ae5e82e3b81d49904bb57ed63e86e,Current legacy CSI [scientific controlled],12.125396129421404,MNEC physical,0.16172512320423493,Current legacy CSI [scientific controlled],12.125396129421404,12.113040678222877,-11.580931223509566,0.0049101046882111974,1,2.35293670773353,-5.093942579902981,0.006666287361553634,0,9.418535025384243,-6.637295764477366,0.003702017903201335,0,9.377658262506191,-6.648661606336107,0.00372856926111364,0,-0.1531043433326431,-3.5949481197317734,0.004210286754665453,0,-0.05878081845981775,-3.8089531305251834,0.004204597177969959,0,-0.007371871212011882,-2.583333545116285,0.004460628129267182,0,8.320517907328808,12.984386736811766,11.944988241754537,1387.663892546042,2627.3919209572746,0.9230769230769231,1933521.9179779708,4.5,0
baseline_v2_validsamplefraction0p2_s20261006,valid_sample_fraction,valid_sample_fraction,0.2,20261006,Baseline V2 controlled single-target case,0.2076923076923077,0.4,9.0,0.9511720975112572,0.0009235438739234346,-0.00831551835322206,0.009321077613949146,1.0,34.0,0.45416166137994557,0.17662633090455898,3.851621057064682,0.10837920767638183,52.90132832872653,0.49560685159793616,-0.47327506356194127,0.0,18,180.0,-53.2468982695,-0.34556994077347575,60,2200,42,88,49204480,49204480,56f440d0cf2bc1ab7431bb3c90720b18cd526110d88f4e9593d9fb9d1af7ddb8,c8fbfd0e867df28d70a3318cd547335cc91f38d280debb63510b8aa7a95f6a9f,Current legacy CSI [scientific controlled],16.813097688068012,MNEC physical,0.4994208700033669,Current legacy CSI [scientific controlled],16.813097688068012,16.784847699168658,-10.94966879135032,0.005152859960552268,1,2.8220092122976403,-5.501281546472114,0.005974055530268548,0,13.607085581819202,-6.778039519286487,0.0035408132301623426,0,13.577052417375246,-6.76601232198024,0.003624260355029586,0,-0.2958349591726186,-2.1561895161844036,0.004104081323016234,0,-0.13643678195358344,-2.4410623369282938,0.004081323016234259,0,-0.5982434477777605,-0.985794097524229,0.0041268396297982094,0,9.344762469312176,14.558585784074634,13.535020077962365,1821.4020043422254,3536.9738756693987,0.9769230769230769,1922490.5759818912,4.484615384615385,0
baseline_v2_validsamplefraction0p2_s20261007,valid_sample_fraction,valid_sample_fraction,0.2,20261007,Baseline V2 controlled single-target case,0.18461538461538463,0.4,9.0,0.9113985386007066,0.0009355503565473322,-0.008473845103798436,0.009295910046907715,1.0,34.0,0.35236982618626217,0.04249008026977669,4.029444246251732,0.2035396617233652,52.95798785462485,0.496137667177254,-0.4737819724137421,0.0,18,180.0,-53.2468982695,-0.2889104148751547,60,2200,42,88,49204480,49204480,8f144831ce4df8c8feceaaf3b24ade75fa6d9f9e5b0a3a931770a1943dfbfbb8,fd59b860c9967bc2749f5d4591678ead97c2e18008dcb0e779515e5ac836cff2,Current legacy CSI [scientific controlled],11.272605236858498,MNEC physical,0.9627341090813344,Current legacy CSI [scientific controlled],11.272605236858498,11.249750838570828,-11.30081657405932,0.005080791989076012,1,1.6915398470423693,-5.426917534787512,0.0054942345622819,0,7.464330764806105,-6.7043470459767684,0.0027215141860112272,0,7.496055977008583,-6.628360336510122,0.0027954786830526475,0,-0.2406977958763985,-2.2463010661350498,0.00422545895918677,0,-0.07573132890993595,-2.499417110373407,0.004215976331360947,0,-0.366312860153891,-1.7365467574181719,0.004236838112577758,0,9.68900970086947,14.902584051174546,13.815214356167973,1503.9723521041692,2731.7203032732236,0.9692307692307692,1873368.3914886622,4.584134615384615,0
baseline_v2_validsamplefraction0p2_s20261008,valid_sample_fraction,valid_sample_fraction,0.2,20261008,Baseline V2 controlled single-target case,0.15384615384615385,0.4,9.0,0.9400173677818773,0.0009088600253567673,6.477928204246929e-06,0.008241683867439892,1.0,34.0,0.4198670258039243,0.09189910341367608,4.304759545985732,0.1989934043321601,53.9014589984017,0.5049765900911583,-0.48222281580497184,0.0,18,180.0,-53.2468982695,0.6545607289016999,60,2200,42,88,49204480,49204480,9a2fd1e5c8ae204f89eb6ab5cb78562fadee4828ab61b300a23ffe7f7e504869,1d2cffedb2c1a339c2ea35d3caff4a9ebdaf23ec1852ba7e496561e4c0e8d62b,Current legacy CSI [scientific controlled],14.848250711733236,Corrected JDL physical,0.3609738071357089,Current legacy CSI [scientific controlled],14.848250711733236,14.796277419233931,-12.094563941450687,0.005156653011682597,1,2.3011584388547988,-5.2521910480442555,0.005566302533758155,0,12.084035288376093,-6.770979679449392,0.002505310271582461,0,12.027024903079461,-6.7961405825815735,0.0025565164618419054,0,0.18141899644103532,-2.455291653621779,0.004183735396753149,0,0.2912816974013097,-2.723854526695528,0.0042083902291002884,0,0.3609738071357089,-1.3906401681636988,0.004204597177969959,0,9.459924803689715,14.657440825501837,13.558557096415743,1438.7953852576582,2828.99441121767,0.9692307692307692,1919577.283548732,4.469230769230769,0
baseline_v2_validsamplefraction0p2_s20261009,valid_sample_fraction,valid_sample_fraction,0.2,20261009,Baseline V2 controlled single-target case,0.2230769230769231,0.4,9.0,0.9407699841783502,0.0008907070784156925,-0.007484458139208578,0.0047169908613730665,1.0,34.0,0.40639526408699667,0.10337103607760707,3.7346095779858635,0.06721438639706849,52.72971824279456,0.49399912005171315,-0.4717397408171613,0.0,18,180.0,-53.2468982695,-0.5171800267054383,60,2200,42,88,49204480,49204480,b13bc36bb24a0cb7c715c719c8f4500096d8cf24ff8b1ee82752e976beb04bdd,41f2b43dda08892609a9affc5ac9c6c91ebe76ed8c4837705675640f512f3744,Current legacy CSI [scientific controlled],15.916901631887937,Shrinkage-SMI/MVDR local,0.6663347534999753,Current legacy CSI [scientific controlled],15.916901631887937,15.914252929330788,-11.096461664264067,0.004160977089971173,1,2.8673701562725835,-5.51857260842238,0.00641025641025641,0,12.757571744817293,-6.714622791034186,0.003758913670156274,0,12.7318361391519,-6.713292395384675,0.003836671218328023,0,-0.2702246136245803,-2.839825211721117,0.004217872856926112,0,-0.08255967898194072,-3.058907970793162,0.0042083902291002884,0,-0.20309341902388933,-1.6491278967126966,0.004367698376574116,0,8.531216706007301,13.366241810284603,12.386545723746282,2164.978513901914,4462.5047667192,0.9538461538461539,1949663.602700777,4.469230769230769,0
baseline_v2_validsamplefraction0p2_s20261010,valid_sample_fraction,valid_sample_fraction,0.2,20261010,Baseline V2 controlled single-target case,0.2846153846153846,0.4,9.0,0.95813388946469,0.0010205634267408737,0.000742276743260206,0.010352562502754393,1.0,34.0,0.3983153778592967,0.08386651149496333,3.2722677723256495,0.14780155104116965,53.36190131318192,0.4999217361947573,-0.4773956166381279,0.0,18,180.0,-53.2468982695,0.11500304368191819,60,2200,42,88,49204480,49204480,2c0d69c5a98787b93930d2943000b1b0a9c383eb52c86994c00166b99b432257,54090890773d2a1cb62d5e6ff130cc56892366c18a3c3e9e52f335b8b5a0a033,Current legacy CSI [scientific controlled],9.459812039329147,Corrected JDL physical,0.9318686513970524,Current legacy CSI [scientific controlled],9.459812039329147,9.429503717734175,-10.942123415002289,0.005217341829767865,1,1.7391512940642349,-5.939255334485891,0.006042330450614474,0,7.289264710743116,-6.9437207082760155,0.0036773630708541952,0,7.297404902760527,-6.851041157349842,0.0037266727355484753,0,0.61685901696094,-1.5047644086267873,0.004229252010317099,0,0.7816393778401665,-1.7329108333908065,0.004217872856926112,0,0.9318686513970524,-0.13400775709225665,0.004164770141101502,0,10.065787021907859,15.337782114240245,14.234238722353915,2492.58247042542,4725.737573724328,0.9846153846153847,2016316.3947442158,4.573076923076923,0
baseline_v2_targetsnrdbm10p0_s20261001,target_snr_db,target_snr_db,-10.0,20261001,Baseline V2 controlled single-target case,1.0,0.4,9.0,0.9303273803163554,0.000869677951869182,-0.005038485059275401,0.004118855846584728,1.0,34.0,0.7200843623929984,0.35022814905888155,-0.06785723205465059,0.06141281363754694,51.726860150752195,0.4846038296630078,-0.46276760101665143,0.0,18,180.0,-53.2468982695,-1.5200381187478063,60,2200,42,88,49204480,49204480,235354238b5600859fe3e38704a3d349c370c2461b8ef33d54e3e282e48177be,11949757f2435d033f727c153b14d6a2ff78fabd539e30464be80a0fd40b67c9,Current legacy CSI [production replay],17.866170076874123,DL-SMI/MVDR local,-0.056346660362553536,Current legacy CSI [production replay],17.866170076874123,17.866170076874123,-6.99629200822247,0.0018680776816871491,0,15.950972555797144,-6.669897155895321,0.0001232741617357002,0,16.025745333032017,-6.700599408344708,0.0002275830678197542,0,16.008049431246505,-6.674309277954605,0.0002275830678197542,0,-0.9042089174712515,-0.011058819212182405,0.004399939311181915,0,-0.7091991707672811,-0.011072235108831544,0.004401835836747079,0,-1.0525777124593567,1.3273390937844196,0.004303216507358519,0,7.032576483712582,10.79561296588519,9.82927582416034,15850.817922068609,76631.39417839571,1.0,2916250.209803612,4.092788461538461,0
baseline_v2_targetsnrdbm10p0_s20261002,target_snr_db,target_snr_db,-10.0,20261002,Baseline V2 controlled single-target case,1.0,0.4,9.0,0.9370420111754768,0.0008745464034807713,0.0006319348085212062,0.004136077698668929,1.0,34.0,0.718583248787581,0.3378745093527875,-0.06892175769555393,0.06595005751534756,53.29791706895108,0.4993222988869062,-0.47682317632771304,0.0,18,180.0,-53.2468982695,0.05101879945107865,60,2200,42,88,49204480,49204480,8acf9b803dcd0a945ac0f8791d8a682a61e994b93936a72058d27d31b4bd9e74,c424eb924cc3179a2a0566d2d37ce8cca2bc3f8d88150018e6e5273e2285bd13,Current legacy CSI [production replay],16.913076537262143,DL-SMI/MVDR local,0.014218379260992009,Current legacy CSI [production replay],16.913076537262143,16.913076537262143,-8.24906329098992,0.002076695493855257,0,13.41985565698932,-6.70856565880093,0.0005310271582460932,0,13.32226236758865,-6.750798641394574,0.0005974055530268549,0,13.322330233031646,-6.728628321710191,0.0006011986041571841,0,-0.8159505010887642,-0.011171011765316928,0.004399939311181915,0,-0.6279735043958041,-0.011167447204217681,0.004396146260051585,0,-0.6068732511758945,1.4728356358903083,0.004339250493096647,0,6.971886116742489,10.98987943728472,9.999203848635783,16441.73273203061,84977.30023713915,1.0,2967464.50152658,4.107692307692307,0
baseline_v2_targetsnrdbm10p0_s20261003,target_snr_db,target_snr_db,-10.0,20261003,Baseline V2 controlled single-target case,1.0,0.4,9.0,0.9481294812797509,0.0008717087279182676,-0.006686752820575073,0.004198811898283493,1.0,34.0,0.7149041028010312,0.33960740208519713,-0.06888729015482423,0.062176684782326845,52.02396851643629,0.48738729363928274,-0.465425700520136,0.0,18,180.0,-53.2468982695,-1.2229297530637093,60,2200,42,88,49204480,49204480,4329b628db321689b44b2a8773ad9ae7d40d49548f64f1e972eff8d118293ae8,fd272a409a4bf8cc461e92edc387805f1c60da810a32ec9acc25dd9ac2215f92,Current legacy CSI [production replay],15.568608267443183,DL-SMI/MVDR local,-0.04296093459858241,Current legacy CSI [production replay],15.568608267443183,15.568608267443183,-7.0606754468038515,0.0017068730086481567,0,14.08486853816387,-6.666244267320832,0.0001763768775603095,0,14.159504807460136,-6.6836617834975165,0.00025223790016689425,0,14.150549240861162,-6.661047609403207,0.0002560309512972235,0,-0.8694360455835923,-0.011138594178706118,0.004407525413442573,0,-0.6651615021871393,-0.01114004204051388,0.004390456683356091,0,-0.7453478772373803,1.4438865152166704,0.004356319223183128,0,7.110465041053856,11.063835832519558,10.020741944347836,16435.938906997257,82308.98351525077,1.0,2999984.7247506324,4.1,0
baseline_v2_targetsnrdbm10p0_s20261004,target_snr_db,target_snr_db,-10.0,20261004,Baseline V2 controlled single-target case,1.0,0.4,9.0,0.9263251244188216,0.0008731864389406981,-0.006635780045024385,0.004388176333235509,1.0,34.0,0.7188610728939064,0.34427368535403813,-0.0690512630532407,0.0629213109072748,52.66410369069449,0.49338440918125537,-0.47115271530343217,0.0,18,180.0,-53.2468982695,-0.5827945788055118,60,2200,42,88,49204480,49204480,8f8acd4d7c5fc8b11f4db4b6510c7bb658d35a43beb79fe2a5e842aa725b5f78,5c71a6c31e20a1e5da74448bd5f9f7974c587bd6585a9afda6bc08a9db588c4b,Current legacy CSI [scientific controlled],18.4038505963889,DL-SMI/MVDR local,-0.04428364854477351,Current legacy CSI [scientific controlled],18.4038505963889,18.403825185865525,-7.604601430170074,0.0019363526020330754,0,15.77360143871362,-6.661237581690309,0.000288271885905022,0,16.00336911586728,-6.678937430391654,0.0003394780761644667,0,16.020701047279687,-6.656659045335105,0.0003394780761644667,0,-0.9240762282251413,-0.011178314075022448,0.004270975572750721,0,-0.7215529639792546,-0.011176548852831045,0.004325974814140494,0,-1.307921171979192,1.3138472003527213,0.004276665149446215,0,7.170913442870535,11.096183372122855,10.113265193501668,16261.032368642433,83066.32214106145,1.0,2926458.0266922168,4.076923076923077,0
baseline_v2_targetsnrdbm10p0_s20261005,target_snr_db,target_snr_db,-10.0,20261005,Baseline V2 controlled single-target case,1.0,0.4,9.0,0.9531504859611146,0.0008722811819100143,-0.006444968950096633,0.003981591213402969,1.0,34.0,0.7075709232536184,0.3119584778958466,-0.07064170165211381,0.06890359123088448,52.54034274181763,0.49222495296037394,-0.4700454788225172,0.0,18,180.0,-53.2468982695,-0.7065555276823707,60,2200,42,88,49204480,49204480,c60623bb2e01eaf1f89ce2a96f6eb7d33b53c8c431f8444e5392e6feed260fba,e388570b515b3ca84e606b295148bf3e0d20e0fde7767e0425c6585c0ecd423e,Current legacy CSI [scientific controlled],20.61843653569626,DL-SMI/MVDR local,0.01533272193796087,Current legacy CSI [scientific controlled],20.61843653569626,20.617545350063015,-7.655485208649454,0.002167728720983159,0,19.01111738315952,-6.674367510430624,0.000248444849036565,0,18.72228965358216,-6.727821918926736,0.0003186162949476559,0,18.759894097653046,-6.688512007110826,0.0003413746017296313,0,-0.749221551805082,-0.01113174706372361,0.0044189045668335605,0,-0.5706206385730486,-0.011141778339192086,0.004413214990138067,0,-0.6112221046763722,1.6499533722864488,0.004363905325443787,0,7.132764305432316,11.129102411085729,10.117719998241537,16186.005059549865,81475.94512662772,1.0,3031805.3038,4.092788461538461,0
baseline_v2_targetsnrdbm10p0_s20261006,target_snr_db,target_snr_db,-10.0,20261006,Baseline V2 controlled single-target case,1.0,0.4,9.0,0.9511720975112572,0.0008721229096255959,-0.007590833366302011,0.0038611621676631677,1.0,34.0,0.72237655466906,0.35178969861341924,-0.0678132240940557,0.06274125120818938,52.90132832872653,0.49560685159793616,-0.47327506356194127,0.0,18,180.0,-53.2468982695,-0.34556994077347575,60,2200,42,88,49204480,49204480,65c3069c9334030b3c00ab54c90e01c7e36e72e507f1436c1c4f7a403dff6df3,7c5ec9e0332e7e7841103212e81fb1421b607a74b12b328eccbcbb3d1de347ba,Current legacy CSI [production replay],22.114126368679035,DL-SMI/MVDR local,-0.06751400214425018,Current legacy CSI [production replay],22.114126368679035,22.114126368679035,-7.743032031714735,0.00198755879229252,0,18.596440433371253,-6.6869382774909,0.00018965255651646185,0,18.77667130789606,-6.717399738289961,0.0002655135791230466,0,18.774101231120696,-6.707998686913376,0.00028447883477469274,0,-0.9456001552674564,-0.011242467714134154,0.004322181763010165,0,-0.740106159462151,-0.011238406672286707,0.004362008799878622,0,-1.1076094581065732,1.4570350339601315,0.004288044302837202,0,7.046505416681354,10.995878804989657,9.959027319728799,16414.225675311798,82045.00709016902,1.0,2972147.448796438,4.1,0
baseline_v2_targetsnrdbm10p0_s20261007,target_snr_db,target_snr_db,-10.0,20261007,Baseline V2 controlled single-target case,1.0,0.4,9.0,0.9113985386007066,0.0008761499578383195,-0.00798049190460754,0.004097053188132602,1.0,34.0,0.7120058465570231,0.3208107503697075,-0.07203439905675517,0.07100420888986733,52.95798785462485,0.496137667177254,-0.4737819724137421,0.0,18,180.0,-53.2468982695,-0.2889104148751547,60,2200,42,88,49204480,49204480,b83fe19f7b38ed78a87fdf15e375330ed6eb06e8ade34f8fb6811aaa22a36918,21792fb60191a4a3c6e2256386a410823098a876981d7d17f53af06123cb82c9,Current legacy CSI [production replay],15.862995362120923,DL-SMI/MVDR local,-0.0559565694330999,Current legacy CSI [production replay],15.862995362120923,15.862995362120923,-8.047875608348035,0.0023042785616750115,0,13.477180723126391,-6.669357658231146,0.0004456835078136853,0,13.423403621268562,-6.691216432645938,0.000527234107115764,0,13.425678828370865,-6.657911634111713,0.0005575785161583978,0,-0.9210010328080092,-0.011287408363021398,0.004339250493096647,0,-0.7321397327029793,-0.011272052758395781,0.004390456683356091,0,-0.9192506192910397,1.3867128835599356,0.004270975572750721,0,7.218708688419998,11.253036054792695,10.229616124327823,15724.347006990747,77170.42499416844,1.0,2924871.8228513175,4.122596153846154,0
baseline_v2_targetsnrdbm10p0_s20261008,target_snr_db,target_snr_db,-10.0,20261008,Baseline V2 controlled single-target case,1.0,0.4,9.0,0.9400173677818773,0.0008709881591140516,-0.0005515276498486859,0.004548754937369176,1.0,34.0,0.7171586196960378,0.34027172248017695,-0.06730395901330716,0.06521901894926747,53.9014589984017,0.5049765900911583,-0.48222281580497184,0.0,18,180.0,-53.2468982695,0.6545607289016999,60,2200,42,88,49204480,49204480,a523016db848a242a95f673d04ce1e8a25fb17bfa8f3fd5b4eb2cb7d1f543935,d3e8e23ce65a116d82c8a8f713754959cf925db8509122ce7a5960f5c8aa6949,Current legacy CSI [scientific controlled],22.340886038710032,DL-SMI/MVDR local,0.046417376339784155,Current legacy CSI [scientific controlled],22.340886038710032,22.3406686121692,-7.588501511305498,0.0015798057957821271,0,17.74736796619005,-6.707005294586192,0.00021999696555909573,0,17.531856766157652,-6.727250125240612,0.00031292671825216206,0,17.52991830802578,-6.7092198646507235,0.0003167197693824913,0,-0.6695135841927033,-0.011199353314672672,0.004407525413442573,0,-0.5107459157979548,-0.011204074780549758,0.004420801092398725,0,-0.279950910015236,1.3390349529346932,0.004286147777272037,0,6.962893284805568,10.920014497174348,9.9152677651531,16703.718977957164,82943.40350150237,1.0,3001177.422313904,4.076923076923077,0
baseline_v2_targetsnrdbm10p0_s20261009,target_snr_db,target_snr_db,-10.0,20261009,Baseline V2 controlled single-target case,1.0,0.4,9.0,0.9407699841783502,0.000873279066879206,-0.006998824121147087,0.004115983799784658,1.0,34.0,0.7224662968626719,0.34948306361530695,-0.06926244325165201,0.06329642957403665,52.72971824279456,0.49399912005171315,-0.4717397408171613,0.0,18,180.0,-53.2468982695,-0.5171800267054383,60,2200,42,88,49204480,49204480,f34f9b85333688858ae0a405df78b4f6cd63bfbf9b2f2fa5940534bba5ed6c93,1d08eefd2a52ddcd8c059aa8a8e15e5f8b0b9c2b3a4c46bc1029cfb1a55b90d9,Current legacy CSI [production replay],16.877307020227384,DL-SMI/MVDR local,-0.030085493648606132,Current legacy CSI [production replay],16.877307020227384,16.877307020227384,-7.954847520018461,0.0021430738886360186,0,14.033745784273503,-6.663004609519978,0.00039827036868456985,0,14.343794961359992,-6.69929407873039,0.00043620087998786223,0,14.328533585379198,-6.680148667408194,0.0004343043544226976,0,-0.9375199824676876,-0.011220551543304464,0.004333560916401153,0,-0.7207964220643834,-0.011222705135635683,0.004367698376574116,0,-0.6933112815208489,1.4041859966629686,0.004382870581095434,0,7.0759960562224835,10.967080454630038,9.945041766710048,15794.733581245557,77741.79467017918,1.0,2972016.466734843,4.107692307692307,0
baseline_v2_targetsnrdbm10p0_s20261010,target_snr_db,target_snr_db,-10.0,20261010,Baseline V2 controlled single-target case,1.0,0.4,9.0,0.95813388946469,0.0008676557992087834,0.0003622535225531584,0.0041060948399102735,1.0,34.0,0.7212110842182577,0.35160025213006957,-0.06655758761877241,0.06213974194393997,53.36190131318192,0.4999217361947573,-0.4773956166381279,0.0,18,180.0,-53.2468982695,0.11500304368191819,60,2200,42,88,49204480,49204480,a36167f4b7fa838ede5c91f3b6defdf711c0f0caa6598f4d50b51c746a4bd708,7cc297e488905e86aa4b29f5d2c40b12144864b3cb1c70c6cea9d4998cdc013d,Current legacy CSI [scientific controlled],19.650144589788745,DL-SMI/MVDR local,0.0620247188016414,Current legacy CSI [scientific controlled],19.650144589788745,19.649763936234507,-7.883077069923591,0.002124108632984373,0,18.202532134944597,-6.703839822617174,0.00030913366712183283,0,17.666427781706215,-6.759185413891359,0.0003299954483386436,0,17.61031299404592,-6.734561036712762,0.00034516765285996055,0,-0.664946897141391,-0.011372342507283069,0.004312699135184343,0,-0.49066687928677055,-0.011348574104827699,0.004325974814140494,0,-0.27971147713562416,1.6452629337551927,0.004305113032923684,0,7.091233237769808,10.97354463919606,9.92998417586983,17216.692994844594,87209.98460291103,1.0,3022279.491586866,4.084615384615384,0
baseline_v2_targetsnrdbm6p0_s20261001,target_snr_db,target_snr_db,-6.0,20261001,Baseline V2 controlled single-target case,1.0,0.4,9.0,0.9303273803163554,0.000869677951869182,-0.005038485059275401,0.004118855846584728,1.0,34.0,0.7200843623929984,0.35022814905888155,-0.06785723205465059,0.06141281363754694,51.726860150752195,0.4846038296630078,-0.46276760101665143,0.0,18,180.0,-53.2468982695,-1.5200381187478063,60,2200,42,88,49204480,49204480,26e461ac06c2a12dcef81fb2b376b05ca0f89c5c309acbc578ab9045fc0ac05e,11949757f2435d033f727c153b14d6a2ff78fabd539e30464be80a0fd40b67c9,Current legacy CSI [production replay],17.833325320714366,DL-SMI/MVDR local,-0.056346650656188046,Current legacy CSI [production replay],17.833325320714366,17.833325320714366,-7.029573733777939,0.0018680776816871491,0,15.950908834107949,-6.6702251574639115,0.0001232741617357002,0,16.025745128371224,-6.700599613005501,0.0002275830678197542,0,16.0080492271304,-6.6743094820707105,0.0002275830678197542,0,-0.9042088792976024,-0.011058781038533924,0.004399939311181915,0,-0.7091991404806794,-0.011072204822232336,0.004401835836747079,0,-1.0525776612591642,1.3273391449846148,0.004303216507358519,0,7.032576483712582,10.79561296588519,9.82927582416034,15850.817922068609,76631.39417839571,1.0,2916250.209803612,4.092788461538461,0
baseline_v2_targetsnrdbm6p0_s20261002,target_snr_db,target_snr_db,-6.0,20261002,Baseline V2 controlled single-target case,1.0,0.4,9.0,0.9370420111754768,0.0008745464034807713,0.0006319348085212062,0.004136077698668929,1.0,34.0,0.718583248787581,0.3378745093527875,-0.06892175769555393,0.06595005751534756,53.29791706895108,0.4993222988869062,-0.47682317632771304,0.0,18,180.0,-53.2468982695,0.05101879945107865,60,2200,42,88,49204480,49204480,66ebcfc9d920e9e6a277ea9013489d2a24637bc708415e5e7a79efffac65a8e7,c424eb924cc3179a2a0566d2d37ce8cca2bc3f8d88150018e6e5273e2285bd13,Current legacy CSI [production replay],17.141595266670564,DL-SMI/MVDR local,0.014218364153357754,Current legacy CSI [production replay],17.141595266670564,17.141595266670564,-8.02086819802756,0.002076695493855257,0,13.419673841052989,-6.708856682990776,0.0005310271582460932,0,13.322262300878295,-6.7507987081049325,0.0005974055530268549,0,13.322330166516968,-6.728628388224873,0.0006011986041571841,0,-0.8159505101626401,-0.011171020839192207,0.004399939311181915,0,-0.6279735182217383,-0.011167461030154069,0.004396146260051585,0,-0.606873277477991,1.4728356095882122,0.004339250493096647,0,6.971886116742489,10.98987943728472,9.999203848635783,16441.73273203061,84977.30023713915,1.0,2967464.50152658,4.107692307692307,0
baseline_v2_targetsnrdbm6p0_s20261003,target_snr_db,target_snr_db,-6.0,20261003,Baseline V2 controlled single-target case,1.0,0.4,9.0,0.9481294812797509,0.0008717087279182676,-0.006686752820575073,0.004198811898283493,1.0,34.0,0.7149041028010312,0.33960740208519713,-0.06888729015482423,0.062176684782326845,52.02396851643629,0.48738729363928274,-0.465425700520136,0.0,18,180.0,-53.2468982695,-1.2229297530637093,60,2200,42,88,49204480,49204480,c043ccd41adb4c063e09cd48497a50a9802a9125988af4362c15b59e6139a945,fd272a409a4bf8cc461e92edc387805f1c60da810a32ec9acc25dd9ac2215f92,Current legacy CSI [production replay],15.405573089551877,DL-SMI/MVDR local,-0.04296092105499838,Current legacy CSI [production replay],15.405573089551877,15.405573089551877,-7.224335019337725,0.001704976483082992,0,14.084933934653428,-6.666629082972476,0.0001763768775603095,0,14.159504831675704,-6.68366175928195,0.00025223790016689425,0,14.150549265139071,-6.661047585125298,0.0002560309512972235,0,-0.869436026271222,-0.011138574866332147,0.004407525413442573,0,-0.6651614861886674,-0.01114002604204154,0.004390456683356091,0,-0.7453478612792654,1.4438865311747862,0.004356319223183128,0,7.110465041053856,11.063835832519558,10.020741944347836,16435.938906997257,82308.98351525077,1.0,2999984.7247506324,4.1,0
baseline_v2_targetsnrdbm6p0_s20261004,target_snr_db,target_snr_db,-6.0,20261004,Baseline V2 controlled single-target case,1.0,0.4,9.0,0.9263251244188216,0.0008731864389406981,-0.006635780045024385,0.004388176333235509,1.0,34.0,0.7188610728939064,0.34427368535403813,-0.0690512630532407,0.0629213109072748,52.66410369069449,0.49338440918125537,-0.47115271530343217,0.0,18,180.0,-53.2468982695,-0.5827945788055118,60,2200,42,88,49204480,49204480,f33ff7bd8e9cd8cad8410939c9df3b7f8895616be7cbc725da145564e8b19c5f,5c71a6c31e20a1e5da74448bd5f9f7974c587bd6585a9afda6bc08a9db588c4b,Current legacy CSI [scientific controlled],18.61173423761766,DL-SMI/MVDR local,-0.044283618507273914,Current legacy CSI [scientific controlled],18.61173423761766,18.611643412578278,-7.397006543808815,0.0019363526020330754,0,15.773409546530253,-6.661518305451074,0.000288271885905022,0,16.003369034290397,-6.678937511968536,0.0003394780761644667,0,16.020700965812207,-6.656659126802586,0.0003394780761644667,0,-0.9240761908707587,-0.011178276720641022,0.004270975572750721,0,-0.7215529310789144,-0.011176515952490971,0.004325974814140494,0,-1.3079211380849998,1.3138472342469107,0.004276665149446215,0,7.170913442870535,11.096183372122855,10.113265193501668,16261.032368642433,83066.32214106145,1.0,2926458.0266922168,4.076923076923077,0
baseline_v2_targetsnrdbm6p0_s20261005,target_snr_db,target_snr_db,-6.0,20261005,Baseline V2 controlled single-target case,1.0,0.4,9.0,0.9531504859611146,0.0008722811819100143,-0.006444968950096633,0.003981591213402969,1.0,34.0,0.7075709232536184,0.3119584778958466,-0.07064170165211381,0.06890359123088448,52.54034274181763,0.49222495296037394,-0.4700454788225172,0.0,18,180.0,-53.2468982695,-0.7065555276823707,60,2200,42,88,49204480,49204480,c33eacf0f16f5e8a33ab426e5d7aedde8efdfa3e86524559feb58d9fef261db8,e388570b515b3ca84e606b295148bf3e0d20e0fde7767e0425c6585c0ecd423e,Current legacy CSI [scientific controlled],20.998080391430122,DL-SMI/MVDR local,0.015332760293134129,Current legacy CSI [scientific controlled],20.998080391430122,20.995623462748462,-7.276209421253139,0.002165832195417994,0,19.010061707995447,-6.674747867649745,0.000248444849036565,0,18.722289668978163,-6.727821903530732,0.0003186162949476559,0,18.75989411304123,-6.688511991722641,0.0003413746017296313,0,-0.7492215144628673,-0.011131709721507248,0.0044189045668335605,0,-0.5706206030053984,-0.0111417427715415,0.004413214990138067,0,-0.6112220753797857,1.6499534015830357,0.004363905325443787,0,7.132764305432316,11.129102411085729,10.117719998241537,16186.005059549865,81475.94512662772,1.0,3031805.3038,4.092788461538461,0
baseline_v2_targetsnrdbm6p0_s20261006,target_snr_db,target_snr_db,-6.0,20261006,Baseline V2 controlled single-target case,1.0,0.4,9.0,0.9511720975112572,0.0008721229096255959,-0.007590833366302011,0.0038611621676631677,1.0,34.0,0.72237655466906,0.35178969861341924,-0.0678132240940557,0.06274125120818938,52.90132832872653,0.49560685159793616,-0.47327506356194127,0.0,18,180.0,-53.2468982695,-0.34556994077347575,60,2200,42,88,49204480,49204480,ec28dd58739af7132f3a17a0bd528862ab9ccd1332316d052c99261f048b9e0f,7c5ec9e0332e7e7841103212e81fb1421b607a74b12b328eccbcbb3d1de347ba,Current legacy CSI [production replay],22.27995085339292,DL-SMI/MVDR local,-0.06751396649752373,Current legacy CSI [production replay],22.27995085339292,22.27995085339292,-7.577576874180661,0.00198755879229252,0,18.596278019377827,-6.687243457226649,0.00018965255651646185,0,18.776671362567296,-6.7173996836187255,0.0002655135791230466,0,18.774101285672035,-6.707998632362042,0.00028447883477469274,0,-0.9456001323907266,-0.01124244483740224,0.004322181763010165,0,-0.7401061327023228,-0.011238379912462647,0.004362008799878622,0,-1.107609441361566,1.4570350507051375,0.004288044302837202,0,7.046505416681354,10.995878804989657,9.959027319728799,16414.225675311798,82045.00709016902,1.0,2972147.448796438,4.1,0
baseline_v2_targetsnrdbm6p0_s20261007,target_snr_db,target_snr_db,-6.0,20261007,Baseline V2 controlled single-target case,1.0,0.4,9.0,0.9113985386007066,0.0008761499578383195,-0.00798049190460754,0.004097053188132602,1.0,34.0,0.7120058465570231,0.3208107503697075,-0.07203439905675517,0.07100420888986733,52.95798785462485,0.496137667177254,-0.4737819724137421,0.0,18,180.0,-53.2468982695,-0.2889104148751547,60,2200,42,88,49204480,49204480,38c29bb3c74359810703ab70f080021b96c73264b53d6f71417186bc5b3a9d07,21792fb60191a4a3c6e2256386a410823098a876981d7d17f53af06123cb82c9,Current legacy CSI [production replay],16.213377364224524,DL-SMI/MVDR local,-0.05595658560893213,Current legacy CSI [production replay],16.213377364224524,16.213377364224524,-7.697824399146199,0.0023042785616750115,0,13.477064432892291,-6.669618660018761,0.0004456835078136853,0,13.423403512911506,-6.691216541002991,0.000527234107115764,0,13.425678720452325,-6.657911742030253,0.0005575785161583978,0,-0.921001036333287,-0.011287411888299211,0.004339250493096647,0,-0.7321397406005303,-0.011272060655947175,0.004390456683356091,0,-0.9192506229775965,1.3867128798733792,0.004270975572750721,0,7.218708688419998,11.253036054792695,10.229616124327823,15724.347006990747,77170.42499416844,1.0,2924871.8228513175,4.122596153846154,0
baseline_v2_targetsnrdbm6p0_s20261008,target_snr_db,target_snr_db,-6.0,20261008,Baseline V2 controlled single-target case,1.0,0.4,9.0,0.9400173677818773,0.0008709881591140516,-0.0005515276498486859,0.004548754937369176,1.0,34.0,0.7171586196960378,0.34027172248017695,-0.06730395901330716,0.06521901894926747,53.9014589984017,0.5049765900911583,-0.48222281580497184,0.0,18,180.0,-53.2468982695,0.6545607289016999,60,2200,42,88,49204480,49204480,ab652ae5596724892b73e0c1b57d772414195c9c3865997f35ef746d1d297680,d3e8e23ce65a116d82c8a8f713754959cf925db8509122ce7a5960f5c8aa6949,Current legacy CSI [scientific controlled],22.45495622732674,DL-SMI/MVDR local,0.04641736288290943,Current legacy CSI [scientific controlled],22.45495622732674,22.45431817428048,-7.474836552351201,0.0015798057957821271,0,17.74698761354743,-6.707399701864135,0.00021999696555909573,0,17.531856958747124,-6.727249932651144,0.00031292671825216206,0,17.52991850036635,-6.70921967231016,0.0003167197693824913,0,-0.6695136132617119,-0.011199382383683409,0.004407525413442573,0,-0.5107459436939212,-0.011204102676517868,0.004420801092398725,0,-0.2799509638398838,1.3390348991100445,0.004286147777272037,0,6.962893284805568,10.920014497174348,9.9152677651531,16703.718977957164,82943.40350150237,1.0,3001177.422313904,4.076923076923077,0
baseline_v2_targetsnrdbm6p0_s20261009,target_snr_db,target_snr_db,-6.0,20261009,Baseline V2 controlled single-target case,1.0,0.4,9.0,0.9407699841783502,0.000873279066879206,-0.006998824121147087,0.004115983799784658,1.0,34.0,0.7224662968626719,0.34948306361530695,-0.06926244325165201,0.06329642957403665,52.72971824279456,0.49399912005171315,-0.4717397408171613,0.0,18,180.0,-53.2468982695,-0.5171800267054383,60,2200,42,88,49204480,49204480,4a2b17c7764e2b6a96e012ecb474014d1f1cf5b04363acda449748155ceec359,1d08eefd2a52ddcd8c059aa8a8e15e5f8b0b9c2b3a4c46bc1029cfb1a55b90d9,Current legacy CSI [production replay],17.074209711487853,DL-SMI/MVDR local,-0.030085551486953577,Current legacy CSI [production replay],17.074209711487853,17.074209711487853,-7.7590383887014625,0.0021430738886360186,0,14.033765803166709,-6.663444580303919,0.00040016689424973446,0,14.343795032281497,-6.699294007808884,0.00043620087998786223,0,14.328533656031137,-6.680148596756253,0.0004343043544226976,0,-0.9375200417238325,-0.011220610799442927,0.004333560916401153,0,-0.7207964819450403,-0.01122276501628926,0.004367698376574116,0,-0.693311346661412,1.4041859315224081,0.004382870581095434,0,7.0759960562224835,10.967080454630038,9.945041766710048,15794.733581245557,77741.79467017918,1.0,2972016.466734843,4.107692307692307,0
baseline_v2_targetsnrdbm6p0_s20261010,target_snr_db,target_snr_db,-6.0,20261010,Baseline V2 controlled single-target case,1.0,0.4,9.0,0.95813388946469,0.0008676557992087834,0.0003622535225531584,0.0041060948399102735,1.0,34.0,0.7212110842182577,0.35160025213006957,-0.06655758761877241,0.06213974194393997,53.36190131318192,0.4999217361947573,-0.4773956166381279,0.0,18,180.0,-53.2468982695,0.11500304368191819,60,2200,42,88,49204480,49204480,1ca25fd037f40254fc952de00e0fc8c71b60e9de5d2dcc545654a630ad7ec61f,7cc297e488905e86aa4b29f5d2c40b12144864b3cb1c70c6cea9d4998cdc013d,Current legacy CSI [scientific controlled],19.751033808492842,DL-SMI/MVDR local,0.062024714443422724,Current legacy CSI [scientific controlled],19.751033808492842,19.749732596565423,-7.78252878490309,0.002124108632984373,0,18.201893446308148,-6.704162232085153,0.00030913366712183283,0,17.666427713026938,-6.759185482570635,0.0003299954483386436,0,17.610312925655318,-6.734561105103363,0.00034516765285996055,0,-0.6649469019787393,-0.011372347344633521,0.004312699135184343,0,-0.49066688217101095,-0.0113485769890655,0.004325974814140494,0,-0.27971146596017604,1.6452629449306388,0.004305113032923684,0,7.091233237769808,10.97354463919606,9.92998417586983,17216.692994844594,87209.98460291103,1.0,3022279.491586866,4.084615384615384,0
baseline_v2_targetsnrdb0p0_s20261001,target_snr_db,target_snr_db,0.0,20261001,Baseline V2 controlled single-target case,1.0,0.4,9.0,0.9303273803163554,0.000869677951869182,-0.005038485059275401,0.004118855846584728,1.0,34.0,0.7200843623929984,0.35022814905888155,-0.06785723205465059,0.06141281363754694,51.726860150752195,0.4846038296630078,-0.46276760101665143,0.0,18,180.0,-53.2468982695,-1.5200381187478063,60,2200,42,88,49204480,49204480,8810fe8cd56c5d253d09db7a7c32e466d06b671ec8919e5117ca8dd4f6c73f45,11949757f2435d033f727c153b14d6a2ff78fabd539e30464be80a0fd40b67c9,Current legacy CSI [production replay],17.730363865375153,DL-SMI/MVDR local,-0.05634664068287787,Current legacy CSI [production replay],17.730363865375153,17.730363865375153,-7.134766360907127,0.0018699742072523138,0,15.950584550835329,-6.67189870152481,0.0001232741617357002,0,16.025745140462273,-6.700599600914451,0.0002275830678197542,0,16.00804923907403,-6.674309470127081,0.0002275830678197542,0,-0.9042088775195589,-0.011058779260489017,0.004399939311181915,0,-0.7091991383100549,-0.01107220265160561,0.004401835836747079,0,-1.052577669310672,1.3273391369331051,0.004303216507358519,0,7.032576483712582,10.79561296588519,9.82927582416034,15850.817922068609,76631.39417839571,1.0,2916250.209803612,4.092788461538461,0
baseline_v2_targetsnrdb0p0_s20261002,target_snr_db,target_snr_db,0.0,20261002,Baseline V2 controlled single-target case,1.0,0.4,9.0,0.9370420111754768,0.0008745464034807713,0.0006319348085212062,0.004136077698668929,1.0,34.0,0.718583248787581,0.3378745093527875,-0.06892175769555393,0.06595005751534756,53.29791706895108,0.4993222988869062,-0.47682317632771304,0.0,18,180.0,-53.2468982695,0.05101879945107865,60,2200,42,88,49204480,49204480,305acf1a0d6669410afb8eeff37656eae88f9e030e5e53b43d8b8767bab8b032,c424eb924cc3179a2a0566d2d37ce8cca2bc3f8d88150018e6e5273e2285bd13,Current legacy CSI [production replay],17.482393411551353,DL-SMI/MVDR local,0.014218356808742172,Current legacy CSI [production replay],17.482393411551353,17.482393411551353,-7.681697799448555,0.002076695493855257,0,13.418746912573123,-6.710332782541229,0.0005310271582460932,0,13.322262311629704,-6.750798697353524,0.0005974055530268549,0,13.322330177151443,-6.728628377590399,0.0006011986041571841,0,-0.8159505180924924,-0.011171028769046184,0.004399939311181915,0,-0.6279735244123454,-0.011167467220762445,0.004396146260051585,0,-0.6068732730432416,1.4728356140229593,0.004339250493096647,0,6.971886116742489,10.98987943728472,9.999203848635783,16441.73273203061,84977.30023713915,1.0,2967464.50152658,4.107692307692307,0
baseline_v2_targetsnrdb0p0_s20261003,target_snr_db,target_snr_db,0.0,20261003,Baseline V2 controlled single-target case,1.0,0.4,9.0,0.9481294812797509,0.0008717087279182676,-0.006686752820575073,0.004198811898283493,1.0,34.0,0.7149041028010312,0.33960740208519713,-0.06888729015482423,0.062176684782326845,52.02396851643629,0.48738729363928274,-0.465425700520136,0.0,18,180.0,-53.2468982695,-1.2229297530637093,60,2200,42,88,49204480,49204480,9a79788a76bae35c5c94304953ebb2d057f992ace4abc07f55dece7cc30e8f68,fd272a409a4bf8cc461e92edc387805f1c60da810a32ec9acc25dd9ac2215f92,Current legacy CSI [production replay],15.543201183693144,DL-SMI/MVDR local,-0.04296091712565264,Current legacy CSI [production replay],15.543201183693144,15.543201183693144,-7.0897975947989895,0.0017030799575178273,0,14.085251991888555,-6.668539898880203,0.0001763768775603095,0,14.159504776108019,-6.6836618148496365,0.00025223790016689425,0,14.150549209644295,-6.661047640620073,0.0002560309512972235,0,-0.869436018560064,-0.011138567155176745,0.004407525413442573,0,-0.6651614809808848,-0.011140020834260191,0.004390456683356091,0,-0.7453478603231831,1.443886532130869,0.004356319223183128,0,7.110465041053856,11.063835832519558,10.020741944347836,16435.938906997257,82308.98351525077,1.0,2999984.7247506324,4.1,0
baseline_v2_targetsnrdb0p0_s20261004,target_snr_db,target_snr_db,0.0,20261004,Baseline V2 controlled single-target case,1.0,0.4,9.0,0.9263251244188216,0.0008731864389406981,-0.006635780045024385,0.004388176333235509,1.0,34.0,0.7188610728939064,0.34427368535403813,-0.0690512630532407,0.0629213109072748,52.66410369069449,0.49338440918125537,-0.47115271530343217,0.0,18,180.0,-53.2468982695,-0.5827945788055118,60,2200,42,88,49204480,49204480,267207131edba8861584ebebeb5b8331ff2e7f7e385dfd8a4d56c5519e201abe,5c71a6c31e20a1e5da74448bd5f9f7974c587bd6585a9afda6bc08a9db588c4b,Current legacy CSI [scientific controlled],18.704142877566596,DL-SMI/MVDR local,-0.044283612071874145,Current legacy CSI [scientific controlled],18.704142877566596,18.703673085321107,-7.30620476058808,0.0019363526020330754,0,15.772345177256579,-6.663070427174502,0.000288271885905022,0,16.003369122157437,-6.678937424101496,0.0003394780761644667,0,16.020701053539163,-6.656659039075626,0.0003394780761644667,0,-0.9240761899568444,-0.011178275806726957,0.004270975572750721,0,-0.7215529292462444,-0.011176514119821304,0.004325974814140494,0,-1.3079211421147576,1.3138472302171529,0.004276665149446215,0,7.170913442870535,11.096183372122855,10.113265193501668,16261.032368642433,83066.32214106145,1.0,2926458.0266922168,4.076923076923077,0
baseline_v2_targetsnrdb0p0_s20261005,target_snr_db,target_snr_db,0.0,20261005,Baseline V2 controlled single-target case,1.0,0.4,9.0,0.9531504859611146,0.0008722811819100143,-0.006444968950096633,0.003981591213402969,1.0,34.0,0.7075709232536184,0.3119584778958466,-0.07064170165211381,0.06890359123088448,52.54034274181763,0.49222495296037394,-0.4700454788225172,0.0,18,180.0,-53.2468982695,-0.7065555276823707,60,2200,42,88,49204480,49204480,0860c30f62a8e8ba48aa4dcfaa08ad4214f2501ce08e2dd576137ac82d69365d,e388570b515b3ca84e606b295148bf3e0d20e0fde7767e0425c6585c0ecd423e,Current legacy CSI [scientific controlled],21.36329281273407,DL-SMI/MVDR local,0.015332763240810898,Current legacy CSI [scientific controlled],21.36329281273407,21.353054749314012,-6.912836281130219,0.002167728720983159,0,19.004830111956124,-6.676627868097949,0.000248444849036565,0,18.72228961335247,-6.727821959156425,0.0003186162949476559,0,18.759894057578524,-6.688512047185345,0.0003413746017296313,0,-0.7492215079876372,-0.011131703246277297,0.0044189045668335605,0,-0.5706205957786432,-0.011141735544787288,0.004413214990138067,0,-0.6112220634479675,1.6499534135148541,0.004363905325443787,0,7.132764305432316,11.129102411085729,10.117719998241537,16186.005059549865,81475.94512662772,1.0,3031805.3038,4.092788461538461,0
baseline_v2_targetsnrdb0p0_s20261006,target_snr_db,target_snr_db,0.0,20261006,Baseline V2 controlled single-target case,1.0,0.4,9.0,0.9511720975112572,0.0008721229096255959,-0.007590833366302011,0.0038611621676631677,1.0,34.0,0.72237655466906,0.35178969861341924,-0.0678132240940557,0.06274125120818938,52.90132832872653,0.49560685159793616,-0.47327506356194127,0.0,18,180.0,-53.2468982695,-0.34556994077347575,60,2200,42,88,49204480,49204480,e107938010f27d25da9173bcaa614fdb6c2765c1f1a0f1ddf5654c062a5fa3ab,7c5ec9e0332e7e7841103212e81fb1421b607a74b12b328eccbcbb3d1de347ba,Current legacy CSI [production replay],22.409766767686406,DL-SMI/MVDR local,-0.06751400304365696,Current legacy CSI [production replay],22.409766767686406,22.409766767686406,-7.449721223174675,0.00198755879229252,0,18.595378256245098,-6.688901725037506,0.00018965255651646185,0,18.776671374384705,-6.717399671801315,0.0002655135791230466,0,18.77410129753089,-6.70799862050318,0.00028447883477469274,0,-0.9456001661588171,-0.011242478605494799,0.004322181763010165,0,-0.7401061678290688,-0.011238415039208223,0.004362008799878622,0,-1.1076094778308647,1.4570350142358401,0.004288044302837202,0,7.046505416681354,10.995878804989657,9.959027319728799,16414.225675311798,82045.00709016902,1.0,2972147.448796438,4.1,0
baseline_v2_targetsnrdb0p0_s20261007,target_snr_db,target_snr_db,0.0,20261007,Baseline V2 controlled single-target case,1.0,0.4,9.0,0.9113985386007066,0.0008761499578383195,-0.00798049190460754,0.004097053188132602,1.0,34.0,0.7120058465570231,0.3208107503697075,-0.07203439905675517,0.07100420888986733,52.95798785462485,0.496137667177254,-0.4737819724137421,0.0,18,180.0,-53.2468982695,-0.2889104148751547,60,2200,42,88,49204480,49204480,6d1de2c32d6a09a71f8cb645a45bdcc0259f5166187b920d5061320de960dc1d,21792fb60191a4a3c6e2256386a410823098a876981d7d17f53af06123cb82c9,Current legacy CSI [production replay],16.603553206179754,DL-SMI/MVDR local,-0.055956569098052356,Current legacy CSI [production replay],16.603553206179754,16.603553206179754,-7.309446101651604,0.0023042785616750115,0,13.476424436144152,-6.671044753513675,0.0004456835078136853,0,13.42340356440378,-6.69121648951072,0.000527234107115764,0,13.42567877181459,-6.657911690667991,0.0005575785161583978,0,-0.92100102295284,-0.011287398507855251,0.004339250493096647,0,-0.7321397263637852,-0.011272046419203256,0.004390456683356091,0,-0.919250615837969,1.386712887013004,0.004270975572750721,0,7.218708688419998,11.253036054792695,10.229616124327823,15724.347006990747,77170.42499416844,1.0,2924871.8228513175,4.122596153846154,0
baseline_v2_targetsnrdb0p0_s20261008,target_snr_db,target_snr_db,0.0,20261008,Baseline V2 controlled single-target case,1.0,0.4,9.0,0.9400173677818773,0.0008709881591140516,-0.0005515276498486859,0.004548754937369176,1.0,34.0,0.7171586196960378,0.34027172248017695,-0.06730395901330716,0.06521901894926747,53.9014589984017,0.5049765900911583,-0.48222281580497184,0.0,18,180.0,-53.2468982695,0.6545607289016999,60,2200,42,88,49204480,49204480,db52f8f3b1f4f456a12266998ef7f6c098eb6ac740829e5fd01c12304c7d5a23,d3e8e23ce65a116d82c8a8f713754959cf925db8509122ce7a5960f5c8aa6949,Current legacy CSI [scientific controlled],22.610183481217454,DL-SMI/MVDR local,0.04641737324525419,Current legacy CSI [scientific controlled],22.610183481217454,22.60741232902904,-7.321590391148554,0.001585495372477621,0,17.74505896948667,-6.709376661388957,0.00021999696555909573,0,17.53185685974116,-6.727250031657105,0.00031292671825216206,0,17.529918401463966,-6.709219771212539,0.0003167197693824913,0,-0.6695135968856585,-0.011199366007629122,0.004407525413442573,0,-0.5107459279414153,-0.011204086924009869,0.004420801092398725,0,-0.2799509373789233,1.3390349255710046,0.004286147777272037,0,6.962893284805568,10.920014497174348,9.9152677651531,16703.718977957164,82943.40350150237,1.0,3001177.422313904,4.076923076923077,0
baseline_v2_targetsnrdb0p0_s20261009,target_snr_db,target_snr_db,0.0,20261009,Baseline V2 controlled single-target case,1.0,0.4,9.0,0.9407699841783502,0.000873279066879206,-0.006998824121147087,0.004115983799784658,1.0,34.0,0.7224662968626719,0.34948306361530695,-0.06926244325165201,0.06329642957403665,52.72971824279456,0.49399912005171315,-0.4717397408171613,0.0,18,180.0,-53.2468982695,-0.5171800267054383,60,2200,42,88,49204480,49204480,96fa5d5066b1a76ef1f31e6ef6b2e670e0d0f817c22b4f82ba0c173c4c0279c4,1d08eefd2a52ddcd8c059aa8a8e15e5f8b0b9c2b3a4c46bc1029cfb1a55b90d9,Current legacy CSI [production replay],17.28115362292969,DL-SMI/MVDR local,-0.03008551934656456,Current legacy CSI [production replay],17.28115362292969,17.28115362292969,-7.557144403326355,0.0021430738886360186,0,14.033849259002231,-6.66548482425645,0.00040016689424973446,0,14.343794977269873,-6.699294062820509,0.00043620087998786223,0,14.328533601215394,-6.680148651571995,0.0004343043544226976,0,-0.9375200043188574,-0.011220573394471287,0.004333560916401153,0,-0.7207964459994987,-0.011222729070749254,0.004367698376574116,0,-0.6933113074006654,1.4041859707831557,0.004382870581095434,0,7.0759960562224835,10.967080454630038,9.945041766710048,15794.733581245557,77741.79467017918,1.0,2972016.466734843,4.107692307692307,0
baseline_v2_targetsnrdb0p0_s20261010,target_snr_db,target_snr_db,0.0,20261010,Baseline V2 controlled single-target case,1.0,0.4,9.0,0.95813388946469,0.0008676557992087834,0.0003622535225531584,0.0041060948399102735,1.0,34.0,0.7212110842182577,0.35160025213006957,-0.06655758761877241,0.06213974194393997,53.36190131318192,0.4999217361947573,-0.4773956166381279,0.0,18,180.0,-53.2468982695,0.11500304368191819,60,2200,42,88,49204480,49204480,7ac19741b8af888529b9952805b16f34a557f35be6df6c088e90e73e0299de89,7cc297e488905e86aa4b29f5d2c40b12144864b3cb1c70c6cea9d4998cdc013d,Current legacy CSI [scientific controlled],19.96428753328572,DL-SMI/MVDR local,0.062024708207899515,Current legacy CSI [scientific controlled],19.96428753328572,19.958058703538565,-7.5710360634222,0.002122212107419208,0,18.198447127843913,-6.705878135152838,0.00030913366712183283,0,17.66642767429847,-6.759185521299102,0.0003299954483386436,0,17.610312886855876,-6.734561143902806,0.00034516765285996055,0,-0.6649469007430042,-0.011372346108896871,0.004312699135184343,0,-0.49066688416362503,-0.011348578981680398,0.004325974814140494,0,-0.2797114661409843,1.6452629447498328,0.004305113032923684,0,7.091233237769808,10.97354463919606,9.92998417586983,17216.692994844594,87209.98460291103,1.0,3022279.491586866,4.084615384615384,0
baseline_v2_targetsnrdb10p0_s20261001,target_snr_db,target_snr_db,10.0,20261001,Baseline V2 controlled single-target case,1.0,0.4,9.0,0.9303273803163554,0.000869677951869182,-0.005038485059275401,0.004118855846584728,1.0,34.0,0.7200843623929984,0.35022814905888155,-0.06785723205465059,0.06141281363754694,51.726860150752195,0.4846038296630078,-0.46276760101665143,0.0,18,180.0,-53.2468982695,-1.5200381187478063,60,2200,42,88,49204480,49204480,9e32bac719786333969352acbdc00470d19d2c7d91219c34a2dc910aeb55da31,11949757f2435d033f727c153b14d6a2ff78fabd539e30464be80a0fd40b67c9,Current legacy CSI [production replay],17.996835494221045,DL-SMI/MVDR local,-0.05634664085537988,Current legacy CSI [production replay],17.996835494221045,17.996835494221045,-6.887761591762218,0.0018699742072523138,0,15.947412443340506,-6.686827926573572,0.00012137763617053558,0,16.025745116319236,-6.700599625057491,0.0002275830678197542,0,16.008049215033864,-6.6743094941672485,0.0002275830678197542,0,-0.9042088765858871,-0.011058778326817724,0.004399939311181915,0,-0.7091991367133268,-0.01107220105487699,0.004401835836747079,0,-1.0525776656312513,1.327339140612526,0.004303216507358519,0,7.032576483712582,10.79561296588519,9.82927582416034,15850.817922068609,76631.39417839571,1.0,2916250.209803612,4.092788461538461,0
baseline_v2_targetsnrdb10p0_s20261002,target_snr_db,target_snr_db,10.0,20261002,Baseline V2 controlled single-target case,1.0,0.4,9.0,0.9370420111754768,0.0008745464034807713,0.0006319348085212062,0.004136077698668929,1.0,34.0,0.718583248787581,0.3378745093527875,-0.06892175769555393,0.06595005751534756,53.29791706895108,0.4993222988869062,-0.47682317632771304,0.0,18,180.0,-53.2468982695,0.05101879945107865,60,2200,42,88,49204480,49204480,6534b68a0035addf2373e576c05e046fd7cde3a80e7d73d44ec1f91457af9d9e,c424eb924cc3179a2a0566d2d37ce8cca2bc3f8d88150018e6e5273e2285bd13,Current legacy CSI [production replay],18.0735472842031,DL-SMI/MVDR local,0.014218375813011441,Current legacy CSI [production replay],18.0735472842031,18.0735472842031,-7.1076224252610745,0.0020691093915945987,0,13.408007745354418,-6.726837423775591,0.0005405097860719162,0,13.322262344550815,-6.750798664432411,0.0005974055530268549,0,13.32233021002759,-6.728628344714252,0.0006011986041571841,0,-0.8159505036607868,-0.011171014337339542,0.004399939311181915,0,-0.6279735091487133,-0.011167451957128803,0.004396146260051585,0,-0.6068732639114605,1.4728356231547421,0.004339250493096647,0,6.971886116742489,10.98987943728472,9.999203848635783,16441.73273203061,84977.30023713915,1.0,2967464.50152658,4.107692307692307,0
baseline_v2_targetsnrdb10p0_s20261003,target_snr_db,target_snr_db,10.0,20261003,Baseline V2 controlled single-target case,1.0,0.4,9.0,0.9481294812797509,0.0008717087279182676,-0.006686752820575073,0.004198811898283493,1.0,34.0,0.7149041028010312,0.33960740208519713,-0.06888729015482423,0.062176684782326845,52.02396851643629,0.48738729363928274,-0.465425700520136,0.0,18,180.0,-53.2468982695,-1.2229297530637093,60,2200,42,88,49204480,49204480,14055bc367a1a96289a75434c53e7432b62f64481d1e120fab712b4acae6f2de,fd272a409a4bf8cc461e92edc387805f1c60da810a32ec9acc25dd9ac2215f92,Current legacy CSI [production replay],15.793770212210944,DL-SMI/MVDR local,-0.042960900030835525,Current legacy CSI [production replay],15.793770212210944,15.793770212210944,-6.865948055161849,0.0017030799575178273,0,14.08766531423029,-6.685433351661716,0.00018016992869063876,0,14.159504744085304,-6.683661846872351,0.00025223790016689425,0,14.150549177754584,-6.661047672509786,0.0002560309512972235,0,-0.8694359994469139,-0.011138548042026374,0.004407525413442573,0,-0.6651614617475499,-0.011140001600924822,0.004390456683356091,0,-0.745347839139443,1.4438865533146088,0.004356319223183128,0,7.110465041053856,11.063835832519558,10.020741944347836,16435.938906997257,82308.98351525077,1.0,2999984.7247506324,4.1,0
baseline_v2_targetsnrdb10p0_s20261004,target_snr_db,target_snr_db,10.0,20261004,Baseline V2 controlled single-target case,1.0,0.4,9.0,0.9263251244188216,0.0008731864389406981,-0.006635780045024385,0.004388176333235509,1.0,34.0,0.7188610728939064,0.34427368535403813,-0.0690512630532407,0.0629213109072748,52.66410369069449,0.49338440918125537,-0.47115271530343217,0.0,18,180.0,-53.2468982695,-0.5827945788055118,60,2200,42,88,49204480,49204480,5b4d122f16c3877dfe3b60a162f56a961faf9ca2aa9d7ff2f7dddbe38d89e449,5c71a6c31e20a1e5da74448bd5f9f7974c587bd6585a9afda6bc08a9db588c4b,Current legacy CSI [scientific controlled],19.059632014812458,DL-SMI/MVDR local,-0.044283613145101874,Current legacy CSI [scientific controlled],19.059632014812458,19.053425358106736,-6.968560485911207,0.0019363526020330754,0,15.759513773565729,-6.680614080822269,0.00028447883477469274,0,16.00336909308049,-6.678937453178447,0.0003394780761644667,0,16.02070102458747,-6.656659068027323,0.0003394780761644667,0,-0.9240761911374173,-0.011178276987301027,0.004270975572750721,0,-0.7215529297227938,-0.011176514596371813,0.004325974814140494,0,-1.3079211396595936,1.3138472326723178,0.004276665149446215,0,7.170913442870535,11.096183372122855,10.113265193501668,16261.032368642433,83066.32214106145,1.0,2926458.0266922168,4.076923076923077,0
baseline_v2_targetsnrdb10p0_s20261005,target_snr_db,target_snr_db,10.0,20261005,Baseline V2 controlled single-target case,1.0,0.4,9.0,0.9531504859611146,0.0008722811819100143,-0.006444968950096633,0.003981591213402969,1.0,34.0,0.7075709232536184,0.3119584778958466,-0.07064170165211381,0.06890359123088448,52.54034274181763,0.49222495296037394,-0.4700454788225172,0.0,18,180.0,-53.2468982695,-0.7065555276823707,60,2200,42,88,49204480,49204480,82ff44233a441d6c5841120ccd2982af7c993ac3afbf2797070168992cf4475c,e388570b515b3ca84e606b295148bf3e0d20e0fde7767e0425c6585c0ecd423e,Current legacy CSI [scientific controlled],21.454854087984927,DL-SMI/MVDR local,0.015332768751093795,Current legacy CSI [scientific controlled],21.454854087984927,21.375693165914893,-6.837609200027234,0.002165832195417994,0,18.958797594028336,-6.692898180566003,0.0002446517979062358,0,18.722289611933657,-6.727821960575236,0.0003186162949476559,0,18.759894056209156,-6.688512048554717,0.0003413746017296313,0,-0.7492215005925287,-0.011131695851167776,0.0044189045668335605,0,-0.570620588604176,-0.011141728370320781,0.004413214990138067,0,-0.6112220505357611,1.6499534264270608,0.004363905325443787,0,7.132764305432316,11.129102411085729,10.117719998241537,16186.005059549865,81475.94512662772,1.0,3031805.3038,4.092788461538461,0
baseline_v2_targetsnrdb10p0_s20261006,target_snr_db,target_snr_db,10.0,20261006,Baseline V2 controlled single-target case,1.0,0.4,9.0,0.9511720975112572,0.0008721229096255959,-0.007590833366302011,0.0038611621676631677,1.0,34.0,0.72237655466906,0.35178969861341924,-0.0678132240940557,0.06274125120818938,52.90132832872653,0.49560685159793616,-0.47327506356194127,0.0,18,180.0,-53.2468982695,-0.34556994077347575,60,2200,42,88,49204480,49204480,22297d8b68775689ce6dc68fc39a86f592d83832b93c998150eb7b707c129bdd,7c5ec9e0332e7e7841103212e81fb1421b607a74b12b328eccbcbb3d1de347ba,Current legacy CSI [production replay],22.92292393593071,DL-SMI/MVDR local,-0.06751397843235907,Current legacy CSI [production replay],22.92292393593071,22.92292393593071,-6.950780172519825,0.0019761796389015326,0,18.58681404117563,-6.703062511251021,0.00019154908208162647,0,18.77667143259785,-6.717399613588166,0.0002655135791230466,0,18.77410135562788,-6.707998562406194,0.00028447883477469274,0,-0.945600149758772,-0.01124246220544959,0.004322181763010165,0,-0.7401061487793803,-0.011238395989519824,0.004362008799878622,0,-1.1076094616685426,1.4570350303981614,0.004288044302837202,0,7.046505416681354,10.995878804989657,9.959027319728799,16414.225675311798,82045.00709016902,1.0,2972147.448796438,4.1,0
baseline_v2_targetsnrdb10p0_s20261007,target_snr_db,target_snr_db,10.0,20261007,Baseline V2 controlled single-target case,1.0,0.4,9.0,0.9113985386007066,0.0008761499578383195,-0.00798049190460754,0.004097053188132602,1.0,34.0,0.7120058465570231,0.3208107503697075,-0.07203439905675517,0.07100420888986733,52.95798785462485,0.496137667177254,-0.4737819724137421,0.0,18,180.0,-53.2468982695,-0.2889104148751547,60,2200,42,88,49204480,49204480,db21ee9efdd04d863fed168395075c656785cfc1f0f4f019f4c27a9ec09589bc,21792fb60191a4a3c6e2256386a410823098a876981d7d17f53af06123cb82c9,Current legacy CSI [production replay],17.045223961343986,DL-SMI/MVDR local,-0.05595657465643811,Current legacy CSI [production replay],17.045223961343986,17.045223961343986,-6.887456350279066,0.002296692459414353,0,13.46872127756569,-6.687344401198507,0.00043999393111819146,0,13.423403608993246,-6.691216444921253,0.000527234107115764,0,13.425678816193285,-6.657911646289292,0.0005575785161583978,0,-0.9210010336214065,-0.011287409176420429,0.004339250493096647,0,-0.7321397362658013,-0.011272056321218747,0.004390456683356091,0,-0.919250626430907,1.3867128764200662,0.004270975572750721,0,7.218708688419998,11.253036054792695,10.229616124327823,15724.347006990747,77170.42499416844,1.0,2924871.8228513175,4.122596153846154,0
baseline_v2_targetsnrdb10p0_s20261008,target_snr_db,target_snr_db,10.0,20261008,Baseline V2 controlled single-target case,1.0,0.4,9.0,0.9400173677818773,0.0008709881591140516,-0.0005515276498486859,0.004548754937369176,1.0,34.0,0.7171586196960378,0.34027172248017695,-0.06730395901330716,0.06521901894926747,53.9014589984017,0.5049765900911583,-0.48222281580497184,0.0,18,180.0,-53.2468982695,0.6545607289016999,60,2200,42,88,49204480,49204480,4679e9201a9f408005982fdebba164fda59bc7a4ef1cf806563fe7269f29d530,d3e8e23ce65a116d82c8a8f713754959cf925db8509122ce7a5960f5c8aa6949,Current legacy CSI [scientific controlled],23.050120534545982,DL-SMI/MVDR local,0.0464173915480206,Current legacy CSI [scientific controlled],23.050120534545982,23.029613491406046,-6.897288821958458,0.0015817023213472918,0,17.72961370347364,-6.724936501481591,0.00021999696555909573,0,17.531856902335125,-6.727249989063143,0.00031292671825216206,0,17.529918444044778,-6.70921972863173,0.0003167197693824913,0,-0.6695135816431561,-0.011199350765126764,0.004407525413442573,0,-0.5107459119030624,-0.011204070885656725,0.004420801092398725,0,-0.27995092768531027,1.3390349352646183,0.004286147777272037,0,6.962893284805568,10.920014497174348,9.9152677651531,16703.718977957164,82943.40350150237,1.0,3001177.422313904,4.076923076923077,0
baseline_v2_targetsnrdb10p0_s20261009,target_snr_db,target_snr_db,10.0,20261009,Baseline V2 controlled single-target case,1.0,0.4,9.0,0.9407699841783502,0.000873279066879206,-0.006998824121147087,0.004115983799784658,1.0,34.0,0.7224662968626719,0.34948306361530695,-0.06926244325165201,0.06329642957403665,52.72971824279456,0.49399912005171315,-0.4717397408171613,0.0,18,180.0,-53.2468982695,-0.5171800267054383,60,2200,42,88,49204480,49204480,b1438c35b190cb9eedf9239c98fe0018cd808c76fdb47fd08463002227586361,1d08eefd2a52ddcd8c059aa8a8e15e5f8b0b9c2b3a4c46bc1029cfb1a55b90d9,Current legacy CSI [production replay],17.8333151322106,DL-SMI/MVDR local,-0.03008551070074006,Current legacy CSI [production replay],17.8333151322106,17.8333151322106,-7.037320452578999,0.0021487634653315126,0,14.033972274720336,-6.678946586674855,0.0003944773175542406,0,14.343794975842348,-6.699294064248033,0.00043620087998786223,0,14.328533599743905,-6.680148653043487,0.0004343043544226976,0,-0.9375199968739762,-0.01122056594959022,0.004333560916401153,0,-0.7207964378642604,-0.011222720935510595,0.004367698376574116,0,-0.6933112977092701,1.4041859804745491,0.004382870581095434,0,7.0759960562224835,10.967080454630038,9.945041766710048,15794.733581245557,77741.79467017918,1.0,2972016.466734843,4.107692307692307,0
baseline_v2_targetsnrdb10p0_s20261010,target_snr_db,target_snr_db,10.0,20261010,Baseline V2 controlled single-target case,1.0,0.4,9.0,0.95813388946469,0.0008676557992087834,0.0003622535225531584,0.0041060948399102735,1.0,34.0,0.7212110842182577,0.35160025213006957,-0.06655758761877241,0.06213974194393997,53.36190131318192,0.4999217361947573,-0.4773956166381279,0.0,18,180.0,-53.2468982695,0.11500304368191819,60,2200,42,88,49204480,49204480,45786814f41b387067db99aed98ed5a7e066ee306822b1ea23a5c64711ced70b,7cc297e488905e86aa4b29f5d2c40b12144864b3cb1c70c6cea9d4998cdc013d,Current legacy CSI [scientific controlled],20.48437234525327,DL-SMI/MVDR local,0.06202473787599949,Current legacy CSI [scientific controlled],20.48437234525327,20.423518671508486,-7.069404025736768,0.0021146260051585495,0,18.160128319244816,-6.724357497710338,0.00030723714155666816,0,17.66642768819521,-6.759185507402362,0.0003299954483386436,0,17.610312900681983,-6.734561130076699,0.00034516765285996055,0,-0.664946873381036,-0.011372318746929828,0.004312699135184343,0,-0.4906668562804022,-0.011348551098456977,0.004325974814140494,0,-0.27971143801941034,1.645262972871406,0.004305113032923684,0,7.091233237769808,10.97354463919606,9.92998417586983,17216.692994844594,87209.98460291103,1.0,3022279.491586866,4.084615384615384,0
baseline_v2_targetsnrdb18p0_s20261001,target_snr_db,target_snr_db,18.0,20261001,Baseline V2 controlled single-target case,1.0,0.4,9.0,0.9303273803163554,0.000869677951869182,-0.005038485059275401,0.004118855846584728,1.0,34.0,0.7200843623929984,0.35022814905888155,-0.06785723205465059,0.06141281363754694,51.726860150752195,0.4846038296630078,-0.46276760101665143,0.0,18,180.0,-53.2468982695,-1.5200381187478063,60,2200,42,88,49204480,49204480,74e4fc99abc98ca49a5d143d1b8efe8c51ba8e1fceaf727b217a07b3cbdd1cbe,11949757f2435d033f727c153b14d6a2ff78fabd539e30464be80a0fd40b67c9,Current legacy CSI [production replay],18.07215556113638,DL-SMI/MVDR local,-0.05634663489520264,Current legacy CSI [production replay],18.07215556113638,18.07215556113638,-6.8765764455865135,0.0018661811561219844,0,15.925142468570684,-6.747556283308117,0.00012706721286602943,0,16.025745119713445,-6.700599621663283,0.0002275830678197542,0,16.008049218424574,-6.674309490776534,0.0002275830678197542,0,-0.9042088705852294,-0.01105877232616228,0.004399939311181915,0,-0.7091991307431584,-0.011072195084709545,0.004401835836747079,0,-1.0525776591146077,1.3273391471291685,0.004303216507358519,0,7.032576483712582,10.79561296588519,9.82927582416034,15850.817922068609,76631.39417839571,1.0,2916250.209803612,4.092788461538461,0
baseline_v2_targetsnrdb18p0_s20261002,target_snr_db,target_snr_db,18.0,20261002,Baseline V2 controlled single-target case,1.0,0.4,9.0,0.9370420111754768,0.0008745464034807713,0.0006319348085212062,0.004136077698668929,1.0,34.0,0.718583248787581,0.3378745093527875,-0.06892175769555393,0.06595005751534756,53.29791706895108,0.4993222988869062,-0.47682317632771304,0.0,18,180.0,-53.2468982695,0.05101879945107865,60,2200,42,88,49204480,49204480,ed25b467edfb35591155bfc793d07941611419d3030066c6a72eb98ea369afb1,c424eb924cc3179a2a0566d2d37ce8cca2bc3f8d88150018e6e5273e2285bd13,Current legacy CSI [scientific controlled],18.309709136922745,DL-SMI/MVDR local,0.014218378342125249,Current legacy CSI [scientific controlled],18.309709136922745,18.293189223481868,-6.9355761985824795,0.002048247610377788,0,13.35977526871314,-6.791306937054778,0.0005424063116370809,0,13.322262330212013,-6.750798678771211,0.0005974055530268549,0,13.32233019571963,-6.72862835902221,0.0006011986041571841,0,-0.815950499708352,-0.011171010384904976,0.004399939311181915,0,-0.6279735054089741,-0.011167448217389464,0.004396146260051585,0,-0.6068732594151616,1.47283562765104,0.004339250493096647,0,6.971886116742489,10.98987943728472,9.999203848635783,16441.73273203061,84977.30023713915,1.0,2967464.50152658,4.107692307692307,0
baseline_v2_targetsnrdb18p0_s20261003,target_snr_db,target_snr_db,18.0,20261003,Baseline V2 controlled single-target case,1.0,0.4,9.0,0.9481294812797509,0.0008717087279182676,-0.006686752820575073,0.004198811898283493,1.0,34.0,0.7149041028010312,0.33960740208519713,-0.06888729015482423,0.062176684782326845,52.02396851643629,0.48738729363928274,-0.465425700520136,0.0,18,180.0,-53.2468982695,-1.2229297530637093,60,2200,42,88,49204480,49204480,2642565017aae130fa898dc0278cc6204e8e04135886f072f0117b007a93c47a,fd272a409a4bf8cc461e92edc387805f1c60da810a32ec9acc25dd9ac2215f92,Current legacy CSI [production replay],15.903709744103402,DL-SMI/MVDR local,-0.04296089659478497,Current legacy CSI [production replay],15.903709744103402,15.903709744103402,-6.850455227129432,0.0017353208921256258,0,14.088929666588278,-6.753067588569492,0.00018396297982096798,0,14.159504747765638,-6.6836618431920165,0.00025223790016689425,0,14.150549181434211,-6.661047668830156,0.0002560309512972235,0,-0.8694359958203464,-0.011138544415459884,0.004407525413442573,0,-0.6651614582832472,-0.011139998136622638,0.004390456683356091,0,-0.7453478367648021,1.4438865556892502,0.004356319223183128,0,7.110465041053856,11.063835832519558,10.020741944347836,16435.938906997257,82308.98351525077,1.0,2999984.7247506324,4.1,0
baseline_v2_targetsnrdb18p0_s20261004,target_snr_db,target_snr_db,18.0,20261004,Baseline V2 controlled single-target case,1.0,0.4,9.0,0.9263251244188216,0.0008731864389406981,-0.006635780045024385,0.004388176333235509,1.0,34.0,0.7188610728939064,0.34427368535403813,-0.0690512630532407,0.0629213109072748,52.66410369069449,0.49338440918125537,-0.47115271530343217,0.0,18,180.0,-53.2468982695,-0.5827945788055118,60,2200,42,88,49204480,49204480,dd4b01cd00e5a3a8103d73259dd8609a934e8bab430ea53f59a3e25823bb67a7,5c71a6c31e20a1e5da74448bd5f9f7974c587bd6585a9afda6bc08a9db588c4b,Current legacy CSI [scientific controlled],19.201561223634556,DL-SMI/MVDR local,-0.044283611563614045,Current legacy CSI [scientific controlled],19.201561223634556,19.144501794162537,-6.892862678742472,0.0019477317554240632,0,15.697786310118984,-6.746537945033705,0.00028447883477469274,0,16.003369096626997,-6.678937449631944,0.0003394780761644667,0,16.020701028120058,-6.656659064494731,0.0003394780761644667,0,-0.9240761899858008,-0.011178275835683482,0.004270975572750721,0,-0.7215529284690341,-0.011176513342613912,0.004325974814140494,0,-1.307921139948327,1.3138472323835824,0.004276665149446215,0,7.170913442870535,11.096183372122855,10.113265193501668,16261.032368642433,83066.32214106145,1.0,2926458.0266922168,4.076923076923077,0
baseline_v2_targetsnrdb18p0_s20261005,target_snr_db,target_snr_db,18.0,20261005,Baseline V2 controlled single-target case,1.0,0.4,9.0,0.9531504859611146,0.0008722811819100143,-0.006444968950096633,0.003981591213402969,1.0,34.0,0.7075709232536184,0.3119584778958466,-0.07064170165211381,0.06890359123088448,52.54034274181763,0.49222495296037394,-0.4700454788225172,0.0,18,180.0,-53.2468982695,-0.7065555276823707,60,2200,42,88,49204480,49204480,4f67193eb9276f05d341189abf25e14ac71bbe5eac0028c5e61165c3d643c192,e388570b515b3ca84e606b295148bf3e0d20e0fde7767e0425c6585c0ecd423e,Current legacy CSI [scientific controlled],21.54584722140215,DL-SMI/MVDR local,0.015332768583174783,Current legacy CSI [scientific controlled],21.54584722140215,21.15978770090885,-6.812146279157105,0.002165832195417994,0,18.754724010507886,-6.758444658003513,0.0002465483234714004,0,18.72228961574055,-6.727821956768343,0.0003186162949476559,0,18.75989405998895,-6.688512044774919,0.0003413746017296313,0,-0.7492215015312649,-0.011131696789906772,0.0044189045668335605,0,-0.570620589376146,-0.01114172914229202,0.004413214990138067,0,-0.611222052719107,1.6499534242437144,0.004363905325443787,0,7.132764305432316,11.129102411085729,10.117719998241537,16186.005059549865,81475.94512662772,1.0,3031805.3038,4.092788461538461,0
baseline_v2_targetsnrdb18p0_s20261006,target_snr_db,target_snr_db,18.0,20261006,Baseline V2 controlled single-target case,1.0,0.4,9.0,0.9511720975112572,0.0008721229096255959,-0.007590833366302011,0.0038611621676631677,1.0,34.0,0.72237655466906,0.35178969861341924,-0.0678132240940557,0.06274125120818938,52.90132832872653,0.49560685159793616,-0.47327506356194127,0.0,18,180.0,-53.2468982695,-0.34556994077347575,60,2200,42,88,49204480,49204480,5d1147e2e6a14ef3fb4f897a6379d564eb802f45a0e7215c721819d32986b910,7c5ec9e0332e7e7841103212e81fb1421b607a74b12b328eccbcbb3d1de347ba,Current legacy CSI [scientific controlled],23.029266879958424,DL-SMI/MVDR local,-0.06751398246680296,Current legacy CSI [scientific controlled],23.029266879958424,22.964730759655904,-6.909833862991691,0.001981869215597026,0,18.52437556580237,-6.768306370587686,0.0001972386587771203,0,18.776671426625352,-6.717399619560669,0.0002655135791230466,0,18.774101349660388,-6.707998568373687,0.00028447883477469274,0,-0.9456001529666711,-0.011242465413348317,0.004322181763010165,0,-0.740106152317118,-0.011238399527257461,0.004362008799878622,0,-1.10760946417658,1.4570350278901243,0.004288044302837202,0,7.046505416681354,10.995878804989657,9.959027319728799,16414.225675311798,82045.00709016902,1.0,2972147.448796438,4.1,0
baseline_v2_targetsnrdb18p0_s20261007,target_snr_db,target_snr_db,18.0,20261007,Baseline V2 controlled single-target case,1.0,0.4,9.0,0.9113985386007066,0.0008761499578383195,-0.00798049190460754,0.004097053188132602,1.0,34.0,0.7120058465570231,0.3208107503697075,-0.07203439905675517,0.07100420888986733,52.95798785462485,0.496137667177254,-0.4737819724137421,0.0,18,180.0,-53.2468982695,-0.2889104148751547,60,2200,42,88,49204480,49204480,36a562fac42d853d3a78e41f5df1e23f3b8a32e1502e96e821dd2a5ba4f386f8,21792fb60191a4a3c6e2256386a410823098a876981d7d17f53af06123cb82c9,Current legacy CSI [production replay],17.201274784215904,DL-SMI/MVDR local,-0.055956576711105654,Current legacy CSI [production replay],17.201274784215904,17.201274784215904,-6.790148747907128,0.0022853133060233653,0,13.43442876185075,-6.747221284450261,0.00044758003337884997,0,13.423403588112706,-6.691216465801794,0.000527234107115764,0,13.425678795385132,-6.657911667097444,0.0005575785161583978,0,-0.9210010335676699,-0.011287409122684111,0.004339250493096647,0,-0.7321397367973468,-0.011272056852765984,0.004390456683356091,0,-0.9192506262079476,1.3867128766430272,0.004270975572750721,0,7.218708688419998,11.253036054792695,10.229616124327823,15724.347006990747,77170.42499416844,1.0,2924871.8228513175,4.122596153846154,0
baseline_v2_targetsnrdb18p0_s20261008,target_snr_db,target_snr_db,18.0,20261008,Baseline V2 controlled single-target case,1.0,0.4,9.0,0.9400173677818773,0.0008709881591140516,-0.0005515276498486859,0.004548754937369176,1.0,34.0,0.7171586196960378,0.34027172248017695,-0.06730395901330716,0.06521901894926747,53.9014589984017,0.5049765900911583,-0.48222281580497184,0.0,18,180.0,-53.2468982695,0.6545607289016999,60,2200,42,88,49204480,49204480,ec8f36aad58b8cd9ad2559214d33e5ec4f7ee076a6ad12c73f39c3175dd2bb0a,d3e8e23ce65a116d82c8a8f713754959cf925db8509122ce7a5960f5c8aa6949,Current legacy CSI [scientific controlled],23.108406350905977,DL-SMI/MVDR local,0.04641739109780296,Current legacy CSI [scientific controlled],23.108406350905977,22.949414516894873,-6.908430728281852,0.001585495372477621,0,17.643105264065493,-6.794208395957064,0.0002256865422545896,0,17.531856899045405,-6.727249992352861,0.00031292671825216206,0,17.52991844075599,-6.70921973192052,0.0003167197693824913,0,-0.6695135822758473,-0.011199351397818377,0.004407525413442573,0,-0.5107459124792442,-0.011204071461838966,0.004420801092398725,0,-0.27995092786686016,1.3390349350830681,0.004286147777272037,0,6.962893284805568,10.920014497174348,9.9152677651531,16703.718977957164,82943.40350150237,1.0,3001177.422313904,4.076923076923077,0
baseline_v2_targetsnrdb18p0_s20261009,target_snr_db,target_snr_db,18.0,20261009,Baseline V2 controlled single-target case,1.0,0.4,9.0,0.9407699841783502,0.000873279066879206,-0.006998824121147087,0.004115983799784658,1.0,34.0,0.7224662968626719,0.34948306361530695,-0.06926244325165201,0.06329642957403665,52.72971824279456,0.49399912005171315,-0.4717397408171613,0.0,18,180.0,-53.2468982695,-0.5171800267054383,60,2200,42,88,49204480,49204480,d995ca1bdc29ff734c6025d9122794f3d23ab6dab2b89a262549a48d8ff634ae,1d08eefd2a52ddcd8c059aa8a8e15e5f8b0b9c2b3a4c46bc1029cfb1a55b90d9,Current legacy CSI [production replay],18.092682519979522,DL-SMI/MVDR local,-0.03008551434614226,Current legacy CSI [production replay],18.092682519979522,18.092682519979522,-6.91217047227906,0.0021506599908966773,0,14.026447167390977,-6.742590534436033,0.00039827036868456985,0,14.343794976471624,-6.699294063618757,0.00043620087998786223,0,14.328533600381949,-6.680148652405444,0.0004343043544226976,0,-0.9375199999314869,-0.011220569007099055,0.004333560916401153,0,-0.7207964411844188,-0.011222724255668951,0.004367698376574116,0,-0.6933113015845098,1.40418597659931,0.004382870581095434,0,7.0759960562224835,10.967080454630038,9.945041766710048,15794.733581245557,77741.79467017918,1.0,2972016.466734843,4.107692307692307,0
baseline_v2_targetsnrdb18p0_s20261010,target_snr_db,target_snr_db,18.0,20261010,Baseline V2 controlled single-target case,1.0,0.4,9.0,0.95813388946469,0.0008676557992087834,0.0003622535225531584,0.0041060948399102735,1.0,34.0,0.7212110842182577,0.35160025213006957,-0.06655758761877241,0.06213974194393997,53.36190131318192,0.4999217361947573,-0.4773956166381279,0.0,18,180.0,-53.2468982695,0.11500304368191819,60,2200,42,88,49204480,49204480,fc52dc0fe22f9f9428a200557405ee45e79ab5a8a2cf5b4642442f52a805b8e9,7cc297e488905e86aa4b29f5d2c40b12144864b3cb1c70c6cea9d4998cdc013d,Current legacy CSI [scientific controlled],20.708491413828128,DL-SMI/MVDR local,0.06202473499263661,Current legacy CSI [scientific controlled],20.708491413828128,20.430376946576843,-6.910877323728676,0.00211083295402822,0,18.010243395203062,-6.7899659032045045,0.00030723714155666816,0,17.666427691085318,-6.759185504512255,0.0003299954483386436,0,17.61031290357655,-6.7345611271821255,0.00034516765285996055,0,-0.6649468754599326,-0.011372320825823824,0.004312699135184343,0,-0.49066685869305715,-0.01134855351111046,0.004325974814140494,0,-0.2797114417579678,1.6452629691328504,0.004305113032923684,0,7.091233237769808,10.97354463919606,9.92998417586983,17216.692994844594,87209.98460291103,1.0,3022279.491586866,4.084615384615384,0
baseline_v2_targetradialspeedmps0p0_s20261001,target_radial_speed_mps,target_radial_speed_mps,0.0,20261001,Baseline V2 controlled single-target case,1.0,0.4,9.0,0.9303273803163554,0.000869677951869182,-0.005038485059275401,0.004118855846584728,1.0,34.0,0.7200843623929984,0.35022814905888155,-0.06785723205465059,0.06141281363754694,1.5200381187485896,0.014240498871041736,0.013598674852196376,0.0,23,230.0,7.83355978204e-13,-1.5200381187478063,65,2200,42,88,49204480,49204480,cbadc67e397045f4a819dd5680d57ef8838998fc89fa45814955e3ae04f18584,11949757f2435d033f727c153b14d6a2ff78fabd539e30464be80a0fd40b67c9,Current legacy CSI [production replay],-2.6342108671605207,Corrected JDL physical,1.316686192812436,Corrected JDL physical,1.316686192812436,-2.6342108671605207,-29.172277428606424,0.0018680776816871491,1,-6.272190669234638,-27.557024817385802,0.0001232741617357002,1,-5.989844053014449,-27.63872591393889,0.0002275830678197542,1,-5.998568075266151,-27.66406968885795,0.0002275830678197542,1,-0.1933970016405846,-0.012511835149836436,0.004399939311181915,0,-0.17236530728537414,-0.012489209584793678,0.004401835836747079,0,1.316686192812436,1.576165024672839,0.004303216507358519,0,7.032576483712582,10.79561296588519,9.82927582416034,15850.817922068609,76631.39417839571,1.0,2916250.209803612,4.092788461538461,0
baseline_v2_targetradialspeedmps0p0_s20261002,target_radial_speed_mps,target_radial_speed_mps,0.0,20261002,Baseline V2 controlled single-target case,1.0,0.4,9.0,0.9370420111754768,0.0008745464034807713,0.0006319348085212062,0.004136077698668929,1.0,34.0,0.718583248787581,0.3378745093527875,-0.06892175769555393,0.06595005751534756,0.0510187994502953,0.0004779703528566586,-0.0004564280658559153,0.0,23,230.0,7.83355978204e-13,0.05101879945107865,65,2200,42,88,49204480,49204480,794a3cbe0300b1574ec4d3620359d9504c8f3b518b49bffece65a4224910549a,c424eb924cc3179a2a0566d2d37ce8cca2bc3f8d88150018e6e5273e2285bd13,Current legacy CSI [production replay],-2.1166779701498197,DL-SMI/MVDR local,0.012875567043433511,DL-SMI/MVDR local,0.012875567043433511,-2.1166779701498197,-29.254363345450287,0.002076695493855257,1,-4.133886967503352,-26.799599819685163,0.0005310271582460932,1,-4.253191844531454,-27.016658250555437,0.0005974055530268549,1,-4.274134540729678,-26.988021444634974,0.0006011986041571841,1,-0.004301994166682699,-0.01239701393709395,0.004399939311181915,0,0.0003400529294751431,-0.012372476761389107,0.004396146260051585,0,-0.21538346102182643,1.4953806206449145,0.004339250493096647,0,6.971886116742489,10.98987943728472,9.999203848635783,16441.73273203061,84977.30023713915,1.0,2967464.50152658,4.107692307692307,0
baseline_v2_targetradialspeedmps0p0_s20261003,target_radial_speed_mps,target_radial_speed_mps,0.0,20261003,Baseline V2 controlled single-target case,1.0,0.4,9.0,0.9481294812797509,0.0008717087279182676,-0.006686752820575073,0.004198811898283493,1.0,34.0,0.7149041028010312,0.33960740208519713,-0.06888729015482423,0.062176684782326845,1.2229297530644927,0.01145703489476679,0.010940662486557439,0.0,23,230.0,7.83355978204e-13,-1.2229297530637093,65,2200,42,88,49204480,49204480,e48ba0cb8f9dbae6d17aae15dd323576cd881699e4c9a6b238b9d068a53b3a44,fd272a409a4bf8cc461e92edc387805f1c60da810a32ec9acc25dd9ac2215f92,Row complex LS / Wiener [scientific controlled],-3.6561051952093373,Corrected JDL physical,0.32970659908096156,Corrected JDL physical,0.32970659908096156,-3.947735404090855,-32.26801808151059,0.0017068730086481567,1,-3.861571853222967,-28.25482346263319,0.0001763768775603095,1,-3.6561051952093373,-28.464309844636762,0.00025223790016689425,1,-3.6731730926166177,-28.473780251136102,0.0002560309512972235,1,-0.13035554364308855,-0.012405291690256845,0.004407525413442573,0,-0.10832821558986261,-0.01238356793638017,0.004390456683356091,0,0.32970659908096156,1.5115331394669558,0.004356319223183128,0,7.110465041053856,11.063835832519558,10.020741944347836,16435.938906997257,82308.98351525077,1.0,2999984.7247506324,4.1,0
baseline_v2_targetradialspeedmps0p0_s20261004,target_radial_speed_mps,target_radial_speed_mps,0.0,20261004,Baseline V2 controlled single-target case,1.0,0.4,9.0,0.9263251244188216,0.0008731864389406981,-0.006635780045024385,0.004388176333235509,1.0,34.0,0.7188610728939064,0.34427368535403813,-0.0690512630532407,0.0629213109072748,0.5827945788062951,0.005459919352794185,0.005213838930477534,0.0,23,230.0,7.83355978204e-13,-0.5827945788055118,65,2200,42,88,49204480,49204480,dba26e572374784150f380f4d0956dd3f96ca6bc2fbbcab89ffe6b6fc5c76c6c,5c71a6c31e20a1e5da74448bd5f9f7974c587bd6585a9afda6bc08a9db588c4b,Current legacy CSI [scientific controlled],0.8997039044592356,Corrected JDL physical,0.856025450057071,Current legacy CSI [scientific controlled],0.8997039044592356,0.8982999600071517,-29.120294404900243,0.0019363526020330754,1,-1.4450218931950944,-26.999614394268345,0.000288271885905022,1,-1.7436903894159532,-27.221799819315446,0.0003394780761644667,1,-1.7911541011891345,-27.251728872291224,0.0003394780761644667,1,0.019772056101453384,-0.012459936800754861,0.004270975572750721,0,0.03249903731193937,-0.012436943243003845,0.004325974814140494,0,0.856025450057071,1.519920520725802,0.004276665149446215,0,7.170913442870535,11.096183372122855,10.113265193501668,16261.032368642433,83066.32214106145,1.0,2926458.0266922168,4.076923076923077,0
baseline_v2_targetradialspeedmps0p0_s20261005,target_radial_speed_mps,target_radial_speed_mps,0.0,20261005,Baseline V2 controlled single-target case,1.0,0.4,9.0,0.9531504859611146,0.0008722811819100143,-0.006444968950096633,0.003981591213402969,1.0,34.0,0.7075709232536184,0.3119584778958466,-0.07064170165211381,0.06890359123088448,0.7065555276831541,0.0066193755736756186,0.006321038069215733,0.0,23,230.0,7.83355978204e-13,-0.7065555276823707,65,2200,42,88,49204480,49204480,3759e2aa0268ba6094a4ca507306306253c7a0367b42668943bccfdcdaad6da2,e388570b515b3ca84e606b295148bf3e0d20e0fde7767e0425c6585c0ecd423e,Current legacy CSI [scientific controlled],3.0045506592688724,Corrected JDL physical,0.997266544139491,Current legacy CSI [scientific controlled],3.0045506592688724,3.0044127127155598,-30.097922428718533,0.002167728720983159,1,0.9710031571507436,-27.370480385976403,0.000248444849036565,1,1.3071004244873192,-27.685989311409884,0.0003186162949476559,1,1.3066723157315616,-27.67213461050284,0.0003413746017296313,1,-0.0033250939722075934,-0.012503579820507427,0.0044189045668335605,0,0.016171680421383616,-0.012479088136605896,0.004413214990138067,0,0.997266544139491,1.5460164672094354,0.004363905325443787,0,7.132764305432316,11.129102411085729,10.117719998241537,16186.005059549865,81475.94512662772,1.0,3031805.3038,4.092788461538461,0
baseline_v2_targetradialspeedmps0p0_s20261006,target_radial_speed_mps,target_radial_speed_mps,0.0,20261006,Baseline V2 controlled single-target case,1.0,0.4,9.0,0.9511720975112572,0.0008721229096255959,-0.007590833366302011,0.0038611621676631677,1.0,34.0,0.72237655466906,0.35178969861341924,-0.0678132240940557,0.06274125120818938,0.3455699407742591,0.0032374769361134237,0.003091562746670894,0.0,23,230.0,7.83355978204e-13,-0.34556994077347575,65,2200,42,88,49204480,49204480,5facff650c3377c8573b2083e016fa03d4f490a38e86769d4233c5545389da47,7c5ec9e0332e7e7841103212e81fb1421b607a74b12b328eccbcbb3d1de347ba,Current legacy CSI [production replay],-1.5968628795959057,SA-MNEC physical [approximate academic reference],-0.06754993495854045,SA-MNEC physical [approximate academic reference],-0.06754993495854045,-1.5968628795959057,-27.950240462109033,0.00198755879229252,1,-4.425582172387719,-26.8803500360316,0.00018965255651646185,1,-4.1465624289042164,-27.07084877188177,0.0002655135791230466,1,-4.185698879267747,-27.096740753399757,0.00028447883477469274,1,-0.16516966227692365,-0.012420281813129885,0.004322181763010165,0,-0.14308079017988007,-0.012395613716203907,0.004362008799878622,0,-0.5928733975409499,1.4961246759413345,0.004288044302837202,0,7.046505416681354,10.995878804989657,9.959027319728799,16414.225675311798,82045.00709016902,1.0,2972147.448796438,4.1,0
baseline_v2_targetradialspeedmps0p0_s20261007,target_radial_speed_mps,target_radial_speed_mps,0.0,20261007,Baseline V2 controlled single-target case,1.0,0.4,9.0,0.9113985386007066,0.0008761499578383195,-0.00798049190460754,0.004097053188132602,1.0,34.0,0.7120058465570231,0.3208107503697075,-0.07203439905675517,0.07100420888986733,0.28891041487593805,0.0027066613567955384,0.0025846712061355927,0.0,23,230.0,7.83355978204e-13,-0.2889104148751547,65,2200,42,88,49204480,49204480,4ecd98171d3cd9af5ec804607d903f2f54edf4bcc8aeab64dce227b03baabf9c,21792fb60191a4a3c6e2256386a410823098a876981d7d17f53af06123cb82c9,Current legacy CSI [scientific controlled],2.8067604469525764,Corrected JDL physical,0.34855725817704647,Current legacy CSI [scientific controlled],2.8067604469525764,2.8067549502407707,-28.24857338929272,0.002306175087240176,1,-1.1299476055271331,-26.844444505431685,0.0004456835078136853,1,-0.7714312074987717,-27.004031477687146,0.000527234107115764,1,-0.8167379178429213,-26.994705820719254,0.0005575785161583978,1,-0.09108362524331975,-0.012454257535359406,0.004339250493096647,0,-0.06294101731919188,-0.012433395802722125,0.004390456683356091,0,0.34855725817704647,1.5491102898011508,0.004270975572750721,0,7.218708688419998,11.253036054792695,10.229616124327823,15724.347006990747,77170.42499416844,1.0,2924871.8228513175,4.122596153846154,0
baseline_v2_targetradialspeedmps0p0_s20261008,target_radial_speed_mps,target_radial_speed_mps,0.0,20261008,Baseline V2 controlled single-target case,1.0,0.4,9.0,0.9400173677818773,0.0008709881591140516,-0.0005515276498486859,0.004548754937369176,1.0,34.0,0.7171586196960378,0.34027172248017695,-0.06730395901330716,0.06521901894926747,0.6545607289009165,0.006132261557108669,-0.005855878445072308,0.0,23,230.0,7.83355978204e-13,0.6545607289016999,65,2200,42,88,49204480,49204480,f4399b20b0aee1f696c88bc84df87b3bfbfab094fd4948ebe6fb381e50e5f973,d3e8e23ce65a116d82c8a8f713754959cf925db8509122ce7a5960f5c8aa6949,Current legacy CSI [production replay],1.2297625239746788,Corrected JDL physical,1.0230238420373818,Current legacy CSI [production replay],1.2297625239746788,1.2297625239746788,-28.98064768886007,0.0015817023213472918,1,-1.4696503274714519,-27.383374112927456,0.00021999696555909573,1,-1.8087263235677444,-27.508844558369873,0.00031292671825216206,1,-1.8319924783954267,-27.53916101673235,0.0003167197693824913,1,0.07784944441984587,-0.012387882210303063,0.004407525413442573,0,0.08731221688198465,-0.012364468649973136,0.004420801092398725,0,1.0230238420373818,1.4881243656391434,0.004286147777272037,0,6.962893284805568,10.920014497174348,9.9152677651531,16703.718977957164,82943.40350150237,1.0,3001177.422313904,4.076923076923077,0
baseline_v2_targetradialspeedmps0p0_s20261009,target_radial_speed_mps,target_radial_speed_mps,0.0,20261009,Baseline V2 controlled single-target case,1.0,0.4,9.0,0.9407699841783502,0.000873279066879206,-0.006998824121147087,0.004115983799784658,1.0,34.0,0.7224662968626719,0.34948306361530695,-0.06926244325165201,0.06329642957403665,0.5171800267062217,0.00484520848233637,0.004626833286676374,0.0,23,230.0,7.83355978204e-13,-0.5171800267054383,65,2200,42,88,49204480,49204480,1c9da3bada43c9e356db42d0298e8f0e8c04d9f137406628616656cd6eb8b1e3,1d08eefd2a52ddcd8c059aa8a8e15e5f8b0b9c2b3a4c46bc1029cfb1a55b90d9,Current legacy CSI [production replay],-5.116980695347944,Corrected JDL physical,1.8611779196917082,Corrected JDL physical,1.8611779196917082,-5.116980695347944,-29.136695971777186,0.0021430738886360186,1,-6.824875016079481,-27.02463086201052,0.00039827036868456985,1,-7.052891684457601,-27.239106423788712,0.00043620087998786223,1,-7.085041036253466,-27.254357680750168,0.0004343043544226976,1,-0.14804208091651905,-0.012418842232009359,0.004333560916401153,0,-0.1203207826739785,-0.012393817773189299,0.004367698376574116,0,1.8611779196917082,1.5776492393425023,0.004382870581095434,0,7.0759960562224835,10.967080454630038,9.945041766710048,15794.733581245557,77741.79467017918,1.0,2972016.466734843,4.107692307692307,0
baseline_v2_targetradialspeedmps0p0_s20261010,target_radial_speed_mps,target_radial_speed_mps,0.0,20261010,Baseline V2 controlled single-target case,1.0,0.4,9.0,0.95813388946469,0.0008676557992087834,0.0003622535225531584,0.0041060948399102735,1.0,34.0,0.7212110842182577,0.35160025213006957,-0.06655758761877241,0.06213974194393997,0.11500304368113483,0.0010774076607077744,-0.001028848529615599,0.0,23,230.0,7.83355978204e-13,0.11500304368191819,65,2200,42,88,49204480,49204480,8ec453a09e74fc13c649e43a5979d5b35096626532eff77283728962b848832e,7cc297e488905e86aa4b29f5d2c40b12144864b3cb1c70c6cea9d4998cdc013d,Current legacy CSI [production replay],-0.260652272189962,DL-SMI/MVDR local,-0.00044361052109387344,DL-SMI/MVDR local,-0.00044361052109387344,-0.260652272189962,-29.85967909632731,0.002124108632984373,1,-1.6841489090946427,-27.105107929907703,0.00030913366712183283,1,-1.4743509424467427,-27.34144516308586,0.0003299954483386436,1,-1.4767086325926029,-27.317453539186385,0.00034516765285996055,1,-0.06168845862090944,-0.01239189511048941,0.004312699135184343,0,-0.04579759228473135,-0.012364569527274624,0.004325974814140494,0,-0.10811816848194189,1.48661953556066,0.004305113032923684,0,7.091233237769808,10.97354463919606,9.92998417586983,17216.692994844594,87209.98460291103,1.0,3022279.491586866,4.084615384615384,0
baseline_v2_targetradialspeedmps0p25_s20261001,target_radial_speed_mps,target_radial_speed_mps,0.25,20261001,Baseline V2 controlled single-target case,1.0,0.4,9.0,0.9303273803163554,0.000869677951869182,-0.005038485059275401,0.004118855846584728,1.0,34.0,0.7200843623929984,0.35022814905888155,-0.06785723205465059,0.06141281363754694,25.103411015952194,0.23518166539551827,-0.22458252251733166,0.0,20,200.0,-26.6234491347,-1.5200381187478063,62,2200,42,88,49204480,49204480,ae8962899ed4279abf723d69224473136980eb1fa9aa38efdda970705125e9aa,11949757f2435d033f727c153b14d6a2ff78fabd539e30464be80a0fd40b67c9,Current legacy CSI [scientific controlled],12.676184916240492,DL-SMI/MVDR local,-0.0964959515808439,Current legacy CSI [scientific controlled],12.676184916240492,12.663609702011517,-12.934340802739516,0.0018699742072523138,1,10.781713117306678,-12.285209970707703,0.0001232741617357002,1,10.993026960578739,-12.337669187567295,0.0002275830678197542,1,10.956276941545589,-12.350986461337456,0.0002275830678197542,1,-0.7528111745950752,-0.011113009256850817,0.004399939311181915,0,-0.5968157952251301,-0.0111129512296207,0.004401835836747079,0,-0.3302042756957291,1.823836120447603,0.004303216507358519,0,7.032576483712582,10.79561296588519,9.82927582416034,15850.817922068609,76631.39417839571,1.0,2916250.209803612,4.092788461538461,0
baseline_v2_targetradialspeedmps0p25_s20261002,target_radial_speed_mps,target_radial_speed_mps,0.25,20261002,Baseline V2 controlled single-target case,1.0,0.4,9.0,0.9370420111754768,0.0008745464034807713,0.0006319348085212062,0.004136077698668929,1.0,34.0,0.718583248787581,0.3378745093527875,-0.06892175769555393,0.06595005751534756,26.674467934151078,0.24990013461941668,-0.2386377401786247,0.0,20,200.0,-26.6234491347,0.05101879945107865,62,2200,42,88,49204480,49204480,a4087848d01b0e6fdeff913b3506a8a32e4d2d37863ba7ff9a4da5af9102de96,c424eb924cc3179a2a0566d2d37ce8cca2bc3f8d88150018e6e5273e2285bd13,Current legacy CSI [scientific controlled],11.852480239052095,DL-SMI/MVDR local,0.03479103700920838,Current legacy CSI [scientific controlled],11.852480239052095,11.831315761888813,-12.399220780681961,0.002072902442724928,1,6.97532889832988,-12.410757406103992,0.0005386132605067517,1,7.021453220845106,-12.370372705688315,0.0005974055530268549,1,6.982004701650692,-12.371694253881113,0.0006011986041571841,1,-0.5524524837444287,-0.011217788261596768,0.004399939311181915,0,-0.40745323051621307,-0.01122030489100794,0.004396146260051585,0,-0.6954658641890714,1.350299439501742,0.004339250493096647,0,6.971886116742489,10.98987943728472,9.999203848635783,16441.73273203061,84977.30023713915,1.0,2967464.50152658,4.107692307692307,0
baseline_v2_targetradialspeedmps0p25_s20261003,target_radial_speed_mps,target_radial_speed_mps,0.25,20261003,Baseline V2 controlled single-target case,1.0,0.4,9.0,0.9481294812797509,0.0008717087279182676,-0.006686752820575073,0.004198811898283493,1.0,34.0,0.7149041028010312,0.33960740208519713,-0.06888729015482423,0.062176684782326845,25.40051938163629,0.2379651293717932,-0.2272405554835015,0.0,20,200.0,-26.6234491347,-1.2229297530637093,62,2200,42,88,49204480,49204480,7e283dde7851273c31fc77e36d607c04605c6fb5264d2cd394cafd432ce0b1ad,fd272a409a4bf8cc461e92edc387805f1c60da810a32ec9acc25dd9ac2215f92,Current legacy CSI [scientific controlled],12.199718980311054,DL-SMI/MVDR local,-0.09025771258119919,Current legacy CSI [scientific controlled],12.199718980311054,12.19473877765519,-12.848741151300814,0.0017011834319526626,1,10.915357083488916,-12.170190361394322,0.00017827340312547414,1,11.304572794237538,-12.159707812848634,0.00025223790016689425,1,11.26465855526061,-12.165069137495422,0.0002560309512972235,1,-0.5291554392045765,-0.011113625370891462,0.004407525413442573,0,-0.4178757107339952,-0.011121949851868713,0.004390456683356091,0,-0.09701714035993092,1.7785021123243792,0.004356319223183128,0,7.110465041053856,11.063835832519558,10.020741944347836,16435.938906997257,82308.98351525077,1.0,2999984.7247506324,4.1,0
baseline_v2_targetradialspeedmps0p25_s20261004,target_radial_speed_mps,target_radial_speed_mps,0.25,20261004,Baseline V2 controlled single-target case,1.0,0.4,9.0,0.9263251244188216,0.0008731864389406981,-0.006635780045024385,0.004388176333235509,1.0,34.0,0.7188610728939064,0.34427368535403813,-0.0690512630532407,0.0629213109072748,26.040654555894488,0.24396224491376584,-0.2329674251664843,0.0,20,200.0,-26.6234491347,-0.5827945788055118,62,2200,42,88,49204480,49204480,c33d51e6affb9da44f6b5a3b0d38ffab6ead31cc8e4b2c48dcb344d4588d3346,5c71a6c31e20a1e5da74448bd5f9f7974c587bd6585a9afda6bc08a9db588c4b,Current legacy CSI [scientific controlled],15.891107211773841,DL-SMI/MVDR local,-0.06457105849116562,Current legacy CSI [scientific controlled],15.891107211773841,15.886092399119947,-12.562264833314362,0.0019344560764679108,1,11.34009666850786,-12.257291234575636,0.0002863753603398574,1,11.779109744449558,-12.260343382695247,0.0003394780761644667,1,11.770089922007736,-12.242987417275703,0.0003394780761644667,1,-0.5551607611382456,-0.011134822283779561,0.004270975572750721,0,-0.4328400588284711,-0.011135880970576724,0.004325974814140494,0,-0.4525423020074162,1.6613202649189194,0.004276665149446215,0,7.170913442870535,11.096183372122855,10.113265193501668,16261.032368642433,83066.32214106145,1.0,2926458.0266922168,4.076923076923077,0
baseline_v2_targetradialspeedmps0p25_s20261005,target_radial_speed_mps,target_radial_speed_mps,0.25,20261005,Baseline V2 controlled single-target case,1.0,0.4,9.0,0.9531504859611146,0.0008722811819100143,-0.006444968950096633,0.003981591213402969,1.0,34.0,0.7075709232536184,0.3119584778958466,-0.07064170165211381,0.06890359123088448,25.916893607017627,0.24280278869288438,-0.231860216924216,0.0,20,200.0,-26.6234491347,-0.7065555276823707,62,2200,42,88,49204480,49204480,fd7a4f7b68268725c0530d3dbfacc83ddcc31711401457cfad532f3301e71913,e388570b515b3ca84e606b295148bf3e0d20e0fde7767e0425c6585c0ecd423e,Current legacy CSI [scientific controlled],18.12708800243592,DL-SMI/MVDR local,0.03063530641485812,Current legacy CSI [scientific controlled],18.12708800243592,18.063419728894687,-12.997156616215182,0.002165832195417994,1,15.54602211578472,-12.264861681520696,0.0002465483234714004,1,15.628059296055312,-12.306760699140689,0.0003186162949476559,1,15.635761664501842,-12.309416493220677,0.0003413746017296313,1,-0.4170744061935583,-0.011071217570903314,0.0044189045668335605,0,-0.30629590143088015,-0.011086050262420488,0.004413214990138067,0,-0.13066348851774423,1.6990452555970963,0.004363905325443787,0,7.132764305432316,11.129102411085729,10.117719998241537,16186.005059549865,81475.94512662772,1.0,3031805.3038,4.092788461538461,0
baseline_v2_targetradialspeedmps0p25_s20261006,target_radial_speed_mps,target_radial_speed_mps,0.25,20261006,Baseline V2 controlled single-target case,1.0,0.4,9.0,0.9511720975112572,0.0008721229096255959,-0.007590833366302011,0.0038611621676631677,1.0,34.0,0.72237655466906,0.35178969861341924,-0.0678132240940557,0.06274125120818938,26.277879193926523,0.24618468733044657,-0.23508971904855455,0.0,20,200.0,-26.6234491347,-0.34556994077347575,62,2200,42,88,49204480,49204480,b7cd2a1ff97fbc76a3005454e6fbc0f8c3ca3bfeed04245bba26c95de2ac5f45,7c5ec9e0332e7e7841103212e81fb1421b607a74b12b328eccbcbb3d1de347ba,Current legacy CSI [scientific controlled],17.3023169923253,DL-SMI/MVDR local,-0.06740144939307291,Current legacy CSI [scientific controlled],17.3023169923253,17.29599302464469,-12.62308363526531,0.001981869215597026,1,13.226469305720418,-12.302168303243013,0.0001877560309512972,1,13.627376012237761,-12.32049491565764,0.0002655135791230466,1,13.62539264131437,-12.315940380004726,0.00028447883477469274,1,-0.7325230901866568,-0.01105505087582637,0.004322181763010165,0,-0.5708329486409581,-0.01105233517404976,0.004362008799878622,0,-0.5851779803634428,1.6558510913361348,0.004288044302837202,0,7.046505416681354,10.995878804989657,9.959027319728799,16414.225675311798,82045.00709016902,1.0,2972147.448796438,4.1,0
baseline_v2_targetradialspeedmps0p25_s20261007,target_radial_speed_mps,target_radial_speed_mps,0.25,20261007,Baseline V2 controlled single-target case,1.0,0.4,9.0,0.9113985386007066,0.0008761499578383195,-0.00798049190460754,0.004097053188132602,1.0,34.0,0.7120058465570231,0.3208107503697075,-0.07203439905675517,0.07100420888986733,26.334538719824845,0.2467155029097645,-0.23559661486454997,0.0,20,200.0,-26.6234491347,-0.2889104148751547,62,2200,42,88,49204480,49204480,85da1ca17aedd48686fd022b59e8eb748c93a849f53fdb192a2b9459b4e6caf0,21792fb60191a4a3c6e2256386a410823098a876981d7d17f53af06123cb82c9,Current legacy CSI [production replay],16.397535879555953,DL-SMI/MVDR local,-0.03620466428323155,Current legacy CSI [production replay],16.397535879555953,16.397535879555953,-13.048567599762862,0.002300485510544682,1,11.901437525079723,-12.284566949444716,0.0004437869822485207,1,11.961322234093068,-12.305427375504483,0.000527234107115764,1,11.906156102649364,-12.308500923450499,0.0005575785161583978,1,-0.36078768254793103,-0.011226930598662204,0.004339250493096647,0,-0.28066327502619115,-0.011210916545378386,0.004390456683356091,0,-0.4334236878208526,1.5745356786302174,0.004270975572750721,0,7.218708688419998,11.253036054792695,10.229616124327823,15724.347006990747,77170.42499416844,1.0,2924871.8228513175,4.122596153846154,0
baseline_v2_targetradialspeedmps0p25_s20261008,target_radial_speed_mps,target_radial_speed_mps,0.25,20261008,Baseline V2 controlled single-target case,1.0,0.4,9.0,0.9400173677818773,0.0008709881591140516,-0.0005515276498486859,0.004548754937369176,1.0,34.0,0.7171586196960378,0.34027172248017695,-0.06730395901330716,0.06521901894926747,27.2780098636017,0.25555442582366866,-0.2440372384487195,0.0,20,200.0,-26.6234491347,0.6545607289016999,62,2200,42,88,49204480,49204480,a087a56bf9652954eff00a2a91c38ab5966a27ac6ace780f4a88dd27bf6d13b3,d3e8e23ce65a116d82c8a8f713754959cf925db8509122ce7a5960f5c8aa6949,Current legacy CSI [scientific controlled],15.798949169305615,Corrected JDL physical,0.28880469646724816,Current legacy CSI [scientific controlled],15.798949169305615,15.751284598499847,-12.799896818570808,0.001585495372477621,1,12.108009809060526,-12.388916418190307,0.00021999696555909573,1,12.107427833466755,-12.371916538870408,0.00031292671825216206,1,12.117069873982793,-12.358580397781454,0.0003167197693824913,1,-0.26269418177012405,-0.011116832070746003,0.004407525413442573,0,-0.17115137931499724,-0.011139140646122285,0.004420801092398725,0,0.28880469646724816,1.4063435138184197,0.004286147777272037,0,6.962893284805568,10.920014497174348,9.9152677651531,16703.718977957164,82943.40350150237,1.0,3001177.422313904,4.076923076923077,0
baseline_v2_targetradialspeedmps0p25_s20261009,target_radial_speed_mps,target_radial_speed_mps,0.25,20261009,Baseline V2 controlled single-target case,1.0,0.4,9.0,0.9407699841783502,0.000873279066879206,-0.006998824121147087,0.004115983799784658,1.0,34.0,0.7224662968626719,0.34948306361530695,-0.06926244325165201,0.06329642957403665,26.10626910799456,0.24457695578422364,-0.2335544356727981,0.0,20,200.0,-26.6234491347,-0.5171800267054383,62,2200,42,88,49204480,49204480,e6798e38acc570d2856fc216e9305e663ecdb3617565601c454e881532228e8f,1d08eefd2a52ddcd8c059aa8a8e15e5f8b0b9c2b3a4c46bc1029cfb1a55b90d9,Current legacy CSI [scientific controlled],10.64602797545555,Corrected JDL physical,-0.05229076943968636,Current legacy CSI [scientific controlled],10.64602797545555,10.636810768521595,-12.903092265756516,0.002146866939766348,1,7.886088259552109,-12.210225834241541,0.00040206341981489913,1,8.163640915708434,-12.241903105153751,0.00043620087998786223,1,8.11474342043512,-12.250765434743414,0.0004343043544226976,1,-0.6949858209173367,-0.010931680185875764,0.004333560916401153,0,-0.5509855346168244,-0.010943298140937426,0.004367698376574116,0,-0.05229076943968636,1.5550036408699432,0.004382870581095434,0,7.0759960562224835,10.967080454630038,9.945041766710048,15794.733581245557,77741.79467017918,1.0,2972016.466734843,4.107692307692307,0
baseline_v2_targetradialspeedmps0p25_s20261010,target_radial_speed_mps,target_radial_speed_mps,0.25,20261010,Baseline V2 controlled single-target case,1.0,0.4,9.0,0.95813388946469,0.0008676557992087834,0.0003622535225531584,0.0041060948399102735,1.0,34.0,0.7212110842182577,0.35160025213006957,-0.06655758761877241,0.06213974194393997,26.738452178381916,0.2504995719272678,-0.2392101656192765,0.0,20,200.0,-26.6234491347,0.11500304368191819,62,2200,42,88,49204480,49204480,56da306d63a522629003095dde32a735c074df9559a58f839e4c60ba0d93a4e6,7cc297e488905e86aa4b29f5d2c40b12144864b3cb1c70c6cea9d4998cdc013d,Current legacy CSI [scientific controlled],15.75460289847062,DL-SMI/MVDR local,0.014546453991430619,Current legacy CSI [scientific controlled],15.75460289847062,15.713424163846762,-13.303480132502333,0.002116522530723714,1,13.441967116862573,-12.363953852957614,0.00030534061599150355,1,13.412825303941812,-12.368077718712318,0.0003299954483386436,1,13.327172751032206,-12.38939896141283,0.00034516765285996055,1,-0.5299023187311425,-0.011249240076424069,0.004312699135184343,0,-0.39945312234331354,-0.011254184883866532,0.004325974814140494,0,-0.18877806123011687,1.620652099383153,0.004305113032923684,0,7.091233237769808,10.97354463919606,9.92998417586983,17216.692994844594,87209.98460291103,1.0,3022279.491586866,4.084615384615384,0
baseline_v2_targetradialspeedmps0p5_s20261001,target_radial_speed_mps,target_radial_speed_mps,0.5,20261001,Baseline V2 controlled single-target case,1.0,0.4,9.0,0.9303273803163554,0.000869677951869182,-0.005038485059275401,0.004118855846584728,1.0,34.0,0.7200843623929984,0.35022814905888155,-0.06785723205465059,0.06141281363754694,51.726860150752195,0.4846038296630078,-0.46276760101665143,0.0,18,180.0,-53.2468982695,-1.5200381187478063,60,2200,42,88,49204480,49204480,cd98528e8f1de1ca90c75d7ddf553958b2cb707450c962ec49cce4e74f0dc595,11949757f2435d033f727c153b14d6a2ff78fabd539e30464be80a0fd40b67c9,Current legacy CSI [production replay],17.996767782484635,DL-SMI/MVDR local,-0.05634963621925637,Current legacy CSI [production replay],17.996767782484635,17.996767782484635,-6.887829047859704,0.0018699742072523138,0,15.947405020282972,-6.686835195543983,0.00012137763617053558,0,16.025737816279147,-6.700606925097578,0.0002275830678197542,0,16.00804191601963,-6.674316793181481,0.0002275830678197542,0,-0.9042119840516478,-0.011061885792578777,0.004399939311181915,0,-0.7092021427428219,-0.01107520708437306,0.004401835836747079,0,-1.0525969520151985,1.3273198542285787,0.004303216507358519,0,7.032576483712582,10.79561296588519,9.82927582416034,15850.817922068609,76631.39417839571,1.0,2916250.209803612,4.092788461538461,0
baseline_v2_targetradialspeedmps0p5_s20261002,target_radial_speed_mps,target_radial_speed_mps,0.5,20261002,Baseline V2 controlled single-target case,1.0,0.4,9.0,0.9370420111754768,0.0008745464034807713,0.0006319348085212062,0.004136077698668929,1.0,34.0,0.718583248787581,0.3378745093527875,-0.06892175769555393,0.06595005751534756,53.29791706895108,0.4993222988869062,-0.47682317632771304,0.0,18,180.0,-53.2468982695,0.05101879945107865,60,2200,42,88,49204480,49204480,e5b9285597a04450c97415b2c0e11e421a80568ee76de9277f4c6a406b6667ba,c424eb924cc3179a2a0566d2d37ce8cca2bc3f8d88150018e6e5273e2285bd13,Current legacy CSI [production replay],18.07347832768552,DL-SMI/MVDR local,0.01421543916469492,Current legacy CSI [production replay],18.07347832768552,18.07347832768552,-7.107690989565327,0.0020691093915945987,0,13.408000442771396,-6.726844592413034,0.0005405097860719162,0,13.322255016880561,-6.750805992102667,0.0005974055530268549,0,13.322322963468032,-6.728635591273808,0.0006011986041571841,0,-0.8159536595841144,-0.011174170260667134,0.004399939311181915,0,-0.627976556034918,-0.011170498843334462,0.004396146260051585,0,-0.606903903844803,1.4728049832213994,0.004339250493096647,0,6.971886116742489,10.98987943728472,9.999203848635783,16441.73273203061,84977.30023713915,1.0,2967464.50152658,4.107692307692307,0
baseline_v2_targetradialspeedmps0p5_s20261003,target_radial_speed_mps,target_radial_speed_mps,0.5,20261003,Baseline V2 controlled single-target case,1.0,0.4,9.0,0.9481294812797509,0.0008717087279182676,-0.006686752820575073,0.004198811898283493,1.0,34.0,0.7149041028010312,0.33960740208519713,-0.06888729015482423,0.062176684782326845,52.02396851643629,0.48738729363928274,-0.465425700520136,0.0,18,180.0,-53.2468982695,-1.2229297530637093,60,2200,42,88,49204480,49204480,03d03a90eb569434bd519bb5307da8f0fb80759653b1567bf5549fdb5c0eb1d3,fd272a409a4bf8cc461e92edc387805f1c60da810a32ec9acc25dd9ac2215f92,Current legacy CSI [production replay],15.793774723298451,DL-SMI/MVDR local,-0.04296375152065668,Current legacy CSI [production replay],15.793774723298451,15.793774723298451,-6.865943085985478,0.0017030799575178273,0,14.087657506845169,-6.6854408278600905,0.00018016992869063876,0,14.159497192939643,-6.683669398018007,0.00025223790016689425,0,14.150541624093421,-6.66105522617095,0.0002560309512972235,0,-0.8694386527163083,-0.011141201311421205,0.004407525413442573,0,-0.665164077949731,-0.01114261780310658,0.004390456683356091,0,-0.745387084602493,1.4438473078515592,0.004356319223183128,0,7.110465041053856,11.063835832519558,10.020741944347836,16435.938906997257,82308.98351525077,1.0,2999984.7247506324,4.1,0
baseline_v2_targetradialspeedmps0p5_s20261004,target_radial_speed_mps,target_radial_speed_mps,0.5,20261004,Baseline V2 controlled single-target case,1.0,0.4,9.0,0.9263251244188216,0.0008731864389406981,-0.006635780045024385,0.004388176333235509,1.0,34.0,0.7188610728939064,0.34427368535403813,-0.0690512630532407,0.0629213109072748,52.66410369069449,0.49338440918125537,-0.47115271530343217,0.0,18,180.0,-53.2468982695,-0.5827945788055118,60,2200,42,88,49204480,49204480,85bc0c54374d9f6d86d5f578d00eecf336d8cd0af8cf08a23aec9d899fd187ad,5c71a6c31e20a1e5da74448bd5f9f7974c587bd6585a9afda6bc08a9db588c4b,Current legacy CSI [scientific controlled],19.05963560511745,DL-SMI/MVDR local,-0.04428624360783928,Current legacy CSI [scientific controlled],19.05963560511745,19.053428962540252,-6.96855675505097,0.0019363526020330754,0,15.759507139219417,-6.68062066657011,0.00028447883477469274,0,16.003361948042908,-6.678944598216024,0.0003394780761644667,0,16.020694010304723,-6.656666082310068,0.0003394780761644667,0,-0.9240785239930407,-0.011180609842923824,0.004270975572750721,0,-0.7215552816283424,-0.011178866501920508,0.004325974814140494,0,-1.307949849410619,1.3138185229212915,0.004276665149446215,0,7.170913442870535,11.096183372122855,10.113265193501668,16261.032368642433,83066.32214106145,1.0,2926458.0266922168,4.076923076923077,0
baseline_v2_targetradialspeedmps0p5_s20261005,target_radial_speed_mps,target_radial_speed_mps,0.5,20261005,Baseline V2 controlled single-target case,1.0,0.4,9.0,0.9531504859611146,0.0008722811819100143,-0.006444968950096633,0.003981591213402969,1.0,34.0,0.7075709232536184,0.3119584778958466,-0.07064170165211381,0.06890359123088448,52.54034274181763,0.49222495296037394,-0.4700454788225172,0.0,18,180.0,-53.2468982695,-0.7065555276823707,60,2200,42,88,49204480,49204480,383dad94b6831e1fc1b29e512f8ae76cfbe44cdc3b6a48bd4a20dfddc53bc007,e388570b515b3ca84e606b295148bf3e0d20e0fde7767e0425c6585c0ecd423e,Current legacy CSI [scientific controlled],21.455411860112534,DL-SMI/MVDR local,0.015329756953454066,Current legacy CSI [scientific controlled],21.455411860112534,21.37625341025414,-6.837050448031729,0.002165832195417994,0,18.958790258713773,-6.692906360442992,0.0002446517979062358,0,18.722281253070907,-6.727830319437986,0.0003186162949476559,0,18.75988568011086,-6.68852042465301,0.0003413746017296313,0,-0.7492246066094221,-0.011134801868061749,0.0044189045668335605,0,-0.5706235945281044,-0.011144734294246582,0.004413214990138067,0,-0.611264422944287,1.6499110540185349,0.004363905325443787,0,7.132764305432316,11.129102411085729,10.117719998241537,16186.005059549865,81475.94512662772,1.0,3031805.3038,4.092788461538461,0
baseline_v2_targetradialspeedmps0p5_s20261006,target_radial_speed_mps,target_radial_speed_mps,0.5,20261006,Baseline V2 controlled single-target case,1.0,0.4,9.0,0.9511720975112572,0.0008721229096255959,-0.007590833366302011,0.0038611621676631677,1.0,34.0,0.72237655466906,0.35178969861341924,-0.0678132240940557,0.06274125120818938,52.90132832872653,0.49560685159793616,-0.47327506356194127,0.0,18,180.0,-53.2468982695,-0.34556994077347575,60,2200,42,88,49204480,49204480,cf0faab69e88d5303958780ac38dcee56df4c9efcfe9740f40d288389ff148db,7c5ec9e0332e7e7841103212e81fb1421b607a74b12b328eccbcbb3d1de347ba,Current legacy CSI [production replay],22.92287470631843,DL-SMI/MVDR local,-0.06751712454366121,Current legacy CSI [production replay],22.92287470631843,22.92287470631843,-6.950829220136015,0.0019761796389015326,0,18.586799465822295,-6.703077013554896,0.00019154908208162647,0,18.776657032185195,-6.717414014000824,0.0002655135791230466,0,18.77408703863416,-6.708012879399914,0.00028447883477469274,0,-0.9456036622894604,-0.011245974736137225,0.004322181763010165,0,-0.740109504199558,-0.011241751409697288,0.004362008799878622,0,-1.1076625889427918,1.456981903123912,0.004288044302837202,0,7.046505416681354,10.995878804989657,9.959027319728799,16414.225675311798,82045.00709016902,1.0,2972147.448796438,4.1,0
baseline_v2_targetradialspeedmps0p5_s20261007,target_radial_speed_mps,target_radial_speed_mps,0.5,20261007,Baseline V2 controlled single-target case,1.0,0.4,9.0,0.9113985386007066,0.0008761499578383195,-0.00798049190460754,0.004097053188132602,1.0,34.0,0.7120058465570231,0.3208107503697075,-0.07203439905675517,0.07100420888986733,52.95798785462485,0.496137667177254,-0.4737819724137421,0.0,18,180.0,-53.2468982695,-0.2889104148751547,60,2200,42,88,49204480,49204480,3b274865fa81eb214345662435418796b239bc59711f0664edb1f23550288bd4,21792fb60191a4a3c6e2256386a410823098a876981d7d17f53af06123cb82c9,Current legacy CSI [production replay],17.045194235873446,DL-SMI/MVDR local,-0.05595946861620682,Current legacy CSI [production replay],17.045194235873446,17.045194235873446,-6.887485652880319,0.002296692459414353,0,13.468709939548951,-6.687355555090862,0.00043999393111819146,0,13.423391820487762,-6.691228233426738,0.000527234107115764,0,13.425667119136389,-6.657923343346193,0.0005575785161583978,0,-0.9210040970197833,-0.011290472574797757,0.004339250493096647,0,-0.7321427203957427,-0.011275040451160989,0.004390456683356091,0,-0.9193082828096992,1.386655220041274,0.004270975572750721,0,7.218708688419998,11.253036054792695,10.229616124327823,15724.347006990747,77170.42499416844,1.0,2924871.8228513175,4.122596153846154,0
baseline_v2_targetradialspeedmps0p5_s20261008,target_radial_speed_mps,target_radial_speed_mps,0.5,20261008,Baseline V2 controlled single-target case,1.0,0.4,9.0,0.9400173677818773,0.0008709881591140516,-0.0005515276498486859,0.004548754937369176,1.0,34.0,0.7171586196960378,0.34027172248017695,-0.06730395901330716,0.06521901894926747,53.9014589984017,0.5049765900911583,-0.48222281580497184,0.0,18,180.0,-53.2468982695,0.6545607289016999,60,2200,42,88,49204480,49204480,216d9042470ca120a36b2ece9fefc611af5a6234474a958e5f0880f9a73cd006,d3e8e23ce65a116d82c8a8f713754959cf925db8509122ce7a5960f5c8aa6949,Current legacy CSI [scientific controlled],23.050047037670364,DL-SMI/MVDR local,0.046414541030381784,Current legacy CSI [scientific controlled],23.050047037670364,23.02954022485122,-6.897362210097127,0.0015817023213472918,0,17.729608616616034,-6.724941615676854,0.00021999696555909573,0,17.531851695249628,-6.72725519614864,0.00031292671825216206,0,17.52991343279774,-6.709224739878766,0.0003167197693824913,0,-0.669516140958601,-0.011201910080572225,0.004407525413442573,0,-0.5107484794760895,-0.011206638458684425,0.004420801092398725,0,-0.28002398662992345,1.3389618763200037,0.004286147777272037,0,6.962893284805568,10.920014497174348,9.9152677651531,16703.718977957164,82943.40350150237,1.0,3001177.422313904,4.076923076923077,0
baseline_v2_targetradialspeedmps0p5_s20261009,target_radial_speed_mps,target_radial_speed_mps,0.5,20261009,Baseline V2 controlled single-target case,1.0,0.4,9.0,0.9407699841783502,0.000873279066879206,-0.006998824121147087,0.004115983799784658,1.0,34.0,0.7224662968626719,0.34948306361530695,-0.06926244325165201,0.06329642957403665,52.72971824279456,0.49399912005171315,-0.4717397408171613,0.0,18,180.0,-53.2468982695,-0.5171800267054383,60,2200,42,88,49204480,49204480,0cc70ed20579402d3f48d7e5451b6fa9518cf2808b2ae1efcd236b7f02fc7561,1d08eefd2a52ddcd8c059aa8a8e15e5f8b0b9c2b3a4c46bc1029cfb1a55b90d9,Current legacy CSI [production replay],17.83328578063383,DL-SMI/MVDR local,-0.03008841434706877,Current legacy CSI [production replay],17.83328578063383,17.83328578063383,-7.037349130876961,0.0021487634653315126,0,14.03396519419698,-6.678953384530979,0.0003944773175542406,0,14.34378779100059,-6.69930124908979,0.00043620087998786223,0,14.32852649674404,-6.6801557560433515,0.0004343043544226976,0,-0.9375224339337187,-0.011223003009332575,0.004333560916401153,0,-0.7207989424223262,-0.011225225493577753,0.004367698376574116,0,-0.6933546036948552,1.4041426744889636,0.004382870581095434,0,7.0759960562224835,10.967080454630038,9.945041766710048,15794.733581245557,77741.79467017918,1.0,2972016.466734843,4.107692307692307,0
baseline_v2_targetradialspeedmps0p5_s20261010,target_radial_speed_mps,target_radial_speed_mps,0.5,20261010,Baseline V2 controlled single-target case,1.0,0.4,9.0,0.95813388946469,0.0008676557992087834,0.0003622535225531584,0.0041060948399102735,1.0,34.0,0.7212110842182577,0.35160025213006957,-0.06655758761877241,0.06213974194393997,53.36190131318192,0.4999217361947573,-0.4773956166381279,0.0,18,180.0,-53.2468982695,0.11500304368191819,60,2200,42,88,49204480,49204480,27deccfd4212c1d1380a23167a50af9f7983791a57e14bc606dd4525b18c9fc2,7cc297e488905e86aa4b29f5d2c40b12144864b3cb1c70c6cea9d4998cdc013d,Current legacy CSI [scientific controlled],20.48436278800884,DL-SMI/MVDR local,0.0620216619227425,Current legacy CSI [scientific controlled],20.48436278800884,20.42351009501129,-7.069413135991751,0.0021146260051585495,0,18.160118913542025,-6.72436719787788,0.00030723714155666816,0,17.66641792729394,-6.759195268303634,0.0003299954483386436,0,17.610303148940066,-6.734570881818614,0.00034516765285996055,0,-0.6649504425150319,-0.011375887880924822,0.004312699135184343,0,-0.49067025370629747,-0.01135194852435243,0.004325974814140494,0,-0.2797620156447742,1.6452123952460425,0.004305113032923684,0,7.091233237769808,10.97354463919606,9.92998417586983,17216.692994844594,87209.98460291103,1.0,3022279.491586866,4.084615384615384,0
baseline_v2_targetradialspeedmps1p0_s20261001,target_radial_speed_mps,target_radial_speed_mps,1.0,20261001,Baseline V2 controlled single-target case,1.0,0.4,9.0,0.9303273803163554,0.000869677951869182,-0.005038485059275401,0.004118855846584728,1.0,34.0,0.7200843623929984,0.35022814905888155,-0.06785723205465059,0.06141281363754694,104.9737584202522,0.98344815819705,-0.9391658695799315,0.0,12,120.0,-106.493796539,-1.5200381187478063,54,2200,42,88,49204480,49204480,e3821cda7d3901da471f4be676a8769fb1472f487df0e2b8b1b5e750fe97f2e2,11949757f2435d033f727c153b14d6a2ff78fabd539e30464be80a0fd40b67c9,Current legacy CSI [scientific controlled],9.595970853523987,DL-SMI/MVDR local,0.4671292866789969,Current legacy CSI [scientific controlled],9.595970853523987,9.591533306457322,-0.8390408436396604,0.0018699742072523138,0,3.5475232189261057,-0.8291482280815679,0.00012896373843119405,0,3.6046216657895798,-0.826908533852241,0.0002275830678197542,0,3.612895136876922,-0.8054092382293134,0.0002275830678197542,0,-1.1333964061643442,-0.008950185805086077,0.004399939311181915,0,-0.8919024321966802,-0.008642975402802792,0.004401835836747079,0,-1.606752483503147,1.581357086665037,0.004303216507358519,0,7.032576483712582,10.79561296588519,9.82927582416034,15850.817922068609,76631.39417839571,1.0,2916250.209803612,4.092788461538461,0
baseline_v2_targetradialspeedmps1p0_s20261002,target_radial_speed_mps,target_radial_speed_mps,1.0,20261002,Baseline V2 controlled single-target case,1.0,0.4,9.0,0.9370420111754768,0.0008745464034807713,0.0006319348085212062,0.004136077698668929,1.0,34.0,0.718583248787581,0.3378745093527875,-0.06892175769555393,0.06595005751534756,106.54481533845107,0.9981666274209483,-0.9532228891704556,0.0,12,120.0,-106.493796539,0.05101879945107865,54,2200,42,88,49204480,49204480,36f05de44f3cdc8f22c9d86fdef1fb14c8231b16ec17b2509168eab5c4efbed9,c424eb924cc3179a2a0566d2d37ce8cca2bc3f8d88150018e6e5273e2285bd13,Current legacy CSI [scientific controlled],8.542241717631459,Corrected JDL physical,0.2886283739980371,Current legacy CSI [scientific controlled],8.542241717631459,8.53999634204391,-0.9176974493217267,0.0020311788802913062,0,4.928612685790846,-0.8740585786748554,0.0005348202093764224,0,4.894108063235265,-0.8749140499035112,0.0005974055530268549,0,4.905547444299049,-0.8517645793447897,0.0006011986041571841,0,-1.429706494899456,-0.009113094083969776,0.004399939311181915,0,-1.2466289803332913,-0.008790917594154417,0.004396146260051585,0,0.2886283739980371,1.4081239615088927,0.004339250493096647,0,6.971886116742489,10.98987943728472,9.999203848635783,16441.73273203061,84977.30023713915,1.0,2967464.50152658,4.107692307692307,0
baseline_v2_targetradialspeedmps1p0_s20261003,target_radial_speed_mps,target_radial_speed_mps,1.0,20261003,Baseline V2 controlled single-target case,1.0,0.4,9.0,0.9481294812797509,0.0008717087279182676,-0.006686752820575073,0.004198811898283493,1.0,34.0,0.7149041028010312,0.33960740208519713,-0.06888729015482423,0.062176684782326845,105.27086678593629,0.9862316221733249,-0.9418242400169469,0.0,12,120.0,-106.493796539,-1.2229297530637093,54,2200,42,88,49204480,49204480,aaf9ed44c1494b6b524039aee156c8287ea1bf3bf16a5995a1263cd0cca75f3d,fd272a409a4bf8cc461e92edc387805f1c60da810a32ec9acc25dd9ac2215f92,Current legacy CSI [production replay],12.769670346854959,DL-SMI/MVDR local,0.5076153025887322,Current legacy CSI [production replay],12.769670346854959,12.769670346854959,-0.8452742478650043,0.0017182521620391442,0,6.388520984493766,-0.8103353598532376,0.0001877560309512972,0,6.341042133736046,-0.8110303471065345,0.00025223790016689425,0,6.356526328909297,-0.7882196296632659,0.0002560309512972235,0,-1.1894752224151013,-0.008944159285719934,0.004407525413442573,0,-0.9143041816163588,-0.008639975121505647,0.004390456683356091,0,-2.105472379291694,1.4840178146098033,0.004356319223183128,0,7.110465041053856,11.063835832519558,10.020741944347836,16435.938906997257,82308.98351525077,1.0,2999984.7247506324,4.1,0
baseline_v2_targetradialspeedmps1p0_s20261004,target_radial_speed_mps,target_radial_speed_mps,1.0,20261004,Baseline V2 controlled single-target case,1.0,0.4,9.0,0.9263251244188216,0.0008731864389406981,-0.006635780045024385,0.004388176333235509,1.0,34.0,0.7188610728939064,0.34427368535403813,-0.0690512630532407,0.0629213109072748,105.91100196019448,0.9922287377152975,-0.9475518420267898,0.0,12,120.0,-106.493796539,-0.5827945788055118,54,2200,42,88,49204480,49204480,bb67cd99ed609fa37ffb9a7c70aa47b564f204fd8b92da626549a6c3dd1ee1ea,5c71a6c31e20a1e5da74448bd5f9f7974c587bd6585a9afda6bc08a9db588c4b,Current legacy CSI [scientific controlled],10.01798666094632,DL-SMI/MVDR local,0.29566893052832555,Current legacy CSI [scientific controlled],10.01798666094632,9.988321952507501,-0.8333991708340754,0.001932559550902746,0,5.665326119222399,-0.8271955878771632,0.0002825823092095281,0,5.652007744511405,-0.8186743792370637,0.0003394780761644667,0,5.675135579939777,-0.7960393691055211,0.0003394780761644667,0,-1.058586700823291,-0.008969624596869183,0.004270975572750721,0,-0.8123706709435261,-0.00863586168819298,0.004325974814140494,0,-0.7525392226018788,1.5746463133336728,0.004276665149446215,0,7.170913442870535,11.096183372122855,10.113265193501668,16261.032368642433,83066.32214106145,1.0,2926458.0266922168,4.076923076923077,0
baseline_v2_targetradialspeedmps1p0_s20261005,target_radial_speed_mps,target_radial_speed_mps,1.0,20261005,Baseline V2 controlled single-target case,1.0,0.4,9.0,0.9531504859611146,0.0008722811819100143,-0.006444968950096633,0.003981591213402969,1.0,34.0,0.7075709232536184,0.3119584778958466,-0.07064170165211381,0.06890359123088448,105.78724101131763,0.9910692814944162,-0.9464444916426836,0.0,12,120.0,-106.493796539,-0.7065555276823707,54,2200,42,88,49204480,49204480,775a1a4e88a66e64de1c598b5cc63460ba3586c1f0c8dfdce8010d7c463d4fad,e388570b515b3ca84e606b295148bf3e0d20e0fde7767e0425c6585c0ecd423e,Current legacy CSI [scientific controlled],19.440956201400514,DL-SMI/MVDR local,0.30695746919653644,Current legacy CSI [scientific controlled],19.440956201400514,19.24898437899896,-0.9569022857512504,0.0021449704142011833,0,13.244453799263436,-0.8256559206880494,0.0002446517979062358,0,13.116503236994504,-0.8229888329434583,0.0003186162949476559,0,13.177551916706815,-0.7990849548336381,0.0003413746017296313,0,-1.6190941386581095,-0.00885150746827204,0.0044189045668335605,0,-1.3179235380199472,-0.008530179796793757,0.004413214990138067,0,-1.7513803298070947,1.475759005865479,0.004363905325443787,0,7.132764305432316,11.129102411085729,10.117719998241537,16186.005059549865,81475.94512662772,1.0,3031805.3038,4.092788461538461,0
baseline_v2_targetradialspeedmps1p0_s20261006,target_radial_speed_mps,target_radial_speed_mps,1.0,20261006,Baseline V2 controlled single-target case,1.0,0.4,9.0,0.9511720975112572,0.0008721229096255959,-0.007590833366302011,0.0038611621676631677,1.0,34.0,0.72237655466906,0.35178969861341924,-0.0678132240940557,0.06274125120818938,106.14822659822653,0.9944511801319784,-0.9496744091122444,0.0,12,120.0,-106.493796539,-0.34556994077347575,54,2200,42,88,49204480,49204480,76a70b8346af00e55c29d3e8341d691dc4aa8fa2a10c6d9ab7d391abf8084d09,7c5ec9e0332e7e7841103212e81fb1421b607a74b12b328eccbcbb3d1de347ba,Current legacy CSI [scientific controlled],9.04742890907086,DL-SMI/MVDR local,0.47844426644904914,Current legacy CSI [scientific controlled],9.04742890907086,9.027379022834413,-0.8883935337816091,0.0019723865877712033,0,4.841761239437343,-0.8351960613755326,0.0001953421332119557,0,4.843499525761764,-0.8228899118624302,0.0002655135791230466,0,4.859627609463512,-0.8025059553933539,0.00028447883477469274,0,-1.2906932824074673,-0.008950153731588476,0.004322181763010165,0,-1.0063520219289082,-0.008617747237500369,0.004362008799878622,0,-2.242667958596172,1.4279312050797996,0.004288044302837202,0,7.046505416681354,10.995878804989657,9.959027319728799,16414.225675311798,82045.00709016902,1.0,2972147.448796438,4.1,0
baseline_v2_targetradialspeedmps1p0_s20261007,target_radial_speed_mps,target_radial_speed_mps,1.0,20261007,Baseline V2 controlled single-target case,1.0,0.4,9.0,0.9113985386007066,0.0008761499578383195,-0.00798049190460754,0.004097053188132602,1.0,34.0,0.7120058465570231,0.3208107503697075,-0.07203439905675517,0.07100420888986733,106.20488612412484,0.9949819957112962,-0.9501813703261672,0.0,12,120.0,-106.493796539,-0.2889104148751547,54,2200,42,88,49204480,49204480,7632a45b01a3456913733fc6c92e61a9ed202e1f8d366421be3115abb7ad9d21,21792fb60191a4a3c6e2256386a410823098a876981d7d17f53af06123cb82c9,Current legacy CSI [scientific controlled],11.74790507328288,DL-SMI/MVDR local,0.459573646154535,Current legacy CSI [scientific controlled],11.74790507328288,11.710555486357283,-0.8818604170646427,0.00228720983158853,0,5.803586250110019,-0.8324039910424057,0.0004418904566833561,0,5.730304527201703,-0.8294617081897007,0.000527234107115764,0,5.762887939504186,-0.8036954121205069,0.0005575785161583978,0,-1.3023259378980967,-0.009014080451182039,0.004339250493096647,0,-1.0391884351057357,-0.008682909036926425,0.004390456683356091,0,-1.1018081213190811,1.5208617164643312,0.004270975572750721,0,7.218708688419998,11.253036054792695,10.229616124327823,15724.347006990747,77170.42499416844,1.0,2924871.8228513175,4.122596153846154,0
baseline_v2_targetradialspeedmps1p0_s20261008,target_radial_speed_mps,target_radial_speed_mps,1.0,20261008,Baseline V2 controlled single-target case,1.0,0.4,9.0,0.9400173677818773,0.0008709881591140516,-0.0005515276498486859,0.004548754937369176,1.0,34.0,0.7171586196960378,0.34027172248017695,-0.06730395901330716,0.06521901894926747,107.1483572679017,1.0038209186252005,-0.9586230911132859,0.0,12,120.0,-106.493796539,0.6545607289016999,54,2200,42,88,49204480,49204480,bf09ec8f86b2fc6ad54fa7762b148b864afca335149da2a0da443a33847cefea,d3e8e23ce65a116d82c8a8f713754959cf925db8509122ce7a5960f5c8aa6949,Current legacy CSI [scientific controlled],13.52100047829645,DL-SMI/MVDR local,-0.1938242996333024,Current legacy CSI [scientific controlled],13.52100047829645,13.498318104921374,-0.9662657829361111,0.0015760127446517978,0,10.253426811033485,-0.8671280544158526,0.00021999696555909573,0,10.196965509627525,-0.8666038298965119,0.00031292671825216206,0,10.218042750384814,-0.8446135140206572,0.0003167197693824913,0,-1.7073232338819615,-0.009080603517451566,0.004407525413442573,0,-1.4588513348301824,-0.008787783212097541,0.004420801092398725,0,-1.5933648669421636,1.4158405639045848,0.004286147777272037,0,6.962893284805568,10.920014497174348,9.9152677651531,16703.718977957164,82943.40350150237,1.0,3001177.422313904,4.076923076923077,0
baseline_v2_targetradialspeedmps1p0_s20261009,target_radial_speed_mps,target_radial_speed_mps,1.0,20261009,Baseline V2 controlled single-target case,1.0,0.4,9.0,0.9407699841783502,0.000873279066879206,-0.006998824121147087,0.004115983799784658,1.0,34.0,0.7224662968626719,0.34948306361530695,-0.06926244325165201,0.06329642957403665,105.97661651229457,0.9928434485857555,-0.9481389280009742,0.0,12,120.0,-106.493796539,-0.5171800267054383,54,2200,42,88,49204480,49204480,3e4d2dcc5e698891e4814a5b42450fb1295155ad5a93020517e678a1d570eddf,1d08eefd2a52ddcd8c059aa8a8e15e5f8b0b9c2b3a4c46bc1029cfb1a55b90d9,Current legacy CSI [scientific controlled],8.943234507670926,DL-SMI/MVDR local,0.325721387472548,Current legacy CSI [scientific controlled],8.943234507670926,8.91879216662457,-0.8702775440867354,0.0021601426187225,0,5.118028736429579,-0.8122429628240215,0.0003906842664239114,0,5.133559177912364,-0.8140975295045494,0.00043620087998786223,0,5.15176852777693,-0.7917807972346459,0.0004343043544226976,0,-1.419085429789611,-0.008813195104762282,0.004333560916401153,0,-1.1393627748658304,-0.008502485983846638,0.004367698376574116,0,-3.1363763857936533,1.4911485744980413,0.004382870581095434,0,7.0759960562224835,10.967080454630038,9.945041766710048,15794.733581245557,77741.79467017918,1.0,2972016.466734843,4.107692307692307,0
baseline_v2_targetradialspeedmps1p0_s20261010,target_radial_speed_mps,target_radial_speed_mps,1.0,20261010,Baseline V2 controlled single-target case,1.0,0.4,9.0,0.95813388946469,0.0008676557992087834,0.0003622535225531584,0.0041060948399102735,1.0,34.0,0.7212110842182577,0.35160025213006957,-0.06655758761877241,0.06213974194393997,106.60879958268193,0.9987660647287996,-0.9537953889098023,0.0,12,120.0,-106.493796539,0.11500304368191819,54,2200,42,88,49204480,49204480,b8e7541e9ceca70f03401593d8a19357fc2f4e59a7b77c378b1914694fd96dd0,7cc297e488905e86aa4b29f5d2c40b12144864b3cb1c70c6cea9d4998cdc013d,Current legacy CSI [production replay],17.07630884556802,DL-SMI/MVDR local,-0.11467112298811699,Current legacy CSI [production replay],17.07630884556802,17.07630884556802,-1.0104646735826068,0.0020937642239417385,0,10.2084396845365,-0.8552709523090317,0.00030534061599150355,0,10.13232707868195,-0.8607072214436752,0.0003299954483386436,0,10.14453193267757,-0.8406857915894677,0.00034516765285996055,0,-1.4521948061596248,-0.009276028941344633,0.004312699135184343,0,-1.2154767401313649,-0.008946274056918349,0.004325974814140494,0,-0.660263159451425,1.4733742434903194,0.004305113032923684,0,7.091233237769808,10.97354463919606,9.92998417586983,17216.692994844594,87209.98460291103,1.0,3022279.491586866,4.084615384615384,0
baseline_v2_targetradialspeedmps2p0_s20261001,target_radial_speed_mps,target_radial_speed_mps,2.0,20261001,Baseline V2 controlled single-target case,1.0,0.4,9.0,0.9303273803163554,0.000869677951869182,-0.005038485059275401,0.004118855846584728,1.0,34.0,0.7200843623929984,0.35022814905888155,-0.06785723205465059,0.06141281363754694,211.4675549592522,1.9811368152651345,-1.892190235817908,0.0,2,20.0,-212.987593078,-1.5200381187478063,44,2200,42,88,49204480,49204480,d2fa54d29795946fce643a78e1244c40f79c0b48fea2a2bd90b8d335610a3f53,11949757f2435d033f727c153b14d6a2ff78fabd539e30464be80a0fd40b67c9,Current legacy CSI [scientific controlled],4.568651712642172,Corrected JDL physical,18.63662321449742,Corrected JDL physical,18.63662321449742,4.5678240158733985,4.0961447931274435,0.0018699742072523138,0,-0.14547139090399952,4.157852714950796,0.0001232741617357002,0,-0.42510111996254096,1.7489375728762802,0.0002275830678197542,0,-0.4352988804819127,1.8886141959021718,0.0002275830678197542,0,-1.193041003791869,-0.012598988113571071,0.004399939311181915,0,-1.154254415705097,-0.012581190017059696,0.004401835836747079,0,18.63662321449742,3.0149231217450807,0.004303216507358519,0,7.032576483712582,10.79561296588519,9.82927582416034,15850.817922068609,76631.39417839571,1.0,2916250.209803612,4.092788461538461,0
baseline_v2_targetradialspeedmps2p0_s20261002,target_radial_speed_mps,target_radial_speed_mps,2.0,20261002,Baseline V2 controlled single-target case,1.0,0.4,9.0,0.9370420111754768,0.0008745464034807713,0.0006319348085212062,0.004136077698668929,1.0,34.0,0.718583248787581,0.3378745093527875,-0.06892175769555393,0.06595005751534756,213.03861187745107,1.9958552844890327,-1.9062530638295387,0.0,2,20.0,-212.987593078,0.05101879945107865,44,2200,42,88,49204480,49204480,50b04b99c23357402a8988948cd8f0f469b78236d2b32c12749e0b4bb0d04525,c424eb924cc3179a2a0566d2d37ce8cca2bc3f8d88150018e6e5273e2285bd13,Current legacy CSI [production replay],7.940871618374565,Corrected JDL physical,17.601342638771847,Corrected JDL physical,17.601342638771847,7.940871618374565,4.139867533337695,0.0020785920194204216,0,4.353239455029449,4.158130566372611,0.0005348202093764224,0,3.6212462835747665,1.7286454021385667,0.0005974055530268549,0,3.7233999455477687,1.8880296535428482,0.0006011986041571841,0,-1.7235916974856877,-0.012569811601465307,0.004399939311181915,0,-1.6796270569619622,-0.012553389828877572,0.004396146260051585,0,17.601342638771847,2.8975504826627634,0.004339250493096647,0,6.971886116742489,10.98987943728472,9.999203848635783,16441.73273203061,84977.30023713915,1.0,2967464.50152658,4.107692307692307,0
baseline_v2_targetradialspeedmps2p0_s20261003,target_radial_speed_mps,target_radial_speed_mps,2.0,20261003,Baseline V2 controlled single-target case,1.0,0.4,9.0,0.9481294812797509,0.0008717087279182676,-0.006686752820575073,0.004198811898283493,1.0,34.0,0.7149041028010312,0.33960740208519713,-0.06888729015482423,0.062176684782326845,211.7646633249363,1.9839202792414095,-1.8948497002983657,0.0,2,20.0,-212.987593078,-1.2229297530637093,44,2200,42,88,49204480,49204480,bbe013913ace6c4c3aa618c29725844d80a17251c867ec205bf83e8bed37e784,fd272a409a4bf8cc461e92edc387805f1c60da810a32ec9acc25dd9ac2215f92,Current legacy CSI [production replay],8.638807519792167,Corrected JDL physical,18.920983047538137,Corrected JDL physical,18.920983047538137,8.638807519792167,4.112881852186766,0.001708769534213321,0,3.2896056737465074,4.152600401913099,0.00017827340312547414,0,2.4628938765327746,1.777007622919478,0.00025223790016689425,0,2.5304816702430877,1.8850050622808516,0.0002560309512972235,0,-0.6843059313631024,-0.012558829557271743,0.004407525413442573,0,-0.6383668277643615,-0.012542331882847391,0.004390456683356091,0,18.920983047538137,2.965194144636347,0.004356319223183128,0,7.110465041053856,11.063835832519558,10.020741944347836,16435.938906997257,82308.98351525077,1.0,2999984.7247506324,4.1,0
baseline_v2_targetradialspeedmps2p0_s20261004,target_radial_speed_mps,target_radial_speed_mps,2.0,20261004,Baseline V2 controlled single-target case,1.0,0.4,9.0,0.9263251244188216,0.0008731864389406981,-0.006635780045024385,0.004388176333235509,1.0,34.0,0.7188610728939064,0.34427368535403813,-0.0690512630532407,0.0629213109072748,212.4047984991945,1.9899173947833821,-1.9005796664686303,0.0,2,20.0,-212.987593078,-0.5827945788055118,44,2200,42,88,49204480,49204480,7d13042c9174964b9427ff39e88087ceecc9b3c9af4b8ad8f8cdae3dafb485ba,5c71a6c31e20a1e5da74448bd5f9f7974c587bd6585a9afda6bc08a9db588c4b,Current legacy CSI [scientific controlled],7.698860690720977,Corrected JDL physical,19.729912186635467,Corrected JDL physical,19.729912186635467,7.698402552879159,4.129900528642139,0.00193824912759824,0,4.9738001114734445,4.157088718191745,0.000288271885905022,0,3.0140859045824584,1.710177283446609,0.0003394780761644667,0,3.1235982668828157,1.8223600062598577,0.0003394780761644667,0,-0.10870754647620373,-0.012722629155928259,0.004270975572750721,0,-0.08837412120002597,-0.012706915676877782,0.004325974814140494,0,19.729912186635467,3.027088964168825,0.004276665149446215,0,7.170913442870535,11.096183372122855,10.113265193501668,16261.032368642433,83066.32214106145,1.0,2926458.0266922168,4.076923076923077,0
baseline_v2_targetradialspeedmps2p0_s20261005,target_radial_speed_mps,target_radial_speed_mps,2.0,20261005,Baseline V2 controlled single-target case,1.0,0.4,9.0,0.9531504859611146,0.0008722811819100143,-0.006444968950096633,0.003981591213402969,1.0,34.0,0.7075709232536184,0.3119584778958466,-0.07064170165211381,0.06890359123088448,212.28103755031762,1.9887579385625005,-1.899471858263696,0.0,2,20.0,-212.987593078,-0.7065555276823707,44,2200,42,88,49204480,49204480,37288639dd3d607ed66c88f27b47e8d08dd21995637d92820a55c98fb90aff54,e388570b515b3ca84e606b295148bf3e0d20e0fde7767e0425c6585c0ecd423e,Current legacy CSI [scientific controlled],13.04107011560232,Corrected JDL physical,19.304226648702837,Corrected JDL physical,19.304226648702837,13.0399157191376,4.150820900225148,0.002171521772113488,0,7.912743030315841,4.15533837753192,0.000248444849036565,0,3.9154285748113615,1.5798101460055887,0.0003186162949476559,0,4.13629473795935,1.716585527025671,0.0003413746017296313,0,0.04343936781324231,-0.012521182892057349,0.0044189045668335605,0,0.11147972489895608,-0.012501738076080703,0.004413214990138067,0,19.304226648702837,2.862091785347138,0.004363905325443787,0,7.132764305432316,11.129102411085729,10.117719998241537,16186.005059549865,81475.94512662772,1.0,3031805.3038,4.092788461538461,0
baseline_v2_targetradialspeedmps2p0_s20261006,target_radial_speed_mps,target_radial_speed_mps,2.0,20261006,Baseline V2 controlled single-target case,1.0,0.4,9.0,0.9511720975112572,0.0008721229096255959,-0.007590833366302011,0.0038611621676631677,1.0,34.0,0.72237655466906,0.35178969861341924,-0.0678132240940557,0.06274125120818938,212.64202313722652,1.9921398372000627,-1.9027031121011777,0.0,2,20.0,-212.987593078,-0.34556994077347575,44,2200,42,88,49204480,49204480,d2fc8b15943f8be73a0999c79c6ceae857b89be5557ee72081e819597afb107e,7c5ec9e0332e7e7841103212e81fb1421b607a74b12b328eccbcbb3d1de347ba,Current legacy CSI [scientific controlled],4.414596909173849,Corrected JDL physical,17.866003079675558,Corrected JDL physical,17.866003079675558,4.412555370800586,4.071772095493972,0.001983765741162191,0,0.5686471897465069,4.152260040830679,0.00018965255651646185,0,-0.5020436895742932,1.7373803654831086,0.0002655135791230466,0,-0.508841529045263,1.8324267184000356,0.00028447883477469274,0,-1.6604138971106934,-0.012613037592791011,0.004322181763010165,0,-1.632653166793503,-0.012594032350938566,0.004362008799878622,0,17.866003079675558,2.9910967512779902,0.004288044302837202,0,7.046505416681354,10.995878804989657,9.959027319728799,16414.225675311798,82045.00709016902,1.0,2972147.448796438,4.1,0
baseline_v2_targetradialspeedmps2p0_s20261007,target_radial_speed_mps,target_radial_speed_mps,2.0,20261007,Baseline V2 controlled single-target case,1.0,0.4,9.0,0.9113985386007066,0.0008761499578383195,-0.00798049190460754,0.004097053188132602,1.0,34.0,0.7120058465570231,0.3208107503697075,-0.07203439905675517,0.07100420888986733,212.69868266312486,1.9926706527793807,-1.9032102833441715,0.0,2,20.0,-212.987593078,-0.2889104148751547,44,2200,42,88,49204480,49204480,0f561a268ed6714eb4cf0e98f90b8009180e503ee8e529ca7c69696e169be78a,21792fb60191a4a3c6e2256386a410823098a876981d7d17f53af06123cb82c9,Current legacy CSI [scientific controlled],8.59846642974945,Corrected JDL physical,19.841097672714834,Corrected JDL physical,19.841097672714834,8.598233621993003,4.158664644295805,0.002300485510544682,0,4.608945354342605,4.15380363591685,0.00044758003337884997,0,2.352947498530405,1.5523810319011582,0.000527234107115764,0,2.5329923141774238,1.732028499815299,0.0005575785161583978,0,0.349629143021275,-0.012687262047922348,0.004339250493096647,0,0.3995343067825736,-0.012669433503392672,0.004390456683356091,0,19.841097672714834,3.069526282597444,0.004270975572750721,0,7.218708688419998,11.253036054792695,10.229616124327823,15724.347006990747,77170.42499416844,1.0,2924871.8228513175,4.122596153846154,0
baseline_v2_targetradialspeedmps2p0_s20261008,target_radial_speed_mps,target_radial_speed_mps,2.0,20261008,Baseline V2 controlled single-target case,1.0,0.4,9.0,0.9400173677818773,0.0008709881591140516,-0.0005515276498486859,0.004548754937369176,1.0,34.0,0.7171586196960378,0.34027172248017695,-0.06730395901330716,0.06521901894926747,213.64215380690172,2.001509575693285,-1.91165551243969,0.0,2,20.0,-212.987593078,0.6545607289016999,44,2200,42,88,49204480,49204480,6f17467ef7add95952b460c92703ef27f4ba242266abc6f69528acea23190482,d3e8e23ce65a116d82c8a8f713754959cf925db8509122ce7a5960f5c8aa6949,Current legacy CSI [production replay],12.609830428993572,Corrected JDL physical,18.37411720389704,Corrected JDL physical,18.37411720389704,12.609830428993572,4.148840752638011,0.0015835988469124565,0,6.506013932287868,4.1571227312850905,0.00022189349112426034,0,5.2387887469630705,1.7011568381009505,0.00031292671825216206,0,5.354922215514389,1.820621053154081,0.0003167197693824913,0,-0.9285675787159846,-0.01260474452546325,0.004407525413442573,0,-0.85777245481421,-0.012590350602257706,0.004420801092398725,0,18.37411720389704,2.912172135577781,0.004286147777272037,0,6.962893284805568,10.920014497174348,9.9152677651531,16703.718977957164,82943.40350150237,1.0,3001177.422313904,4.076923076923077,0
baseline_v2_targetradialspeedmps2p0_s20261009,target_radial_speed_mps,target_radial_speed_mps,2.0,20261009,Baseline V2 controlled single-target case,1.0,0.4,9.0,0.9407699841783502,0.000873279066879206,-0.006998824121147087,0.004115983799784658,1.0,34.0,0.7224662968626719,0.34948306361530695,-0.06926244325165201,0.06329642957403665,212.47041305129457,1.9905321056538399,-1.901166995311187,0.0,2,20.0,-212.987593078,-0.5171800267054383,44,2200,42,88,49204480,49204480,a77e808c4c6b5583e5f7c43bbeeba263e2faa5d1970e2cd22e2d7dce10b32a47,1d08eefd2a52ddcd8c059aa8a8e15e5f8b0b9c2b3a4c46bc1029cfb1a55b90d9,Current legacy CSI [production replay],8.604364505092178,Corrected JDL physical,18.26832947827688,Corrected JDL physical,18.26832947827688,8.604364505092178,4.111872870725451,0.002137384311940525,0,2.996314186533759,4.157789373079531,0.00040206341981489913,0,2.0543330711331684,1.6920591968835976,0.00043620087998786223,0,2.120263338344582,1.8158054328859061,0.0004343043544226976,0,-1.4247450821446783,-0.012579181539010602,0.004333560916401153,0,-1.356358943388436,-0.012564181813199422,0.004367698376574116,0,18.26832947827688,2.7675344402288515,0.004382870581095434,0,7.0759960562224835,10.967080454630038,9.945041766710048,15794.733581245557,77741.79467017918,1.0,2972016.466734843,4.107692307692307,0
baseline_v2_targetradialspeedmps2p0_s20261010,target_radial_speed_mps,target_radial_speed_mps,2.0,20261010,Baseline V2 controlled single-target case,1.0,0.4,9.0,0.95813388946469,0.0008676557992087834,0.0003622535225531584,0.0041060948399102735,1.0,34.0,0.7212110842182577,0.35160025213006957,-0.06655758761877241,0.06213974194393997,213.10259612168193,1.996454721796884,-1.906825801346262,0.0,2,20.0,-212.987593078,0.11500304368191819,44,2200,42,88,49204480,49204480,8f72daa3513ca61ce4c8dca0f5897c224d2f7d0137a0350bca2a50f47aacc525,7cc297e488905e86aa4b29f5d2c40b12144864b3cb1c70c6cea9d4998cdc013d,Current legacy CSI [production replay],7.512928122448031,Corrected JDL physical,20.014501837842445,Corrected JDL physical,20.014501837842445,7.512928122448031,4.1068323237480495,0.002122212107419208,0,4.897906429891819,4.165449080247982,0.00030913366712183283,0,6.854632830411951,1.797118702427343,0.0003299954483386436,0,6.875346211779728,1.8616525011208076,0.00034516765285996055,0,-0.7629810605914997,-0.01266801499842358,0.004312699135184343,0,-0.6751217922138437,-0.012649016307285984,0.004325974814140494,0,20.014501837842445,2.890477331330823,0.004305113032923684,0,7.091233237769808,10.97354463919606,9.92998417586983,17216.692994844594,87209.98460291103,1.0,3022279.491586866,4.084615384615384,0
baseline_v2_targetradialspeedmps3p0_s20261001,target_radial_speed_mps,target_radial_speed_mps,3.0,20261001,Baseline V2 controlled single-target case,1.0,0.4,9.0,0.9303273803163554,0.000869677951869182,-0.005038485059275401,0.004118855846584728,1.0,34.0,0.7200843623929984,0.35022814905888155,-0.06785723205465059,0.06141281363754694,317.96135149825216,2.9788254723332184,-2.845738654047097,0.0,-9,-90.0,-319.481389617,-1.5200381187478063,33,2200,42,88,49204480,49204480,c20c49a21298fc7537b2c08b2ad47395af1b4bbfc8d1cd8c11d0c28726ef85d5,11949757f2435d033f727c153b14d6a2ff78fabd539e30464be80a0fd40b67c9,Current legacy CSI [production replay],0.0,Corrected JDL physical,19.539115497859676,Corrected JDL physical,19.539115497859676,0.0,0.0,0.0018699742072523138,0,0.0,0.0,0.0001232741617357002,0,0.0,0.0,0.0002275830678197542,0,0.0,0.0,0.0002275830678197542,0,-0.9109395911183071,-0.012073405343081864,0.004399939311181915,0,-0.9022773175825733,-0.012058931392118083,0.004401835836747079,0,19.539115497859676,2.7935218161816575,0.004303216507358519,0,7.032576483712582,10.79561296588519,9.82927582416034,15850.817922068609,76631.39417839571,1.0,2916250.209803612,4.092788461538461,0
baseline_v2_targetradialspeedmps3p0_s20261002,target_radial_speed_mps,target_radial_speed_mps,3.0,20261002,Baseline V2 controlled single-target case,1.0,0.4,9.0,0.9370420111754768,0.0008745464034807713,0.0006319348085212062,0.004136077698668929,1.0,34.0,0.718583248787581,0.3378745093527875,-0.06892175769555393,0.06595005751534756,319.53240841645106,2.993543941557117,-2.859811196717302,0.0,-9,-90.0,-319.481389617,0.05101879945107865,33,2200,42,88,49204480,49204480,844826aad67c983d99caccd31b24b9723ad603e35e072383fe633cd5ee68ac2b,c424eb924cc3179a2a0566d2d37ce8cca2bc3f8d88150018e6e5273e2285bd13,Current legacy CSI [production replay],0.0,Corrected JDL physical,18.77368820215907,Corrected JDL physical,18.77368820215907,0.0,0.0,0.002076695493855257,0,0.0,0.0,0.0005291306326809285,0,0.0,0.0,0.0005974055530268549,0,0.0,0.0,0.0006011986041571841,0,-1.3148865780542174,-0.012113335028199938,0.004399939311181915,0,-1.3196509869823316,-0.012100326530947572,0.004396146260051585,0,18.77368820215907,2.6882155430235013,0.004339250493096647,0,6.971886116742489,10.98987943728472,9.999203848635783,16441.73273203061,84977.30023713915,1.0,2967464.50152658,4.107692307692307,0
baseline_v2_targetradialspeedmps3p0_s20261003,target_radial_speed_mps,target_radial_speed_mps,3.0,20261003,Baseline V2 controlled single-target case,1.0,0.4,9.0,0.9481294812797509,0.0008717087279182676,-0.006686752820575073,0.004198811898283493,1.0,34.0,0.7149041028010312,0.33960740208519713,-0.06888729015482423,0.062176684782326845,318.2584598639363,2.981608936309494,-2.848399951272069,0.0,-9,-90.0,-319.481389617,-1.2229297530637093,33,2200,42,88,49204480,49204480,1e494857a64be360a08befdb8129e680ae5b1758675ee9892323c1ea7b2911ae,fd272a409a4bf8cc461e92edc387805f1c60da810a32ec9acc25dd9ac2215f92,Current legacy CSI [production replay],0.0,Corrected JDL physical,19.50896919237023,Corrected JDL physical,19.50896919237023,0.0,0.0,0.0017068730086481567,0,0.0,0.0,0.0001763768775603095,0,0.0,0.0,0.00025223790016689425,0,0.0,0.0,0.0002560309512972235,0,-0.6141861653580705,-0.012072669526639533,0.004407525413442573,0,-0.6056590425923005,-0.01205951830721404,0.004390456683356091,0,19.50896919237023,2.7485485884258214,0.004356319223183128,0,7.110465041053856,11.063835832519558,10.020741944347836,16435.938906997257,82308.98351525077,1.0,2999984.7247506324,4.1,0
baseline_v2_targetradialspeedmps3p0_s20261004,target_radial_speed_mps,target_radial_speed_mps,3.0,20261004,Baseline V2 controlled single-target case,1.0,0.4,9.0,0.9263251244188216,0.0008731864389406981,-0.006635780045024385,0.004388176333235509,1.0,34.0,0.7188610728939064,0.34427368535403813,-0.0690512630532407,0.0629213109072748,318.89859503819446,2.987606051851466,-2.8541338732066786,0.0,-9,-90.0,-319.481389617,-0.5827945788055118,33,2200,42,88,49204480,49204480,762e93ca05766be78d2f21831a5958e0d9dbb19e06f3e2eb4db0c4323c96f133,5c71a6c31e20a1e5da74448bd5f9f7974c587bd6585a9afda6bc08a9db588c4b,Current legacy CSI [production replay],0.0,Corrected JDL physical,20.421396474395998,Corrected JDL physical,20.421396474395998,0.0,0.0,0.0019363526020330754,0,0.0,0.0,0.000288271885905022,0,0.0,0.0,0.0003394780761644667,0,0.0,0.0,0.0003394780761644667,0,0.04130180397975636,-0.012226596908920008,0.004270975572750721,0,0.03550794146492109,-0.012213745697230804,0.004325974814140494,0,20.421396474395998,2.8089420491719004,0.004276665149446215,0,7.170913442870535,11.096183372122855,10.113265193501668,16261.032368642433,83066.32214106145,1.0,2926458.0266922168,4.076923076923077,0
baseline_v2_targetradialspeedmps3p0_s20261005,target_radial_speed_mps,target_radial_speed_mps,3.0,20261005,Baseline V2 controlled single-target case,1.0,0.4,9.0,0.9531504859611146,0.0008722811819100143,-0.006444968950096633,0.003981591213402969,1.0,34.0,0.7075709232536184,0.3119584778958466,-0.07064170165211381,0.06890359123088448,318.7748340893176,2.986446595630585,-2.853025299463441,0.0,-9,-90.0,-319.481389617,-0.7065555276823707,33,2200,42,88,49204480,49204480,dd1f270450f9df34eb0ed3d265122ef23c889452a289691fbd45de27647dc233,e388570b515b3ca84e606b295148bf3e0d20e0fde7767e0425c6585c0ecd423e,Current legacy CSI [production replay],0.0,Corrected JDL physical,19.81715522523932,Corrected JDL physical,19.81715522523932,0.0,0.0,0.002165832195417994,0,0.0,0.0,0.000248444849036565,0,0.0,0.0,0.0003186162949476559,0,0.0,0.0,0.0003413746017296313,0,-0.21403493231099446,-0.011988411576825736,0.0044189045668335605,0,-0.19675850528150107,-0.011973435348737724,0.004413214990138067,0,19.81715522523932,2.63693753472149,0.004363905325443787,0,7.132764305432316,11.129102411085729,10.117719998241537,16186.005059549865,81475.94512662772,1.0,3031805.3038,4.092788461538461,0
baseline_v2_targetradialspeedmps3p0_s20261006,target_radial_speed_mps,target_radial_speed_mps,3.0,20261006,Baseline V2 controlled single-target case,1.0,0.4,9.0,0.9511720975112572,0.0008721229096255959,-0.007590833366302011,0.0038611621676631677,1.0,34.0,0.72237655466906,0.35178969861341924,-0.0678132240940557,0.06274125120818938,319.1358196762265,2.989828494268147,-2.8562587872232696,0.0,-9,-90.0,-319.481389617,-0.34556994077347575,33,2200,42,88,49204480,49204480,5471f5b0797924b25b9493652d3d91e1d19df4534f0f2b17625af61b4e91e388,7c5ec9e0332e7e7841103212e81fb1421b607a74b12b328eccbcbb3d1de347ba,Current legacy CSI [production replay],0.0,Corrected JDL physical,18.833075425919112,Corrected JDL physical,18.833075425919112,0.0,0.0,0.00198755879229252,0,0.0,0.0,0.00018965255651646185,0,0.0,0.0,0.0002655135791230466,0,0.0,0.0,0.00028447883477469274,0,-1.3233271971774911,-0.012072667474037905,0.004322181763010165,0,-1.3268452349855195,-0.012057910422378864,0.004362008799878622,0,18.833075425919112,2.7519968103959562,0.004288044302837202,0,7.046505416681354,10.995878804989657,9.959027319728799,16414.225675311798,82045.00709016902,1.0,2972147.448796438,4.1,0
baseline_v2_targetradialspeedmps3p0_s20261007,target_radial_speed_mps,target_radial_speed_mps,3.0,20261007,Baseline V2 controlled single-target case,1.0,0.4,9.0,0.9113985386007066,0.0008761499578383195,-0.00798049190460754,0.004097053188132602,1.0,34.0,0.7120058465570231,0.3208107503697075,-0.07203439905675517,0.07100420888986733,319.19247920212484,2.9903593098474652,-2.8567663093749305,0.0,-9,-90.0,-319.481389617,-0.2889104148751547,33,2200,42,88,49204480,49204480,6471f185e6f3505506fac7fcc54171adeb3595b726c27cf0b15efed3c3371880,21792fb60191a4a3c6e2256386a410823098a876981d7d17f53af06123cb82c9,Current legacy CSI [production replay],0.0,Corrected JDL physical,20.58368718365218,Corrected JDL physical,20.58368718365218,0.0,0.0,0.0023042785616750115,0,0.0,0.0,0.00044758003337884997,0,0.0,0.0,0.000527234107115764,0,0.0,0.0,0.0005575785161583978,0,0.22610239961769452,-0.01217244791330177,0.004339250493096647,0,0.23300377311296927,-0.012158148335666584,0.004390456683356091,0,20.58368718365218,2.832017803469533,0.004270975572750721,0,7.218708688419998,11.253036054792695,10.229616124327823,15724.347006990747,77170.42499416844,1.0,2924871.8228513175,4.122596153846154,0
baseline_v2_targetradialspeedmps3p0_s20261008,target_radial_speed_mps,target_radial_speed_mps,3.0,20261008,Baseline V2 controlled single-target case,1.0,0.4,9.0,0.9400173677818773,0.0008709881591140516,-0.0005515276498486859,0.004548754937369176,1.0,34.0,0.7171586196960378,0.34027172248017695,-0.06730395901330716,0.06521901894926747,320.1359503459017,2.999198232761369,-2.8652173927028124,0.0,-9,-90.0,-319.481389617,0.6545607289016999,33,2200,42,88,49204480,49204480,3fa2672072c370314f8c64eb1e6c0b38db55e01b94ebf9fd65ee30db337eefb6,d3e8e23ce65a116d82c8a8f713754959cf925db8509122ce7a5960f5c8aa6949,Current legacy CSI [production replay],0.0,Corrected JDL physical,18.830409602928512,Corrected JDL physical,18.830409602928512,0.0,0.0,0.0015835988469124565,0,0.0,0.0,0.00021999696555909573,0,0.0,0.0,0.00031292671825216206,0,0.0,0.0,0.0003167197693824913,0,-1.1459173978656736,-0.012142144247807733,0.004407525413442573,0,-1.1455251995067641,-0.01213029114687171,0.004420801092398725,0,18.830409602928512,2.704804864804513,0.004286147777272037,0,6.962893284805568,10.920014497174348,9.9152677651531,16703.718977957164,82943.40350150237,1.0,3001177.422313904,4.076923076923077,0
baseline_v2_targetradialspeedmps3p0_s20261009,target_radial_speed_mps,target_radial_speed_mps,3.0,20261009,Baseline V2 controlled single-target case,1.0,0.4,9.0,0.9407699841783502,0.000873279066879206,-0.006998824121147087,0.004115983799784658,1.0,34.0,0.7224662968626719,0.34948306361530695,-0.06926244325165201,0.06329642957403665,318.96420959029456,2.9882207627219244,-2.8547216080614226,0.0,-9,-90.0,-319.481389617,-0.5171800267054383,33,2200,42,88,49204480,49204480,5ca60bbc775c8210809cbd6afb1d965dfbeeba99f978c19c3cc38524175a76f9,1d08eefd2a52ddcd8c059aa8a8e15e5f8b0b9c2b3a4c46bc1029cfb1a55b90d9,Current legacy CSI [production replay],0.0,Corrected JDL physical,18.450822732338004,Corrected JDL physical,18.450822732338004,0.0,0.0,0.0021449704142011833,0,0.0,0.0,0.00040016689424973446,0,0.0,0.0,0.00043620087998786223,0,0.0,0.0,0.0004343043544226976,0,-1.468068086525875,-0.01203729518047857,0.004333560916401153,0,-1.4448419344928851,-0.01202468446965187,0.004367698376574116,0,18.450822732338004,2.5381527497369922,0.004382870581095434,0,7.0759960562224835,10.967080454630038,9.945041766710048,15794.733581245557,77741.79467017918,1.0,2972016.466734843,4.107692307692307,0
baseline_v2_targetradialspeedmps3p0_s20261010,target_radial_speed_mps,target_radial_speed_mps,3.0,20261010,Baseline V2 controlled single-target case,1.0,0.4,9.0,0.95813388946469,0.0008676557992087834,0.0003622535225531584,0.0041060948399102735,1.0,34.0,0.7212110842182577,0.35160025213006957,-0.06655758761877241,0.06213974194393997,319.5963926606819,2.994143378864968,-2.860384331106326,0.0,-9,-90.0,-319.481389617,0.11500304368191819,33,2200,42,88,49204480,49204480,b0f3da2fe5cb72590733f50922d3aa491c9d0328505cdcb7f85857358e9990ec,7cc297e488905e86aa4b29f5d2c40b12144864b3cb1c70c6cea9d4998cdc013d,Current legacy CSI [production replay],0.0,Corrected JDL physical,18.804151407276755,Corrected JDL physical,18.804151407276755,0.0,0.0,0.002122212107419208,0,0.0,0.0,0.00030913366712183283,0,0.0,0.0,0.0003299954483386436,0,0.0,0.0,0.00034516765285996055,0,-1.0281299988684083,-0.012166660270440494,0.004312699135184343,0,-1.022138995243509,-0.01215252717603029,0.004325974814140494,0,18.804151407276755,2.676655455775009,0.004305113032923684,0,7.091233237769808,10.97354463919606,9.92998417586983,17216.692994844594,87209.98460291103,1.0,3022279.491586866,4.084615384615384,0
baseline_v2_targetradialspeedmps4p0_s20261001,target_radial_speed_mps,target_radial_speed_mps,4.0,20261001,Baseline V2 controlled single-target case,1.0,0.4,9.0,0.9303273803163554,0.000869677951869182,-0.005038485059275401,0.004118855846584728,1.0,34.0,0.7200843623929984,0.35022814905888155,-0.06785723205465059,0.06141281363754694,424.4551480372522,3.976514129401303,-3.8000766635742043,0.0,-20,-200.0,-425.975186156,-1.5200381187478063,22,2200,42,88,49204480,49204480,7582d4e3a880e3990201b2cbbd2f9e5ec0eea1c0431331f879f605e3f5832e2a,11949757f2435d033f727c153b14d6a2ff78fabd539e30464be80a0fd40b67c9,Current legacy CSI [production replay],0.0,Corrected JDL physical,20.27887462455154,Corrected JDL physical,20.27887462455154,0.0,0.0,0.0018604915794264907,0,0.0,0.0,0.00011948111060537096,0,0.0,0.0,0.0002275830678197542,0,0.0,0.0,0.0002275830678197542,0,-0.8214419742057189,-0.011750779137880477,0.004399939311181915,0,-0.8200916293710989,-0.01173720208984556,0.004401835836747079,0,20.27887462455154,3.212091955762207,0.004303216507358519,0,7.032576483712582,10.79561296588519,9.82927582416034,15850.817922068609,76631.39417839571,1.0,2916250.209803612,4.092788461538461,0
baseline_v2_targetradialspeedmps4p0_s20261002,target_radial_speed_mps,target_radial_speed_mps,4.0,20261002,Baseline V2 controlled single-target case,1.0,0.4,9.0,0.9370420111754768,0.0008745464034807713,0.0006319348085212062,0.004136077698668929,1.0,34.0,0.718583248787581,0.3378745093527875,-0.06892175769555393,0.06595005751534756,426.0262049554511,3.9912325986252015,-3.8141628514446695,0.0,-20,-200.0,-425.975186156,0.05101879945107865,22,2200,42,88,49204480,49204480,8e736ad926f053267c205c70ccf7745f99851b174aa25d34501fbabe1b88a0bf,c424eb924cc3179a2a0566d2d37ce8cca2bc3f8d88150018e6e5273e2285bd13,Current legacy CSI [production replay],0.0,Corrected JDL physical,19.37518027234549,Corrected JDL physical,19.37518027234549,0.0,0.0,0.0020747989682900927,0,0.0,0.0,0.0005310271582460932,0,0.0,0.0,0.0005974055530268549,0,0.0,0.0,0.0006011986041571841,0,-1.1550668239709196,-0.011974153290761992,0.004399939311181915,0,-1.1621252178909813,-0.011961347327313313,0.004396146260051585,0,19.37518027234549,2.996421037162234,0.004339250493096647,0,6.971886116742489,10.98987943728472,9.999203848635783,16441.73273203061,84977.30023713915,1.0,2967464.50152658,4.107692307692307,0
baseline_v2_targetradialspeedmps4p0_s20261003,target_radial_speed_mps,target_radial_speed_mps,4.0,20261003,Baseline V2 controlled single-target case,1.0,0.4,9.0,0.9481294812797509,0.0008717087279182676,-0.006686752820575073,0.004198811898283493,1.0,34.0,0.7149041028010312,0.33960740208519713,-0.06888729015482423,0.062176684782326845,424.7522564029363,3.9792975933775785,-3.8027405368298353,0.0,-20,-200.0,-425.975186156,-1.2229297530637093,22,2200,42,88,49204480,49204480,c55366c47a8f89c45908e7dae2c067c1e67f37b0b0cc48020d4bebc09e21f767,fd272a409a4bf8cc461e92edc387805f1c60da810a32ec9acc25dd9ac2215f92,Current legacy CSI [production replay],0.0,Corrected JDL physical,20.199311152420677,Corrected JDL physical,20.199311152420677,0.0,0.0,0.0017011834319526626,0,0.0,0.0,0.0001744803519951449,0,0.0,0.0,0.00025223790016689425,0,0.0,0.0,0.0002560309512972235,0,-0.564078756600388,-0.011765087586775353,0.004407525413442573,0,-0.5633570637761878,-0.011751468791747276,0.004390456683356091,0,20.199311152420677,3.1537558819357647,0.004356319223183128,0,7.110465041053856,11.063835832519558,10.020741944347836,16435.938906997257,82308.98351525077,1.0,2999984.7247506324,4.1,0
baseline_v2_targetradialspeedmps4p0_s20261004,target_radial_speed_mps,target_radial_speed_mps,4.0,20261004,Baseline V2 controlled single-target case,1.0,0.4,9.0,0.9263251244188216,0.0008731864389406981,-0.006635780045024385,0.004388176333235509,1.0,34.0,0.7188610728939064,0.34427368535403813,-0.0690512630532407,0.0629213109072748,425.3923915771945,3.9852947089195507,-3.8084800160292223,0.0,-20,-200.0,-425.975186156,-0.5827945788055118,22,2200,42,88,49204480,49204480,0fe2e2c141f285c305846a0782f2333b3363d79dee8622e040ea0d587a1257c0,5c71a6c31e20a1e5da74448bd5f9f7974c587bd6585a9afda6bc08a9db588c4b,Current legacy CSI [production replay],0.0,Corrected JDL physical,21.031468578853584,Corrected JDL physical,21.031468578853584,0.0,0.0,0.0019306630253375816,0,0.0,0.0,0.000288271885905022,0,0.0,0.0,0.0003394780761644667,0,0.0,0.0,0.0003394780761644667,0,0.09626150307212811,-0.01190656431022779,0.004270975572750721,0,0.09046769202130633,-0.011893295798955381,0.004325974814140494,0,21.031468578853584,3.200804228744716,0.004276665149446215,0,7.170913442870535,11.096183372122855,10.113265193501668,16261.032368642433,83066.32214106145,1.0,2926458.0266922168,4.076923076923077,0
baseline_v2_targetradialspeedmps4p0_s20261005,target_radial_speed_mps,target_radial_speed_mps,4.0,20261005,Baseline V2 controlled single-target case,1.0,0.4,9.0,0.9531504859611146,0.0008722811819100143,-0.006444968950096633,0.003981591213402969,1.0,34.0,0.7075709232536184,0.3119584778958466,-0.07064170165211381,0.06890359123088448,425.2686306283176,3.9841352526986693,-3.8073703671149706,0.0,-20,-200.0,-425.975186156,-0.7065555276823707,22,2200,42,88,49204480,49204480,96875ed0db0e15a1d4ffefa459bf97da257e531c51cc441c029eba02b87ffa2e,e388570b515b3ca84e606b295148bf3e0d20e0fde7767e0425c6585c0ecd423e,Current legacy CSI [production replay],0.0,Corrected JDL physical,20.427961011437098,Corrected JDL physical,20.427961011437098,0.0,0.0,0.002162039144287665,0,0.0,0.0,0.000248444849036565,0,0.0,0.0,0.0003186162949476559,0,0.0,0.0,0.0003413746017296313,0,-0.265429507402672,-0.011651516720456397,0.0044189045668335605,0,-0.25921152326895935,-0.011637231077030913,0.004413214990138067,0,20.427961011437098,3.0822197365006816,0.004363905325443787,0,7.132764305432316,11.129102411085729,10.117719998241537,16186.005059549865,81475.94512662772,1.0,3031805.3038,4.092788461538461,0
baseline_v2_targetradialspeedmps4p0_s20261006,target_radial_speed_mps,target_radial_speed_mps,4.0,20261006,Baseline V2 controlled single-target case,1.0,0.4,9.0,0.9511720975112572,0.0008721229096255959,-0.007590833366302011,0.0038611621676631677,1.0,34.0,0.72237655466906,0.35178969861341924,-0.0678132240940557,0.06274125120818938,425.6296162152265,3.9875171513362315,-3.810606991940459,0.0,-20,-200.0,-425.975186156,-0.34556994077347575,22,2200,42,88,49204480,49204480,38077fb84c07115a3cd1f3751c487fa50c7e48976436c051c7fb5f343f94e1a4,7c5ec9e0332e7e7841103212e81fb1421b607a74b12b328eccbcbb3d1de347ba,Current legacy CSI [production replay],0.0,Corrected JDL physical,19.54311105703789,Corrected JDL physical,19.54311105703789,0.0,0.0,0.0019856622667273555,0,0.0,0.0,0.00019154908208162647,0,0.0,0.0,0.0002655135791230466,0,0.0,0.0,0.00028447883477469274,0,-1.1675958209907122,-0.011716954923022478,0.004322181763010165,0,-1.173881072173728,-0.011702047417430153,0.004362008799878622,0,19.54311105703789,3.180118975270916,0.004288044302837202,0,7.046505416681354,10.995878804989657,9.959027319728799,16414.225675311798,82045.00709016902,1.0,2972147.448796438,4.1,0
baseline_v2_targetradialspeedmps4p0_s20261007,target_radial_speed_mps,target_radial_speed_mps,4.0,20261007,Baseline V2 controlled single-target case,1.0,0.4,9.0,0.9113985386007066,0.0008761499578383195,-0.00798049190460754,0.004097053188132602,1.0,34.0,0.7120058465570231,0.3208107503697075,-0.07203439905675517,0.07100420888986733,425.68627574112486,3.9880479669155497,-3.8111150067583015,0.0,-20,-200.0,-425.975186156,-0.2889104148751547,22,2200,42,88,49204480,49204480,26fdc5cf8befe04c4668810cb210db49d46e4044c7690ea3c6078a14dc002465,21792fb60191a4a3c6e2256386a410823098a876981d7d17f53af06123cb82c9,Current legacy CSI [production replay],0.0,Corrected JDL physical,21.152086441673006,Corrected JDL physical,21.152086441673006,0.0,0.0,0.002300485510544682,0,0.0,0.0,0.0004513730845091792,0,0.0,0.0,0.000527234107115764,0,0.0,0.0,0.0005575785161583978,0,0.20898515966436548,-0.011826386449537778,0.004339250493096647,0,0.21045497079029474,-0.011811708527765719,0.004390456683356091,0,21.152086441673006,3.24044285407755,0.004270975572750721,0,7.218708688419998,11.253036054792695,10.229616124327823,15724.347006990747,77170.42499416844,1.0,2924871.8228513175,4.122596153846154,0
baseline_v2_targetradialspeedmps4p0_s20261008,target_radial_speed_mps,target_radial_speed_mps,4.0,20261008,Baseline V2 controlled single-target case,1.0,0.4,9.0,0.9400173677818773,0.0008709881591140516,-0.0005515276498486859,0.004548754937369176,1.0,34.0,0.7171586196960378,0.34027172248017695,-0.06730395901330716,0.06521901894926747,426.6297468849017,3.9968868898294536,-3.8195743048891484,0.0,-20,-200.0,-425.975186156,0.6545607289016999,22,2200,42,88,49204480,49204480,c2ece73fa7734a0e193563a7774faf247d90f9fb5d88d358cb1d9c04381a1492,d3e8e23ce65a116d82c8a8f713754959cf925db8509122ce7a5960f5c8aa6949,Current legacy CSI [production replay],0.0,Corrected JDL physical,19.50174649075231,Corrected JDL physical,19.50174649075231,0.0,0.0,0.001585495372477621,0,0.0,0.0,0.00021999696555909573,0,0.0,0.0,0.00031292671825216206,0,0.0,0.0,0.0003167197693824913,0,-1.194345513623233,-0.011998899152091014,0.004407525413442573,0,-1.2004922131466174,-0.011987787553310144,0.004420801092398725,0,19.50174649075231,3.009477216775664,0.004286147777272037,0,6.962893284805568,10.920014497174348,9.9152677651531,16703.718977957164,82943.40350150237,1.0,3001177.422313904,4.076923076923077,0
baseline_v2_targetradialspeedmps4p0_s20261009,target_radial_speed_mps,target_radial_speed_mps,4.0,20261009,Baseline V2 controlled single-target case,1.0,0.4,9.0,0.9407699841783502,0.000873279066879206,-0.006998824121147087,0.004115983799784658,1.0,34.0,0.7224662968626719,0.34948306361530695,-0.06926244325165201,0.06329642957403665,425.4580061292946,3.985909419790009,-3.8090683210557406,0.0,-20,-200.0,-425.975186156,-0.5171800267054383,22,2200,42,88,49204480,49204480,28b83678c17a5b074d2a5ba1f35747c7ee02db8908958c585d192afa842e8e40,1d08eefd2a52ddcd8c059aa8a8e15e5f8b0b9c2b3a4c46bc1029cfb1a55b90d9,Current legacy CSI [production replay],0.0,Corrected JDL physical,19.144581036648155,Corrected JDL physical,19.144581036648155,0.0,0.0,0.0021411773630708544,0,0.0,0.0,0.00039637384311940523,0,0.0,0.0,0.00043620087998786223,0,0.0,0.0,0.0004343043544226976,0,-1.5473373440401375,-0.011696055779873624,0.004333560916401153,0,-1.5397255260766016,-0.011682475429836197,0.004367698376574116,0,19.144581036648155,3.0041009132284198,0.004382870581095434,0,7.0759960562224835,10.967080454630038,9.945041766710048,15794.733581245557,77741.79467017918,1.0,2972016.466734843,4.107692307692307,0
baseline_v2_targetradialspeedmps4p0_s20261010,target_radial_speed_mps,target_radial_speed_mps,4.0,20261010,Baseline V2 controlled single-target case,1.0,0.4,9.0,0.95813388946469,0.0008676557992087834,0.0003622535225531584,0.0041060948399102735,1.0,34.0,0.7212110842182577,0.35160025213006957,-0.06655758761877241,0.06213974194393997,426.0901891996819,3.9918320359330526,-3.814736542793845,0.0,-20,-200.0,-425.975186156,0.11500304368191819,22,2200,42,88,49204480,49204480,a0d20cd8bf5a59ce46143ebce38ee32639287048ba1b6150fd5f934cca07111a,7cc297e488905e86aa4b29f5d2c40b12144864b3cb1c70c6cea9d4998cdc013d,Current legacy CSI [production replay],0.0,Corrected JDL physical,19.45699115307532,Corrected JDL physical,19.45699115307532,0.0,0.0,0.002124108632984373,0,0.0,0.0,0.00030723714155666816,0,0.0,0.0,0.0003299954483386436,0,0.0,0.0,0.00034516765285996055,0,-0.9427590504522243,-0.012016493957625753,0.004312699135184343,0,-0.9440568580986479,-0.012002798960804065,0.004325974814140494,0,19.45699115307532,3.0004424377297467,0.004305113032923684,0,7.091233237769808,10.97354463919606,9.92998417586983,17216.692994844594,87209.98460291103,1.0,3022279.491586866,4.084615384615384,0
baseline_v2_supportedgeradialspeedmps1p6_s20261001,support_edge_radial_speed_mps,support_edge_radial_speed_mps,1.6,20261001,Baseline V2 controlled single-target case,1.0,0.4,9.0,0.9303273803163554,0.000869677951869182,-0.005038485059275401,0.004118855846584728,1.0,34.0,0.7200843623929984,0.35022814905888155,-0.06785723205465059,0.06141281363754694,168.8700363432522,1.5820613524341534,-1.510932422150652,0.0,6,60.0,-170.390074462,-1.5200381187478063,48,2200,42,88,49204480,49204480,3b12ceb622aa2f2ee829c7fcc178182b88d9a4b408c71b20ebd7fda3f7672196,11949757f2435d033f727c153b14d6a2ff78fabd539e30464be80a0fd40b67c9,Current legacy CSI [scientific controlled],13.19730708866188,DL-SMI/MVDR local,2.2493188374690263,Current legacy CSI [scientific controlled],13.19730708866188,12.952399286902022,2.369702543324555,0.0018320436959490215,0,10.81335720242075,2.6798992813432214,0.00013086026399635866,0,11.68697811107861,2.598115103301486,0.0002275830678197542,0,11.527998600952984,2.5581817860880927,0.0002275830678197542,0,-0.7871487912414494,-0.01086155960098593,0.004399939311181915,0,-0.37531007878696343,-0.010410614272090734,0.004401835836747079,0,-1.9326902825699044,1.703821135200785,0.004303216507358519,0,7.032576483712582,10.79561296588519,9.82927582416034,15850.817922068609,76631.39417839571,1.0,2916250.209803612,4.092788461538461,0
baseline_v2_supportedgeradialspeedmps1p6_s20261002,support_edge_radial_speed_mps,support_edge_radial_speed_mps,1.6,20261002,Baseline V2 controlled single-target case,1.0,0.4,9.0,0.9370420111754768,0.0008745464034807713,0.0006319348085212062,0.004136077698668929,1.0,34.0,0.718583248787581,0.3378745093527875,-0.06892175769555393,0.06595005751534756,170.44109326145107,1.5967798216580515,-1.5249924590751847,0.0,6,60.0,-170.390074462,0.05101879945107865,48,2200,42,88,49204480,49204480,e40a678895f774d1c9af6481e9a00180a9f4c72c2725d179497054f1be6cffde,c424eb924cc3179a2a0566d2d37ce8cca2bc3f8d88150018e6e5273e2285bd13,Current legacy CSI [scientific controlled],16.077597352275994,DL-SMI/MVDR local,2.0805879464656414,Current legacy CSI [scientific controlled],16.077597352275994,15.873233584461397,2.323586793484154,0.0019989379456835077,0,12.44635222297798,2.6748561240094855,0.0004987862236382946,0,12.811829016352606,2.5848887004479315,0.0005974055530268549,0,12.743904362415636,2.5585617704315124,0.0006011986041571841,0,-0.5797986889942237,-0.010938937195427281,0.004399939311181915,0,-0.20769054959717081,-0.010522337986315168,0.004396146260051585,0,-1.499782794657925,1.660427227182018,0.004339250493096647,0,6.971886116742489,10.98987943728472,9.999203848635783,16441.73273203061,84977.30023713915,1.0,2967464.50152658,4.107692307692307,0
baseline_v2_supportedgeradialspeedmps1p6_s20261003,support_edge_radial_speed_mps,support_edge_radial_speed_mps,1.6,20261003,Baseline V2 controlled single-target case,1.0,0.4,9.0,0.9481294812797509,0.0008717087279182676,-0.006686752820575073,0.004198811898283493,1.0,34.0,0.7149041028010312,0.33960740208519713,-0.06888729015482423,0.062176684782326845,169.1671447089363,1.5848448164104283,-1.5135913605637412,0.0,6,60.0,-170.390074462,-1.2229297530637093,48,2200,42,88,49204480,49204480,32c8fe716475b07a17b760d2f9df3fba1494473938e76ef76b4b8d9129a2325b,fd272a409a4bf8cc461e92edc387805f1c60da810a32ec9acc25dd9ac2215f92,Current legacy CSI [scientific controlled],16.22895120394591,DL-SMI/MVDR local,2.306729536228392,Current legacy CSI [scientific controlled],16.22895120394591,15.788454828110916,2.0619399756221917,0.0017125625853436504,0,14.074793419183647,2.6683101685028654,0.00019913518434228492,0,14.699880653848991,2.561902223486343,0.00025223790016689425,0,14.587988606130546,2.536396868809574,0.0002560309512972235,0,-0.648142659842776,-0.010909839537074154,0.004407525413442573,0,-0.24443879932704782,-0.01050228192662781,0.004390456683356091,0,-1.9514154707815603,1.6615229049312163,0.004356319223183128,0,7.110465041053856,11.063835832519558,10.020741944347836,16435.938906997257,82308.98351525077,1.0,2999984.7247506324,4.1,0
baseline_v2_supportedgeradialspeedmps1p6_s20261004,support_edge_radial_speed_mps,support_edge_radial_speed_mps,1.6,20261004,Baseline V2 controlled single-target case,1.0,0.4,9.0,0.9263251244188216,0.0008731864389406981,-0.006635780045024385,0.004388176333235509,1.0,34.0,0.7188610728939064,0.34427368535403813,-0.0690512630532407,0.0629213109072748,169.8072798831945,1.590841931952401,-1.5193201904966267,0.0,6,60.0,-170.390074462,-0.5827945788055118,48,2200,42,88,49204480,49204480,5e52d9b7e11c03c68e47dafa54c7c79303a33bde7f01c0b271b7a7d5be449ffc,5c71a6c31e20a1e5da74448bd5f9f7974c587bd6585a9afda6bc08a9db588c4b,Current legacy CSI [scientific controlled],18.178437312733223,DL-SMI/MVDR local,2.2131650574102935,Current legacy CSI [scientific controlled],18.178437312733223,17.64806852055945,2.209913557811089,0.001953421332119557,0,14.695464607906757,2.6842739906020894,0.0002787892580791989,0,15.026634788098018,2.605811984761754,0.0003394780761644667,0,14.861890243573274,2.5639217269830565,0.0003394780761644667,0,-0.48222949841651896,-0.010982434049835784,0.004270975572750721,0,-0.07569026260348011,-0.010544830865887075,0.004325974814140494,0,-1.5104553472398141,1.7290971483389395,0.004276665149446215,0,7.170913442870535,11.096183372122855,10.113265193501668,16261.032368642433,83066.32214106145,1.0,2926458.0266922168,4.076923076923077,0
baseline_v2_supportedgeradialspeedmps1p6_s20261005,support_edge_radial_speed_mps,support_edge_radial_speed_mps,1.6,20261005,Baseline V2 controlled single-target case,1.0,0.4,9.0,0.9531504859611146,0.0008722811819100143,-0.006444968950096633,0.003981591213402969,1.0,34.0,0.7075709232536184,0.3119584778958466,-0.07064170165211381,0.06890359123088448,169.68351893431762,1.5896824757315193,-1.5182126022649574,0.0,6,60.0,-170.390074462,-0.7065555276823707,48,2200,42,88,49204480,49204480,21f5493ddd4419b0c15a6b11d7bacc1d0557ca391d64bfa43421f5e0d152ed90,e388570b515b3ca84e606b295148bf3e0d20e0fde7767e0425c6585c0ecd423e,Current legacy CSI [scientific controlled],23.969028861783595,DL-SMI/MVDR local,2.2584686505084797,Current legacy CSI [scientific controlled],23.969028861783595,22.769773056825937,2.0435944594455253,0.002158246093157336,0,19.977787039684767,2.684434789528952,0.0002446517979062358,0,19.79453384399486,2.6289164844578474,0.0003186162949476559,0,19.529050592093025,2.5773886037906224,0.0003413746017296313,0,-0.637642534721504,-0.010789345608160406,0.0044189045668335605,0,-0.20610494967908188,-0.010308289469489935,0.004413214990138067,0,-1.6403303319994098,1.5909985518724568,0.004363905325443787,0,7.132764305432316,11.129102411085729,10.117719998241537,16186.005059549865,81475.94512662772,1.0,3031805.3038,4.092788461538461,0
baseline_v2_supportedgeradialspeedmps1p6_s20261006,support_edge_radial_speed_mps,support_edge_radial_speed_mps,1.6,20261006,Baseline V2 controlled single-target case,1.0,0.4,9.0,0.9511720975112572,0.0008721229096255959,-0.007590833366302011,0.0038611621676631677,1.0,34.0,0.72237655466906,0.35178969861341924,-0.0678132240940557,0.06274125120818938,170.04450452122651,1.5930643743690815,-1.5214432140856153,0.0,6,60.0,-170.390074462,-0.34556994077347575,48,2200,42,88,49204480,49204480,f5e64b6af869dcf5f84afcaf477bbd52911b9c78c4e269899cbccee7aa3f9430,7c5ec9e0332e7e7841103212e81fb1421b607a74b12b328eccbcbb3d1de347ba,Current legacy CSI [scientific controlled],14.04760264440873,DL-SMI/MVDR local,2.276570740071385,Current legacy CSI [scientific controlled],14.04760264440873,13.674270565056421,2.131550393585417,0.0019723865877712033,0,10.502743299744456,2.6744373328602746,0.0002067212866029434,0,11.068619911931226,2.5426775983452887,0.0002655135791230466,0,10.917919818555426,2.504179538880385,0.00028447883477469274,0,-0.6151956482676688,-0.011001095663165188,0.004322181763010165,0,-0.18082956961797336,-0.0105692625480308,0.004362008799878622,0,-1.8362359537501618,1.693608135655548,0.004288044302837202,0,7.046505416681354,10.995878804989657,9.959027319728799,16414.225675311798,82045.00709016902,1.0,2972147.448796438,4.1,0
baseline_v2_supportedgeradialspeedmps1p6_s20261007,support_edge_radial_speed_mps,support_edge_radial_speed_mps,1.6,20261007,Baseline V2 controlled single-target case,1.0,0.4,9.0,0.9113985386007066,0.0008761499578383195,-0.00798049190460754,0.004097053188132602,1.0,34.0,0.7120058465570231,0.3208107503697075,-0.07203439905675517,0.07100420888986733,170.10116404712485,1.5935951899483995,-1.5219502844486477,0.0,6,60.0,-170.390074462,-0.2889104148751547,48,2200,42,88,49204480,49204480,ec83cd10e6e6c037286b2ec44fde0f720bcd5f6e2691a3cb95f92f4433d4bb81,21792fb60191a4a3c6e2256386a410823098a876981d7d17f53af06123cb82c9,Current legacy CSI [scientific controlled],18.80197504214499,DL-SMI/MVDR local,1.9863330896849227,Current legacy CSI [scientific controlled],18.80197504214499,18.39460314979611,2.1759209257153422,0.0022777272037627066,0,14.766967647442117,2.683721713772913,0.0004286147777272038,0,15.029611002510988,2.5863827566963264,0.000527234107115764,0,14.913690490075814,2.5452752572002026,0.0005575785161583978,0,-0.7330838770935895,-0.010991940293205858,0.004339250493096647,0,-0.32568821331354414,-0.010560958873669934,0.004390456683356091,0,-1.4037509584924663,1.7348334527786582,0.004270975572750721,0,7.218708688419998,11.253036054792695,10.229616124327823,15724.347006990747,77170.42499416844,1.0,2924871.8228513175,4.122596153846154,0
baseline_v2_supportedgeradialspeedmps1p6_s20261008,support_edge_radial_speed_mps,support_edge_radial_speed_mps,1.6,20261008,Baseline V2 controlled single-target case,1.0,0.4,9.0,0.9400173677818773,0.0008709881591140516,-0.0005515276498486859,0.004548754937369176,1.0,34.0,0.7171586196960378,0.34027172248017695,-0.06730395901330716,0.06521901894926747,171.04463519090172,1.6024341128623039,-1.530393829331221,0.0,6,60.0,-170.390074462,0.6545607289016999,48,2200,42,88,49204480,49204480,2276ed5b8d570be13de854718ee4c6628c71c59d833b57a8c09ac415e1033e90,d3e8e23ce65a116d82c8a8f713754959cf925db8509122ce7a5960f5c8aa6949,Current legacy CSI [scientific controlled],21.23283534094743,DL-SMI/MVDR local,2.127598133191043,Current legacy CSI [scientific controlled],21.23283534094743,20.5516025923423,2.1927552522950156,0.0015722196935214687,0,16.22484524394026,2.676188614628586,0.0002143073888636019,0,16.539583570135505,2.562061855811346,0.00031292671825216206,0,16.41131043456933,2.5310979882606426,0.0003167197693824913,0,-0.6187910612550596,-0.01089822908571991,0.004407525413442573,0,-0.2626540123440151,-0.010510976946651311,0.004420801092398725,0,-1.38532321406257,1.6531570812419516,0.004286147777272037,0,6.962893284805568,10.920014497174348,9.9152677651531,16703.718977957164,82943.40350150237,1.0,3001177.422313904,4.076923076923077,0
baseline_v2_supportedgeradialspeedmps1p6_s20261009,support_edge_radial_speed_mps,support_edge_radial_speed_mps,1.6,20261009,Baseline V2 controlled single-target case,1.0,0.4,9.0,0.9407699841783502,0.000873279066879206,-0.006998824121147087,0.004115983799784658,1.0,34.0,0.7224662968626719,0.34948306361530695,-0.06926244325165201,0.06329642957403665,169.87289443529457,1.5914566428228587,-1.519907402657627,0.0,6,60.0,-170.390074462,-0.5171800267054383,48,2200,42,88,49204480,49204480,9f6a39b7ac587163a46539116b3c67f8455218d2b15d88ee8acf35ad65f02c70,1d08eefd2a52ddcd8c059aa8a8e15e5f8b0b9c2b3a4c46bc1029cfb1a55b90d9,Current legacy CSI [scientific controlled],14.689684316119553,DL-SMI/MVDR local,2.525622797756686,Current legacy CSI [scientific controlled],14.689684316119553,14.41833241739694,2.396784052656102,0.00211083295402822,0,11.577000849491231,2.686691917542563,0.00038309816416325293,0,12.171575511624994,2.5640270097152182,0.00043620087998786223,0,12.02413262249533,2.5190591598844057,0.0004343043544226976,0,-0.4576778620207058,-0.010939354716064394,0.004333560916401153,0,-0.04813878804221261,-0.010544292267189675,0.004367698376574116,0,-1.7265342717708592,1.5533536736233147,0.004382870581095434,0,7.0759960562224835,10.967080454630038,9.945041766710048,15794.733581245557,77741.79467017918,1.0,2972016.466734843,4.107692307692307,0
baseline_v2_supportedgeradialspeedmps1p6_s20261010,support_edge_radial_speed_mps,support_edge_radial_speed_mps,1.6,20261010,Baseline V2 controlled single-target case,1.0,0.4,9.0,0.95813388946469,0.0008676557992087834,0.0003622535225531584,0.0041060948399102735,1.0,34.0,0.7212110842182577,0.35160025213006957,-0.06655758761877241,0.06213974194393997,170.50507750568192,1.5973792589659028,-1.5255650824316802,0.0,6,60.0,-170.390074462,0.11500304368191819,48,2200,42,88,49204480,49204480,839b76c653d0c775b5e40bc24752aaf411ac0b14f36b2c050a33d6b43226a500,7cc297e488905e86aa4b29f5d2c40b12144864b3cb1c70c6cea9d4998cdc013d,Current legacy CSI [scientific controlled],20.848356405429815,DL-SMI/MVDR local,2.1308653847138217,Current legacy CSI [scientific controlled],20.848356405429815,20.165992638457464,1.9471884527388614,0.002076695493855257,0,18.188175638834252,2.6797874399183197,0.00029206493703535125,0,19.392570678556876,2.584980173930071,0.0003299954483386436,0,19.231960600268653,2.5388787154416237,0.00034516765285996055,0,-0.6923022743622713,-0.010947977366695184,0.004312699135184343,0,-0.2880537511379142,-0.010521739671933662,0.004325974814140494,0,-1.7554267045971255,1.6396143559018155,0.004305113032923684,0,7.091233237769808,10.97354463919606,9.92998417586983,17216.692994844594,87209.98460291103,1.0,3022279.491586866,4.084615384615384,0
baseline_v2_supportedgeradialspeedmps1p8_s20261001,support_edge_radial_speed_mps,support_edge_radial_speed_mps,1.8,20261001,Baseline V2 controlled single-target case,1.0,0.4,9.0,0.9303273803163554,0.000869677951869182,-0.005038485059275401,0.004118855846584728,1.0,34.0,0.7200843623929984,0.35022814905888155,-0.06785723205465059,0.06141281363754694,190.1687956512522,1.7815990838496438,-1.7015519084146713,0.0,4,40.0,-191.68883377,-1.5200381187478063,46,2200,42,88,49204480,49204480,340e247695ab0dbbcf891c3ac5abe05b4f74dac197c763c82f36c931545ececb,11949757f2435d033f727c153b14d6a2ff78fabd539e30464be80a0fd40b67c9,Current legacy CSI [scientific controlled],4.302321989506151,Corrected JDL physical,-0.08614495448723147,Current legacy CSI [scientific controlled],4.302321989506151,4.3020625566982,3.4415211062679107,0.0018699742072523138,0,0.38843543563178784,3.5230422697852513,0.00012137763617053558,0,0.49376153835538616,1.7190303858637654,0.0002275830678197542,0,0.4703065682982306,1.8303152225772992,0.0002275830678197542,0,-1.3530433560725683,-0.012513020905010155,0.004399939311181915,0,-1.2637783346992357,-0.012488257910089874,0.004401835836747079,0,-0.08614495448723147,2.734590406283735,0.004303216507358519,0,7.032576483712582,10.79561296588519,9.82927582416034,15850.817922068609,76631.39417839571,1.0,2916250.209803612,4.092788461538461,0
baseline_v2_supportedgeradialspeedmps1p8_s20261002,support_edge_radial_speed_mps,support_edge_radial_speed_mps,1.8,20261002,Baseline V2 controlled single-target case,1.0,0.4,9.0,0.9370420111754768,0.0008745464034807713,0.0006319348085212062,0.004136077698668929,1.0,34.0,0.718583248787581,0.3378745093527875,-0.06892175769555393,0.06595005751534756,191.73985256945107,1.7963175530735422,-1.7156132628472291,0.0,4,40.0,-191.68883377,0.05101879945107865,46,2200,42,88,49204480,49204480,44a69d2af224bd7c4d740c3b7b4ed7627799a04167e06c0331d584f416c6d58f,c424eb924cc3179a2a0566d2d37ce8cca2bc3f8d88150018e6e5273e2285bd13,Current legacy CSI [scientific controlled],14.119070015362535,DL-SMI/MVDR local,2.520244159285472,Current legacy CSI [scientific controlled],14.119070015362535,14.116547360223851,3.514231565077523,0.0020785920194204216,0,10.745485557369623,3.525103000402523,0.0005348202093764224,0,10.014530951621996,1.7204891250497811,0.0005974055530268549,0,10.058724563049513,1.8411760700711057,0.0006011986041571841,0,-0.25950537868041224,-0.012447117513611822,0.004399939311181915,0,0.1449514014417268,-0.012422745999028196,0.004396146260051585,0,0.48851900040682494,2.636344722018074,0.004339250493096647,0,6.971886116742489,10.98987943728472,9.999203848635783,16441.73273203061,84977.30023713915,1.0,2967464.50152658,4.107692307692307,0
baseline_v2_supportedgeradialspeedmps1p8_s20261003,support_edge_radial_speed_mps,support_edge_radial_speed_mps,1.8,20261003,Baseline V2 controlled single-target case,1.0,0.4,9.0,0.9481294812797509,0.0008717087279182676,-0.006686752820575073,0.004198811898283493,1.0,34.0,0.7149041028010312,0.33960740208519713,-0.06888729015482423,0.062176684782326845,190.4659040169363,1.7843825478259188,-1.7042110951042528,0.0,4,40.0,-191.68883377,-1.2229297530637093,46,2200,42,88,49204480,49204480,19acf56b9832e1256783941400ae4ddd5cb40df19bbdef9042b1822de1e094af,fd272a409a4bf8cc461e92edc387805f1c60da810a32ec9acc25dd9ac2215f92,Current legacy CSI [production replay],7.807893447592193,DL-SMI/MVDR local,0.6788392987264515,Current legacy CSI [production replay],7.807893447592193,7.807893447592193,3.437045881060516,0.001708769534213321,0,4.014089840789605,3.514878679655002,0.00017827340312547414,0,3.824117819006684,1.7639269239849935,0.00025223790016689425,0,3.856213202603655,1.8403491918871306,0.0002560309512972235,0,-0.5918219292345448,-0.012461143051925893,0.004407525413442573,0,-0.4698680627276559,-0.012437648351236029,0.004390456683356091,0,-1.6254274233635115,2.68918466202698,0.004356319223183128,0,7.110465041053856,11.063835832519558,10.020741944347836,16435.938906997257,82308.98351525077,1.0,2999984.7247506324,4.1,0
baseline_v2_supportedgeradialspeedmps1p8_s20261004,support_edge_radial_speed_mps,support_edge_radial_speed_mps,1.8,20261004,Baseline V2 controlled single-target case,1.0,0.4,9.0,0.9263251244188216,0.0008731864389406981,-0.006635780045024385,0.004388176333235509,1.0,34.0,0.7188610728939064,0.34427368535403813,-0.0690512630532407,0.0629213109072748,191.1060391911945,1.7903796633678914,-1.709940461360079,0.0,4,40.0,-191.68883377,-0.5827945788055118,46,2200,42,88,49204480,49204480,5ebdfc9170071b728bc537cfe963bc7eca867ba935d470c30a2a0b748a0cb0a9,5c71a6c31e20a1e5da74448bd5f9f7974c587bd6585a9afda6bc08a9db588c4b,Current legacy CSI [production replay],9.519495867516191,DL-SMI/MVDR local,0.6933192194622073,Current legacy CSI [production replay],9.519495867516191,9.519495867516191,3.4766194141246265,0.00193824912759824,0,5.301290741314467,3.523308191674905,0.000288271885905022,0,4.28561722407612,1.704185034872221,0.0003394780761644667,0,4.353796498156026,1.786841610398028,0.0003394780761644667,0,-0.2723163746088524,-0.012632821215621726,0.004270975572750721,0,-0.16937374613455347,-0.012610519425698182,0.004325974814140494,0,-0.8388371476167755,2.747915018764944,0.004276665149446215,0,7.170913442870535,11.096183372122855,10.113265193501668,16261.032368642433,83066.32214106145,1.0,2926458.0266922168,4.076923076923077,0
baseline_v2_supportedgeradialspeedmps1p8_s20261005,support_edge_radial_speed_mps,support_edge_radial_speed_mps,1.8,20261005,Baseline V2 controlled single-target case,1.0,0.4,9.0,0.9531504859611146,0.0008722811819100143,-0.006444968950096633,0.003981591213402969,1.0,34.0,0.7075709232536184,0.3119584778958466,-0.07064170165211381,0.06890359123088448,190.98227824231762,1.7892202071470098,-1.7088327692890952,0.0,4,40.0,-191.68883377,-0.7065555276823707,46,2200,42,88,49204480,49204480,95bcb17cae476143364a243e6efb6ded402b62c1cf12d65d87a88742da3a11a5,e388570b515b3ca84e606b295148bf3e0d20e0fde7767e0425c6585c0ecd423e,Current legacy CSI [scientific controlled],13.64609710752707,DL-SMI/MVDR local,1.559161122801143,Current legacy CSI [scientific controlled],13.64609710752707,13.644742451032421,3.4769486426751692,0.002171521772113488,0,8.169980925147811,3.5222943917426965,0.000248444849036565,0,5.334525901100747,1.5919140233071332,0.0003186162949476559,0,5.489908286476698,1.6968744983159758,0.0003413746017296313,0,-0.00043684894091455817,-0.012426727245555833,0.0044189045668335605,0,0.15481867919054437,-0.012400092008421522,0.004413214990138067,0,-3.5959002367799613,2.5832090179653786,0.004363905325443787,0,7.132764305432316,11.129102411085729,10.117719998241537,16186.005059549865,81475.94512662772,1.0,3031805.3038,4.092788461538461,0
baseline_v2_supportedgeradialspeedmps1p8_s20261006,support_edge_radial_speed_mps,support_edge_radial_speed_mps,1.8,20261006,Baseline V2 controlled single-target case,1.0,0.4,9.0,0.9511720975112572,0.0008721229096255959,-0.007590833366302011,0.0038611621676631677,1.0,34.0,0.72237655466906,0.35178969861341924,-0.0678132240940557,0.06274125120818938,191.34326382922652,1.792602105784572,-1.712063684187596,0.0,4,40.0,-191.68883377,-0.34556994077347575,46,2200,42,88,49204480,49204480,4a0b6a5ec77bf3d22338692ef12df35fe3ef0475b9e73ee8f009398ac950bb79,7c5ec9e0332e7e7841103212e81fb1421b607a74b12b328eccbcbb3d1de347ba,Current legacy CSI [scientific controlled],3.7942693676456543,DL-SMI/MVDR local,-0.027468217646916315,Current legacy CSI [scientific controlled],3.7942693676456543,3.7919765363751523,3.3923662990254555,0.0019856622667273555,0,-1.2275229781589445,3.518924407345108,0.0001877560309512972,0,-1.7279834223253268,1.7132784625548885,0.0002655135791230466,0,-1.765285030025936,1.7867877140731083,0.00028447883477469274,0,-1.1868612217903731,-0.012535570734992667,0.004322181763010165,0,-1.0589891162957272,-0.012508707396000645,0.004362008799878622,0,-0.412280049668734,2.700129487966372,0.004288044302837202,0,7.046505416681354,10.995878804989657,9.959027319728799,16414.225675311798,82045.00709016902,1.0,2972147.448796438,4.1,0
baseline_v2_supportedgeradialspeedmps1p8_s20261007,support_edge_radial_speed_mps,support_edge_radial_speed_mps,1.8,20261007,Baseline V2 controlled single-target case,1.0,0.4,9.0,0.9113985386007066,0.0008761499578383195,-0.00798049190460754,0.004097053188132602,1.0,34.0,0.7120058465570231,0.3208107503697075,-0.07203439905675517,0.07100420888986733,191.39992335512486,1.79313292136389,-1.7125708021762407,0.0,4,40.0,-191.68883377,-0.2889104148751547,46,2200,42,88,49204480,49204480,ce2770c07c8d98e8b8998bca4d54eb6e234d2ff8e8f6ac65fc52af29a819dc35,21792fb60191a4a3c6e2256386a410823098a876981d7d17f53af06123cb82c9,Current legacy CSI [scientific controlled],8.549830845425298,Corrected JDL physical,1.6254639852977348,Current legacy CSI [scientific controlled],8.549830845425298,8.549464382848555,3.498501000429754,0.002302382036109847,0,3.887716045689203,3.5214345308618693,0.0004456835078136853,0,2.4264757767042155,1.5740139730525256,0.000527234107115764,0,2.5487742344799287,1.7147877428231086,0.0005575785161583978,0,0.2291029433981251,-0.012609102111557904,0.004339250493096647,0,0.37723225203936295,-0.012582582520703184,0.004390456683356091,0,1.6254639852977348,2.7793907126050654,0.004270975572750721,0,7.218708688419998,11.253036054792695,10.229616124327823,15724.347006990747,77170.42499416844,1.0,2924871.8228513175,4.122596153846154,0
baseline_v2_supportedgeradialspeedmps1p8_s20261008,support_edge_radial_speed_mps,support_edge_radial_speed_mps,1.8,20261008,Baseline V2 controlled single-target case,1.0,0.4,9.0,0.9400173677818773,0.0008709881591140516,-0.0005515276498486859,0.004548754937369176,1.0,34.0,0.7171586196960378,0.34027172248017695,-0.06730395901330716,0.06521901894926747,192.34339449890172,1.8019718442777943,-1.7210151423005933,0.0,4,40.0,-191.68883377,0.6545607289016999,46,2200,42,88,49204480,49204480,4f9fc904a3a0a8b9a12dc3598c8f20173bdb162b240ed1d58d27b0f48073ed17,d3e8e23ce65a116d82c8a8f713754959cf925db8509122ce7a5960f5c8aa6949,Current legacy CSI [scientific controlled],20.32178482754434,DL-SMI/MVDR local,2.596487081613869,Current legacy CSI [scientific controlled],20.32178482754434,20.310451929351878,3.468666872312175,0.0015835988469124565,0,15.67034688120178,3.5239578330572083,0.00022189349112426034,0,14.60160617479341,1.6868016353964166,0.00031292671825216206,0,14.557140520290048,1.7714618234022426,0.0003167197693824913,0,-0.27728170114685113,-0.012478035006403293,0.004407525413442573,0,0.0896664489101795,-0.012456362637986232,0.004420801092398725,0,-0.313500551635169,2.6451805479032764,0.004286147777272037,0,6.962893284805568,10.920014497174348,9.9152677651531,16703.718977957164,82943.40350150237,1.0,3001177.422313904,4.076923076923077,0
baseline_v2_supportedgeradialspeedmps1p8_s20261009,support_edge_radial_speed_mps,support_edge_radial_speed_mps,1.8,20261009,Baseline V2 controlled single-target case,1.0,0.4,9.0,0.9407699841783502,0.000873279066879206,-0.006998824121147087,0.004115983799784658,1.0,34.0,0.7224662968626719,0.34948306361530695,-0.06926244325165201,0.06329642957403665,191.17165374329457,1.7909943742383492,-1.7105277286027105,0.0,4,40.0,-191.68883377,-0.5171800267054383,46,2200,42,88,49204480,49204480,f958f2703f5350a8f3c680716f9f7fe85cbff279620d24ecdeab40d7953abd63,1d08eefd2a52ddcd8c059aa8a8e15e5f8b0b9c2b3a4c46bc1029cfb1a55b90d9,Current legacy CSI [production replay],8.912615571106933,DL-SMI/MVDR local,0.3222854565725193,Current legacy CSI [production replay],8.912615571106933,8.912615571106933,3.4716326140523397,0.0021354877863753604,0,4.012461257909781,3.5254213466729514,0.00040395994538006374,0,3.8002808147752205,1.6551123439017705,0.00043620087998786223,0,3.8363734382443155,1.7528200081241097,0.0004343043544226976,0,-1.1479173887212042,-0.012482804555957395,0.004333560916401153,0,-1.0139247948639252,-0.012461898282160537,0.004367698376574116,0,-0.8134847059055161,2.504121593594614,0.004382870581095434,0,7.0759960562224835,10.967080454630038,9.945041766710048,15794.733581245557,77741.79467017918,1.0,2972016.466734843,4.107692307692307,0
baseline_v2_supportedgeradialspeedmps1p8_s20261010,support_edge_radial_speed_mps,support_edge_radial_speed_mps,1.8,20261010,Baseline V2 controlled single-target case,1.0,0.4,9.0,0.95813388946469,0.0008676557992087834,0.0003622535225531584,0.0041060948399102735,1.0,34.0,0.7212110842182577,0.35160025213006957,-0.06655758761877241,0.06213974194393997,191.80383681368193,1.7969169903813935,-1.7161859401055863,0.0,4,40.0,-191.68883377,0.11500304368191819,46,2200,42,88,49204480,49204480,9ce5a3acca4c32c102c3d7dcb58ee3ace23ec9a768d46267e352e9a4e6f26c97,7cc297e488905e86aa4b29f5d2c40b12144864b3cb1c70c6cea9d4998cdc013d,Current legacy CSI [scientific controlled],18.66751268516891,DL-SMI/MVDR local,2.56157593569964,Current legacy CSI [scientific controlled],18.66751268516891,18.6622493543789,3.405857287224495,0.0021203155818540435,0,16.729559296539172,3.533566715307439,0.00030913366712183283,0,17.926253382265983,1.7472046000431072,0.0003299954483386436,0,17.730643659872193,1.7965965258130079,0.00034516765285996055,0,-0.5139663137137269,-0.012546963561627102,0.004312699135184343,0,-0.09974680407973757,-0.012518908203355765,0.004325974814140494,0,-1.0763567276020893,2.623276655394344,0.004305113032923684,0,7.091233237769808,10.97354463919606,9.92998417586983,17216.692994844594,87209.98460291103,1.0,3022279.491586866,4.084615384615384,0
baseline_v2_supportedgeradialspeedmps2p0_s20261001,support_edge_radial_speed_mps,support_edge_radial_speed_mps,2.0,20261001,Baseline V2 controlled single-target case,1.0,0.4,9.0,0.9303273803163554,0.000869677951869182,-0.005038485059275401,0.004118855846584728,1.0,34.0,0.7200843623929984,0.35022814905888155,-0.06785723205465059,0.06141281363754694,211.4675549592522,1.9811368152651345,-1.892190235817908,0.0,2,20.0,-212.987593078,-1.5200381187478063,44,2200,42,88,49204480,49204480,d2fa54d29795946fce643a78e1244c40f79c0b48fea2a2bd90b8d335610a3f53,11949757f2435d033f727c153b14d6a2ff78fabd539e30464be80a0fd40b67c9,Current legacy CSI [scientific controlled],4.568651712642172,Corrected JDL physical,18.63662321449742,Corrected JDL physical,18.63662321449742,4.5678240158733985,4.0961447931274435,0.0018699742072523138,0,-0.14547139090399952,4.157852714950796,0.0001232741617357002,0,-0.42510111996254096,1.7489375728762802,0.0002275830678197542,0,-0.4352988804819127,1.8886141959021718,0.0002275830678197542,0,-1.193041003791869,-0.012598988113571071,0.004399939311181915,0,-1.154254415705097,-0.012581190017059696,0.004401835836747079,0,18.63662321449742,3.0149231217450807,0.004303216507358519,0,7.032576483712582,10.79561296588519,9.82927582416034,15850.817922068609,76631.39417839571,1.0,2916250.209803612,4.092788461538461,0
baseline_v2_supportedgeradialspeedmps2p0_s20261002,support_edge_radial_speed_mps,support_edge_radial_speed_mps,2.0,20261002,Baseline V2 controlled single-target case,1.0,0.4,9.0,0.9370420111754768,0.0008745464034807713,0.0006319348085212062,0.004136077698668929,1.0,34.0,0.718583248787581,0.3378745093527875,-0.06892175769555393,0.06595005751534756,213.03861187745107,1.9958552844890327,-1.9062530638295387,0.0,2,20.0,-212.987593078,0.05101879945107865,44,2200,42,88,49204480,49204480,50b04b99c23357402a8988948cd8f0f469b78236d2b32c12749e0b4bb0d04525,c424eb924cc3179a2a0566d2d37ce8cca2bc3f8d88150018e6e5273e2285bd13,Current legacy CSI [production replay],7.940871618374565,Corrected JDL physical,17.601342638771847,Corrected JDL physical,17.601342638771847,7.940871618374565,4.139867533337695,0.0020785920194204216,0,4.353239455029449,4.158130566372611,0.0005348202093764224,0,3.6212462835747665,1.7286454021385667,0.0005974055530268549,0,3.7233999455477687,1.8880296535428482,0.0006011986041571841,0,-1.7235916974856877,-0.012569811601465307,0.004399939311181915,0,-1.6796270569619622,-0.012553389828877572,0.004396146260051585,0,17.601342638771847,2.8975504826627634,0.004339250493096647,0,6.971886116742489,10.98987943728472,9.999203848635783,16441.73273203061,84977.30023713915,1.0,2967464.50152658,4.107692307692307,0
baseline_v2_supportedgeradialspeedmps2p0_s20261003,support_edge_radial_speed_mps,support_edge_radial_speed_mps,2.0,20261003,Baseline V2 controlled single-target case,1.0,0.4,9.0,0.9481294812797509,0.0008717087279182676,-0.006686752820575073,0.004198811898283493,1.0,34.0,0.7149041028010312,0.33960740208519713,-0.06888729015482423,0.062176684782326845,211.7646633249363,1.9839202792414095,-1.8948497002983657,0.0,2,20.0,-212.987593078,-1.2229297530637093,44,2200,42,88,49204480,49204480,bbe013913ace6c4c3aa618c29725844d80a17251c867ec205bf83e8bed37e784,fd272a409a4bf8cc461e92edc387805f1c60da810a32ec9acc25dd9ac2215f92,Current legacy CSI [production replay],8.638807519792167,Corrected JDL physical,18.920983047538137,Corrected JDL physical,18.920983047538137,8.638807519792167,4.112881852186766,0.001708769534213321,0,3.2896056737465074,4.152600401913099,0.00017827340312547414,0,2.4628938765327746,1.777007622919478,0.00025223790016689425,0,2.5304816702430877,1.8850050622808516,0.0002560309512972235,0,-0.6843059313631024,-0.012558829557271743,0.004407525413442573,0,-0.6383668277643615,-0.012542331882847391,0.004390456683356091,0,18.920983047538137,2.965194144636347,0.004356319223183128,0,7.110465041053856,11.063835832519558,10.020741944347836,16435.938906997257,82308.98351525077,1.0,2999984.7247506324,4.1,0
baseline_v2_supportedgeradialspeedmps2p0_s20261004,support_edge_radial_speed_mps,support_edge_radial_speed_mps,2.0,20261004,Baseline V2 controlled single-target case,1.0,0.4,9.0,0.9263251244188216,0.0008731864389406981,-0.006635780045024385,0.004388176333235509,1.0,34.0,0.7188610728939064,0.34427368535403813,-0.0690512630532407,0.0629213109072748,212.4047984991945,1.9899173947833821,-1.9005796664686303,0.0,2,20.0,-212.987593078,-0.5827945788055118,44,2200,42,88,49204480,49204480,7d13042c9174964b9427ff39e88087ceecc9b3c9af4b8ad8f8cdae3dafb485ba,5c71a6c31e20a1e5da74448bd5f9f7974c587bd6585a9afda6bc08a9db588c4b,Current legacy CSI [scientific controlled],7.698860690720977,Corrected JDL physical,19.729912186635467,Corrected JDL physical,19.729912186635467,7.698402552879159,4.129900528642139,0.00193824912759824,0,4.9738001114734445,4.157088718191745,0.000288271885905022,0,3.0140859045824584,1.710177283446609,0.0003394780761644667,0,3.1235982668828157,1.8223600062598577,0.0003394780761644667,0,-0.10870754647620373,-0.012722629155928259,0.004270975572750721,0,-0.08837412120002597,-0.012706915676877782,0.004325974814140494,0,19.729912186635467,3.027088964168825,0.004276665149446215,0,7.170913442870535,11.096183372122855,10.113265193501668,16261.032368642433,83066.32214106145,1.0,2926458.0266922168,4.076923076923077,0
baseline_v2_supportedgeradialspeedmps2p0_s20261005,support_edge_radial_speed_mps,support_edge_radial_speed_mps,2.0,20261005,Baseline V2 controlled single-target case,1.0,0.4,9.0,0.9531504859611146,0.0008722811819100143,-0.006444968950096633,0.003981591213402969,1.0,34.0,0.7075709232536184,0.3119584778958466,-0.07064170165211381,0.06890359123088448,212.28103755031762,1.9887579385625005,-1.899471858263696,0.0,2,20.0,-212.987593078,-0.7065555276823707,44,2200,42,88,49204480,49204480,37288639dd3d607ed66c88f27b47e8d08dd21995637d92820a55c98fb90aff54,e388570b515b3ca84e606b295148bf3e0d20e0fde7767e0425c6585c0ecd423e,Current legacy CSI [scientific controlled],13.04107011560232,Corrected JDL physical,19.304226648702837,Corrected JDL physical,19.304226648702837,13.0399157191376,4.150820900225148,0.002171521772113488,0,7.912743030315841,4.15533837753192,0.000248444849036565,0,3.9154285748113615,1.5798101460055887,0.0003186162949476559,0,4.13629473795935,1.716585527025671,0.0003413746017296313,0,0.04343936781324231,-0.012521182892057349,0.0044189045668335605,0,0.11147972489895608,-0.012501738076080703,0.004413214990138067,0,19.304226648702837,2.862091785347138,0.004363905325443787,0,7.132764305432316,11.129102411085729,10.117719998241537,16186.005059549865,81475.94512662772,1.0,3031805.3038,4.092788461538461,0
baseline_v2_supportedgeradialspeedmps2p0_s20261006,support_edge_radial_speed_mps,support_edge_radial_speed_mps,2.0,20261006,Baseline V2 controlled single-target case,1.0,0.4,9.0,0.9511720975112572,0.0008721229096255959,-0.007590833366302011,0.0038611621676631677,1.0,34.0,0.72237655466906,0.35178969861341924,-0.0678132240940557,0.06274125120818938,212.64202313722652,1.9921398372000627,-1.9027031121011777,0.0,2,20.0,-212.987593078,-0.34556994077347575,44,2200,42,88,49204480,49204480,d2fc8b15943f8be73a0999c79c6ceae857b89be5557ee72081e819597afb107e,7c5ec9e0332e7e7841103212e81fb1421b607a74b12b328eccbcbb3d1de347ba,Current legacy CSI [scientific controlled],4.414596909173849,Corrected JDL physical,17.866003079675558,Corrected JDL physical,17.866003079675558,4.412555370800586,4.071772095493972,0.001983765741162191,0,0.5686471897465069,4.152260040830679,0.00018965255651646185,0,-0.5020436895742932,1.7373803654831086,0.0002655135791230466,0,-0.508841529045263,1.8324267184000356,0.00028447883477469274,0,-1.6604138971106934,-0.012613037592791011,0.004322181763010165,0,-1.632653166793503,-0.012594032350938566,0.004362008799878622,0,17.866003079675558,2.9910967512779902,0.004288044302837202,0,7.046505416681354,10.995878804989657,9.959027319728799,16414.225675311798,82045.00709016902,1.0,2972147.448796438,4.1,0
baseline_v2_supportedgeradialspeedmps2p0_s20261007,support_edge_radial_speed_mps,support_edge_radial_speed_mps,2.0,20261007,Baseline V2 controlled single-target case,1.0,0.4,9.0,0.9113985386007066,0.0008761499578383195,-0.00798049190460754,0.004097053188132602,1.0,34.0,0.7120058465570231,0.3208107503697075,-0.07203439905675517,0.07100420888986733,212.69868266312486,1.9926706527793807,-1.9032102833441715,0.0,2,20.0,-212.987593078,-0.2889104148751547,44,2200,42,88,49204480,49204480,0f561a268ed6714eb4cf0e98f90b8009180e503ee8e529ca7c69696e169be78a,21792fb60191a4a3c6e2256386a410823098a876981d7d17f53af06123cb82c9,Current legacy CSI [scientific controlled],8.59846642974945,Corrected JDL physical,19.841097672714834,Corrected JDL physical,19.841097672714834,8.598233621993003,4.158664644295805,0.002300485510544682,0,4.608945354342605,4.15380363591685,0.00044758003337884997,0,2.352947498530405,1.5523810319011582,0.000527234107115764,0,2.5329923141774238,1.732028499815299,0.0005575785161583978,0,0.349629143021275,-0.012687262047922348,0.004339250493096647,0,0.3995343067825736,-0.012669433503392672,0.004390456683356091,0,19.841097672714834,3.069526282597444,0.004270975572750721,0,7.218708688419998,11.253036054792695,10.229616124327823,15724.347006990747,77170.42499416844,1.0,2924871.8228513175,4.122596153846154,0
baseline_v2_supportedgeradialspeedmps2p0_s20261008,support_edge_radial_speed_mps,support_edge_radial_speed_mps,2.0,20261008,Baseline V2 controlled single-target case,1.0,0.4,9.0,0.9400173677818773,0.0008709881591140516,-0.0005515276498486859,0.004548754937369176,1.0,34.0,0.7171586196960378,0.34027172248017695,-0.06730395901330716,0.06521901894926747,213.64215380690172,2.001509575693285,-1.91165551243969,0.0,2,20.0,-212.987593078,0.6545607289016999,44,2200,42,88,49204480,49204480,6f17467ef7add95952b460c92703ef27f4ba242266abc6f69528acea23190482,d3e8e23ce65a116d82c8a8f713754959cf925db8509122ce7a5960f5c8aa6949,Current legacy CSI [production replay],12.609830428993572,Corrected JDL physical,18.37411720389704,Corrected JDL physical,18.37411720389704,12.609830428993572,4.148840752638011,0.0015835988469124565,0,6.506013932287868,4.1571227312850905,0.00022189349112426034,0,5.2387887469630705,1.7011568381009505,0.00031292671825216206,0,5.354922215514389,1.820621053154081,0.0003167197693824913,0,-0.9285675787159846,-0.01260474452546325,0.004407525413442573,0,-0.85777245481421,-0.012590350602257706,0.004420801092398725,0,18.37411720389704,2.912172135577781,0.004286147777272037,0,6.962893284805568,10.920014497174348,9.9152677651531,16703.718977957164,82943.40350150237,1.0,3001177.422313904,4.076923076923077,0
baseline_v2_supportedgeradialspeedmps2p0_s20261009,support_edge_radial_speed_mps,support_edge_radial_speed_mps,2.0,20261009,Baseline V2 controlled single-target case,1.0,0.4,9.0,0.9407699841783502,0.000873279066879206,-0.006998824121147087,0.004115983799784658,1.0,34.0,0.7224662968626719,0.34948306361530695,-0.06926244325165201,0.06329642957403665,212.47041305129457,1.9905321056538399,-1.901166995311187,0.0,2,20.0,-212.987593078,-0.5171800267054383,44,2200,42,88,49204480,49204480,a77e808c4c6b5583e5f7c43bbeeba263e2faa5d1970e2cd22e2d7dce10b32a47,1d08eefd2a52ddcd8c059aa8a8e15e5f8b0b9c2b3a4c46bc1029cfb1a55b90d9,Current legacy CSI [production replay],8.604364505092178,Corrected JDL physical,18.26832947827688,Corrected JDL physical,18.26832947827688,8.604364505092178,4.111872870725451,0.002137384311940525,0,2.996314186533759,4.157789373079531,0.00040206341981489913,0,2.0543330711331684,1.6920591968835976,0.00043620087998786223,0,2.120263338344582,1.8158054328859061,0.0004343043544226976,0,-1.4247450821446783,-0.012579181539010602,0.004333560916401153,0,-1.356358943388436,-0.012564181813199422,0.004367698376574116,0,18.26832947827688,2.7675344402288515,0.004382870581095434,0,7.0759960562224835,10.967080454630038,9.945041766710048,15794.733581245557,77741.79467017918,1.0,2972016.466734843,4.107692307692307,0
baseline_v2_supportedgeradialspeedmps2p0_s20261010,support_edge_radial_speed_mps,support_edge_radial_speed_mps,2.0,20261010,Baseline V2 controlled single-target case,1.0,0.4,9.0,0.95813388946469,0.0008676557992087834,0.0003622535225531584,0.0041060948399102735,1.0,34.0,0.7212110842182577,0.35160025213006957,-0.06655758761877241,0.06213974194393997,213.10259612168193,1.996454721796884,-1.906825801346262,0.0,2,20.0,-212.987593078,0.11500304368191819,44,2200,42,88,49204480,49204480,8f72daa3513ca61ce4c8dca0f5897c224d2f7d0137a0350bca2a50f47aacc525,7cc297e488905e86aa4b29f5d2c40b12144864b3cb1c70c6cea9d4998cdc013d,Current legacy CSI [production replay],7.512928122448031,Corrected JDL physical,20.014501837842445,Corrected JDL physical,20.014501837842445,7.512928122448031,4.1068323237480495,0.002122212107419208,0,4.897906429891819,4.165449080247982,0.00030913366712183283,0,6.854632830411951,1.797118702427343,0.0003299954483386436,0,6.875346211779728,1.8616525011208076,0.00034516765285996055,0,-0.7629810605914997,-0.01266801499842358,0.004312699135184343,0,-0.6751217922138437,-0.012649016307285984,0.004325974814140494,0,20.014501837842445,2.890477331330823,0.004305113032923684,0,7.091233237769808,10.97354463919606,9.92998417586983,17216.692994844594,87209.98460291103,1.0,3022279.491586866,4.084615384615384,0
baseline_v2_supportedgeradialspeedmps2p2_s20261001,support_edge_radial_speed_mps,support_edge_radial_speed_mps,2.2,20261001,Baseline V2 controlled single-target case,1.0,0.4,9.0,0.9303273803163554,0.000869677951869182,-0.005038485059275401,0.004118855846584728,1.0,34.0,0.7200843623929984,0.35022814905888155,-0.06785723205465059,0.06141281363754694,232.7663142672522,2.180674546680625,-2.082849521115444,0.0,0,0.0,-234.286352386,-1.5200381187478063,42,2200,42,88,49204480,49204480,5069c4e625e32ecefa928418bd7ec72dba21739c41e32e778d1995c73b1f8368,11949757f2435d033f727c153b14d6a2ff78fabd539e30464be80a0fd40b67c9,Current legacy CSI [scientific controlled],4.759387203965673,Corrected JDL physical,19.054623664503673,Corrected JDL physical,19.054623664503673,4.758449457590764,4.504224699860283,0.0018680776816871491,0,1.305763512179837,4.51844433167911,0.0001232741617357002,0,0.35222407207246675,1.8550003316697272,0.0002275830678197542,0,0.3758417575309565,1.9843644136014293,0.0002275830678197542,0,-1.0835961847964874,-0.012392119886108468,0.004399939311181915,0,-1.056342284178168,-0.012375898930694892,0.004401835836747079,0,19.054623664503673,3.1029617244621486,0.004303216507358519,0,7.032576483712582,10.79561296588519,9.82927582416034,15850.817922068609,76631.39417839571,1.0,2916250.209803612,4.092788461538461,0
baseline_v2_supportedgeradialspeedmps2p2_s20261002,support_edge_radial_speed_mps,support_edge_radial_speed_mps,2.2,20261002,Baseline V2 controlled single-target case,1.0,0.4,9.0,0.9370420111754768,0.0008745464034807713,0.0006319348085212062,0.004136077698668929,1.0,34.0,0.718583248787581,0.3378745093527875,-0.06892175769555393,0.06595005751534756,234.33737118545108,2.195393015904523,-2.0969139789242672,0.0,0,0.0,-234.286352386,0.05101879945107865,42,2200,42,88,49204480,49204480,49d67cc79c8c43b3256ae536e97511be6c33c3e1a49903b5806662c290e180b1,c424eb924cc3179a2a0566d2d37ce8cca2bc3f8d88150018e6e5273e2285bd13,Current legacy CSI [production replay],5.228012100625058,Corrected JDL physical,17.92362862777408,Corrected JDL physical,17.92362862777408,5.228012100625058,3.4210133354683867,0.0020785920194204216,0,3.335968890431932,3.453063405289212,0.0005348202093764224,0,2.226363631398737,1.3248337077400951,0.0005974055530268549,0,2.318716651598212,1.4433793311182743,0.0006011986041571841,0,-1.6299913251234237,-0.012407673810273166,0.004399939311181915,0,-1.6128740017286418,-0.012392572414468478,0.004396146260051585,0,17.92362862777408,2.982575094316109,0.004339250493096647,0,6.971886116742489,10.98987943728472,9.999203848635783,16441.73273203061,84977.30023713915,1.0,2967464.50152658,4.107692307692307,0
baseline_v2_supportedgeradialspeedmps2p2_s20261003,support_edge_radial_speed_mps,support_edge_radial_speed_mps,2.2,20261003,Baseline V2 controlled single-target case,1.0,0.4,9.0,0.9481294812797509,0.0008717087279182676,-0.006686752820575073,0.004198811898283493,1.0,34.0,0.7149041028010312,0.33960740208519713,-0.06888729015482423,0.062176684782326845,233.0634226329363,2.1834580106569,-2.0855092929288883,0.0,0,0.0,-234.286352386,-1.2229297530637093,42,2200,42,88,49204480,49204480,9acd4026de74d4c9c6f3c5cffff77c2b3d741506b5623e1bdde4686c904eece1,fd272a409a4bf8cc461e92edc387805f1c60da810a32ec9acc25dd9ac2215f92,Current legacy CSI [scientific controlled],6.7316474824785395,Corrected JDL physical,19.120727793034185,Corrected JDL physical,19.120727793034185,6.731340583974113,4.47487908625239,0.001708769534213321,0,3.818111826480372,4.49973763638691,0.0001763768775603095,0,2.1788791240170404,1.8641810417628526,0.00025223790016689425,0,2.2623456375671687,1.9667350732139275,0.0002560309512972235,0,-0.6802258787684252,-0.012364488538247398,0.004407525413442573,0,-0.6495750973651795,-0.012349508027413294,0.004390456683356091,0,19.120727793034185,3.0473345994468524,0.004356319223183128,0,7.110465041053856,11.063835832519558,10.020741944347836,16435.938906997257,82308.98351525077,1.0,2999984.7247506324,4.1,0
baseline_v2_supportedgeradialspeedmps2p2_s20261004,support_edge_radial_speed_mps,support_edge_radial_speed_mps,2.2,20261004,Baseline V2 controlled single-target case,1.0,0.4,9.0,0.9263251244188216,0.0008731864389406981,-0.006635780045024385,0.004388176333235509,1.0,34.0,0.7188610728939064,0.34427368535403813,-0.0690512630532407,0.0629213109072748,233.7035578071945,2.189455126198873,-2.091239922664962,0.0,0,0.0,-234.286352386,-0.5827945788055118,42,2200,42,88,49204480,49204480,8070b25bd9f98be4988c14f7ceaa33e4f180e3dcc58b87adc24733ef5ea7a42b,5c71a6c31e20a1e5da74448bd5f9f7974c587bd6585a9afda6bc08a9db588c4b,Current legacy CSI [scientific controlled],5.975312149716498,Corrected JDL physical,20.01076207709483,Corrected JDL physical,20.01076207709483,5.974799560942504,4.4679461527931865,0.0019363526020330754,0,4.933487452510288,4.512750851052504,0.000288271885905022,0,2.463093717980506,1.8025021907620569,0.0003394780761644667,0,2.5686905721104196,1.9058827267377834,0.0003394780761644667,0,-0.060086510089366385,-0.012510336357163636,0.004270975572750721,0,-0.0529942380869457,-0.012496943014209384,0.004325974814140494,0,20.01076207709483,3.1162454196524347,0.004276665149446215,0,7.170913442870535,11.096183372122855,10.113265193501668,16261.032368642433,83066.32214106145,1.0,2926458.0266922168,4.076923076923077,0
baseline_v2_supportedgeradialspeedmps2p2_s20261005,support_edge_radial_speed_mps,support_edge_radial_speed_mps,2.2,20261005,Baseline V2 controlled single-target case,1.0,0.4,9.0,0.9531504859611146,0.0008722811819100143,-0.006444968950096633,0.003981591213402969,1.0,34.0,0.7075709232536184,0.3119584778958466,-0.07064170165211381,0.06890359123088448,233.57979685831762,2.188295669977991,-2.0901319860198493,0.0,0,0.0,-234.286352386,-0.7065555276823707,42,2200,42,88,49204480,49204480,3e82a4453a87c7f11b75f264e5bf2526ddb37c7a5f932efe741dd5161e968071,e388570b515b3ca84e606b295148bf3e0d20e0fde7767e0425c6585c0ecd423e,Current legacy CSI [scientific controlled],7.896258621345638,Corrected JDL physical,19.543246218963702,Corrected JDL physical,19.543246218963702,7.8955586687298975,4.456634550961328,0.002171521772113488,0,6.435061115390248,4.5019203724749755,0.000248444849036565,0,2.84771749079988,1.6621877963515743,0.0003186162949476559,0,3.0219949742957297,1.79116601224964,0.0003413746017296313,0,-0.028694425912604515,-0.012312107348243038,0.0044189045668335605,0,0.01904206824508492,-0.012294994313732325,0.004413214990138067,0,19.543246218963702,2.947323124636283,0.004363905325443787,0,7.132764305432316,11.129102411085729,10.117719998241537,16186.005059549865,81475.94512662772,1.0,3031805.3038,4.092788461538461,0
baseline_v2_supportedgeradialspeedmps2p2_s20261006,support_edge_radial_speed_mps,support_edge_radial_speed_mps,2.2,20261006,Baseline V2 controlled single-target case,1.0,0.4,9.0,0.9511720975112572,0.0008721229096255959,-0.007590833366302011,0.0038611621676631677,1.0,34.0,0.72237655466906,0.35178969861341924,-0.0678132240940557,0.06274125120818938,233.94078244522652,2.191677568615553,-2.093363614691279,0.0,0,0.0,-234.286352386,-0.34556994077347575,42,2200,42,88,49204480,49204480,deb68b38c63e8a240497d544867068a92292f368eb5db8cba0c4e4698708d608,7c5ec9e0332e7e7841103212e81fb1421b607a74b12b328eccbcbb3d1de347ba,Current legacy CSI [scientific controlled],4.698530373920725,Corrected JDL physical,18.172032785756564,Corrected JDL physical,18.172032785756564,4.696815268321892,4.4915858765198315,0.001983765741162191,0,2.3776770976915884,4.509008313430762,0.00018965255651646185,0,0.6918037406380897,1.8395512982706848,0.0002655135791230466,0,0.7119454845007382,1.9229171104943432,0.00028447883477469274,0,-1.6142756534157456,-0.012391163120711623,0.004322181763010165,0,-1.603549457326551,-0.012373860821603843,0.004362008799878622,0,18.172032785756564,3.078552993588324,0.004288044302837202,0,7.046505416681354,10.995878804989657,9.959027319728799,16414.225675311798,82045.00709016902,1.0,2972147.448796438,4.1,0
baseline_v2_supportedgeradialspeedmps2p2_s20261007,support_edge_radial_speed_mps,support_edge_radial_speed_mps,2.2,20261007,Baseline V2 controlled single-target case,1.0,0.4,9.0,0.9113985386007066,0.0008761499578383195,-0.00798049190460754,0.004097053188132602,1.0,34.0,0.7120058465570231,0.3208107503697075,-0.07203439905675517,0.07100420888986733,233.99744197112486,2.1922083841948714,-2.0938708448226744,0.0,0,0.0,-234.286352386,-0.2889104148751547,42,2200,42,88,49204480,49204480,bbbc351f6d0d1c3fd0f29711047516eadb1121611cc319cdcb96e7ac5c2b4567,21792fb60191a4a3c6e2256386a410823098a876981d7d17f53af06123cb82c9,Current legacy CSI [scientific controlled],6.586045780316887,Corrected JDL physical,20.209155568661025,Corrected JDL physical,20.209155568661025,6.585687532567206,4.4636148297623395,0.002302382036109847,0,4.80835823048767,4.51809631748856,0.00044758003337884997,0,2.1028492222927824,1.6391161494674642,0.000527234107115764,0,2.281632199899015,1.8134074105516909,0.0005575785161583978,0,0.28922222317641655,-0.012469481395122379,0.004339250493096647,0,0.3187098729815432,-0.012453238583561713,0.004390456683356091,0,20.209155568661025,3.156604789908217,0.004270975572750721,0,7.218708688419998,11.253036054792695,10.229616124327823,15724.347006990747,77170.42499416844,1.0,2924871.8228513175,4.122596153846154,0
baseline_v2_supportedgeradialspeedmps2p2_s20261008,support_edge_radial_speed_mps,support_edge_radial_speed_mps,2.2,20261008,Baseline V2 controlled single-target case,1.0,0.4,9.0,0.9400173677818773,0.0008709881591140516,-0.0005515276498486859,0.004548754937369176,1.0,34.0,0.7171586196960378,0.34027172248017695,-0.06730395901330716,0.06521901894926747,234.94091311490172,2.2010473071087757,-2.1023170567074696,0.0,0,0.0,-234.286352386,0.6545607289016999,42,2200,42,88,49204480,49204480,ac0e29f8bb388b2835be17974b45a94e5a8af6cbdc23cb7f6594827f9ece587d,d3e8e23ce65a116d82c8a8f713754959cf925db8509122ce7a5960f5c8aa6949,Current legacy CSI [scientific controlled],6.783774636484424,Corrected JDL physical,18.484432575861348,Corrected JDL physical,18.484432575861348,6.783233465456306,3.4187365541550947,0.001585495372477621,0,4.564955905958172,3.447733535612846,0.00022189349112426034,0,2.902697374969989,1.303452031708849,0.00031292671825216206,0,3.003206532915314,1.3929196237398846,0.0003167197693824913,0,-1.0462945007110953,-0.012436297012033411,0.004407525413442573,0,-1.0116857476814687,-0.012423127564323441,0.004420801092398725,0,18.484432575861348,2.998358913030588,0.004286147777272037,0,6.962893284805568,10.920014497174348,9.9152677651531,16703.718977957164,82943.40350150237,1.0,3001177.422313904,4.076923076923077,0
baseline_v2_supportedgeradialspeedmps2p2_s20261009,support_edge_radial_speed_mps,support_edge_radial_speed_mps,2.2,20261009,Baseline V2 controlled single-target case,1.0,0.4,9.0,0.9407699841783502,0.000873279066879206,-0.006998824121147087,0.004115983799784658,1.0,34.0,0.7224662968626719,0.34948306361530695,-0.06926244325165201,0.06329642957403665,233.76917235929457,2.1900698370693306,-2.0918273196318857,0.0,0,0.0,-234.286352386,-0.5171800267054383,42,2200,42,88,49204480,49204480,721833a82c9c783a13b462100081d4f09dd39c010dca9be4cac1f1adc847a613,1d08eefd2a52ddcd8c059aa8a8e15e5f8b0b9c2b3a4c46bc1029cfb1a55b90d9,Current legacy CSI [scientific controlled],6.58561965380375,Corrected JDL physical,18.221148020382195,Corrected JDL physical,18.221148020382195,6.58521597367486,4.460629146533254,0.0021392808375056897,0,3.549763420451878,4.489719300636189,0.00040016689424973446,0,1.842633216540925,1.7878697700464472,0.00043620087998786223,0,1.9253846883762868,1.9025297326925599,0.0004343043544226976,0,-1.4626711524026845,-0.012370338949850686,0.004333560916401153,0,-1.4100607999481944,-0.01235665234538889,0.004367698376574116,0,18.221148020382195,2.8504167368180844,0.004382870581095434,0,7.0759960562224835,10.967080454630038,9.945041766710048,15794.733581245557,77741.79467017918,1.0,2972016.466734843,4.107692307692307,0
baseline_v2_supportedgeradialspeedmps2p2_s20261010,support_edge_radial_speed_mps,support_edge_radial_speed_mps,2.2,20261010,Baseline V2 controlled single-target case,1.0,0.4,9.0,0.95813388946469,0.0008676557992087834,0.0003622535225531584,0.0041060948399102735,1.0,34.0,0.7212110842182577,0.35160025213006957,-0.06655758761877241,0.06213974194393997,234.40135542968193,2.1959924532123747,-2.0974867830618753,0.0,0,0.0,-234.286352386,0.11500304368191819,42,2200,42,88,49204480,49204480,e9d1b3c46fa2ba3d0367dc752271aa2b9ebf4b7eb51c2f7b87289dde4ed7c404,7cc297e488905e86aa4b29f5d2c40b12144864b3cb1c70c6cea9d4998cdc013d,Current legacy CSI [production replay],4.978757542276536,Corrected JDL physical,18.45168283907281,Corrected JDL physical,18.45168283907281,4.978757542276536,3.452836600293891,0.002122212107419208,0,3.159502428231466,3.4708649944795895,0.00030913366712183283,0,3.3133822371062216,1.3970182387684524,0.0003299954483386436,0,3.3527632121783775,1.4409572985636814,0.00034516765285996055,0,-0.973007209478574,-0.012489243592228926,0.004312699135184343,0,-0.9287134518570106,-0.012472262323181466,0.004325974814140494,0,18.45168283907281,2.988283578651525,0.004305113032923684,0,7.091233237769808,10.97354463919606,9.92998417586983,17216.692994844594,87209.98460291103,1.0,3022279.491586866,4.084615384615384,0
baseline_v2_supportedgeradialspeedmps2p4_s20261001,support_edge_radial_speed_mps,support_edge_radial_speed_mps,2.4,20261001,Baseline V2 controlled single-target case,1.0,0.4,9.0,0.9303273803163554,0.000869677951869182,-0.005038485059275401,0.004118855846584728,1.0,34.0,0.7200843623929984,0.35022814905888155,-0.06785723205465059,0.06141281363754694,254.06507357425218,2.380212278086747,-2.2735318831456777,0.0,-3,-30.0,-255.585111693,-1.5200381187478063,39,2200,42,88,49204480,49204480,94a29df00489d174a196706c8b78cbfd9a7b3f6aabfcd99ceb44a05bac820a16,11949757f2435d033f727c153b14d6a2ff78fabd539e30464be80a0fd40b67c9,Current legacy CSI [production replay],0.0,Corrected JDL physical,19.571038513725085,Corrected JDL physical,19.571038513725085,0.0,0.0,0.0018699742072523138,0,0.0,0.0,0.00012137763617053558,0,0.0,0.0,0.0002275830678197542,0,0.0,0.0,0.0002275830678197542,0,-0.9878299471568539,-0.011888410872391399,0.004399939311181915,0,-0.969709772295893,-0.011873070409638604,0.004401835836747079,0,19.571038513725085,3.2210568722678143,0.004303216507358519,0,7.032576483712582,10.79561296588519,9.82927582416034,15850.817922068609,76631.39417839571,1.0,2916250.209803612,4.092788461538461,0
baseline_v2_supportedgeradialspeedmps2p4_s20261002,support_edge_radial_speed_mps,support_edge_radial_speed_mps,2.4,20261002,Baseline V2 controlled single-target case,1.0,0.4,9.0,0.9370420111754768,0.0008745464034807713,0.0006319348085212062,0.004136077698668929,1.0,34.0,0.718583248787581,0.3378745093527875,-0.06892175769555393,0.06595005751534756,255.63613049245106,2.3949307473106454,-2.287598127132568,0.0,-3,-30.0,-255.585111693,0.05101879945107865,39,2200,42,88,49204480,49204480,fd8d373cb2c570aa58355d66671703c1300b943b1511562da0f89833a9f83dbd,c424eb924cc3179a2a0566d2d37ce8cca2bc3f8d88150018e6e5273e2285bd13,Current legacy CSI [production replay],0.0,Corrected JDL physical,18.46609489006228,Corrected JDL physical,18.46609489006228,0.0,0.0,0.0020804885449855863,0,0.0,0.0,0.0005310271582460932,0,0.0,0.0,0.0005974055530268549,0,0.0,0.0,0.0006011986041571841,0,-1.5046589964943955,-0.012056979905369719,0.004399939311181915,0,-1.501647601024537,-0.012042446248484039,0.004396146260051585,0,18.46609489006228,2.9961960503688556,0.004339250493096647,0,6.971886116742489,10.98987943728472,9.999203848635783,16441.73273203061,84977.30023713915,1.0,2967464.50152658,4.107692307692307,0
baseline_v2_supportedgeradialspeedmps2p4_s20261003,support_edge_radial_speed_mps,support_edge_radial_speed_mps,2.4,20261003,Baseline V2 controlled single-target case,1.0,0.4,9.0,0.9481294812797509,0.0008717087279182676,-0.006686752820575073,0.004198811898283493,1.0,34.0,0.7149041028010312,0.33960740208519713,-0.06888729015482423,0.062176684782326845,254.36218193993628,2.382995742063022,-2.276191991864907,0.0,-3,-30.0,-255.585111693,-1.2229297530637093,39,2200,42,88,49204480,49204480,caa188a1565e61f01aab9c11f47593bae243a3d1e3883099c93b50c323443860,fd272a409a4bf8cc461e92edc387805f1c60da810a32ec9acc25dd9ac2215f92,Current legacy CSI [production replay],0.0,Corrected JDL physical,19.565638635561307,Corrected JDL physical,19.565638635561307,0.0,0.0,0.0017030799575178273,0,0.0,0.0,0.0001763768775603095,0,0.0,0.0,0.00025223790016689425,0,0.0,0.0,0.0002560309512972235,0,-0.648473442561162,-0.01189060248609798,0.004407525413442573,0,-0.6290728837537358,-0.011876037713225514,0.004390456683356091,0,19.565638635561307,3.1620122994928614,0.004356319223183128,0,7.110465041053856,11.063835832519558,10.020741944347836,16435.938906997257,82308.98351525077,1.0,2999984.7247506324,4.1,0
baseline_v2_supportedgeradialspeedmps2p4_s20261004,support_edge_radial_speed_mps,support_edge_radial_speed_mps,2.4,20261004,Baseline V2 controlled single-target case,1.0,0.4,9.0,0.9263251244188216,0.0008731864389406981,-0.006635780045024385,0.004388176333235509,1.0,34.0,0.7188610728939064,0.34427368535403813,-0.0690512630532407,0.0629213109072748,255.00231711419448,2.3889928576049946,-2.2819233488844266,0.0,-3,-30.0,-255.585111693,-0.5827945788055118,39,2200,42,88,49204480,49204480,e924f236feabce066b2f0633e050d2ab0d41915c8a9fc412387c46454742863a,5c71a6c31e20a1e5da74448bd5f9f7974c587bd6585a9afda6bc08a9db588c4b,Current legacy CSI [production replay],0.0,Corrected JDL physical,20.446356306106296,Corrected JDL physical,20.446356306106296,0.0,0.0,0.00193824912759824,0,0.0,0.0,0.000288271885905022,0,0.0,0.0,0.0003394780761644667,0,0.0,0.0,0.0003394780761644667,0,-0.028357218963620312,-0.012025378367418718,0.004270975572750721,0,-0.029274312807267222,-0.012011894228818015,0.004325974814140494,0,20.446356306106296,3.218655467703217,0.004276665149446215,0,7.170913442870535,11.096183372122855,10.113265193501668,16261.032368642433,83066.32214106145,1.0,2926458.0266922168,4.076923076923077,0
baseline_v2_supportedgeradialspeedmps2p4_s20261005,support_edge_radial_speed_mps,support_edge_radial_speed_mps,2.4,20261005,Baseline V2 controlled single-target case,1.0,0.4,9.0,0.9531504859611146,0.0008722811819100143,-0.006444968950096633,0.003981591213402969,1.0,34.0,0.7075709232536184,0.3119584778958466,-0.07064170165211381,0.06890359123088448,254.8785561653176,2.387833401384113,-2.280815271480083,0.0,-3,-30.0,-255.585111693,-0.7065555276823707,39,2200,42,88,49204480,49204480,3abe3b5b91f4045cddbe54b1c4092f9eedac078ac2d8b35d8f0449b571015a12,e388570b515b3ca84e606b295148bf3e0d20e0fde7767e0425c6585c0ecd423e,Current legacy CSI [production replay],0.0,Corrected JDL physical,19.943073248374944,Corrected JDL physical,19.943073248374944,0.0,0.0,0.002173418297678653,0,0.0,0.0,0.000248444849036565,0,0.0,0.0,0.0003186162949476559,0,0.0,0.0,0.0003413746017296313,0,-0.10740600228557184,-0.011801056710187136,0.0044189045668335605,0,-0.07569561518755563,-0.011783082429830675,0.004413214990138067,0,19.943073248374944,3.097562274700076,0.004363905325443787,0,7.132764305432316,11.129102411085729,10.117719998241537,16186.005059549865,81475.94512662772,1.0,3031805.3038,4.092788461538461,0
baseline_v2_supportedgeradialspeedmps2p4_s20261006,support_edge_radial_speed_mps,support_edge_radial_speed_mps,2.4,20261006,Baseline V2 controlled single-target case,1.0,0.4,9.0,0.9511720975112572,0.0008721229096255959,-0.007590833366302011,0.0038611621676631677,1.0,34.0,0.72237655466906,0.35178969861341924,-0.0678132240940557,0.06274125120818938,255.2395417522265,2.3912153000216754,-2.284047310917859,0.0,-3,-30.0,-255.585111693,-0.34556994077347575,39,2200,42,88,49204480,49204480,b4a3c128db213cf9ea2788952e698cc14af130a28f0e7efca366478862a3a5a7,7c5ec9e0332e7e7841103212e81fb1421b607a74b12b328eccbcbb3d1de347ba,Current legacy CSI [production replay],0.0,Corrected JDL physical,18.684338085799567,Corrected JDL physical,18.684338085799567,0.0,0.0,0.001981869215597026,0,0.0,0.0,0.00018965255651646185,0,0.0,0.0,0.0002655135791230466,0,0.0,0.0,0.00028447883477469274,0,-1.5370902263497754,-0.011861340281799401,0.004322181763010165,0,-1.5350180820651076,-0.011845030189271539,0.004362008799878622,0,18.684338085799567,3.1995745037087016,0.004288044302837202,0,7.046505416681354,10.995878804989657,9.959027319728799,16414.225675311798,82045.00709016902,1.0,2972147.448796438,4.1,0
baseline_v2_supportedgeradialspeedmps2p4_s20261007,support_edge_radial_speed_mps,support_edge_radial_speed_mps,2.4,20261007,Baseline V2 controlled single-target case,1.0,0.4,9.0,0.9113985386007066,0.0008761499578383195,-0.00798049190460754,0.004097053188132602,1.0,34.0,0.7120058465570231,0.3208107503697075,-0.07203439905675517,0.07100420888986733,255.29620127812484,2.391746115600993,-2.2845546055775885,0.0,-3,-30.0,-255.585111693,-0.2889104148751547,39,2200,42,88,49204480,49204480,d4c20ac2badf427831895c44c0ffceb92cc1f72f880a669d9bb075b9d9129e90,21792fb60191a4a3c6e2256386a410823098a876981d7d17f53af06123cb82c9,Current legacy CSI [production replay],0.0,Corrected JDL physical,20.653268485326855,Corrected JDL physical,20.653268485326855,0.0,0.0,0.002302382036109847,0,0.0,0.0,0.0004456835078136853,0,0.0,0.0,0.000527234107115764,0,0.0,0.0,0.0005575785161583978,0,0.2372944328367126,-0.011971338880186248,0.004339250493096647,0,0.2537849503972467,-0.011954548330878813,0.004390456683356091,0,20.653268485326855,3.2519314171766123,0.004270975572750721,0,7.218708688419998,11.253036054792695,10.229616124327823,15724.347006990747,77170.42499416844,1.0,2924871.8228513175,4.122596153846154,0
baseline_v2_supportedgeradialspeedmps2p4_s20261008,support_edge_radial_speed_mps,support_edge_radial_speed_mps,2.4,20261008,Baseline V2 controlled single-target case,1.0,0.4,9.0,0.9400173677818773,0.0008709881591140516,-0.0005515276498486859,0.004548754937369176,1.0,34.0,0.7171586196960378,0.34027172248017695,-0.06730395901330716,0.06521901894926747,256.2396724219017,2.400585038514897,-2.293001894167919,0.0,-3,-30.0,-255.585111693,0.6545607289016999,39,2200,42,88,49204480,49204480,3b3f9c9192bab254db073766f1e2ccd89250382f5c82c22c36bdc0c3bf5ba489,d3e8e23ce65a116d82c8a8f713754959cf925db8509122ce7a5960f5c8aa6949,Current legacy CSI [production replay],0.0,Corrected JDL physical,18.74425417417364,Corrected JDL physical,18.74425417417364,0.0,0.0,0.0015835988469124565,0,0.0,0.0,0.00022189349112426034,0,0.0,0.0,0.00031292671825216206,0,0.0,0.0,0.0003167197693824913,0,-1.139049419577745,-0.012087878543800522,0.004407525413442573,0,-1.1248092934346516,-0.012074814918159434,0.004420801092398725,0,18.74425417417364,3.010975727232757,0.004286147777272037,0,6.962893284805568,10.920014497174348,9.9152677651531,16703.718977957164,82943.40350150237,1.0,3001177.422313904,4.076923076923077,0
baseline_v2_supportedgeradialspeedmps2p4_s20261009,support_edge_radial_speed_mps,support_edge_radial_speed_mps,2.4,20261009,Baseline V2 controlled single-target case,1.0,0.4,9.0,0.9407699841783502,0.000873279066879206,-0.006998824121147087,0.004115983799784658,1.0,34.0,0.7224662968626719,0.34948306361530695,-0.06926244325165201,0.06329642957403665,255.06793166629456,2.3896075684754523,-2.282510820506962,0.0,-3,-30.0,-255.585111693,-0.5171800267054383,39,2200,42,88,49204480,49204480,c629cd026f919ccb78cdd8f1f168b5b74a0e695c94d18e52ce1fe74c2e843d1a,1d08eefd2a52ddcd8c059aa8a8e15e5f8b0b9c2b3a4c46bc1029cfb1a55b90d9,Current legacy CSI [production replay],0.0,Corrected JDL physical,18.611792201737565,Corrected JDL physical,18.611792201737565,0.0,0.0,0.0021354877863753604,0,0.0,0.0,0.00040395994538006374,0,0.0,0.0,0.00043620087998786223,0,0.0,0.0,0.0004343043544226976,0,-1.483639652293462,-0.011824285685070829,0.004333560916401153,0,-1.4445878747999572,-0.011810702099075645,0.004367698376574116,0,18.611792201737565,3.025556398199119,0.004382870581095434,0,7.0759960562224835,10.967080454630038,9.945041766710048,15794.733581245557,77741.79467017918,1.0,2972016.466734843,4.107692307692307,0
baseline_v2_supportedgeradialspeedmps2p4_s20261010,support_edge_radial_speed_mps,support_edge_radial_speed_mps,2.4,20261010,Baseline V2 controlled single-target case,1.0,0.4,9.0,0.95813388946469,0.0008676557992087834,0.0003622535225531584,0.0041060948399102735,1.0,34.0,0.7212110842182577,0.35160025213006957,-0.06655758761877241,0.06213974194393997,255.7001147366819,2.3955301846184964,-2.2881710042602332,0.0,-3,-30.0,-255.585111693,0.11500304368191819,39,2200,42,88,49204480,49204480,b967c8af410c63e0bd8f22eaeb5d55f0d6f6eb8c11a6b423cd0025a622ddcbf4,7cc297e488905e86aa4b29f5d2c40b12144864b3cb1c70c6cea9d4998cdc013d,Current legacy CSI [production replay],0.0,Corrected JDL physical,18.685062341185464,Corrected JDL physical,18.685062341185464,0.0,0.0,0.002116522530723714,0,0.0,0.0,0.00030913366712183283,0,0.0,0.0,0.0003299954483386436,0,0.0,0.0,0.00034516765285996055,0,-1.027147678110147,-0.01212209927353694,0.004312699135184343,0,-1.0060449614210043,-0.012105429149405064,0.004325974814140494,0,18.685062341185464,2.9983484313145574,0.004305113032923684,0,7.091233237769808,10.97354463919606,9.92998417586983,17216.692994844594,87209.98460291103,1.0,3022279.491586866,4.084615384615384,0
