scene_id,working_point,seed,delay_error_ns,target_velocity_mps,target_snr_db,level,method,status,estimate_ns,truth_ns,error_ns,runtime_sec,fallback_reason,snr_db,bias_ns,rmse_ns,std_ns,ci95_low_ns,ci95_high_ns,outlier_rate,fallback_rate,fallback_count,finite_estimate_count,trials,mean_runtime_sec,random_seed_namespace,sampling_rate_hz,bandwidth_hz,pulse_samples
base__seed_101__v_p6d7__snr_p30__delay_p0ns,base,101,0.0,6.7,30.0,level2,D1_ordinary_LS,ok,-0.029635960372710345,0.0,-0.029635960372710345,0.00018515100236982107,,,,,,,,,,,,,,,,,
base__seed_101__v_p6d7__snr_p30__delay_p0ns,base,101,0.0,6.7,30.0,level2,D2_weighted_LS,ok,-0.007020225075362978,0.0,-0.007020225075362978,0.00013486499665305018,,,,,,,,,,,,,,,,,
base__seed_101__v_p6d7__snr_p30__delay_p0ns,base,101,0.0,6.7,30.0,level2,D3_Huber_weighted_LS,ok,-0.028130307937299665,0.0,-0.028130307937299665,0.0013330700166989118,,,,,,,,,,,,,,,,,
base__seed_101__v_p6d7__snr_p30__delay_p0ns,base,101,0.0,6.7,30.0,level2,cross_correlation,ok,-0.02662150568326747,0.0,-0.02662150568326747,1.9196755299926735,,,,,,,,,,,,,,,,,
base__seed_101__v_p6d7__snr_p30__delay_p0ns,base,101,0.0,6.7,30.0,level2,gcc_phat,ok,-0.02412623344305109,0.0,-0.02412623344305109,1.483714799018344,,,,,,,,,,,,,,,,,
base__seed_101__v_p6d7__snr_p30__delay_p1ns,base,101,1.0,6.7,30.0,level2,D1_ordinary_LS,ok,0.8610374147365133,1.0,-0.1389625852634867,0.00022586900740861893,,,,,,,,,,,,,,,,,
base__seed_101__v_p6d7__snr_p30__delay_p1ns,base,101,1.0,6.7,30.0,level2,D2_weighted_LS,ok,0.8812875822992559,1.0,-0.11871241770074414,0.00013081400538794696,,,,,,,,,,,,,,,,,
base__seed_101__v_p6d7__snr_p30__delay_p1ns,base,101,1.0,6.7,30.0,level2,D3_Huber_weighted_LS,ok,0.8639455192566396,1.0,-0.13605448074336035,0.0012620399938896298,,,,,,,,,,,,,,,,,
base__seed_101__v_p6d7__snr_p30__delay_p1ns,base,101,1.0,6.7,30.0,level2,cross_correlation,ok,0.20170346627866306,1.0,-0.7982965337213369,1.4619741910137236,,,,,,,,,,,,,,,,,
base__seed_101__v_p6d7__snr_p30__delay_p1ns,base,101,1.0,6.7,30.0,level2,gcc_phat,ok,0.07171552122068187,1.0,-0.9282844787793181,2.0656838090217207,,,,,,,,,,,,,,,,,
base__seed_101__v_p6d7__snr_p30__delay_m1ns,base,101,-1.0,6.7,30.0,level2,D1_ordinary_LS,ok,0.0788048195392907,-1.0,1.0788048195392907,0.0006146770028863102,,,,,,,,,,,,,,,,,
base__seed_101__v_p6d7__snr_p30__delay_m1ns,base,101,-1.0,6.7,30.0,level2,D2_weighted_LS,ok,0.09555661996197672,-1.0,1.0955566199619766,0.0002805539988912642,,,,,,,,,,,,,,,,,
base__seed_101__v_p6d7__snr_p30__delay_m1ns,base,101,-1.0,6.7,30.0,level2,D3_Huber_weighted_LS,ok,0.08113085891771028,-1.0,1.0811308589177102,0.002539515000535175,,,,,,,,,,,,,,,,,
base__seed_101__v_p6d7__snr_p30__delay_m1ns,base,101,-1.0,6.7,30.0,level2,cross_correlation,ok,-0.2566272341463842,-1.0,0.7433727658536158,2.025104100990575,,,,,,,,,,,,,,,,,
base__seed_101__v_p6d7__snr_p30__delay_m1ns,base,101,-1.0,6.7,30.0,level2,gcc_phat,ok,-0.11137507845594549,-1.0,0.8886249215440545,2.1361187120201066,,,,,,,,,,,,,,,,,
base__seed_101__v_p6d7__snr_p30__delay_p2ns,base,101,2.0,6.7,30.0,level2,D1_ordinary_LS,ok,1.7105058733975447,2.0,-0.2894941266024553,0.00043788901530206203,,,,,,,,,,,,,,,,,
base__seed_101__v_p6d7__snr_p30__delay_p2ns,base,101,2.0,6.7,30.0,level2,D2_weighted_LS,ok,1.7279997384835428,2.0,-0.2720002615164572,0.00013464901712723076,,,,,,,,,,,,,,,,,
base__seed_101__v_p6d7__snr_p30__delay_p2ns,base,101,2.0,6.7,30.0,level2,D3_Huber_weighted_LS,ok,1.7166844941142378,2.0,-0.28331550588576215,0.0012170789996162057,,,,,,,,,,,,,,,,,
base__seed_101__v_p6d7__snr_p30__delay_p2ns,base,101,2.0,6.7,30.0,level2,cross_correlation,ok,0.4583676392380304,2.0,-1.5416323607619695,1.4174667049956042,,,,,,,,,,,,,,,,,
base__seed_101__v_p6d7__snr_p30__delay_p2ns,base,101,2.0,6.7,30.0,level2,gcc_phat,ok,0.08890856969654572,2.0,-1.9110914303034543,2.03844562600716,,,,,,,,,,,,,,,,,
base__seed_101__v_p6d7__snr_p30__delay_m2ns,base,101,-2.0,6.7,30.0,level2,D1_ordinary_LS,ok,0.10979095974564741,-2.0,2.1097909597456472,0.00046317497617565095,,,,,,,,,,,,,,,,,
base__seed_101__v_p6d7__snr_p30__delay_m2ns,base,101,-2.0,6.7,30.0,level2,D2_weighted_LS,ok,0.10931993513096394,-2.0,2.109319935130964,0.00013150699669495225,,,,,,,,,,,,,,,,,
base__seed_101__v_p6d7__snr_p30__delay_m2ns,base,101,-2.0,6.7,30.0,level2,D3_Huber_weighted_LS,ok,0.10230710433891471,-2.0,2.1023071043389145,0.0012748489971272647,,,,,,,,,,,,,,,,,
base__seed_101__v_p6d7__snr_p30__delay_m2ns,base,101,-2.0,6.7,30.0,level2,cross_correlation,ok,-0.514181326194249,-2.0,1.4858186738057508,1.5079090900253505,,,,,,,,,,,,,,,,,
base__seed_101__v_p6d7__snr_p30__delay_m2ns,base,101,-2.0,6.7,30.0,level2,gcc_phat,ok,-0.1178600641606655,-2.0,1.8821399358393345,2.0686753329937346,,,,,,,,,,,,,,,,,
base__seed_101__v_p6d7__snr_p30__delay_p4ns,base,101,4.0,6.7,30.0,level2,D1_ordinary_LS,ok,3.1646591819903485,4.0,-0.8353408180096515,0.0001924090029206127,,,,,,,,,,,,,,,,,
base__seed_101__v_p6d7__snr_p30__delay_p4ns,base,101,4.0,6.7,30.0,level2,D2_weighted_LS,ok,3.183373693039725,4.0,-0.8166263069602748,0.00012585101649165154,,,,,,,,,,,,,,,,,
base__seed_101__v_p6d7__snr_p30__delay_p4ns,base,101,4.0,6.7,30.0,level2,D3_Huber_weighted_LS,ok,3.1823213380139537,4.0,-0.8176786619860463,0.00128477398538962,,,,,,,,,,,,,,,,,
base__seed_101__v_p6d7__snr_p30__delay_p4ns,base,101,4.0,6.7,30.0,level2,cross_correlation,ok,1.0524996471292734,4.0,-2.9475003528707266,1.468881896988023,,,,,,,,,,,,,,,,,
base__seed_101__v_p6d7__snr_p30__delay_p4ns,base,101,4.0,6.7,30.0,level2,gcc_phat,ok,0.08480339096996876,4.0,-3.915196609030031,1.547140333976131,,,,,,,,,,,,,,,,,
base__seed_101__v_p6d7__snr_p30__delay_m4ns,base,101,-4.0,6.7,30.0,level2,D1_ordinary_LS,ok,-0.2537879738733125,-4.0,3.7462120261266874,0.0016772129747550935,,,,,,,,,,,,,,,,,
base__seed_101__v_p6d7__snr_p30__delay_m4ns,base,101,-4.0,6.7,30.0,level2,D2_weighted_LS,ok,-0.2945186557531431,-4.0,3.705481344246857,0.00018675299361348152,,,,,,,,,,,,,,,,,
base__seed_101__v_p6d7__snr_p30__delay_m4ns,base,101,-4.0,6.7,30.0,level2,D3_Huber_weighted_LS,ok,-0.38910501145759807,-4.0,3.6108949885424018,0.0014059529930818826,,,,,,,,,,,,,,,,,
base__seed_101__v_p6d7__snr_p30__delay_m4ns,base,101,-4.0,6.7,30.0,level2,cross_correlation,ok,-1.107789895955872,-4.0,2.892210104044128,1.7670920910022687,,,,,,,,,,,,,,,,,
base__seed_101__v_p6d7__snr_p30__delay_m4ns,base,101,-4.0,6.7,30.0,level2,gcc_phat,ok,-0.10892032825068193,-4.0,3.891079671749318,1.5613736870000139,,,,,,,,,,,,,,,,,
base__seed_101__v_p6d7__snr_p30__delay_p8ns,base,101,8.0,6.7,30.0,level2,D1_ordinary_LS,ok,5.922807242942102,8.0,-2.0771927570578983,0.0006697700009681284,,,,,,,,,,,,,,,,,
base__seed_101__v_p6d7__snr_p30__delay_p8ns,base,101,8.0,6.7,30.0,level2,D2_weighted_LS,ok,5.913071873700761,8.0,-2.086928126299239,0.00015811901539564133,,,,,,,,,,,,,,,,,
base__seed_101__v_p6d7__snr_p30__delay_p8ns,base,101,8.0,6.7,30.0,level2,D3_Huber_weighted_LS,ok,5.884241046931248,8.0,-2.1157589530687524,0.0012303100083954632,,,,,,,,,,,,,,,,,
base__seed_101__v_p6d7__snr_p30__delay_p8ns,base,101,8.0,6.7,30.0,level2,cross_correlation,ok,2.5725344363738634,8.0,-5.427465563626137,1.3245156299963128,,,,,,,,,,,,,,,,,
base__seed_101__v_p6d7__snr_p30__delay_p8ns,base,101,8.0,6.7,30.0,level2,gcc_phat,ok,0.3850000405683121,8.0,-7.614999959431688,1.8085385980084538,,,,,,,,,,,,,,,,,
base__seed_101__v_p6d7__snr_p30__delay_m8ns,base,101,-8.0,6.7,30.0,level2,D1_ordinary_LS,ok,-2.0788005693215172,-8.0,5.921199430678483,0.000333000993123278,,,,,,,,,,,,,,,,,
base__seed_101__v_p6d7__snr_p30__delay_m8ns,base,101,-8.0,6.7,30.0,level2,D2_weighted_LS,ok,-2.1701257329777603,-8.0,5.829874267022239,0.000133396009914577,,,,,,,,,,,,,,,,,
base__seed_101__v_p6d7__snr_p30__delay_m8ns,base,101,-8.0,6.7,30.0,level2,D3_Huber_weighted_LS,ok,-2.2232137363653353,-8.0,5.776786263634665,0.0014323630020953715,,,,,,,,,,,,,,,,,
base__seed_101__v_p6d7__snr_p30__delay_m8ns,base,101,-8.0,6.7,30.0,level2,cross_correlation,ok,-2.6174358664065633,-8.0,5.382564133593437,1.2992623210011516,,,,,,,,,,,,,,,,,
base__seed_101__v_p6d7__snr_p30__delay_m8ns,base,101,-8.0,6.7,30.0,level2,gcc_phat,ok,-0.40874308204278376,-8.0,7.5912569179572165,1.5081875659816433,,,,,,,,,,,,,,,,,
base__seed_101__v_p6d7__snr_p35__delay_p0ns,base,101,0.0,6.7,35.0,level2,D1_ordinary_LS,ok,-0.029635960372710345,0.0,-0.029635960372710345,0.00035688700154423714,,,,,,,,,,,,,,,,,
base__seed_101__v_p6d7__snr_p35__delay_p0ns,base,101,0.0,6.7,35.0,level2,D2_weighted_LS,ok,-0.007020225075362978,0.0,-0.007020225075362978,0.0001596560177858919,,,,,,,,,,,,,,,,,
base__seed_101__v_p6d7__snr_p35__delay_p0ns,base,101,0.0,6.7,35.0,level2,D3_Huber_weighted_LS,ok,-0.028130307937299665,0.0,-0.028130307937299665,0.0012943600013386458,,,,,,,,,,,,,,,,,
base__seed_101__v_p6d7__snr_p35__delay_p0ns,base,101,0.0,6.7,35.0,level2,cross_correlation,ok,-0.02662150568326747,0.0,-0.02662150568326747,1.4627823700138833,,,,,,,,,,,,,,,,,
base__seed_101__v_p6d7__snr_p35__delay_p0ns,base,101,0.0,6.7,35.0,level2,gcc_phat,ok,-0.02412623344305109,0.0,-0.02412623344305109,1.7016565829981118,,,,,,,,,,,,,,,,,
base__seed_101__v_p6d7__snr_p35__delay_p1ns,base,101,1.0,6.7,35.0,level2,D1_ordinary_LS,ok,0.8610374147365133,1.0,-0.1389625852634867,0.0012575559958349913,,,,,,,,,,,,,,,,,
base__seed_101__v_p6d7__snr_p35__delay_p1ns,base,101,1.0,6.7,35.0,level2,D2_weighted_LS,ok,0.8812875822992559,1.0,-0.11871241770074414,0.00014191700029186904,,,,,,,,,,,,,,,,,
base__seed_101__v_p6d7__snr_p35__delay_p1ns,base,101,1.0,6.7,35.0,level2,D3_Huber_weighted_LS,ok,0.8639455192566396,1.0,-0.13605448074336035,0.001328933023614809,,,,,,,,,,,,,,,,,
base__seed_101__v_p6d7__snr_p35__delay_p1ns,base,101,1.0,6.7,35.0,level2,cross_correlation,ok,0.20170346627866306,1.0,-0.7982965337213369,1.2645790340029635,,,,,,,,,,,,,,,,,
base__seed_101__v_p6d7__snr_p35__delay_p1ns,base,101,1.0,6.7,35.0,level2,gcc_phat,ok,0.07171552122068187,1.0,-0.9282844787793181,1.688701343984576,,,,,,,,,,,,,,,,,
base__seed_101__v_p6d7__snr_p35__delay_m1ns,base,101,-1.0,6.7,35.0,level2,D1_ordinary_LS,ok,0.0788048195392907,-1.0,1.0788048195392907,0.0398820880218409,,,,,,,,,,,,,,,,,
base__seed_101__v_p6d7__snr_p35__delay_m1ns,base,101,-1.0,6.7,35.0,level2,D2_weighted_LS,ok,0.09555661996197672,-1.0,1.0955566199619766,0.0002646970096975565,,,,,,,,,,,,,,,,,
base__seed_101__v_p6d7__snr_p35__delay_m1ns,base,101,-1.0,6.7,35.0,level2,D3_Huber_weighted_LS,ok,0.08113085891771028,-1.0,1.0811308589177102,0.001564858015626669,,,,,,,,,,,,,,,,,
base__seed_101__v_p6d7__snr_p35__delay_m1ns,base,101,-1.0,6.7,35.0,level2,cross_correlation,ok,-0.2566272341463842,-1.0,0.7433727658536158,1.2473832610121462,,,,,,,,,,,,,,,,,
base__seed_101__v_p6d7__snr_p35__delay_m1ns,base,101,-1.0,6.7,35.0,level2,gcc_phat,ok,-0.11137507845594549,-1.0,0.8886249215440545,1.7259265760076232,,,,,,,,,,,,,,,,,
base__seed_101__v_p6d7__snr_p35__delay_p2ns,base,101,2.0,6.7,35.0,level2,D1_ordinary_LS,ok,1.7105058733975447,2.0,-0.2894941266024553,0.0009146390075329691,,,,,,,,,,,,,,,,,
base__seed_101__v_p6d7__snr_p35__delay_p2ns,base,101,2.0,6.7,35.0,level2,D2_weighted_LS,ok,1.7279997384835428,2.0,-0.2720002615164572,0.00013123199460096657,,,,,,,,,,,,,,,,,
base__seed_101__v_p6d7__snr_p35__delay_p2ns,base,101,2.0,6.7,35.0,level2,D3_Huber_weighted_LS,ok,1.7166844941142378,2.0,-0.28331550588576215,0.0012769040185958147,,,,,,,,,,,,,,,,,
base__seed_101__v_p6d7__snr_p35__delay_p2ns,base,101,2.0,6.7,35.0,level2,cross_correlation,ok,0.4583676392380304,2.0,-1.5416323607619695,1.2563434089825023,,,,,,,,,,,,,,,,,
base__seed_101__v_p6d7__snr_p35__delay_p2ns,base,101,2.0,6.7,35.0,level2,gcc_phat,ok,0.08890856969654572,2.0,-1.9110914303034543,1.7092958219873253,,,,,,,,,,,,,,,,,
base__seed_101__v_p6d7__snr_p35__delay_m2ns,base,101,-2.0,6.7,35.0,level2,D1_ordinary_LS,ok,0.10979095974564741,-2.0,2.1097909597456472,0.0004337840073276311,,,,,,,,,,,,,,,,,
base__seed_101__v_p6d7__snr_p35__delay_m2ns,base,101,-2.0,6.7,35.0,level2,D2_weighted_LS,ok,0.10931993513096394,-2.0,2.109319935130964,0.00015085699851624668,,,,,,,,,,,,,,,,,
base__seed_101__v_p6d7__snr_p35__delay_m2ns,base,101,-2.0,6.7,35.0,level2,D3_Huber_weighted_LS,ok,0.10230710433891471,-2.0,2.1023071043389145,0.0012641240027733147,,,,,,,,,,,,,,,,,
base__seed_101__v_p6d7__snr_p35__delay_m2ns,base,101,-2.0,6.7,35.0,level2,cross_correlation,ok,-0.514181326194249,-2.0,1.4858186738057508,1.3114039380161557,,,,,,,,,,,,,,,,,
base__seed_101__v_p6d7__snr_p35__delay_m2ns,base,101,-2.0,6.7,35.0,level2,gcc_phat,ok,-0.1178600641606655,-2.0,1.8821399358393345,1.709559980983613,,,,,,,,,,,,,,,,,
base__seed_101__v_p6d7__snr_p35__delay_p4ns,base,101,4.0,6.7,35.0,level2,D1_ordinary_LS,ok,3.1646591819903485,4.0,-0.8353408180096515,0.00017621199367567897,,,,,,,,,,,,,,,,,
base__seed_101__v_p6d7__snr_p35__delay_p4ns,base,101,4.0,6.7,35.0,level2,D2_weighted_LS,ok,3.183373693039725,4.0,-0.8166263069602748,0.0001312340027652681,,,,,,,,,,,,,,,,,
base__seed_101__v_p6d7__snr_p35__delay_p4ns,base,101,4.0,6.7,35.0,level2,D3_Huber_weighted_LS,ok,3.1823213380139537,4.0,-0.8176786619860463,0.0012429869966581464,,,,,,,,,,,,,,,,,
base__seed_101__v_p6d7__snr_p35__delay_p4ns,base,101,4.0,6.7,35.0,level2,cross_correlation,ok,1.0524996471292734,4.0,-2.9475003528707266,1.5867152179998811,,,,,,,,,,,,,,,,,
base__seed_101__v_p6d7__snr_p35__delay_p4ns,base,101,4.0,6.7,35.0,level2,gcc_phat,ok,0.08480339096996876,4.0,-3.915196609030031,1.5305567579925992,,,,,,,,,,,,,,,,,
base__seed_101__v_p6d7__snr_p35__delay_m4ns,base,101,-4.0,6.7,35.0,level2,D1_ordinary_LS,ok,-0.2537879738733125,-4.0,3.7462120261266874,0.0031718160025775433,,,,,,,,,,,,,,,,,
base__seed_101__v_p6d7__snr_p35__delay_m4ns,base,101,-4.0,6.7,35.0,level2,D2_weighted_LS,ok,-0.2945186557531431,-4.0,3.705481344246857,0.00022084199008531868,,,,,,,,,,,,,,,,,
base__seed_101__v_p6d7__snr_p35__delay_m4ns,base,101,-4.0,6.7,35.0,level2,D3_Huber_weighted_LS,ok,-0.38910501145759807,-4.0,3.6108949885424018,0.0015544790076091886,,,,,,,,,,,,,,,,,
base__seed_101__v_p6d7__snr_p35__delay_m4ns,base,101,-4.0,6.7,35.0,level2,cross_correlation,ok,-1.107789895955872,-4.0,2.892210104044128,1.2239055259851739,,,,,,,,,,,,,,,,,
base__seed_101__v_p6d7__snr_p35__delay_m4ns,base,101,-4.0,6.7,35.0,level2,gcc_phat,ok,-0.10892032825068193,-4.0,3.891079671749318,1.3807602949964348,,,,,,,,,,,,,,,,,
base__seed_101__v_p6d7__snr_p35__delay_p8ns,base,101,8.0,6.7,35.0,level2,D1_ordinary_LS,ok,5.922807242942102,8.0,-2.0771927570578983,0.00016936601605266333,,,,,,,,,,,,,,,,,
base__seed_101__v_p6d7__snr_p35__delay_p8ns,base,101,8.0,6.7,35.0,level2,D2_weighted_LS,ok,5.913071873700761,8.0,-2.086928126299239,0.0001432450080756098,,,,,,,,,,,,,,,,,
base__seed_101__v_p6d7__snr_p35__delay_p8ns,base,101,8.0,6.7,35.0,level2,D3_Huber_weighted_LS,ok,5.884241046931248,8.0,-2.1157589530687524,0.0012013459927402437,,,,,,,,,,,,,,,,,
base__seed_101__v_p6d7__snr_p35__delay_p8ns,base,101,8.0,6.7,35.0,level2,cross_correlation,ok,2.5725344363738634,8.0,-5.427465563626137,3.3194783640210517,,,,,,,,,,,,,,,,,
base__seed_101__v_p6d7__snr_p35__delay_p8ns,base,101,8.0,6.7,35.0,level2,gcc_phat,ok,0.3850000405683121,8.0,-7.614999959431688,1.8808097810251638,,,,,,,,,,,,,,,,,
base__seed_101__v_p6d7__snr_p35__delay_m8ns,base,101,-8.0,6.7,35.0,level2,D1_ordinary_LS,ok,-2.0788005693215172,-8.0,5.921199430678483,0.00161836898769252,,,,,,,,,,,,,,,,,
base__seed_101__v_p6d7__snr_p35__delay_m8ns,base,101,-8.0,6.7,35.0,level2,D2_weighted_LS,ok,-2.1701257329777603,-8.0,5.829874267022239,0.00015190598787739873,,,,,,,,,,,,,,,,,
base__seed_101__v_p6d7__snr_p35__delay_m8ns,base,101,-8.0,6.7,35.0,level2,D3_Huber_weighted_LS,ok,-2.2232137363653353,-8.0,5.776786263634665,0.00286092099850066,,,,,,,,,,,,,,,,,
base__seed_101__v_p6d7__snr_p35__delay_m8ns,base,101,-8.0,6.7,35.0,level2,cross_correlation,ok,-2.6174358664065633,-8.0,5.382564133593437,2.032618558994727,,,,,,,,,,,,,,,,,
base__seed_101__v_p6d7__snr_p35__delay_m8ns,base,101,-8.0,6.7,35.0,level2,gcc_phat,ok,-0.40874308204278376,-8.0,7.5912569179572165,1.3301605580199976,,,,,,,,,,,,,,,,,
base__seed_101__v_p12__snr_p30__delay_p0ns,base,101,0.0,12.0,30.0,level2,D1_ordinary_LS,ok,-0.029635960372710345,0.0,-0.029635960372710345,0.00018431100761517882,,,,,,,,,,,,,,,,,
base__seed_101__v_p12__snr_p30__delay_p0ns,base,101,0.0,12.0,30.0,level2,D2_weighted_LS,ok,-0.007020225075362978,0.0,-0.007020225075362978,0.00013402602053247392,,,,,,,,,,,,,,,,,
base__seed_101__v_p12__snr_p30__delay_p0ns,base,101,0.0,12.0,30.0,level2,D3_Huber_weighted_LS,ok,-0.028130307937299665,0.0,-0.028130307937299665,0.001315605011768639,,,,,,,,,,,,,,,,,
base__seed_101__v_p12__snr_p30__delay_p0ns,base,101,0.0,12.0,30.0,level2,cross_correlation,ok,-0.02662150568326747,0.0,-0.02662150568326747,1.5593422949896194,,,,,,,,,,,,,,,,,
base__seed_101__v_p12__snr_p30__delay_p0ns,base,101,0.0,12.0,30.0,level2,gcc_phat,ok,-0.02412623344305109,0.0,-0.02412623344305109,1.8378394230094273,,,,,,,,,,,,,,,,,
base__seed_101__v_p12__snr_p30__delay_p1ns,base,101,1.0,12.0,30.0,level2,D1_ordinary_LS,ok,0.8610374147365133,1.0,-0.1389625852634867,0.0020457279752008617,,,,,,,,,,,,,,,,,
base__seed_101__v_p12__snr_p30__delay_p1ns,base,101,1.0,12.0,30.0,level2,D2_weighted_LS,ok,0.8812875822992559,1.0,-0.11871241770074414,0.00014589898637495935,,,,,,,,,,,,,,,,,
base__seed_101__v_p12__snr_p30__delay_p1ns,base,101,1.0,12.0,30.0,level2,D3_Huber_weighted_LS,ok,0.8639455192566396,1.0,-0.13605448074336035,0.003042366006411612,,,,,,,,,,,,,,,,,
base__seed_101__v_p12__snr_p30__delay_p1ns,base,101,1.0,12.0,30.0,level2,cross_correlation,ok,0.20170346627866306,1.0,-0.7982965337213369,1.5568786110088695,,,,,,,,,,,,,,,,,
base__seed_101__v_p12__snr_p30__delay_p1ns,base,101,1.0,12.0,30.0,level2,gcc_phat,ok,0.07171552122068187,1.0,-0.9282844787793181,1.9396599190076813,,,,,,,,,,,,,,,,,
base__seed_101__v_p12__snr_p30__delay_m1ns,base,101,-1.0,12.0,30.0,level2,D1_ordinary_LS,ok,0.0788048195392907,-1.0,1.0788048195392907,0.00019031798001378775,,,,,,,,,,,,,,,,,
base__seed_101__v_p12__snr_p30__delay_m1ns,base,101,-1.0,12.0,30.0,level2,D2_weighted_LS,ok,0.09555661996197672,-1.0,1.0955566199619766,0.0001338869915343821,,,,,,,,,,,,,,,,,
base__seed_101__v_p12__snr_p30__delay_m1ns,base,101,-1.0,12.0,30.0,level2,D3_Huber_weighted_LS,ok,0.08113085891771028,-1.0,1.0811308589177102,0.0012695780023932457,,,,,,,,,,,,,,,,,
base__seed_101__v_p12__snr_p30__delay_m1ns,base,101,-1.0,12.0,30.0,level2,cross_correlation,ok,-0.2566272341463842,-1.0,0.7433727658536158,1.3759874500101432,,,,,,,,,,,,,,,,,
base__seed_101__v_p12__snr_p30__delay_m1ns,base,101,-1.0,12.0,30.0,level2,gcc_phat,ok,-0.11137507845594549,-1.0,0.8886249215440545,1.7028741009999067,,,,,,,,,,,,,,,,,
base__seed_101__v_p12__snr_p30__delay_p2ns,base,101,2.0,12.0,30.0,level2,D1_ordinary_LS,ok,1.7105058733975447,2.0,-0.2894941266024553,0.001992403995245695,,,,,,,,,,,,,,,,,
base__seed_101__v_p12__snr_p30__delay_p2ns,base,101,2.0,12.0,30.0,level2,D2_weighted_LS,ok,1.7279997384835428,2.0,-0.2720002615164572,0.0002010769967455417,,,,,,,,,,,,,,,,,
base__seed_101__v_p12__snr_p30__delay_p2ns,base,101,2.0,12.0,30.0,level2,D3_Huber_weighted_LS,ok,1.7166844941142378,2.0,-0.28331550588576215,0.0027997170109301805,,,,,,,,,,,,,,,,,
base__seed_101__v_p12__snr_p30__delay_p2ns,base,101,2.0,12.0,30.0,level2,cross_correlation,ok,0.4583676392380304,2.0,-1.5416323607619695,1.4367243490123656,,,,,,,,,,,,,,,,,
base__seed_101__v_p12__snr_p30__delay_p2ns,base,101,2.0,12.0,30.0,level2,gcc_phat,ok,0.08890856969654572,2.0,-1.9110914303034543,1.8145908039878123,,,,,,,,,,,,,,,,,
base__seed_101__v_p12__snr_p30__delay_m2ns,base,101,-2.0,12.0,30.0,level2,D1_ordinary_LS,ok,0.10979095974564741,-2.0,2.1097909597456472,0.00027133800904266536,,,,,,,,,,,,,,,,,
base__seed_101__v_p12__snr_p30__delay_m2ns,base,101,-2.0,12.0,30.0,level2,D2_weighted_LS,ok,0.10931993513096394,-2.0,2.109319935130964,0.00014233900583349168,,,,,,,,,,,,,,,,,
base__seed_101__v_p12__snr_p30__delay_m2ns,base,101,-2.0,12.0,30.0,level2,D3_Huber_weighted_LS,ok,0.10230710433891471,-2.0,2.1023071043389145,0.0013578070211224258,,,,,,,,,,,,,,,,,
base__seed_101__v_p12__snr_p30__delay_m2ns,base,101,-2.0,12.0,30.0,level2,cross_correlation,ok,-0.514181326194249,-2.0,1.4858186738057508,1.3682859649998136,,,,,,,,,,,,,,,,,
base__seed_101__v_p12__snr_p30__delay_m2ns,base,101,-2.0,12.0,30.0,level2,gcc_phat,ok,-0.1178600641606655,-2.0,1.8821399358393345,1.7789046799880452,,,,,,,,,,,,,,,,,
base__seed_101__v_p12__snr_p30__delay_p4ns,base,101,4.0,12.0,30.0,level2,D1_ordinary_LS,ok,3.1646591819903485,4.0,-0.8353408180096515,0.0002991340006701648,,,,,,,,,,,,,,,,,
base__seed_101__v_p12__snr_p30__delay_p4ns,base,101,4.0,12.0,30.0,level2,D2_weighted_LS,ok,3.183373693039725,4.0,-0.8166263069602748,0.00017551399650983512,,,,,,,,,,,,,,,,,
base__seed_101__v_p12__snr_p30__delay_p4ns,base,101,4.0,12.0,30.0,level2,D3_Huber_weighted_LS,ok,3.1823213380139537,4.0,-0.8176786619860463,0.0012499659787863493,,,,,,,,,,,,,,,,,
base__seed_101__v_p12__snr_p30__delay_p4ns,base,101,4.0,12.0,30.0,level2,cross_correlation,ok,1.0524996471292734,4.0,-2.9475003528707266,1.4830207450140733,,,,,,,,,,,,,,,,,
base__seed_101__v_p12__snr_p30__delay_p4ns,base,101,4.0,12.0,30.0,level2,gcc_phat,ok,0.08480339096996876,4.0,-3.915196609030031,1.7552783570135944,,,,,,,,,,,,,,,,,
base__seed_101__v_p12__snr_p30__delay_m4ns,base,101,-4.0,12.0,30.0,level2,D1_ordinary_LS,ok,-0.2537879738733125,-4.0,3.7462120261266874,0.0008249050006270409,,,,,,,,,,,,,,,,,
base__seed_101__v_p12__snr_p30__delay_m4ns,base,101,-4.0,12.0,30.0,level2,D2_weighted_LS,ok,-0.2945186557531431,-4.0,3.705481344246857,0.00015686600818298757,,,,,,,,,,,,,,,,,
base__seed_101__v_p12__snr_p30__delay_m4ns,base,101,-4.0,12.0,30.0,level2,D3_Huber_weighted_LS,ok,-0.38910501145759807,-4.0,3.6108949885424018,0.06801954002003185,,,,,,,,,,,,,,,,,
base__seed_101__v_p12__snr_p30__delay_m4ns,base,101,-4.0,12.0,30.0,level2,cross_correlation,ok,-1.107789895955872,-4.0,2.892210104044128,1.297048285981873,,,,,,,,,,,,,,,,,
base__seed_101__v_p12__snr_p30__delay_m4ns,base,101,-4.0,12.0,30.0,level2,gcc_phat,ok,-0.10892032825068193,-4.0,3.891079671749318,1.763313970004674,,,,,,,,,,,,,,,,,
base__seed_101__v_p12__snr_p30__delay_p8ns,base,101,8.0,12.0,30.0,level2,D1_ordinary_LS,ok,5.922807242942102,8.0,-2.0771927570578983,0.0001865479862317443,,,,,,,,,,,,,,,,,
base__seed_101__v_p12__snr_p30__delay_p8ns,base,101,8.0,12.0,30.0,level2,D2_weighted_LS,ok,5.913071873700761,8.0,-2.086928126299239,0.00013060501078143716,,,,,,,,,,,,,,,,,
base__seed_101__v_p12__snr_p30__delay_p8ns,base,101,8.0,12.0,30.0,level2,D3_Huber_weighted_LS,ok,5.884241046931248,8.0,-2.1157589530687524,0.001532472000690177,,,,,,,,,,,,,,,,,
base__seed_101__v_p12__snr_p30__delay_p8ns,base,101,8.0,12.0,30.0,level2,cross_correlation,ok,2.5725344363738634,8.0,-5.427465563626137,1.2497969619871583,,,,,,,,,,,,,,,,,
base__seed_101__v_p12__snr_p30__delay_p8ns,base,101,8.0,12.0,30.0,level2,gcc_phat,ok,0.3850000405683121,8.0,-7.614999959431688,1.6349196959927212,,,,,,,,,,,,,,,,,
base__seed_101__v_p12__snr_p30__delay_m8ns,base,101,-8.0,12.0,30.0,level2,D1_ordinary_LS,ok,-2.0788005693215172,-8.0,5.921199430678483,0.00017125200247392058,,,,,,,,,,,,,,,,,
base__seed_101__v_p12__snr_p30__delay_m8ns,base,101,-8.0,12.0,30.0,level2,D2_weighted_LS,ok,-2.1701257329777603,-8.0,5.829874267022239,0.00012592499842867255,,,,,,,,,,,,,,,,,
base__seed_101__v_p12__snr_p30__delay_m8ns,base,101,-8.0,12.0,30.0,level2,D3_Huber_weighted_LS,ok,-2.2232137363653353,-8.0,5.776786263634665,0.0012429750058799982,,,,,,,,,,,,,,,,,
base__seed_101__v_p12__snr_p30__delay_m8ns,base,101,-8.0,12.0,30.0,level2,cross_correlation,ok,-2.6174358664065633,-8.0,5.382564133593437,1.3222689889953472,,,,,,,,,,,,,,,,,
base__seed_101__v_p12__snr_p30__delay_m8ns,base,101,-8.0,12.0,30.0,level2,gcc_phat,ok,-0.40874308204278376,-8.0,7.5912569179572165,1.828598652005894,,,,,,,,,,,,,,,,,
base__seed_101__v_p12__snr_p35__delay_p0ns,base,101,0.0,12.0,35.0,level2,D1_ordinary_LS,ok,-0.029635960372710345,0.0,-0.029635960372710345,0.0025566980184521526,,,,,,,,,,,,,,,,,
base__seed_101__v_p12__snr_p35__delay_p0ns,base,101,0.0,12.0,35.0,level2,D2_weighted_LS,ok,-0.007020225075362978,0.0,-0.007020225075362978,0.00014422298409044743,,,,,,,,,,,,,,,,,
base__seed_101__v_p12__snr_p35__delay_p0ns,base,101,0.0,12.0,35.0,level2,D3_Huber_weighted_LS,ok,-0.028130307937299665,0.0,-0.028130307937299665,0.0029003199888393283,,,,,,,,,,,,,,,,,
base__seed_101__v_p12__snr_p35__delay_p0ns,base,101,0.0,12.0,35.0,level2,cross_correlation,ok,-0.02662150568326747,0.0,-0.02662150568326747,1.2796809659921564,,,,,,,,,,,,,,,,,
base__seed_101__v_p12__snr_p35__delay_p0ns,base,101,0.0,12.0,35.0,level2,gcc_phat,ok,-0.02412623344305109,0.0,-0.02412623344305109,1.1631337369908579,,,,,,,,,,,,,,,,,
base__seed_101__v_p12__snr_p35__delay_p1ns,base,101,1.0,12.0,35.0,level2,D1_ordinary_LS,ok,0.8610374147365133,1.0,-0.1389625852634867,0.0001765600172802806,,,,,,,,,,,,,,,,,
base__seed_101__v_p12__snr_p35__delay_p1ns,base,101,1.0,12.0,35.0,level2,D2_weighted_LS,ok,0.8812875822992559,1.0,-0.11871241770074414,0.00014464199193753302,,,,,,,,,,,,,,,,,
base__seed_101__v_p12__snr_p35__delay_p1ns,base,101,1.0,12.0,35.0,level2,D3_Huber_weighted_LS,ok,0.8639455192566396,1.0,-0.13605448074336035,0.0012459759891498834,,,,,,,,,,,,,,,,,
base__seed_101__v_p12__snr_p35__delay_p1ns,base,101,1.0,12.0,35.0,level2,cross_correlation,ok,0.20170346627866306,1.0,-0.7982965337213369,1.238121289992705,,,,,,,,,,,,,,,,,
base__seed_101__v_p12__snr_p35__delay_p1ns,base,101,1.0,12.0,35.0,level2,gcc_phat,ok,0.07171552122068187,1.0,-0.9282844787793181,1.9313494750240352,,,,,,,,,,,,,,,,,
base__seed_101__v_p12__snr_p35__delay_m1ns,base,101,-1.0,12.0,35.0,level2,D1_ordinary_LS,ok,0.0788048195392907,-1.0,1.0788048195392907,0.0018093200051225722,,,,,,,,,,,,,,,,,
base__seed_101__v_p12__snr_p35__delay_m1ns,base,101,-1.0,12.0,35.0,level2,D2_weighted_LS,ok,0.09555661996197672,-1.0,1.0955566199619766,0.00016028599929995835,,,,,,,,,,,,,,,,,
base__seed_101__v_p12__snr_p35__delay_m1ns,base,101,-1.0,12.0,35.0,level2,D3_Huber_weighted_LS,ok,0.08113085891771028,-1.0,1.0811308589177102,0.0022560270153917372,,,,,,,,,,,,,,,,,
base__seed_101__v_p12__snr_p35__delay_m1ns,base,101,-1.0,12.0,35.0,level2,cross_correlation,ok,-0.2566272341463842,-1.0,0.7433727658536158,1.4518577870039735,,,,,,,,,,,,,,,,,
base__seed_101__v_p12__snr_p35__delay_m1ns,base,101,-1.0,12.0,35.0,level2,gcc_phat,ok,-0.11137507845594549,-1.0,0.8886249215440545,2.036507843993604,,,,,,,,,,,,,,,,,
base__seed_101__v_p12__snr_p35__delay_p2ns,base,101,2.0,12.0,35.0,level2,D1_ordinary_LS,ok,1.7105058733975447,2.0,-0.2894941266024553,0.000225240015424788,,,,,,,,,,,,,,,,,
base__seed_101__v_p12__snr_p35__delay_p2ns,base,101,2.0,12.0,35.0,level2,D2_weighted_LS,ok,1.7279997384835428,2.0,-0.2720002615164572,0.00015909899957478046,,,,,,,,,,,,,,,,,
base__seed_101__v_p12__snr_p35__delay_p2ns,base,101,2.0,12.0,35.0,level2,D3_Huber_weighted_LS,ok,1.7166844941142378,2.0,-0.28331550588576215,0.0013565359986387193,,,,,,,,,,,,,,,,,
base__seed_101__v_p12__snr_p35__delay_p2ns,base,101,2.0,12.0,35.0,level2,cross_correlation,ok,0.4583676392380304,2.0,-1.5416323607619695,1.6588701459986623,,,,,,,,,,,,,,,,,
base__seed_101__v_p12__snr_p35__delay_p2ns,base,101,2.0,12.0,35.0,level2,gcc_phat,ok,0.08890856969654572,2.0,-1.9110914303034543,1.2696559220203198,,,,,,,,,,,,,,,,,
base__seed_101__v_p12__snr_p35__delay_m2ns,base,101,-2.0,12.0,35.0,level2,D1_ordinary_LS,ok,0.10979095974564741,-2.0,2.1097909597456472,0.0002883769921027124,,,,,,,,,,,,,,,,,
base__seed_101__v_p12__snr_p35__delay_m2ns,base,101,-2.0,12.0,35.0,level2,D2_weighted_LS,ok,0.10931993513096394,-2.0,2.109319935130964,0.000173487002030015,,,,,,,,,,,,,,,,,
base__seed_101__v_p12__snr_p35__delay_m2ns,base,101,-2.0,12.0,35.0,level2,D3_Huber_weighted_LS,ok,0.10230710433891471,-2.0,2.1023071043389145,0.0012588960235007107,,,,,,,,,,,,,,,,,
base__seed_101__v_p12__snr_p35__delay_m2ns,base,101,-2.0,12.0,35.0,level2,cross_correlation,ok,-0.514181326194249,-2.0,1.4858186738057508,1.286484588024905,,,,,,,,,,,,,,,,,
base__seed_101__v_p12__snr_p35__delay_m2ns,base,101,-2.0,12.0,35.0,level2,gcc_phat,ok,-0.1178600641606655,-2.0,1.8821399358393345,1.7648269700002857,,,,,,,,,,,,,,,,,
base__seed_101__v_p12__snr_p35__delay_p4ns,base,101,4.0,12.0,35.0,level2,D1_ordinary_LS,ok,3.1646591819903485,4.0,-0.8353408180096515,0.0004068859852850437,,,,,,,,,,,,,,,,,
base__seed_101__v_p12__snr_p35__delay_p4ns,base,101,4.0,12.0,35.0,level2,D2_weighted_LS,ok,3.183373693039725,4.0,-0.8166263069602748,0.00015818601241335273,,,,,,,,,,,,,,,,,
base__seed_101__v_p12__snr_p35__delay_p4ns,base,101,4.0,12.0,35.0,level2,D3_Huber_weighted_LS,ok,3.1823213380139537,4.0,-0.8176786619860463,0.0013149409787729383,,,,,,,,,,,,,,,,,
base__seed_101__v_p12__snr_p35__delay_p4ns,base,101,4.0,12.0,35.0,level2,cross_correlation,ok,1.0524996471292734,4.0,-2.9475003528707266,1.2699847260082606,,,,,,,,,,,,,,,,,
base__seed_101__v_p12__snr_p35__delay_p4ns,base,101,4.0,12.0,35.0,level2,gcc_phat,ok,0.08480339096996876,4.0,-3.915196609030031,1.8149414860235993,,,,,,,,,,,,,,,,,
base__seed_101__v_p12__snr_p35__delay_m4ns,base,101,-4.0,12.0,35.0,level2,D1_ordinary_LS,ok,-0.2537879738733125,-4.0,3.7462120261266874,0.00018849800108000636,,,,,,,,,,,,,,,,,
base__seed_101__v_p12__snr_p35__delay_m4ns,base,101,-4.0,12.0,35.0,level2,D2_weighted_LS,ok,-0.2945186557531431,-4.0,3.705481344246857,0.00012864600284956396,,,,,,,,,,,,,,,,,
base__seed_101__v_p12__snr_p35__delay_m4ns,base,101,-4.0,12.0,35.0,level2,D3_Huber_weighted_LS,ok,-0.38910501145759807,-4.0,3.6108949885424018,0.0012518840085249394,,,,,,,,,,,,,,,,,
base__seed_101__v_p12__snr_p35__delay_m4ns,base,101,-4.0,12.0,35.0,level2,cross_correlation,ok,-1.107789895955872,-4.0,2.892210104044128,1.2905445380019955,,,,,,,,,,,,,,,,,
base__seed_101__v_p12__snr_p35__delay_m4ns,base,101,-4.0,12.0,35.0,level2,gcc_phat,ok,-0.10892032825068193,-4.0,3.891079671749318,1.5491857700108085,,,,,,,,,,,,,,,,,
base__seed_101__v_p12__snr_p35__delay_p8ns,base,101,8.0,12.0,35.0,level2,D1_ordinary_LS,ok,5.922807242942102,8.0,-2.0771927570578983,0.00032629500492475927,,,,,,,,,,,,,,,,,
base__seed_101__v_p12__snr_p35__delay_p8ns,base,101,8.0,12.0,35.0,level2,D2_weighted_LS,ok,5.913071873700761,8.0,-2.086928126299239,0.00015888700727373362,,,,,,,,,,,,,,,,,
base__seed_101__v_p12__snr_p35__delay_p8ns,base,101,8.0,12.0,35.0,level2,D3_Huber_weighted_LS,ok,5.884241046931248,8.0,-2.1157589530687524,0.0013846569927409291,,,,,,,,,,,,,,,,,
base__seed_101__v_p12__snr_p35__delay_p8ns,base,101,8.0,12.0,35.0,level2,cross_correlation,ok,2.5725344363738634,8.0,-5.427465563626137,1.4022659129987005,,,,,,,,,,,,,,,,,
base__seed_101__v_p12__snr_p35__delay_p8ns,base,101,8.0,12.0,35.0,level2,gcc_phat,ok,0.3850000405683121,8.0,-7.614999959431688,1.3120660689892247,,,,,,,,,,,,,,,,,
base__seed_101__v_p12__snr_p35__delay_m8ns,base,101,-8.0,12.0,35.0,level2,D1_ordinary_LS,ok,-2.0788005693215172,-8.0,5.921199430678483,0.0002788039855659008,,,,,,,,,,,,,,,,,
base__seed_101__v_p12__snr_p35__delay_m8ns,base,101,-8.0,12.0,35.0,level2,D2_weighted_LS,ok,-2.1701257329777603,-8.0,5.829874267022239,0.00013996101915836334,,,,,,,,,,,,,,,,,
base__seed_101__v_p12__snr_p35__delay_m8ns,base,101,-8.0,12.0,35.0,level2,D3_Huber_weighted_LS,ok,-2.2232137363653353,-8.0,5.776786263634665,0.0013424089993350208,,,,,,,,,,,,,,,,,
base__seed_101__v_p12__snr_p35__delay_m8ns,base,101,-8.0,12.0,35.0,level2,cross_correlation,ok,-2.6174358664065633,-8.0,5.382564133593437,1.2296181459969375,,,,,,,,,,,,,,,,,
base__seed_101__v_p12__snr_p35__delay_m8ns,base,101,-8.0,12.0,35.0,level2,gcc_phat,ok,-0.40874308204278376,-8.0,7.5912569179572165,1.4851774900162127,,,,,,,,,,,,,,,,,
base__seed_202__v_p6d7__snr_p30__delay_p0ns,base,202,0.0,6.7,30.0,level2,D1_ordinary_LS,ok,-0.31482992236677865,0.0,-0.31482992236677865,0.00016566301928833127,,,,,,,,,,,,,,,,,
base__seed_202__v_p6d7__snr_p30__delay_p0ns,base,202,0.0,6.7,30.0,level2,D2_weighted_LS,ok,-0.3128536016348008,0.0,-0.3128536016348008,0.0001276689872611314,,,,,,,,,,,,,,,,,
base__seed_202__v_p6d7__snr_p30__delay_p0ns,base,202,0.0,6.7,30.0,level2,D3_Huber_weighted_LS,ok,-0.28882619193165404,0.0,-0.28882619193165404,0.0012688010174315423,,,,,,,,,,,,,,,,,
base__seed_202__v_p6d7__snr_p30__delay_p0ns,base,202,0.0,6.7,30.0,level2,cross_correlation,ok,0.005059994948727658,0.0,0.005059994948727658,1.2537293089844752,,,,,,,,,,,,,,,,,
base__seed_202__v_p6d7__snr_p30__delay_p0ns,base,202,0.0,6.7,30.0,level2,gcc_phat,ok,0.011546073521762798,0.0,0.011546073521762798,1.887242585013155,,,,,,,,,,,,,,,,,
base__seed_202__v_p6d7__snr_p30__delay_p1ns,base,202,1.0,6.7,30.0,level2,D1_ordinary_LS,ok,0.5999417374090628,1.0,-0.40005826259093724,0.0017497290100436658,,,,,,,,,,,,,,,,,
base__seed_202__v_p6d7__snr_p30__delay_p1ns,base,202,1.0,6.7,30.0,level2,D2_weighted_LS,ok,0.6000435576257894,1.0,-0.3999564423742106,0.00019262099522165954,,,,,,,,,,,,,,,,,
base__seed_202__v_p6d7__snr_p30__delay_p1ns,base,202,1.0,6.7,30.0,level2,D3_Huber_weighted_LS,ok,0.607210324741725,1.0,-0.392789675258275,0.0020786110253538936,,,,,,,,,,,,,,,,,
base__seed_202__v_p6d7__snr_p30__delay_p1ns,base,202,1.0,6.7,30.0,level2,cross_correlation,ok,0.2368360054954067,1.0,-0.7631639945045933,1.4624841820041183,,,,,,,,,,,,,,,,,
base__seed_202__v_p6d7__snr_p30__delay_p1ns,base,202,1.0,6.7,30.0,level2,gcc_phat,ok,0.09913925338576264,1.0,-0.9008607466142373,1.665273228980368,,,,,,,,,,,,,,,,,
base__seed_202__v_p6d7__snr_p30__delay_m1ns,base,202,-1.0,6.7,30.0,level2,D1_ordinary_LS,ok,-0.2825149242657863,-1.0,0.7174850757342137,0.00017446299898438156,,,,,,,,,,,,,,,,,
base__seed_202__v_p6d7__snr_p30__delay_m1ns,base,202,-1.0,6.7,30.0,level2,D2_weighted_LS,ok,-0.2948111260691812,-1.0,0.7051888739308187,0.00013109200517646968,,,,,,,,,,,,,,,,,
base__seed_202__v_p6d7__snr_p30__delay_m1ns,base,202,-1.0,6.7,30.0,level2,D3_Huber_weighted_LS,ok,-0.29978653485588513,-1.0,0.7002134651441149,0.0012406579917296767,,,,,,,,,,,,,,,,,
base__seed_202__v_p6d7__snr_p30__delay_m1ns,base,202,-1.0,6.7,30.0,level2,cross_correlation,ok,-0.22809580985134573,-1.0,0.7719041901486543,1.2172006010077894,,,,,,,,,,,,,,,,,
base__seed_202__v_p6d7__snr_p30__delay_m1ns,base,202,-1.0,6.7,30.0,level2,gcc_phat,ok,-0.08262675372445977,-1.0,0.9173732462755402,1.7896489579870831,,,,,,,,,,,,,,,,,
base__seed_202__v_p6d7__snr_p30__delay_p2ns,base,202,2.0,6.7,30.0,level2,D1_ordinary_LS,ok,1.472426760853814,2.0,-0.527573239146186,0.001642876013647765,,,,,,,,,,,,,,,,,
base__seed_202__v_p6d7__snr_p30__delay_p2ns,base,202,2.0,6.7,30.0,level2,D2_weighted_LS,ok,1.4714035736415694,2.0,-0.5285964263584306,0.00014045098214410245,,,,,,,,,,,,,,,,,
base__seed_202__v_p6d7__snr_p30__delay_p2ns,base,202,2.0,6.7,30.0,level2,D3_Huber_weighted_LS,ok,1.4705260492660148,2.0,-0.5294739507339852,0.002267954987473786,,,,,,,,,,,,,,,,,
base__seed_202__v_p6d7__snr_p30__delay_p2ns,base,202,2.0,6.7,30.0,level2,cross_correlation,ok,0.4970320907299262,2.0,-1.5029679092700738,1.1963434590143152,,,,,,,,,,,,,,,,,
base__seed_202__v_p6d7__snr_p30__delay_p2ns,base,202,2.0,6.7,30.0,level2,gcc_phat,ok,0.10998212579468207,2.0,-1.890017874205318,1.7545532569929492,,,,,,,,,,,,,,,,,
base__seed_202__v_p6d7__snr_p30__delay_m2ns,base,202,-2.0,6.7,30.0,level2,D1_ordinary_LS,ok,-0.28054226640662333,-2.0,1.7194577335933767,0.0002910989860538393,,,,,,,,,,,,,,,,,
base__seed_202__v_p6d7__snr_p30__delay_m2ns,base,202,-2.0,6.7,30.0,level2,D2_weighted_LS,ok,-0.31790602577235244,-2.0,1.6820939742276475,0.00016189200687222183,,,,,,,,,,,,,,,,,
base__seed_202__v_p6d7__snr_p30__delay_m2ns,base,202,-2.0,6.7,30.0,level2,D3_Huber_weighted_LS,ok,-0.37244505725773003,-2.0,1.62755494274227,0.06664019299205393,,,,,,,,,,,,,,,,,
base__seed_202__v_p6d7__snr_p30__delay_m2ns,base,202,-2.0,6.7,30.0,level2,cross_correlation,ok,-0.48979131435818074,-2.0,1.5102086856418193,1.1634355049754959,,,,,,,,,,,,,,,,,
base__seed_202__v_p6d7__snr_p30__delay_m2ns,base,202,-2.0,6.7,30.0,level2,gcc_phat,ok,-0.09953707443422763,-2.0,1.9004629255657723,1.7613273249880876,,,,,,,,,,,,,,,,,
base__seed_202__v_p6d7__snr_p30__delay_p4ns,base,202,4.0,6.7,30.0,level2,D1_ordinary_LS,ok,3.12607027561074,4.0,-0.8739297243892601,0.00025338499108329415,,,,,,,,,,,,,,,,,
base__seed_202__v_p6d7__snr_p30__delay_p4ns,base,202,4.0,6.7,30.0,level2,D2_weighted_LS,ok,3.1221454696470397,4.0,-0.8778545303529603,0.00022761299624107778,,,,,,,,,,,,,,,,,
base__seed_202__v_p6d7__snr_p30__delay_p4ns,base,202,4.0,6.7,30.0,level2,D3_Huber_weighted_LS,ok,3.1073309335028574,4.0,-0.8926690664971426,0.00238682801136747,,,,,,,,,,,,,,,,,
base__seed_202__v_p6d7__snr_p30__delay_p4ns,base,202,4.0,6.7,30.0,level2,cross_correlation,ok,1.0981726590860947,4.0,-2.901827340913905,1.9504109509871341,,,,,,,,,,,,,,,,,
base__seed_202__v_p6d7__snr_p30__delay_p4ns,base,202,4.0,6.7,30.0,level2,gcc_phat,ok,0.10367498647343694,4.0,-3.896325013526563,1.289202585001476,,,,,,,,,,,,,,,,,
base__seed_202__v_p6d7__snr_p30__delay_m4ns,base,202,-4.0,6.7,30.0,level2,D1_ordinary_LS,ok,-0.9576655395044493,-4.0,3.0423344604955505,0.000178793998202309,,,,,,,,,,,,,,,,,
base__seed_202__v_p6d7__snr_p30__delay_m4ns,base,202,-4.0,6.7,30.0,level2,D2_weighted_LS,ok,-0.9950394033818996,-4.0,3.0049605966181003,0.0001290669897571206,,,,,,,,,,,,,,,,,
base__seed_202__v_p6d7__snr_p30__delay_m4ns,base,202,-4.0,6.7,30.0,level2,D3_Huber_weighted_LS,ok,-0.9086588783058666,-4.0,3.0913411216941333,0.0012333289778325707,,,,,,,,,,,,,,,,,
base__seed_202__v_p6d7__snr_p30__delay_m4ns,base,202,-4.0,6.7,30.0,level2,cross_correlation,ok,-1.0941411988721346,-4.0,2.9058588011278657,1.2079816320037935,,,,,,,,,,,,,,,,,
base__seed_202__v_p6d7__snr_p30__delay_m4ns,base,202,-4.0,6.7,30.0,level2,gcc_phat,ok,-0.09738436095104616,-4.0,3.9026156390489537,1.2696956240106374,,,,,,,,,,,,,,,,,
base__seed_202__v_p6d7__snr_p30__delay_p8ns,base,202,8.0,6.7,30.0,level2,D1_ordinary_LS,ok,5.830300685569252,8.0,-2.1696993144307477,0.00017006299458444118,,,,,,,,,,,,,,,,,
base__seed_202__v_p6d7__snr_p30__delay_p8ns,base,202,8.0,6.7,30.0,level2,D2_weighted_LS,ok,5.832181082151534,8.0,-2.167818917848466,0.00012955599231645465,,,,,,,,,,,,,,,,,
base__seed_202__v_p6d7__snr_p30__delay_p8ns,base,202,8.0,6.7,30.0,level2,D3_Huber_weighted_LS,ok,5.783639411373351,8.0,-2.2163605886266486,0.0012248780112713575,,,,,,,,,,,,,,,,,
base__seed_202__v_p6d7__snr_p30__delay_p8ns,base,202,8.0,6.7,30.0,level2,cross_correlation,ok,2.6325874598715044,8.0,-5.367412540128496,1.121470412996132,,,,,,,,,,,,,,,,,
base__seed_202__v_p6d7__snr_p30__delay_p8ns,base,202,8.0,6.7,30.0,level2,gcc_phat,ok,0.41470177669849684,8.0,-7.585298223301503,1.4132781570078805,,,,,,,,,,,,,,,,,
base__seed_202__v_p6d7__snr_p30__delay_m8ns,base,202,-8.0,6.7,30.0,level2,D1_ordinary_LS,ok,-2.124996240596302,-8.0,5.875003759403699,0.0001720889995340258,,,,,,,,,,,,,,,,,
base__seed_202__v_p6d7__snr_p30__delay_m8ns,base,202,-8.0,6.7,30.0,level2,D2_weighted_LS,ok,-2.2377440503422155,-8.0,5.762255949657785,0.0001321400050073862,,,,,,,,,,,,,,,,,
base__seed_202__v_p6d7__snr_p30__delay_m8ns,base,202,-8.0,6.7,30.0,level2,D3_Huber_weighted_LS,ok,-2.16488072457905,-8.0,5.835119275420951,0.0015254760219249874,,,,,,,,,,,,,,,,,
base__seed_202__v_p6d7__snr_p30__delay_m8ns,base,202,-8.0,6.7,30.0,level2,cross_correlation,ok,-2.6348528418341735,-8.0,5.3651471581658265,1.1473409269819967,,,,,,,,,,,,,,,,,
base__seed_202__v_p6d7__snr_p30__delay_m8ns,base,202,-8.0,6.7,30.0,level2,gcc_phat,ok,-0.40522085498112925,-8.0,7.594779145018871,1.4509665190125816,,,,,,,,,,,,,,,,,
base__seed_202__v_p6d7__snr_p35__delay_p0ns,base,202,0.0,6.7,35.0,level2,D1_ordinary_LS,ok,-0.31482992236677865,0.0,-0.31482992236677865,0.0001718820130918175,,,,,,,,,,,,,,,,,
base__seed_202__v_p6d7__snr_p35__delay_p0ns,base,202,0.0,6.7,35.0,level2,D2_weighted_LS,ok,-0.3128536016348008,0.0,-0.3128536016348008,0.0001312329841312021,,,,,,,,,,,,,,,,,
base__seed_202__v_p6d7__snr_p35__delay_p0ns,base,202,0.0,6.7,35.0,level2,D3_Huber_weighted_LS,ok,-0.28882619193165404,0.0,-0.28882619193165404,0.0012306929857004434,,,,,,,,,,,,,,,,,
base__seed_202__v_p6d7__snr_p35__delay_p0ns,base,202,0.0,6.7,35.0,level2,cross_correlation,ok,0.005059994948727658,0.0,0.005059994948727658,1.133399919985095,,,,,,,,,,,,,,,,,
base__seed_202__v_p6d7__snr_p35__delay_p0ns,base,202,0.0,6.7,35.0,level2,gcc_phat,ok,0.011546073521762798,0.0,0.011546073521762798,1.3283604089810979,,,,,,,,,,,,,,,,,
base__seed_202__v_p6d7__snr_p35__delay_p1ns,base,202,1.0,6.7,35.0,level2,D1_ordinary_LS,ok,0.5999417374090628,1.0,-0.40005826259093724,0.00017907499568536878,,,,,,,,,,,,,,,,,
base__seed_202__v_p6d7__snr_p35__delay_p1ns,base,202,1.0,6.7,35.0,level2,D2_weighted_LS,ok,0.6000435576257894,1.0,-0.3999564423742106,0.00016154401237145066,,,,,,,,,,,,,,,,,
base__seed_202__v_p6d7__snr_p35__delay_p1ns,base,202,1.0,6.7,35.0,level2,D3_Huber_weighted_LS,ok,0.607210324741725,1.0,-0.392789675258275,0.0012852330110035837,,,,,,,,,,,,,,,,,
base__seed_202__v_p6d7__snr_p35__delay_p1ns,base,202,1.0,6.7,35.0,level2,cross_correlation,ok,0.2368360054954067,1.0,-0.7631639945045933,1.1656846060068347,,,,,,,,,,,,,,,,,
base__seed_202__v_p6d7__snr_p35__delay_p1ns,base,202,1.0,6.7,35.0,level2,gcc_phat,ok,0.09913925338576264,1.0,-0.9008607466142373,1.4968278719752561,,,,,,,,,,,,,,,,,
base__seed_202__v_p6d7__snr_p35__delay_m1ns,base,202,-1.0,6.7,35.0,level2,D1_ordinary_LS,ok,-0.2825149242657863,-1.0,0.7174850757342137,0.0017510770121589303,,,,,,,,,,,,,,,,,
base__seed_202__v_p6d7__snr_p35__delay_m1ns,base,202,-1.0,6.7,35.0,level2,D2_weighted_LS,ok,-0.2948111260691812,-1.0,0.7051888739308187,0.00014052202459424734,,,,,,,,,,,,,,,,,
base__seed_202__v_p6d7__snr_p35__delay_m1ns,base,202,-1.0,6.7,35.0,level2,D3_Huber_weighted_LS,ok,-0.29978653485588513,-1.0,0.7002134651441149,0.0026621650031302124,,,,,,,,,,,,,,,,,
base__seed_202__v_p6d7__snr_p35__delay_m1ns,base,202,-1.0,6.7,35.0,level2,cross_correlation,ok,-0.22809580985134573,-1.0,0.7719041901486543,1.30461827700492,,,,,,,,,,,,,,,,,
base__seed_202__v_p6d7__snr_p35__delay_m1ns,base,202,-1.0,6.7,35.0,level2,gcc_phat,ok,-0.08262675372445977,-1.0,0.9173732462755402,1.8293541649763938,,,,,,,,,,,,,,,,,
base__seed_202__v_p6d7__snr_p35__delay_p2ns,base,202,2.0,6.7,35.0,level2,D1_ordinary_LS,ok,1.472426760853814,2.0,-0.527573239146186,0.0002595320111140609,,,,,,,,,,,,,,,,,
base__seed_202__v_p6d7__snr_p35__delay_p2ns,base,202,2.0,6.7,35.0,level2,D2_weighted_LS,ok,1.4714035736415694,2.0,-0.5285964263584306,0.00013486499665305018,,,,,,,,,,,,,,,,,
base__seed_202__v_p6d7__snr_p35__delay_p2ns,base,202,2.0,6.7,35.0,level2,D3_Huber_weighted_LS,ok,1.4705260492660148,2.0,-0.5294739507339852,0.0013267150206957012,,,,,,,,,,,,,,,,,
base__seed_202__v_p6d7__snr_p35__delay_p2ns,base,202,2.0,6.7,35.0,level2,cross_correlation,ok,0.4970320907299262,2.0,-1.5029679092700738,1.1746498430147767,,,,,,,,,,,,,,,,,
base__seed_202__v_p6d7__snr_p35__delay_p2ns,base,202,2.0,6.7,35.0,level2,gcc_phat,ok,0.10998212579468207,2.0,-1.890017874205318,1.8518930230056867,,,,,,,,,,,,,,,,,
base__seed_202__v_p6d7__snr_p35__delay_m2ns,base,202,-2.0,6.7,35.0,level2,D1_ordinary_LS,ok,-0.28054226640662333,-2.0,1.7194577335933767,0.0011789989948738366,,,,,,,,,,,,,,,,,
base__seed_202__v_p6d7__snr_p35__delay_m2ns,base,202,-2.0,6.7,35.0,level2,D2_weighted_LS,ok,-0.31790602577235244,-2.0,1.6820939742276475,0.0001434550213161856,,,,,,,,,,,,,,,,,
base__seed_202__v_p6d7__snr_p35__delay_m2ns,base,202,-2.0,6.7,35.0,level2,D3_Huber_weighted_LS,ok,-0.37244505725773003,-2.0,1.62755494274227,0.0020590049971360713,,,,,,,,,,,,,,,,,
base__seed_202__v_p6d7__snr_p35__delay_m2ns,base,202,-2.0,6.7,35.0,level2,cross_correlation,ok,-0.48979131435818074,-2.0,1.5102086856418193,1.1311305089911912,,,,,,,,,,,,,,,,,
base__seed_202__v_p6d7__snr_p35__delay_m2ns,base,202,-2.0,6.7,35.0,level2,gcc_phat,ok,-0.09953707443422763,-2.0,1.9004629255657723,1.6902699930069502,,,,,,,,,,,,,,,,,
base__seed_202__v_p6d7__snr_p35__delay_p4ns,base,202,4.0,6.7,35.0,level2,D1_ordinary_LS,ok,3.12607027561074,4.0,-0.8739297243892601,0.00027364000561647117,,,,,,,,,,,,,,,,,
base__seed_202__v_p6d7__snr_p35__delay_p4ns,base,202,4.0,6.7,35.0,level2,D2_weighted_LS,ok,3.1221454696470397,4.0,-0.8778545303529603,0.0001461080100852996,,,,,,,,,,,,,,,,,
base__seed_202__v_p6d7__snr_p35__delay_p4ns,base,202,4.0,6.7,35.0,level2,D3_Huber_weighted_LS,ok,3.1073309335028574,4.0,-0.8926690664971426,0.0012807580060325563,,,,,,,,,,,,,,,,,
base__seed_202__v_p6d7__snr_p35__delay_p4ns,base,202,4.0,6.7,35.0,level2,cross_correlation,ok,1.0981726590860947,4.0,-2.901827340913905,1.1415159640018828,,,,,,,,,,,,,,,,,
base__seed_202__v_p6d7__snr_p35__delay_p4ns,base,202,4.0,6.7,35.0,level2,gcc_phat,ok,0.10367498647343694,4.0,-3.896325013526563,1.7605901130009443,,,,,,,,,,,,,,,,,
base__seed_202__v_p6d7__snr_p35__delay_m4ns,base,202,-4.0,6.7,35.0,level2,D1_ordinary_LS,ok,-0.9576655395044493,-4.0,3.0423344604955505,0.00018899200949817896,,,,,,,,,,,,,,,,,
base__seed_202__v_p6d7__snr_p35__delay_m4ns,base,202,-4.0,6.7,35.0,level2,D2_weighted_LS,ok,-0.9950394033818996,-4.0,3.0049605966181003,0.00013095300528220832,,,,,,,,,,,,,,,,,
base__seed_202__v_p6d7__snr_p35__delay_m4ns,base,202,-4.0,6.7,35.0,level2,D3_Huber_weighted_LS,ok,-0.9086588783058666,-4.0,3.0913411216941333,0.0012236960174050182,,,,,,,,,,,,,,,,,
base__seed_202__v_p6d7__snr_p35__delay_m4ns,base,202,-4.0,6.7,35.0,level2,cross_correlation,ok,-1.0941411988721346,-4.0,2.9058588011278657,1.1529933900164906,,,,,,,,,,,,,,,,,
base__seed_202__v_p6d7__snr_p35__delay_m4ns,base,202,-4.0,6.7,35.0,level2,gcc_phat,ok,-0.09738436095104616,-4.0,3.9026156390489537,1.7171322589856572,,,,,,,,,,,,,,,,,
base__seed_202__v_p6d7__snr_p35__delay_p8ns,base,202,8.0,6.7,35.0,level2,D1_ordinary_LS,ok,5.830300685569252,8.0,-2.1696993144307477,0.0002801340015139431,,,,,,,,,,,,,,,,,
base__seed_202__v_p6d7__snr_p35__delay_p8ns,base,202,8.0,6.7,35.0,level2,D2_weighted_LS,ok,5.832181082151534,8.0,-2.167818917848466,0.0001431749842595309,,,,,,,,,,,,,,,,,
base__seed_202__v_p6d7__snr_p35__delay_p8ns,base,202,8.0,6.7,35.0,level2,D3_Huber_weighted_LS,ok,5.783639411373351,8.0,-2.2163605886266486,0.0013251749915070832,,,,,,,,,,,,,,,,,
base__seed_202__v_p6d7__snr_p35__delay_p8ns,base,202,8.0,6.7,35.0,level2,cross_correlation,ok,2.6325874598715044,8.0,-5.367412540128496,1.0979063350241631,,,,,,,,,,,,,,,,,
base__seed_202__v_p6d7__snr_p35__delay_p8ns,base,202,8.0,6.7,35.0,level2,gcc_phat,ok,0.41470177669849684,8.0,-7.585298223301503,1.6882624250138178,,,,,,,,,,,,,,,,,
base__seed_202__v_p6d7__snr_p35__delay_m8ns,base,202,-8.0,6.7,35.0,level2,D1_ordinary_LS,ok,-2.124996240596302,-8.0,5.875003759403699,0.00017516300431452692,,,,,,,,,,,,,,,,,
base__seed_202__v_p6d7__snr_p35__delay_m8ns,base,202,-8.0,6.7,35.0,level2,D2_weighted_LS,ok,-2.2377440503422155,-8.0,5.762255949657785,0.00013556302292272449,,,,,,,,,,,,,,,,,
base__seed_202__v_p6d7__snr_p35__delay_m8ns,base,202,-8.0,6.7,35.0,level2,D3_Huber_weighted_LS,ok,-2.16488072457905,-8.0,5.835119275420951,0.0012118220038246363,,,,,,,,,,,,,,,,,
base__seed_202__v_p6d7__snr_p35__delay_m8ns,base,202,-8.0,6.7,35.0,level2,cross_correlation,ok,-2.6348528418341735,-8.0,5.3651471581658265,1.122843588993419,,,,,,,,,,,,,,,,,
base__seed_202__v_p6d7__snr_p35__delay_m8ns,base,202,-8.0,6.7,35.0,level2,gcc_phat,ok,-0.40522085498112925,-8.0,7.594779145018871,1.6738307619816624,,,,,,,,,,,,,,,,,
base__seed_202__v_p12__snr_p30__delay_p0ns,base,202,0.0,12.0,30.0,level2,D1_ordinary_LS,ok,-0.31482992236677865,0.0,-0.31482992236677865,0.00025862400070764124,,,,,,,,,,,,,,,,,
base__seed_202__v_p12__snr_p30__delay_p0ns,base,202,0.0,12.0,30.0,level2,D2_weighted_LS,ok,-0.3128536016348008,0.0,-0.3128536016348008,0.00015602601342834532,,,,,,,,,,,,,,,,,
base__seed_202__v_p12__snr_p30__delay_p0ns,base,202,0.0,12.0,30.0,level2,D3_Huber_weighted_LS,ok,-0.28882619193165404,0.0,-0.28882619193165404,0.001232006005011499,,,,,,,,,,,,,,,,,
base__seed_202__v_p12__snr_p30__delay_p0ns,base,202,0.0,12.0,30.0,level2,cross_correlation,ok,0.005059994948727658,0.0,0.005059994948727658,1.1020021350122988,,,,,,,,,,,,,,,,,
base__seed_202__v_p12__snr_p30__delay_p0ns,base,202,0.0,12.0,30.0,level2,gcc_phat,ok,0.011546073521762798,0.0,0.011546073521762798,1.4839800519985147,,,,,,,,,,,,,,,,,
base__seed_202__v_p12__snr_p30__delay_p1ns,base,202,1.0,12.0,30.0,level2,D1_ordinary_LS,ok,0.5999417374090628,1.0,-0.40005826259093724,0.00023648401838727295,,,,,,,,,,,,,,,,,
base__seed_202__v_p12__snr_p30__delay_p1ns,base,202,1.0,12.0,30.0,level2,D2_weighted_LS,ok,0.6000435576257894,1.0,-0.3999564423742106,0.0001703440211713314,,,,,,,,,,,,,,,,,
base__seed_202__v_p12__snr_p30__delay_p1ns,base,202,1.0,12.0,30.0,level2,D3_Huber_weighted_LS,ok,0.607210324741725,1.0,-0.392789675258275,0.0013693140062969178,,,,,,,,,,,,,,,,,
base__seed_202__v_p12__snr_p30__delay_p1ns,base,202,1.0,12.0,30.0,level2,cross_correlation,ok,0.2368360054954067,1.0,-0.7631639945045933,1.9542521069815848,,,,,,,,,,,,,,,,,
base__seed_202__v_p12__snr_p30__delay_p1ns,base,202,1.0,12.0,30.0,level2,gcc_phat,ok,0.09913925338576264,1.0,-0.9008607466142373,1.8943940160097554,,,,,,,,,,,,,,,,,
base__seed_202__v_p12__snr_p30__delay_m1ns,base,202,-1.0,12.0,30.0,level2,D1_ordinary_LS,ok,-0.2825149242657863,-1.0,0.7174850757342137,0.0001668519980739802,,,,,,,,,,,,,,,,,
base__seed_202__v_p12__snr_p30__delay_m1ns,base,202,-1.0,12.0,30.0,level2,D2_weighted_LS,ok,-0.2948111260691812,-1.0,0.7051888739308187,0.00013074299204163253,,,,,,,,,,,,,,,,,
base__seed_202__v_p12__snr_p30__delay_m1ns,base,202,-1.0,12.0,30.0,level2,D3_Huber_weighted_LS,ok,-0.29978653485588513,-1.0,0.7002134651441149,0.0012721639941446483,,,,,,,,,,,,,,,,,
base__seed_202__v_p12__snr_p30__delay_m1ns,base,202,-1.0,12.0,30.0,level2,cross_correlation,ok,-0.22809580985134573,-1.0,0.7719041901486543,1.059538117988268,,,,,,,,,,,,,,,,,
base__seed_202__v_p12__snr_p30__delay_m1ns,base,202,-1.0,12.0,30.0,level2,gcc_phat,ok,-0.08262675372445977,-1.0,0.9173732462755402,1.9662399380176794,,,,,,,,,,,,,,,,,
base__seed_202__v_p12__snr_p30__delay_p2ns,base,202,2.0,12.0,30.0,level2,D1_ordinary_LS,ok,1.472426760853814,2.0,-0.527573239146186,0.0018996350117959082,,,,,,,,,,,,,,,,,
base__seed_202__v_p12__snr_p30__delay_p2ns,base,202,2.0,12.0,30.0,level2,D2_weighted_LS,ok,1.4714035736415694,2.0,-0.5285964263584306,0.00014073197962716222,,,,,,,,,,,,,,,,,
base__seed_202__v_p12__snr_p30__delay_p2ns,base,202,2.0,12.0,30.0,level2,D3_Huber_weighted_LS,ok,1.4705260492660148,2.0,-0.5294739507339852,0.0026503659901209176,,,,,,,,,,,,,,,,,
base__seed_202__v_p12__snr_p30__delay_p2ns,base,202,2.0,12.0,30.0,level2,cross_correlation,ok,0.4970320907299262,2.0,-1.5029679092700738,1.10347339900909,,,,,,,,,,,,,,,,,
base__seed_202__v_p12__snr_p30__delay_p2ns,base,202,2.0,12.0,30.0,level2,gcc_phat,ok,0.10998212579468207,2.0,-1.890017874205318,1.9135049309988972,,,,,,,,,,,,,,,,,
base__seed_202__v_p12__snr_p30__delay_m2ns,base,202,-2.0,12.0,30.0,level2,D1_ordinary_LS,ok,-0.28054226640662333,-2.0,1.7194577335933767,0.00017544301226735115,,,,,,,,,,,,,,,,,
base__seed_202__v_p12__snr_p30__delay_m2ns,base,202,-2.0,12.0,30.0,level2,D2_weighted_LS,ok,-0.31790602577235244,-2.0,1.6820939742276475,0.0001345850178040564,,,,,,,,,,,,,,,,,
base__seed_202__v_p12__snr_p30__delay_m2ns,base,202,-2.0,12.0,30.0,level2,D3_Huber_weighted_LS,ok,-0.37244505725773003,-2.0,1.62755494274227,0.001504324987763539,,,,,,,,,,,,,,,,,
base__seed_202__v_p12__snr_p30__delay_m2ns,base,202,-2.0,12.0,30.0,level2,cross_correlation,ok,-0.48979131435818074,-2.0,1.5102086856418193,1.0994412270083558,,,,,,,,,,,,,,,,,
base__seed_202__v_p12__snr_p30__delay_m2ns,base,202,-2.0,12.0,30.0,level2,gcc_phat,ok,-0.09953707443422763,-2.0,1.9004629255657723,1.6499705919995904,,,,,,,,,,,,,,,,,
base__seed_202__v_p12__snr_p30__delay_p4ns,base,202,4.0,12.0,30.0,level2,D1_ordinary_LS,ok,3.12607027561074,4.0,-0.8739297243892601,0.00027440799749456346,,,,,,,,,,,,,,,,,
base__seed_202__v_p12__snr_p30__delay_p4ns,base,202,4.0,12.0,30.0,level2,D2_weighted_LS,ok,3.1221454696470397,4.0,-0.8778545303529603,0.000133957015350461,,,,,,,,,,,,,,,,,
base__seed_202__v_p12__snr_p30__delay_p4ns,base,202,4.0,12.0,30.0,level2,D3_Huber_weighted_LS,ok,3.1073309335028574,4.0,-0.8926690664971426,0.0013495550083462149,,,,,,,,,,,,,,,,,
base__seed_202__v_p12__snr_p30__delay_p4ns,base,202,4.0,12.0,30.0,level2,cross_correlation,ok,1.0981726590860947,4.0,-2.901827340913905,1.0865380040195305,,,,,,,,,,,,,,,,,
base__seed_202__v_p12__snr_p30__delay_p4ns,base,202,4.0,12.0,30.0,level2,gcc_phat,ok,0.10367498647343694,4.0,-3.896325013526563,1.4114669779955875,,,,,,,,,,,,,,,,,
base__seed_202__v_p12__snr_p30__delay_m4ns,base,202,-4.0,12.0,30.0,level2,D1_ordinary_LS,ok,-0.9576655395044493,-4.0,3.0423344604955505,0.0006456180126406252,,,,,,,,,,,,,,,,,
base__seed_202__v_p12__snr_p30__delay_m4ns,base,202,-4.0,12.0,30.0,level2,D2_weighted_LS,ok,-0.9950394033818996,-4.0,3.0049605966181003,0.00013968400890007615,,,,,,,,,,,,,,,,,
base__seed_202__v_p12__snr_p30__delay_m4ns,base,202,-4.0,12.0,30.0,level2,D3_Huber_weighted_LS,ok,-0.9086588783058666,-4.0,3.0913411216941333,0.0019102439982816577,,,,,,,,,,,,,,,,,
base__seed_202__v_p12__snr_p30__delay_m4ns,base,202,-4.0,12.0,30.0,level2,cross_correlation,ok,-1.0941411988721346,-4.0,2.9058588011278657,1.2230944090115372,,,,,,,,,,,,,,,,,
base__seed_202__v_p12__snr_p30__delay_m4ns,base,202,-4.0,12.0,30.0,level2,gcc_phat,ok,-0.09738436095104616,-4.0,3.9026156390489537,1.9081230869924184,,,,,,,,,,,,,,,,,
base__seed_202__v_p12__snr_p30__delay_p8ns,base,202,8.0,12.0,30.0,level2,D1_ordinary_LS,ok,5.830300685569252,8.0,-2.1696993144307477,0.0005131280049681664,,,,,,,,,,,,,,,,,
base__seed_202__v_p12__snr_p30__delay_p8ns,base,202,8.0,12.0,30.0,level2,D2_weighted_LS,ok,5.832181082151534,8.0,-2.167818917848466,0.00014191798982210457,,,,,,,,,,,,,,,,,
base__seed_202__v_p12__snr_p30__delay_p8ns,base,202,8.0,12.0,30.0,level2,D3_Huber_weighted_LS,ok,5.783639411373351,8.0,-2.2163605886266486,0.0017530990007799119,,,,,,,,,,,,,,,,,
base__seed_202__v_p12__snr_p30__delay_p8ns,base,202,8.0,12.0,30.0,level2,cross_correlation,ok,2.6325874598715044,8.0,-5.367412540128496,1.0814473000064027,,,,,,,,,,,,,,,,,
base__seed_202__v_p12__snr_p30__delay_p8ns,base,202,8.0,12.0,30.0,level2,gcc_phat,ok,0.41470177669849684,8.0,-7.585298223301503,2.498320976010291,,,,,,,,,,,,,,,,,
base__seed_202__v_p12__snr_p30__delay_m8ns,base,202,-8.0,12.0,30.0,level2,D1_ordinary_LS,ok,-2.124996240596302,-8.0,5.875003759403699,0.00018012200598604977,,,,,,,,,,,,,,,,,
base__seed_202__v_p12__snr_p30__delay_m8ns,base,202,-8.0,12.0,30.0,level2,D2_weighted_LS,ok,-2.2377440503422155,-8.0,5.762255949657785,0.00015819098916836083,,,,,,,,,,,,,,,,,
base__seed_202__v_p12__snr_p30__delay_m8ns,base,202,-8.0,12.0,30.0,level2,D3_Huber_weighted_LS,ok,-2.16488072457905,-8.0,5.835119275420951,0.0015083019970916212,,,,,,,,,,,,,,,,,
base__seed_202__v_p12__snr_p30__delay_m8ns,base,202,-8.0,12.0,30.0,level2,cross_correlation,ok,-2.6348528418341735,-8.0,5.3651471581658265,1.1542830170074012,,,,,,,,,,,,,,,,,
base__seed_202__v_p12__snr_p30__delay_m8ns,base,202,-8.0,12.0,30.0,level2,gcc_phat,ok,-0.40522085498112925,-8.0,7.594779145018871,1.452802445011912,,,,,,,,,,,,,,,,,
base__seed_202__v_p12__snr_p35__delay_p0ns,base,202,0.0,12.0,35.0,level2,D1_ordinary_LS,ok,-0.31482992236677865,0.0,-0.31482992236677865,0.00017935401410795748,,,,,,,,,,,,,,,,,
base__seed_202__v_p12__snr_p35__delay_p0ns,base,202,0.0,12.0,35.0,level2,D2_weighted_LS,ok,-0.3128536016348008,0.0,-0.3128536016348008,0.00013311899965628982,,,,,,,,,,,,,,,,,
base__seed_202__v_p12__snr_p35__delay_p0ns,base,202,0.0,12.0,35.0,level2,D3_Huber_weighted_LS,ok,-0.28882619193165404,0.0,-0.28882619193165404,0.0013846830115653574,,,,,,,,,,,,,,,,,
base__seed_202__v_p12__snr_p35__delay_p0ns,base,202,0.0,12.0,35.0,level2,cross_correlation,ok,0.005059994948727658,0.0,0.005059994948727658,1.1084345520066563,,,,,,,,,,,,,,,,,
base__seed_202__v_p12__snr_p35__delay_p0ns,base,202,0.0,12.0,35.0,level2,gcc_phat,ok,0.011546073521762798,0.0,0.011546073521762798,1.2617929490224924,,,,,,,,,,,,,,,,,
base__seed_202__v_p12__snr_p35__delay_p1ns,base,202,1.0,12.0,35.0,level2,D1_ordinary_LS,ok,0.5999417374090628,1.0,-0.40005826259093724,0.00026288500521332026,,,,,,,,,,,,,,,,,
base__seed_202__v_p12__snr_p35__delay_p1ns,base,202,1.0,12.0,35.0,level2,D2_weighted_LS,ok,0.6000435576257894,1.0,-0.3999564423742106,0.00015742299729026854,,,,,,,,,,,,,,,,,
base__seed_202__v_p12__snr_p35__delay_p1ns,base,202,1.0,12.0,35.0,level2,D3_Huber_weighted_LS,ok,0.607210324741725,1.0,-0.392789675258275,0.0013362120080273598,,,,,,,,,,,,,,,,,
base__seed_202__v_p12__snr_p35__delay_p1ns,base,202,1.0,12.0,35.0,level2,cross_correlation,ok,0.2368360054954067,1.0,-0.7631639945045933,1.1411156360118184,,,,,,,,,,,,,,,,,
base__seed_202__v_p12__snr_p35__delay_p1ns,base,202,1.0,12.0,35.0,level2,gcc_phat,ok,0.09913925338576264,1.0,-0.9008607466142373,1.6536607619782444,,,,,,,,,,,,,,,,,
base__seed_202__v_p12__snr_p35__delay_m1ns,base,202,-1.0,12.0,35.0,level2,D1_ordinary_LS,ok,-0.2825149242657863,-1.0,0.7174850757342137,0.00023438897915184498,,,,,,,,,,,,,,,,,
base__seed_202__v_p12__snr_p35__delay_m1ns,base,202,-1.0,12.0,35.0,level2,D2_weighted_LS,ok,-0.2948111260691812,-1.0,0.7051888739308187,0.00015881998115219176,,,,,,,,,,,,,,,,,
base__seed_202__v_p12__snr_p35__delay_m1ns,base,202,-1.0,12.0,35.0,level2,D3_Huber_weighted_LS,ok,-0.29978653485588513,-1.0,0.7002134651441149,0.001465278008254245,,,,,,,,,,,,,,,,,
base__seed_202__v_p12__snr_p35__delay_m1ns,base,202,-1.0,12.0,35.0,level2,cross_correlation,ok,-0.22809580985134573,-1.0,0.7719041901486543,1.1600630049942993,,,,,,,,,,,,,,,,,
base__seed_202__v_p12__snr_p35__delay_m1ns,base,202,-1.0,12.0,35.0,level2,gcc_phat,ok,-0.08262675372445977,-1.0,0.9173732462755402,1.6365767100069206,,,,,,,,,,,,,,,,,
base__seed_202__v_p12__snr_p35__delay_p2ns,base,202,2.0,12.0,35.0,level2,D1_ordinary_LS,ok,1.472426760853814,2.0,-0.527573239146186,0.00016349900397472084,,,,,,,,,,,,,,,,,
base__seed_202__v_p12__snr_p35__delay_p2ns,base,202,2.0,12.0,35.0,level2,D2_weighted_LS,ok,1.4714035736415694,2.0,-0.5285964263584306,0.00012780999531969428,,,,,,,,,,,,,,,,,
base__seed_202__v_p12__snr_p35__delay_p2ns,base,202,2.0,12.0,35.0,level2,D3_Huber_weighted_LS,ok,1.4705260492660148,2.0,-0.5294739507339852,0.0012275369954295456,,,,,,,,,,,,,,,,,
base__seed_202__v_p12__snr_p35__delay_p2ns,base,202,2.0,12.0,35.0,level2,cross_correlation,ok,0.4970320907299262,2.0,-1.5029679092700738,1.1790848349919543,,,,,,,,,,,,,,,,,
base__seed_202__v_p12__snr_p35__delay_p2ns,base,202,2.0,12.0,35.0,level2,gcc_phat,ok,0.10998212579468207,2.0,-1.890017874205318,1.536040323000634,,,,,,,,,,,,,,,,,
base__seed_202__v_p12__snr_p35__delay_m2ns,base,202,-2.0,12.0,35.0,level2,D1_ordinary_LS,ok,-0.28054226640662333,-2.0,1.7194577335933767,0.0017976549861487001,,,,,,,,,,,,,,,,,
base__seed_202__v_p12__snr_p35__delay_m2ns,base,202,-2.0,12.0,35.0,level2,D2_weighted_LS,ok,-0.31790602577235244,-2.0,1.6820939742276475,0.0002313150034751743,,,,,,,,,,,,,,,,,
base__seed_202__v_p12__snr_p35__delay_m2ns,base,202,-2.0,12.0,35.0,level2,D3_Huber_weighted_LS,ok,-0.37244505725773003,-2.0,1.62755494274227,0.0033653220161795616,,,,,,,,,,,,,,,,,
base__seed_202__v_p12__snr_p35__delay_m2ns,base,202,-2.0,12.0,35.0,level2,cross_correlation,ok,-0.48979131435818074,-2.0,1.5102086856418193,1.108146943995962,,,,,,,,,,,,,,,,,
base__seed_202__v_p12__snr_p35__delay_m2ns,base,202,-2.0,12.0,35.0,level2,gcc_phat,ok,-0.09953707443422763,-2.0,1.9004629255657723,1.6555077919911128,,,,,,,,,,,,,,,,,
base__seed_202__v_p12__snr_p35__delay_p4ns,base,202,4.0,12.0,35.0,level2,D1_ordinary_LS,ok,3.12607027561074,4.0,-0.8739297243892601,0.0007077750051394105,,,,,,,,,,,,,,,,,
base__seed_202__v_p12__snr_p35__delay_p4ns,base,202,4.0,12.0,35.0,level2,D2_weighted_LS,ok,3.1221454696470397,4.0,-0.8778545303529603,0.00014526999439112842,,,,,,,,,,,,,,,,,
base__seed_202__v_p12__snr_p35__delay_p4ns,base,202,4.0,12.0,35.0,level2,D3_Huber_weighted_LS,ok,3.1073309335028574,4.0,-0.8926690664971426,0.002630097995279357,,,,,,,,,,,,,,,,,
base__seed_202__v_p12__snr_p35__delay_p4ns,base,202,4.0,12.0,35.0,level2,cross_correlation,ok,1.0981726590860947,4.0,-2.901827340913905,1.064680623007007,,,,,,,,,,,,,,,,,
base__seed_202__v_p12__snr_p35__delay_p4ns,base,202,4.0,12.0,35.0,level2,gcc_phat,ok,0.10367498647343694,4.0,-3.896325013526563,1.7918109749734867,,,,,,,,,,,,,,,,,
base__seed_202__v_p12__snr_p35__delay_m4ns,base,202,-4.0,12.0,35.0,level2,D1_ordinary_LS,ok,-0.9576655395044493,-4.0,3.0423344604955505,0.00016803000471554697,,,,,,,,,,,,,,,,,
base__seed_202__v_p12__snr_p35__delay_m4ns,base,202,-4.0,12.0,35.0,level2,D2_weighted_LS,ok,-0.9950394033818996,-4.0,3.0049605966181003,0.00013338998542167246,,,,,,,,,,,,,,,,,
base__seed_202__v_p12__snr_p35__delay_m4ns,base,202,-4.0,12.0,35.0,level2,D3_Huber_weighted_LS,ok,-0.9086588783058666,-4.0,3.0913411216941333,0.0014442469982896,,,,,,,,,,,,,,,,,
base__seed_202__v_p12__snr_p35__delay_m4ns,base,202,-4.0,12.0,35.0,level2,cross_correlation,ok,-1.0941411988721346,-4.0,2.9058588011278657,1.1119289340276737,,,,,,,,,,,,,,,,,
base__seed_202__v_p12__snr_p35__delay_m4ns,base,202,-4.0,12.0,35.0,level2,gcc_phat,ok,-0.09738436095104616,-4.0,3.9026156390489537,1.7556580640084576,,,,,,,,,,,,,,,,,
base__seed_202__v_p12__snr_p35__delay_p8ns,base,202,8.0,12.0,35.0,level2,D1_ordinary_LS,ok,5.830300685569252,8.0,-2.1696993144307477,0.00019142800010740757,,,,,,,,,,,,,,,,,
base__seed_202__v_p12__snr_p35__delay_p8ns,base,202,8.0,12.0,35.0,level2,D2_weighted_LS,ok,5.832181082151534,8.0,-2.167818917848466,0.00012480199802666903,,,,,,,,,,,,,,,,,
base__seed_202__v_p12__snr_p35__delay_p8ns,base,202,8.0,12.0,35.0,level2,D3_Huber_weighted_LS,ok,5.783639411373351,8.0,-2.2163605886266486,0.05939365900121629,,,,,,,,,,,,,,,,,
base__seed_202__v_p12__snr_p35__delay_p8ns,base,202,8.0,12.0,35.0,level2,cross_correlation,ok,2.6325874598715044,8.0,-5.367412540128496,1.1393441300024278,,,,,,,,,,,,,,,,,
base__seed_202__v_p12__snr_p35__delay_p8ns,base,202,8.0,12.0,35.0,level2,gcc_phat,ok,0.41470177669849684,8.0,-7.585298223301503,2.0589251709752716,,,,,,,,,,,,,,,,,
base__seed_202__v_p12__snr_p35__delay_m8ns,base,202,-8.0,12.0,35.0,level2,D1_ordinary_LS,ok,-2.124996240596302,-8.0,5.875003759403699,0.0002395490009803325,,,,,,,,,,,,,,,,,
base__seed_202__v_p12__snr_p35__delay_m8ns,base,202,-8.0,12.0,35.0,level2,D2_weighted_LS,ok,-2.2377440503422155,-8.0,5.762255949657785,0.00022886402439326048,,,,,,,,,,,,,,,,,
base__seed_202__v_p12__snr_p35__delay_m8ns,base,202,-8.0,12.0,35.0,level2,D3_Huber_weighted_LS,ok,-2.16488072457905,-8.0,5.835119275420951,0.061398860008921474,,,,,,,,,,,,,,,,,
base__seed_202__v_p12__snr_p35__delay_m8ns,base,202,-8.0,12.0,35.0,level2,cross_correlation,ok,-2.6348528418341735,-8.0,5.3651471581658265,1.1756819380098023,,,,,,,,,,,,,,,,,
base__seed_202__v_p12__snr_p35__delay_m8ns,base,202,-8.0,12.0,35.0,level2,gcc_phat,ok,-0.40522085498112925,-8.0,7.594779145018871,1.4295148279925343,,,,,,,,,,,,,,,,,
base__seed_303__v_p6d7__snr_p30__delay_p0ns,base,303,0.0,6.7,30.0,level2,D1_ordinary_LS,ok,-0.20086586518243718,0.0,-0.20086586518243718,0.00017823101370595396,,,,,,,,,,,,,,,,,
base__seed_303__v_p6d7__snr_p30__delay_p0ns,base,303,0.0,6.7,30.0,level2,D2_weighted_LS,ok,-0.18399017447312369,0.0,-0.18399017447312369,0.00013332400703802705,,,,,,,,,,,,,,,,,
base__seed_303__v_p6d7__snr_p30__delay_p0ns,base,303,0.0,6.7,30.0,level2,D3_Huber_weighted_LS,ok,-0.27568404507841654,0.0,-0.27568404507841654,0.001505605992861092,,,,,,,,,,,,,,,,,
base__seed_303__v_p6d7__snr_p30__delay_p0ns,base,303,0.0,6.7,30.0,level2,cross_correlation,ok,-0.03230636654742368,0.0,-0.03230636654742368,1.148172313987743,,,,,,,,,,,,,,,,,
base__seed_303__v_p6d7__snr_p30__delay_p0ns,base,303,0.0,6.7,30.0,level2,gcc_phat,ok,-0.03226597699457629,0.0,-0.03226597699457629,1.598470216995338,,,,,,,,,,,,,,,,,
base__seed_303__v_p6d7__snr_p30__delay_p1ns,base,303,1.0,6.7,30.0,level2,D1_ordinary_LS,ok,0.6439489150276227,1.0,-0.35605108497237725,0.00017236600979231298,,,,,,,,,,,,,,,,,
base__seed_303__v_p6d7__snr_p30__delay_p1ns,base,303,1.0,6.7,30.0,level2,D2_weighted_LS,ok,0.6537263738354662,1.0,-0.34627362616453383,0.00013646797742694616,,,,,,,,,,,,,,,,,
base__seed_303__v_p6d7__snr_p30__delay_p1ns,base,303,1.0,6.7,30.0,level2,D3_Huber_weighted_LS,ok,0.5775029175493848,1.0,-0.42249708245061524,0.0014783080259803683,,,,,,,,,,,,,,,,,
base__seed_303__v_p6d7__snr_p30__delay_p1ns,base,303,1.0,6.7,30.0,level2,cross_correlation,ok,0.1923050463995523,1.0,-0.8076949536004477,1.151331709988881,,,,,,,,,,,,,,,,,
base__seed_303__v_p6d7__snr_p30__delay_p1ns,base,303,1.0,6.7,30.0,level2,gcc_phat,ok,0.06510723806080905,1.0,-0.9348927619391909,1.592072134022601,,,,,,,,,,,,,,,,,
base__seed_303__v_p6d7__snr_p30__delay_m1ns,base,303,-1.0,6.7,30.0,level2,D1_ordinary_LS,ok,-0.1364853969075664,-1.0,0.8635146030924337,0.00018808001186698675,,,,,,,,,,,,,,,,,
base__seed_303__v_p6d7__snr_p30__delay_m1ns,base,303,-1.0,6.7,30.0,level2,D2_weighted_LS,ok,-0.11357026353866086,-1.0,0.8864297364613392,0.0001455470046494156,,,,,,,,,,,,,,,,,
base__seed_303__v_p6d7__snr_p30__delay_m1ns,base,303,-1.0,6.7,30.0,level2,D3_Huber_weighted_LS,ok,-0.18909820887217735,-1.0,0.8109017911278227,0.0013521119835786521,,,,,,,,,,,,,,,,,
base__seed_303__v_p6d7__snr_p30__delay_m1ns,base,303,-1.0,6.7,30.0,level2,cross_correlation,ok,-0.2560174441550432,-1.0,0.7439825558449569,1.0993153369927313,,,,,,,,,,,,,,,,,
base__seed_303__v_p6d7__snr_p30__delay_m1ns,base,303,-1.0,6.7,30.0,level2,gcc_phat,ok,-0.12133143141138808,-1.0,0.878668568588612,1.594118706008885,,,,,,,,,,,,,,,,,
base__seed_303__v_p6d7__snr_p30__delay_p2ns,base,303,2.0,6.7,30.0,level2,D1_ordinary_LS,ok,1.442631712083785,2.0,-0.557368287916215,0.00017711601685732603,,,,,,,,,,,,,,,,,
base__seed_303__v_p6d7__snr_p30__delay_p2ns,base,303,2.0,6.7,30.0,level2,D2_weighted_LS,ok,1.44614965960235,2.0,-0.55385034039765,0.0001289950159844011,,,,,,,,,,,,,,,,,
base__seed_303__v_p6d7__snr_p30__delay_p2ns,base,303,2.0,6.7,30.0,level2,D3_Huber_weighted_LS,ok,1.3843799563370112,2.0,-0.6156200436629888,0.0012479830184020102,,,,,,,,,,,,,,,,,
base__seed_303__v_p6d7__snr_p30__delay_p2ns,base,303,2.0,6.7,30.0,level2,cross_correlation,ok,0.44560862357747005,2.0,-1.55439137642253,1.1621289189788513,,,,,,,,,,,,,,,,,
base__seed_303__v_p6d7__snr_p30__delay_p2ns,base,303,2.0,6.7,30.0,level2,gcc_phat,ok,0.08505022324866021,2.0,-1.9149497767513397,1.6108132690133061,,,,,,,,,,,,,,,,,
base__seed_303__v_p6d7__snr_p30__delay_m2ns,base,303,-2.0,6.7,30.0,level2,D1_ordinary_LS,ok,-0.0724458344893551,-2.0,1.927554165510645,0.00020386601681821048,,,,,,,,,,,,,,,,,
base__seed_303__v_p6d7__snr_p30__delay_m2ns,base,303,-2.0,6.7,30.0,level2,D2_weighted_LS,ok,-0.05073448923908214,-2.0,1.9492655107609178,0.00012934498954564333,,,,,,,,,,,,,,,,,
base__seed_303__v_p6d7__snr_p30__delay_m2ns,base,303,-2.0,6.7,30.0,level2,D3_Huber_weighted_LS,ok,-0.11369647491595448,-2.0,1.8863035250840454,0.0012372320052236319,,,,,,,,,,,,,,,,,
base__seed_303__v_p6d7__snr_p30__delay_m2ns,base,303,-2.0,6.7,30.0,level2,cross_correlation,ok,-0.5075029513982371,-2.0,1.4924970486017628,1.1122160910163075,,,,,,,,,,,,,,,,,
base__seed_303__v_p6d7__snr_p30__delay_m2ns,base,303,-2.0,6.7,30.0,level2,gcc_phat,ok,-0.12706217787059332,-2.0,1.8729378221294066,1.8157032610033639,,,,,,,,,,,,,,,,,
base__seed_303__v_p6d7__snr_p30__delay_p4ns,base,303,4.0,6.7,30.0,level2,D1_ordinary_LS,ok,2.933816271958409,4.0,-1.0661837280415911,0.0016571159940212965,,,,,,,,,,,,,,,,,
base__seed_303__v_p6d7__snr_p30__delay_p4ns,base,303,4.0,6.7,30.0,level2,D2_weighted_LS,ok,2.9274945783423916,4.0,-1.0725054216576084,0.0001422660134267062,,,,,,,,,,,,,,,,,
base__seed_303__v_p6d7__snr_p30__delay_p4ns,base,303,4.0,6.7,30.0,level2,D3_Huber_weighted_LS,ok,2.90748763912392,4.0,-1.0925123608760798,0.0025869800010696054,,,,,,,,,,,,,,,,,
base__seed_303__v_p6d7__snr_p30__delay_p4ns,base,303,4.0,6.7,30.0,level2,cross_correlation,ok,1.0331559440278688,4.0,-2.966844055972131,1.2781011819897685,,,,,,,,,,,,,,,,,
base__seed_303__v_p6d7__snr_p30__delay_p4ns,base,303,4.0,6.7,30.0,level2,gcc_phat,ok,0.08314303444529836,4.0,-3.9168569655547016,1.6436484979931265,,,,,,,,,,,,,,,,,
base__seed_303__v_p6d7__snr_p30__delay_m4ns,base,303,-4.0,6.7,30.0,level2,D1_ordinary_LS,ok,-0.17036086201098533,-4.0,3.8296391379890147,0.00025848200311884284,,,,,,,,,,,,,,,,,
base__seed_303__v_p6d7__snr_p30__delay_m4ns,base,303,-4.0,6.7,30.0,level2,D2_weighted_LS,ok,-0.15792599205300573,-4.0,3.8420740079469944,0.00014296500012278557,,,,,,,,,,,,,,,,,
base__seed_303__v_p6d7__snr_p30__delay_m4ns,base,303,-4.0,6.7,30.0,level2,D3_Huber_weighted_LS,ok,-0.20907850684079904,-4.0,3.790921493159201,0.0014260839961934835,,,,,,,,,,,,,,,,,
base__seed_303__v_p6d7__snr_p30__delay_m4ns,base,303,-4.0,6.7,30.0,level2,cross_correlation,ok,-1.0888002232318585,-4.0,2.9111997767681412,1.1688647030096035,,,,,,,,,,,,,,,,,
base__seed_303__v_p6d7__snr_p30__delay_m4ns,base,303,-4.0,6.7,30.0,level2,gcc_phat,ok,-0.11755112552183229,-4.0,3.8824488744781678,1.4582254199776798,,,,,,,,,,,,,,,,,
base__seed_303__v_p6d7__snr_p30__delay_p8ns,base,303,8.0,6.7,30.0,level2,D1_ordinary_LS,ok,5.3374983955984785,8.0,-2.6625016044015215,0.00019283100846223533,,,,,,,,,,,,,,,,,
base__seed_303__v_p6d7__snr_p30__delay_p8ns,base,303,8.0,6.7,30.0,level2,D2_weighted_LS,ok,5.328402321876067,8.0,-2.6715976781239332,0.00013639897224493325,,,,,,,,,,,,,,,,,
base__seed_303__v_p6d7__snr_p30__delay_p8ns,base,303,8.0,6.7,30.0,level2,D3_Huber_weighted_LS,ok,5.29521175191175,8.0,-2.70478824808825,0.00135037797736004,,,,,,,,,,,,,,,,,
base__seed_303__v_p6d7__snr_p30__delay_p8ns,base,303,8.0,6.7,30.0,level2,cross_correlation,ok,2.5371590095189256,8.0,-5.462840990481075,1.109212346986169,,,,,,,,,,,,,,,,,
base__seed_303__v_p6d7__snr_p30__delay_p8ns,base,303,8.0,6.7,30.0,level2,gcc_phat,ok,0.3799763798889048,8.0,-7.620023620111096,1.6466249109944329,,,,,,,,,,,,,,,,,
base__seed_303__v_p6d7__snr_p30__delay_m8ns,base,303,-8.0,6.7,30.0,level2,D1_ordinary_LS,ok,-1.2069491171271503,-8.0,6.7930508828728495,0.00027370700263418257,,,,,,,,,,,,,,,,,
base__seed_303__v_p6d7__snr_p30__delay_m8ns,base,303,-8.0,6.7,30.0,level2,D2_weighted_LS,ok,-1.219369536048691,-8.0,6.780630463951309,0.00014827298582531512,,,,,,,,,,,,,,,,,
base__seed_303__v_p6d7__snr_p30__delay_m8ns,base,303,-8.0,6.7,30.0,level2,D3_Huber_weighted_LS,ok,-1.203374851344447,-8.0,6.7966251486555525,0.0016378439904656261,,,,,,,,,,,,,,,,,
base__seed_303__v_p6d7__snr_p30__delay_m8ns,base,303,-8.0,6.7,30.0,level2,cross_correlation,ok,-2.569903208485748,-8.0,5.430096791514252,1.0453750800224952,,,,,,,,,,,,,,,,,
base__seed_303__v_p6d7__snr_p30__delay_m8ns,base,303,-8.0,6.7,30.0,level2,gcc_phat,ok,-0.4177127669906291,-8.0,7.582287233009371,1.6071427169954404,,,,,,,,,,,,,,,,,
base__seed_303__v_p6d7__snr_p35__delay_p0ns,base,303,0.0,6.7,35.0,level2,D1_ordinary_LS,ok,-0.20086586518243718,0.0,-0.20086586518243718,0.0001818670134525746,,,,,,,,,,,,,,,,,
base__seed_303__v_p6d7__snr_p35__delay_p0ns,base,303,0.0,6.7,35.0,level2,D2_weighted_LS,ok,-0.18399017447312369,0.0,-0.18399017447312369,0.00013451400445774198,,,,,,,,,,,,,,,,,
base__seed_303__v_p6d7__snr_p35__delay_p0ns,base,303,0.0,6.7,35.0,level2,D3_Huber_weighted_LS,ok,-0.27568404507841654,0.0,-0.27568404507841654,0.0013769879878964275,,,,,,,,,,,,,,,,,
base__seed_303__v_p6d7__snr_p35__delay_p0ns,base,303,0.0,6.7,35.0,level2,cross_correlation,ok,-0.03230636654742368,0.0,-0.03230636654742368,1.0829569380148314,,,,,,,,,,,,,,,,,
base__seed_303__v_p6d7__snr_p35__delay_p0ns,base,303,0.0,6.7,35.0,level2,gcc_phat,ok,-0.03226597699457629,0.0,-0.03226597699457629,2.0710806389979552,,,,,,,,,,,,,,,,,
base__seed_303__v_p6d7__snr_p35__delay_p1ns,base,303,1.0,6.7,35.0,level2,D1_ordinary_LS,ok,0.6439489150276227,1.0,-0.35605108497237725,0.00017928698798641562,,,,,,,,,,,,,,,,,
base__seed_303__v_p6d7__snr_p35__delay_p1ns,base,303,1.0,6.7,35.0,level2,D2_weighted_LS,ok,0.6537263738354662,1.0,-0.34627362616453383,0.00013130498700775206,,,,,,,,,,,,,,,,,
base__seed_303__v_p6d7__snr_p35__delay_p1ns,base,303,1.0,6.7,35.0,level2,D3_Huber_weighted_LS,ok,0.5775029175493848,1.0,-0.42249708245061524,0.0013313450035639107,,,,,,,,,,,,,,,,,
base__seed_303__v_p6d7__snr_p35__delay_p1ns,base,303,1.0,6.7,35.0,level2,cross_correlation,ok,0.1923050463995523,1.0,-0.8076949536004477,1.0870459870202467,,,,,,,,,,,,,,,,,
base__seed_303__v_p6d7__snr_p35__delay_p1ns,base,303,1.0,6.7,35.0,level2,gcc_phat,ok,0.06510723806080905,1.0,-0.9348927619391909,2.043542335013626,,,,,,,,,,,,,,,,,
base__seed_303__v_p6d7__snr_p35__delay_m1ns,base,303,-1.0,6.7,35.0,level2,D1_ordinary_LS,ok,-0.1364853969075664,-1.0,0.8635146030924337,0.0008293800055980682,,,,,,,,,,,,,,,,,
base__seed_303__v_p6d7__snr_p35__delay_m1ns,base,303,-1.0,6.7,35.0,level2,D2_weighted_LS,ok,-0.11357026353866086,-1.0,0.8864297364613392,0.00013842800399288535,,,,,,,,,,,,,,,,,
base__seed_303__v_p6d7__snr_p35__delay_m1ns,base,303,-1.0,6.7,35.0,level2,D3_Huber_weighted_LS,ok,-0.18909820887217735,-1.0,0.8109017911278227,0.06421772899921052,,,,,,,,,,,,,,,,,
base__seed_303__v_p6d7__snr_p35__delay_m1ns,base,303,-1.0,6.7,35.0,level2,cross_correlation,ok,-0.2560174441550432,-1.0,0.7439825558449569,1.1467908390040975,,,,,,,,,,,,,,,,,
base__seed_303__v_p6d7__snr_p35__delay_m1ns,base,303,-1.0,6.7,35.0,level2,gcc_phat,ok,-0.12133143141138808,-1.0,0.878668568588612,2.024754051992204,,,,,,,,,,,,,,,,,
base__seed_303__v_p6d7__snr_p35__delay_p2ns,base,303,2.0,6.7,35.0,level2,D1_ordinary_LS,ok,1.442631712083785,2.0,-0.557368287916215,0.00020310102263465524,,,,,,,,,,,,,,,,,
base__seed_303__v_p6d7__snr_p35__delay_p2ns,base,303,2.0,6.7,35.0,level2,D2_weighted_LS,ok,1.44614965960235,2.0,-0.55385034039765,0.00012837001122534275,,,,,,,,,,,,,,,,,
base__seed_303__v_p6d7__snr_p35__delay_p2ns,base,303,2.0,6.7,35.0,level2,D3_Huber_weighted_LS,ok,1.3843799563370112,2.0,-0.6156200436629888,0.00164003498503007,,,,,,,,,,,,,,,,,
base__seed_303__v_p6d7__snr_p35__delay_p2ns,base,303,2.0,6.7,35.0,level2,cross_correlation,ok,0.44560862357747005,2.0,-1.55439137642253,1.0834128069982398,,,,,,,,,,,,,,,,,
base__seed_303__v_p6d7__snr_p35__delay_p2ns,base,303,2.0,6.7,35.0,level2,gcc_phat,ok,0.08505022324866021,2.0,-1.9149497767513397,2.025202808988979,,,,,,,,,,,,,,,,,
base__seed_303__v_p6d7__snr_p35__delay_m2ns,base,303,-2.0,6.7,35.0,level2,D1_ordinary_LS,ok,-0.0724458344893551,-2.0,1.927554165510645,0.000597289006691426,,,,,,,,,,,,,,,,,
base__seed_303__v_p6d7__snr_p35__delay_m2ns,base,303,-2.0,6.7,35.0,level2,D2_weighted_LS,ok,-0.05073448923908214,-2.0,1.9492655107609178,0.00017432597815059125,,,,,,,,,,,,,,,,,
base__seed_303__v_p6d7__snr_p35__delay_m2ns,base,303,-2.0,6.7,35.0,level2,D3_Huber_weighted_LS,ok,-0.11369647491595448,-2.0,1.8863035250840454,0.0026356290036346763,,,,,,,,,,,,,,,,,
base__seed_303__v_p6d7__snr_p35__delay_m2ns,base,303,-2.0,6.7,35.0,level2,cross_correlation,ok,-0.5075029513982371,-2.0,1.4924970486017628,1.0886360100121237,,,,,,,,,,,,,,,,,
base__seed_303__v_p6d7__snr_p35__delay_m2ns,base,303,-2.0,6.7,35.0,level2,gcc_phat,ok,-0.12706217787059332,-2.0,1.8729378221294066,2.0250200850132387,,,,,,,,,,,,,,,,,
base__seed_303__v_p6d7__snr_p35__delay_p4ns,base,303,4.0,6.7,35.0,level2,D1_ordinary_LS,ok,2.933816271958409,4.0,-1.0661837280415911,0.0001698549895081669,,,,,,,,,,,,,,,,,
base__seed_303__v_p6d7__snr_p35__delay_p4ns,base,303,4.0,6.7,35.0,level2,D2_weighted_LS,ok,2.9274945783423916,4.0,-1.0725054216576084,0.00013067401596345007,,,,,,,,,,,,,,,,,
base__seed_303__v_p6d7__snr_p35__delay_p4ns,base,303,4.0,6.7,35.0,level2,D3_Huber_weighted_LS,ok,2.90748763912392,4.0,-1.0925123608760798,0.0013078580086585134,,,,,,,,,,,,,,,,,
base__seed_303__v_p6d7__snr_p35__delay_p4ns,base,303,4.0,6.7,35.0,level2,cross_correlation,ok,1.0331559440278688,4.0,-2.966844055972131,1.1139241160126403,,,,,,,,,,,,,,,,,
base__seed_303__v_p6d7__snr_p35__delay_p4ns,base,303,4.0,6.7,35.0,level2,gcc_phat,ok,0.08314303444529836,4.0,-3.9168569655547016,1.593649866990745,,,,,,,,,,,,,,,,,
base__seed_303__v_p6d7__snr_p35__delay_m4ns,base,303,-4.0,6.7,35.0,level2,D1_ordinary_LS,ok,-0.17036086201098533,-4.0,3.8296391379890147,0.0018906850018538535,,,,,,,,,,,,,,,,,
base__seed_303__v_p6d7__snr_p35__delay_m4ns,base,303,-4.0,6.7,35.0,level2,D2_weighted_LS,ok,-0.15792599205300573,-4.0,3.8420740079469944,0.00014415301848202944,,,,,,,,,,,,,,,,,
base__seed_303__v_p6d7__snr_p35__delay_m4ns,base,303,-4.0,6.7,35.0,level2,D3_Huber_weighted_LS,ok,-0.20907850684079904,-4.0,3.790921493159201,0.002683876984519884,,,,,,,,,,,,,,,,,
base__seed_303__v_p6d7__snr_p35__delay_m4ns,base,303,-4.0,6.7,35.0,level2,cross_correlation,ok,-1.0888002232318585,-4.0,2.9111997767681412,1.2448715660138987,,,,,,,,,,,,,,,,,
base__seed_303__v_p6d7__snr_p35__delay_m4ns,base,303,-4.0,6.7,35.0,level2,gcc_phat,ok,-0.11755112552183229,-4.0,3.8824488744781678,1.815883777977433,,,,,,,,,,,,,,,,,
base__seed_303__v_p6d7__snr_p35__delay_p8ns,base,303,8.0,6.7,35.0,level2,D1_ordinary_LS,ok,5.3374983955984785,8.0,-2.6625016044015215,0.00025764599558897316,,,,,,,,,,,,,,,,,
base__seed_303__v_p6d7__snr_p35__delay_p8ns,base,303,8.0,6.7,35.0,level2,D2_weighted_LS,ok,5.328402321876067,8.0,-2.6715976781239332,0.0001496699987910688,,,,,,,,,,,,,,,,,
base__seed_303__v_p6d7__snr_p35__delay_p8ns,base,303,8.0,6.7,35.0,level2,D3_Huber_weighted_LS,ok,5.29521175191175,8.0,-2.70478824808825,0.0014076590014155954,,,,,,,,,,,,,,,,,
base__seed_303__v_p6d7__snr_p35__delay_p8ns,base,303,8.0,6.7,35.0,level2,cross_correlation,ok,2.5371590095189256,8.0,-5.462840990481075,1.1271210680133663,,,,,,,,,,,,,,,,,
base__seed_303__v_p6d7__snr_p35__delay_p8ns,base,303,8.0,6.7,35.0,level2,gcc_phat,ok,0.3799763798889048,8.0,-7.620023620111096,1.239629931980744,,,,,,,,,,,,,,,,,
base__seed_303__v_p6d7__snr_p35__delay_m8ns,base,303,-8.0,6.7,35.0,level2,D1_ordinary_LS,ok,-1.2069491171271503,-8.0,6.7930508828728495,0.0009875599935185164,,,,,,,,,,,,,,,,,
base__seed_303__v_p6d7__snr_p35__delay_m8ns,base,303,-8.0,6.7,35.0,level2,D2_weighted_LS,ok,-1.219369536048691,-8.0,6.780630463951309,0.0001431749842595309,,,,,,,,,,,,,,,,,
base__seed_303__v_p6d7__snr_p35__delay_m8ns,base,303,-8.0,6.7,35.0,level2,D3_Huber_weighted_LS,ok,-1.203374851344447,-8.0,6.7966251486555525,0.0015118610172066838,,,,,,,,,,,,,,,,,
base__seed_303__v_p6d7__snr_p35__delay_m8ns,base,303,-8.0,6.7,35.0,level2,cross_correlation,ok,-2.569903208485748,-8.0,5.430096791514252,1.0936101870029233,,,,,,,,,,,,,,,,,
base__seed_303__v_p6d7__snr_p35__delay_m8ns,base,303,-8.0,6.7,35.0,level2,gcc_phat,ok,-0.4177127669906291,-8.0,7.582287233009371,1.4978464230080135,,,,,,,,,,,,,,,,,
base__seed_303__v_p12__snr_p30__delay_p0ns,base,303,0.0,12.0,30.0,level2,D1_ordinary_LS,ok,-0.20086586518243718,0.0,-0.20086586518243718,0.08188725600484759,,,,,,,,,,,,,,,,,
base__seed_303__v_p12__snr_p30__delay_p0ns,base,303,0.0,12.0,30.0,level2,D2_weighted_LS,ok,-0.18399017447312369,0.0,-0.18399017447312369,0.00022901099873706698,,,,,,,,,,,,,,,,,
base__seed_303__v_p12__snr_p30__delay_p0ns,base,303,0.0,12.0,30.0,level2,D3_Huber_weighted_LS,ok,-0.27568404507841654,0.0,-0.27568404507841654,0.04327996799838729,,,,,,,,,,,,,,,,,
base__seed_303__v_p12__snr_p30__delay_p0ns,base,303,0.0,12.0,30.0,level2,cross_correlation,ok,-0.03230636654742368,0.0,-0.03230636654742368,1.1075844459992368,,,,,,,,,,,,,,,,,
base__seed_303__v_p12__snr_p30__delay_p0ns,base,303,0.0,12.0,30.0,level2,gcc_phat,ok,-0.03226597699457629,0.0,-0.03226597699457629,1.4417336999904364,,,,,,,,,,,,,,,,,
base__seed_303__v_p12__snr_p30__delay_p1ns,base,303,1.0,12.0,30.0,level2,D1_ordinary_LS,ok,0.6439489150276227,1.0,-0.35605108497237725,0.00029445200925692916,,,,,,,,,,,,,,,,,
base__seed_303__v_p12__snr_p30__delay_p1ns,base,303,1.0,12.0,30.0,level2,D2_weighted_LS,ok,0.6537263738354662,1.0,-0.34627362616453383,0.0001428260002285242,,,,,,,,,,,,,,,,,
base__seed_303__v_p12__snr_p30__delay_p1ns,base,303,1.0,12.0,30.0,level2,D3_Huber_weighted_LS,ok,0.5775029175493848,1.0,-0.42249708245061524,0.0013631659967359155,,,,,,,,,,,,,,,,,
base__seed_303__v_p12__snr_p30__delay_p1ns,base,303,1.0,12.0,30.0,level2,cross_correlation,ok,0.1923050463995523,1.0,-0.8076949536004477,1.087895197008038,,,,,,,,,,,,,,,,,
base__seed_303__v_p12__snr_p30__delay_p1ns,base,303,1.0,12.0,30.0,level2,gcc_phat,ok,0.06510723806080905,1.0,-0.9348927619391909,1.4699956660042517,,,,,,,,,,,,,,,,,
base__seed_303__v_p12__snr_p30__delay_m1ns,base,303,-1.0,12.0,30.0,level2,D1_ordinary_LS,ok,-0.1364853969075664,-1.0,0.8635146030924337,0.03495098600978963,,,,,,,,,,,,,,,,,
base__seed_303__v_p12__snr_p30__delay_m1ns,base,303,-1.0,12.0,30.0,level2,D2_weighted_LS,ok,-0.11357026353866086,-1.0,0.8864297364613392,0.00020225998014211655,,,,,,,,,,,,,,,,,
base__seed_303__v_p12__snr_p30__delay_m1ns,base,303,-1.0,12.0,30.0,level2,D3_Huber_weighted_LS,ok,-0.18909820887217735,-1.0,0.8109017911278227,0.0019800060254056007,,,,,,,,,,,,,,,,,
base__seed_303__v_p12__snr_p30__delay_m1ns,base,303,-1.0,12.0,30.0,level2,cross_correlation,ok,-0.2560174441550432,-1.0,0.7439825558449569,1.3547083649900742,,,,,,,,,,,,,,,,,
base__seed_303__v_p12__snr_p30__delay_m1ns,base,303,-1.0,12.0,30.0,level2,gcc_phat,ok,-0.12133143141138808,-1.0,0.878668568588612,1.3009364209719934,,,,,,,,,,,,,,,,,
base__seed_303__v_p12__snr_p30__delay_p2ns,base,303,2.0,12.0,30.0,level2,D1_ordinary_LS,ok,1.442631712083785,2.0,-0.557368287916215,0.00019206400611437857,,,,,,,,,,,,,,,,,
base__seed_303__v_p12__snr_p30__delay_p2ns,base,303,2.0,12.0,30.0,level2,D2_weighted_LS,ok,1.44614965960235,2.0,-0.55385034039765,0.0001348639780189842,,,,,,,,,,,,,,,,,
base__seed_303__v_p12__snr_p30__delay_p2ns,base,303,2.0,12.0,30.0,level2,D3_Huber_weighted_LS,ok,1.3843799563370112,2.0,-0.6156200436629888,0.0012540729949250817,,,,,,,,,,,,,,,,,
base__seed_303__v_p12__snr_p30__delay_p2ns,base,303,2.0,12.0,30.0,level2,cross_correlation,ok,0.44560862357747005,2.0,-1.55439137642253,1.0902485779952258,,,,,,,,,,,,,,,,,
base__seed_303__v_p12__snr_p30__delay_p2ns,base,303,2.0,12.0,30.0,level2,gcc_phat,ok,0.08505022324866021,2.0,-1.9149497767513397,1.207451708993176,,,,,,,,,,,,,,,,,
base__seed_303__v_p12__snr_p30__delay_m2ns,base,303,-2.0,12.0,30.0,level2,D1_ordinary_LS,ok,-0.0724458344893551,-2.0,1.927554165510645,0.00022069900296628475,,,,,,,,,,,,,,,,,
base__seed_303__v_p12__snr_p30__delay_m2ns,base,303,-2.0,12.0,30.0,level2,D2_weighted_LS,ok,-0.05073448923908214,-2.0,1.9492655107609178,0.00017076198128052056,,,,,,,,,,,,,,,,,
base__seed_303__v_p12__snr_p30__delay_m2ns,base,303,-2.0,12.0,30.0,level2,D3_Huber_weighted_LS,ok,-0.11369647491595448,-2.0,1.8863035250840454,0.060941770003410056,,,,,,,,,,,,,,,,,
base__seed_303__v_p12__snr_p30__delay_m2ns,base,303,-2.0,12.0,30.0,level2,cross_correlation,ok,-0.5075029513982371,-2.0,1.4924970486017628,1.091416766983457,,,,,,,,,,,,,,,,,
base__seed_303__v_p12__snr_p30__delay_m2ns,base,303,-2.0,12.0,30.0,level2,gcc_phat,ok,-0.12706217787059332,-2.0,1.8729378221294066,1.3256335110054351,,,,,,,,,,,,,,,,,
base__seed_303__v_p12__snr_p30__delay_p4ns,base,303,4.0,12.0,30.0,level2,D1_ordinary_LS,ok,2.933816271958409,4.0,-1.0661837280415911,0.00026009700377471745,,,,,,,,,,,,,,,,,
base__seed_303__v_p12__snr_p30__delay_p4ns,base,303,4.0,12.0,30.0,level2,D2_weighted_LS,ok,2.9274945783423916,4.0,-1.0725054216576084,0.00019430401152931154,,,,,,,,,,,,,,,,,
base__seed_303__v_p12__snr_p30__delay_p4ns,base,303,4.0,12.0,30.0,level2,D3_Huber_weighted_LS,ok,2.90748763912392,4.0,-1.0925123608760798,0.03993717301636934,,,,,,,,,,,,,,,,,
base__seed_303__v_p12__snr_p30__delay_p4ns,base,303,4.0,12.0,30.0,level2,cross_correlation,ok,1.0331559440278688,4.0,-2.966844055972131,1.0897153510013595,,,,,,,,,,,,,,,,,
base__seed_303__v_p12__snr_p30__delay_p4ns,base,303,4.0,12.0,30.0,level2,gcc_phat,ok,0.08314303444529836,4.0,-3.9168569655547016,1.3096616689872462,,,,,,,,,,,,,,,,,
base__seed_303__v_p12__snr_p30__delay_m4ns,base,303,-4.0,12.0,30.0,level2,D1_ordinary_LS,ok,-0.17036086201098533,-4.0,3.8296391379890147,0.00017139498959295452,,,,,,,,,,,,,,,,,
base__seed_303__v_p12__snr_p30__delay_m4ns,base,303,-4.0,12.0,30.0,level2,D2_weighted_LS,ok,-0.15792599205300573,-4.0,3.8420740079469944,0.00012550700921565294,,,,,,,,,,,,,,,,,
base__seed_303__v_p12__snr_p30__delay_m4ns,base,303,-4.0,12.0,30.0,level2,D3_Huber_weighted_LS,ok,-0.20907850684079904,-4.0,3.790921493159201,0.0012516540009528399,,,,,,,,,,,,,,,,,
base__seed_303__v_p12__snr_p30__delay_m4ns,base,303,-4.0,12.0,30.0,level2,cross_correlation,ok,-1.0888002232318585,-4.0,2.9111997767681412,1.13131971101393,,,,,,,,,,,,,,,,,
base__seed_303__v_p12__snr_p30__delay_m4ns,base,303,-4.0,12.0,30.0,level2,gcc_phat,ok,-0.11755112552183229,-4.0,3.8824488744781678,1.5608849099953659,,,,,,,,,,,,,,,,,
base__seed_303__v_p12__snr_p30__delay_p8ns,base,303,8.0,12.0,30.0,level2,D1_ordinary_LS,ok,5.3374983955984785,8.0,-2.6625016044015215,0.00017656199634075165,,,,,,,,,,,,,,,,,
base__seed_303__v_p12__snr_p30__delay_p8ns,base,303,8.0,12.0,30.0,level2,D2_weighted_LS,ok,5.328402321876067,8.0,-2.6715976781239332,0.00012837100075557828,,,,,,,,,,,,,,,,,
base__seed_303__v_p12__snr_p30__delay_p8ns,base,303,8.0,12.0,30.0,level2,D3_Huber_weighted_LS,ok,5.29521175191175,8.0,-2.70478824808825,0.001258283999050036,,,,,,,,,,,,,,,,,
base__seed_303__v_p12__snr_p30__delay_p8ns,base,303,8.0,12.0,30.0,level2,cross_correlation,ok,2.5371590095189256,8.0,-5.462840990481075,1.0571029240090866,,,,,,,,,,,,,,,,,
base__seed_303__v_p12__snr_p30__delay_p8ns,base,303,8.0,12.0,30.0,level2,gcc_phat,ok,0.3799763798889048,8.0,-7.620023620111096,1.19669891599915,,,,,,,,,,,,,,,,,
base__seed_303__v_p12__snr_p30__delay_m8ns,base,303,-8.0,12.0,30.0,level2,D1_ordinary_LS,ok,-1.2069491171271503,-8.0,6.7930508828728495,0.001974165003048256,,,,,,,,,,,,,,,,,
base__seed_303__v_p12__snr_p30__delay_m8ns,base,303,-8.0,12.0,30.0,level2,D2_weighted_LS,ok,-1.219369536048691,-8.0,6.780630463951309,0.0001421289925929159,,,,,,,,,,,,,,,,,
base__seed_303__v_p12__snr_p30__delay_m8ns,base,303,-8.0,12.0,30.0,level2,D3_Huber_weighted_LS,ok,-1.203374851344447,-8.0,6.7966251486555525,0.003177200007485226,,,,,,,,,,,,,,,,,
base__seed_303__v_p12__snr_p30__delay_m8ns,base,303,-8.0,12.0,30.0,level2,cross_correlation,ok,-2.569903208485748,-8.0,5.430096791514252,1.0315174950228538,,,,,,,,,,,,,,,,,
base__seed_303__v_p12__snr_p30__delay_m8ns,base,303,-8.0,12.0,30.0,level2,gcc_phat,ok,-0.4177127669906291,-8.0,7.582287233009371,1.3642414009955246,,,,,,,,,,,,,,,,,
base__seed_303__v_p12__snr_p35__delay_p0ns,base,303,0.0,12.0,35.0,level2,D1_ordinary_LS,ok,-0.20086586518243718,0.0,-0.20086586518243718,0.00036820798413828015,,,,,,,,,,,,,,,,,
base__seed_303__v_p12__snr_p35__delay_p0ns,base,303,0.0,12.0,35.0,level2,D2_weighted_LS,ok,-0.18399017447312369,0.0,-0.18399017447312369,0.0002290119882673025,,,,,,,,,,,,,,,,,
base__seed_303__v_p12__snr_p35__delay_p0ns,base,303,0.0,12.0,35.0,level2,D3_Huber_weighted_LS,ok,-0.27568404507841654,0.0,-0.27568404507841654,0.002141014003427699,,,,,,,,,,,,,,,,,
base__seed_303__v_p12__snr_p35__delay_p0ns,base,303,0.0,12.0,35.0,level2,cross_correlation,ok,-0.03230636654742368,0.0,-0.03230636654742368,1.0447187249956187,,,,,,,,,,,,,,,,,
base__seed_303__v_p12__snr_p35__delay_p0ns,base,303,0.0,12.0,35.0,level2,gcc_phat,ok,-0.03226597699457629,0.0,-0.03226597699457629,1.3651460480177775,,,,,,,,,,,,,,,,,
base__seed_303__v_p12__snr_p35__delay_p1ns,base,303,1.0,12.0,35.0,level2,D1_ordinary_LS,ok,0.6439489150276227,1.0,-0.35605108497237725,0.3540919689985458,,,,,,,,,,,,,,,,,
base__seed_303__v_p12__snr_p35__delay_p1ns,base,303,1.0,12.0,35.0,level2,D2_weighted_LS,ok,0.6537263738354662,1.0,-0.34627362616453383,0.0002980860008392483,,,,,,,,,,,,,,,,,
base__seed_303__v_p12__snr_p35__delay_p1ns,base,303,1.0,12.0,35.0,level2,D3_Huber_weighted_LS,ok,0.5775029175493848,1.0,-0.42249708245061524,0.12904119401355274,,,,,,,,,,,,,,,,,
base__seed_303__v_p12__snr_p35__delay_p1ns,base,303,1.0,12.0,35.0,level2,cross_correlation,ok,0.1923050463995523,1.0,-0.8076949536004477,1.2683994520048145,,,,,,,,,,,,,,,,,
base__seed_303__v_p12__snr_p35__delay_p1ns,base,303,1.0,12.0,35.0,level2,gcc_phat,ok,0.06510723806080905,1.0,-0.9348927619391909,1.8663867479772307,,,,,,,,,,,,,,,,,
base__seed_303__v_p12__snr_p35__delay_m1ns,base,303,-1.0,12.0,35.0,level2,D1_ordinary_LS,ok,-0.1364853969075664,-1.0,0.8635146030924337,0.00017697998555377126,,,,,,,,,,,,,,,,,
base__seed_303__v_p12__snr_p35__delay_m1ns,base,303,-1.0,12.0,35.0,level2,D2_weighted_LS,ok,-0.11357026353866086,-1.0,0.8864297364613392,0.00012948698713444173,,,,,,,,,,,,,,,,,
base__seed_303__v_p12__snr_p35__delay_m1ns,base,303,-1.0,12.0,35.0,level2,D3_Huber_weighted_LS,ok,-0.18909820887217735,-1.0,0.8109017911278227,0.0012001649884041399,,,,,,,,,,,,,,,,,
base__seed_303__v_p12__snr_p35__delay_m1ns,base,303,-1.0,12.0,35.0,level2,cross_correlation,ok,-0.2560174441550432,-1.0,0.7439825558449569,1.130385575001128,,,,,,,,,,,,,,,,,
base__seed_303__v_p12__snr_p35__delay_m1ns,base,303,-1.0,12.0,35.0,level2,gcc_phat,ok,-0.12133143141138808,-1.0,0.878668568588612,1.3080225059820805,,,,,,,,,,,,,,,,,
base__seed_303__v_p12__snr_p35__delay_p2ns,base,303,2.0,12.0,35.0,level2,D1_ordinary_LS,ok,1.442631712083785,2.0,-0.557368287916215,0.00017865499830804765,,,,,,,,,,,,,,,,,
base__seed_303__v_p12__snr_p35__delay_p2ns,base,303,2.0,12.0,35.0,level2,D2_weighted_LS,ok,1.44614965960235,2.0,-0.55385034039765,0.00013060399214737117,,,,,,,,,,,,,,,,,
base__seed_303__v_p12__snr_p35__delay_p2ns,base,303,2.0,12.0,35.0,level2,D3_Huber_weighted_LS,ok,1.3843799563370112,2.0,-0.6156200436629888,0.001251149020390585,,,,,,,,,,,,,,,,,
base__seed_303__v_p12__snr_p35__delay_p2ns,base,303,2.0,12.0,35.0,level2,cross_correlation,ok,0.44560862357747005,2.0,-1.55439137642253,1.0890242360183038,,,,,,,,,,,,,,,,,
base__seed_303__v_p12__snr_p35__delay_p2ns,base,303,2.0,12.0,35.0,level2,gcc_phat,ok,0.08505022324866021,2.0,-1.9149497767513397,1.2532367400126532,,,,,,,,,,,,,,,,,
base__seed_303__v_p12__snr_p35__delay_m2ns,base,303,-2.0,12.0,35.0,level2,D1_ordinary_LS,ok,-0.0724458344893551,-2.0,1.927554165510645,0.00018186800298281014,,,,,,,,,,,,,,,,,
base__seed_303__v_p12__snr_p35__delay_m2ns,base,303,-2.0,12.0,35.0,level2,D2_weighted_LS,ok,-0.05073448923908214,-2.0,1.9492655107609178,0.00012767099542543292,,,,,,,,,,,,,,,,,
base__seed_303__v_p12__snr_p35__delay_m2ns,base,303,-2.0,12.0,35.0,level2,D3_Huber_weighted_LS,ok,-0.11369647491595448,-2.0,1.8863035250840454,0.0012211150024086237,,,,,,,,,,,,,,,,,
base__seed_303__v_p12__snr_p35__delay_m2ns,base,303,-2.0,12.0,35.0,level2,cross_correlation,ok,-0.5075029513982371,-2.0,1.4924970486017628,1.0740353080036584,,,,,,,,,,,,,,,,,
base__seed_303__v_p12__snr_p35__delay_m2ns,base,303,-2.0,12.0,35.0,level2,gcc_phat,ok,-0.12706217787059332,-2.0,1.8729378221294066,1.284675917995628,,,,,,,,,,,,,,,,,
base__seed_303__v_p12__snr_p35__delay_p4ns,base,303,4.0,12.0,35.0,level2,D1_ordinary_LS,ok,2.933816271958409,4.0,-1.0661837280415911,0.0019230959878768772,,,,,,,,,,,,,,,,,
base__seed_303__v_p12__snr_p35__delay_p4ns,base,303,4.0,12.0,35.0,level2,D2_weighted_LS,ok,2.9274945783423916,4.0,-1.0725054216576084,0.00014450302114710212,,,,,,,,,,,,,,,,,
base__seed_303__v_p12__snr_p35__delay_p4ns,base,303,4.0,12.0,35.0,level2,D3_Huber_weighted_LS,ok,2.90748763912392,4.0,-1.0925123608760798,0.0028640040254686028,,,,,,,,,,,,,,,,,
base__seed_303__v_p12__snr_p35__delay_p4ns,base,303,4.0,12.0,35.0,level2,cross_correlation,ok,1.0331559440278688,4.0,-2.966844055972131,1.0643909359932877,,,,,,,,,,,,,,,,,
base__seed_303__v_p12__snr_p35__delay_p4ns,base,303,4.0,12.0,35.0,level2,gcc_phat,ok,0.08314303444529836,4.0,-3.9168569655547016,1.450216500001261,,,,,,,,,,,,,,,,,
base__seed_303__v_p12__snr_p35__delay_m4ns,base,303,-4.0,12.0,35.0,level2,D1_ordinary_LS,ok,-0.17036086201098533,-4.0,3.8296391379890147,0.03736320900497958,,,,,,,,,,,,,,,,,
base__seed_303__v_p12__snr_p35__delay_m4ns,base,303,-4.0,12.0,35.0,level2,D2_weighted_LS,ok,-0.15792599205300573,-4.0,3.8420740079469944,0.00018284600810147822,,,,,,,,,,,,,,,,,
base__seed_303__v_p12__snr_p35__delay_m4ns,base,303,-4.0,12.0,35.0,level2,D3_Huber_weighted_LS,ok,-0.20907850684079904,-4.0,3.790921493159201,0.043422754999483004,,,,,,,,,,,,,,,,,
base__seed_303__v_p12__snr_p35__delay_m4ns,base,303,-4.0,12.0,35.0,level2,cross_correlation,ok,-1.0888002232318585,-4.0,2.9111997767681412,1.1092620169802103,,,,,,,,,,,,,,,,,
base__seed_303__v_p12__snr_p35__delay_m4ns,base,303,-4.0,12.0,35.0,level2,gcc_phat,ok,-0.11755112552183229,-4.0,3.8824488744781678,1.2112634780060034,,,,,,,,,,,,,,,,,
base__seed_303__v_p12__snr_p35__delay_p8ns,base,303,8.0,12.0,35.0,level2,D1_ordinary_LS,ok,5.3374983955984785,8.0,-2.6625016044015215,0.00016342999879270792,,,,,,,,,,,,,,,,,
base__seed_303__v_p12__snr_p35__delay_p8ns,base,303,8.0,12.0,35.0,level2,D2_weighted_LS,ok,5.328402321876067,8.0,-2.6715976781239332,0.00012753100600093603,,,,,,,,,,,,,,,,,
base__seed_303__v_p12__snr_p35__delay_p8ns,base,303,8.0,12.0,35.0,level2,D3_Huber_weighted_LS,ok,5.29521175191175,8.0,-2.70478824808825,0.0012282379902899265,,,,,,,,,,,,,,,,,
base__seed_303__v_p12__snr_p35__delay_p8ns,base,303,8.0,12.0,35.0,level2,cross_correlation,ok,2.5371590095189256,8.0,-5.462840990481075,1.18600888401852,,,,,,,,,,,,,,,,,
base__seed_303__v_p12__snr_p35__delay_p8ns,base,303,8.0,12.0,35.0,level2,gcc_phat,ok,0.3799763798889048,8.0,-7.620023620111096,1.5202351880143397,,,,,,,,,,,,,,,,,
base__seed_303__v_p12__snr_p35__delay_m8ns,base,303,-8.0,12.0,35.0,level2,D1_ordinary_LS,ok,-1.2069491171271503,-8.0,6.7930508828728495,0.00152297000749968,,,,,,,,,,,,,,,,,
base__seed_303__v_p12__snr_p35__delay_m8ns,base,303,-8.0,12.0,35.0,level2,D2_weighted_LS,ok,-1.219369536048691,-8.0,6.780630463951309,0.0001477859914302826,,,,,,,,,,,,,,,,,
base__seed_303__v_p12__snr_p35__delay_m8ns,base,303,-8.0,12.0,35.0,level2,D3_Huber_weighted_LS,ok,-1.203374851344447,-8.0,6.7966251486555525,0.0026224899920634925,,,,,,,,,,,,,,,,,
base__seed_303__v_p12__snr_p35__delay_m8ns,base,303,-8.0,12.0,35.0,level2,cross_correlation,ok,-2.569903208485748,-8.0,5.430096791514252,1.133755276008742,,,,,,,,,,,,,,,,,
base__seed_303__v_p12__snr_p35__delay_m8ns,base,303,-8.0,12.0,35.0,level2,gcc_phat,ok,-0.4177127669906291,-8.0,7.582287233009371,1.150095039018197,,,,,,,,,,,,,,,,,
low_snr__seed_101__v_p6d7__snr_p20__delay_p0ns,low_snr,101,0.0,6.7,20.0,level2,D1_ordinary_LS,ok,-0.029635960372710345,0.0,-0.029635960372710345,0.00046604900853708386,,,,,,,,,,,,,,,,,
low_snr__seed_101__v_p6d7__snr_p20__delay_p0ns,low_snr,101,0.0,6.7,20.0,level2,D2_weighted_LS,ok,-0.007020225075362978,0.0,-0.007020225075362978,0.0001738350256346166,,,,,,,,,,,,,,,,,
low_snr__seed_101__v_p6d7__snr_p20__delay_p0ns,low_snr,101,0.0,6.7,20.0,level2,D3_Huber_weighted_LS,ok,-0.028130307937299665,0.0,-0.028130307937299665,0.0014400520012713969,,,,,,,,,,,,,,,,,
low_snr__seed_101__v_p6d7__snr_p20__delay_p0ns,low_snr,101,0.0,6.7,20.0,level2,cross_correlation,ok,-0.02662150568326747,0.0,-0.02662150568326747,1.0581152950180694,,,,,,,,,,,,,,,,,
low_snr__seed_101__v_p6d7__snr_p20__delay_p0ns,low_snr,101,0.0,6.7,20.0,level2,gcc_phat,ok,-0.02412623344305109,0.0,-0.02412623344305109,1.1670968419930432,,,,,,,,,,,,,,,,,
low_snr__seed_101__v_p6d7__snr_p20__delay_p1ns,low_snr,101,1.0,6.7,20.0,level2,D1_ordinary_LS,ok,0.8610374147365133,1.0,-0.1389625852634867,0.0001939490030054003,,,,,,,,,,,,,,,,,
low_snr__seed_101__v_p6d7__snr_p20__delay_p1ns,low_snr,101,1.0,6.7,20.0,level2,D2_weighted_LS,ok,0.8812875822992559,1.0,-0.11871241770074414,0.00013318698620423675,,,,,,,,,,,,,,,,,
low_snr__seed_101__v_p6d7__snr_p20__delay_p1ns,low_snr,101,1.0,6.7,20.0,level2,D3_Huber_weighted_LS,ok,0.8639455192566396,1.0,-0.13605448074336035,0.0013440939947031438,,,,,,,,,,,,,,,,,
low_snr__seed_101__v_p6d7__snr_p20__delay_p1ns,low_snr,101,1.0,6.7,20.0,level2,cross_correlation,ok,0.20170346627866306,1.0,-0.7982965337213369,1.031437047990039,,,,,,,,,,,,,,,,,
low_snr__seed_101__v_p6d7__snr_p20__delay_p1ns,low_snr,101,1.0,6.7,20.0,level2,gcc_phat,ok,0.07171552122068187,1.0,-0.9282844787793181,1.2542685260123108,,,,,,,,,,,,,,,,,
low_snr__seed_101__v_p6d7__snr_p20__delay_m1ns,low_snr,101,-1.0,6.7,20.0,level2,D1_ordinary_LS,ok,0.0788048195392907,-1.0,1.0788048195392907,0.0002643489860929549,,,,,,,,,,,,,,,,,
low_snr__seed_101__v_p6d7__snr_p20__delay_m1ns,low_snr,101,-1.0,6.7,20.0,level2,D2_weighted_LS,ok,0.09555661996197672,-1.0,1.0955566199619766,0.00014003200340084732,,,,,,,,,,,,,,,,,
low_snr__seed_101__v_p6d7__snr_p20__delay_m1ns,low_snr,101,-1.0,6.7,20.0,level2,D3_Huber_weighted_LS,ok,0.08113085891771028,-1.0,1.0811308589177102,0.0015886800247244537,,,,,,,,,,,,,,,,,
low_snr__seed_101__v_p6d7__snr_p20__delay_m1ns,low_snr,101,-1.0,6.7,20.0,level2,cross_correlation,ok,-0.2566272341463842,-1.0,0.7433727658536158,1.0503006160142832,,,,,,,,,,,,,,,,,
low_snr__seed_101__v_p6d7__snr_p20__delay_m1ns,low_snr,101,-1.0,6.7,20.0,level2,gcc_phat,ok,-0.11137507845594549,-1.0,0.8886249215440545,1.334331996011315,,,,,,,,,,,,,,,,,
low_snr__seed_101__v_p6d7__snr_p20__delay_p2ns,low_snr,101,2.0,6.7,20.0,level2,D1_ordinary_LS,ok,1.7105058733975447,2.0,-0.2894941266024553,0.0001706930052023381,,,,,,,,,,,,,,,,,
low_snr__seed_101__v_p6d7__snr_p20__delay_p2ns,low_snr,101,2.0,6.7,20.0,level2,D2_weighted_LS,ok,1.7279997384835428,2.0,-0.2720002615164572,0.0001289280189666897,,,,,,,,,,,,,,,,,
low_snr__seed_101__v_p6d7__snr_p20__delay_p2ns,low_snr,101,2.0,6.7,20.0,level2,D3_Huber_weighted_LS,ok,1.7166844941142378,2.0,-0.28331550588576215,0.0013522689987439662,,,,,,,,,,,,,,,,,
low_snr__seed_101__v_p6d7__snr_p20__delay_p2ns,low_snr,101,2.0,6.7,20.0,level2,cross_correlation,ok,0.4583676392380304,2.0,-1.5416323607619695,1.0487321600085124,,,,,,,,,,,,,,,,,
low_snr__seed_101__v_p6d7__snr_p20__delay_p2ns,low_snr,101,2.0,6.7,20.0,level2,gcc_phat,ok,0.08890856969654572,2.0,-1.9110914303034543,1.8262447100132704,,,,,,,,,,,,,,,,,
low_snr__seed_101__v_p6d7__snr_p20__delay_m2ns,low_snr,101,-2.0,6.7,20.0,level2,D1_ordinary_LS,ok,0.10979095974564741,-2.0,2.1097909597456472,0.00018305398407392204,,,,,,,,,,,,,,,,,
low_snr__seed_101__v_p6d7__snr_p20__delay_m2ns,low_snr,101,-2.0,6.7,20.0,level2,D2_weighted_LS,ok,0.10931993513096394,-2.0,2.109319935130964,0.00013898499310016632,,,,,,,,,,,,,,,,,
low_snr__seed_101__v_p6d7__snr_p20__delay_m2ns,low_snr,101,-2.0,6.7,20.0,level2,D3_Huber_weighted_LS,ok,0.10230710433891471,-2.0,2.1023071043389145,0.0012292100000195205,,,,,,,,,,,,,,,,,
low_snr__seed_101__v_p6d7__snr_p20__delay_m2ns,low_snr,101,-2.0,6.7,20.0,level2,cross_correlation,ok,-0.514181326194249,-2.0,1.4858186738057508,1.083738635003101,,,,,,,,,,,,,,,,,
low_snr__seed_101__v_p6d7__snr_p20__delay_m2ns,low_snr,101,-2.0,6.7,20.0,level2,gcc_phat,ok,-0.1178600641606655,-2.0,1.8821399358393345,1.8343175670015626,,,,,,,,,,,,,,,,,
low_snr__seed_101__v_p6d7__snr_p20__delay_p4ns,low_snr,101,4.0,6.7,20.0,level2,D1_ordinary_LS,ok,3.1646591819903485,4.0,-0.8353408180096515,0.00017376599134877324,,,,,,,,,,,,,,,,,
low_snr__seed_101__v_p6d7__snr_p20__delay_p4ns,low_snr,101,4.0,6.7,20.0,level2,D2_weighted_LS,ok,3.183373693039725,4.0,-0.8166263069602748,0.0001321400050073862,,,,,,,,,,,,,,,,,
low_snr__seed_101__v_p6d7__snr_p20__delay_p4ns,low_snr,101,4.0,6.7,20.0,level2,D3_Huber_weighted_LS,ok,3.1823213380139537,4.0,-0.8176786619860463,0.0013410270039457828,,,,,,,,,,,,,,,,,
low_snr__seed_101__v_p6d7__snr_p20__delay_p4ns,low_snr,101,4.0,6.7,20.0,level2,cross_correlation,ok,1.0524996471292734,4.0,-2.9475003528707266,1.0881249149970245,,,,,,,,,,,,,,,,,
low_snr__seed_101__v_p6d7__snr_p20__delay_p4ns,low_snr,101,4.0,6.7,20.0,level2,gcc_phat,ok,0.08480339096996876,4.0,-3.915196609030031,1.760597698012134,,,,,,,,,,,,,,,,,
low_snr__seed_101__v_p6d7__snr_p20__delay_m4ns,low_snr,101,-4.0,6.7,20.0,level2,D1_ordinary_LS,ok,-0.2537879738733125,-4.0,3.7462120261266874,0.00018948002252727747,,,,,,,,,,,,,,,,,
low_snr__seed_101__v_p6d7__snr_p20__delay_m4ns,low_snr,101,-4.0,6.7,20.0,level2,D2_weighted_LS,ok,-0.2945186557531431,-4.0,3.705481344246857,0.00012690198491327465,,,,,,,,,,,,,,,,,
low_snr__seed_101__v_p6d7__snr_p20__delay_m4ns,low_snr,101,-4.0,6.7,20.0,level2,D3_Huber_weighted_LS,ok,-0.38910501145759807,-4.0,3.6108949885424018,0.0012604999938048422,,,,,,,,,,,,,,,,,
low_snr__seed_101__v_p6d7__snr_p20__delay_m4ns,low_snr,101,-4.0,6.7,20.0,level2,cross_correlation,ok,-1.107789895955872,-4.0,2.892210104044128,1.0786769559781533,,,,,,,,,,,,,,,,,
low_snr__seed_101__v_p6d7__snr_p20__delay_m4ns,low_snr,101,-4.0,6.7,20.0,level2,gcc_phat,ok,-0.10892032825068193,-4.0,3.891079671749318,1.7361756320169661,,,,,,,,,,,,,,,,,
low_snr__seed_101__v_p6d7__snr_p20__delay_p8ns,low_snr,101,8.0,6.7,20.0,level2,D1_ordinary_LS,ok,5.922807242942102,8.0,-2.0771927570578983,0.00017872502212412655,,,,,,,,,,,,,,,,,
low_snr__seed_101__v_p6d7__snr_p20__delay_p8ns,low_snr,101,8.0,6.7,20.0,level2,D2_weighted_LS,ok,5.913071873700761,8.0,-2.086928126299239,0.0001292069791816175,,,,,,,,,,,,,,,,,
low_snr__seed_101__v_p6d7__snr_p20__delay_p8ns,low_snr,101,8.0,6.7,20.0,level2,D3_Huber_weighted_LS,ok,5.884241046931248,8.0,-2.1157589530687524,0.0013123240205459297,,,,,,,,,,,,,,,,,
low_snr__seed_101__v_p6d7__snr_p20__delay_p8ns,low_snr,101,8.0,6.7,20.0,level2,cross_correlation,ok,2.5725344363738634,8.0,-5.427465563626137,1.0840950919955503,,,,,,,,,,,,,,,,,
low_snr__seed_101__v_p6d7__snr_p20__delay_p8ns,low_snr,101,8.0,6.7,20.0,level2,gcc_phat,ok,0.3850000405683121,8.0,-7.614999959431688,1.7504219770198688,,,,,,,,,,,,,,,,,
low_snr__seed_101__v_p6d7__snr_p20__delay_m8ns,low_snr,101,-8.0,6.7,20.0,level2,D1_ordinary_LS,ok,-2.0788005693215172,-8.0,5.921199430678483,0.00016894697910174727,,,,,,,,,,,,,,,,,
low_snr__seed_101__v_p6d7__snr_p20__delay_m8ns,low_snr,101,-8.0,6.7,20.0,level2,D2_weighted_LS,ok,-2.1701257329777603,-8.0,5.829874267022239,0.00012739101657643914,,,,,,,,,,,,,,,,,
low_snr__seed_101__v_p6d7__snr_p20__delay_m8ns,low_snr,101,-8.0,6.7,20.0,level2,D3_Huber_weighted_LS,ok,-2.2232137363653353,-8.0,5.776786263634665,0.0012272569874767214,,,,,,,,,,,,,,,,,
low_snr__seed_101__v_p6d7__snr_p20__delay_m8ns,low_snr,101,-8.0,6.7,20.0,level2,cross_correlation,ok,-2.6174358664065633,-8.0,5.382564133593437,1.060437495005317,,,,,,,,,,,,,,,,,
low_snr__seed_101__v_p6d7__snr_p20__delay_m8ns,low_snr,101,-8.0,6.7,20.0,level2,gcc_phat,ok,-0.40874308204278376,-8.0,7.5912569179572165,1.8731139820010867,,,,,,,,,,,,,,,,,
high_velocity__seed_101__v_p12__snr_p30__delay_p0ns,high_velocity,101,0.0,12.0,30.0,level2,D1_ordinary_LS,ok,-0.029635960372710345,0.0,-0.029635960372710345,0.00017690900131128728,,,,,,,,,,,,,,,,,
high_velocity__seed_101__v_p12__snr_p30__delay_p0ns,high_velocity,101,0.0,12.0,30.0,level2,D2_weighted_LS,ok,-0.007020225075362978,0.0,-0.007020225075362978,0.00013870501425117254,,,,,,,,,,,,,,,,,
high_velocity__seed_101__v_p12__snr_p30__delay_p0ns,high_velocity,101,0.0,12.0,30.0,level2,D3_Huber_weighted_LS,ok,-0.028130307937299665,0.0,-0.028130307937299665,0.0012496759882196784,,,,,,,,,,,,,,,,,
high_velocity__seed_101__v_p12__snr_p30__delay_p0ns,high_velocity,101,0.0,12.0,30.0,level2,cross_correlation,ok,-0.02662150568326747,0.0,-0.02662150568326747,1.0567890889942646,,,,,,,,,,,,,,,,,
high_velocity__seed_101__v_p12__snr_p30__delay_p0ns,high_velocity,101,0.0,12.0,30.0,level2,gcc_phat,ok,-0.02412623344305109,0.0,-0.02412623344305109,1.1461902250011917,,,,,,,,,,,,,,,,,
high_velocity__seed_101__v_p12__snr_p30__delay_p1ns,high_velocity,101,1.0,12.0,30.0,level2,D1_ordinary_LS,ok,0.8610374147365133,1.0,-0.1389625852634867,0.0011260570026934147,,,,,,,,,,,,,,,,,
high_velocity__seed_101__v_p12__snr_p30__delay_p1ns,high_velocity,101,1.0,12.0,30.0,level2,D2_weighted_LS,ok,0.8812875822992559,1.0,-0.11871241770074414,0.00014617899432778358,,,,,,,,,,,,,,,,,
high_velocity__seed_101__v_p12__snr_p30__delay_p1ns,high_velocity,101,1.0,12.0,30.0,level2,D3_Huber_weighted_LS,ok,0.8639455192566396,1.0,-0.13605448074336035,0.0028727960016112775,,,,,,,,,,,,,,,,,
high_velocity__seed_101__v_p12__snr_p30__delay_p1ns,high_velocity,101,1.0,12.0,30.0,level2,cross_correlation,ok,0.20170346627866306,1.0,-0.7982965337213369,1.0877791760140099,,,,,,,,,,,,,,,,,
high_velocity__seed_101__v_p12__snr_p30__delay_p1ns,high_velocity,101,1.0,12.0,30.0,level2,gcc_phat,ok,0.07171552122068187,1.0,-0.9282844787793181,1.8362309190270025,,,,,,,,,,,,,,,,,
high_velocity__seed_101__v_p12__snr_p30__delay_m1ns,high_velocity,101,-1.0,12.0,30.0,level2,D1_ordinary_LS,ok,0.0788048195392907,-1.0,1.0788048195392907,0.0004146489955019206,,,,,,,,,,,,,,,,,
high_velocity__seed_101__v_p12__snr_p30__delay_m1ns,high_velocity,101,-1.0,12.0,30.0,level2,D2_weighted_LS,ok,0.09555661996197672,-1.0,1.0955566199619766,0.00013605100684799254,,,,,,,,,,,,,,,,,
high_velocity__seed_101__v_p12__snr_p30__delay_m1ns,high_velocity,101,-1.0,12.0,30.0,level2,D3_Huber_weighted_LS,ok,0.08113085891771028,-1.0,1.0811308589177102,0.001732702017761767,,,,,,,,,,,,,,,,,
high_velocity__seed_101__v_p12__snr_p30__delay_m1ns,high_velocity,101,-1.0,12.0,30.0,level2,cross_correlation,ok,-0.2566272341463842,-1.0,0.7433727658536158,1.0750382480036933,,,,,,,,,,,,,,,,,
high_velocity__seed_101__v_p12__snr_p30__delay_m1ns,high_velocity,101,-1.0,12.0,30.0,level2,gcc_phat,ok,-0.11137507845594549,-1.0,0.8886249215440545,2.013847222988261,,,,,,,,,,,,,,,,,
high_velocity__seed_101__v_p12__snr_p30__delay_p2ns,high_velocity,101,2.0,12.0,30.0,level2,D1_ordinary_LS,ok,1.7105058733975447,2.0,-0.2894941266024553,0.00023054800112731755,,,,,,,,,,,,,,,,,
high_velocity__seed_101__v_p12__snr_p30__delay_p2ns,high_velocity,101,2.0,12.0,30.0,level2,D2_weighted_LS,ok,1.7279997384835428,2.0,-0.2720002615164572,0.00017984199803322554,,,,,,,,,,,,,,,,,
high_velocity__seed_101__v_p12__snr_p30__delay_p2ns,high_velocity,101,2.0,12.0,30.0,level2,D3_Huber_weighted_LS,ok,1.7166844941142378,2.0,-0.28331550588576215,0.12381600501248613,,,,,,,,,,,,,,,,,
high_velocity__seed_101__v_p12__snr_p30__delay_p2ns,high_velocity,101,2.0,12.0,30.0,level2,cross_correlation,ok,0.4583676392380304,2.0,-1.5416323607619695,1.097504195990041,,,,,,,,,,,,,,,,,
high_velocity__seed_101__v_p12__snr_p30__delay_p2ns,high_velocity,101,2.0,12.0,30.0,level2,gcc_phat,ok,0.08890856969654572,2.0,-1.9110914303034543,1.2730287759914063,,,,,,,,,,,,,,,,,
high_velocity__seed_101__v_p12__snr_p30__delay_m2ns,high_velocity,101,-2.0,12.0,30.0,level2,D1_ordinary_LS,ok,0.10979095974564741,-2.0,2.1097909597456472,0.0002357159974053502,,,,,,,,,,,,,,,,,
high_velocity__seed_101__v_p12__snr_p30__delay_m2ns,high_velocity,101,-2.0,12.0,30.0,level2,D2_weighted_LS,ok,0.10931993513096394,-2.0,2.109319935130964,0.000156445981701836,,,,,,,,,,,,,,,,,
high_velocity__seed_101__v_p12__snr_p30__delay_m2ns,high_velocity,101,-2.0,12.0,30.0,level2,D3_Huber_weighted_LS,ok,0.10230710433891471,-2.0,2.1023071043389145,0.1220306440081913,,,,,,,,,,,,,,,,,
high_velocity__seed_101__v_p12__snr_p30__delay_m2ns,high_velocity,101,-2.0,12.0,30.0,level2,cross_correlation,ok,-0.514181326194249,-2.0,1.4858186738057508,1.204492789984215,,,,,,,,,,,,,,,,,
high_velocity__seed_101__v_p12__snr_p30__delay_m2ns,high_velocity,101,-2.0,12.0,30.0,level2,gcc_phat,ok,-0.1178600641606655,-2.0,1.8821399358393345,1.5468866990122478,,,,,,,,,,,,,,,,,
high_velocity__seed_101__v_p12__snr_p30__delay_p4ns,high_velocity,101,4.0,12.0,30.0,level2,D1_ordinary_LS,ok,3.1646591819903485,4.0,-0.8353408180096515,0.0001949279976543039,,,,,,,,,,,,,,,,,
high_velocity__seed_101__v_p12__snr_p30__delay_p4ns,high_velocity,101,4.0,12.0,30.0,level2,D2_weighted_LS,ok,3.183373693039725,4.0,-0.8166263069602748,0.03882251898176037,,,,,,,,,,,,,,,,,
high_velocity__seed_101__v_p12__snr_p30__delay_p4ns,high_velocity,101,4.0,12.0,30.0,level2,D3_Huber_weighted_LS,ok,3.1823213380139537,4.0,-0.8176786619860463,0.0019952389993704855,,,,,,,,,,,,,,,,,
high_velocity__seed_101__v_p12__snr_p30__delay_p4ns,high_velocity,101,4.0,12.0,30.0,level2,cross_correlation,ok,1.0524996471292734,4.0,-2.9475003528707266,1.0834047039970756,,,,,,,,,,,,,,,,,
high_velocity__seed_101__v_p12__snr_p30__delay_p4ns,high_velocity,101,4.0,12.0,30.0,level2,gcc_phat,ok,0.08480339096996876,4.0,-3.915196609030031,1.744232892000582,,,,,,,,,,,,,,,,,
high_velocity__seed_101__v_p12__snr_p30__delay_m4ns,high_velocity,101,-4.0,12.0,30.0,level2,D1_ordinary_LS,ok,-0.2537879738733125,-4.0,3.7462120261266874,0.00020065499120391905,,,,,,,,,,,,,,,,,
high_velocity__seed_101__v_p12__snr_p30__delay_m4ns,high_velocity,101,-4.0,12.0,30.0,level2,D2_weighted_LS,ok,-0.2945186557531431,-4.0,3.705481344246857,0.0001292770029976964,,,,,,,,,,,,,,,,,
high_velocity__seed_101__v_p12__snr_p30__delay_m4ns,high_velocity,101,-4.0,12.0,30.0,level2,D3_Huber_weighted_LS,ok,-0.38910501145759807,-4.0,3.6108949885424018,0.0016897509922273457,,,,,,,,,,,,,,,,,
high_velocity__seed_101__v_p12__snr_p30__delay_m4ns,high_velocity,101,-4.0,12.0,30.0,level2,cross_correlation,ok,-1.107789895955872,-4.0,2.892210104044128,1.0755069740116596,,,,,,,,,,,,,,,,,
high_velocity__seed_101__v_p12__snr_p30__delay_m4ns,high_velocity,101,-4.0,12.0,30.0,level2,gcc_phat,ok,-0.10892032825068193,-4.0,3.891079671749318,1.7547164139978122,,,,,,,,,,,,,,,,,
high_velocity__seed_101__v_p12__snr_p30__delay_p8ns,high_velocity,101,8.0,12.0,30.0,level2,D1_ordinary_LS,ok,5.922807242942102,8.0,-2.0771927570578983,0.0002571569930296391,,,,,,,,,,,,,,,,,
high_velocity__seed_101__v_p12__snr_p30__delay_p8ns,high_velocity,101,8.0,12.0,30.0,level2,D2_weighted_LS,ok,5.913071873700761,8.0,-2.086928126299239,0.0001409399847034365,,,,,,,,,,,,,,,,,
high_velocity__seed_101__v_p12__snr_p30__delay_p8ns,high_velocity,101,8.0,12.0,30.0,level2,D3_Huber_weighted_LS,ok,5.884241046931248,8.0,-2.1157589530687524,0.0014713549753651023,,,,,,,,,,,,,,,,,
high_velocity__seed_101__v_p12__snr_p30__delay_p8ns,high_velocity,101,8.0,12.0,30.0,level2,cross_correlation,ok,2.5725344363738634,8.0,-5.427465563626137,1.087229461001698,,,,,,,,,,,,,,,,,
high_velocity__seed_101__v_p12__snr_p30__delay_p8ns,high_velocity,101,8.0,12.0,30.0,level2,gcc_phat,ok,0.3850000405683121,8.0,-7.614999959431688,1.7193691320135258,,,,,,,,,,,,,,,,,
high_velocity__seed_101__v_p12__snr_p30__delay_m8ns,high_velocity,101,-8.0,12.0,30.0,level2,D1_ordinary_LS,ok,-2.0788005693215172,-8.0,5.921199430678483,0.00017767699318937957,,,,,,,,,,,,,,,,,
high_velocity__seed_101__v_p12__snr_p30__delay_m8ns,high_velocity,101,-8.0,12.0,30.0,level2,D2_weighted_LS,ok,-2.1701257329777603,-8.0,5.829874267022239,0.00013053399743512273,,,,,,,,,,,,,,,,,
high_velocity__seed_101__v_p12__snr_p30__delay_m8ns,high_velocity,101,-8.0,12.0,30.0,level2,D3_Huber_weighted_LS,ok,-2.2232137363653353,-8.0,5.776786263634665,0.0016132729942910373,,,,,,,,,,,,,,,,,
high_velocity__seed_101__v_p12__snr_p30__delay_m8ns,high_velocity,101,-8.0,12.0,30.0,level2,cross_correlation,ok,-2.6174358664065633,-8.0,5.382564133593437,1.075553368020337,,,,,,,,,,,,,,,,,
high_velocity__seed_101__v_p12__snr_p30__delay_m8ns,high_velocity,101,-8.0,12.0,30.0,level2,gcc_phat,ok,-0.40874308204278376,-8.0,7.5912569179572165,1.572377628996037,,,,,,,,,,,,,,,,,
alternate_texture_geometry__seed_101__v_p6d7__snr_p30__delay_p0ns,alternate_texture_geometry,101,0.0,6.7,30.0,level2,D1_ordinary_LS,ok,0.5083569305946566,0.0,0.5083569305946566,0.000160146999405697,,,,,,,,,,,,,,,,,
alternate_texture_geometry__seed_101__v_p6d7__snr_p30__delay_p0ns,alternate_texture_geometry,101,0.0,6.7,30.0,level2,D2_weighted_LS,ok,0.4982181423494186,0.0,0.4982181423494186,0.0001426170056220144,,,,,,,,,,,,,,,,,
alternate_texture_geometry__seed_101__v_p6d7__snr_p30__delay_p0ns,alternate_texture_geometry,101,0.0,6.7,30.0,level2,D3_Huber_weighted_LS,ok,0.4831496526713276,0.0,0.4831496526713276,0.001223975996254012,,,,,,,,,,,,,,,,,
alternate_texture_geometry__seed_101__v_p6d7__snr_p30__delay_p0ns,alternate_texture_geometry,101,0.0,6.7,30.0,level2,cross_correlation,ok,-0.002710391360118445,0.0,-0.002710391360118445,1.0780976490059402,,,,,,,,,,,,,,,,,
alternate_texture_geometry__seed_101__v_p6d7__snr_p30__delay_p0ns,alternate_texture_geometry,101,0.0,6.7,30.0,level2,gcc_phat,ok,0.01359136537510561,0.0,0.01359136537510561,1.7517007600108627,,,,,,,,,,,,,,,,,
alternate_texture_geometry__seed_101__v_p6d7__snr_p30__delay_p1ns,alternate_texture_geometry,101,1.0,6.7,30.0,level2,D1_ordinary_LS,ok,1.3166686099931313,1.0,0.3166686099931313,0.00017139202100224793,,,,,,,,,,,,,,,,,
alternate_texture_geometry__seed_101__v_p6d7__snr_p30__delay_p1ns,alternate_texture_geometry,101,1.0,6.7,30.0,level2,D2_weighted_LS,ok,1.3064675254827969,1.0,0.3064675254827969,0.000136680988362059,,,,,,,,,,,,,,,,,
alternate_texture_geometry__seed_101__v_p6d7__snr_p30__delay_p1ns,alternate_texture_geometry,101,1.0,6.7,30.0,level2,D3_Huber_weighted_LS,ok,1.3156539674953887,1.0,0.31565396749538865,0.001239830016857013,,,,,,,,,,,,,,,,,
alternate_texture_geometry__seed_101__v_p6d7__snr_p30__delay_p1ns,alternate_texture_geometry,101,1.0,6.7,30.0,level2,cross_correlation,ok,0.22346931143410942,1.0,-0.7765306885658906,1.0867575360171031,,,,,,,,,,,,,,,,,
alternate_texture_geometry__seed_101__v_p6d7__snr_p30__delay_p1ns,alternate_texture_geometry,101,1.0,6.7,30.0,level2,gcc_phat,ok,0.07380111305541218,1.0,-0.9261988869445879,1.1968523460091092,,,,,,,,,,,,,,,,,
alternate_texture_geometry__seed_101__v_p6d7__snr_p30__delay_m1ns,alternate_texture_geometry,101,-1.0,6.7,30.0,level2,D1_ordinary_LS,ok,0.46411294477098386,-1.0,1.4641129447709837,0.00020330899860709906,,,,,,,,,,,,,,,,,
alternate_texture_geometry__seed_101__v_p6d7__snr_p30__delay_m1ns,alternate_texture_geometry,101,-1.0,6.7,30.0,level2,D2_weighted_LS,ok,0.4409914886135643,-1.0,1.4409914886135642,0.0001315120025537908,,,,,,,,,,,,,,,,,
alternate_texture_geometry__seed_101__v_p6d7__snr_p30__delay_m1ns,alternate_texture_geometry,101,-1.0,6.7,30.0,level2,D3_Huber_weighted_LS,ok,0.43855397574473715,-1.0,1.4385539757447372,0.0012392010248731822,,,,,,,,,,,,,,,,,
alternate_texture_geometry__seed_101__v_p6d7__snr_p30__delay_m1ns,alternate_texture_geometry,101,-1.0,6.7,30.0,level2,cross_correlation,ok,-0.22818845436618224,-1.0,0.7718115456338177,1.0804817269963678,,,,,,,,,,,,,,,,,
alternate_texture_geometry__seed_101__v_p6d7__snr_p30__delay_m1ns,alternate_texture_geometry,101,-1.0,6.7,30.0,level2,gcc_phat,ok,-0.0551332183386754,-1.0,0.9448667816613247,1.5796518699789885,,,,,,,,,,,,,,,,,
alternate_texture_geometry__seed_101__v_p6d7__snr_p30__delay_p2ns,alternate_texture_geometry,101,2.0,6.7,30.0,level2,D1_ordinary_LS,ok,2.0634199157292983,2.0,0.06341991572929828,0.00017173998639918864,,,,,,,,,,,,,,,,,
alternate_texture_geometry__seed_101__v_p6d7__snr_p30__delay_p2ns,alternate_texture_geometry,101,2.0,6.7,30.0,level2,D2_weighted_LS,ok,2.0559332850277117,2.0,0.055933285027711666,0.00012878800043836236,,,,,,,,,,,,,,,,,
alternate_texture_geometry__seed_101__v_p6d7__snr_p30__delay_p2ns,alternate_texture_geometry,101,2.0,6.7,30.0,level2,D3_Huber_weighted_LS,ok,2.084246583677711,2.0,0.08424658367771087,0.0013540200015995651,,,,,,,,,,,,,,,,,
alternate_texture_geometry__seed_101__v_p6d7__snr_p30__delay_p2ns,alternate_texture_geometry,101,2.0,6.7,30.0,level2,cross_correlation,ok,0.47584195914251587,2.0,-1.5241580408574842,1.0608443779929075,,,,,,,,,,,,,,,,,
alternate_texture_geometry__seed_101__v_p6d7__snr_p30__delay_p2ns,alternate_texture_geometry,101,2.0,6.7,30.0,level2,gcc_phat,ok,0.06806778170297047,2.0,-1.9319322182970295,1.172118945978582,,,,,,,,,,,,,,,,,
alternate_texture_geometry__seed_101__v_p6d7__snr_p30__delay_m2ns,alternate_texture_geometry,101,-2.0,6.7,30.0,level2,D1_ordinary_LS,ok,0.18238733895878664,-2.0,2.1823873389587867,0.00017382900114171207,,,,,,,,,,,,,,,,,
alternate_texture_geometry__seed_101__v_p6d7__snr_p30__delay_m2ns,alternate_texture_geometry,101,-2.0,6.7,30.0,level2,D2_weighted_LS,ok,0.15804845166022433,-2.0,2.1580484516602243,0.0001317859860137105,,,,,,,,,,,,,,,,,
alternate_texture_geometry__seed_101__v_p6d7__snr_p30__delay_m2ns,alternate_texture_geometry,101,-2.0,6.7,30.0,level2,D3_Huber_weighted_LS,ok,0.14912766103206954,-2.0,2.1491276610320695,0.0014150769857224077,,,,,,,,,,,,,,,,,
alternate_texture_geometry__seed_101__v_p6d7__snr_p30__delay_m2ns,alternate_texture_geometry,101,-2.0,6.7,30.0,level2,cross_correlation,ok,-0.4791187761450949,-2.0,1.520881223854905,1.2798486249812413,,,,,,,,,,,,,,,,,
alternate_texture_geometry__seed_101__v_p6d7__snr_p30__delay_m2ns,alternate_texture_geometry,101,-2.0,6.7,30.0,level2,gcc_phat,ok,-0.05956462355356789,-2.0,1.9404353764464322,1.8427367869880982,,,,,,,,,,,,,,,,,
alternate_texture_geometry__seed_101__v_p6d7__snr_p30__delay_p4ns,alternate_texture_geometry,101,4.0,6.7,30.0,level2,D1_ordinary_LS,ok,3.348421431498211,4.0,-0.651578568501789,0.0001728530041873455,,,,,,,,,,,,,,,,,
alternate_texture_geometry__seed_101__v_p6d7__snr_p30__delay_p4ns,alternate_texture_geometry,101,4.0,6.7,30.0,level2,D2_weighted_LS,ok,3.3537506611878385,4.0,-0.6462493388121615,0.00012480298755690455,,,,,,,,,,,,,,,,,
alternate_texture_geometry__seed_101__v_p6d7__snr_p30__delay_p4ns,alternate_texture_geometry,101,4.0,6.7,30.0,level2,D3_Huber_weighted_LS,ok,3.397122967617105,4.0,-0.6028770323828949,0.0013699050177820027,,,,,,,,,,,,,,,,,
alternate_texture_geometry__seed_101__v_p6d7__snr_p30__delay_p4ns,alternate_texture_geometry,101,4.0,6.7,30.0,level2,cross_correlation,ok,1.0570443250293449,4.0,-2.942955674970655,1.029676317004487,,,,,,,,,,,,,,,,,
alternate_texture_geometry__seed_101__v_p6d7__snr_p30__delay_p4ns,alternate_texture_geometry,101,4.0,6.7,30.0,level2,gcc_phat,ok,0.06950993553685055,4.0,-3.9304900644631493,1.6482667130185291,,,,,,,,,,,,,,,,,
alternate_texture_geometry__seed_101__v_p6d7__snr_p30__delay_m4ns,alternate_texture_geometry,101,-4.0,6.7,30.0,level2,D1_ordinary_LS,ok,-0.39259938758791396,-4.0,3.607400612412086,0.00016901298658922315,,,,,,,,,,,,,,,,,
alternate_texture_geometry__seed_101__v_p6d7__snr_p30__delay_m4ns,alternate_texture_geometry,101,-4.0,6.7,30.0,level2,D2_weighted_LS,ok,-0.42212921114712043,-4.0,3.57787078885288,0.00012738798977807164,,,,,,,,,,,,,,,,,
alternate_texture_geometry__seed_101__v_p6d7__snr_p30__delay_m4ns,alternate_texture_geometry,101,-4.0,6.7,30.0,level2,D3_Huber_weighted_LS,ok,-0.4390849336493107,-4.0,3.5609150663506894,0.0014799119962844998,,,,,,,,,,,,,,,,,
alternate_texture_geometry__seed_101__v_p6d7__snr_p30__delay_m4ns,alternate_texture_geometry,101,-4.0,6.7,30.0,level2,cross_correlation,ok,-1.056049758112521,-4.0,2.943950241887479,1.0278931409993675,,,,,,,,,,,,,,,,,
alternate_texture_geometry__seed_101__v_p6d7__snr_p30__delay_m4ns,alternate_texture_geometry,101,-4.0,6.7,30.0,level2,gcc_phat,ok,-0.07091544634611004,-4.0,3.92908455365389,1.6518089500023052,,,,,,,,,,,,,,,,,
alternate_texture_geometry__seed_101__v_p6d7__snr_p30__delay_p8ns,alternate_texture_geometry,101,8.0,6.7,30.0,level2,D1_ordinary_LS,ok,5.767816523706506,8.0,-2.2321834762934936,0.00026078399969264865,,,,,,,,,,,,,,,,,
alternate_texture_geometry__seed_101__v_p6d7__snr_p30__delay_p8ns,alternate_texture_geometry,101,8.0,6.7,30.0,level2,D2_weighted_LS,ok,5.775288348604552,8.0,-2.224711651395448,0.00013025198131799698,,,,,,,,,,,,,,,,,
alternate_texture_geometry__seed_101__v_p6d7__snr_p30__delay_p8ns,alternate_texture_geometry,101,8.0,6.7,30.0,level2,D3_Huber_weighted_LS,ok,5.81853160418646,8.0,-2.18146839581354,0.063605973002268,,,,,,,,,,,,,,,,,
alternate_texture_geometry__seed_101__v_p6d7__snr_p30__delay_p8ns,alternate_texture_geometry,101,8.0,6.7,30.0,level2,cross_correlation,ok,2.543087627598143,8.0,-5.456912372401857,1.111846455023624,,,,,,,,,,,,,,,,,
alternate_texture_geometry__seed_101__v_p6d7__snr_p30__delay_p8ns,alternate_texture_geometry,101,8.0,6.7,30.0,level2,gcc_phat,ok,0.331280285458439,8.0,-7.668719714541561,1.3130845299747307,,,,,,,,,,,,,,,,,
alternate_texture_geometry__seed_101__v_p6d7__snr_p30__delay_m8ns,alternate_texture_geometry,101,-8.0,6.7,30.0,level2,D1_ordinary_LS,ok,-1.76772008873778,-8.0,6.23227991126222,0.00017425199621357024,,,,,,,,,,,,,,,,,
alternate_texture_geometry__seed_101__v_p6d7__snr_p30__delay_m8ns,alternate_texture_geometry,101,-8.0,6.7,30.0,level2,D2_weighted_LS,ok,-1.8624005825632362,-8.0,6.137599417436764,0.00012731901369988918,,,,,,,,,,,,,,,,,
alternate_texture_geometry__seed_101__v_p6d7__snr_p30__delay_m8ns,alternate_texture_geometry,101,-8.0,6.7,30.0,level2,D3_Huber_weighted_LS,ok,-1.884142106093648,-8.0,6.115857893906352,0.06445702799828723,,,,,,,,,,,,,,,,,
alternate_texture_geometry__seed_101__v_p6d7__snr_p30__delay_m8ns,alternate_texture_geometry,101,-8.0,6.7,30.0,level2,cross_correlation,ok,-2.5318646396853386,-8.0,5.468135360314662,1.1012810270185582,,,,,,,,,,,,,,,,,
alternate_texture_geometry__seed_101__v_p6d7__snr_p30__delay_m8ns,alternate_texture_geometry,101,-8.0,6.7,30.0,level2,gcc_phat,ok,-0.34807449388365763,-8.0,7.651925506116342,1.3058878179872409,,,,,,,,,,,,,,,,,
,,,0.0,,,level1,D1_ordinary_LS,,0.0007314681950162338,0.0,0.0007314681950162338,,,20.0,0.0007314681950162338,0.0959759369022939,0.09645664446353307,-0.018173686726794726,0.019636623116827196,0.0,0.0,0,100,100,0.00012858484900789334,channel_delay_stage1/formal/seed-20260916,60000000.0,20000000.0,2048
,,,0.0,,,level1,D2_weighted_LS,,0.0011916628778823703,0.0,0.0011916628778823703,,,20.0,0.0011916628778823703,0.09563718927132384,0.09611152986522921,-0.017645850825607132,0.020029176581371873,0.0,0.0,0,100,100,0.00011412761959945783,channel_delay_stage1/formal/seed-20260916,60000000.0,20000000.0,2048
,,,0.0,,,level1,D3_Huber_weighted_LS,,0.0011600994629622037,0.0,0.0011600994629622037,,,20.0,0.0011600994629622037,0.09880663838989508,0.09929756300806648,-0.018301865261878502,0.02062206418780291,0.0,0.0,0,100,100,0.0011801207406097092,channel_delay_stage1/formal/seed-20260916,60000000.0,20000000.0,2048
,,,0.0,,,level1,cross_correlation,,0.002462862447458067,0.0,0.002462862447458067,,,20.0,0.002462862447458067,0.025770499458211936,0.025781775547749772,-0.0025902727056504316,0.007515997600566565,0.0,0.0,0,100,100,0.0005013341319863684,channel_delay_stage1/formal/seed-20260916,60000000.0,20000000.0,2048
,,,0.0,,,level1,gcc_phat,,0.007606332733171227,0.0,0.007606332733171227,,,20.0,0.007606332733171227,0.07649896766629968,0.07650335541833769,-0.00738804939846968,0.022600714864812133,0.0,0.0,0,100,100,0.0006268194515723735,channel_delay_stage1/formal/seed-20260916,60000000.0,20000000.0,2048
,,,0.0,,,level1,D1_ordinary_LS,,-0.00035362872094034175,0.0,-0.00035362872094034175,,,30.0,-0.00035362872094034175,0.032427096111076706,0.03258851983715273,-0.0067408612399691885,0.006033603798088504,0.0,0.0,0,100,100,0.00012505431048339232,channel_delay_stage1/formal/seed-20260916,60000000.0,20000000.0,2048
,,,0.0,,,level1,D2_weighted_LS,,-0.0003594677931492134,0.0,-0.0003594677931492134,,,30.0,-0.0003594677931492134,0.03241440671911963,0.032575701204236154,-0.0067441879062933065,0.00602525231999488,0.0,0.0,0,100,100,0.00011203580914298072,channel_delay_stage1/formal/seed-20260916,60000000.0,20000000.0,2048
,,,0.0,,,level1,D3_Huber_weighted_LS,,-0.0012969305059391317,0.0,-0.0012969305059391317,,,30.0,-0.0012969305059391317,0.033095171246619697,0.03323634877517229,-0.007811135163634094,0.005217274151755831,0.0,0.0,0,100,100,0.0010392444912577048,channel_delay_stage1/formal/seed-20260916,60000000.0,20000000.0,2048
,,,0.0,,,level1,cross_correlation,,-0.000605086547247994,0.0,-0.000605086547247994,,,30.0,-0.000605086547247994,0.00816346559996311,0.00818202272243391,-0.0022087335329138767,0.0009985604384178887,0.0,0.0,0,100,100,0.00048420893144793806,channel_delay_stage1/formal/seed-20260916,60000000.0,20000000.0,2048
,,,0.0,,,level1,gcc_phat,,-0.011200363763383155,0.0,-0.011200363763383155,,,30.0,-0.011200363763383155,0.08566986253187699,0.08536243110549864,-0.027931092823339047,0.005530365296572739,0.0,0.0,0,100,100,0.000608759798342362,channel_delay_stage1/formal/seed-20260916,60000000.0,20000000.0,2048
,,,0.0,,,level1,D1_ordinary_LS,,0.00016446097672204507,0.0,0.00016446097672204507,,,35.0,0.00016446097672204507,0.02007046301827583,0.020170897085841008,-0.003788962205689185,0.004117884159133276,0.0,0.0,0,100,100,0.0001247379695996642,channel_delay_stage1/formal/seed-20260916,60000000.0,20000000.0,2048
,,,0.0,,,level1,D2_weighted_LS,,0.0001394112819128188,0.0,0.0001394112819128188,,,35.0,0.0001394112819128188,0.02006608607361104,0.02016668857519577,-0.0038131870475690897,0.004092009611394727,0.0,0.0,0,100,100,0.0001110349694499746,channel_delay_stage1/formal/seed-20260916,60000000.0,20000000.0,2048
,,,0.0,,,level1,D3_Huber_weighted_LS,,9.170844699288572e-05,0.0,9.170844699288572e-05,,,35.0,9.170844699288572e-05,0.02041813788771845,0.02052079370062646,-0.003930293211747542,0.004113710105733313,0.0,0.0,0,100,100,0.0010343450101208873,channel_delay_stage1/formal/seed-20260916,60000000.0,20000000.0,2048
,,,0.0,,,level1,cross_correlation,,-0.000522802676297987,0.0,-0.000522802676297987,,,35.0,-0.000522802676297987,0.004852209547023119,0.00484826479944457,-0.0014730451157404535,0.00042743976314447963,0.0,0.0,0,100,100,0.0004799807880772278,channel_delay_stage1/formal/seed-20260916,60000000.0,20000000.0,2048
,,,0.0,,,level1,gcc_phat,,0.0024447344743596233,0.0,0.0024447344743596233,,,35.0,0.0024447344743596233,0.07533405235463772,0.07567369288911395,-0.01238703678962119,0.017276505738340435,0.0,0.0,0,100,100,0.0006054729508468881,channel_delay_stage1/formal/seed-20260916,60000000.0,20000000.0,2048
,,,1.0,,,level1,D1_ordinary_LS,,-0.0052043884523694265,1.0,-0.0052043884523694265,,,20.0,-0.0052043884523694265,0.12051648946912631,0.12101063721003481,-0.028922037520160503,0.018513260615421648,0.0,0.0,0,100,100,0.00012408633017912507,channel_delay_stage1/formal/seed-20260916,60000000.0,20000000.0,2048
,,,1.0,,,level1,D2_weighted_LS,,-0.005213954254776165,1.0,-0.005213954254776165,,,20.0,-0.005213954254776165,0.12091698525168927,0.12141311065022584,-0.029010486667318074,0.018582578157765744,0.0,0.0,0,100,100,0.00011028349952539429,channel_delay_stage1/formal/seed-20260916,60000000.0,20000000.0,2048
,,,1.0,,,level1,D3_Huber_weighted_LS,,-0.0005265888182291967,1.0,-0.0005265888182291967,,,20.0,-0.0005265888182291967,0.11951502333976789,0.12011595201052912,-0.024068882809167056,0.02301570517270866,0.0,0.0,0,100,100,0.0010205094394041226,channel_delay_stage1/formal/seed-20260916,60000000.0,20000000.0,2048
,,,1.0,,,level1,cross_correlation,,-0.6199955227124463,1.0,-0.6199955227124463,,,20.0,-0.6199955227124463,0.620432260486532,0.023392601544476116,-0.6245803883656332,-0.6154106570592593,0.0,0.0,0,100,100,0.000483383490354754,channel_delay_stage1/formal/seed-20260916,60000000.0,20000000.0,2048
,,,1.0,,,level1,gcc_phat,,-0.8877265344738815,1.0,-0.8877265344738815,,,20.0,-0.8877265344738815,0.8906081556825557,0.07194615662990159,-0.90182772205595,-0.873625346891813,0.0,0.0,0,100,100,0.0006116847903467715,channel_delay_stage1/formal/seed-20260916,60000000.0,20000000.0,2048
,,,1.0,,,level1,D1_ordinary_LS,,-0.0019392457667293883,1.0,-0.0019392457667293883,,,30.0,-0.0019392457667293883,0.0414096454203328,0.041572597565917004,-0.010087325164026873,0.006208833630568097,0.0,0.0,0,100,100,0.00012569895887281745,channel_delay_stage1/formal/seed-20260916,60000000.0,20000000.0,2048
,,,1.0,,,level1,D2_weighted_LS,,-0.0020045482971939154,1.0,-0.0020045482971939154,,,30.0,-0.0020045482971939154,0.041427956850361054,0.041587893961599044,-0.010155625732954407,0.006146529138566576,0.0,0.0,0,100,100,0.00011106444086181,channel_delay_stage1/formal/seed-20260916,60000000.0,20000000.0,2048
,,,1.0,,,level1,D3_Huber_weighted_LS,,-0.0027852988925353827,1.0,-0.0027852988925353827,,,30.0,-0.0027852988925353827,0.04247940200065635,0.0426015329597162,-0.011135045921259362,0.0055644481361885965,0.0,0.0,0,100,100,0.0010392129819956609,channel_delay_stage1/formal/seed-20260916,60000000.0,20000000.0,2048
,,,1.0,,,level1,cross_correlation,,-0.6232111624514095,1.0,-0.6232111624514095,,,30.0,-0.6232111624514095,0.6232844205067707,0.009604073337429889,-0.6250935262360339,-0.6213287986667851,0.0,0.0,0,100,100,0.00048535579000599685,channel_delay_stage1/formal/seed-20260916,60000000.0,20000000.0,2048
,,,1.0,,,level1,gcc_phat,,-0.8868746194934899,1.0,-0.8868746194934899,,,30.0,-0.8868746194934899,0.8906158096563155,0.0819579203933594,-0.9029380767153684,-0.8708111622716114,0.0,0.0,0,100,100,0.0006113418008317239,channel_delay_stage1/formal/seed-20260916,60000000.0,20000000.0,2048
,,,1.0,,,level1,D1_ordinary_LS,,-0.0012690538650165894,1.0,-0.0012690538650165894,,,35.0,-0.0012690538650165894,0.017871460221683955,0.017916151303170542,-0.0047805549945950515,0.0022424472645618723,0.0,0.0,0,100,100,0.00012417369085596875,channel_delay_stage1/formal/seed-20260916,60000000.0,20000000.0,2048
,,,1.0,,,level1,D2_weighted_LS,,-0.0012619990201943843,1.0,-0.0012619990201943843,,,35.0,-0.0012619990201943843,0.017882654560644713,0.017927933528840426,-0.004775809423569916,0.0022518113831811477,0.0,0.0,0,100,100,0.00010992588009685278,channel_delay_stage1/formal/seed-20260916,60000000.0,20000000.0,2048
,,,1.0,,,level1,D3_Huber_weighted_LS,,-0.001173341483226874,1.0,-0.001173341483226874,,,35.0,-0.001173341483226874,0.018129733710666902,0.018182867787930608,-0.004737118083226621,0.0023904351167728733,0.0,0.0,0,100,100,0.0010227995098102838,channel_delay_stage1/formal/seed-20260916,60000000.0,20000000.0,2048
,,,1.0,,,level1,cross_correlation,,-0.6235344090494026,1.0,-0.6235344090494026,,,35.0,-0.6235344090494026,0.623556968486079,0.005330840228021804,-0.6245792345348286,-0.6224895835639767,0.0,0.0,0,100,100,0.00047857211087830363,channel_delay_stage1/formal/seed-20260916,60000000.0,20000000.0,2048
,,,1.0,,,level1,gcc_phat,,-0.894384777668667,1.0,-0.894384777668667,,,35.0,-0.894384777668667,0.8973689075922413,0.07349036759435272,-0.9087886250382211,-0.8799809302991128,0.0,0.0,0,100,100,0.0006031389097915963,channel_delay_stage1/formal/seed-20260916,60000000.0,20000000.0,2048
,,,-1.0,,,level1,D1_ordinary_LS,,0.001393115960590866,-1.0,0.001393115960590866,,,20.0,0.001393115960590866,0.10130093227836774,0.10180163970612334,-0.01855963877852158,0.021345870699703316,0.0,0.0,0,100,100,0.00012291019927943125,channel_delay_stage1/formal/seed-20260916,60000000.0,20000000.0,2048
,,,-1.0,,,level1,D2_weighted_LS,,0.0014610284789648488,-1.0,0.0014610284789648488,,,20.0,0.0014610284789648488,0.10090207165990059,0.10139976620738578,-0.018412960501760924,0.021335017459690624,0.0,0.0,0,100,100,0.00010972199845127762,channel_delay_stage1/formal/seed-20260916,60000000.0,20000000.0,2048
,,,-1.0,,,level1,D3_Huber_weighted_LS,,-0.003935100840135779,-1.0,-0.003935100840135779,,,20.0,-0.003935100840135779,0.10435079064852461,0.1048018933938675,-0.024475894496494434,0.016605692816222872,0.0,0.0,0,100,100,0.001016953788639512,channel_delay_stage1/formal/seed-20260916,60000000.0,20000000.0,2048
,,,-1.0,,,level1,cross_correlation,,0.6119759520014191,-1.0,0.6119759520014191,,,20.0,0.6119759520014191,0.6126866100852649,0.029649745765687935,0.6061647086162674,0.6177871953865708,0.0,0.0,0,100,100,0.00048310200829291714,channel_delay_stage1/formal/seed-20260916,60000000.0,20000000.0,2048
,,,-1.0,,,level1,gcc_phat,,0.9006068060532653,-1.0,0.9006068060532653,,,20.0,0.9006068060532653,0.9046626146285391,0.08599875026741005,0.8837513607293075,0.917462251377223,0.0,0.0,0,100,100,0.0006079244829015806,channel_delay_stage1/formal/seed-20260916,60000000.0,20000000.0,2048
,,,-1.0,,,level1,D1_ordinary_LS,,-0.0023711566338236755,-1.0,-0.0023711566338236755,,,30.0,-0.0023711566338236755,0.03216377452035882,0.03223784725396622,-0.008689658589511404,0.0039473453218640524,0.0,0.0,0,100,100,0.0001265426492318511,channel_delay_stage1/formal/seed-20260916,60000000.0,20000000.0,2048
,,,-1.0,,,level1,D2_weighted_LS,,-0.002427837377869343,-1.0,-0.002427837377869343,,,30.0,-0.002427837377869343,0.03218071219249537,0.03225065723052554,-0.008748850042826977,0.0038931752870882902,0.0,0.0,0,100,100,0.00011271953990217298,channel_delay_stage1/formal/seed-20260916,60000000.0,20000000.0,2048
,,,-1.0,,,level1,D3_Huber_weighted_LS,,-0.0018194048015396402,-1.0,-0.0018194048015396402,,,30.0,-0.0018194048015396402,0.032712459995047634,0.03282636912906609,-0.00825325492515834,0.00461444532207906,0.0,0.0,0,100,100,0.0010307447816012428,channel_delay_stage1/formal/seed-20260916,60000000.0,20000000.0,2048
,,,-1.0,,,level1,cross_correlation,,0.6113380078053461,-1.0,0.6113380078053461,,,30.0,0.6113380078053461,0.611406445726288,0.00919387632402139,0.6095360411580063,0.6131399744526859,0.0,0.0,0,100,100,0.0004821137106046081,channel_delay_stage1/formal/seed-20260916,60000000.0,20000000.0,2048
,,,-1.0,,,level1,gcc_phat,,0.8874561241754908,-1.0,0.8874561241754908,,,30.0,0.8874561241754908,0.8917084109793265,0.08741817458150868,0.8703224767980916,0.90458977155289,0.0,0.0,0,100,100,0.0006123650292283856,channel_delay_stage1/formal/seed-20260916,60000000.0,20000000.0,2048
,,,-1.0,,,level1,D1_ordinary_LS,,-0.0022687157676393745,-1.0,-0.0022687157676393745,,,35.0,-0.0022687157676393745,0.017438845056019836,0.017377747458193173,-0.005674691682688483,0.0011372601474097343,0.0,0.0,0,100,100,0.0001225044793682173,channel_delay_stage1/formal/seed-20260916,60000000.0,20000000.0,2048
,,,-1.0,,,level1,D2_weighted_LS,,-0.0022713673160427573,-1.0,-0.0022713673160427573,,,35.0,-0.0022713673160427573,0.0174658436165221,0.017404764927288163,-0.005682638557729826,0.001139903925644312,0.0,0.0,0,100,100,0.00010970317962346598,channel_delay_stage1/formal/seed-20260916,60000000.0,20000000.0,2048
,,,-1.0,,,level1,D3_Huber_weighted_LS,,-0.0020842443422019164,-1.0,-0.0020842443422019164,,,35.0,-0.0020842443422019164,0.01816148615372507,0.018132383688200172,-0.005638126240475306,0.001469637556071473,0.0,0.0,0,100,100,0.0010055773195927031,channel_delay_stage1/formal/seed-20260916,60000000.0,20000000.0,2048
,,,-1.0,,,level1,cross_correlation,,0.6117748533296381,-1.0,0.6117748533296381,,,35.0,0.6117748533296381,0.6117975762752065,0.005299434858074022,0.610736183183614,0.6128135234756622,0.0,0.0,0,100,100,0.00047616048133932056,channel_delay_stage1/formal/seed-20260916,60000000.0,20000000.0,2048
,,,-1.0,,,level1,gcc_phat,,0.8961909746104929,-1.0,0.8961909746104929,,,35.0,0.8961909746104929,0.8997111268019383,0.07991061115812532,0.8805287826252419,0.9118531665957439,0.0,0.0,0,100,100,0.000595797200803645,channel_delay_stage1/formal/seed-20260916,60000000.0,20000000.0,2048
,,,2.0,,,level1,D1_ordinary_LS,,-0.02272151295362996,2.0,-0.02272151295362996,,,20.0,-0.02272151295362996,0.10085497560773611,0.09875722172255891,-0.042077572732575175,-0.0033654531746847467,0.0,0.0,0,100,100,0.00012120677944039926,channel_delay_stage1/formal/seed-20260916,60000000.0,20000000.0,2048
,,,2.0,,,level1,D2_weighted_LS,,-0.022453997521585115,2.0,-0.022453997521585115,,,20.0,-0.022453997521585115,0.10018486116903316,0.0981280569375677,-0.041686743268637964,-0.003221251774532266,0.0,0.0,0,100,100,0.00010908647149335593,channel_delay_stage1/formal/seed-20260916,60000000.0,20000000.0,2048
,,,2.0,,,level1,D3_Huber_weighted_LS,,-0.02082781303247585,2.0,-0.02082781303247585,,,20.0,-0.02082781303247585,0.10354244192788034,0.10193699522066998,-0.04080709696495033,-0.0008485291000013724,0.0,0.0,0,100,100,0.001005440419248771,channel_delay_stage1/formal/seed-20260916,60000000.0,20000000.0,2048
,,,2.0,,,level1,cross_correlation,,-1.2595564739732168,2.0,-1.2595564739732168,,,20.0,-1.2595564739732168,1.259985386858468,0.03303906425290188,-1.266032011575076,-1.2530809363713575,0.0,0.0,0,100,100,0.00047960218886146323,channel_delay_stage1/formal/seed-20260916,60000000.0,20000000.0,2048
,,,2.0,,,level1,gcc_phat,,-1.7903858294293655,2.0,-1.7903858294293655,,,20.0,-1.7903858294293655,1.792047837331792,0.07755111096688475,-1.805585567874982,-1.7751860909837491,0.0,0.0,0,100,100,0.0006028282403713093,channel_delay_stage1/formal/seed-20260916,60000000.0,20000000.0,2048
,,,2.0,,,level1,D1_ordinary_LS,,8.002070399381056e-05,2.0,8.002070399381056e-05,,,30.0,8.002070399381056e-05,0.032959534835327146,0.03312548125433636,-0.0064124543189117865,0.006572495726899407,0.0,0.0,0,100,100,0.00012237449904205276,channel_delay_stage1/formal/seed-20260916,60000000.0,20000000.0,2048
,,,2.0,,,level1,D2_weighted_LS,,9.519959799113131e-05,2.0,9.519959799113131e-05,,,30.0,9.519959799113131e-05,0.03294376522360267,0.03310959158146334,-0.006394161106258741,0.006584560302241004,0.0,0.0,0,100,100,0.00010942868102574721,channel_delay_stage1/formal/seed-20260916,60000000.0,20000000.0,2048
,,,2.0,,,level1,D3_Huber_weighted_LS,,0.0003361206432038144,2.0,0.0003361206432038144,,,30.0,0.0003361206432038144,0.034667882964479875,0.03484089568703472,-0.00649256943036668,0.007164810716774309,0.0,0.0,0,100,100,0.0010119915605173446,channel_delay_stage1/formal/seed-20260916,60000000.0,20000000.0,2048
,,,2.0,,,level1,cross_correlation,,-1.2553641170182837,2.0,-1.2553641170182837,,,30.0,-1.2553641170182837,1.2553881948806025,0.007814357963794757,-1.2568957030354178,-1.2538325310011496,0.0,0.0,0,100,100,0.00047896395059069617,channel_delay_stage1/formal/seed-20260916,60000000.0,20000000.0,2048
,,,2.0,,,level1,gcc_phat,,-1.7894201880440912,2.0,-1.7894201880440912,,,30.0,-1.7894201880440912,1.7912944775850594,0.08233521067041681,-1.8055575928014447,-1.7732827832867377,0.0,0.0,0,100,100,0.0006044854002539068,channel_delay_stage1/formal/seed-20260916,60000000.0,20000000.0,2048
,,,2.0,,,level1,D1_ordinary_LS,,5.034315811515144e-05,2.0,5.034315811515144e-05,,,35.0,5.034315811515144e-05,0.018867834366834008,0.018962819529431036,-0.003666301174186609,0.0037669874904169122,0.0,0.0,0,100,100,0.0001252401090459898,channel_delay_stage1/formal/seed-20260916,60000000.0,20000000.0,2048
,,,2.0,,,level1,D2_weighted_LS,,1.996496324479402e-05,2.0,1.996496324479402e-05,,,35.0,1.996496324479402e-05,0.018881081371528437,0.018976190162659494,-0.003699299965014794,0.003739229891504382,0.0,0.0,0,100,100,0.00011027512897271663,channel_delay_stage1/formal/seed-20260916,60000000.0,20000000.0,2048
,,,2.0,,,level1,D3_Huber_weighted_LS,,-0.00015953201574047337,2.0,-0.00015953201574047337,,,35.0,-0.00015953201574047337,0.020147501118620372,0.020248365711848716,-0.004128138769842395,0.0038090747383614475,0.0,0.0,0,100,100,0.0010185754680423998,channel_delay_stage1/formal/seed-20260916,60000000.0,20000000.0,2048
,,,2.0,,,level1,cross_correlation,,-1.2554181690075392,2.0,-1.2554181690075392,,,35.0,-1.2554181690075392,1.255427933934855,0.004976533791929944,-1.2563935517075422,-1.2544427863075363,0.0,0.0,0,100,100,0.0004802461800863966,channel_delay_stage1/formal/seed-20260916,60000000.0,20000000.0,2048
,,,2.0,,,level1,gcc_phat,,-1.7953057931055887,2.0,-1.7953057931055887,,,35.0,-1.7953057931055887,1.7968759902324707,0.0754811737544341,-1.8100998313125387,-1.7805117548986387,0.0,0.0,0,100,100,0.000607851141539868,channel_delay_stage1/formal/seed-20260916,60000000.0,20000000.0,2048
,,,-2.0,,,level1,D1_ordinary_LS,,-0.018766901235315082,-2.0,-0.018766901235315082,,,20.0,-0.018766901235315082,0.10523574187428865,0.10407051215817321,-0.039164346803580816,0.0016305443329506474,0.0,0.0,0,100,100,0.00012215874972753226,channel_delay_stage1/formal/seed-20260916,60000000.0,20000000.0,2048
,,,-2.0,,,level1,D2_weighted_LS,,-0.018453557304311374,-2.0,-0.018453557304311374,,,20.0,-0.018453557304311374,0.10509260123862976,0.10398096687685006,-0.03883345231993922,0.0019263377113164677,0.0,0.0,0,100,100,0.00010943560017039999,channel_delay_stage1/formal/seed-20260916,60000000.0,20000000.0,2048
,,,-2.0,,,level1,D3_Huber_weighted_LS,,-0.016519235490735362,-2.0,-0.016519235490735362,,,20.0,-0.016519235490735362,0.10588745313358378,0.10511786357390426,-0.03712195816440009,0.004083487182929359,0.0,0.0,0,100,100,0.0010066507814917712,channel_delay_stage1/formal/seed-20260916,60000000.0,20000000.0,2048
,,,-2.0,,,level1,cross_correlation,,1.2095921736580306,-2.0,1.2095921736580306,,,20.0,1.2095921736580306,1.209893189963889,0.02712307426920686,1.2042761487862657,1.2149081985297956,0.0,0.0,0,100,100,0.00048146137880394235,channel_delay_stage1/formal/seed-20260916,60000000.0,20000000.0,2048
,,,-2.0,,,level1,gcc_phat,,1.7646945569752288,-2.0,1.7646945569752288,,,20.0,1.7646945569752288,1.7670249408310845,0.09117782659021642,1.7468240313446826,1.782565082605775,0.0,0.0,0,100,100,0.000603017351240851,channel_delay_stage1/formal/seed-20260916,60000000.0,20000000.0,2048
,,,-2.0,,,level1,D1_ordinary_LS,,0.0009809376121317293,-2.0,0.0009809376121317293,,,30.0,0.0009809376121317293,0.033749756423352595,0.03390545112808149,-0.005664408696930538,0.007626283921193996,0.0,0.0,0,100,100,0.0001210866600740701,channel_delay_stage1/formal/seed-20260916,60000000.0,20000000.0,2048
,,,-2.0,,,level1,D2_weighted_LS,,0.0010168905445534283,-2.0,0.0010168905445534283,,,30.0,0.0010168905445534283,0.03379698704412055,0.03395187126663138,-0.005637553944480353,0.007671335033587209,0.0,0.0,0,100,100,0.00010923445923253894,channel_delay_stage1/formal/seed-20260916,60000000.0,20000000.0,2048
,,,-2.0,,,level1,D3_Huber_weighted_LS,,0.0008255423830119857,-2.0,0.0008255423830119857,,,30.0,0.0008255423830119857,0.03397199723423,0.03413305924156615,-0.005864414296552186,0.007515499062576156,0.0,0.0,0,100,100,0.0010041357995942235,channel_delay_stage1/formal/seed-20260916,60000000.0,20000000.0,2048
,,,-2.0,,,level1,cross_correlation,,1.2115069155724822,-2.0,1.2115069155724822,,,30.0,1.2115069155724822,1.2115430427617278,0.009403308272138712,1.2096639010175902,1.2133499301273742,0.0,0.0,0,100,100,0.0004754033000790514,channel_delay_stage1/formal/seed-20260916,60000000.0,20000000.0,2048
,,,-2.0,,,level1,gcc_phat,,1.7757573569793026,-2.0,1.7757573569793026,,,30.0,1.7757573569793026,1.7776781646933355,0.0830325867717427,1.7594832690177213,1.7920314449408838,0.0,0.0,0,100,100,0.0006020326470024883,channel_delay_stage1/formal/seed-20260916,60000000.0,20000000.0,2048
,,,-2.0,,,level1,D1_ordinary_LS,,-0.002418384955948716,-2.0,-0.002418384955948716,,,35.0,-0.002418384955948716,0.02179769915356038,0.021772262554947835,-0.0066856700029134936,0.0018489000910160616,0.0,0.0,0,100,100,0.0001225869101472199,channel_delay_stage1/formal/seed-20260916,60000000.0,20000000.0,2048
,,,-2.0,,,level1,D2_weighted_LS,,-0.0024212617853427497,-2.0,-0.0024212617853427497,,,35.0,-0.0024212617853427497,0.02179727481618478,0.021771510454115458,-0.006688399423253107,0.0018458758525676075,0.0,0.0,0,100,100,0.00010938886873191223,channel_delay_stage1/formal/seed-20260916,60000000.0,20000000.0,2048
,,,-2.0,,,level1,D3_Huber_weighted_LS,,-0.0018130274536408719,-2.0,-0.0018130274536408719,,,35.0,-0.0018130274536408719,0.021890086137309903,0.021924775030834842,-0.006110204396598807,0.0024841494893170627,0.0,0.0,0,100,100,0.0010101246982230805,channel_delay_stage1/formal/seed-20260916,60000000.0,20000000.0,2048
,,,-2.0,,,level1,cross_correlation,,1.2102453113584095,-2.0,1.2102453113584095,,,35.0,1.2102453113584095,1.2102561360011825,0.0051444844937278056,1.2092370109257364,1.2112536117910826,0.0,0.0,0,100,100,0.00047669196035712955,channel_delay_stage1/formal/seed-20260916,60000000.0,20000000.0,2048
,,,-2.0,,,level1,gcc_phat,,1.773886640336202,-2.0,1.773886640336202,,,35.0,1.773886640336202,1.7756193116578605,0.07881782581202443,1.75843863034307,1.789334650329334,0.0,0.0,0,100,100,0.0006023580612963997,channel_delay_stage1/formal/seed-20260916,60000000.0,20000000.0,2048
,,,4.0,,,level1,D1_ordinary_LS,,0.014897210460845333,4.0,0.014897210460845333,,,20.0,0.014897210460845333,0.10763189574274819,0.10713296798820951,-0.006100465420531982,0.03589488634222265,0.0,0.0,0,100,100,0.00012239965959452093,channel_delay_stage1/formal/seed-20260916,60000000.0,20000000.0,2048
,,,4.0,,,level1,D2_weighted_LS,,0.0148148515095957,4.0,0.0148148515095957,,,20.0,0.0148148515095957,0.10728496363945285,0.10679246179780533,-0.006116086384811103,0.0357457894040025,0.0,0.0,0,100,100,0.00011002233834005892,channel_delay_stage1/formal/seed-20260916,60000000.0,20000000.0,2048
,,,4.0,,,level1,D3_Huber_weighted_LS,,0.011556326499617757,4.0,0.011556326499617757,,,20.0,0.011556326499617757,0.11311708809485273,0.1130921093126338,-0.010609319619225155,0.03372197261846067,0.0,0.0,0,100,100,0.0010110164698562585,channel_delay_stage1/formal/seed-20260916,60000000.0,20000000.0,2048
,,,4.0,,,level1,cross_correlation,,-2.542998347948475,4.0,-2.542998347948475,,,20.0,-2.542998347948475,2.5431758442582493,0.030197617639446412,-2.5489169722476976,-2.537079723649252,0.0,0.0,0,100,100,0.0004793829293339513,channel_delay_stage1/formal/seed-20260916,60000000.0,20000000.0,2048
,,,4.0,,,level1,gcc_phat,,-3.59022879471883,4.0,-3.59022879471883,,,20.0,-3.59022879471883,3.591121186068701,0.08045686844545631,-3.6059980511650274,-3.5744595382726327,0.0,0.0,0,100,100,0.0006042047822847962,channel_delay_stage1/formal/seed-20260916,60000000.0,20000000.0,2048
,,,4.0,,,level1,D1_ordinary_LS,,-0.0004402469283990085,4.0,-0.0004402469283990085,,,30.0,-0.0004402469283990085,0.0361000137829963,0.036279180909290776,-0.00755083572548131,0.006670341868683293,0.0,0.0,0,100,100,0.000123126728576608,channel_delay_stage1/formal/seed-20260916,60000000.0,20000000.0,2048
,,,4.0,,,level1,D2_weighted_LS,,-0.0004692759405020608,4.0,-0.0004692759405020608,,,30.0,-0.0004692759405020608,0.03606327367706509,0.03624188503245407,-0.007572554880047182,0.006634002999043061,0.0,0.0,0,100,100,0.0001096123902243562,channel_delay_stage1/formal/seed-20260916,60000000.0,20000000.0,2048
,,,4.0,,,level1,D3_Huber_weighted_LS,,-0.0004320224850972432,4.0,-0.0004320224850972432,,,30.0,-0.0004320224850972432,0.0363166672888426,0.036497041246356436,-0.007585311123610389,0.006721266153415902,0.0,0.0,0,100,100,0.0010208928294014187,channel_delay_stage1/formal/seed-20260916,60000000.0,20000000.0,2048
,,,4.0,,,level1,cross_correlation,,-2.54506757422952,4.0,-2.54506757422952,,,30.0,-2.54506757422952,2.5450788920204754,0.007628310749427956,-2.5465626956626957,-2.543572452796344,0.0,0.0,0,100,100,0.000478689351293724,channel_delay_stage1/formal/seed-20260916,60000000.0,20000000.0,2048
,,,4.0,,,level1,gcc_phat,,-3.614626054735918,4.0,-3.614626054735918,,,30.0,-3.614626054735918,3.6155167110066317,0.08065121309816439,-3.6304334020341047,-3.598818707437731,0.0,0.0,0,100,100,0.0006072128392406739,channel_delay_stage1/formal/seed-20260916,60000000.0,20000000.0,2048
,,,4.0,,,level1,D1_ordinary_LS,,0.00025113688869760065,4.0,0.00025113688869760065,,,35.0,0.00025113688869760065,0.01976114888443111,0.019859097996335808,-0.003641174795129373,0.004143448572524574,0.0,0.0,0,100,100,0.00012292974162846803,channel_delay_stage1/formal/seed-20260916,60000000.0,20000000.0,2048
,,,4.0,,,level1,D2_weighted_LS,,0.00025133442971591257,4.0,0.00025133442971591257,,,35.0,0.00025133442971591257,0.019774764083518855,0.01987278036810288,-0.0036436589496997157,0.004146327809131541,0.0,0.0,0,100,100,0.00011386926897102967,channel_delay_stage1/formal/seed-20260916,60000000.0,20000000.0,2048
,,,4.0,,,level1,D3_Huber_weighted_LS,,0.0008870882826690307,4.0,0.0008870882826690307,,,35.0,0.0008870882826690307,0.020217502135719795,0.020299785215229006,-0.003091596508905721,0.0048657730742437824,0.0,0.0,0,100,100,0.0010318251611897721,channel_delay_stage1/formal/seed-20260916,60000000.0,20000000.0,2048
,,,4.0,,,level1,cross_correlation,,-2.5449963994398104,4.0,-2.5449963994398104,,,35.0,-2.5449963994398104,2.5450011609098255,0.004947795219838002,-2.5459661494831867,-2.544026649396434,0.0,0.0,0,100,100,0.0004781641301815398,channel_delay_stage1/formal/seed-20260916,60000000.0,20000000.0,2048
,,,4.0,,,level1,gcc_phat,,-3.610869777780339,4.0,-3.610869777780339,,,35.0,-3.610869777780339,3.6117027976287126,0.0779571645629685,-3.626149101268367,-3.595590454292311,0.0,0.0,0,100,100,0.0005983918005949818,channel_delay_stage1/formal/seed-20260916,60000000.0,20000000.0,2048
,,,-4.0,,,level1,D1_ordinary_LS,,-0.010925455737655026,-4.0,-0.010925455737655026,,,20.0,-0.010925455737655026,0.11867228657321281,0.11876360535538394,-0.03420269465472311,0.012351783179413054,0.0,0.0,0,100,100,0.00012325451854849234,channel_delay_stage1/formal/seed-20260916,60000000.0,20000000.0,2048
,,,-4.0,,,level1,D2_weighted_LS,,-0.010506301384754245,-4.0,-0.010506301384754245,,,20.0,-0.010506301384754245,0.11887142262027543,0.11900272786526613,-0.03383040745254852,0.012817804683040026,0.0,0.0,0,100,100,0.0001097988587571308,channel_delay_stage1/formal/seed-20260916,60000000.0,20000000.0,2048
,,,-4.0,,,level1,D3_Huber_weighted_LS,,-0.010826237461433413,-4.0,-0.010826237461433413,,,20.0,-0.010826237461433413,0.1237118513636484,0.12385807595813281,-0.03510197426867008,0.013449499345803253,0.0,0.0,0,100,100,0.0010238352985470556,channel_delay_stage1/formal/seed-20260916,60000000.0,20000000.0,2048
,,,-4.0,,,level1,cross_correlation,,2.365149075799276,-4.0,2.365149075799276,,,20.0,2.365149075799276,2.3653972771938117,0.03443817768922573,2.3583993170028688,2.371898834595683,0.0,0.0,0,100,100,0.0004855799814686179,channel_delay_stage1/formal/seed-20260916,60000000.0,20000000.0,2048
,,,-4.0,,,level1,gcc_phat,,3.5460695253720433,-4.0,3.5460695253720433,,,20.0,3.5460695253720433,3.54711777837866,0.08666349013790263,3.52908379342756,3.5630552573165266,0.0,0.0,0,100,100,0.0006070018201717176,channel_delay_stage1/formal/seed-20260916,60000000.0,20000000.0,2048
,,,-4.0,,,level1,D1_ordinary_LS,,0.000749962468799854,-4.0,0.000749962468799854,,,30.0,0.000749962468799854,0.03325709257823761,0.03341613598993512,-0.005799479835476701,0.007299404773076408,0.0,0.0,0,100,100,0.00012205048027681186,channel_delay_stage1/formal/seed-20260916,60000000.0,20000000.0,2048
,,,-4.0,,,level1,D2_weighted_LS,,0.0007503409675833384,-4.0,0.0007503409675833384,,,30.0,0.0007503409675833384,0.03329803877709107,0.03345729035067122,-0.005807167443178169,0.007307849378344846,0.0,0.0,0,100,100,0.00011003567051375285,channel_delay_stage1/formal/seed-20260916,60000000.0,20000000.0,2048
,,,-4.0,,,level1,D3_Huber_weighted_LS,,0.0021939702865620705,-4.0,0.0021939702865620705,,,30.0,0.0021939702865620705,0.033167382836667175,0.03326146462356663,-0.0043251569869623,0.00871309756008644,0.0,0.0,0,100,100,0.0010152230699895881,channel_delay_stage1/formal/seed-20260916,60000000.0,20000000.0,2048
,,,-4.0,,,level1,cross_correlation,,2.3647034721202953,-4.0,2.3647034721202953,,,30.0,2.3647034721202953,2.364719892764566,0.008856897026034127,2.362967552201715,2.3664393920388758,0.0,0.0,0,100,100,0.0004781571912462823,channel_delay_stage1/formal/seed-20260916,60000000.0,20000000.0,2048
,,,-4.0,,,level1,gcc_phat,,3.5320255121333584,-4.0,3.5320255121333584,,,30.0,3.5320255121333584,3.532679386111965,0.06830876645972896,3.518637239924416,3.545413784342301,0.0,0.0,0,100,100,0.0006025844215764664,channel_delay_stage1/formal/seed-20260916,60000000.0,20000000.0,2048
,,,-4.0,,,level1,D1_ordinary_LS,,-0.0020078503437329642,-4.0,-0.0020078503437329642,,,35.0,-0.0020078503437329642,0.016919869287964837,0.016884949778103512,-0.00531723968831801,0.0013015390008520819,0.0,0.0,0,100,100,0.000122149589296896,channel_delay_stage1/formal/seed-20260916,60000000.0,20000000.0,2048
,,,-4.0,,,level1,D2_weighted_LS,,-0.0020074825884960346,-4.0,-0.0020074825884960346,,,35.0,-0.0020074825884960346,0.016921550382498422,0.0168866955282242,-0.0053172140938173365,0.001302248916825267,0.0,0.0,0,100,100,0.00010997061996022239,channel_delay_stage1/formal/seed-20260916,60000000.0,20000000.0,2048
,,,-4.0,,,level1,D3_Huber_weighted_LS,,-0.0013466282334028223,-4.0,-0.0013466282334028223,,,35.0,-0.0013466282334028223,0.017699112932111457,0.017736716212554234,-0.00482296073146422,0.002129704264658575,0.0,0.0,0,100,100,0.0010127508291043342,channel_delay_stage1/formal/seed-20260916,60000000.0,20000000.0,2048
,,,-4.0,,,level1,cross_correlation,,2.3643105761647867,-4.0,2.3643105761647867,,,35.0,2.3643105761647867,2.364315355239608,0.004777732136729966,2.3633741578732095,2.365246994456364,0.0,0.0,0,100,100,0.00047202929679770024,channel_delay_stage1/formal/seed-20260916,60000000.0,20000000.0,2048
,,,-4.0,,,level1,gcc_phat,,3.55783697162888,-4.0,3.55783697162888,,,35.0,3.55783697162888,3.558641691500788,0.07605667609092927,3.542930137036675,3.572743806221085,0.0,0.0,0,100,100,0.0005976654501864687,channel_delay_stage1/formal/seed-20260916,60000000.0,20000000.0,2048
,,,8.0,,,level1,D1_ordinary_LS,,0.007834667794386236,8.0,0.007834667794386236,,,20.0,0.007834667794386236,0.09904598804637828,0.09923304744736923,-0.011614652112913565,0.027283987701686038,0.0,0.0,0,100,100,0.00012223688972881063,channel_delay_stage1/formal/seed-20260916,60000000.0,20000000.0,2048
,,,8.0,,,level1,D2_weighted_LS,,0.007648697855140378,8.0,0.007648697855140378,,,20.0,0.007648697855140378,0.09914334547435208,0.09934584206865835,-0.011822729391697078,0.027120125101977834,0.0,0.0,0,100,100,0.00010949223767966032,channel_delay_stage1/formal/seed-20260916,60000000.0,20000000.0,2048
,,,8.0,,,level1,D3_Huber_weighted_LS,,0.006157358199508609,8.0,0.006157358199508609,,,20.0,0.006157358199508609,0.0971786015114276,0.09747192049285495,-0.012946787167486127,0.025261503566503345,0.0,0.0,0,100,100,0.0010181096600717864,channel_delay_stage1/formal/seed-20260916,60000000.0,20000000.0,2048
,,,8.0,,,level1,cross_correlation,,-5.186037184367924,8.0,-5.186037184367924,,,20.0,-5.186037184367924,5.186101433133373,0.025944717864551013,-5.191122255628281,-5.180952113107567,0.0,0.0,0,100,100,0.0004785958211869001,channel_delay_stage1/formal/seed-20260916,60000000.0,20000000.0,2048
,,,8.0,,,level1,gcc_phat,,-7.273152623361476,8.0,-7.273152623361476,,,20.0,-7.273152623361476,7.273663822854548,0.08666856171067076,-7.290139349315956,-7.256165897406996,0.0,0.0,0,100,100,0.0006105798814678565,channel_delay_stage1/formal/seed-20260916,60000000.0,20000000.0,2048
,,,8.0,,,level1,D1_ordinary_LS,,-0.002898925350661692,8.0,-0.002898925350661692,,,30.0,-0.002898925350661692,0.036115983997276856,0.03618081041555191,-0.009990233885257034,0.004192383183933649,0.0,0.0,0,100,100,0.00012483925005653872,channel_delay_stage1/formal/seed-20260916,60000000.0,20000000.0,2048
,,,8.0,,,level1,D2_weighted_LS,,-0.0028451152244068647,8.0,-0.0028451152244068647,,,30.0,-0.0028451152244068647,0.036120218473016455,0.0361893938072978,-0.00993810607287092,0.004247875624057191,0.0,0.0,0,100,100,0.00011128435813589022,channel_delay_stage1/formal/seed-20260916,60000000.0,20000000.0,2048
,,,8.0,,,level1,D3_Huber_weighted_LS,,-0.0022079793491090703,8.0,-0.0022079793491090703,,,30.0,-0.0022079793491090703,0.036363155438779916,0.03647891186379388,-0.00935771469393376,0.00494175599571562,0.0,0.0,0,100,100,0.001028001983067952,channel_delay_stage1/formal/seed-20260916,60000000.0,20000000.0,2048
,,,8.0,,,level1,cross_correlation,,-5.192318912940188,8.0,-5.192318912940188,,,30.0,-5.192318912940188,5.19232708377334,0.00925787733282244,-5.19413342355475,-5.190504402325625,0.0,0.0,0,100,100,0.00048782121913973245,channel_delay_stage1/formal/seed-20260916,60000000.0,20000000.0,2048
,,,8.0,,,level1,gcc_phat,,-7.281918551685336,8.0,-7.281918551685336,,,30.0,-7.281918551685336,7.282325277867916,0.07735304930854943,-7.297079470759247,-7.266757632611425,0.0,0.0,0,100,100,0.0006097746206796728,channel_delay_stage1/formal/seed-20260916,60000000.0,20000000.0,2048
,,,8.0,,,level1,D1_ordinary_LS,,0.0016849060411083538,8.0,0.0016849060411083538,,,35.0,0.0016849060411083538,0.019437909953874385,0.019462303241969833,-0.002129635299937447,0.005499447382154154,0.0,0.0,0,100,100,0.00012234382040333003,channel_delay_stage1/formal/seed-20260916,60000000.0,20000000.0,2048
,,,8.0,,,level1,D2_weighted_LS,,0.0016681889257432836,8.0,0.0016681889257432836,,,35.0,0.0016681889257432836,0.019433344573582707,0.019459152426433576,-0.0021457348668052177,0.0054821127182917845,0.0,0.0,0,100,100,0.00011074373993324116,channel_delay_stage1/formal/seed-20260916,60000000.0,20000000.0,2048
,,,8.0,,,level1,D3_Huber_weighted_LS,,0.0016904726357551692,8.0,0.0016904726357551692,,,35.0,0.0016904726357551692,0.0201257286428455,0.020155638248521617,-0.002259959869496865,0.005640905141007203,0.0,0.0,0,100,100,0.0010178184011601843,channel_delay_stage1/formal/seed-20260916,60000000.0,20000000.0,2048
,,,8.0,,,level1,cross_correlation,,-5.190094856393461,8.0,-5.190094856393461,,,35.0,-5.190094856393461,5.190097306962896,0.005068956981779437,-5.191088353705808,-5.189101359081114,0.0,0.0,0,100,100,0.0004785909195197746,channel_delay_stage1/formal/seed-20260916,60000000.0,20000000.0,2048
,,,8.0,,,level1,gcc_phat,,-7.290004961549918,8.0,-7.290004961549918,,,35.0,-7.290004961549918,7.29039776458494,0.07605969507466476,-7.304912387852061,-7.275097535247774,0.0,0.0,0,100,100,0.0006055310595547781,channel_delay_stage1/formal/seed-20260916,60000000.0,20000000.0,2048
,,,-8.0,,,level1,D1_ordinary_LS,,-0.006229036795284628,-8.0,-0.006229036795284628,,,20.0,-0.006229036795284628,0.10903656161779485,0.10940689907721118,-0.027672394980438872,0.015214321389869613,0.0,0.0,0,100,100,0.0001225848196190782,channel_delay_stage1/formal/seed-20260916,60000000.0,20000000.0,2048
,,,-8.0,,,level1,D2_weighted_LS,,-0.006131718971537961,-8.0,-0.006131718971537961,,,20.0,-0.006131718971537961,0.10912391314732316,0.10950038256027729,-0.02759339958268809,0.01532996163961217,0.0,0.0,0,100,100,0.00011153162107802927,channel_delay_stage1/formal/seed-20260916,60000000.0,20000000.0,2048
,,,-8.0,,,level1,D3_Huber_weighted_LS,,-0.009049306037131624,-8.0,-0.009049306037131624,,,20.0,-0.009049306037131624,0.11389438385026757,0.11410628012744811,-0.0314137259830953,0.013315113908832055,0.0,0.0,0,100,100,0.0010223819001112134,channel_delay_stage1/formal/seed-20260916,60000000.0,20000000.0,2048
,,,-8.0,,,level1,cross_correlation,,4.4364526856233875,-8.0,4.4364526856233875,,,20.0,4.4364526856233875,4.436546415702744,0.028983919433946556,4.430771941801253,4.442133429445522,0.0,0.0,0,100,100,0.0004850226399139501,channel_delay_stage1/formal/seed-20260916,60000000.0,20000000.0,2048
,,,-8.0,,,level1,gcc_phat,,7.029871717454861,-8.0,7.029871717454861,,,20.0,7.029871717454861,7.03028640363391,0.07674273728058689,7.014830417340364,7.044913017569358,0.0,0.0,0,100,100,0.0006084651203127578,channel_delay_stage1/formal/seed-20260916,60000000.0,20000000.0,2048
,,,-8.0,,,level1,D1_ordinary_LS,,0.0013442558583223985,-8.0,0.0013442558583223985,,,30.0,0.0013442558583223985,0.032275180293870345,0.03240962943307272,-0.0050079147857887835,0.00769642650243358,0.0,0.0,0,100,100,0.00012533720873761923,channel_delay_stage1/formal/seed-20260916,60000000.0,20000000.0,2048
,,,-8.0,,,level1,D2_weighted_LS,,0.0013255429693714937,-8.0,0.0013255429693714937,,,30.0,0.0013255429693714937,0.03228206408045787,0.03241733226910558,-0.00502813740286001,0.007679223341602997,0.0,0.0,0,100,100,0.00011056153045501559,channel_delay_stage1/formal/seed-20260916,60000000.0,20000000.0,2048
,,,-8.0,,,level1,D3_Huber_weighted_LS,,0.0013854653254910599,-8.0,0.0013854653254910599,,,30.0,0.0013854653254910599,0.03340764552994778,0.03354706125542526,-0.005189637859288196,0.007960568510270315,0.0,0.0,0,100,100,0.0010238653514534235,channel_delay_stage1/formal/seed-20260916,60000000.0,20000000.0,2048
,,,-8.0,,,level1,cross_correlation,,4.434788766979247,-8.0,4.434788766979247,,,30.0,4.434788766979247,4.434803026794055,0.011302933220306587,4.432573432776101,4.437004101182394,0.0,0.0,0,100,100,0.0004847257901565172,channel_delay_stage1/formal/seed-20260916,60000000.0,20000000.0,2048
,,,-8.0,,,level1,gcc_phat,,7.051868928050001,-8.0,7.051868928050001,,,30.0,7.051868928050001,7.052272319928283,0.07580874412929835,7.037010687229337,7.066727168870665,0.0,0.0,0,100,100,0.0006113990786252543,channel_delay_stage1/formal/seed-20260916,60000000.0,20000000.0,2048
,,,-8.0,,,level1,D1_ordinary_LS,,4.1219639157201726e-05,-8.0,4.1219639157201726e-05,,,35.0,4.1219639157201726e-05,0.02076007629750106,0.020864620599159767,-0.004048170853387365,0.004130610131701768,0.0,0.0,0,100,100,0.00012213491252623497,channel_delay_stage1/formal/seed-20260916,60000000.0,20000000.0,2048
,,,-8.0,,,level1,D2_weighted_LS,,4.358040488598114e-05,-8.0,4.358040488598114e-05,,,35.0,4.358040488598114e-05,0.020782407281973024,0.020887059286517583,-0.004050207989566753,0.004137368799338716,0.0,0.0,0,100,100,0.00010986800043610856,channel_delay_stage1/formal/seed-20260916,60000000.0,20000000.0,2048
,,,-8.0,,,level1,D3_Huber_weighted_LS,,0.000400887398230676,-8.0,0.000400887398230676,,,35.0,0.000400887398230676,0.020875616133476518,0.020976914637845085,-0.003710512321464068,0.00451228711792542,0.0,0.0,0,100,100,0.001016490769397933,channel_delay_stage1/formal/seed-20260916,60000000.0,20000000.0,2048
,,,-8.0,,,level1,cross_correlation,,4.43361976181049,-8.0,4.43361976181049,,,35.0,4.43361976181049,4.433624861407412,0.006758412146711975,4.432295137370466,4.434944386250513,0.0,0.0,0,100,100,0.00048050467885332184,channel_delay_stage1/formal/seed-20260916,60000000.0,20000000.0,2048
,,,-8.0,,,level1,gcc_phat,,7.042631594018839,-8.0,7.042631594018839,,,35.0,7.042631594018839,7.043150766025079,0.08594656483769232,7.0257863768511575,7.05947681118652,0.0,0.0,0,100,100,0.0006075899614370428,channel_delay_stage1/formal/seed-20260916,60000000.0,20000000.0,2048
