source,block_id,delay_error_ns,metric,comparison,current,comparison_value
off,scene=base__seed_101__v_p6d7__snr_p30|seed=101|velocity=6.7|snr=30.0|working_point=base,0,false_clusters,A1_to_A2,1,1
off,scene=base__seed_101__v_p6d7__snr_p30|seed=101|velocity=6.7|snr=30.0|working_point=base,0,false_clusters,A1_to_A3,1,1
off,scene=base__seed_101__v_p6d7__snr_p30|seed=101|velocity=6.7|snr=30.0|working_point=base,1,false_clusters,A1_to_A2,1,1
off,scene=base__seed_101__v_p6d7__snr_p30|seed=101|velocity=6.7|snr=30.0|working_point=base,1,false_clusters,A1_to_A3,1,1
off,scene=base__seed_101__v_p6d7__snr_p30|seed=101|velocity=6.7|snr=30.0|working_point=base,-1,false_clusters,A1_to_A2,1,1
off,scene=base__seed_101__v_p6d7__snr_p30|seed=101|velocity=6.7|snr=30.0|working_point=base,-1,false_clusters,A1_to_A3,1,1
off,scene=base__seed_101__v_p6d7__snr_p30|seed=101|velocity=6.7|snr=30.0|working_point=base,2,false_clusters,A1_to_A2,1,1
off,scene=base__seed_101__v_p6d7__snr_p30|seed=101|velocity=6.7|snr=30.0|working_point=base,2,false_clusters,A1_to_A3,1,1
off,scene=base__seed_101__v_p6d7__snr_p30|seed=101|velocity=6.7|snr=30.0|working_point=base,-2,false_clusters,A1_to_A2,1,1
off,scene=base__seed_101__v_p6d7__snr_p30|seed=101|velocity=6.7|snr=30.0|working_point=base,-2,false_clusters,A1_to_A3,1,1
off,scene=base__seed_101__v_p6d7__snr_p30|seed=101|velocity=6.7|snr=30.0|working_point=base,4,false_clusters,A1_to_A2,1,1
off,scene=base__seed_101__v_p6d7__snr_p30|seed=101|velocity=6.7|snr=30.0|working_point=base,4,false_clusters,A1_to_A3,1,1
off,scene=base__seed_101__v_p6d7__snr_p30|seed=101|velocity=6.7|snr=30.0|working_point=base,-4,false_clusters,A1_to_A2,1,1
off,scene=base__seed_101__v_p6d7__snr_p30|seed=101|velocity=6.7|snr=30.0|working_point=base,-4,false_clusters,A1_to_A3,1,1
off,scene=base__seed_101__v_p6d7__snr_p30|seed=101|velocity=6.7|snr=30.0|working_point=base,8,false_clusters,A1_to_A2,1,1
off,scene=base__seed_101__v_p6d7__snr_p30|seed=101|velocity=6.7|snr=30.0|working_point=base,8,false_clusters,A1_to_A3,1,1
off,scene=base__seed_101__v_p6d7__snr_p30|seed=101|velocity=6.7|snr=30.0|working_point=base,-8,false_clusters,A1_to_A2,1,1
off,scene=base__seed_101__v_p6d7__snr_p30|seed=101|velocity=6.7|snr=30.0|working_point=base,-8,false_clusters,A1_to_A3,1,1
off,scene=base__seed_101__v_p6d7__snr_p35|seed=101|velocity=6.7|snr=35.0|working_point=base,0,false_clusters,A1_to_A2,1,1
off,scene=base__seed_101__v_p6d7__snr_p35|seed=101|velocity=6.7|snr=35.0|working_point=base,0,false_clusters,A1_to_A3,1,1
off,scene=base__seed_101__v_p6d7__snr_p35|seed=101|velocity=6.7|snr=35.0|working_point=base,1,false_clusters,A1_to_A2,1,1
off,scene=base__seed_101__v_p6d7__snr_p35|seed=101|velocity=6.7|snr=35.0|working_point=base,1,false_clusters,A1_to_A3,1,1
off,scene=base__seed_101__v_p6d7__snr_p35|seed=101|velocity=6.7|snr=35.0|working_point=base,-1,false_clusters,A1_to_A2,1,1
off,scene=base__seed_101__v_p6d7__snr_p35|seed=101|velocity=6.7|snr=35.0|working_point=base,-1,false_clusters,A1_to_A3,1,1
off,scene=base__seed_101__v_p6d7__snr_p35|seed=101|velocity=6.7|snr=35.0|working_point=base,2,false_clusters,A1_to_A2,1,1
off,scene=base__seed_101__v_p6d7__snr_p35|seed=101|velocity=6.7|snr=35.0|working_point=base,2,false_clusters,A1_to_A3,1,1
off,scene=base__seed_101__v_p6d7__snr_p35|seed=101|velocity=6.7|snr=35.0|working_point=base,-2,false_clusters,A1_to_A2,1,1
off,scene=base__seed_101__v_p6d7__snr_p35|seed=101|velocity=6.7|snr=35.0|working_point=base,-2,false_clusters,A1_to_A3,1,1
off,scene=base__seed_101__v_p6d7__snr_p35|seed=101|velocity=6.7|snr=35.0|working_point=base,4,false_clusters,A1_to_A2,1,1
off,scene=base__seed_101__v_p6d7__snr_p35|seed=101|velocity=6.7|snr=35.0|working_point=base,4,false_clusters,A1_to_A3,1,1
off,scene=base__seed_101__v_p6d7__snr_p35|seed=101|velocity=6.7|snr=35.0|working_point=base,-4,false_clusters,A1_to_A2,1,1
off,scene=base__seed_101__v_p6d7__snr_p35|seed=101|velocity=6.7|snr=35.0|working_point=base,-4,false_clusters,A1_to_A3,1,1
off,scene=base__seed_101__v_p6d7__snr_p35|seed=101|velocity=6.7|snr=35.0|working_point=base,8,false_clusters,A1_to_A2,1,1
off,scene=base__seed_101__v_p6d7__snr_p35|seed=101|velocity=6.7|snr=35.0|working_point=base,8,false_clusters,A1_to_A3,1,1
off,scene=base__seed_101__v_p6d7__snr_p35|seed=101|velocity=6.7|snr=35.0|working_point=base,-8,false_clusters,A1_to_A2,1,1
off,scene=base__seed_101__v_p6d7__snr_p35|seed=101|velocity=6.7|snr=35.0|working_point=base,-8,false_clusters,A1_to_A3,1,1
off,scene=base__seed_101__v_p12__snr_p30|seed=101|velocity=12.0|snr=30.0|working_point=base,0,false_clusters,A1_to_A2,1,1
off,scene=base__seed_101__v_p12__snr_p30|seed=101|velocity=12.0|snr=30.0|working_point=base,0,false_clusters,A1_to_A3,1,1
off,scene=base__seed_101__v_p12__snr_p30|seed=101|velocity=12.0|snr=30.0|working_point=base,1,false_clusters,A1_to_A2,1,1
off,scene=base__seed_101__v_p12__snr_p30|seed=101|velocity=12.0|snr=30.0|working_point=base,1,false_clusters,A1_to_A3,1,1
off,scene=base__seed_101__v_p12__snr_p30|seed=101|velocity=12.0|snr=30.0|working_point=base,-1,false_clusters,A1_to_A2,1,1
off,scene=base__seed_101__v_p12__snr_p30|seed=101|velocity=12.0|snr=30.0|working_point=base,-1,false_clusters,A1_to_A3,1,1
off,scene=base__seed_101__v_p12__snr_p30|seed=101|velocity=12.0|snr=30.0|working_point=base,2,false_clusters,A1_to_A2,1,1
off,scene=base__seed_101__v_p12__snr_p30|seed=101|velocity=12.0|snr=30.0|working_point=base,2,false_clusters,A1_to_A3,1,1
off,scene=base__seed_101__v_p12__snr_p30|seed=101|velocity=12.0|snr=30.0|working_point=base,-2,false_clusters,A1_to_A2,1,1
off,scene=base__seed_101__v_p12__snr_p30|seed=101|velocity=12.0|snr=30.0|working_point=base,-2,false_clusters,A1_to_A3,1,1
off,scene=base__seed_101__v_p12__snr_p30|seed=101|velocity=12.0|snr=30.0|working_point=base,4,false_clusters,A1_to_A2,1,1
off,scene=base__seed_101__v_p12__snr_p30|seed=101|velocity=12.0|snr=30.0|working_point=base,4,false_clusters,A1_to_A3,1,1
off,scene=base__seed_101__v_p12__snr_p30|seed=101|velocity=12.0|snr=30.0|working_point=base,-4,false_clusters,A1_to_A2,1,1
off,scene=base__seed_101__v_p12__snr_p30|seed=101|velocity=12.0|snr=30.0|working_point=base,-4,false_clusters,A1_to_A3,1,1
off,scene=base__seed_101__v_p12__snr_p30|seed=101|velocity=12.0|snr=30.0|working_point=base,8,false_clusters,A1_to_A2,1,1
off,scene=base__seed_101__v_p12__snr_p30|seed=101|velocity=12.0|snr=30.0|working_point=base,8,false_clusters,A1_to_A3,1,1
off,scene=base__seed_101__v_p12__snr_p30|seed=101|velocity=12.0|snr=30.0|working_point=base,-8,false_clusters,A1_to_A2,1,1
off,scene=base__seed_101__v_p12__snr_p30|seed=101|velocity=12.0|snr=30.0|working_point=base,-8,false_clusters,A1_to_A3,1,1
off,scene=base__seed_101__v_p12__snr_p35|seed=101|velocity=12.0|snr=35.0|working_point=base,0,false_clusters,A1_to_A2,1,1
off,scene=base__seed_101__v_p12__snr_p35|seed=101|velocity=12.0|snr=35.0|working_point=base,0,false_clusters,A1_to_A3,1,1
off,scene=base__seed_101__v_p12__snr_p35|seed=101|velocity=12.0|snr=35.0|working_point=base,1,false_clusters,A1_to_A2,1,1
off,scene=base__seed_101__v_p12__snr_p35|seed=101|velocity=12.0|snr=35.0|working_point=base,1,false_clusters,A1_to_A3,1,1
off,scene=base__seed_101__v_p12__snr_p35|seed=101|velocity=12.0|snr=35.0|working_point=base,-1,false_clusters,A1_to_A2,1,1
off,scene=base__seed_101__v_p12__snr_p35|seed=101|velocity=12.0|snr=35.0|working_point=base,-1,false_clusters,A1_to_A3,1,1
off,scene=base__seed_101__v_p12__snr_p35|seed=101|velocity=12.0|snr=35.0|working_point=base,2,false_clusters,A1_to_A2,1,1
off,scene=base__seed_101__v_p12__snr_p35|seed=101|velocity=12.0|snr=35.0|working_point=base,2,false_clusters,A1_to_A3,1,1
off,scene=base__seed_101__v_p12__snr_p35|seed=101|velocity=12.0|snr=35.0|working_point=base,-2,false_clusters,A1_to_A2,1,1
off,scene=base__seed_101__v_p12__snr_p35|seed=101|velocity=12.0|snr=35.0|working_point=base,-2,false_clusters,A1_to_A3,1,1
off,scene=base__seed_101__v_p12__snr_p35|seed=101|velocity=12.0|snr=35.0|working_point=base,4,false_clusters,A1_to_A2,1,1
off,scene=base__seed_101__v_p12__snr_p35|seed=101|velocity=12.0|snr=35.0|working_point=base,4,false_clusters,A1_to_A3,1,1
off,scene=base__seed_101__v_p12__snr_p35|seed=101|velocity=12.0|snr=35.0|working_point=base,-4,false_clusters,A1_to_A2,1,1
off,scene=base__seed_101__v_p12__snr_p35|seed=101|velocity=12.0|snr=35.0|working_point=base,-4,false_clusters,A1_to_A3,1,1
off,scene=base__seed_101__v_p12__snr_p35|seed=101|velocity=12.0|snr=35.0|working_point=base,8,false_clusters,A1_to_A2,1,1
off,scene=base__seed_101__v_p12__snr_p35|seed=101|velocity=12.0|snr=35.0|working_point=base,8,false_clusters,A1_to_A3,1,1
off,scene=base__seed_101__v_p12__snr_p35|seed=101|velocity=12.0|snr=35.0|working_point=base,-8,false_clusters,A1_to_A2,1,1
off,scene=base__seed_101__v_p12__snr_p35|seed=101|velocity=12.0|snr=35.0|working_point=base,-8,false_clusters,A1_to_A3,1,1
off,scene=base__seed_202__v_p6d7__snr_p30|seed=202|velocity=6.7|snr=30.0|working_point=base,0,false_clusters,A1_to_A2,1,1
off,scene=base__seed_202__v_p6d7__snr_p30|seed=202|velocity=6.7|snr=30.0|working_point=base,0,false_clusters,A1_to_A3,1,1
off,scene=base__seed_202__v_p6d7__snr_p30|seed=202|velocity=6.7|snr=30.0|working_point=base,1,false_clusters,A1_to_A2,1,1
off,scene=base__seed_202__v_p6d7__snr_p30|seed=202|velocity=6.7|snr=30.0|working_point=base,1,false_clusters,A1_to_A3,1,1
off,scene=base__seed_202__v_p6d7__snr_p30|seed=202|velocity=6.7|snr=30.0|working_point=base,-1,false_clusters,A1_to_A2,1,1
off,scene=base__seed_202__v_p6d7__snr_p30|seed=202|velocity=6.7|snr=30.0|working_point=base,-1,false_clusters,A1_to_A3,1,1
off,scene=base__seed_202__v_p6d7__snr_p30|seed=202|velocity=6.7|snr=30.0|working_point=base,2,false_clusters,A1_to_A2,1,1
off,scene=base__seed_202__v_p6d7__snr_p30|seed=202|velocity=6.7|snr=30.0|working_point=base,2,false_clusters,A1_to_A3,1,1
off,scene=base__seed_202__v_p6d7__snr_p30|seed=202|velocity=6.7|snr=30.0|working_point=base,-2,false_clusters,A1_to_A2,1,1
off,scene=base__seed_202__v_p6d7__snr_p30|seed=202|velocity=6.7|snr=30.0|working_point=base,-2,false_clusters,A1_to_A3,1,1
off,scene=base__seed_202__v_p6d7__snr_p30|seed=202|velocity=6.7|snr=30.0|working_point=base,4,false_clusters,A1_to_A2,1,1
off,scene=base__seed_202__v_p6d7__snr_p30|seed=202|velocity=6.7|snr=30.0|working_point=base,4,false_clusters,A1_to_A3,1,1
off,scene=base__seed_202__v_p6d7__snr_p30|seed=202|velocity=6.7|snr=30.0|working_point=base,-4,false_clusters,A1_to_A2,1,1
off,scene=base__seed_202__v_p6d7__snr_p30|seed=202|velocity=6.7|snr=30.0|working_point=base,-4,false_clusters,A1_to_A3,1,1
off,scene=base__seed_202__v_p6d7__snr_p30|seed=202|velocity=6.7|snr=30.0|working_point=base,8,false_clusters,A1_to_A2,1,1
off,scene=base__seed_202__v_p6d7__snr_p30|seed=202|velocity=6.7|snr=30.0|working_point=base,8,false_clusters,A1_to_A3,1,1
off,scene=base__seed_202__v_p6d7__snr_p30|seed=202|velocity=6.7|snr=30.0|working_point=base,-8,false_clusters,A1_to_A2,1,1
off,scene=base__seed_202__v_p6d7__snr_p30|seed=202|velocity=6.7|snr=30.0|working_point=base,-8,false_clusters,A1_to_A3,1,1
off,scene=base__seed_202__v_p6d7__snr_p35|seed=202|velocity=6.7|snr=35.0|working_point=base,0,false_clusters,A1_to_A2,1,1
off,scene=base__seed_202__v_p6d7__snr_p35|seed=202|velocity=6.7|snr=35.0|working_point=base,0,false_clusters,A1_to_A3,1,1
off,scene=base__seed_202__v_p6d7__snr_p35|seed=202|velocity=6.7|snr=35.0|working_point=base,1,false_clusters,A1_to_A2,1,1
off,scene=base__seed_202__v_p6d7__snr_p35|seed=202|velocity=6.7|snr=35.0|working_point=base,1,false_clusters,A1_to_A3,1,1
off,scene=base__seed_202__v_p6d7__snr_p35|seed=202|velocity=6.7|snr=35.0|working_point=base,-1,false_clusters,A1_to_A2,1,1
off,scene=base__seed_202__v_p6d7__snr_p35|seed=202|velocity=6.7|snr=35.0|working_point=base,-1,false_clusters,A1_to_A3,1,1
off,scene=base__seed_202__v_p6d7__snr_p35|seed=202|velocity=6.7|snr=35.0|working_point=base,2,false_clusters,A1_to_A2,1,1
off,scene=base__seed_202__v_p6d7__snr_p35|seed=202|velocity=6.7|snr=35.0|working_point=base,2,false_clusters,A1_to_A3,1,1
off,scene=base__seed_202__v_p6d7__snr_p35|seed=202|velocity=6.7|snr=35.0|working_point=base,-2,false_clusters,A1_to_A2,1,1
off,scene=base__seed_202__v_p6d7__snr_p35|seed=202|velocity=6.7|snr=35.0|working_point=base,-2,false_clusters,A1_to_A3,1,1
off,scene=base__seed_202__v_p6d7__snr_p35|seed=202|velocity=6.7|snr=35.0|working_point=base,4,false_clusters,A1_to_A2,1,1
off,scene=base__seed_202__v_p6d7__snr_p35|seed=202|velocity=6.7|snr=35.0|working_point=base,4,false_clusters,A1_to_A3,1,1
off,scene=base__seed_202__v_p6d7__snr_p35|seed=202|velocity=6.7|snr=35.0|working_point=base,-4,false_clusters,A1_to_A2,1,1
off,scene=base__seed_202__v_p6d7__snr_p35|seed=202|velocity=6.7|snr=35.0|working_point=base,-4,false_clusters,A1_to_A3,1,1
off,scene=base__seed_202__v_p6d7__snr_p35|seed=202|velocity=6.7|snr=35.0|working_point=base,8,false_clusters,A1_to_A2,1,1
off,scene=base__seed_202__v_p6d7__snr_p35|seed=202|velocity=6.7|snr=35.0|working_point=base,8,false_clusters,A1_to_A3,1,1
off,scene=base__seed_202__v_p6d7__snr_p35|seed=202|velocity=6.7|snr=35.0|working_point=base,-8,false_clusters,A1_to_A2,1,1
off,scene=base__seed_202__v_p6d7__snr_p35|seed=202|velocity=6.7|snr=35.0|working_point=base,-8,false_clusters,A1_to_A3,1,1
off,scene=base__seed_202__v_p12__snr_p30|seed=202|velocity=12.0|snr=30.0|working_point=base,0,false_clusters,A1_to_A2,1,1
off,scene=base__seed_202__v_p12__snr_p30|seed=202|velocity=12.0|snr=30.0|working_point=base,0,false_clusters,A1_to_A3,1,1
off,scene=base__seed_202__v_p12__snr_p30|seed=202|velocity=12.0|snr=30.0|working_point=base,1,false_clusters,A1_to_A2,1,1
off,scene=base__seed_202__v_p12__snr_p30|seed=202|velocity=12.0|snr=30.0|working_point=base,1,false_clusters,A1_to_A3,1,1
off,scene=base__seed_202__v_p12__snr_p30|seed=202|velocity=12.0|snr=30.0|working_point=base,-1,false_clusters,A1_to_A2,1,1
off,scene=base__seed_202__v_p12__snr_p30|seed=202|velocity=12.0|snr=30.0|working_point=base,-1,false_clusters,A1_to_A3,1,1
off,scene=base__seed_202__v_p12__snr_p30|seed=202|velocity=12.0|snr=30.0|working_point=base,2,false_clusters,A1_to_A2,1,1
off,scene=base__seed_202__v_p12__snr_p30|seed=202|velocity=12.0|snr=30.0|working_point=base,2,false_clusters,A1_to_A3,1,1
off,scene=base__seed_202__v_p12__snr_p30|seed=202|velocity=12.0|snr=30.0|working_point=base,-2,false_clusters,A1_to_A2,1,1
off,scene=base__seed_202__v_p12__snr_p30|seed=202|velocity=12.0|snr=30.0|working_point=base,-2,false_clusters,A1_to_A3,1,1
off,scene=base__seed_202__v_p12__snr_p30|seed=202|velocity=12.0|snr=30.0|working_point=base,4,false_clusters,A1_to_A2,1,1
off,scene=base__seed_202__v_p12__snr_p30|seed=202|velocity=12.0|snr=30.0|working_point=base,4,false_clusters,A1_to_A3,1,1
off,scene=base__seed_202__v_p12__snr_p30|seed=202|velocity=12.0|snr=30.0|working_point=base,-4,false_clusters,A1_to_A2,1,1
off,scene=base__seed_202__v_p12__snr_p30|seed=202|velocity=12.0|snr=30.0|working_point=base,-4,false_clusters,A1_to_A3,1,1
off,scene=base__seed_202__v_p12__snr_p30|seed=202|velocity=12.0|snr=30.0|working_point=base,8,false_clusters,A1_to_A2,1,1
off,scene=base__seed_202__v_p12__snr_p30|seed=202|velocity=12.0|snr=30.0|working_point=base,8,false_clusters,A1_to_A3,1,1
off,scene=base__seed_202__v_p12__snr_p30|seed=202|velocity=12.0|snr=30.0|working_point=base,-8,false_clusters,A1_to_A2,1,1
off,scene=base__seed_202__v_p12__snr_p30|seed=202|velocity=12.0|snr=30.0|working_point=base,-8,false_clusters,A1_to_A3,1,1
off,scene=base__seed_202__v_p12__snr_p35|seed=202|velocity=12.0|snr=35.0|working_point=base,0,false_clusters,A1_to_A2,1,1
off,scene=base__seed_202__v_p12__snr_p35|seed=202|velocity=12.0|snr=35.0|working_point=base,0,false_clusters,A1_to_A3,1,1
off,scene=base__seed_202__v_p12__snr_p35|seed=202|velocity=12.0|snr=35.0|working_point=base,1,false_clusters,A1_to_A2,1,1
off,scene=base__seed_202__v_p12__snr_p35|seed=202|velocity=12.0|snr=35.0|working_point=base,1,false_clusters,A1_to_A3,1,1
off,scene=base__seed_202__v_p12__snr_p35|seed=202|velocity=12.0|snr=35.0|working_point=base,-1,false_clusters,A1_to_A2,1,1
off,scene=base__seed_202__v_p12__snr_p35|seed=202|velocity=12.0|snr=35.0|working_point=base,-1,false_clusters,A1_to_A3,1,1
off,scene=base__seed_202__v_p12__snr_p35|seed=202|velocity=12.0|snr=35.0|working_point=base,2,false_clusters,A1_to_A2,1,1
off,scene=base__seed_202__v_p12__snr_p35|seed=202|velocity=12.0|snr=35.0|working_point=base,2,false_clusters,A1_to_A3,1,1
off,scene=base__seed_202__v_p12__snr_p35|seed=202|velocity=12.0|snr=35.0|working_point=base,-2,false_clusters,A1_to_A2,1,1
off,scene=base__seed_202__v_p12__snr_p35|seed=202|velocity=12.0|snr=35.0|working_point=base,-2,false_clusters,A1_to_A3,1,1
off,scene=base__seed_202__v_p12__snr_p35|seed=202|velocity=12.0|snr=35.0|working_point=base,4,false_clusters,A1_to_A2,1,1
off,scene=base__seed_202__v_p12__snr_p35|seed=202|velocity=12.0|snr=35.0|working_point=base,4,false_clusters,A1_to_A3,1,1
off,scene=base__seed_202__v_p12__snr_p35|seed=202|velocity=12.0|snr=35.0|working_point=base,-4,false_clusters,A1_to_A2,1,1
off,scene=base__seed_202__v_p12__snr_p35|seed=202|velocity=12.0|snr=35.0|working_point=base,-4,false_clusters,A1_to_A3,1,1
off,scene=base__seed_202__v_p12__snr_p35|seed=202|velocity=12.0|snr=35.0|working_point=base,8,false_clusters,A1_to_A2,1,1
off,scene=base__seed_202__v_p12__snr_p35|seed=202|velocity=12.0|snr=35.0|working_point=base,8,false_clusters,A1_to_A3,1,1
off,scene=base__seed_202__v_p12__snr_p35|seed=202|velocity=12.0|snr=35.0|working_point=base,-8,false_clusters,A1_to_A2,1,1
off,scene=base__seed_202__v_p12__snr_p35|seed=202|velocity=12.0|snr=35.0|working_point=base,-8,false_clusters,A1_to_A3,1,1
off,scene=base__seed_303__v_p6d7__snr_p30|seed=303|velocity=6.7|snr=30.0|working_point=base,0,false_clusters,A1_to_A2,1,1
off,scene=base__seed_303__v_p6d7__snr_p30|seed=303|velocity=6.7|snr=30.0|working_point=base,0,false_clusters,A1_to_A3,1,1
off,scene=base__seed_303__v_p6d7__snr_p30|seed=303|velocity=6.7|snr=30.0|working_point=base,1,false_clusters,A1_to_A2,1,1
off,scene=base__seed_303__v_p6d7__snr_p30|seed=303|velocity=6.7|snr=30.0|working_point=base,1,false_clusters,A1_to_A3,1,1
off,scene=base__seed_303__v_p6d7__snr_p30|seed=303|velocity=6.7|snr=30.0|working_point=base,-1,false_clusters,A1_to_A2,1,1
off,scene=base__seed_303__v_p6d7__snr_p30|seed=303|velocity=6.7|snr=30.0|working_point=base,-1,false_clusters,A1_to_A3,1,1
off,scene=base__seed_303__v_p6d7__snr_p30|seed=303|velocity=6.7|snr=30.0|working_point=base,2,false_clusters,A1_to_A2,1,1
off,scene=base__seed_303__v_p6d7__snr_p30|seed=303|velocity=6.7|snr=30.0|working_point=base,2,false_clusters,A1_to_A3,1,1
off,scene=base__seed_303__v_p6d7__snr_p30|seed=303|velocity=6.7|snr=30.0|working_point=base,-2,false_clusters,A1_to_A2,1,1
off,scene=base__seed_303__v_p6d7__snr_p30|seed=303|velocity=6.7|snr=30.0|working_point=base,-2,false_clusters,A1_to_A3,1,1
off,scene=base__seed_303__v_p6d7__snr_p30|seed=303|velocity=6.7|snr=30.0|working_point=base,4,false_clusters,A1_to_A2,1,1
off,scene=base__seed_303__v_p6d7__snr_p30|seed=303|velocity=6.7|snr=30.0|working_point=base,4,false_clusters,A1_to_A3,1,1
off,scene=base__seed_303__v_p6d7__snr_p30|seed=303|velocity=6.7|snr=30.0|working_point=base,-4,false_clusters,A1_to_A2,1,1
off,scene=base__seed_303__v_p6d7__snr_p30|seed=303|velocity=6.7|snr=30.0|working_point=base,-4,false_clusters,A1_to_A3,1,1
off,scene=base__seed_303__v_p6d7__snr_p30|seed=303|velocity=6.7|snr=30.0|working_point=base,8,false_clusters,A1_to_A2,1,1
off,scene=base__seed_303__v_p6d7__snr_p30|seed=303|velocity=6.7|snr=30.0|working_point=base,8,false_clusters,A1_to_A3,1,1
off,scene=base__seed_303__v_p6d7__snr_p30|seed=303|velocity=6.7|snr=30.0|working_point=base,-8,false_clusters,A1_to_A2,1,1
off,scene=base__seed_303__v_p6d7__snr_p30|seed=303|velocity=6.7|snr=30.0|working_point=base,-8,false_clusters,A1_to_A3,1,1
off,scene=base__seed_303__v_p6d7__snr_p35|seed=303|velocity=6.7|snr=35.0|working_point=base,0,false_clusters,A1_to_A2,1,1
off,scene=base__seed_303__v_p6d7__snr_p35|seed=303|velocity=6.7|snr=35.0|working_point=base,0,false_clusters,A1_to_A3,1,1
off,scene=base__seed_303__v_p6d7__snr_p35|seed=303|velocity=6.7|snr=35.0|working_point=base,1,false_clusters,A1_to_A2,1,1
off,scene=base__seed_303__v_p6d7__snr_p35|seed=303|velocity=6.7|snr=35.0|working_point=base,1,false_clusters,A1_to_A3,1,1
off,scene=base__seed_303__v_p6d7__snr_p35|seed=303|velocity=6.7|snr=35.0|working_point=base,-1,false_clusters,A1_to_A2,1,1
off,scene=base__seed_303__v_p6d7__snr_p35|seed=303|velocity=6.7|snr=35.0|working_point=base,-1,false_clusters,A1_to_A3,1,1
off,scene=base__seed_303__v_p6d7__snr_p35|seed=303|velocity=6.7|snr=35.0|working_point=base,2,false_clusters,A1_to_A2,1,1
off,scene=base__seed_303__v_p6d7__snr_p35|seed=303|velocity=6.7|snr=35.0|working_point=base,2,false_clusters,A1_to_A3,1,1
off,scene=base__seed_303__v_p6d7__snr_p35|seed=303|velocity=6.7|snr=35.0|working_point=base,-2,false_clusters,A1_to_A2,1,1
off,scene=base__seed_303__v_p6d7__snr_p35|seed=303|velocity=6.7|snr=35.0|working_point=base,-2,false_clusters,A1_to_A3,1,1
off,scene=base__seed_303__v_p6d7__snr_p35|seed=303|velocity=6.7|snr=35.0|working_point=base,4,false_clusters,A1_to_A2,1,1
off,scene=base__seed_303__v_p6d7__snr_p35|seed=303|velocity=6.7|snr=35.0|working_point=base,4,false_clusters,A1_to_A3,1,1
off,scene=base__seed_303__v_p6d7__snr_p35|seed=303|velocity=6.7|snr=35.0|working_point=base,-4,false_clusters,A1_to_A2,1,1
off,scene=base__seed_303__v_p6d7__snr_p35|seed=303|velocity=6.7|snr=35.0|working_point=base,-4,false_clusters,A1_to_A3,1,1
off,scene=base__seed_303__v_p6d7__snr_p35|seed=303|velocity=6.7|snr=35.0|working_point=base,8,false_clusters,A1_to_A2,1,1
off,scene=base__seed_303__v_p6d7__snr_p35|seed=303|velocity=6.7|snr=35.0|working_point=base,8,false_clusters,A1_to_A3,1,1
off,scene=base__seed_303__v_p6d7__snr_p35|seed=303|velocity=6.7|snr=35.0|working_point=base,-8,false_clusters,A1_to_A2,1,1
off,scene=base__seed_303__v_p6d7__snr_p35|seed=303|velocity=6.7|snr=35.0|working_point=base,-8,false_clusters,A1_to_A3,1,1
off,scene=base__seed_303__v_p12__snr_p30|seed=303|velocity=12.0|snr=30.0|working_point=base,0,false_clusters,A1_to_A2,1,1
off,scene=base__seed_303__v_p12__snr_p30|seed=303|velocity=12.0|snr=30.0|working_point=base,0,false_clusters,A1_to_A3,1,1
off,scene=base__seed_303__v_p12__snr_p30|seed=303|velocity=12.0|snr=30.0|working_point=base,1,false_clusters,A1_to_A2,1,1
off,scene=base__seed_303__v_p12__snr_p30|seed=303|velocity=12.0|snr=30.0|working_point=base,1,false_clusters,A1_to_A3,1,1
off,scene=base__seed_303__v_p12__snr_p30|seed=303|velocity=12.0|snr=30.0|working_point=base,-1,false_clusters,A1_to_A2,1,1
off,scene=base__seed_303__v_p12__snr_p30|seed=303|velocity=12.0|snr=30.0|working_point=base,-1,false_clusters,A1_to_A3,1,1
off,scene=base__seed_303__v_p12__snr_p30|seed=303|velocity=12.0|snr=30.0|working_point=base,2,false_clusters,A1_to_A2,1,1
off,scene=base__seed_303__v_p12__snr_p30|seed=303|velocity=12.0|snr=30.0|working_point=base,2,false_clusters,A1_to_A3,1,1
off,scene=base__seed_303__v_p12__snr_p30|seed=303|velocity=12.0|snr=30.0|working_point=base,-2,false_clusters,A1_to_A2,1,1
off,scene=base__seed_303__v_p12__snr_p30|seed=303|velocity=12.0|snr=30.0|working_point=base,-2,false_clusters,A1_to_A3,1,1
off,scene=base__seed_303__v_p12__snr_p30|seed=303|velocity=12.0|snr=30.0|working_point=base,4,false_clusters,A1_to_A2,1,1
off,scene=base__seed_303__v_p12__snr_p30|seed=303|velocity=12.0|snr=30.0|working_point=base,4,false_clusters,A1_to_A3,1,1
off,scene=base__seed_303__v_p12__snr_p30|seed=303|velocity=12.0|snr=30.0|working_point=base,-4,false_clusters,A1_to_A2,1,1
off,scene=base__seed_303__v_p12__snr_p30|seed=303|velocity=12.0|snr=30.0|working_point=base,-4,false_clusters,A1_to_A3,1,1
off,scene=base__seed_303__v_p12__snr_p30|seed=303|velocity=12.0|snr=30.0|working_point=base,8,false_clusters,A1_to_A2,1,1
off,scene=base__seed_303__v_p12__snr_p30|seed=303|velocity=12.0|snr=30.0|working_point=base,8,false_clusters,A1_to_A3,1,1
off,scene=base__seed_303__v_p12__snr_p30|seed=303|velocity=12.0|snr=30.0|working_point=base,-8,false_clusters,A1_to_A2,1,1
off,scene=base__seed_303__v_p12__snr_p30|seed=303|velocity=12.0|snr=30.0|working_point=base,-8,false_clusters,A1_to_A3,1,1
off,scene=base__seed_303__v_p12__snr_p35|seed=303|velocity=12.0|snr=35.0|working_point=base,0,false_clusters,A1_to_A2,1,1
off,scene=base__seed_303__v_p12__snr_p35|seed=303|velocity=12.0|snr=35.0|working_point=base,0,false_clusters,A1_to_A3,1,1
off,scene=base__seed_303__v_p12__snr_p35|seed=303|velocity=12.0|snr=35.0|working_point=base,1,false_clusters,A1_to_A2,1,1
off,scene=base__seed_303__v_p12__snr_p35|seed=303|velocity=12.0|snr=35.0|working_point=base,1,false_clusters,A1_to_A3,1,1
off,scene=base__seed_303__v_p12__snr_p35|seed=303|velocity=12.0|snr=35.0|working_point=base,-1,false_clusters,A1_to_A2,1,1
off,scene=base__seed_303__v_p12__snr_p35|seed=303|velocity=12.0|snr=35.0|working_point=base,-1,false_clusters,A1_to_A3,1,1
off,scene=base__seed_303__v_p12__snr_p35|seed=303|velocity=12.0|snr=35.0|working_point=base,2,false_clusters,A1_to_A2,1,1
off,scene=base__seed_303__v_p12__snr_p35|seed=303|velocity=12.0|snr=35.0|working_point=base,2,false_clusters,A1_to_A3,1,1
off,scene=base__seed_303__v_p12__snr_p35|seed=303|velocity=12.0|snr=35.0|working_point=base,-2,false_clusters,A1_to_A2,1,1
off,scene=base__seed_303__v_p12__snr_p35|seed=303|velocity=12.0|snr=35.0|working_point=base,-2,false_clusters,A1_to_A3,1,1
off,scene=base__seed_303__v_p12__snr_p35|seed=303|velocity=12.0|snr=35.0|working_point=base,4,false_clusters,A1_to_A2,1,1
off,scene=base__seed_303__v_p12__snr_p35|seed=303|velocity=12.0|snr=35.0|working_point=base,4,false_clusters,A1_to_A3,1,1
off,scene=base__seed_303__v_p12__snr_p35|seed=303|velocity=12.0|snr=35.0|working_point=base,-4,false_clusters,A1_to_A2,1,1
off,scene=base__seed_303__v_p12__snr_p35|seed=303|velocity=12.0|snr=35.0|working_point=base,-4,false_clusters,A1_to_A3,1,1
off,scene=base__seed_303__v_p12__snr_p35|seed=303|velocity=12.0|snr=35.0|working_point=base,8,false_clusters,A1_to_A2,1,1
off,scene=base__seed_303__v_p12__snr_p35|seed=303|velocity=12.0|snr=35.0|working_point=base,8,false_clusters,A1_to_A3,1,1
off,scene=base__seed_303__v_p12__snr_p35|seed=303|velocity=12.0|snr=35.0|working_point=base,-8,false_clusters,A1_to_A2,1,1
off,scene=base__seed_303__v_p12__snr_p35|seed=303|velocity=12.0|snr=35.0|working_point=base,-8,false_clusters,A1_to_A3,1,1
off,scene=low_snr__seed_101__v_p6d7__snr_p20|seed=101|velocity=6.7|snr=20.0|working_point=low_snr,0,false_clusters,A1_to_A2,1,1
off,scene=low_snr__seed_101__v_p6d7__snr_p20|seed=101|velocity=6.7|snr=20.0|working_point=low_snr,0,false_clusters,A1_to_A3,1,1
off,scene=low_snr__seed_101__v_p6d7__snr_p20|seed=101|velocity=6.7|snr=20.0|working_point=low_snr,1,false_clusters,A1_to_A2,1,1
off,scene=low_snr__seed_101__v_p6d7__snr_p20|seed=101|velocity=6.7|snr=20.0|working_point=low_snr,1,false_clusters,A1_to_A3,1,1
off,scene=low_snr__seed_101__v_p6d7__snr_p20|seed=101|velocity=6.7|snr=20.0|working_point=low_snr,-1,false_clusters,A1_to_A2,1,1
off,scene=low_snr__seed_101__v_p6d7__snr_p20|seed=101|velocity=6.7|snr=20.0|working_point=low_snr,-1,false_clusters,A1_to_A3,1,1
off,scene=low_snr__seed_101__v_p6d7__snr_p20|seed=101|velocity=6.7|snr=20.0|working_point=low_snr,2,false_clusters,A1_to_A2,1,1
off,scene=low_snr__seed_101__v_p6d7__snr_p20|seed=101|velocity=6.7|snr=20.0|working_point=low_snr,2,false_clusters,A1_to_A3,1,1
off,scene=low_snr__seed_101__v_p6d7__snr_p20|seed=101|velocity=6.7|snr=20.0|working_point=low_snr,-2,false_clusters,A1_to_A2,1,1
off,scene=low_snr__seed_101__v_p6d7__snr_p20|seed=101|velocity=6.7|snr=20.0|working_point=low_snr,-2,false_clusters,A1_to_A3,1,1
off,scene=low_snr__seed_101__v_p6d7__snr_p20|seed=101|velocity=6.7|snr=20.0|working_point=low_snr,4,false_clusters,A1_to_A2,1,1
off,scene=low_snr__seed_101__v_p6d7__snr_p20|seed=101|velocity=6.7|snr=20.0|working_point=low_snr,4,false_clusters,A1_to_A3,1,1
off,scene=low_snr__seed_101__v_p6d7__snr_p20|seed=101|velocity=6.7|snr=20.0|working_point=low_snr,-4,false_clusters,A1_to_A2,1,1
off,scene=low_snr__seed_101__v_p6d7__snr_p20|seed=101|velocity=6.7|snr=20.0|working_point=low_snr,-4,false_clusters,A1_to_A3,1,1
off,scene=low_snr__seed_101__v_p6d7__snr_p20|seed=101|velocity=6.7|snr=20.0|working_point=low_snr,8,false_clusters,A1_to_A2,1,1
off,scene=low_snr__seed_101__v_p6d7__snr_p20|seed=101|velocity=6.7|snr=20.0|working_point=low_snr,8,false_clusters,A1_to_A3,1,1
off,scene=low_snr__seed_101__v_p6d7__snr_p20|seed=101|velocity=6.7|snr=20.0|working_point=low_snr,-8,false_clusters,A1_to_A2,1,1
off,scene=low_snr__seed_101__v_p6d7__snr_p20|seed=101|velocity=6.7|snr=20.0|working_point=low_snr,-8,false_clusters,A1_to_A3,1,1
off,scene=high_velocity__seed_101__v_p12__snr_p30|seed=101|velocity=12.0|snr=30.0|working_point=high_velocity,0,false_clusters,A1_to_A2,1,1
off,scene=high_velocity__seed_101__v_p12__snr_p30|seed=101|velocity=12.0|snr=30.0|working_point=high_velocity,0,false_clusters,A1_to_A3,1,1
off,scene=high_velocity__seed_101__v_p12__snr_p30|seed=101|velocity=12.0|snr=30.0|working_point=high_velocity,1,false_clusters,A1_to_A2,1,1
off,scene=high_velocity__seed_101__v_p12__snr_p30|seed=101|velocity=12.0|snr=30.0|working_point=high_velocity,1,false_clusters,A1_to_A3,1,1
off,scene=high_velocity__seed_101__v_p12__snr_p30|seed=101|velocity=12.0|snr=30.0|working_point=high_velocity,-1,false_clusters,A1_to_A2,1,1
off,scene=high_velocity__seed_101__v_p12__snr_p30|seed=101|velocity=12.0|snr=30.0|working_point=high_velocity,-1,false_clusters,A1_to_A3,1,1
off,scene=high_velocity__seed_101__v_p12__snr_p30|seed=101|velocity=12.0|snr=30.0|working_point=high_velocity,2,false_clusters,A1_to_A2,1,1
off,scene=high_velocity__seed_101__v_p12__snr_p30|seed=101|velocity=12.0|snr=30.0|working_point=high_velocity,2,false_clusters,A1_to_A3,1,1
off,scene=high_velocity__seed_101__v_p12__snr_p30|seed=101|velocity=12.0|snr=30.0|working_point=high_velocity,-2,false_clusters,A1_to_A2,1,1
off,scene=high_velocity__seed_101__v_p12__snr_p30|seed=101|velocity=12.0|snr=30.0|working_point=high_velocity,-2,false_clusters,A1_to_A3,1,1
off,scene=high_velocity__seed_101__v_p12__snr_p30|seed=101|velocity=12.0|snr=30.0|working_point=high_velocity,4,false_clusters,A1_to_A2,1,1
off,scene=high_velocity__seed_101__v_p12__snr_p30|seed=101|velocity=12.0|snr=30.0|working_point=high_velocity,4,false_clusters,A1_to_A3,1,1
off,scene=high_velocity__seed_101__v_p12__snr_p30|seed=101|velocity=12.0|snr=30.0|working_point=high_velocity,-4,false_clusters,A1_to_A2,1,1
off,scene=high_velocity__seed_101__v_p12__snr_p30|seed=101|velocity=12.0|snr=30.0|working_point=high_velocity,-4,false_clusters,A1_to_A3,1,1
off,scene=high_velocity__seed_101__v_p12__snr_p30|seed=101|velocity=12.0|snr=30.0|working_point=high_velocity,8,false_clusters,A1_to_A2,1,1
off,scene=high_velocity__seed_101__v_p12__snr_p30|seed=101|velocity=12.0|snr=30.0|working_point=high_velocity,8,false_clusters,A1_to_A3,1,1
off,scene=high_velocity__seed_101__v_p12__snr_p30|seed=101|velocity=12.0|snr=30.0|working_point=high_velocity,-8,false_clusters,A1_to_A2,1,1
off,scene=high_velocity__seed_101__v_p12__snr_p30|seed=101|velocity=12.0|snr=30.0|working_point=high_velocity,-8,false_clusters,A1_to_A3,1,1
off,scene=alternate_texture_geometry__seed_101__v_p6d7__snr_p30|seed=101|velocity=6.7|snr=30.0|working_point=alternate_texture_geometry,0,false_clusters,A1_to_A2,1,1
off,scene=alternate_texture_geometry__seed_101__v_p6d7__snr_p30|seed=101|velocity=6.7|snr=30.0|working_point=alternate_texture_geometry,0,false_clusters,A1_to_A3,1,1
off,scene=alternate_texture_geometry__seed_101__v_p6d7__snr_p30|seed=101|velocity=6.7|snr=30.0|working_point=alternate_texture_geometry,1,false_clusters,A1_to_A2,1,1
off,scene=alternate_texture_geometry__seed_101__v_p6d7__snr_p30|seed=101|velocity=6.7|snr=30.0|working_point=alternate_texture_geometry,1,false_clusters,A1_to_A3,1,1
off,scene=alternate_texture_geometry__seed_101__v_p6d7__snr_p30|seed=101|velocity=6.7|snr=30.0|working_point=alternate_texture_geometry,-1,false_clusters,A1_to_A2,1,1
off,scene=alternate_texture_geometry__seed_101__v_p6d7__snr_p30|seed=101|velocity=6.7|snr=30.0|working_point=alternate_texture_geometry,-1,false_clusters,A1_to_A3,1,1
off,scene=alternate_texture_geometry__seed_101__v_p6d7__snr_p30|seed=101|velocity=6.7|snr=30.0|working_point=alternate_texture_geometry,2,false_clusters,A1_to_A2,1,1
off,scene=alternate_texture_geometry__seed_101__v_p6d7__snr_p30|seed=101|velocity=6.7|snr=30.0|working_point=alternate_texture_geometry,2,false_clusters,A1_to_A3,1,1
off,scene=alternate_texture_geometry__seed_101__v_p6d7__snr_p30|seed=101|velocity=6.7|snr=30.0|working_point=alternate_texture_geometry,-2,false_clusters,A1_to_A2,1,1
off,scene=alternate_texture_geometry__seed_101__v_p6d7__snr_p30|seed=101|velocity=6.7|snr=30.0|working_point=alternate_texture_geometry,-2,false_clusters,A1_to_A3,1,1
off,scene=alternate_texture_geometry__seed_101__v_p6d7__snr_p30|seed=101|velocity=6.7|snr=30.0|working_point=alternate_texture_geometry,4,false_clusters,A1_to_A2,1,1
off,scene=alternate_texture_geometry__seed_101__v_p6d7__snr_p30|seed=101|velocity=6.7|snr=30.0|working_point=alternate_texture_geometry,4,false_clusters,A1_to_A3,1,1
off,scene=alternate_texture_geometry__seed_101__v_p6d7__snr_p30|seed=101|velocity=6.7|snr=30.0|working_point=alternate_texture_geometry,-4,false_clusters,A1_to_A2,1,1
off,scene=alternate_texture_geometry__seed_101__v_p6d7__snr_p30|seed=101|velocity=6.7|snr=30.0|working_point=alternate_texture_geometry,-4,false_clusters,A1_to_A3,1,1
off,scene=alternate_texture_geometry__seed_101__v_p6d7__snr_p30|seed=101|velocity=6.7|snr=30.0|working_point=alternate_texture_geometry,8,false_clusters,A1_to_A2,1,1
off,scene=alternate_texture_geometry__seed_101__v_p6d7__snr_p30|seed=101|velocity=6.7|snr=30.0|working_point=alternate_texture_geometry,8,false_clusters,A1_to_A3,1,1
off,scene=alternate_texture_geometry__seed_101__v_p6d7__snr_p30|seed=101|velocity=6.7|snr=30.0|working_point=alternate_texture_geometry,-8,false_clusters,A1_to_A2,1,1
off,scene=alternate_texture_geometry__seed_101__v_p6d7__snr_p30|seed=101|velocity=6.7|snr=30.0|working_point=alternate_texture_geometry,-8,false_clusters,A1_to_A3,1,1
off,scene=base__seed_101__v_p6d7__snr_p30|seed=101|velocity=6.7|snr=30.0|working_point=base,0,false_tracks,A1_to_A2,1,1
off,scene=base__seed_101__v_p6d7__snr_p30|seed=101|velocity=6.7|snr=30.0|working_point=base,0,false_tracks,A1_to_A3,1,1
off,scene=base__seed_101__v_p6d7__snr_p30|seed=101|velocity=6.7|snr=30.0|working_point=base,1,false_tracks,A1_to_A2,1,1
off,scene=base__seed_101__v_p6d7__snr_p30|seed=101|velocity=6.7|snr=30.0|working_point=base,1,false_tracks,A1_to_A3,1,1
off,scene=base__seed_101__v_p6d7__snr_p30|seed=101|velocity=6.7|snr=30.0|working_point=base,-1,false_tracks,A1_to_A2,1,1
off,scene=base__seed_101__v_p6d7__snr_p30|seed=101|velocity=6.7|snr=30.0|working_point=base,-1,false_tracks,A1_to_A3,1,1
off,scene=base__seed_101__v_p6d7__snr_p30|seed=101|velocity=6.7|snr=30.0|working_point=base,2,false_tracks,A1_to_A2,1,1
off,scene=base__seed_101__v_p6d7__snr_p30|seed=101|velocity=6.7|snr=30.0|working_point=base,2,false_tracks,A1_to_A3,1,1
off,scene=base__seed_101__v_p6d7__snr_p30|seed=101|velocity=6.7|snr=30.0|working_point=base,-2,false_tracks,A1_to_A2,1,1
off,scene=base__seed_101__v_p6d7__snr_p30|seed=101|velocity=6.7|snr=30.0|working_point=base,-2,false_tracks,A1_to_A3,1,1
off,scene=base__seed_101__v_p6d7__snr_p30|seed=101|velocity=6.7|snr=30.0|working_point=base,4,false_tracks,A1_to_A2,1,1
off,scene=base__seed_101__v_p6d7__snr_p30|seed=101|velocity=6.7|snr=30.0|working_point=base,4,false_tracks,A1_to_A3,1,1
off,scene=base__seed_101__v_p6d7__snr_p30|seed=101|velocity=6.7|snr=30.0|working_point=base,-4,false_tracks,A1_to_A2,1,1
off,scene=base__seed_101__v_p6d7__snr_p30|seed=101|velocity=6.7|snr=30.0|working_point=base,-4,false_tracks,A1_to_A3,1,1
off,scene=base__seed_101__v_p6d7__snr_p30|seed=101|velocity=6.7|snr=30.0|working_point=base,8,false_tracks,A1_to_A2,1,1
off,scene=base__seed_101__v_p6d7__snr_p30|seed=101|velocity=6.7|snr=30.0|working_point=base,8,false_tracks,A1_to_A3,1,1
off,scene=base__seed_101__v_p6d7__snr_p30|seed=101|velocity=6.7|snr=30.0|working_point=base,-8,false_tracks,A1_to_A2,1,1
off,scene=base__seed_101__v_p6d7__snr_p30|seed=101|velocity=6.7|snr=30.0|working_point=base,-8,false_tracks,A1_to_A3,1,1
off,scene=base__seed_101__v_p6d7__snr_p35|seed=101|velocity=6.7|snr=35.0|working_point=base,0,false_tracks,A1_to_A2,1,1
off,scene=base__seed_101__v_p6d7__snr_p35|seed=101|velocity=6.7|snr=35.0|working_point=base,0,false_tracks,A1_to_A3,1,1
off,scene=base__seed_101__v_p6d7__snr_p35|seed=101|velocity=6.7|snr=35.0|working_point=base,1,false_tracks,A1_to_A2,1,1
off,scene=base__seed_101__v_p6d7__snr_p35|seed=101|velocity=6.7|snr=35.0|working_point=base,1,false_tracks,A1_to_A3,1,1
off,scene=base__seed_101__v_p6d7__snr_p35|seed=101|velocity=6.7|snr=35.0|working_point=base,-1,false_tracks,A1_to_A2,1,1
off,scene=base__seed_101__v_p6d7__snr_p35|seed=101|velocity=6.7|snr=35.0|working_point=base,-1,false_tracks,A1_to_A3,1,1
off,scene=base__seed_101__v_p6d7__snr_p35|seed=101|velocity=6.7|snr=35.0|working_point=base,2,false_tracks,A1_to_A2,1,1
off,scene=base__seed_101__v_p6d7__snr_p35|seed=101|velocity=6.7|snr=35.0|working_point=base,2,false_tracks,A1_to_A3,1,1
off,scene=base__seed_101__v_p6d7__snr_p35|seed=101|velocity=6.7|snr=35.0|working_point=base,-2,false_tracks,A1_to_A2,1,1
off,scene=base__seed_101__v_p6d7__snr_p35|seed=101|velocity=6.7|snr=35.0|working_point=base,-2,false_tracks,A1_to_A3,1,1
off,scene=base__seed_101__v_p6d7__snr_p35|seed=101|velocity=6.7|snr=35.0|working_point=base,4,false_tracks,A1_to_A2,1,1
off,scene=base__seed_101__v_p6d7__snr_p35|seed=101|velocity=6.7|snr=35.0|working_point=base,4,false_tracks,A1_to_A3,1,1
off,scene=base__seed_101__v_p6d7__snr_p35|seed=101|velocity=6.7|snr=35.0|working_point=base,-4,false_tracks,A1_to_A2,1,1
off,scene=base__seed_101__v_p6d7__snr_p35|seed=101|velocity=6.7|snr=35.0|working_point=base,-4,false_tracks,A1_to_A3,1,1
off,scene=base__seed_101__v_p6d7__snr_p35|seed=101|velocity=6.7|snr=35.0|working_point=base,8,false_tracks,A1_to_A2,1,1
off,scene=base__seed_101__v_p6d7__snr_p35|seed=101|velocity=6.7|snr=35.0|working_point=base,8,false_tracks,A1_to_A3,1,1
off,scene=base__seed_101__v_p6d7__snr_p35|seed=101|velocity=6.7|snr=35.0|working_point=base,-8,false_tracks,A1_to_A2,1,1
off,scene=base__seed_101__v_p6d7__snr_p35|seed=101|velocity=6.7|snr=35.0|working_point=base,-8,false_tracks,A1_to_A3,1,1
off,scene=base__seed_101__v_p12__snr_p30|seed=101|velocity=12.0|snr=30.0|working_point=base,0,false_tracks,A1_to_A2,1,1
off,scene=base__seed_101__v_p12__snr_p30|seed=101|velocity=12.0|snr=30.0|working_point=base,0,false_tracks,A1_to_A3,1,1
off,scene=base__seed_101__v_p12__snr_p30|seed=101|velocity=12.0|snr=30.0|working_point=base,1,false_tracks,A1_to_A2,1,1
off,scene=base__seed_101__v_p12__snr_p30|seed=101|velocity=12.0|snr=30.0|working_point=base,1,false_tracks,A1_to_A3,1,1
off,scene=base__seed_101__v_p12__snr_p30|seed=101|velocity=12.0|snr=30.0|working_point=base,-1,false_tracks,A1_to_A2,1,1
off,scene=base__seed_101__v_p12__snr_p30|seed=101|velocity=12.0|snr=30.0|working_point=base,-1,false_tracks,A1_to_A3,1,1
off,scene=base__seed_101__v_p12__snr_p30|seed=101|velocity=12.0|snr=30.0|working_point=base,2,false_tracks,A1_to_A2,1,1
off,scene=base__seed_101__v_p12__snr_p30|seed=101|velocity=12.0|snr=30.0|working_point=base,2,false_tracks,A1_to_A3,1,1
off,scene=base__seed_101__v_p12__snr_p30|seed=101|velocity=12.0|snr=30.0|working_point=base,-2,false_tracks,A1_to_A2,1,1
off,scene=base__seed_101__v_p12__snr_p30|seed=101|velocity=12.0|snr=30.0|working_point=base,-2,false_tracks,A1_to_A3,1,1
off,scene=base__seed_101__v_p12__snr_p30|seed=101|velocity=12.0|snr=30.0|working_point=base,4,false_tracks,A1_to_A2,1,1
off,scene=base__seed_101__v_p12__snr_p30|seed=101|velocity=12.0|snr=30.0|working_point=base,4,false_tracks,A1_to_A3,1,1
off,scene=base__seed_101__v_p12__snr_p30|seed=101|velocity=12.0|snr=30.0|working_point=base,-4,false_tracks,A1_to_A2,1,1
off,scene=base__seed_101__v_p12__snr_p30|seed=101|velocity=12.0|snr=30.0|working_point=base,-4,false_tracks,A1_to_A3,1,1
off,scene=base__seed_101__v_p12__snr_p30|seed=101|velocity=12.0|snr=30.0|working_point=base,8,false_tracks,A1_to_A2,1,1
off,scene=base__seed_101__v_p12__snr_p30|seed=101|velocity=12.0|snr=30.0|working_point=base,8,false_tracks,A1_to_A3,1,1
off,scene=base__seed_101__v_p12__snr_p30|seed=101|velocity=12.0|snr=30.0|working_point=base,-8,false_tracks,A1_to_A2,1,1
off,scene=base__seed_101__v_p12__snr_p30|seed=101|velocity=12.0|snr=30.0|working_point=base,-8,false_tracks,A1_to_A3,1,1
off,scene=base__seed_101__v_p12__snr_p35|seed=101|velocity=12.0|snr=35.0|working_point=base,0,false_tracks,A1_to_A2,1,1
off,scene=base__seed_101__v_p12__snr_p35|seed=101|velocity=12.0|snr=35.0|working_point=base,0,false_tracks,A1_to_A3,1,1
off,scene=base__seed_101__v_p12__snr_p35|seed=101|velocity=12.0|snr=35.0|working_point=base,1,false_tracks,A1_to_A2,1,1
off,scene=base__seed_101__v_p12__snr_p35|seed=101|velocity=12.0|snr=35.0|working_point=base,1,false_tracks,A1_to_A3,1,1
off,scene=base__seed_101__v_p12__snr_p35|seed=101|velocity=12.0|snr=35.0|working_point=base,-1,false_tracks,A1_to_A2,1,1
off,scene=base__seed_101__v_p12__snr_p35|seed=101|velocity=12.0|snr=35.0|working_point=base,-1,false_tracks,A1_to_A3,1,1
off,scene=base__seed_101__v_p12__snr_p35|seed=101|velocity=12.0|snr=35.0|working_point=base,2,false_tracks,A1_to_A2,1,1
off,scene=base__seed_101__v_p12__snr_p35|seed=101|velocity=12.0|snr=35.0|working_point=base,2,false_tracks,A1_to_A3,1,1
off,scene=base__seed_101__v_p12__snr_p35|seed=101|velocity=12.0|snr=35.0|working_point=base,-2,false_tracks,A1_to_A2,1,1
off,scene=base__seed_101__v_p12__snr_p35|seed=101|velocity=12.0|snr=35.0|working_point=base,-2,false_tracks,A1_to_A3,1,1
off,scene=base__seed_101__v_p12__snr_p35|seed=101|velocity=12.0|snr=35.0|working_point=base,4,false_tracks,A1_to_A2,1,1
off,scene=base__seed_101__v_p12__snr_p35|seed=101|velocity=12.0|snr=35.0|working_point=base,4,false_tracks,A1_to_A3,1,1
off,scene=base__seed_101__v_p12__snr_p35|seed=101|velocity=12.0|snr=35.0|working_point=base,-4,false_tracks,A1_to_A2,1,1
off,scene=base__seed_101__v_p12__snr_p35|seed=101|velocity=12.0|snr=35.0|working_point=base,-4,false_tracks,A1_to_A3,1,1
off,scene=base__seed_101__v_p12__snr_p35|seed=101|velocity=12.0|snr=35.0|working_point=base,8,false_tracks,A1_to_A2,1,1
off,scene=base__seed_101__v_p12__snr_p35|seed=101|velocity=12.0|snr=35.0|working_point=base,8,false_tracks,A1_to_A3,1,1
off,scene=base__seed_101__v_p12__snr_p35|seed=101|velocity=12.0|snr=35.0|working_point=base,-8,false_tracks,A1_to_A2,1,1
off,scene=base__seed_101__v_p12__snr_p35|seed=101|velocity=12.0|snr=35.0|working_point=base,-8,false_tracks,A1_to_A3,1,1
off,scene=base__seed_202__v_p6d7__snr_p30|seed=202|velocity=6.7|snr=30.0|working_point=base,0,false_tracks,A1_to_A2,1,1
off,scene=base__seed_202__v_p6d7__snr_p30|seed=202|velocity=6.7|snr=30.0|working_point=base,0,false_tracks,A1_to_A3,1,1
off,scene=base__seed_202__v_p6d7__snr_p30|seed=202|velocity=6.7|snr=30.0|working_point=base,1,false_tracks,A1_to_A2,1,1
off,scene=base__seed_202__v_p6d7__snr_p30|seed=202|velocity=6.7|snr=30.0|working_point=base,1,false_tracks,A1_to_A3,1,1
off,scene=base__seed_202__v_p6d7__snr_p30|seed=202|velocity=6.7|snr=30.0|working_point=base,-1,false_tracks,A1_to_A2,1,1
off,scene=base__seed_202__v_p6d7__snr_p30|seed=202|velocity=6.7|snr=30.0|working_point=base,-1,false_tracks,A1_to_A3,1,1
off,scene=base__seed_202__v_p6d7__snr_p30|seed=202|velocity=6.7|snr=30.0|working_point=base,2,false_tracks,A1_to_A2,1,1
off,scene=base__seed_202__v_p6d7__snr_p30|seed=202|velocity=6.7|snr=30.0|working_point=base,2,false_tracks,A1_to_A3,1,1
off,scene=base__seed_202__v_p6d7__snr_p30|seed=202|velocity=6.7|snr=30.0|working_point=base,-2,false_tracks,A1_to_A2,1,1
off,scene=base__seed_202__v_p6d7__snr_p30|seed=202|velocity=6.7|snr=30.0|working_point=base,-2,false_tracks,A1_to_A3,1,1
off,scene=base__seed_202__v_p6d7__snr_p30|seed=202|velocity=6.7|snr=30.0|working_point=base,4,false_tracks,A1_to_A2,1,1
off,scene=base__seed_202__v_p6d7__snr_p30|seed=202|velocity=6.7|snr=30.0|working_point=base,4,false_tracks,A1_to_A3,1,1
off,scene=base__seed_202__v_p6d7__snr_p30|seed=202|velocity=6.7|snr=30.0|working_point=base,-4,false_tracks,A1_to_A2,1,1
off,scene=base__seed_202__v_p6d7__snr_p30|seed=202|velocity=6.7|snr=30.0|working_point=base,-4,false_tracks,A1_to_A3,1,1
off,scene=base__seed_202__v_p6d7__snr_p30|seed=202|velocity=6.7|snr=30.0|working_point=base,8,false_tracks,A1_to_A2,1,1
off,scene=base__seed_202__v_p6d7__snr_p30|seed=202|velocity=6.7|snr=30.0|working_point=base,8,false_tracks,A1_to_A3,1,1
off,scene=base__seed_202__v_p6d7__snr_p30|seed=202|velocity=6.7|snr=30.0|working_point=base,-8,false_tracks,A1_to_A2,1,1
off,scene=base__seed_202__v_p6d7__snr_p30|seed=202|velocity=6.7|snr=30.0|working_point=base,-8,false_tracks,A1_to_A3,1,1
off,scene=base__seed_202__v_p6d7__snr_p35|seed=202|velocity=6.7|snr=35.0|working_point=base,0,false_tracks,A1_to_A2,1,1
off,scene=base__seed_202__v_p6d7__snr_p35|seed=202|velocity=6.7|snr=35.0|working_point=base,0,false_tracks,A1_to_A3,1,1
off,scene=base__seed_202__v_p6d7__snr_p35|seed=202|velocity=6.7|snr=35.0|working_point=base,1,false_tracks,A1_to_A2,1,1
off,scene=base__seed_202__v_p6d7__snr_p35|seed=202|velocity=6.7|snr=35.0|working_point=base,1,false_tracks,A1_to_A3,1,1
off,scene=base__seed_202__v_p6d7__snr_p35|seed=202|velocity=6.7|snr=35.0|working_point=base,-1,false_tracks,A1_to_A2,1,1
off,scene=base__seed_202__v_p6d7__snr_p35|seed=202|velocity=6.7|snr=35.0|working_point=base,-1,false_tracks,A1_to_A3,1,1
off,scene=base__seed_202__v_p6d7__snr_p35|seed=202|velocity=6.7|snr=35.0|working_point=base,2,false_tracks,A1_to_A2,1,1
off,scene=base__seed_202__v_p6d7__snr_p35|seed=202|velocity=6.7|snr=35.0|working_point=base,2,false_tracks,A1_to_A3,1,1
off,scene=base__seed_202__v_p6d7__snr_p35|seed=202|velocity=6.7|snr=35.0|working_point=base,-2,false_tracks,A1_to_A2,1,1
off,scene=base__seed_202__v_p6d7__snr_p35|seed=202|velocity=6.7|snr=35.0|working_point=base,-2,false_tracks,A1_to_A3,1,1
off,scene=base__seed_202__v_p6d7__snr_p35|seed=202|velocity=6.7|snr=35.0|working_point=base,4,false_tracks,A1_to_A2,1,1
off,scene=base__seed_202__v_p6d7__snr_p35|seed=202|velocity=6.7|snr=35.0|working_point=base,4,false_tracks,A1_to_A3,1,1
off,scene=base__seed_202__v_p6d7__snr_p35|seed=202|velocity=6.7|snr=35.0|working_point=base,-4,false_tracks,A1_to_A2,1,1
off,scene=base__seed_202__v_p6d7__snr_p35|seed=202|velocity=6.7|snr=35.0|working_point=base,-4,false_tracks,A1_to_A3,1,1
off,scene=base__seed_202__v_p6d7__snr_p35|seed=202|velocity=6.7|snr=35.0|working_point=base,8,false_tracks,A1_to_A2,1,1
off,scene=base__seed_202__v_p6d7__snr_p35|seed=202|velocity=6.7|snr=35.0|working_point=base,8,false_tracks,A1_to_A3,1,1
off,scene=base__seed_202__v_p6d7__snr_p35|seed=202|velocity=6.7|snr=35.0|working_point=base,-8,false_tracks,A1_to_A2,1,1
off,scene=base__seed_202__v_p6d7__snr_p35|seed=202|velocity=6.7|snr=35.0|working_point=base,-8,false_tracks,A1_to_A3,1,1
off,scene=base__seed_202__v_p12__snr_p30|seed=202|velocity=12.0|snr=30.0|working_point=base,0,false_tracks,A1_to_A2,1,1
off,scene=base__seed_202__v_p12__snr_p30|seed=202|velocity=12.0|snr=30.0|working_point=base,0,false_tracks,A1_to_A3,1,1
off,scene=base__seed_202__v_p12__snr_p30|seed=202|velocity=12.0|snr=30.0|working_point=base,1,false_tracks,A1_to_A2,1,1
off,scene=base__seed_202__v_p12__snr_p30|seed=202|velocity=12.0|snr=30.0|working_point=base,1,false_tracks,A1_to_A3,1,1
off,scene=base__seed_202__v_p12__snr_p30|seed=202|velocity=12.0|snr=30.0|working_point=base,-1,false_tracks,A1_to_A2,1,1
off,scene=base__seed_202__v_p12__snr_p30|seed=202|velocity=12.0|snr=30.0|working_point=base,-1,false_tracks,A1_to_A3,1,1
off,scene=base__seed_202__v_p12__snr_p30|seed=202|velocity=12.0|snr=30.0|working_point=base,2,false_tracks,A1_to_A2,1,1
off,scene=base__seed_202__v_p12__snr_p30|seed=202|velocity=12.0|snr=30.0|working_point=base,2,false_tracks,A1_to_A3,1,1
off,scene=base__seed_202__v_p12__snr_p30|seed=202|velocity=12.0|snr=30.0|working_point=base,-2,false_tracks,A1_to_A2,1,1
off,scene=base__seed_202__v_p12__snr_p30|seed=202|velocity=12.0|snr=30.0|working_point=base,-2,false_tracks,A1_to_A3,1,1
off,scene=base__seed_202__v_p12__snr_p30|seed=202|velocity=12.0|snr=30.0|working_point=base,4,false_tracks,A1_to_A2,1,1
off,scene=base__seed_202__v_p12__snr_p30|seed=202|velocity=12.0|snr=30.0|working_point=base,4,false_tracks,A1_to_A3,1,1
off,scene=base__seed_202__v_p12__snr_p30|seed=202|velocity=12.0|snr=30.0|working_point=base,-4,false_tracks,A1_to_A2,1,1
off,scene=base__seed_202__v_p12__snr_p30|seed=202|velocity=12.0|snr=30.0|working_point=base,-4,false_tracks,A1_to_A3,1,1
off,scene=base__seed_202__v_p12__snr_p30|seed=202|velocity=12.0|snr=30.0|working_point=base,8,false_tracks,A1_to_A2,1,1
off,scene=base__seed_202__v_p12__snr_p30|seed=202|velocity=12.0|snr=30.0|working_point=base,8,false_tracks,A1_to_A3,1,1
off,scene=base__seed_202__v_p12__snr_p30|seed=202|velocity=12.0|snr=30.0|working_point=base,-8,false_tracks,A1_to_A2,1,1
off,scene=base__seed_202__v_p12__snr_p30|seed=202|velocity=12.0|snr=30.0|working_point=base,-8,false_tracks,A1_to_A3,1,1
off,scene=base__seed_202__v_p12__snr_p35|seed=202|velocity=12.0|snr=35.0|working_point=base,0,false_tracks,A1_to_A2,1,1
off,scene=base__seed_202__v_p12__snr_p35|seed=202|velocity=12.0|snr=35.0|working_point=base,0,false_tracks,A1_to_A3,1,1
off,scene=base__seed_202__v_p12__snr_p35|seed=202|velocity=12.0|snr=35.0|working_point=base,1,false_tracks,A1_to_A2,1,1
off,scene=base__seed_202__v_p12__snr_p35|seed=202|velocity=12.0|snr=35.0|working_point=base,1,false_tracks,A1_to_A3,1,1
off,scene=base__seed_202__v_p12__snr_p35|seed=202|velocity=12.0|snr=35.0|working_point=base,-1,false_tracks,A1_to_A2,1,1
off,scene=base__seed_202__v_p12__snr_p35|seed=202|velocity=12.0|snr=35.0|working_point=base,-1,false_tracks,A1_to_A3,1,1
off,scene=base__seed_202__v_p12__snr_p35|seed=202|velocity=12.0|snr=35.0|working_point=base,2,false_tracks,A1_to_A2,1,1
off,scene=base__seed_202__v_p12__snr_p35|seed=202|velocity=12.0|snr=35.0|working_point=base,2,false_tracks,A1_to_A3,1,1
off,scene=base__seed_202__v_p12__snr_p35|seed=202|velocity=12.0|snr=35.0|working_point=base,-2,false_tracks,A1_to_A2,1,1
off,scene=base__seed_202__v_p12__snr_p35|seed=202|velocity=12.0|snr=35.0|working_point=base,-2,false_tracks,A1_to_A3,1,1
off,scene=base__seed_202__v_p12__snr_p35|seed=202|velocity=12.0|snr=35.0|working_point=base,4,false_tracks,A1_to_A2,1,1
off,scene=base__seed_202__v_p12__snr_p35|seed=202|velocity=12.0|snr=35.0|working_point=base,4,false_tracks,A1_to_A3,1,1
off,scene=base__seed_202__v_p12__snr_p35|seed=202|velocity=12.0|snr=35.0|working_point=base,-4,false_tracks,A1_to_A2,1,1
off,scene=base__seed_202__v_p12__snr_p35|seed=202|velocity=12.0|snr=35.0|working_point=base,-4,false_tracks,A1_to_A3,1,1
off,scene=base__seed_202__v_p12__snr_p35|seed=202|velocity=12.0|snr=35.0|working_point=base,8,false_tracks,A1_to_A2,1,1
off,scene=base__seed_202__v_p12__snr_p35|seed=202|velocity=12.0|snr=35.0|working_point=base,8,false_tracks,A1_to_A3,1,1
off,scene=base__seed_202__v_p12__snr_p35|seed=202|velocity=12.0|snr=35.0|working_point=base,-8,false_tracks,A1_to_A2,1,1
off,scene=base__seed_202__v_p12__snr_p35|seed=202|velocity=12.0|snr=35.0|working_point=base,-8,false_tracks,A1_to_A3,1,1
off,scene=base__seed_303__v_p6d7__snr_p30|seed=303|velocity=6.7|snr=30.0|working_point=base,0,false_tracks,A1_to_A2,1,1
off,scene=base__seed_303__v_p6d7__snr_p30|seed=303|velocity=6.7|snr=30.0|working_point=base,0,false_tracks,A1_to_A3,1,1
off,scene=base__seed_303__v_p6d7__snr_p30|seed=303|velocity=6.7|snr=30.0|working_point=base,1,false_tracks,A1_to_A2,1,1
off,scene=base__seed_303__v_p6d7__snr_p30|seed=303|velocity=6.7|snr=30.0|working_point=base,1,false_tracks,A1_to_A3,1,1
off,scene=base__seed_303__v_p6d7__snr_p30|seed=303|velocity=6.7|snr=30.0|working_point=base,-1,false_tracks,A1_to_A2,1,1
off,scene=base__seed_303__v_p6d7__snr_p30|seed=303|velocity=6.7|snr=30.0|working_point=base,-1,false_tracks,A1_to_A3,1,1
off,scene=base__seed_303__v_p6d7__snr_p30|seed=303|velocity=6.7|snr=30.0|working_point=base,2,false_tracks,A1_to_A2,1,1
off,scene=base__seed_303__v_p6d7__snr_p30|seed=303|velocity=6.7|snr=30.0|working_point=base,2,false_tracks,A1_to_A3,1,1
off,scene=base__seed_303__v_p6d7__snr_p30|seed=303|velocity=6.7|snr=30.0|working_point=base,-2,false_tracks,A1_to_A2,1,1
off,scene=base__seed_303__v_p6d7__snr_p30|seed=303|velocity=6.7|snr=30.0|working_point=base,-2,false_tracks,A1_to_A3,1,1
off,scene=base__seed_303__v_p6d7__snr_p30|seed=303|velocity=6.7|snr=30.0|working_point=base,4,false_tracks,A1_to_A2,1,1
off,scene=base__seed_303__v_p6d7__snr_p30|seed=303|velocity=6.7|snr=30.0|working_point=base,4,false_tracks,A1_to_A3,1,1
off,scene=base__seed_303__v_p6d7__snr_p30|seed=303|velocity=6.7|snr=30.0|working_point=base,-4,false_tracks,A1_to_A2,1,1
off,scene=base__seed_303__v_p6d7__snr_p30|seed=303|velocity=6.7|snr=30.0|working_point=base,-4,false_tracks,A1_to_A3,1,1
off,scene=base__seed_303__v_p6d7__snr_p30|seed=303|velocity=6.7|snr=30.0|working_point=base,8,false_tracks,A1_to_A2,1,1
off,scene=base__seed_303__v_p6d7__snr_p30|seed=303|velocity=6.7|snr=30.0|working_point=base,8,false_tracks,A1_to_A3,1,1
off,scene=base__seed_303__v_p6d7__snr_p30|seed=303|velocity=6.7|snr=30.0|working_point=base,-8,false_tracks,A1_to_A2,1,1
off,scene=base__seed_303__v_p6d7__snr_p30|seed=303|velocity=6.7|snr=30.0|working_point=base,-8,false_tracks,A1_to_A3,1,1
off,scene=base__seed_303__v_p6d7__snr_p35|seed=303|velocity=6.7|snr=35.0|working_point=base,0,false_tracks,A1_to_A2,1,1
off,scene=base__seed_303__v_p6d7__snr_p35|seed=303|velocity=6.7|snr=35.0|working_point=base,0,false_tracks,A1_to_A3,1,1
off,scene=base__seed_303__v_p6d7__snr_p35|seed=303|velocity=6.7|snr=35.0|working_point=base,1,false_tracks,A1_to_A2,1,1
off,scene=base__seed_303__v_p6d7__snr_p35|seed=303|velocity=6.7|snr=35.0|working_point=base,1,false_tracks,A1_to_A3,1,1
off,scene=base__seed_303__v_p6d7__snr_p35|seed=303|velocity=6.7|snr=35.0|working_point=base,-1,false_tracks,A1_to_A2,1,1
off,scene=base__seed_303__v_p6d7__snr_p35|seed=303|velocity=6.7|snr=35.0|working_point=base,-1,false_tracks,A1_to_A3,1,1
off,scene=base__seed_303__v_p6d7__snr_p35|seed=303|velocity=6.7|snr=35.0|working_point=base,2,false_tracks,A1_to_A2,1,1
off,scene=base__seed_303__v_p6d7__snr_p35|seed=303|velocity=6.7|snr=35.0|working_point=base,2,false_tracks,A1_to_A3,1,1
off,scene=base__seed_303__v_p6d7__snr_p35|seed=303|velocity=6.7|snr=35.0|working_point=base,-2,false_tracks,A1_to_A2,1,1
off,scene=base__seed_303__v_p6d7__snr_p35|seed=303|velocity=6.7|snr=35.0|working_point=base,-2,false_tracks,A1_to_A3,1,1
off,scene=base__seed_303__v_p6d7__snr_p35|seed=303|velocity=6.7|snr=35.0|working_point=base,4,false_tracks,A1_to_A2,1,1
off,scene=base__seed_303__v_p6d7__snr_p35|seed=303|velocity=6.7|snr=35.0|working_point=base,4,false_tracks,A1_to_A3,1,1
off,scene=base__seed_303__v_p6d7__snr_p35|seed=303|velocity=6.7|snr=35.0|working_point=base,-4,false_tracks,A1_to_A2,1,1
off,scene=base__seed_303__v_p6d7__snr_p35|seed=303|velocity=6.7|snr=35.0|working_point=base,-4,false_tracks,A1_to_A3,1,1
off,scene=base__seed_303__v_p6d7__snr_p35|seed=303|velocity=6.7|snr=35.0|working_point=base,8,false_tracks,A1_to_A2,1,1
off,scene=base__seed_303__v_p6d7__snr_p35|seed=303|velocity=6.7|snr=35.0|working_point=base,8,false_tracks,A1_to_A3,1,1
off,scene=base__seed_303__v_p6d7__snr_p35|seed=303|velocity=6.7|snr=35.0|working_point=base,-8,false_tracks,A1_to_A2,1,1
off,scene=base__seed_303__v_p6d7__snr_p35|seed=303|velocity=6.7|snr=35.0|working_point=base,-8,false_tracks,A1_to_A3,1,1
off,scene=base__seed_303__v_p12__snr_p30|seed=303|velocity=12.0|snr=30.0|working_point=base,0,false_tracks,A1_to_A2,1,1
off,scene=base__seed_303__v_p12__snr_p30|seed=303|velocity=12.0|snr=30.0|working_point=base,0,false_tracks,A1_to_A3,1,1
off,scene=base__seed_303__v_p12__snr_p30|seed=303|velocity=12.0|snr=30.0|working_point=base,1,false_tracks,A1_to_A2,1,1
off,scene=base__seed_303__v_p12__snr_p30|seed=303|velocity=12.0|snr=30.0|working_point=base,1,false_tracks,A1_to_A3,1,1
off,scene=base__seed_303__v_p12__snr_p30|seed=303|velocity=12.0|snr=30.0|working_point=base,-1,false_tracks,A1_to_A2,1,1
off,scene=base__seed_303__v_p12__snr_p30|seed=303|velocity=12.0|snr=30.0|working_point=base,-1,false_tracks,A1_to_A3,1,1
off,scene=base__seed_303__v_p12__snr_p30|seed=303|velocity=12.0|snr=30.0|working_point=base,2,false_tracks,A1_to_A2,1,1
off,scene=base__seed_303__v_p12__snr_p30|seed=303|velocity=12.0|snr=30.0|working_point=base,2,false_tracks,A1_to_A3,1,1
off,scene=base__seed_303__v_p12__snr_p30|seed=303|velocity=12.0|snr=30.0|working_point=base,-2,false_tracks,A1_to_A2,1,1
off,scene=base__seed_303__v_p12__snr_p30|seed=303|velocity=12.0|snr=30.0|working_point=base,-2,false_tracks,A1_to_A3,1,1
off,scene=base__seed_303__v_p12__snr_p30|seed=303|velocity=12.0|snr=30.0|working_point=base,4,false_tracks,A1_to_A2,1,1
off,scene=base__seed_303__v_p12__snr_p30|seed=303|velocity=12.0|snr=30.0|working_point=base,4,false_tracks,A1_to_A3,1,1
off,scene=base__seed_303__v_p12__snr_p30|seed=303|velocity=12.0|snr=30.0|working_point=base,-4,false_tracks,A1_to_A2,1,1
off,scene=base__seed_303__v_p12__snr_p30|seed=303|velocity=12.0|snr=30.0|working_point=base,-4,false_tracks,A1_to_A3,1,1
off,scene=base__seed_303__v_p12__snr_p30|seed=303|velocity=12.0|snr=30.0|working_point=base,8,false_tracks,A1_to_A2,1,1
off,scene=base__seed_303__v_p12__snr_p30|seed=303|velocity=12.0|snr=30.0|working_point=base,8,false_tracks,A1_to_A3,1,1
off,scene=base__seed_303__v_p12__snr_p30|seed=303|velocity=12.0|snr=30.0|working_point=base,-8,false_tracks,A1_to_A2,1,1
off,scene=base__seed_303__v_p12__snr_p30|seed=303|velocity=12.0|snr=30.0|working_point=base,-8,false_tracks,A1_to_A3,1,1
off,scene=base__seed_303__v_p12__snr_p35|seed=303|velocity=12.0|snr=35.0|working_point=base,0,false_tracks,A1_to_A2,1,1
off,scene=base__seed_303__v_p12__snr_p35|seed=303|velocity=12.0|snr=35.0|working_point=base,0,false_tracks,A1_to_A3,1,1
off,scene=base__seed_303__v_p12__snr_p35|seed=303|velocity=12.0|snr=35.0|working_point=base,1,false_tracks,A1_to_A2,1,1
off,scene=base__seed_303__v_p12__snr_p35|seed=303|velocity=12.0|snr=35.0|working_point=base,1,false_tracks,A1_to_A3,1,1
off,scene=base__seed_303__v_p12__snr_p35|seed=303|velocity=12.0|snr=35.0|working_point=base,-1,false_tracks,A1_to_A2,1,1
off,scene=base__seed_303__v_p12__snr_p35|seed=303|velocity=12.0|snr=35.0|working_point=base,-1,false_tracks,A1_to_A3,1,1
off,scene=base__seed_303__v_p12__snr_p35|seed=303|velocity=12.0|snr=35.0|working_point=base,2,false_tracks,A1_to_A2,1,1
off,scene=base__seed_303__v_p12__snr_p35|seed=303|velocity=12.0|snr=35.0|working_point=base,2,false_tracks,A1_to_A3,1,1
off,scene=base__seed_303__v_p12__snr_p35|seed=303|velocity=12.0|snr=35.0|working_point=base,-2,false_tracks,A1_to_A2,1,1
off,scene=base__seed_303__v_p12__snr_p35|seed=303|velocity=12.0|snr=35.0|working_point=base,-2,false_tracks,A1_to_A3,1,1
off,scene=base__seed_303__v_p12__snr_p35|seed=303|velocity=12.0|snr=35.0|working_point=base,4,false_tracks,A1_to_A2,1,1
off,scene=base__seed_303__v_p12__snr_p35|seed=303|velocity=12.0|snr=35.0|working_point=base,4,false_tracks,A1_to_A3,1,1
off,scene=base__seed_303__v_p12__snr_p35|seed=303|velocity=12.0|snr=35.0|working_point=base,-4,false_tracks,A1_to_A2,1,1
off,scene=base__seed_303__v_p12__snr_p35|seed=303|velocity=12.0|snr=35.0|working_point=base,-4,false_tracks,A1_to_A3,1,1
off,scene=base__seed_303__v_p12__snr_p35|seed=303|velocity=12.0|snr=35.0|working_point=base,8,false_tracks,A1_to_A2,1,1
off,scene=base__seed_303__v_p12__snr_p35|seed=303|velocity=12.0|snr=35.0|working_point=base,8,false_tracks,A1_to_A3,1,1
off,scene=base__seed_303__v_p12__snr_p35|seed=303|velocity=12.0|snr=35.0|working_point=base,-8,false_tracks,A1_to_A2,1,1
off,scene=base__seed_303__v_p12__snr_p35|seed=303|velocity=12.0|snr=35.0|working_point=base,-8,false_tracks,A1_to_A3,1,1
off,scene=low_snr__seed_101__v_p6d7__snr_p20|seed=101|velocity=6.7|snr=20.0|working_point=low_snr,0,false_tracks,A1_to_A2,1,1
off,scene=low_snr__seed_101__v_p6d7__snr_p20|seed=101|velocity=6.7|snr=20.0|working_point=low_snr,0,false_tracks,A1_to_A3,1,1
off,scene=low_snr__seed_101__v_p6d7__snr_p20|seed=101|velocity=6.7|snr=20.0|working_point=low_snr,1,false_tracks,A1_to_A2,1,1
off,scene=low_snr__seed_101__v_p6d7__snr_p20|seed=101|velocity=6.7|snr=20.0|working_point=low_snr,1,false_tracks,A1_to_A3,1,1
off,scene=low_snr__seed_101__v_p6d7__snr_p20|seed=101|velocity=6.7|snr=20.0|working_point=low_snr,-1,false_tracks,A1_to_A2,1,1
off,scene=low_snr__seed_101__v_p6d7__snr_p20|seed=101|velocity=6.7|snr=20.0|working_point=low_snr,-1,false_tracks,A1_to_A3,1,1
off,scene=low_snr__seed_101__v_p6d7__snr_p20|seed=101|velocity=6.7|snr=20.0|working_point=low_snr,2,false_tracks,A1_to_A2,1,1
off,scene=low_snr__seed_101__v_p6d7__snr_p20|seed=101|velocity=6.7|snr=20.0|working_point=low_snr,2,false_tracks,A1_to_A3,1,1
off,scene=low_snr__seed_101__v_p6d7__snr_p20|seed=101|velocity=6.7|snr=20.0|working_point=low_snr,-2,false_tracks,A1_to_A2,1,1
off,scene=low_snr__seed_101__v_p6d7__snr_p20|seed=101|velocity=6.7|snr=20.0|working_point=low_snr,-2,false_tracks,A1_to_A3,1,1
off,scene=low_snr__seed_101__v_p6d7__snr_p20|seed=101|velocity=6.7|snr=20.0|working_point=low_snr,4,false_tracks,A1_to_A2,1,1
off,scene=low_snr__seed_101__v_p6d7__snr_p20|seed=101|velocity=6.7|snr=20.0|working_point=low_snr,4,false_tracks,A1_to_A3,1,1
off,scene=low_snr__seed_101__v_p6d7__snr_p20|seed=101|velocity=6.7|snr=20.0|working_point=low_snr,-4,false_tracks,A1_to_A2,1,1
off,scene=low_snr__seed_101__v_p6d7__snr_p20|seed=101|velocity=6.7|snr=20.0|working_point=low_snr,-4,false_tracks,A1_to_A3,1,1
off,scene=low_snr__seed_101__v_p6d7__snr_p20|seed=101|velocity=6.7|snr=20.0|working_point=low_snr,8,false_tracks,A1_to_A2,1,1
off,scene=low_snr__seed_101__v_p6d7__snr_p20|seed=101|velocity=6.7|snr=20.0|working_point=low_snr,8,false_tracks,A1_to_A3,1,1
off,scene=low_snr__seed_101__v_p6d7__snr_p20|seed=101|velocity=6.7|snr=20.0|working_point=low_snr,-8,false_tracks,A1_to_A2,1,1
off,scene=low_snr__seed_101__v_p6d7__snr_p20|seed=101|velocity=6.7|snr=20.0|working_point=low_snr,-8,false_tracks,A1_to_A3,1,1
off,scene=high_velocity__seed_101__v_p12__snr_p30|seed=101|velocity=12.0|snr=30.0|working_point=high_velocity,0,false_tracks,A1_to_A2,1,1
off,scene=high_velocity__seed_101__v_p12__snr_p30|seed=101|velocity=12.0|snr=30.0|working_point=high_velocity,0,false_tracks,A1_to_A3,1,1
off,scene=high_velocity__seed_101__v_p12__snr_p30|seed=101|velocity=12.0|snr=30.0|working_point=high_velocity,1,false_tracks,A1_to_A2,1,1
off,scene=high_velocity__seed_101__v_p12__snr_p30|seed=101|velocity=12.0|snr=30.0|working_point=high_velocity,1,false_tracks,A1_to_A3,1,1
off,scene=high_velocity__seed_101__v_p12__snr_p30|seed=101|velocity=12.0|snr=30.0|working_point=high_velocity,-1,false_tracks,A1_to_A2,1,1
off,scene=high_velocity__seed_101__v_p12__snr_p30|seed=101|velocity=12.0|snr=30.0|working_point=high_velocity,-1,false_tracks,A1_to_A3,1,1
off,scene=high_velocity__seed_101__v_p12__snr_p30|seed=101|velocity=12.0|snr=30.0|working_point=high_velocity,2,false_tracks,A1_to_A2,1,1
off,scene=high_velocity__seed_101__v_p12__snr_p30|seed=101|velocity=12.0|snr=30.0|working_point=high_velocity,2,false_tracks,A1_to_A3,1,1
off,scene=high_velocity__seed_101__v_p12__snr_p30|seed=101|velocity=12.0|snr=30.0|working_point=high_velocity,-2,false_tracks,A1_to_A2,1,1
off,scene=high_velocity__seed_101__v_p12__snr_p30|seed=101|velocity=12.0|snr=30.0|working_point=high_velocity,-2,false_tracks,A1_to_A3,1,1
off,scene=high_velocity__seed_101__v_p12__snr_p30|seed=101|velocity=12.0|snr=30.0|working_point=high_velocity,4,false_tracks,A1_to_A2,1,1
off,scene=high_velocity__seed_101__v_p12__snr_p30|seed=101|velocity=12.0|snr=30.0|working_point=high_velocity,4,false_tracks,A1_to_A3,1,1
off,scene=high_velocity__seed_101__v_p12__snr_p30|seed=101|velocity=12.0|snr=30.0|working_point=high_velocity,-4,false_tracks,A1_to_A2,1,1
off,scene=high_velocity__seed_101__v_p12__snr_p30|seed=101|velocity=12.0|snr=30.0|working_point=high_velocity,-4,false_tracks,A1_to_A3,1,1
off,scene=high_velocity__seed_101__v_p12__snr_p30|seed=101|velocity=12.0|snr=30.0|working_point=high_velocity,8,false_tracks,A1_to_A2,1,1
off,scene=high_velocity__seed_101__v_p12__snr_p30|seed=101|velocity=12.0|snr=30.0|working_point=high_velocity,8,false_tracks,A1_to_A3,1,1
off,scene=high_velocity__seed_101__v_p12__snr_p30|seed=101|velocity=12.0|snr=30.0|working_point=high_velocity,-8,false_tracks,A1_to_A2,1,1
off,scene=high_velocity__seed_101__v_p12__snr_p30|seed=101|velocity=12.0|snr=30.0|working_point=high_velocity,-8,false_tracks,A1_to_A3,1,1
off,scene=alternate_texture_geometry__seed_101__v_p6d7__snr_p30|seed=101|velocity=6.7|snr=30.0|working_point=alternate_texture_geometry,0,false_tracks,A1_to_A2,1,1
off,scene=alternate_texture_geometry__seed_101__v_p6d7__snr_p30|seed=101|velocity=6.7|snr=30.0|working_point=alternate_texture_geometry,0,false_tracks,A1_to_A3,1,1
off,scene=alternate_texture_geometry__seed_101__v_p6d7__snr_p30|seed=101|velocity=6.7|snr=30.0|working_point=alternate_texture_geometry,1,false_tracks,A1_to_A2,1,1
off,scene=alternate_texture_geometry__seed_101__v_p6d7__snr_p30|seed=101|velocity=6.7|snr=30.0|working_point=alternate_texture_geometry,1,false_tracks,A1_to_A3,1,1
off,scene=alternate_texture_geometry__seed_101__v_p6d7__snr_p30|seed=101|velocity=6.7|snr=30.0|working_point=alternate_texture_geometry,-1,false_tracks,A1_to_A2,1,1
off,scene=alternate_texture_geometry__seed_101__v_p6d7__snr_p30|seed=101|velocity=6.7|snr=30.0|working_point=alternate_texture_geometry,-1,false_tracks,A1_to_A3,1,1
off,scene=alternate_texture_geometry__seed_101__v_p6d7__snr_p30|seed=101|velocity=6.7|snr=30.0|working_point=alternate_texture_geometry,2,false_tracks,A1_to_A2,1,1
off,scene=alternate_texture_geometry__seed_101__v_p6d7__snr_p30|seed=101|velocity=6.7|snr=30.0|working_point=alternate_texture_geometry,2,false_tracks,A1_to_A3,1,1
off,scene=alternate_texture_geometry__seed_101__v_p6d7__snr_p30|seed=101|velocity=6.7|snr=30.0|working_point=alternate_texture_geometry,-2,false_tracks,A1_to_A2,1,1
off,scene=alternate_texture_geometry__seed_101__v_p6d7__snr_p30|seed=101|velocity=6.7|snr=30.0|working_point=alternate_texture_geometry,-2,false_tracks,A1_to_A3,1,1
off,scene=alternate_texture_geometry__seed_101__v_p6d7__snr_p30|seed=101|velocity=6.7|snr=30.0|working_point=alternate_texture_geometry,4,false_tracks,A1_to_A2,1,1
off,scene=alternate_texture_geometry__seed_101__v_p6d7__snr_p30|seed=101|velocity=6.7|snr=30.0|working_point=alternate_texture_geometry,4,false_tracks,A1_to_A3,1,1
off,scene=alternate_texture_geometry__seed_101__v_p6d7__snr_p30|seed=101|velocity=6.7|snr=30.0|working_point=alternate_texture_geometry,-4,false_tracks,A1_to_A2,1,1
off,scene=alternate_texture_geometry__seed_101__v_p6d7__snr_p30|seed=101|velocity=6.7|snr=30.0|working_point=alternate_texture_geometry,-4,false_tracks,A1_to_A3,1,1
off,scene=alternate_texture_geometry__seed_101__v_p6d7__snr_p30|seed=101|velocity=6.7|snr=30.0|working_point=alternate_texture_geometry,8,false_tracks,A1_to_A2,1,1
off,scene=alternate_texture_geometry__seed_101__v_p6d7__snr_p30|seed=101|velocity=6.7|snr=30.0|working_point=alternate_texture_geometry,8,false_tracks,A1_to_A3,1,1
off,scene=alternate_texture_geometry__seed_101__v_p6d7__snr_p30|seed=101|velocity=6.7|snr=30.0|working_point=alternate_texture_geometry,-8,false_tracks,A1_to_A2,1,1
off,scene=alternate_texture_geometry__seed_101__v_p6d7__snr_p30|seed=101|velocity=6.7|snr=30.0|working_point=alternate_texture_geometry,-8,false_tracks,A1_to_A3,1,1
off,scene=base__seed_101__v_p6d7__snr_p30|seed=101|velocity=6.7|snr=30.0|working_point=base,0,protocol_false_detections,A1_to_A2,1,1
off,scene=base__seed_101__v_p6d7__snr_p30|seed=101|velocity=6.7|snr=30.0|working_point=base,0,protocol_false_detections,A1_to_A3,1,1
off,scene=base__seed_101__v_p6d7__snr_p30|seed=101|velocity=6.7|snr=30.0|working_point=base,1,protocol_false_detections,A1_to_A2,1,1
off,scene=base__seed_101__v_p6d7__snr_p30|seed=101|velocity=6.7|snr=30.0|working_point=base,1,protocol_false_detections,A1_to_A3,1,1
off,scene=base__seed_101__v_p6d7__snr_p30|seed=101|velocity=6.7|snr=30.0|working_point=base,-1,protocol_false_detections,A1_to_A2,1,1
off,scene=base__seed_101__v_p6d7__snr_p30|seed=101|velocity=6.7|snr=30.0|working_point=base,-1,protocol_false_detections,A1_to_A3,1,1
off,scene=base__seed_101__v_p6d7__snr_p30|seed=101|velocity=6.7|snr=30.0|working_point=base,2,protocol_false_detections,A1_to_A2,1,1
off,scene=base__seed_101__v_p6d7__snr_p30|seed=101|velocity=6.7|snr=30.0|working_point=base,2,protocol_false_detections,A1_to_A3,1,1
off,scene=base__seed_101__v_p6d7__snr_p30|seed=101|velocity=6.7|snr=30.0|working_point=base,-2,protocol_false_detections,A1_to_A2,1,1
off,scene=base__seed_101__v_p6d7__snr_p30|seed=101|velocity=6.7|snr=30.0|working_point=base,-2,protocol_false_detections,A1_to_A3,1,1
off,scene=base__seed_101__v_p6d7__snr_p30|seed=101|velocity=6.7|snr=30.0|working_point=base,4,protocol_false_detections,A1_to_A2,1,1
off,scene=base__seed_101__v_p6d7__snr_p30|seed=101|velocity=6.7|snr=30.0|working_point=base,4,protocol_false_detections,A1_to_A3,1,1
off,scene=base__seed_101__v_p6d7__snr_p30|seed=101|velocity=6.7|snr=30.0|working_point=base,-4,protocol_false_detections,A1_to_A2,1,1
off,scene=base__seed_101__v_p6d7__snr_p30|seed=101|velocity=6.7|snr=30.0|working_point=base,-4,protocol_false_detections,A1_to_A3,1,1
off,scene=base__seed_101__v_p6d7__snr_p30|seed=101|velocity=6.7|snr=30.0|working_point=base,8,protocol_false_detections,A1_to_A2,1,1
off,scene=base__seed_101__v_p6d7__snr_p30|seed=101|velocity=6.7|snr=30.0|working_point=base,8,protocol_false_detections,A1_to_A3,1,1
off,scene=base__seed_101__v_p6d7__snr_p30|seed=101|velocity=6.7|snr=30.0|working_point=base,-8,protocol_false_detections,A1_to_A2,1,1
off,scene=base__seed_101__v_p6d7__snr_p30|seed=101|velocity=6.7|snr=30.0|working_point=base,-8,protocol_false_detections,A1_to_A3,1,1
off,scene=base__seed_101__v_p6d7__snr_p35|seed=101|velocity=6.7|snr=35.0|working_point=base,0,protocol_false_detections,A1_to_A2,1,1
off,scene=base__seed_101__v_p6d7__snr_p35|seed=101|velocity=6.7|snr=35.0|working_point=base,0,protocol_false_detections,A1_to_A3,1,1
off,scene=base__seed_101__v_p6d7__snr_p35|seed=101|velocity=6.7|snr=35.0|working_point=base,1,protocol_false_detections,A1_to_A2,1,1
off,scene=base__seed_101__v_p6d7__snr_p35|seed=101|velocity=6.7|snr=35.0|working_point=base,1,protocol_false_detections,A1_to_A3,1,1
off,scene=base__seed_101__v_p6d7__snr_p35|seed=101|velocity=6.7|snr=35.0|working_point=base,-1,protocol_false_detections,A1_to_A2,1,1
off,scene=base__seed_101__v_p6d7__snr_p35|seed=101|velocity=6.7|snr=35.0|working_point=base,-1,protocol_false_detections,A1_to_A3,1,1
off,scene=base__seed_101__v_p6d7__snr_p35|seed=101|velocity=6.7|snr=35.0|working_point=base,2,protocol_false_detections,A1_to_A2,1,1
off,scene=base__seed_101__v_p6d7__snr_p35|seed=101|velocity=6.7|snr=35.0|working_point=base,2,protocol_false_detections,A1_to_A3,1,1
off,scene=base__seed_101__v_p6d7__snr_p35|seed=101|velocity=6.7|snr=35.0|working_point=base,-2,protocol_false_detections,A1_to_A2,1,1
off,scene=base__seed_101__v_p6d7__snr_p35|seed=101|velocity=6.7|snr=35.0|working_point=base,-2,protocol_false_detections,A1_to_A3,1,1
off,scene=base__seed_101__v_p6d7__snr_p35|seed=101|velocity=6.7|snr=35.0|working_point=base,4,protocol_false_detections,A1_to_A2,1,1
off,scene=base__seed_101__v_p6d7__snr_p35|seed=101|velocity=6.7|snr=35.0|working_point=base,4,protocol_false_detections,A1_to_A3,1,1
off,scene=base__seed_101__v_p6d7__snr_p35|seed=101|velocity=6.7|snr=35.0|working_point=base,-4,protocol_false_detections,A1_to_A2,1,1
off,scene=base__seed_101__v_p6d7__snr_p35|seed=101|velocity=6.7|snr=35.0|working_point=base,-4,protocol_false_detections,A1_to_A3,1,1
off,scene=base__seed_101__v_p6d7__snr_p35|seed=101|velocity=6.7|snr=35.0|working_point=base,8,protocol_false_detections,A1_to_A2,1,1
off,scene=base__seed_101__v_p6d7__snr_p35|seed=101|velocity=6.7|snr=35.0|working_point=base,8,protocol_false_detections,A1_to_A3,1,1
off,scene=base__seed_101__v_p6d7__snr_p35|seed=101|velocity=6.7|snr=35.0|working_point=base,-8,protocol_false_detections,A1_to_A2,1,1
off,scene=base__seed_101__v_p6d7__snr_p35|seed=101|velocity=6.7|snr=35.0|working_point=base,-8,protocol_false_detections,A1_to_A3,1,1
off,scene=base__seed_101__v_p12__snr_p30|seed=101|velocity=12.0|snr=30.0|working_point=base,0,protocol_false_detections,A1_to_A2,1,1
off,scene=base__seed_101__v_p12__snr_p30|seed=101|velocity=12.0|snr=30.0|working_point=base,0,protocol_false_detections,A1_to_A3,1,1
off,scene=base__seed_101__v_p12__snr_p30|seed=101|velocity=12.0|snr=30.0|working_point=base,1,protocol_false_detections,A1_to_A2,1,1
off,scene=base__seed_101__v_p12__snr_p30|seed=101|velocity=12.0|snr=30.0|working_point=base,1,protocol_false_detections,A1_to_A3,1,1
off,scene=base__seed_101__v_p12__snr_p30|seed=101|velocity=12.0|snr=30.0|working_point=base,-1,protocol_false_detections,A1_to_A2,1,1
off,scene=base__seed_101__v_p12__snr_p30|seed=101|velocity=12.0|snr=30.0|working_point=base,-1,protocol_false_detections,A1_to_A3,1,1
off,scene=base__seed_101__v_p12__snr_p30|seed=101|velocity=12.0|snr=30.0|working_point=base,2,protocol_false_detections,A1_to_A2,1,1
off,scene=base__seed_101__v_p12__snr_p30|seed=101|velocity=12.0|snr=30.0|working_point=base,2,protocol_false_detections,A1_to_A3,1,1
off,scene=base__seed_101__v_p12__snr_p30|seed=101|velocity=12.0|snr=30.0|working_point=base,-2,protocol_false_detections,A1_to_A2,1,1
off,scene=base__seed_101__v_p12__snr_p30|seed=101|velocity=12.0|snr=30.0|working_point=base,-2,protocol_false_detections,A1_to_A3,1,1
off,scene=base__seed_101__v_p12__snr_p30|seed=101|velocity=12.0|snr=30.0|working_point=base,4,protocol_false_detections,A1_to_A2,1,1
off,scene=base__seed_101__v_p12__snr_p30|seed=101|velocity=12.0|snr=30.0|working_point=base,4,protocol_false_detections,A1_to_A3,1,1
off,scene=base__seed_101__v_p12__snr_p30|seed=101|velocity=12.0|snr=30.0|working_point=base,-4,protocol_false_detections,A1_to_A2,1,1
off,scene=base__seed_101__v_p12__snr_p30|seed=101|velocity=12.0|snr=30.0|working_point=base,-4,protocol_false_detections,A1_to_A3,1,1
off,scene=base__seed_101__v_p12__snr_p30|seed=101|velocity=12.0|snr=30.0|working_point=base,8,protocol_false_detections,A1_to_A2,1,1
off,scene=base__seed_101__v_p12__snr_p30|seed=101|velocity=12.0|snr=30.0|working_point=base,8,protocol_false_detections,A1_to_A3,1,1
off,scene=base__seed_101__v_p12__snr_p30|seed=101|velocity=12.0|snr=30.0|working_point=base,-8,protocol_false_detections,A1_to_A2,1,1
off,scene=base__seed_101__v_p12__snr_p30|seed=101|velocity=12.0|snr=30.0|working_point=base,-8,protocol_false_detections,A1_to_A3,1,1
off,scene=base__seed_101__v_p12__snr_p35|seed=101|velocity=12.0|snr=35.0|working_point=base,0,protocol_false_detections,A1_to_A2,1,1
off,scene=base__seed_101__v_p12__snr_p35|seed=101|velocity=12.0|snr=35.0|working_point=base,0,protocol_false_detections,A1_to_A3,1,1
off,scene=base__seed_101__v_p12__snr_p35|seed=101|velocity=12.0|snr=35.0|working_point=base,1,protocol_false_detections,A1_to_A2,1,1
off,scene=base__seed_101__v_p12__snr_p35|seed=101|velocity=12.0|snr=35.0|working_point=base,1,protocol_false_detections,A1_to_A3,1,1
off,scene=base__seed_101__v_p12__snr_p35|seed=101|velocity=12.0|snr=35.0|working_point=base,-1,protocol_false_detections,A1_to_A2,1,1
off,scene=base__seed_101__v_p12__snr_p35|seed=101|velocity=12.0|snr=35.0|working_point=base,-1,protocol_false_detections,A1_to_A3,1,1
off,scene=base__seed_101__v_p12__snr_p35|seed=101|velocity=12.0|snr=35.0|working_point=base,2,protocol_false_detections,A1_to_A2,1,1
off,scene=base__seed_101__v_p12__snr_p35|seed=101|velocity=12.0|snr=35.0|working_point=base,2,protocol_false_detections,A1_to_A3,1,1
off,scene=base__seed_101__v_p12__snr_p35|seed=101|velocity=12.0|snr=35.0|working_point=base,-2,protocol_false_detections,A1_to_A2,1,1
off,scene=base__seed_101__v_p12__snr_p35|seed=101|velocity=12.0|snr=35.0|working_point=base,-2,protocol_false_detections,A1_to_A3,1,1
off,scene=base__seed_101__v_p12__snr_p35|seed=101|velocity=12.0|snr=35.0|working_point=base,4,protocol_false_detections,A1_to_A2,1,1
off,scene=base__seed_101__v_p12__snr_p35|seed=101|velocity=12.0|snr=35.0|working_point=base,4,protocol_false_detections,A1_to_A3,1,1
off,scene=base__seed_101__v_p12__snr_p35|seed=101|velocity=12.0|snr=35.0|working_point=base,-4,protocol_false_detections,A1_to_A2,1,1
off,scene=base__seed_101__v_p12__snr_p35|seed=101|velocity=12.0|snr=35.0|working_point=base,-4,protocol_false_detections,A1_to_A3,1,1
off,scene=base__seed_101__v_p12__snr_p35|seed=101|velocity=12.0|snr=35.0|working_point=base,8,protocol_false_detections,A1_to_A2,1,1
off,scene=base__seed_101__v_p12__snr_p35|seed=101|velocity=12.0|snr=35.0|working_point=base,8,protocol_false_detections,A1_to_A3,1,1
off,scene=base__seed_101__v_p12__snr_p35|seed=101|velocity=12.0|snr=35.0|working_point=base,-8,protocol_false_detections,A1_to_A2,1,1
off,scene=base__seed_101__v_p12__snr_p35|seed=101|velocity=12.0|snr=35.0|working_point=base,-8,protocol_false_detections,A1_to_A3,1,1
off,scene=base__seed_202__v_p6d7__snr_p30|seed=202|velocity=6.7|snr=30.0|working_point=base,0,protocol_false_detections,A1_to_A2,1,1
off,scene=base__seed_202__v_p6d7__snr_p30|seed=202|velocity=6.7|snr=30.0|working_point=base,0,protocol_false_detections,A1_to_A3,1,1
off,scene=base__seed_202__v_p6d7__snr_p30|seed=202|velocity=6.7|snr=30.0|working_point=base,1,protocol_false_detections,A1_to_A2,1,1
off,scene=base__seed_202__v_p6d7__snr_p30|seed=202|velocity=6.7|snr=30.0|working_point=base,1,protocol_false_detections,A1_to_A3,1,1
off,scene=base__seed_202__v_p6d7__snr_p30|seed=202|velocity=6.7|snr=30.0|working_point=base,-1,protocol_false_detections,A1_to_A2,1,1
off,scene=base__seed_202__v_p6d7__snr_p30|seed=202|velocity=6.7|snr=30.0|working_point=base,-1,protocol_false_detections,A1_to_A3,1,1
off,scene=base__seed_202__v_p6d7__snr_p30|seed=202|velocity=6.7|snr=30.0|working_point=base,2,protocol_false_detections,A1_to_A2,1,1
off,scene=base__seed_202__v_p6d7__snr_p30|seed=202|velocity=6.7|snr=30.0|working_point=base,2,protocol_false_detections,A1_to_A3,1,1
off,scene=base__seed_202__v_p6d7__snr_p30|seed=202|velocity=6.7|snr=30.0|working_point=base,-2,protocol_false_detections,A1_to_A2,1,1
off,scene=base__seed_202__v_p6d7__snr_p30|seed=202|velocity=6.7|snr=30.0|working_point=base,-2,protocol_false_detections,A1_to_A3,1,1
off,scene=base__seed_202__v_p6d7__snr_p30|seed=202|velocity=6.7|snr=30.0|working_point=base,4,protocol_false_detections,A1_to_A2,1,1
off,scene=base__seed_202__v_p6d7__snr_p30|seed=202|velocity=6.7|snr=30.0|working_point=base,4,protocol_false_detections,A1_to_A3,1,1
off,scene=base__seed_202__v_p6d7__snr_p30|seed=202|velocity=6.7|snr=30.0|working_point=base,-4,protocol_false_detections,A1_to_A2,1,1
off,scene=base__seed_202__v_p6d7__snr_p30|seed=202|velocity=6.7|snr=30.0|working_point=base,-4,protocol_false_detections,A1_to_A3,1,1
off,scene=base__seed_202__v_p6d7__snr_p30|seed=202|velocity=6.7|snr=30.0|working_point=base,8,protocol_false_detections,A1_to_A2,1,1
off,scene=base__seed_202__v_p6d7__snr_p30|seed=202|velocity=6.7|snr=30.0|working_point=base,8,protocol_false_detections,A1_to_A3,1,1
off,scene=base__seed_202__v_p6d7__snr_p30|seed=202|velocity=6.7|snr=30.0|working_point=base,-8,protocol_false_detections,A1_to_A2,1,1
off,scene=base__seed_202__v_p6d7__snr_p30|seed=202|velocity=6.7|snr=30.0|working_point=base,-8,protocol_false_detections,A1_to_A3,1,1
off,scene=base__seed_202__v_p6d7__snr_p35|seed=202|velocity=6.7|snr=35.0|working_point=base,0,protocol_false_detections,A1_to_A2,1,1
off,scene=base__seed_202__v_p6d7__snr_p35|seed=202|velocity=6.7|snr=35.0|working_point=base,0,protocol_false_detections,A1_to_A3,1,1
off,scene=base__seed_202__v_p6d7__snr_p35|seed=202|velocity=6.7|snr=35.0|working_point=base,1,protocol_false_detections,A1_to_A2,1,1
off,scene=base__seed_202__v_p6d7__snr_p35|seed=202|velocity=6.7|snr=35.0|working_point=base,1,protocol_false_detections,A1_to_A3,1,1
off,scene=base__seed_202__v_p6d7__snr_p35|seed=202|velocity=6.7|snr=35.0|working_point=base,-1,protocol_false_detections,A1_to_A2,1,1
off,scene=base__seed_202__v_p6d7__snr_p35|seed=202|velocity=6.7|snr=35.0|working_point=base,-1,protocol_false_detections,A1_to_A3,1,1
off,scene=base__seed_202__v_p6d7__snr_p35|seed=202|velocity=6.7|snr=35.0|working_point=base,2,protocol_false_detections,A1_to_A2,1,1
off,scene=base__seed_202__v_p6d7__snr_p35|seed=202|velocity=6.7|snr=35.0|working_point=base,2,protocol_false_detections,A1_to_A3,1,1
off,scene=base__seed_202__v_p6d7__snr_p35|seed=202|velocity=6.7|snr=35.0|working_point=base,-2,protocol_false_detections,A1_to_A2,1,1
off,scene=base__seed_202__v_p6d7__snr_p35|seed=202|velocity=6.7|snr=35.0|working_point=base,-2,protocol_false_detections,A1_to_A3,1,1
off,scene=base__seed_202__v_p6d7__snr_p35|seed=202|velocity=6.7|snr=35.0|working_point=base,4,protocol_false_detections,A1_to_A2,1,1
off,scene=base__seed_202__v_p6d7__snr_p35|seed=202|velocity=6.7|snr=35.0|working_point=base,4,protocol_false_detections,A1_to_A3,1,1
off,scene=base__seed_202__v_p6d7__snr_p35|seed=202|velocity=6.7|snr=35.0|working_point=base,-4,protocol_false_detections,A1_to_A2,1,1
off,scene=base__seed_202__v_p6d7__snr_p35|seed=202|velocity=6.7|snr=35.0|working_point=base,-4,protocol_false_detections,A1_to_A3,1,1
off,scene=base__seed_202__v_p6d7__snr_p35|seed=202|velocity=6.7|snr=35.0|working_point=base,8,protocol_false_detections,A1_to_A2,1,1
off,scene=base__seed_202__v_p6d7__snr_p35|seed=202|velocity=6.7|snr=35.0|working_point=base,8,protocol_false_detections,A1_to_A3,1,1
off,scene=base__seed_202__v_p6d7__snr_p35|seed=202|velocity=6.7|snr=35.0|working_point=base,-8,protocol_false_detections,A1_to_A2,1,1
off,scene=base__seed_202__v_p6d7__snr_p35|seed=202|velocity=6.7|snr=35.0|working_point=base,-8,protocol_false_detections,A1_to_A3,1,1
off,scene=base__seed_202__v_p12__snr_p30|seed=202|velocity=12.0|snr=30.0|working_point=base,0,protocol_false_detections,A1_to_A2,1,1
off,scene=base__seed_202__v_p12__snr_p30|seed=202|velocity=12.0|snr=30.0|working_point=base,0,protocol_false_detections,A1_to_A3,1,1
off,scene=base__seed_202__v_p12__snr_p30|seed=202|velocity=12.0|snr=30.0|working_point=base,1,protocol_false_detections,A1_to_A2,1,1
off,scene=base__seed_202__v_p12__snr_p30|seed=202|velocity=12.0|snr=30.0|working_point=base,1,protocol_false_detections,A1_to_A3,1,1
off,scene=base__seed_202__v_p12__snr_p30|seed=202|velocity=12.0|snr=30.0|working_point=base,-1,protocol_false_detections,A1_to_A2,1,1
off,scene=base__seed_202__v_p12__snr_p30|seed=202|velocity=12.0|snr=30.0|working_point=base,-1,protocol_false_detections,A1_to_A3,1,1
off,scene=base__seed_202__v_p12__snr_p30|seed=202|velocity=12.0|snr=30.0|working_point=base,2,protocol_false_detections,A1_to_A2,1,1
off,scene=base__seed_202__v_p12__snr_p30|seed=202|velocity=12.0|snr=30.0|working_point=base,2,protocol_false_detections,A1_to_A3,1,1
off,scene=base__seed_202__v_p12__snr_p30|seed=202|velocity=12.0|snr=30.0|working_point=base,-2,protocol_false_detections,A1_to_A2,1,1
off,scene=base__seed_202__v_p12__snr_p30|seed=202|velocity=12.0|snr=30.0|working_point=base,-2,protocol_false_detections,A1_to_A3,1,1
off,scene=base__seed_202__v_p12__snr_p30|seed=202|velocity=12.0|snr=30.0|working_point=base,4,protocol_false_detections,A1_to_A2,1,1
off,scene=base__seed_202__v_p12__snr_p30|seed=202|velocity=12.0|snr=30.0|working_point=base,4,protocol_false_detections,A1_to_A3,1,1
off,scene=base__seed_202__v_p12__snr_p30|seed=202|velocity=12.0|snr=30.0|working_point=base,-4,protocol_false_detections,A1_to_A2,1,1
off,scene=base__seed_202__v_p12__snr_p30|seed=202|velocity=12.0|snr=30.0|working_point=base,-4,protocol_false_detections,A1_to_A3,1,1
off,scene=base__seed_202__v_p12__snr_p30|seed=202|velocity=12.0|snr=30.0|working_point=base,8,protocol_false_detections,A1_to_A2,1,1
off,scene=base__seed_202__v_p12__snr_p30|seed=202|velocity=12.0|snr=30.0|working_point=base,8,protocol_false_detections,A1_to_A3,1,1
off,scene=base__seed_202__v_p12__snr_p30|seed=202|velocity=12.0|snr=30.0|working_point=base,-8,protocol_false_detections,A1_to_A2,1,1
off,scene=base__seed_202__v_p12__snr_p30|seed=202|velocity=12.0|snr=30.0|working_point=base,-8,protocol_false_detections,A1_to_A3,1,1
off,scene=base__seed_202__v_p12__snr_p35|seed=202|velocity=12.0|snr=35.0|working_point=base,0,protocol_false_detections,A1_to_A2,1,1
off,scene=base__seed_202__v_p12__snr_p35|seed=202|velocity=12.0|snr=35.0|working_point=base,0,protocol_false_detections,A1_to_A3,1,1
off,scene=base__seed_202__v_p12__snr_p35|seed=202|velocity=12.0|snr=35.0|working_point=base,1,protocol_false_detections,A1_to_A2,1,1
off,scene=base__seed_202__v_p12__snr_p35|seed=202|velocity=12.0|snr=35.0|working_point=base,1,protocol_false_detections,A1_to_A3,1,1
off,scene=base__seed_202__v_p12__snr_p35|seed=202|velocity=12.0|snr=35.0|working_point=base,-1,protocol_false_detections,A1_to_A2,1,1
off,scene=base__seed_202__v_p12__snr_p35|seed=202|velocity=12.0|snr=35.0|working_point=base,-1,protocol_false_detections,A1_to_A3,1,1
off,scene=base__seed_202__v_p12__snr_p35|seed=202|velocity=12.0|snr=35.0|working_point=base,2,protocol_false_detections,A1_to_A2,1,1
off,scene=base__seed_202__v_p12__snr_p35|seed=202|velocity=12.0|snr=35.0|working_point=base,2,protocol_false_detections,A1_to_A3,1,1
off,scene=base__seed_202__v_p12__snr_p35|seed=202|velocity=12.0|snr=35.0|working_point=base,-2,protocol_false_detections,A1_to_A2,1,1
off,scene=base__seed_202__v_p12__snr_p35|seed=202|velocity=12.0|snr=35.0|working_point=base,-2,protocol_false_detections,A1_to_A3,1,1
off,scene=base__seed_202__v_p12__snr_p35|seed=202|velocity=12.0|snr=35.0|working_point=base,4,protocol_false_detections,A1_to_A2,1,1
off,scene=base__seed_202__v_p12__snr_p35|seed=202|velocity=12.0|snr=35.0|working_point=base,4,protocol_false_detections,A1_to_A3,1,1
off,scene=base__seed_202__v_p12__snr_p35|seed=202|velocity=12.0|snr=35.0|working_point=base,-4,protocol_false_detections,A1_to_A2,1,1
off,scene=base__seed_202__v_p12__snr_p35|seed=202|velocity=12.0|snr=35.0|working_point=base,-4,protocol_false_detections,A1_to_A3,1,1
off,scene=base__seed_202__v_p12__snr_p35|seed=202|velocity=12.0|snr=35.0|working_point=base,8,protocol_false_detections,A1_to_A2,1,1
off,scene=base__seed_202__v_p12__snr_p35|seed=202|velocity=12.0|snr=35.0|working_point=base,8,protocol_false_detections,A1_to_A3,1,1
off,scene=base__seed_202__v_p12__snr_p35|seed=202|velocity=12.0|snr=35.0|working_point=base,-8,protocol_false_detections,A1_to_A2,1,1
off,scene=base__seed_202__v_p12__snr_p35|seed=202|velocity=12.0|snr=35.0|working_point=base,-8,protocol_false_detections,A1_to_A3,1,1
off,scene=base__seed_303__v_p6d7__snr_p30|seed=303|velocity=6.7|snr=30.0|working_point=base,0,protocol_false_detections,A1_to_A2,1,1
off,scene=base__seed_303__v_p6d7__snr_p30|seed=303|velocity=6.7|snr=30.0|working_point=base,0,protocol_false_detections,A1_to_A3,1,1
off,scene=base__seed_303__v_p6d7__snr_p30|seed=303|velocity=6.7|snr=30.0|working_point=base,1,protocol_false_detections,A1_to_A2,1,1
off,scene=base__seed_303__v_p6d7__snr_p30|seed=303|velocity=6.7|snr=30.0|working_point=base,1,protocol_false_detections,A1_to_A3,1,1
off,scene=base__seed_303__v_p6d7__snr_p30|seed=303|velocity=6.7|snr=30.0|working_point=base,-1,protocol_false_detections,A1_to_A2,1,1
off,scene=base__seed_303__v_p6d7__snr_p30|seed=303|velocity=6.7|snr=30.0|working_point=base,-1,protocol_false_detections,A1_to_A3,1,1
off,scene=base__seed_303__v_p6d7__snr_p30|seed=303|velocity=6.7|snr=30.0|working_point=base,2,protocol_false_detections,A1_to_A2,1,1
off,scene=base__seed_303__v_p6d7__snr_p30|seed=303|velocity=6.7|snr=30.0|working_point=base,2,protocol_false_detections,A1_to_A3,1,1
off,scene=base__seed_303__v_p6d7__snr_p30|seed=303|velocity=6.7|snr=30.0|working_point=base,-2,protocol_false_detections,A1_to_A2,1,1
off,scene=base__seed_303__v_p6d7__snr_p30|seed=303|velocity=6.7|snr=30.0|working_point=base,-2,protocol_false_detections,A1_to_A3,1,1
off,scene=base__seed_303__v_p6d7__snr_p30|seed=303|velocity=6.7|snr=30.0|working_point=base,4,protocol_false_detections,A1_to_A2,1,1
off,scene=base__seed_303__v_p6d7__snr_p30|seed=303|velocity=6.7|snr=30.0|working_point=base,4,protocol_false_detections,A1_to_A3,1,1
off,scene=base__seed_303__v_p6d7__snr_p30|seed=303|velocity=6.7|snr=30.0|working_point=base,-4,protocol_false_detections,A1_to_A2,1,1
off,scene=base__seed_303__v_p6d7__snr_p30|seed=303|velocity=6.7|snr=30.0|working_point=base,-4,protocol_false_detections,A1_to_A3,1,1
off,scene=base__seed_303__v_p6d7__snr_p30|seed=303|velocity=6.7|snr=30.0|working_point=base,8,protocol_false_detections,A1_to_A2,1,1
off,scene=base__seed_303__v_p6d7__snr_p30|seed=303|velocity=6.7|snr=30.0|working_point=base,8,protocol_false_detections,A1_to_A3,1,1
off,scene=base__seed_303__v_p6d7__snr_p30|seed=303|velocity=6.7|snr=30.0|working_point=base,-8,protocol_false_detections,A1_to_A2,1,1
off,scene=base__seed_303__v_p6d7__snr_p30|seed=303|velocity=6.7|snr=30.0|working_point=base,-8,protocol_false_detections,A1_to_A3,1,1
off,scene=base__seed_303__v_p6d7__snr_p35|seed=303|velocity=6.7|snr=35.0|working_point=base,0,protocol_false_detections,A1_to_A2,1,1
off,scene=base__seed_303__v_p6d7__snr_p35|seed=303|velocity=6.7|snr=35.0|working_point=base,0,protocol_false_detections,A1_to_A3,1,1
off,scene=base__seed_303__v_p6d7__snr_p35|seed=303|velocity=6.7|snr=35.0|working_point=base,1,protocol_false_detections,A1_to_A2,1,1
off,scene=base__seed_303__v_p6d7__snr_p35|seed=303|velocity=6.7|snr=35.0|working_point=base,1,protocol_false_detections,A1_to_A3,1,1
off,scene=base__seed_303__v_p6d7__snr_p35|seed=303|velocity=6.7|snr=35.0|working_point=base,-1,protocol_false_detections,A1_to_A2,1,1
off,scene=base__seed_303__v_p6d7__snr_p35|seed=303|velocity=6.7|snr=35.0|working_point=base,-1,protocol_false_detections,A1_to_A3,1,1
off,scene=base__seed_303__v_p6d7__snr_p35|seed=303|velocity=6.7|snr=35.0|working_point=base,2,protocol_false_detections,A1_to_A2,1,1
off,scene=base__seed_303__v_p6d7__snr_p35|seed=303|velocity=6.7|snr=35.0|working_point=base,2,protocol_false_detections,A1_to_A3,1,1
off,scene=base__seed_303__v_p6d7__snr_p35|seed=303|velocity=6.7|snr=35.0|working_point=base,-2,protocol_false_detections,A1_to_A2,1,1
off,scene=base__seed_303__v_p6d7__snr_p35|seed=303|velocity=6.7|snr=35.0|working_point=base,-2,protocol_false_detections,A1_to_A3,1,1
off,scene=base__seed_303__v_p6d7__snr_p35|seed=303|velocity=6.7|snr=35.0|working_point=base,4,protocol_false_detections,A1_to_A2,1,1
off,scene=base__seed_303__v_p6d7__snr_p35|seed=303|velocity=6.7|snr=35.0|working_point=base,4,protocol_false_detections,A1_to_A3,1,1
off,scene=base__seed_303__v_p6d7__snr_p35|seed=303|velocity=6.7|snr=35.0|working_point=base,-4,protocol_false_detections,A1_to_A2,1,1
off,scene=base__seed_303__v_p6d7__snr_p35|seed=303|velocity=6.7|snr=35.0|working_point=base,-4,protocol_false_detections,A1_to_A3,1,1
off,scene=base__seed_303__v_p6d7__snr_p35|seed=303|velocity=6.7|snr=35.0|working_point=base,8,protocol_false_detections,A1_to_A2,1,1
off,scene=base__seed_303__v_p6d7__snr_p35|seed=303|velocity=6.7|snr=35.0|working_point=base,8,protocol_false_detections,A1_to_A3,1,1
off,scene=base__seed_303__v_p6d7__snr_p35|seed=303|velocity=6.7|snr=35.0|working_point=base,-8,protocol_false_detections,A1_to_A2,1,1
off,scene=base__seed_303__v_p6d7__snr_p35|seed=303|velocity=6.7|snr=35.0|working_point=base,-8,protocol_false_detections,A1_to_A3,1,1
off,scene=base__seed_303__v_p12__snr_p30|seed=303|velocity=12.0|snr=30.0|working_point=base,0,protocol_false_detections,A1_to_A2,1,1
off,scene=base__seed_303__v_p12__snr_p30|seed=303|velocity=12.0|snr=30.0|working_point=base,0,protocol_false_detections,A1_to_A3,1,1
off,scene=base__seed_303__v_p12__snr_p30|seed=303|velocity=12.0|snr=30.0|working_point=base,1,protocol_false_detections,A1_to_A2,1,1
off,scene=base__seed_303__v_p12__snr_p30|seed=303|velocity=12.0|snr=30.0|working_point=base,1,protocol_false_detections,A1_to_A3,1,1
off,scene=base__seed_303__v_p12__snr_p30|seed=303|velocity=12.0|snr=30.0|working_point=base,-1,protocol_false_detections,A1_to_A2,1,1
off,scene=base__seed_303__v_p12__snr_p30|seed=303|velocity=12.0|snr=30.0|working_point=base,-1,protocol_false_detections,A1_to_A3,1,1
off,scene=base__seed_303__v_p12__snr_p30|seed=303|velocity=12.0|snr=30.0|working_point=base,2,protocol_false_detections,A1_to_A2,1,1
off,scene=base__seed_303__v_p12__snr_p30|seed=303|velocity=12.0|snr=30.0|working_point=base,2,protocol_false_detections,A1_to_A3,1,1
off,scene=base__seed_303__v_p12__snr_p30|seed=303|velocity=12.0|snr=30.0|working_point=base,-2,protocol_false_detections,A1_to_A2,1,1
off,scene=base__seed_303__v_p12__snr_p30|seed=303|velocity=12.0|snr=30.0|working_point=base,-2,protocol_false_detections,A1_to_A3,1,1
off,scene=base__seed_303__v_p12__snr_p30|seed=303|velocity=12.0|snr=30.0|working_point=base,4,protocol_false_detections,A1_to_A2,1,1
off,scene=base__seed_303__v_p12__snr_p30|seed=303|velocity=12.0|snr=30.0|working_point=base,4,protocol_false_detections,A1_to_A3,1,1
off,scene=base__seed_303__v_p12__snr_p30|seed=303|velocity=12.0|snr=30.0|working_point=base,-4,protocol_false_detections,A1_to_A2,1,1
off,scene=base__seed_303__v_p12__snr_p30|seed=303|velocity=12.0|snr=30.0|working_point=base,-4,protocol_false_detections,A1_to_A3,1,1
off,scene=base__seed_303__v_p12__snr_p30|seed=303|velocity=12.0|snr=30.0|working_point=base,8,protocol_false_detections,A1_to_A2,1,1
off,scene=base__seed_303__v_p12__snr_p30|seed=303|velocity=12.0|snr=30.0|working_point=base,8,protocol_false_detections,A1_to_A3,1,1
off,scene=base__seed_303__v_p12__snr_p30|seed=303|velocity=12.0|snr=30.0|working_point=base,-8,protocol_false_detections,A1_to_A2,1,1
off,scene=base__seed_303__v_p12__snr_p30|seed=303|velocity=12.0|snr=30.0|working_point=base,-8,protocol_false_detections,A1_to_A3,1,1
off,scene=base__seed_303__v_p12__snr_p35|seed=303|velocity=12.0|snr=35.0|working_point=base,0,protocol_false_detections,A1_to_A2,1,1
off,scene=base__seed_303__v_p12__snr_p35|seed=303|velocity=12.0|snr=35.0|working_point=base,0,protocol_false_detections,A1_to_A3,1,1
off,scene=base__seed_303__v_p12__snr_p35|seed=303|velocity=12.0|snr=35.0|working_point=base,1,protocol_false_detections,A1_to_A2,1,1
off,scene=base__seed_303__v_p12__snr_p35|seed=303|velocity=12.0|snr=35.0|working_point=base,1,protocol_false_detections,A1_to_A3,1,1
off,scene=base__seed_303__v_p12__snr_p35|seed=303|velocity=12.0|snr=35.0|working_point=base,-1,protocol_false_detections,A1_to_A2,1,1
off,scene=base__seed_303__v_p12__snr_p35|seed=303|velocity=12.0|snr=35.0|working_point=base,-1,protocol_false_detections,A1_to_A3,1,1
off,scene=base__seed_303__v_p12__snr_p35|seed=303|velocity=12.0|snr=35.0|working_point=base,2,protocol_false_detections,A1_to_A2,1,1
off,scene=base__seed_303__v_p12__snr_p35|seed=303|velocity=12.0|snr=35.0|working_point=base,2,protocol_false_detections,A1_to_A3,1,1
off,scene=base__seed_303__v_p12__snr_p35|seed=303|velocity=12.0|snr=35.0|working_point=base,-2,protocol_false_detections,A1_to_A2,1,1
off,scene=base__seed_303__v_p12__snr_p35|seed=303|velocity=12.0|snr=35.0|working_point=base,-2,protocol_false_detections,A1_to_A3,1,1
off,scene=base__seed_303__v_p12__snr_p35|seed=303|velocity=12.0|snr=35.0|working_point=base,4,protocol_false_detections,A1_to_A2,1,1
off,scene=base__seed_303__v_p12__snr_p35|seed=303|velocity=12.0|snr=35.0|working_point=base,4,protocol_false_detections,A1_to_A3,1,1
off,scene=base__seed_303__v_p12__snr_p35|seed=303|velocity=12.0|snr=35.0|working_point=base,-4,protocol_false_detections,A1_to_A2,1,1
off,scene=base__seed_303__v_p12__snr_p35|seed=303|velocity=12.0|snr=35.0|working_point=base,-4,protocol_false_detections,A1_to_A3,1,1
off,scene=base__seed_303__v_p12__snr_p35|seed=303|velocity=12.0|snr=35.0|working_point=base,8,protocol_false_detections,A1_to_A2,1,1
off,scene=base__seed_303__v_p12__snr_p35|seed=303|velocity=12.0|snr=35.0|working_point=base,8,protocol_false_detections,A1_to_A3,1,1
off,scene=base__seed_303__v_p12__snr_p35|seed=303|velocity=12.0|snr=35.0|working_point=base,-8,protocol_false_detections,A1_to_A2,1,1
off,scene=base__seed_303__v_p12__snr_p35|seed=303|velocity=12.0|snr=35.0|working_point=base,-8,protocol_false_detections,A1_to_A3,1,1
off,scene=low_snr__seed_101__v_p6d7__snr_p20|seed=101|velocity=6.7|snr=20.0|working_point=low_snr,0,protocol_false_detections,A1_to_A2,1,1
off,scene=low_snr__seed_101__v_p6d7__snr_p20|seed=101|velocity=6.7|snr=20.0|working_point=low_snr,0,protocol_false_detections,A1_to_A3,1,1
off,scene=low_snr__seed_101__v_p6d7__snr_p20|seed=101|velocity=6.7|snr=20.0|working_point=low_snr,1,protocol_false_detections,A1_to_A2,1,1
off,scene=low_snr__seed_101__v_p6d7__snr_p20|seed=101|velocity=6.7|snr=20.0|working_point=low_snr,1,protocol_false_detections,A1_to_A3,1,1
off,scene=low_snr__seed_101__v_p6d7__snr_p20|seed=101|velocity=6.7|snr=20.0|working_point=low_snr,-1,protocol_false_detections,A1_to_A2,1,1
off,scene=low_snr__seed_101__v_p6d7__snr_p20|seed=101|velocity=6.7|snr=20.0|working_point=low_snr,-1,protocol_false_detections,A1_to_A3,1,1
off,scene=low_snr__seed_101__v_p6d7__snr_p20|seed=101|velocity=6.7|snr=20.0|working_point=low_snr,2,protocol_false_detections,A1_to_A2,1,1
off,scene=low_snr__seed_101__v_p6d7__snr_p20|seed=101|velocity=6.7|snr=20.0|working_point=low_snr,2,protocol_false_detections,A1_to_A3,1,1
off,scene=low_snr__seed_101__v_p6d7__snr_p20|seed=101|velocity=6.7|snr=20.0|working_point=low_snr,-2,protocol_false_detections,A1_to_A2,1,1
off,scene=low_snr__seed_101__v_p6d7__snr_p20|seed=101|velocity=6.7|snr=20.0|working_point=low_snr,-2,protocol_false_detections,A1_to_A3,1,1
off,scene=low_snr__seed_101__v_p6d7__snr_p20|seed=101|velocity=6.7|snr=20.0|working_point=low_snr,4,protocol_false_detections,A1_to_A2,1,1
off,scene=low_snr__seed_101__v_p6d7__snr_p20|seed=101|velocity=6.7|snr=20.0|working_point=low_snr,4,protocol_false_detections,A1_to_A3,1,1
off,scene=low_snr__seed_101__v_p6d7__snr_p20|seed=101|velocity=6.7|snr=20.0|working_point=low_snr,-4,protocol_false_detections,A1_to_A2,1,1
off,scene=low_snr__seed_101__v_p6d7__snr_p20|seed=101|velocity=6.7|snr=20.0|working_point=low_snr,-4,protocol_false_detections,A1_to_A3,1,1
off,scene=low_snr__seed_101__v_p6d7__snr_p20|seed=101|velocity=6.7|snr=20.0|working_point=low_snr,8,protocol_false_detections,A1_to_A2,1,1
off,scene=low_snr__seed_101__v_p6d7__snr_p20|seed=101|velocity=6.7|snr=20.0|working_point=low_snr,8,protocol_false_detections,A1_to_A3,1,1
off,scene=low_snr__seed_101__v_p6d7__snr_p20|seed=101|velocity=6.7|snr=20.0|working_point=low_snr,-8,protocol_false_detections,A1_to_A2,1,1
off,scene=low_snr__seed_101__v_p6d7__snr_p20|seed=101|velocity=6.7|snr=20.0|working_point=low_snr,-8,protocol_false_detections,A1_to_A3,1,1
off,scene=high_velocity__seed_101__v_p12__snr_p30|seed=101|velocity=12.0|snr=30.0|working_point=high_velocity,0,protocol_false_detections,A1_to_A2,1,1
off,scene=high_velocity__seed_101__v_p12__snr_p30|seed=101|velocity=12.0|snr=30.0|working_point=high_velocity,0,protocol_false_detections,A1_to_A3,1,1
off,scene=high_velocity__seed_101__v_p12__snr_p30|seed=101|velocity=12.0|snr=30.0|working_point=high_velocity,1,protocol_false_detections,A1_to_A2,1,1
off,scene=high_velocity__seed_101__v_p12__snr_p30|seed=101|velocity=12.0|snr=30.0|working_point=high_velocity,1,protocol_false_detections,A1_to_A3,1,1
off,scene=high_velocity__seed_101__v_p12__snr_p30|seed=101|velocity=12.0|snr=30.0|working_point=high_velocity,-1,protocol_false_detections,A1_to_A2,1,1
off,scene=high_velocity__seed_101__v_p12__snr_p30|seed=101|velocity=12.0|snr=30.0|working_point=high_velocity,-1,protocol_false_detections,A1_to_A3,1,1
off,scene=high_velocity__seed_101__v_p12__snr_p30|seed=101|velocity=12.0|snr=30.0|working_point=high_velocity,2,protocol_false_detections,A1_to_A2,1,1
off,scene=high_velocity__seed_101__v_p12__snr_p30|seed=101|velocity=12.0|snr=30.0|working_point=high_velocity,2,protocol_false_detections,A1_to_A3,1,1
off,scene=high_velocity__seed_101__v_p12__snr_p30|seed=101|velocity=12.0|snr=30.0|working_point=high_velocity,-2,protocol_false_detections,A1_to_A2,1,1
off,scene=high_velocity__seed_101__v_p12__snr_p30|seed=101|velocity=12.0|snr=30.0|working_point=high_velocity,-2,protocol_false_detections,A1_to_A3,1,1
off,scene=high_velocity__seed_101__v_p12__snr_p30|seed=101|velocity=12.0|snr=30.0|working_point=high_velocity,4,protocol_false_detections,A1_to_A2,1,1
off,scene=high_velocity__seed_101__v_p12__snr_p30|seed=101|velocity=12.0|snr=30.0|working_point=high_velocity,4,protocol_false_detections,A1_to_A3,1,1
off,scene=high_velocity__seed_101__v_p12__snr_p30|seed=101|velocity=12.0|snr=30.0|working_point=high_velocity,-4,protocol_false_detections,A1_to_A2,1,1
off,scene=high_velocity__seed_101__v_p12__snr_p30|seed=101|velocity=12.0|snr=30.0|working_point=high_velocity,-4,protocol_false_detections,A1_to_A3,1,1
off,scene=high_velocity__seed_101__v_p12__snr_p30|seed=101|velocity=12.0|snr=30.0|working_point=high_velocity,8,protocol_false_detections,A1_to_A2,1,1
off,scene=high_velocity__seed_101__v_p12__snr_p30|seed=101|velocity=12.0|snr=30.0|working_point=high_velocity,8,protocol_false_detections,A1_to_A3,1,1
off,scene=high_velocity__seed_101__v_p12__snr_p30|seed=101|velocity=12.0|snr=30.0|working_point=high_velocity,-8,protocol_false_detections,A1_to_A2,1,1
off,scene=high_velocity__seed_101__v_p12__snr_p30|seed=101|velocity=12.0|snr=30.0|working_point=high_velocity,-8,protocol_false_detections,A1_to_A3,1,1
off,scene=alternate_texture_geometry__seed_101__v_p6d7__snr_p30|seed=101|velocity=6.7|snr=30.0|working_point=alternate_texture_geometry,0,protocol_false_detections,A1_to_A2,1,1
off,scene=alternate_texture_geometry__seed_101__v_p6d7__snr_p30|seed=101|velocity=6.7|snr=30.0|working_point=alternate_texture_geometry,0,protocol_false_detections,A1_to_A3,1,1
off,scene=alternate_texture_geometry__seed_101__v_p6d7__snr_p30|seed=101|velocity=6.7|snr=30.0|working_point=alternate_texture_geometry,1,protocol_false_detections,A1_to_A2,1,1
off,scene=alternate_texture_geometry__seed_101__v_p6d7__snr_p30|seed=101|velocity=6.7|snr=30.0|working_point=alternate_texture_geometry,1,protocol_false_detections,A1_to_A3,1,1
off,scene=alternate_texture_geometry__seed_101__v_p6d7__snr_p30|seed=101|velocity=6.7|snr=30.0|working_point=alternate_texture_geometry,-1,protocol_false_detections,A1_to_A2,1,1
off,scene=alternate_texture_geometry__seed_101__v_p6d7__snr_p30|seed=101|velocity=6.7|snr=30.0|working_point=alternate_texture_geometry,-1,protocol_false_detections,A1_to_A3,1,1
off,scene=alternate_texture_geometry__seed_101__v_p6d7__snr_p30|seed=101|velocity=6.7|snr=30.0|working_point=alternate_texture_geometry,2,protocol_false_detections,A1_to_A2,1,1
off,scene=alternate_texture_geometry__seed_101__v_p6d7__snr_p30|seed=101|velocity=6.7|snr=30.0|working_point=alternate_texture_geometry,2,protocol_false_detections,A1_to_A3,1,1
off,scene=alternate_texture_geometry__seed_101__v_p6d7__snr_p30|seed=101|velocity=6.7|snr=30.0|working_point=alternate_texture_geometry,-2,protocol_false_detections,A1_to_A2,1,1
off,scene=alternate_texture_geometry__seed_101__v_p6d7__snr_p30|seed=101|velocity=6.7|snr=30.0|working_point=alternate_texture_geometry,-2,protocol_false_detections,A1_to_A3,1,1
off,scene=alternate_texture_geometry__seed_101__v_p6d7__snr_p30|seed=101|velocity=6.7|snr=30.0|working_point=alternate_texture_geometry,4,protocol_false_detections,A1_to_A2,1,1
off,scene=alternate_texture_geometry__seed_101__v_p6d7__snr_p30|seed=101|velocity=6.7|snr=30.0|working_point=alternate_texture_geometry,4,protocol_false_detections,A1_to_A3,1,1
off,scene=alternate_texture_geometry__seed_101__v_p6d7__snr_p30|seed=101|velocity=6.7|snr=30.0|working_point=alternate_texture_geometry,-4,protocol_false_detections,A1_to_A2,1,1
off,scene=alternate_texture_geometry__seed_101__v_p6d7__snr_p30|seed=101|velocity=6.7|snr=30.0|working_point=alternate_texture_geometry,-4,protocol_false_detections,A1_to_A3,1,1
off,scene=alternate_texture_geometry__seed_101__v_p6d7__snr_p30|seed=101|velocity=6.7|snr=30.0|working_point=alternate_texture_geometry,8,protocol_false_detections,A1_to_A2,1,1
off,scene=alternate_texture_geometry__seed_101__v_p6d7__snr_p30|seed=101|velocity=6.7|snr=30.0|working_point=alternate_texture_geometry,8,protocol_false_detections,A1_to_A3,1,1
off,scene=alternate_texture_geometry__seed_101__v_p6d7__snr_p30|seed=101|velocity=6.7|snr=30.0|working_point=alternate_texture_geometry,-8,protocol_false_detections,A1_to_A2,1,1
off,scene=alternate_texture_geometry__seed_101__v_p6d7__snr_p30|seed=101|velocity=6.7|snr=30.0|working_point=alternate_texture_geometry,-8,protocol_false_detections,A1_to_A3,1,1
track,scene=base__seed_101__v_p6d7__snr_p30|seed=101|velocity=6.7|snr=30.0|working_point=base,0,angle_rmse_deg,A1_to_A2,1,1
track,scene=base__seed_101__v_p6d7__snr_p30|seed=101|velocity=6.7|snr=30.0|working_point=base,0,angle_rmse_deg,A1_to_A3,1,1
track,scene=base__seed_101__v_p6d7__snr_p30|seed=101|velocity=6.7|snr=30.0|working_point=base,1,angle_rmse_deg,A1_to_A2,1,1
track,scene=base__seed_101__v_p6d7__snr_p30|seed=101|velocity=6.7|snr=30.0|working_point=base,1,angle_rmse_deg,A1_to_A3,1,1
track,scene=base__seed_101__v_p6d7__snr_p30|seed=101|velocity=6.7|snr=30.0|working_point=base,-1,angle_rmse_deg,A1_to_A2,1,1
track,scene=base__seed_101__v_p6d7__snr_p30|seed=101|velocity=6.7|snr=30.0|working_point=base,-1,angle_rmse_deg,A1_to_A3,1,1
track,scene=base__seed_101__v_p6d7__snr_p30|seed=101|velocity=6.7|snr=30.0|working_point=base,2,angle_rmse_deg,A1_to_A2,1,1
track,scene=base__seed_101__v_p6d7__snr_p30|seed=101|velocity=6.7|snr=30.0|working_point=base,2,angle_rmse_deg,A1_to_A3,1,1
track,scene=base__seed_101__v_p6d7__snr_p30|seed=101|velocity=6.7|snr=30.0|working_point=base,-2,angle_rmse_deg,A1_to_A2,1,1
track,scene=base__seed_101__v_p6d7__snr_p30|seed=101|velocity=6.7|snr=30.0|working_point=base,-2,angle_rmse_deg,A1_to_A3,1,1
track,scene=base__seed_101__v_p6d7__snr_p30|seed=101|velocity=6.7|snr=30.0|working_point=base,4,angle_rmse_deg,A1_to_A2,1,1
track,scene=base__seed_101__v_p6d7__snr_p30|seed=101|velocity=6.7|snr=30.0|working_point=base,4,angle_rmse_deg,A1_to_A3,1,1
track,scene=base__seed_101__v_p6d7__snr_p30|seed=101|velocity=6.7|snr=30.0|working_point=base,-4,angle_rmse_deg,A1_to_A2,1,1
track,scene=base__seed_101__v_p6d7__snr_p30|seed=101|velocity=6.7|snr=30.0|working_point=base,-4,angle_rmse_deg,A1_to_A3,1,1
track,scene=base__seed_101__v_p6d7__snr_p30|seed=101|velocity=6.7|snr=30.0|working_point=base,8,angle_rmse_deg,A1_to_A2,1,1
track,scene=base__seed_101__v_p6d7__snr_p30|seed=101|velocity=6.7|snr=30.0|working_point=base,8,angle_rmse_deg,A1_to_A3,1,1
track,scene=base__seed_101__v_p6d7__snr_p30|seed=101|velocity=6.7|snr=30.0|working_point=base,-8,angle_rmse_deg,A1_to_A2,1,1
track,scene=base__seed_101__v_p6d7__snr_p30|seed=101|velocity=6.7|snr=30.0|working_point=base,-8,angle_rmse_deg,A1_to_A3,1,1
track,scene=base__seed_101__v_p6d7__snr_p35|seed=101|velocity=6.7|snr=35.0|working_point=base,0,angle_rmse_deg,A1_to_A2,1,1
track,scene=base__seed_101__v_p6d7__snr_p35|seed=101|velocity=6.7|snr=35.0|working_point=base,0,angle_rmse_deg,A1_to_A3,1,1
track,scene=base__seed_101__v_p6d7__snr_p35|seed=101|velocity=6.7|snr=35.0|working_point=base,1,angle_rmse_deg,A1_to_A2,1,1
track,scene=base__seed_101__v_p6d7__snr_p35|seed=101|velocity=6.7|snr=35.0|working_point=base,1,angle_rmse_deg,A1_to_A3,1,1
track,scene=base__seed_101__v_p6d7__snr_p35|seed=101|velocity=6.7|snr=35.0|working_point=base,-1,angle_rmse_deg,A1_to_A2,1,1
track,scene=base__seed_101__v_p6d7__snr_p35|seed=101|velocity=6.7|snr=35.0|working_point=base,-1,angle_rmse_deg,A1_to_A3,1,1
track,scene=base__seed_101__v_p6d7__snr_p35|seed=101|velocity=6.7|snr=35.0|working_point=base,2,angle_rmse_deg,A1_to_A2,1,1
track,scene=base__seed_101__v_p6d7__snr_p35|seed=101|velocity=6.7|snr=35.0|working_point=base,2,angle_rmse_deg,A1_to_A3,1,1
track,scene=base__seed_101__v_p6d7__snr_p35|seed=101|velocity=6.7|snr=35.0|working_point=base,-2,angle_rmse_deg,A1_to_A2,1,1
track,scene=base__seed_101__v_p6d7__snr_p35|seed=101|velocity=6.7|snr=35.0|working_point=base,-2,angle_rmse_deg,A1_to_A3,1,1
track,scene=base__seed_101__v_p6d7__snr_p35|seed=101|velocity=6.7|snr=35.0|working_point=base,4,angle_rmse_deg,A1_to_A2,1,1
track,scene=base__seed_101__v_p6d7__snr_p35|seed=101|velocity=6.7|snr=35.0|working_point=base,4,angle_rmse_deg,A1_to_A3,1,1
track,scene=base__seed_101__v_p6d7__snr_p35|seed=101|velocity=6.7|snr=35.0|working_point=base,-4,angle_rmse_deg,A1_to_A2,1,1
track,scene=base__seed_101__v_p6d7__snr_p35|seed=101|velocity=6.7|snr=35.0|working_point=base,-4,angle_rmse_deg,A1_to_A3,1,1
track,scene=base__seed_101__v_p6d7__snr_p35|seed=101|velocity=6.7|snr=35.0|working_point=base,8,angle_rmse_deg,A1_to_A2,1,1
track,scene=base__seed_101__v_p6d7__snr_p35|seed=101|velocity=6.7|snr=35.0|working_point=base,8,angle_rmse_deg,A1_to_A3,1,1
track,scene=base__seed_101__v_p6d7__snr_p35|seed=101|velocity=6.7|snr=35.0|working_point=base,-8,angle_rmse_deg,A1_to_A2,1,1
track,scene=base__seed_101__v_p6d7__snr_p35|seed=101|velocity=6.7|snr=35.0|working_point=base,-8,angle_rmse_deg,A1_to_A3,1,1
track,scene=base__seed_101__v_p12__snr_p30|seed=101|velocity=12.0|snr=30.0|working_point=base,0,angle_rmse_deg,A1_to_A2,1,1
track,scene=base__seed_101__v_p12__snr_p30|seed=101|velocity=12.0|snr=30.0|working_point=base,0,angle_rmse_deg,A1_to_A3,1,1
track,scene=base__seed_101__v_p12__snr_p30|seed=101|velocity=12.0|snr=30.0|working_point=base,1,angle_rmse_deg,A1_to_A2,1,1
track,scene=base__seed_101__v_p12__snr_p30|seed=101|velocity=12.0|snr=30.0|working_point=base,1,angle_rmse_deg,A1_to_A3,1,1
track,scene=base__seed_101__v_p12__snr_p30|seed=101|velocity=12.0|snr=30.0|working_point=base,-1,angle_rmse_deg,A1_to_A2,1,1
track,scene=base__seed_101__v_p12__snr_p30|seed=101|velocity=12.0|snr=30.0|working_point=base,-1,angle_rmse_deg,A1_to_A3,1,1
track,scene=base__seed_101__v_p12__snr_p30|seed=101|velocity=12.0|snr=30.0|working_point=base,2,angle_rmse_deg,A1_to_A2,1,1
track,scene=base__seed_101__v_p12__snr_p30|seed=101|velocity=12.0|snr=30.0|working_point=base,2,angle_rmse_deg,A1_to_A3,1,1
track,scene=base__seed_101__v_p12__snr_p30|seed=101|velocity=12.0|snr=30.0|working_point=base,-2,angle_rmse_deg,A1_to_A2,1,1
track,scene=base__seed_101__v_p12__snr_p30|seed=101|velocity=12.0|snr=30.0|working_point=base,-2,angle_rmse_deg,A1_to_A3,1,1
track,scene=base__seed_101__v_p12__snr_p30|seed=101|velocity=12.0|snr=30.0|working_point=base,4,angle_rmse_deg,A1_to_A2,1,1
track,scene=base__seed_101__v_p12__snr_p30|seed=101|velocity=12.0|snr=30.0|working_point=base,4,angle_rmse_deg,A1_to_A3,1,1
track,scene=base__seed_101__v_p12__snr_p30|seed=101|velocity=12.0|snr=30.0|working_point=base,-4,angle_rmse_deg,A1_to_A2,1,1
track,scene=base__seed_101__v_p12__snr_p30|seed=101|velocity=12.0|snr=30.0|working_point=base,-4,angle_rmse_deg,A1_to_A3,1,1
track,scene=base__seed_101__v_p12__snr_p30|seed=101|velocity=12.0|snr=30.0|working_point=base,8,angle_rmse_deg,A1_to_A2,1,1
track,scene=base__seed_101__v_p12__snr_p30|seed=101|velocity=12.0|snr=30.0|working_point=base,8,angle_rmse_deg,A1_to_A3,1,1
track,scene=base__seed_101__v_p12__snr_p30|seed=101|velocity=12.0|snr=30.0|working_point=base,-8,angle_rmse_deg,A1_to_A2,1,1
track,scene=base__seed_101__v_p12__snr_p30|seed=101|velocity=12.0|snr=30.0|working_point=base,-8,angle_rmse_deg,A1_to_A3,1,1
track,scene=base__seed_101__v_p12__snr_p35|seed=101|velocity=12.0|snr=35.0|working_point=base,0,angle_rmse_deg,A1_to_A2,1,1
track,scene=base__seed_101__v_p12__snr_p35|seed=101|velocity=12.0|snr=35.0|working_point=base,0,angle_rmse_deg,A1_to_A3,1,1
track,scene=base__seed_101__v_p12__snr_p35|seed=101|velocity=12.0|snr=35.0|working_point=base,1,angle_rmse_deg,A1_to_A2,1,1
track,scene=base__seed_101__v_p12__snr_p35|seed=101|velocity=12.0|snr=35.0|working_point=base,1,angle_rmse_deg,A1_to_A3,1,1
track,scene=base__seed_101__v_p12__snr_p35|seed=101|velocity=12.0|snr=35.0|working_point=base,-1,angle_rmse_deg,A1_to_A2,1,1
track,scene=base__seed_101__v_p12__snr_p35|seed=101|velocity=12.0|snr=35.0|working_point=base,-1,angle_rmse_deg,A1_to_A3,1,1
track,scene=base__seed_101__v_p12__snr_p35|seed=101|velocity=12.0|snr=35.0|working_point=base,2,angle_rmse_deg,A1_to_A2,1,1
track,scene=base__seed_101__v_p12__snr_p35|seed=101|velocity=12.0|snr=35.0|working_point=base,2,angle_rmse_deg,A1_to_A3,1,1
track,scene=base__seed_101__v_p12__snr_p35|seed=101|velocity=12.0|snr=35.0|working_point=base,-2,angle_rmse_deg,A1_to_A2,1,1
track,scene=base__seed_101__v_p12__snr_p35|seed=101|velocity=12.0|snr=35.0|working_point=base,-2,angle_rmse_deg,A1_to_A3,1,1
track,scene=base__seed_101__v_p12__snr_p35|seed=101|velocity=12.0|snr=35.0|working_point=base,4,angle_rmse_deg,A1_to_A2,1,1
track,scene=base__seed_101__v_p12__snr_p35|seed=101|velocity=12.0|snr=35.0|working_point=base,4,angle_rmse_deg,A1_to_A3,1,1
track,scene=base__seed_101__v_p12__snr_p35|seed=101|velocity=12.0|snr=35.0|working_point=base,-4,angle_rmse_deg,A1_to_A2,1,1
track,scene=base__seed_101__v_p12__snr_p35|seed=101|velocity=12.0|snr=35.0|working_point=base,-4,angle_rmse_deg,A1_to_A3,1,1
track,scene=base__seed_101__v_p12__snr_p35|seed=101|velocity=12.0|snr=35.0|working_point=base,8,angle_rmse_deg,A1_to_A2,1,1
track,scene=base__seed_101__v_p12__snr_p35|seed=101|velocity=12.0|snr=35.0|working_point=base,8,angle_rmse_deg,A1_to_A3,1,1
track,scene=base__seed_101__v_p12__snr_p35|seed=101|velocity=12.0|snr=35.0|working_point=base,-8,angle_rmse_deg,A1_to_A2,1,1
track,scene=base__seed_101__v_p12__snr_p35|seed=101|velocity=12.0|snr=35.0|working_point=base,-8,angle_rmse_deg,A1_to_A3,1,1
track,scene=base__seed_202__v_p6d7__snr_p30|seed=202|velocity=6.7|snr=30.0|working_point=base,0,angle_rmse_deg,A1_to_A2,1,1
track,scene=base__seed_202__v_p6d7__snr_p30|seed=202|velocity=6.7|snr=30.0|working_point=base,0,angle_rmse_deg,A1_to_A3,1,1
track,scene=base__seed_202__v_p6d7__snr_p30|seed=202|velocity=6.7|snr=30.0|working_point=base,1,angle_rmse_deg,A1_to_A2,1,1
track,scene=base__seed_202__v_p6d7__snr_p30|seed=202|velocity=6.7|snr=30.0|working_point=base,1,angle_rmse_deg,A1_to_A3,1,1
track,scene=base__seed_202__v_p6d7__snr_p30|seed=202|velocity=6.7|snr=30.0|working_point=base,-1,angle_rmse_deg,A1_to_A2,1,1
track,scene=base__seed_202__v_p6d7__snr_p30|seed=202|velocity=6.7|snr=30.0|working_point=base,-1,angle_rmse_deg,A1_to_A3,1,1
track,scene=base__seed_202__v_p6d7__snr_p30|seed=202|velocity=6.7|snr=30.0|working_point=base,2,angle_rmse_deg,A1_to_A2,1,1
track,scene=base__seed_202__v_p6d7__snr_p30|seed=202|velocity=6.7|snr=30.0|working_point=base,2,angle_rmse_deg,A1_to_A3,1,1
track,scene=base__seed_202__v_p6d7__snr_p30|seed=202|velocity=6.7|snr=30.0|working_point=base,-2,angle_rmse_deg,A1_to_A2,1,1
track,scene=base__seed_202__v_p6d7__snr_p30|seed=202|velocity=6.7|snr=30.0|working_point=base,-2,angle_rmse_deg,A1_to_A3,1,1
track,scene=base__seed_202__v_p6d7__snr_p30|seed=202|velocity=6.7|snr=30.0|working_point=base,4,angle_rmse_deg,A1_to_A2,1,1
track,scene=base__seed_202__v_p6d7__snr_p30|seed=202|velocity=6.7|snr=30.0|working_point=base,4,angle_rmse_deg,A1_to_A3,1,1
track,scene=base__seed_202__v_p6d7__snr_p30|seed=202|velocity=6.7|snr=30.0|working_point=base,-4,angle_rmse_deg,A1_to_A2,1,1
track,scene=base__seed_202__v_p6d7__snr_p30|seed=202|velocity=6.7|snr=30.0|working_point=base,-4,angle_rmse_deg,A1_to_A3,1,1
track,scene=base__seed_202__v_p6d7__snr_p30|seed=202|velocity=6.7|snr=30.0|working_point=base,8,angle_rmse_deg,A1_to_A2,1,1
track,scene=base__seed_202__v_p6d7__snr_p30|seed=202|velocity=6.7|snr=30.0|working_point=base,8,angle_rmse_deg,A1_to_A3,1,1
track,scene=base__seed_202__v_p6d7__snr_p30|seed=202|velocity=6.7|snr=30.0|working_point=base,-8,angle_rmse_deg,A1_to_A2,1,1
track,scene=base__seed_202__v_p6d7__snr_p30|seed=202|velocity=6.7|snr=30.0|working_point=base,-8,angle_rmse_deg,A1_to_A3,1,1
track,scene=base__seed_202__v_p6d7__snr_p35|seed=202|velocity=6.7|snr=35.0|working_point=base,0,angle_rmse_deg,A1_to_A2,1,1
track,scene=base__seed_202__v_p6d7__snr_p35|seed=202|velocity=6.7|snr=35.0|working_point=base,0,angle_rmse_deg,A1_to_A3,1,1
track,scene=base__seed_202__v_p6d7__snr_p35|seed=202|velocity=6.7|snr=35.0|working_point=base,1,angle_rmse_deg,A1_to_A2,1,1
track,scene=base__seed_202__v_p6d7__snr_p35|seed=202|velocity=6.7|snr=35.0|working_point=base,1,angle_rmse_deg,A1_to_A3,1,1
track,scene=base__seed_202__v_p6d7__snr_p35|seed=202|velocity=6.7|snr=35.0|working_point=base,-1,angle_rmse_deg,A1_to_A2,1,1
track,scene=base__seed_202__v_p6d7__snr_p35|seed=202|velocity=6.7|snr=35.0|working_point=base,-1,angle_rmse_deg,A1_to_A3,1,1
track,scene=base__seed_202__v_p6d7__snr_p35|seed=202|velocity=6.7|snr=35.0|working_point=base,2,angle_rmse_deg,A1_to_A2,1,1
track,scene=base__seed_202__v_p6d7__snr_p35|seed=202|velocity=6.7|snr=35.0|working_point=base,2,angle_rmse_deg,A1_to_A3,1,1
track,scene=base__seed_202__v_p6d7__snr_p35|seed=202|velocity=6.7|snr=35.0|working_point=base,-2,angle_rmse_deg,A1_to_A2,1,1
track,scene=base__seed_202__v_p6d7__snr_p35|seed=202|velocity=6.7|snr=35.0|working_point=base,-2,angle_rmse_deg,A1_to_A3,1,1
track,scene=base__seed_202__v_p6d7__snr_p35|seed=202|velocity=6.7|snr=35.0|working_point=base,4,angle_rmse_deg,A1_to_A2,1,1
track,scene=base__seed_202__v_p6d7__snr_p35|seed=202|velocity=6.7|snr=35.0|working_point=base,4,angle_rmse_deg,A1_to_A3,1,1
track,scene=base__seed_202__v_p6d7__snr_p35|seed=202|velocity=6.7|snr=35.0|working_point=base,-4,angle_rmse_deg,A1_to_A2,1,1
track,scene=base__seed_202__v_p6d7__snr_p35|seed=202|velocity=6.7|snr=35.0|working_point=base,-4,angle_rmse_deg,A1_to_A3,1,1
track,scene=base__seed_202__v_p6d7__snr_p35|seed=202|velocity=6.7|snr=35.0|working_point=base,8,angle_rmse_deg,A1_to_A2,1,1
track,scene=base__seed_202__v_p6d7__snr_p35|seed=202|velocity=6.7|snr=35.0|working_point=base,8,angle_rmse_deg,A1_to_A3,1,1
track,scene=base__seed_202__v_p6d7__snr_p35|seed=202|velocity=6.7|snr=35.0|working_point=base,-8,angle_rmse_deg,A1_to_A2,1,1
track,scene=base__seed_202__v_p6d7__snr_p35|seed=202|velocity=6.7|snr=35.0|working_point=base,-8,angle_rmse_deg,A1_to_A3,1,1
track,scene=base__seed_202__v_p12__snr_p30|seed=202|velocity=12.0|snr=30.0|working_point=base,0,angle_rmse_deg,A1_to_A2,1,1
track,scene=base__seed_202__v_p12__snr_p30|seed=202|velocity=12.0|snr=30.0|working_point=base,0,angle_rmse_deg,A1_to_A3,1,1
track,scene=base__seed_202__v_p12__snr_p30|seed=202|velocity=12.0|snr=30.0|working_point=base,1,angle_rmse_deg,A1_to_A2,1,1
track,scene=base__seed_202__v_p12__snr_p30|seed=202|velocity=12.0|snr=30.0|working_point=base,1,angle_rmse_deg,A1_to_A3,1,1
track,scene=base__seed_202__v_p12__snr_p30|seed=202|velocity=12.0|snr=30.0|working_point=base,-1,angle_rmse_deg,A1_to_A2,1,1
track,scene=base__seed_202__v_p12__snr_p30|seed=202|velocity=12.0|snr=30.0|working_point=base,-1,angle_rmse_deg,A1_to_A3,1,1
track,scene=base__seed_202__v_p12__snr_p30|seed=202|velocity=12.0|snr=30.0|working_point=base,2,angle_rmse_deg,A1_to_A2,1,1
track,scene=base__seed_202__v_p12__snr_p30|seed=202|velocity=12.0|snr=30.0|working_point=base,2,angle_rmse_deg,A1_to_A3,1,1
track,scene=base__seed_202__v_p12__snr_p30|seed=202|velocity=12.0|snr=30.0|working_point=base,-2,angle_rmse_deg,A1_to_A2,1,1
track,scene=base__seed_202__v_p12__snr_p30|seed=202|velocity=12.0|snr=30.0|working_point=base,-2,angle_rmse_deg,A1_to_A3,1,1
track,scene=base__seed_202__v_p12__snr_p30|seed=202|velocity=12.0|snr=30.0|working_point=base,4,angle_rmse_deg,A1_to_A2,1,1
track,scene=base__seed_202__v_p12__snr_p30|seed=202|velocity=12.0|snr=30.0|working_point=base,4,angle_rmse_deg,A1_to_A3,1,1
track,scene=base__seed_202__v_p12__snr_p30|seed=202|velocity=12.0|snr=30.0|working_point=base,-4,angle_rmse_deg,A1_to_A2,1,1
track,scene=base__seed_202__v_p12__snr_p30|seed=202|velocity=12.0|snr=30.0|working_point=base,-4,angle_rmse_deg,A1_to_A3,1,1
track,scene=base__seed_202__v_p12__snr_p30|seed=202|velocity=12.0|snr=30.0|working_point=base,8,angle_rmse_deg,A1_to_A2,1,1
track,scene=base__seed_202__v_p12__snr_p30|seed=202|velocity=12.0|snr=30.0|working_point=base,8,angle_rmse_deg,A1_to_A3,1,1
track,scene=base__seed_202__v_p12__snr_p30|seed=202|velocity=12.0|snr=30.0|working_point=base,-8,angle_rmse_deg,A1_to_A2,1,1
track,scene=base__seed_202__v_p12__snr_p30|seed=202|velocity=12.0|snr=30.0|working_point=base,-8,angle_rmse_deg,A1_to_A3,1,1
track,scene=base__seed_202__v_p12__snr_p35|seed=202|velocity=12.0|snr=35.0|working_point=base,0,angle_rmse_deg,A1_to_A2,1,1
track,scene=base__seed_202__v_p12__snr_p35|seed=202|velocity=12.0|snr=35.0|working_point=base,0,angle_rmse_deg,A1_to_A3,1,1
track,scene=base__seed_202__v_p12__snr_p35|seed=202|velocity=12.0|snr=35.0|working_point=base,1,angle_rmse_deg,A1_to_A2,1,1
track,scene=base__seed_202__v_p12__snr_p35|seed=202|velocity=12.0|snr=35.0|working_point=base,1,angle_rmse_deg,A1_to_A3,1,1
track,scene=base__seed_202__v_p12__snr_p35|seed=202|velocity=12.0|snr=35.0|working_point=base,-1,angle_rmse_deg,A1_to_A2,1,1
track,scene=base__seed_202__v_p12__snr_p35|seed=202|velocity=12.0|snr=35.0|working_point=base,-1,angle_rmse_deg,A1_to_A3,1,1
track,scene=base__seed_202__v_p12__snr_p35|seed=202|velocity=12.0|snr=35.0|working_point=base,2,angle_rmse_deg,A1_to_A2,1,1
track,scene=base__seed_202__v_p12__snr_p35|seed=202|velocity=12.0|snr=35.0|working_point=base,2,angle_rmse_deg,A1_to_A3,1,1
track,scene=base__seed_202__v_p12__snr_p35|seed=202|velocity=12.0|snr=35.0|working_point=base,-2,angle_rmse_deg,A1_to_A2,1,1
track,scene=base__seed_202__v_p12__snr_p35|seed=202|velocity=12.0|snr=35.0|working_point=base,-2,angle_rmse_deg,A1_to_A3,1,1
track,scene=base__seed_202__v_p12__snr_p35|seed=202|velocity=12.0|snr=35.0|working_point=base,4,angle_rmse_deg,A1_to_A2,1,1
track,scene=base__seed_202__v_p12__snr_p35|seed=202|velocity=12.0|snr=35.0|working_point=base,4,angle_rmse_deg,A1_to_A3,1,1
track,scene=base__seed_202__v_p12__snr_p35|seed=202|velocity=12.0|snr=35.0|working_point=base,-4,angle_rmse_deg,A1_to_A2,1,1
track,scene=base__seed_202__v_p12__snr_p35|seed=202|velocity=12.0|snr=35.0|working_point=base,-4,angle_rmse_deg,A1_to_A3,1,1
track,scene=base__seed_202__v_p12__snr_p35|seed=202|velocity=12.0|snr=35.0|working_point=base,8,angle_rmse_deg,A1_to_A2,1,1
track,scene=base__seed_202__v_p12__snr_p35|seed=202|velocity=12.0|snr=35.0|working_point=base,8,angle_rmse_deg,A1_to_A3,1,1
track,scene=base__seed_202__v_p12__snr_p35|seed=202|velocity=12.0|snr=35.0|working_point=base,-8,angle_rmse_deg,A1_to_A2,1,1
track,scene=base__seed_202__v_p12__snr_p35|seed=202|velocity=12.0|snr=35.0|working_point=base,-8,angle_rmse_deg,A1_to_A3,1,1
track,scene=base__seed_303__v_p6d7__snr_p30|seed=303|velocity=6.7|snr=30.0|working_point=base,0,angle_rmse_deg,A1_to_A2,1,1
track,scene=base__seed_303__v_p6d7__snr_p30|seed=303|velocity=6.7|snr=30.0|working_point=base,0,angle_rmse_deg,A1_to_A3,1,1
track,scene=base__seed_303__v_p6d7__snr_p30|seed=303|velocity=6.7|snr=30.0|working_point=base,1,angle_rmse_deg,A1_to_A2,1,1
track,scene=base__seed_303__v_p6d7__snr_p30|seed=303|velocity=6.7|snr=30.0|working_point=base,1,angle_rmse_deg,A1_to_A3,1,1
track,scene=base__seed_303__v_p6d7__snr_p30|seed=303|velocity=6.7|snr=30.0|working_point=base,-1,angle_rmse_deg,A1_to_A2,1,1
track,scene=base__seed_303__v_p6d7__snr_p30|seed=303|velocity=6.7|snr=30.0|working_point=base,-1,angle_rmse_deg,A1_to_A3,1,1
track,scene=base__seed_303__v_p6d7__snr_p30|seed=303|velocity=6.7|snr=30.0|working_point=base,2,angle_rmse_deg,A1_to_A2,1,1
track,scene=base__seed_303__v_p6d7__snr_p30|seed=303|velocity=6.7|snr=30.0|working_point=base,2,angle_rmse_deg,A1_to_A3,1,1
track,scene=base__seed_303__v_p6d7__snr_p30|seed=303|velocity=6.7|snr=30.0|working_point=base,-2,angle_rmse_deg,A1_to_A2,1,1
track,scene=base__seed_303__v_p6d7__snr_p30|seed=303|velocity=6.7|snr=30.0|working_point=base,-2,angle_rmse_deg,A1_to_A3,1,1
track,scene=base__seed_303__v_p6d7__snr_p30|seed=303|velocity=6.7|snr=30.0|working_point=base,4,angle_rmse_deg,A1_to_A2,1,1
track,scene=base__seed_303__v_p6d7__snr_p30|seed=303|velocity=6.7|snr=30.0|working_point=base,4,angle_rmse_deg,A1_to_A3,1,1
track,scene=base__seed_303__v_p6d7__snr_p30|seed=303|velocity=6.7|snr=30.0|working_point=base,-4,angle_rmse_deg,A1_to_A2,1,1
track,scene=base__seed_303__v_p6d7__snr_p30|seed=303|velocity=6.7|snr=30.0|working_point=base,-4,angle_rmse_deg,A1_to_A3,1,1
track,scene=base__seed_303__v_p6d7__snr_p30|seed=303|velocity=6.7|snr=30.0|working_point=base,8,angle_rmse_deg,A1_to_A2,1,1
track,scene=base__seed_303__v_p6d7__snr_p30|seed=303|velocity=6.7|snr=30.0|working_point=base,8,angle_rmse_deg,A1_to_A3,1,1
track,scene=base__seed_303__v_p6d7__snr_p30|seed=303|velocity=6.7|snr=30.0|working_point=base,-8,angle_rmse_deg,A1_to_A2,1,1
track,scene=base__seed_303__v_p6d7__snr_p30|seed=303|velocity=6.7|snr=30.0|working_point=base,-8,angle_rmse_deg,A1_to_A3,1,1
track,scene=base__seed_303__v_p6d7__snr_p35|seed=303|velocity=6.7|snr=35.0|working_point=base,0,angle_rmse_deg,A1_to_A2,1,1
track,scene=base__seed_303__v_p6d7__snr_p35|seed=303|velocity=6.7|snr=35.0|working_point=base,0,angle_rmse_deg,A1_to_A3,1,1
track,scene=base__seed_303__v_p6d7__snr_p35|seed=303|velocity=6.7|snr=35.0|working_point=base,1,angle_rmse_deg,A1_to_A2,1,1
track,scene=base__seed_303__v_p6d7__snr_p35|seed=303|velocity=6.7|snr=35.0|working_point=base,1,angle_rmse_deg,A1_to_A3,1,1
track,scene=base__seed_303__v_p6d7__snr_p35|seed=303|velocity=6.7|snr=35.0|working_point=base,-1,angle_rmse_deg,A1_to_A2,1,1
track,scene=base__seed_303__v_p6d7__snr_p35|seed=303|velocity=6.7|snr=35.0|working_point=base,-1,angle_rmse_deg,A1_to_A3,1,1
track,scene=base__seed_303__v_p6d7__snr_p35|seed=303|velocity=6.7|snr=35.0|working_point=base,2,angle_rmse_deg,A1_to_A2,1,1
track,scene=base__seed_303__v_p6d7__snr_p35|seed=303|velocity=6.7|snr=35.0|working_point=base,2,angle_rmse_deg,A1_to_A3,1,1
track,scene=base__seed_303__v_p6d7__snr_p35|seed=303|velocity=6.7|snr=35.0|working_point=base,-2,angle_rmse_deg,A1_to_A2,1,1
track,scene=base__seed_303__v_p6d7__snr_p35|seed=303|velocity=6.7|snr=35.0|working_point=base,-2,angle_rmse_deg,A1_to_A3,1,1
track,scene=base__seed_303__v_p6d7__snr_p35|seed=303|velocity=6.7|snr=35.0|working_point=base,4,angle_rmse_deg,A1_to_A2,1,1
track,scene=base__seed_303__v_p6d7__snr_p35|seed=303|velocity=6.7|snr=35.0|working_point=base,4,angle_rmse_deg,A1_to_A3,1,1
track,scene=base__seed_303__v_p6d7__snr_p35|seed=303|velocity=6.7|snr=35.0|working_point=base,-4,angle_rmse_deg,A1_to_A2,1,1
track,scene=base__seed_303__v_p6d7__snr_p35|seed=303|velocity=6.7|snr=35.0|working_point=base,-4,angle_rmse_deg,A1_to_A3,1,1
track,scene=base__seed_303__v_p6d7__snr_p35|seed=303|velocity=6.7|snr=35.0|working_point=base,8,angle_rmse_deg,A1_to_A2,1,1
track,scene=base__seed_303__v_p6d7__snr_p35|seed=303|velocity=6.7|snr=35.0|working_point=base,8,angle_rmse_deg,A1_to_A3,1,1
track,scene=base__seed_303__v_p6d7__snr_p35|seed=303|velocity=6.7|snr=35.0|working_point=base,-8,angle_rmse_deg,A1_to_A2,1,1
track,scene=base__seed_303__v_p6d7__snr_p35|seed=303|velocity=6.7|snr=35.0|working_point=base,-8,angle_rmse_deg,A1_to_A3,1,1
track,scene=base__seed_303__v_p12__snr_p30|seed=303|velocity=12.0|snr=30.0|working_point=base,0,angle_rmse_deg,A1_to_A2,1,1
track,scene=base__seed_303__v_p12__snr_p30|seed=303|velocity=12.0|snr=30.0|working_point=base,0,angle_rmse_deg,A1_to_A3,1,1
track,scene=base__seed_303__v_p12__snr_p30|seed=303|velocity=12.0|snr=30.0|working_point=base,1,angle_rmse_deg,A1_to_A2,1,1
track,scene=base__seed_303__v_p12__snr_p30|seed=303|velocity=12.0|snr=30.0|working_point=base,1,angle_rmse_deg,A1_to_A3,1,1
track,scene=base__seed_303__v_p12__snr_p30|seed=303|velocity=12.0|snr=30.0|working_point=base,-1,angle_rmse_deg,A1_to_A2,1,1
track,scene=base__seed_303__v_p12__snr_p30|seed=303|velocity=12.0|snr=30.0|working_point=base,-1,angle_rmse_deg,A1_to_A3,1,1
track,scene=base__seed_303__v_p12__snr_p30|seed=303|velocity=12.0|snr=30.0|working_point=base,2,angle_rmse_deg,A1_to_A2,1,1
track,scene=base__seed_303__v_p12__snr_p30|seed=303|velocity=12.0|snr=30.0|working_point=base,2,angle_rmse_deg,A1_to_A3,1,1
track,scene=base__seed_303__v_p12__snr_p30|seed=303|velocity=12.0|snr=30.0|working_point=base,-2,angle_rmse_deg,A1_to_A2,1,1
track,scene=base__seed_303__v_p12__snr_p30|seed=303|velocity=12.0|snr=30.0|working_point=base,-2,angle_rmse_deg,A1_to_A3,1,1
track,scene=base__seed_303__v_p12__snr_p30|seed=303|velocity=12.0|snr=30.0|working_point=base,4,angle_rmse_deg,A1_to_A2,1,1
track,scene=base__seed_303__v_p12__snr_p30|seed=303|velocity=12.0|snr=30.0|working_point=base,4,angle_rmse_deg,A1_to_A3,1,1
track,scene=base__seed_303__v_p12__snr_p30|seed=303|velocity=12.0|snr=30.0|working_point=base,-4,angle_rmse_deg,A1_to_A2,1,1
track,scene=base__seed_303__v_p12__snr_p30|seed=303|velocity=12.0|snr=30.0|working_point=base,-4,angle_rmse_deg,A1_to_A3,1,1
track,scene=base__seed_303__v_p12__snr_p30|seed=303|velocity=12.0|snr=30.0|working_point=base,8,angle_rmse_deg,A1_to_A2,1,1
track,scene=base__seed_303__v_p12__snr_p30|seed=303|velocity=12.0|snr=30.0|working_point=base,8,angle_rmse_deg,A1_to_A3,1,1
track,scene=base__seed_303__v_p12__snr_p30|seed=303|velocity=12.0|snr=30.0|working_point=base,-8,angle_rmse_deg,A1_to_A2,1,1
track,scene=base__seed_303__v_p12__snr_p30|seed=303|velocity=12.0|snr=30.0|working_point=base,-8,angle_rmse_deg,A1_to_A3,1,1
track,scene=base__seed_303__v_p12__snr_p35|seed=303|velocity=12.0|snr=35.0|working_point=base,0,angle_rmse_deg,A1_to_A2,1,1
track,scene=base__seed_303__v_p12__snr_p35|seed=303|velocity=12.0|snr=35.0|working_point=base,0,angle_rmse_deg,A1_to_A3,1,1
track,scene=base__seed_303__v_p12__snr_p35|seed=303|velocity=12.0|snr=35.0|working_point=base,1,angle_rmse_deg,A1_to_A2,1,1
track,scene=base__seed_303__v_p12__snr_p35|seed=303|velocity=12.0|snr=35.0|working_point=base,1,angle_rmse_deg,A1_to_A3,1,1
track,scene=base__seed_303__v_p12__snr_p35|seed=303|velocity=12.0|snr=35.0|working_point=base,-1,angle_rmse_deg,A1_to_A2,1,1
track,scene=base__seed_303__v_p12__snr_p35|seed=303|velocity=12.0|snr=35.0|working_point=base,-1,angle_rmse_deg,A1_to_A3,1,1
track,scene=base__seed_303__v_p12__snr_p35|seed=303|velocity=12.0|snr=35.0|working_point=base,2,angle_rmse_deg,A1_to_A2,1,1
track,scene=base__seed_303__v_p12__snr_p35|seed=303|velocity=12.0|snr=35.0|working_point=base,2,angle_rmse_deg,A1_to_A3,1,1
track,scene=base__seed_303__v_p12__snr_p35|seed=303|velocity=12.0|snr=35.0|working_point=base,-2,angle_rmse_deg,A1_to_A2,1,1
track,scene=base__seed_303__v_p12__snr_p35|seed=303|velocity=12.0|snr=35.0|working_point=base,-2,angle_rmse_deg,A1_to_A3,1,1
track,scene=base__seed_303__v_p12__snr_p35|seed=303|velocity=12.0|snr=35.0|working_point=base,4,angle_rmse_deg,A1_to_A2,1,1
track,scene=base__seed_303__v_p12__snr_p35|seed=303|velocity=12.0|snr=35.0|working_point=base,4,angle_rmse_deg,A1_to_A3,1,1
track,scene=base__seed_303__v_p12__snr_p35|seed=303|velocity=12.0|snr=35.0|working_point=base,-4,angle_rmse_deg,A1_to_A2,1,1
track,scene=base__seed_303__v_p12__snr_p35|seed=303|velocity=12.0|snr=35.0|working_point=base,-4,angle_rmse_deg,A1_to_A3,1,1
track,scene=base__seed_303__v_p12__snr_p35|seed=303|velocity=12.0|snr=35.0|working_point=base,8,angle_rmse_deg,A1_to_A2,1,1
track,scene=base__seed_303__v_p12__snr_p35|seed=303|velocity=12.0|snr=35.0|working_point=base,8,angle_rmse_deg,A1_to_A3,1,1
track,scene=base__seed_303__v_p12__snr_p35|seed=303|velocity=12.0|snr=35.0|working_point=base,-8,angle_rmse_deg,A1_to_A2,1,1
track,scene=base__seed_303__v_p12__snr_p35|seed=303|velocity=12.0|snr=35.0|working_point=base,-8,angle_rmse_deg,A1_to_A3,1,1
track,scene=low_snr__seed_101__v_p6d7__snr_p20|seed=101|velocity=6.7|snr=20.0|working_point=low_snr,0,angle_rmse_deg,A1_to_A2,1,1
track,scene=low_snr__seed_101__v_p6d7__snr_p20|seed=101|velocity=6.7|snr=20.0|working_point=low_snr,0,angle_rmse_deg,A1_to_A3,1,1
track,scene=low_snr__seed_101__v_p6d7__snr_p20|seed=101|velocity=6.7|snr=20.0|working_point=low_snr,1,angle_rmse_deg,A1_to_A2,1,1
track,scene=low_snr__seed_101__v_p6d7__snr_p20|seed=101|velocity=6.7|snr=20.0|working_point=low_snr,1,angle_rmse_deg,A1_to_A3,1,1
track,scene=low_snr__seed_101__v_p6d7__snr_p20|seed=101|velocity=6.7|snr=20.0|working_point=low_snr,-1,angle_rmse_deg,A1_to_A2,1,1
track,scene=low_snr__seed_101__v_p6d7__snr_p20|seed=101|velocity=6.7|snr=20.0|working_point=low_snr,-1,angle_rmse_deg,A1_to_A3,1,1
track,scene=low_snr__seed_101__v_p6d7__snr_p20|seed=101|velocity=6.7|snr=20.0|working_point=low_snr,2,angle_rmse_deg,A1_to_A2,1,1
track,scene=low_snr__seed_101__v_p6d7__snr_p20|seed=101|velocity=6.7|snr=20.0|working_point=low_snr,2,angle_rmse_deg,A1_to_A3,1,1
track,scene=low_snr__seed_101__v_p6d7__snr_p20|seed=101|velocity=6.7|snr=20.0|working_point=low_snr,-2,angle_rmse_deg,A1_to_A2,1,1
track,scene=low_snr__seed_101__v_p6d7__snr_p20|seed=101|velocity=6.7|snr=20.0|working_point=low_snr,-2,angle_rmse_deg,A1_to_A3,1,1
track,scene=low_snr__seed_101__v_p6d7__snr_p20|seed=101|velocity=6.7|snr=20.0|working_point=low_snr,4,angle_rmse_deg,A1_to_A2,1,1
track,scene=low_snr__seed_101__v_p6d7__snr_p20|seed=101|velocity=6.7|snr=20.0|working_point=low_snr,4,angle_rmse_deg,A1_to_A3,1,1
track,scene=low_snr__seed_101__v_p6d7__snr_p20|seed=101|velocity=6.7|snr=20.0|working_point=low_snr,-4,angle_rmse_deg,A1_to_A2,1,1
track,scene=low_snr__seed_101__v_p6d7__snr_p20|seed=101|velocity=6.7|snr=20.0|working_point=low_snr,-4,angle_rmse_deg,A1_to_A3,1,1
track,scene=low_snr__seed_101__v_p6d7__snr_p20|seed=101|velocity=6.7|snr=20.0|working_point=low_snr,8,angle_rmse_deg,A1_to_A2,1,1
track,scene=low_snr__seed_101__v_p6d7__snr_p20|seed=101|velocity=6.7|snr=20.0|working_point=low_snr,8,angle_rmse_deg,A1_to_A3,1,1
track,scene=low_snr__seed_101__v_p6d7__snr_p20|seed=101|velocity=6.7|snr=20.0|working_point=low_snr,-8,angle_rmse_deg,A1_to_A2,1,1
track,scene=low_snr__seed_101__v_p6d7__snr_p20|seed=101|velocity=6.7|snr=20.0|working_point=low_snr,-8,angle_rmse_deg,A1_to_A3,1,1
track,scene=high_velocity__seed_101__v_p12__snr_p30|seed=101|velocity=12.0|snr=30.0|working_point=high_velocity,0,angle_rmse_deg,A1_to_A2,1,1
track,scene=high_velocity__seed_101__v_p12__snr_p30|seed=101|velocity=12.0|snr=30.0|working_point=high_velocity,0,angle_rmse_deg,A1_to_A3,1,1
track,scene=high_velocity__seed_101__v_p12__snr_p30|seed=101|velocity=12.0|snr=30.0|working_point=high_velocity,1,angle_rmse_deg,A1_to_A2,1,1
track,scene=high_velocity__seed_101__v_p12__snr_p30|seed=101|velocity=12.0|snr=30.0|working_point=high_velocity,1,angle_rmse_deg,A1_to_A3,1,1
track,scene=high_velocity__seed_101__v_p12__snr_p30|seed=101|velocity=12.0|snr=30.0|working_point=high_velocity,-1,angle_rmse_deg,A1_to_A2,1,1
track,scene=high_velocity__seed_101__v_p12__snr_p30|seed=101|velocity=12.0|snr=30.0|working_point=high_velocity,-1,angle_rmse_deg,A1_to_A3,1,1
track,scene=high_velocity__seed_101__v_p12__snr_p30|seed=101|velocity=12.0|snr=30.0|working_point=high_velocity,2,angle_rmse_deg,A1_to_A2,1,1
track,scene=high_velocity__seed_101__v_p12__snr_p30|seed=101|velocity=12.0|snr=30.0|working_point=high_velocity,2,angle_rmse_deg,A1_to_A3,1,1
track,scene=high_velocity__seed_101__v_p12__snr_p30|seed=101|velocity=12.0|snr=30.0|working_point=high_velocity,-2,angle_rmse_deg,A1_to_A2,1,1
track,scene=high_velocity__seed_101__v_p12__snr_p30|seed=101|velocity=12.0|snr=30.0|working_point=high_velocity,-2,angle_rmse_deg,A1_to_A3,1,1
track,scene=high_velocity__seed_101__v_p12__snr_p30|seed=101|velocity=12.0|snr=30.0|working_point=high_velocity,4,angle_rmse_deg,A1_to_A2,1,1
track,scene=high_velocity__seed_101__v_p12__snr_p30|seed=101|velocity=12.0|snr=30.0|working_point=high_velocity,4,angle_rmse_deg,A1_to_A3,1,1
track,scene=high_velocity__seed_101__v_p12__snr_p30|seed=101|velocity=12.0|snr=30.0|working_point=high_velocity,-4,angle_rmse_deg,A1_to_A2,1,1
track,scene=high_velocity__seed_101__v_p12__snr_p30|seed=101|velocity=12.0|snr=30.0|working_point=high_velocity,-4,angle_rmse_deg,A1_to_A3,1,1
track,scene=high_velocity__seed_101__v_p12__snr_p30|seed=101|velocity=12.0|snr=30.0|working_point=high_velocity,8,angle_rmse_deg,A1_to_A2,1,1
track,scene=high_velocity__seed_101__v_p12__snr_p30|seed=101|velocity=12.0|snr=30.0|working_point=high_velocity,8,angle_rmse_deg,A1_to_A3,1,1
track,scene=high_velocity__seed_101__v_p12__snr_p30|seed=101|velocity=12.0|snr=30.0|working_point=high_velocity,-8,angle_rmse_deg,A1_to_A2,1,1
track,scene=high_velocity__seed_101__v_p12__snr_p30|seed=101|velocity=12.0|snr=30.0|working_point=high_velocity,-8,angle_rmse_deg,A1_to_A3,1,1
track,scene=alternate_texture_geometry__seed_101__v_p6d7__snr_p30|seed=101|velocity=6.7|snr=30.0|working_point=alternate_texture_geometry,0,angle_rmse_deg,A1_to_A2,1,1
track,scene=alternate_texture_geometry__seed_101__v_p6d7__snr_p30|seed=101|velocity=6.7|snr=30.0|working_point=alternate_texture_geometry,0,angle_rmse_deg,A1_to_A3,1,1
track,scene=alternate_texture_geometry__seed_101__v_p6d7__snr_p30|seed=101|velocity=6.7|snr=30.0|working_point=alternate_texture_geometry,1,angle_rmse_deg,A1_to_A2,1,1
track,scene=alternate_texture_geometry__seed_101__v_p6d7__snr_p30|seed=101|velocity=6.7|snr=30.0|working_point=alternate_texture_geometry,1,angle_rmse_deg,A1_to_A3,1,1
track,scene=alternate_texture_geometry__seed_101__v_p6d7__snr_p30|seed=101|velocity=6.7|snr=30.0|working_point=alternate_texture_geometry,-1,angle_rmse_deg,A1_to_A2,1,1
track,scene=alternate_texture_geometry__seed_101__v_p6d7__snr_p30|seed=101|velocity=6.7|snr=30.0|working_point=alternate_texture_geometry,-1,angle_rmse_deg,A1_to_A3,1,1
track,scene=alternate_texture_geometry__seed_101__v_p6d7__snr_p30|seed=101|velocity=6.7|snr=30.0|working_point=alternate_texture_geometry,2,angle_rmse_deg,A1_to_A2,1,1
track,scene=alternate_texture_geometry__seed_101__v_p6d7__snr_p30|seed=101|velocity=6.7|snr=30.0|working_point=alternate_texture_geometry,2,angle_rmse_deg,A1_to_A3,1,1
track,scene=alternate_texture_geometry__seed_101__v_p6d7__snr_p30|seed=101|velocity=6.7|snr=30.0|working_point=alternate_texture_geometry,-2,angle_rmse_deg,A1_to_A2,1,1
track,scene=alternate_texture_geometry__seed_101__v_p6d7__snr_p30|seed=101|velocity=6.7|snr=30.0|working_point=alternate_texture_geometry,-2,angle_rmse_deg,A1_to_A3,1,1
track,scene=alternate_texture_geometry__seed_101__v_p6d7__snr_p30|seed=101|velocity=6.7|snr=30.0|working_point=alternate_texture_geometry,4,angle_rmse_deg,A1_to_A2,1,1
track,scene=alternate_texture_geometry__seed_101__v_p6d7__snr_p30|seed=101|velocity=6.7|snr=30.0|working_point=alternate_texture_geometry,4,angle_rmse_deg,A1_to_A3,1,1
track,scene=alternate_texture_geometry__seed_101__v_p6d7__snr_p30|seed=101|velocity=6.7|snr=30.0|working_point=alternate_texture_geometry,-4,angle_rmse_deg,A1_to_A2,1,1
track,scene=alternate_texture_geometry__seed_101__v_p6d7__snr_p30|seed=101|velocity=6.7|snr=30.0|working_point=alternate_texture_geometry,-4,angle_rmse_deg,A1_to_A3,1,1
track,scene=alternate_texture_geometry__seed_101__v_p6d7__snr_p30|seed=101|velocity=6.7|snr=30.0|working_point=alternate_texture_geometry,8,angle_rmse_deg,A1_to_A2,1,1
track,scene=alternate_texture_geometry__seed_101__v_p6d7__snr_p30|seed=101|velocity=6.7|snr=30.0|working_point=alternate_texture_geometry,8,angle_rmse_deg,A1_to_A3,1,1
track,scene=alternate_texture_geometry__seed_101__v_p6d7__snr_p30|seed=101|velocity=6.7|snr=30.0|working_point=alternate_texture_geometry,-8,angle_rmse_deg,A1_to_A2,1,1
track,scene=alternate_texture_geometry__seed_101__v_p6d7__snr_p30|seed=101|velocity=6.7|snr=30.0|working_point=alternate_texture_geometry,-8,angle_rmse_deg,A1_to_A3,1,1
track,scene=base__seed_101__v_p6d7__snr_p30|seed=101|velocity=6.7|snr=30.0|working_point=base,0,false_track_count,A1_to_A2,1,1
track,scene=base__seed_101__v_p6d7__snr_p30|seed=101|velocity=6.7|snr=30.0|working_point=base,0,false_track_count,A1_to_A3,1,1
track,scene=base__seed_101__v_p6d7__snr_p30|seed=101|velocity=6.7|snr=30.0|working_point=base,1,false_track_count,A1_to_A2,1,1
track,scene=base__seed_101__v_p6d7__snr_p30|seed=101|velocity=6.7|snr=30.0|working_point=base,1,false_track_count,A1_to_A3,1,1
track,scene=base__seed_101__v_p6d7__snr_p30|seed=101|velocity=6.7|snr=30.0|working_point=base,-1,false_track_count,A1_to_A2,1,1
track,scene=base__seed_101__v_p6d7__snr_p30|seed=101|velocity=6.7|snr=30.0|working_point=base,-1,false_track_count,A1_to_A3,1,1
track,scene=base__seed_101__v_p6d7__snr_p30|seed=101|velocity=6.7|snr=30.0|working_point=base,2,false_track_count,A1_to_A2,1,1
track,scene=base__seed_101__v_p6d7__snr_p30|seed=101|velocity=6.7|snr=30.0|working_point=base,2,false_track_count,A1_to_A3,1,1
track,scene=base__seed_101__v_p6d7__snr_p30|seed=101|velocity=6.7|snr=30.0|working_point=base,-2,false_track_count,A1_to_A2,1,1
track,scene=base__seed_101__v_p6d7__snr_p30|seed=101|velocity=6.7|snr=30.0|working_point=base,-2,false_track_count,A1_to_A3,1,1
track,scene=base__seed_101__v_p6d7__snr_p30|seed=101|velocity=6.7|snr=30.0|working_point=base,4,false_track_count,A1_to_A2,1,1
track,scene=base__seed_101__v_p6d7__snr_p30|seed=101|velocity=6.7|snr=30.0|working_point=base,4,false_track_count,A1_to_A3,1,1
track,scene=base__seed_101__v_p6d7__snr_p30|seed=101|velocity=6.7|snr=30.0|working_point=base,-4,false_track_count,A1_to_A2,1,1
track,scene=base__seed_101__v_p6d7__snr_p30|seed=101|velocity=6.7|snr=30.0|working_point=base,-4,false_track_count,A1_to_A3,1,1
track,scene=base__seed_101__v_p6d7__snr_p30|seed=101|velocity=6.7|snr=30.0|working_point=base,8,false_track_count,A1_to_A2,1,1
track,scene=base__seed_101__v_p6d7__snr_p30|seed=101|velocity=6.7|snr=30.0|working_point=base,8,false_track_count,A1_to_A3,1,1
track,scene=base__seed_101__v_p6d7__snr_p30|seed=101|velocity=6.7|snr=30.0|working_point=base,-8,false_track_count,A1_to_A2,1,1
track,scene=base__seed_101__v_p6d7__snr_p30|seed=101|velocity=6.7|snr=30.0|working_point=base,-8,false_track_count,A1_to_A3,1,1
track,scene=base__seed_101__v_p6d7__snr_p35|seed=101|velocity=6.7|snr=35.0|working_point=base,0,false_track_count,A1_to_A2,1,1
track,scene=base__seed_101__v_p6d7__snr_p35|seed=101|velocity=6.7|snr=35.0|working_point=base,0,false_track_count,A1_to_A3,1,1
track,scene=base__seed_101__v_p6d7__snr_p35|seed=101|velocity=6.7|snr=35.0|working_point=base,1,false_track_count,A1_to_A2,1,1
track,scene=base__seed_101__v_p6d7__snr_p35|seed=101|velocity=6.7|snr=35.0|working_point=base,1,false_track_count,A1_to_A3,1,1
track,scene=base__seed_101__v_p6d7__snr_p35|seed=101|velocity=6.7|snr=35.0|working_point=base,-1,false_track_count,A1_to_A2,1,1
track,scene=base__seed_101__v_p6d7__snr_p35|seed=101|velocity=6.7|snr=35.0|working_point=base,-1,false_track_count,A1_to_A3,1,1
track,scene=base__seed_101__v_p6d7__snr_p35|seed=101|velocity=6.7|snr=35.0|working_point=base,2,false_track_count,A1_to_A2,1,1
track,scene=base__seed_101__v_p6d7__snr_p35|seed=101|velocity=6.7|snr=35.0|working_point=base,2,false_track_count,A1_to_A3,1,1
track,scene=base__seed_101__v_p6d7__snr_p35|seed=101|velocity=6.7|snr=35.0|working_point=base,-2,false_track_count,A1_to_A2,1,1
track,scene=base__seed_101__v_p6d7__snr_p35|seed=101|velocity=6.7|snr=35.0|working_point=base,-2,false_track_count,A1_to_A3,1,1
track,scene=base__seed_101__v_p6d7__snr_p35|seed=101|velocity=6.7|snr=35.0|working_point=base,4,false_track_count,A1_to_A2,1,1
track,scene=base__seed_101__v_p6d7__snr_p35|seed=101|velocity=6.7|snr=35.0|working_point=base,4,false_track_count,A1_to_A3,1,1
track,scene=base__seed_101__v_p6d7__snr_p35|seed=101|velocity=6.7|snr=35.0|working_point=base,-4,false_track_count,A1_to_A2,1,1
track,scene=base__seed_101__v_p6d7__snr_p35|seed=101|velocity=6.7|snr=35.0|working_point=base,-4,false_track_count,A1_to_A3,1,1
track,scene=base__seed_101__v_p6d7__snr_p35|seed=101|velocity=6.7|snr=35.0|working_point=base,8,false_track_count,A1_to_A2,1,1
track,scene=base__seed_101__v_p6d7__snr_p35|seed=101|velocity=6.7|snr=35.0|working_point=base,8,false_track_count,A1_to_A3,1,1
track,scene=base__seed_101__v_p6d7__snr_p35|seed=101|velocity=6.7|snr=35.0|working_point=base,-8,false_track_count,A1_to_A2,1,1
track,scene=base__seed_101__v_p6d7__snr_p35|seed=101|velocity=6.7|snr=35.0|working_point=base,-8,false_track_count,A1_to_A3,1,1
track,scene=base__seed_101__v_p12__snr_p30|seed=101|velocity=12.0|snr=30.0|working_point=base,0,false_track_count,A1_to_A2,1,1
track,scene=base__seed_101__v_p12__snr_p30|seed=101|velocity=12.0|snr=30.0|working_point=base,0,false_track_count,A1_to_A3,1,1
track,scene=base__seed_101__v_p12__snr_p30|seed=101|velocity=12.0|snr=30.0|working_point=base,1,false_track_count,A1_to_A2,1,1
track,scene=base__seed_101__v_p12__snr_p30|seed=101|velocity=12.0|snr=30.0|working_point=base,1,false_track_count,A1_to_A3,1,1
track,scene=base__seed_101__v_p12__snr_p30|seed=101|velocity=12.0|snr=30.0|working_point=base,-1,false_track_count,A1_to_A2,1,1
track,scene=base__seed_101__v_p12__snr_p30|seed=101|velocity=12.0|snr=30.0|working_point=base,-1,false_track_count,A1_to_A3,1,1
track,scene=base__seed_101__v_p12__snr_p30|seed=101|velocity=12.0|snr=30.0|working_point=base,2,false_track_count,A1_to_A2,1,1
track,scene=base__seed_101__v_p12__snr_p30|seed=101|velocity=12.0|snr=30.0|working_point=base,2,false_track_count,A1_to_A3,1,1
track,scene=base__seed_101__v_p12__snr_p30|seed=101|velocity=12.0|snr=30.0|working_point=base,-2,false_track_count,A1_to_A2,1,1
track,scene=base__seed_101__v_p12__snr_p30|seed=101|velocity=12.0|snr=30.0|working_point=base,-2,false_track_count,A1_to_A3,1,1
track,scene=base__seed_101__v_p12__snr_p30|seed=101|velocity=12.0|snr=30.0|working_point=base,4,false_track_count,A1_to_A2,1,1
track,scene=base__seed_101__v_p12__snr_p30|seed=101|velocity=12.0|snr=30.0|working_point=base,4,false_track_count,A1_to_A3,1,1
track,scene=base__seed_101__v_p12__snr_p30|seed=101|velocity=12.0|snr=30.0|working_point=base,-4,false_track_count,A1_to_A2,1,1
track,scene=base__seed_101__v_p12__snr_p30|seed=101|velocity=12.0|snr=30.0|working_point=base,-4,false_track_count,A1_to_A3,1,1
track,scene=base__seed_101__v_p12__snr_p30|seed=101|velocity=12.0|snr=30.0|working_point=base,8,false_track_count,A1_to_A2,1,1
track,scene=base__seed_101__v_p12__snr_p30|seed=101|velocity=12.0|snr=30.0|working_point=base,8,false_track_count,A1_to_A3,1,1
track,scene=base__seed_101__v_p12__snr_p30|seed=101|velocity=12.0|snr=30.0|working_point=base,-8,false_track_count,A1_to_A2,1,1
track,scene=base__seed_101__v_p12__snr_p30|seed=101|velocity=12.0|snr=30.0|working_point=base,-8,false_track_count,A1_to_A3,1,1
track,scene=base__seed_101__v_p12__snr_p35|seed=101|velocity=12.0|snr=35.0|working_point=base,0,false_track_count,A1_to_A2,1,1
track,scene=base__seed_101__v_p12__snr_p35|seed=101|velocity=12.0|snr=35.0|working_point=base,0,false_track_count,A1_to_A3,1,1
track,scene=base__seed_101__v_p12__snr_p35|seed=101|velocity=12.0|snr=35.0|working_point=base,1,false_track_count,A1_to_A2,1,1
track,scene=base__seed_101__v_p12__snr_p35|seed=101|velocity=12.0|snr=35.0|working_point=base,1,false_track_count,A1_to_A3,1,1
track,scene=base__seed_101__v_p12__snr_p35|seed=101|velocity=12.0|snr=35.0|working_point=base,-1,false_track_count,A1_to_A2,1,1
track,scene=base__seed_101__v_p12__snr_p35|seed=101|velocity=12.0|snr=35.0|working_point=base,-1,false_track_count,A1_to_A3,1,1
track,scene=base__seed_101__v_p12__snr_p35|seed=101|velocity=12.0|snr=35.0|working_point=base,2,false_track_count,A1_to_A2,1,1
track,scene=base__seed_101__v_p12__snr_p35|seed=101|velocity=12.0|snr=35.0|working_point=base,2,false_track_count,A1_to_A3,1,1
track,scene=base__seed_101__v_p12__snr_p35|seed=101|velocity=12.0|snr=35.0|working_point=base,-2,false_track_count,A1_to_A2,1,1
track,scene=base__seed_101__v_p12__snr_p35|seed=101|velocity=12.0|snr=35.0|working_point=base,-2,false_track_count,A1_to_A3,1,1
track,scene=base__seed_101__v_p12__snr_p35|seed=101|velocity=12.0|snr=35.0|working_point=base,4,false_track_count,A1_to_A2,1,1
track,scene=base__seed_101__v_p12__snr_p35|seed=101|velocity=12.0|snr=35.0|working_point=base,4,false_track_count,A1_to_A3,1,1
track,scene=base__seed_101__v_p12__snr_p35|seed=101|velocity=12.0|snr=35.0|working_point=base,-4,false_track_count,A1_to_A2,1,1
track,scene=base__seed_101__v_p12__snr_p35|seed=101|velocity=12.0|snr=35.0|working_point=base,-4,false_track_count,A1_to_A3,1,1
track,scene=base__seed_101__v_p12__snr_p35|seed=101|velocity=12.0|snr=35.0|working_point=base,8,false_track_count,A1_to_A2,1,1
track,scene=base__seed_101__v_p12__snr_p35|seed=101|velocity=12.0|snr=35.0|working_point=base,8,false_track_count,A1_to_A3,1,1
track,scene=base__seed_101__v_p12__snr_p35|seed=101|velocity=12.0|snr=35.0|working_point=base,-8,false_track_count,A1_to_A2,1,1
track,scene=base__seed_101__v_p12__snr_p35|seed=101|velocity=12.0|snr=35.0|working_point=base,-8,false_track_count,A1_to_A3,1,1
track,scene=base__seed_202__v_p6d7__snr_p30|seed=202|velocity=6.7|snr=30.0|working_point=base,0,false_track_count,A1_to_A2,1,1
track,scene=base__seed_202__v_p6d7__snr_p30|seed=202|velocity=6.7|snr=30.0|working_point=base,0,false_track_count,A1_to_A3,1,1
track,scene=base__seed_202__v_p6d7__snr_p30|seed=202|velocity=6.7|snr=30.0|working_point=base,1,false_track_count,A1_to_A2,1,1
track,scene=base__seed_202__v_p6d7__snr_p30|seed=202|velocity=6.7|snr=30.0|working_point=base,1,false_track_count,A1_to_A3,1,1
track,scene=base__seed_202__v_p6d7__snr_p30|seed=202|velocity=6.7|snr=30.0|working_point=base,-1,false_track_count,A1_to_A2,1,1
track,scene=base__seed_202__v_p6d7__snr_p30|seed=202|velocity=6.7|snr=30.0|working_point=base,-1,false_track_count,A1_to_A3,1,1
track,scene=base__seed_202__v_p6d7__snr_p30|seed=202|velocity=6.7|snr=30.0|working_point=base,2,false_track_count,A1_to_A2,1,1
track,scene=base__seed_202__v_p6d7__snr_p30|seed=202|velocity=6.7|snr=30.0|working_point=base,2,false_track_count,A1_to_A3,1,1
track,scene=base__seed_202__v_p6d7__snr_p30|seed=202|velocity=6.7|snr=30.0|working_point=base,-2,false_track_count,A1_to_A2,1,1
track,scene=base__seed_202__v_p6d7__snr_p30|seed=202|velocity=6.7|snr=30.0|working_point=base,-2,false_track_count,A1_to_A3,1,1
track,scene=base__seed_202__v_p6d7__snr_p30|seed=202|velocity=6.7|snr=30.0|working_point=base,4,false_track_count,A1_to_A2,1,1
track,scene=base__seed_202__v_p6d7__snr_p30|seed=202|velocity=6.7|snr=30.0|working_point=base,4,false_track_count,A1_to_A3,1,1
track,scene=base__seed_202__v_p6d7__snr_p30|seed=202|velocity=6.7|snr=30.0|working_point=base,-4,false_track_count,A1_to_A2,1,1
track,scene=base__seed_202__v_p6d7__snr_p30|seed=202|velocity=6.7|snr=30.0|working_point=base,-4,false_track_count,A1_to_A3,1,1
track,scene=base__seed_202__v_p6d7__snr_p30|seed=202|velocity=6.7|snr=30.0|working_point=base,8,false_track_count,A1_to_A2,1,1
track,scene=base__seed_202__v_p6d7__snr_p30|seed=202|velocity=6.7|snr=30.0|working_point=base,8,false_track_count,A1_to_A3,1,1
track,scene=base__seed_202__v_p6d7__snr_p30|seed=202|velocity=6.7|snr=30.0|working_point=base,-8,false_track_count,A1_to_A2,1,1
track,scene=base__seed_202__v_p6d7__snr_p30|seed=202|velocity=6.7|snr=30.0|working_point=base,-8,false_track_count,A1_to_A3,1,1
track,scene=base__seed_202__v_p6d7__snr_p35|seed=202|velocity=6.7|snr=35.0|working_point=base,0,false_track_count,A1_to_A2,1,1
track,scene=base__seed_202__v_p6d7__snr_p35|seed=202|velocity=6.7|snr=35.0|working_point=base,0,false_track_count,A1_to_A3,1,1
track,scene=base__seed_202__v_p6d7__snr_p35|seed=202|velocity=6.7|snr=35.0|working_point=base,1,false_track_count,A1_to_A2,1,1
track,scene=base__seed_202__v_p6d7__snr_p35|seed=202|velocity=6.7|snr=35.0|working_point=base,1,false_track_count,A1_to_A3,1,1
track,scene=base__seed_202__v_p6d7__snr_p35|seed=202|velocity=6.7|snr=35.0|working_point=base,-1,false_track_count,A1_to_A2,1,1
track,scene=base__seed_202__v_p6d7__snr_p35|seed=202|velocity=6.7|snr=35.0|working_point=base,-1,false_track_count,A1_to_A3,1,1
track,scene=base__seed_202__v_p6d7__snr_p35|seed=202|velocity=6.7|snr=35.0|working_point=base,2,false_track_count,A1_to_A2,1,1
track,scene=base__seed_202__v_p6d7__snr_p35|seed=202|velocity=6.7|snr=35.0|working_point=base,2,false_track_count,A1_to_A3,1,1
track,scene=base__seed_202__v_p6d7__snr_p35|seed=202|velocity=6.7|snr=35.0|working_point=base,-2,false_track_count,A1_to_A2,1,1
track,scene=base__seed_202__v_p6d7__snr_p35|seed=202|velocity=6.7|snr=35.0|working_point=base,-2,false_track_count,A1_to_A3,1,1
track,scene=base__seed_202__v_p6d7__snr_p35|seed=202|velocity=6.7|snr=35.0|working_point=base,4,false_track_count,A1_to_A2,1,1
track,scene=base__seed_202__v_p6d7__snr_p35|seed=202|velocity=6.7|snr=35.0|working_point=base,4,false_track_count,A1_to_A3,1,1
track,scene=base__seed_202__v_p6d7__snr_p35|seed=202|velocity=6.7|snr=35.0|working_point=base,-4,false_track_count,A1_to_A2,1,1
track,scene=base__seed_202__v_p6d7__snr_p35|seed=202|velocity=6.7|snr=35.0|working_point=base,-4,false_track_count,A1_to_A3,1,1
track,scene=base__seed_202__v_p6d7__snr_p35|seed=202|velocity=6.7|snr=35.0|working_point=base,8,false_track_count,A1_to_A2,1,1
track,scene=base__seed_202__v_p6d7__snr_p35|seed=202|velocity=6.7|snr=35.0|working_point=base,8,false_track_count,A1_to_A3,1,1
track,scene=base__seed_202__v_p6d7__snr_p35|seed=202|velocity=6.7|snr=35.0|working_point=base,-8,false_track_count,A1_to_A2,1,1
track,scene=base__seed_202__v_p6d7__snr_p35|seed=202|velocity=6.7|snr=35.0|working_point=base,-8,false_track_count,A1_to_A3,1,1
track,scene=base__seed_202__v_p12__snr_p30|seed=202|velocity=12.0|snr=30.0|working_point=base,0,false_track_count,A1_to_A2,1,1
track,scene=base__seed_202__v_p12__snr_p30|seed=202|velocity=12.0|snr=30.0|working_point=base,0,false_track_count,A1_to_A3,1,1
track,scene=base__seed_202__v_p12__snr_p30|seed=202|velocity=12.0|snr=30.0|working_point=base,1,false_track_count,A1_to_A2,1,1
track,scene=base__seed_202__v_p12__snr_p30|seed=202|velocity=12.0|snr=30.0|working_point=base,1,false_track_count,A1_to_A3,1,1
track,scene=base__seed_202__v_p12__snr_p30|seed=202|velocity=12.0|snr=30.0|working_point=base,-1,false_track_count,A1_to_A2,1,1
track,scene=base__seed_202__v_p12__snr_p30|seed=202|velocity=12.0|snr=30.0|working_point=base,-1,false_track_count,A1_to_A3,1,1
track,scene=base__seed_202__v_p12__snr_p30|seed=202|velocity=12.0|snr=30.0|working_point=base,2,false_track_count,A1_to_A2,1,1
track,scene=base__seed_202__v_p12__snr_p30|seed=202|velocity=12.0|snr=30.0|working_point=base,2,false_track_count,A1_to_A3,1,1
track,scene=base__seed_202__v_p12__snr_p30|seed=202|velocity=12.0|snr=30.0|working_point=base,-2,false_track_count,A1_to_A2,1,1
track,scene=base__seed_202__v_p12__snr_p30|seed=202|velocity=12.0|snr=30.0|working_point=base,-2,false_track_count,A1_to_A3,1,1
track,scene=base__seed_202__v_p12__snr_p30|seed=202|velocity=12.0|snr=30.0|working_point=base,4,false_track_count,A1_to_A2,1,1
track,scene=base__seed_202__v_p12__snr_p30|seed=202|velocity=12.0|snr=30.0|working_point=base,4,false_track_count,A1_to_A3,1,1
track,scene=base__seed_202__v_p12__snr_p30|seed=202|velocity=12.0|snr=30.0|working_point=base,-4,false_track_count,A1_to_A2,1,1
track,scene=base__seed_202__v_p12__snr_p30|seed=202|velocity=12.0|snr=30.0|working_point=base,-4,false_track_count,A1_to_A3,1,1
track,scene=base__seed_202__v_p12__snr_p30|seed=202|velocity=12.0|snr=30.0|working_point=base,8,false_track_count,A1_to_A2,1,1
track,scene=base__seed_202__v_p12__snr_p30|seed=202|velocity=12.0|snr=30.0|working_point=base,8,false_track_count,A1_to_A3,1,1
track,scene=base__seed_202__v_p12__snr_p30|seed=202|velocity=12.0|snr=30.0|working_point=base,-8,false_track_count,A1_to_A2,1,1
track,scene=base__seed_202__v_p12__snr_p30|seed=202|velocity=12.0|snr=30.0|working_point=base,-8,false_track_count,A1_to_A3,1,1
track,scene=base__seed_202__v_p12__snr_p35|seed=202|velocity=12.0|snr=35.0|working_point=base,0,false_track_count,A1_to_A2,1,1
track,scene=base__seed_202__v_p12__snr_p35|seed=202|velocity=12.0|snr=35.0|working_point=base,0,false_track_count,A1_to_A3,1,1
track,scene=base__seed_202__v_p12__snr_p35|seed=202|velocity=12.0|snr=35.0|working_point=base,1,false_track_count,A1_to_A2,1,1
track,scene=base__seed_202__v_p12__snr_p35|seed=202|velocity=12.0|snr=35.0|working_point=base,1,false_track_count,A1_to_A3,1,1
track,scene=base__seed_202__v_p12__snr_p35|seed=202|velocity=12.0|snr=35.0|working_point=base,-1,false_track_count,A1_to_A2,1,1
track,scene=base__seed_202__v_p12__snr_p35|seed=202|velocity=12.0|snr=35.0|working_point=base,-1,false_track_count,A1_to_A3,1,1
track,scene=base__seed_202__v_p12__snr_p35|seed=202|velocity=12.0|snr=35.0|working_point=base,2,false_track_count,A1_to_A2,1,1
track,scene=base__seed_202__v_p12__snr_p35|seed=202|velocity=12.0|snr=35.0|working_point=base,2,false_track_count,A1_to_A3,1,1
track,scene=base__seed_202__v_p12__snr_p35|seed=202|velocity=12.0|snr=35.0|working_point=base,-2,false_track_count,A1_to_A2,1,1
track,scene=base__seed_202__v_p12__snr_p35|seed=202|velocity=12.0|snr=35.0|working_point=base,-2,false_track_count,A1_to_A3,1,1
track,scene=base__seed_202__v_p12__snr_p35|seed=202|velocity=12.0|snr=35.0|working_point=base,4,false_track_count,A1_to_A2,1,1
track,scene=base__seed_202__v_p12__snr_p35|seed=202|velocity=12.0|snr=35.0|working_point=base,4,false_track_count,A1_to_A3,1,1
track,scene=base__seed_202__v_p12__snr_p35|seed=202|velocity=12.0|snr=35.0|working_point=base,-4,false_track_count,A1_to_A2,1,1
track,scene=base__seed_202__v_p12__snr_p35|seed=202|velocity=12.0|snr=35.0|working_point=base,-4,false_track_count,A1_to_A3,1,1
track,scene=base__seed_202__v_p12__snr_p35|seed=202|velocity=12.0|snr=35.0|working_point=base,8,false_track_count,A1_to_A2,1,1
track,scene=base__seed_202__v_p12__snr_p35|seed=202|velocity=12.0|snr=35.0|working_point=base,8,false_track_count,A1_to_A3,1,1
track,scene=base__seed_202__v_p12__snr_p35|seed=202|velocity=12.0|snr=35.0|working_point=base,-8,false_track_count,A1_to_A2,1,1
track,scene=base__seed_202__v_p12__snr_p35|seed=202|velocity=12.0|snr=35.0|working_point=base,-8,false_track_count,A1_to_A3,1,1
track,scene=base__seed_303__v_p6d7__snr_p30|seed=303|velocity=6.7|snr=30.0|working_point=base,0,false_track_count,A1_to_A2,1,1
track,scene=base__seed_303__v_p6d7__snr_p30|seed=303|velocity=6.7|snr=30.0|working_point=base,0,false_track_count,A1_to_A3,1,1
track,scene=base__seed_303__v_p6d7__snr_p30|seed=303|velocity=6.7|snr=30.0|working_point=base,1,false_track_count,A1_to_A2,1,1
track,scene=base__seed_303__v_p6d7__snr_p30|seed=303|velocity=6.7|snr=30.0|working_point=base,1,false_track_count,A1_to_A3,1,1
track,scene=base__seed_303__v_p6d7__snr_p30|seed=303|velocity=6.7|snr=30.0|working_point=base,-1,false_track_count,A1_to_A2,1,1
track,scene=base__seed_303__v_p6d7__snr_p30|seed=303|velocity=6.7|snr=30.0|working_point=base,-1,false_track_count,A1_to_A3,1,1
track,scene=base__seed_303__v_p6d7__snr_p30|seed=303|velocity=6.7|snr=30.0|working_point=base,2,false_track_count,A1_to_A2,1,1
track,scene=base__seed_303__v_p6d7__snr_p30|seed=303|velocity=6.7|snr=30.0|working_point=base,2,false_track_count,A1_to_A3,1,1
track,scene=base__seed_303__v_p6d7__snr_p30|seed=303|velocity=6.7|snr=30.0|working_point=base,-2,false_track_count,A1_to_A2,1,1
track,scene=base__seed_303__v_p6d7__snr_p30|seed=303|velocity=6.7|snr=30.0|working_point=base,-2,false_track_count,A1_to_A3,1,1
track,scene=base__seed_303__v_p6d7__snr_p30|seed=303|velocity=6.7|snr=30.0|working_point=base,4,false_track_count,A1_to_A2,1,1
track,scene=base__seed_303__v_p6d7__snr_p30|seed=303|velocity=6.7|snr=30.0|working_point=base,4,false_track_count,A1_to_A3,1,1
track,scene=base__seed_303__v_p6d7__snr_p30|seed=303|velocity=6.7|snr=30.0|working_point=base,-4,false_track_count,A1_to_A2,1,1
track,scene=base__seed_303__v_p6d7__snr_p30|seed=303|velocity=6.7|snr=30.0|working_point=base,-4,false_track_count,A1_to_A3,1,1
track,scene=base__seed_303__v_p6d7__snr_p30|seed=303|velocity=6.7|snr=30.0|working_point=base,8,false_track_count,A1_to_A2,1,1
track,scene=base__seed_303__v_p6d7__snr_p30|seed=303|velocity=6.7|snr=30.0|working_point=base,8,false_track_count,A1_to_A3,1,1
track,scene=base__seed_303__v_p6d7__snr_p30|seed=303|velocity=6.7|snr=30.0|working_point=base,-8,false_track_count,A1_to_A2,1,1
track,scene=base__seed_303__v_p6d7__snr_p30|seed=303|velocity=6.7|snr=30.0|working_point=base,-8,false_track_count,A1_to_A3,1,1
track,scene=base__seed_303__v_p6d7__snr_p35|seed=303|velocity=6.7|snr=35.0|working_point=base,0,false_track_count,A1_to_A2,1,1
track,scene=base__seed_303__v_p6d7__snr_p35|seed=303|velocity=6.7|snr=35.0|working_point=base,0,false_track_count,A1_to_A3,1,1
track,scene=base__seed_303__v_p6d7__snr_p35|seed=303|velocity=6.7|snr=35.0|working_point=base,1,false_track_count,A1_to_A2,1,1
track,scene=base__seed_303__v_p6d7__snr_p35|seed=303|velocity=6.7|snr=35.0|working_point=base,1,false_track_count,A1_to_A3,1,1
track,scene=base__seed_303__v_p6d7__snr_p35|seed=303|velocity=6.7|snr=35.0|working_point=base,-1,false_track_count,A1_to_A2,1,1
track,scene=base__seed_303__v_p6d7__snr_p35|seed=303|velocity=6.7|snr=35.0|working_point=base,-1,false_track_count,A1_to_A3,1,1
track,scene=base__seed_303__v_p6d7__snr_p35|seed=303|velocity=6.7|snr=35.0|working_point=base,2,false_track_count,A1_to_A2,1,1
track,scene=base__seed_303__v_p6d7__snr_p35|seed=303|velocity=6.7|snr=35.0|working_point=base,2,false_track_count,A1_to_A3,1,1
track,scene=base__seed_303__v_p6d7__snr_p35|seed=303|velocity=6.7|snr=35.0|working_point=base,-2,false_track_count,A1_to_A2,1,1
track,scene=base__seed_303__v_p6d7__snr_p35|seed=303|velocity=6.7|snr=35.0|working_point=base,-2,false_track_count,A1_to_A3,1,1
track,scene=base__seed_303__v_p6d7__snr_p35|seed=303|velocity=6.7|snr=35.0|working_point=base,4,false_track_count,A1_to_A2,1,1
track,scene=base__seed_303__v_p6d7__snr_p35|seed=303|velocity=6.7|snr=35.0|working_point=base,4,false_track_count,A1_to_A3,1,1
track,scene=base__seed_303__v_p6d7__snr_p35|seed=303|velocity=6.7|snr=35.0|working_point=base,-4,false_track_count,A1_to_A2,1,1
track,scene=base__seed_303__v_p6d7__snr_p35|seed=303|velocity=6.7|snr=35.0|working_point=base,-4,false_track_count,A1_to_A3,1,1
track,scene=base__seed_303__v_p6d7__snr_p35|seed=303|velocity=6.7|snr=35.0|working_point=base,8,false_track_count,A1_to_A2,1,1
track,scene=base__seed_303__v_p6d7__snr_p35|seed=303|velocity=6.7|snr=35.0|working_point=base,8,false_track_count,A1_to_A3,1,1
track,scene=base__seed_303__v_p6d7__snr_p35|seed=303|velocity=6.7|snr=35.0|working_point=base,-8,false_track_count,A1_to_A2,1,1
track,scene=base__seed_303__v_p6d7__snr_p35|seed=303|velocity=6.7|snr=35.0|working_point=base,-8,false_track_count,A1_to_A3,1,1
track,scene=base__seed_303__v_p12__snr_p30|seed=303|velocity=12.0|snr=30.0|working_point=base,0,false_track_count,A1_to_A2,1,1
track,scene=base__seed_303__v_p12__snr_p30|seed=303|velocity=12.0|snr=30.0|working_point=base,0,false_track_count,A1_to_A3,1,1
track,scene=base__seed_303__v_p12__snr_p30|seed=303|velocity=12.0|snr=30.0|working_point=base,1,false_track_count,A1_to_A2,1,1
track,scene=base__seed_303__v_p12__snr_p30|seed=303|velocity=12.0|snr=30.0|working_point=base,1,false_track_count,A1_to_A3,1,1
track,scene=base__seed_303__v_p12__snr_p30|seed=303|velocity=12.0|snr=30.0|working_point=base,-1,false_track_count,A1_to_A2,1,1
track,scene=base__seed_303__v_p12__snr_p30|seed=303|velocity=12.0|snr=30.0|working_point=base,-1,false_track_count,A1_to_A3,1,1
track,scene=base__seed_303__v_p12__snr_p30|seed=303|velocity=12.0|snr=30.0|working_point=base,2,false_track_count,A1_to_A2,1,1
track,scene=base__seed_303__v_p12__snr_p30|seed=303|velocity=12.0|snr=30.0|working_point=base,2,false_track_count,A1_to_A3,1,1
track,scene=base__seed_303__v_p12__snr_p30|seed=303|velocity=12.0|snr=30.0|working_point=base,-2,false_track_count,A1_to_A2,1,1
track,scene=base__seed_303__v_p12__snr_p30|seed=303|velocity=12.0|snr=30.0|working_point=base,-2,false_track_count,A1_to_A3,1,1
track,scene=base__seed_303__v_p12__snr_p30|seed=303|velocity=12.0|snr=30.0|working_point=base,4,false_track_count,A1_to_A2,1,1
track,scene=base__seed_303__v_p12__snr_p30|seed=303|velocity=12.0|snr=30.0|working_point=base,4,false_track_count,A1_to_A3,1,1
track,scene=base__seed_303__v_p12__snr_p30|seed=303|velocity=12.0|snr=30.0|working_point=base,-4,false_track_count,A1_to_A2,1,1
track,scene=base__seed_303__v_p12__snr_p30|seed=303|velocity=12.0|snr=30.0|working_point=base,-4,false_track_count,A1_to_A3,1,1
track,scene=base__seed_303__v_p12__snr_p30|seed=303|velocity=12.0|snr=30.0|working_point=base,8,false_track_count,A1_to_A2,1,1
track,scene=base__seed_303__v_p12__snr_p30|seed=303|velocity=12.0|snr=30.0|working_point=base,8,false_track_count,A1_to_A3,1,1
track,scene=base__seed_303__v_p12__snr_p30|seed=303|velocity=12.0|snr=30.0|working_point=base,-8,false_track_count,A1_to_A2,1,1
track,scene=base__seed_303__v_p12__snr_p30|seed=303|velocity=12.0|snr=30.0|working_point=base,-8,false_track_count,A1_to_A3,1,1
track,scene=base__seed_303__v_p12__snr_p35|seed=303|velocity=12.0|snr=35.0|working_point=base,0,false_track_count,A1_to_A2,1,1
track,scene=base__seed_303__v_p12__snr_p35|seed=303|velocity=12.0|snr=35.0|working_point=base,0,false_track_count,A1_to_A3,1,1
track,scene=base__seed_303__v_p12__snr_p35|seed=303|velocity=12.0|snr=35.0|working_point=base,1,false_track_count,A1_to_A2,1,1
track,scene=base__seed_303__v_p12__snr_p35|seed=303|velocity=12.0|snr=35.0|working_point=base,1,false_track_count,A1_to_A3,1,1
track,scene=base__seed_303__v_p12__snr_p35|seed=303|velocity=12.0|snr=35.0|working_point=base,-1,false_track_count,A1_to_A2,1,1
track,scene=base__seed_303__v_p12__snr_p35|seed=303|velocity=12.0|snr=35.0|working_point=base,-1,false_track_count,A1_to_A3,1,1
track,scene=base__seed_303__v_p12__snr_p35|seed=303|velocity=12.0|snr=35.0|working_point=base,2,false_track_count,A1_to_A2,1,1
track,scene=base__seed_303__v_p12__snr_p35|seed=303|velocity=12.0|snr=35.0|working_point=base,2,false_track_count,A1_to_A3,1,1
track,scene=base__seed_303__v_p12__snr_p35|seed=303|velocity=12.0|snr=35.0|working_point=base,-2,false_track_count,A1_to_A2,1,1
track,scene=base__seed_303__v_p12__snr_p35|seed=303|velocity=12.0|snr=35.0|working_point=base,-2,false_track_count,A1_to_A3,1,1
track,scene=base__seed_303__v_p12__snr_p35|seed=303|velocity=12.0|snr=35.0|working_point=base,4,false_track_count,A1_to_A2,1,1
track,scene=base__seed_303__v_p12__snr_p35|seed=303|velocity=12.0|snr=35.0|working_point=base,4,false_track_count,A1_to_A3,1,1
track,scene=base__seed_303__v_p12__snr_p35|seed=303|velocity=12.0|snr=35.0|working_point=base,-4,false_track_count,A1_to_A2,1,1
track,scene=base__seed_303__v_p12__snr_p35|seed=303|velocity=12.0|snr=35.0|working_point=base,-4,false_track_count,A1_to_A3,1,1
track,scene=base__seed_303__v_p12__snr_p35|seed=303|velocity=12.0|snr=35.0|working_point=base,8,false_track_count,A1_to_A2,1,1
track,scene=base__seed_303__v_p12__snr_p35|seed=303|velocity=12.0|snr=35.0|working_point=base,8,false_track_count,A1_to_A3,1,1
track,scene=base__seed_303__v_p12__snr_p35|seed=303|velocity=12.0|snr=35.0|working_point=base,-8,false_track_count,A1_to_A2,1,1
track,scene=base__seed_303__v_p12__snr_p35|seed=303|velocity=12.0|snr=35.0|working_point=base,-8,false_track_count,A1_to_A3,1,1
track,scene=low_snr__seed_101__v_p6d7__snr_p20|seed=101|velocity=6.7|snr=20.0|working_point=low_snr,0,false_track_count,A1_to_A2,1,1
track,scene=low_snr__seed_101__v_p6d7__snr_p20|seed=101|velocity=6.7|snr=20.0|working_point=low_snr,0,false_track_count,A1_to_A3,1,1
track,scene=low_snr__seed_101__v_p6d7__snr_p20|seed=101|velocity=6.7|snr=20.0|working_point=low_snr,1,false_track_count,A1_to_A2,1,1
track,scene=low_snr__seed_101__v_p6d7__snr_p20|seed=101|velocity=6.7|snr=20.0|working_point=low_snr,1,false_track_count,A1_to_A3,1,1
track,scene=low_snr__seed_101__v_p6d7__snr_p20|seed=101|velocity=6.7|snr=20.0|working_point=low_snr,-1,false_track_count,A1_to_A2,1,1
track,scene=low_snr__seed_101__v_p6d7__snr_p20|seed=101|velocity=6.7|snr=20.0|working_point=low_snr,-1,false_track_count,A1_to_A3,1,1
track,scene=low_snr__seed_101__v_p6d7__snr_p20|seed=101|velocity=6.7|snr=20.0|working_point=low_snr,2,false_track_count,A1_to_A2,1,1
track,scene=low_snr__seed_101__v_p6d7__snr_p20|seed=101|velocity=6.7|snr=20.0|working_point=low_snr,2,false_track_count,A1_to_A3,1,1
track,scene=low_snr__seed_101__v_p6d7__snr_p20|seed=101|velocity=6.7|snr=20.0|working_point=low_snr,-2,false_track_count,A1_to_A2,1,1
track,scene=low_snr__seed_101__v_p6d7__snr_p20|seed=101|velocity=6.7|snr=20.0|working_point=low_snr,-2,false_track_count,A1_to_A3,1,1
track,scene=low_snr__seed_101__v_p6d7__snr_p20|seed=101|velocity=6.7|snr=20.0|working_point=low_snr,4,false_track_count,A1_to_A2,1,1
track,scene=low_snr__seed_101__v_p6d7__snr_p20|seed=101|velocity=6.7|snr=20.0|working_point=low_snr,4,false_track_count,A1_to_A3,1,1
track,scene=low_snr__seed_101__v_p6d7__snr_p20|seed=101|velocity=6.7|snr=20.0|working_point=low_snr,-4,false_track_count,A1_to_A2,1,1
track,scene=low_snr__seed_101__v_p6d7__snr_p20|seed=101|velocity=6.7|snr=20.0|working_point=low_snr,-4,false_track_count,A1_to_A3,1,1
track,scene=low_snr__seed_101__v_p6d7__snr_p20|seed=101|velocity=6.7|snr=20.0|working_point=low_snr,8,false_track_count,A1_to_A2,1,1
track,scene=low_snr__seed_101__v_p6d7__snr_p20|seed=101|velocity=6.7|snr=20.0|working_point=low_snr,8,false_track_count,A1_to_A3,1,1
track,scene=low_snr__seed_101__v_p6d7__snr_p20|seed=101|velocity=6.7|snr=20.0|working_point=low_snr,-8,false_track_count,A1_to_A2,1,1
track,scene=low_snr__seed_101__v_p6d7__snr_p20|seed=101|velocity=6.7|snr=20.0|working_point=low_snr,-8,false_track_count,A1_to_A3,1,1
track,scene=high_velocity__seed_101__v_p12__snr_p30|seed=101|velocity=12.0|snr=30.0|working_point=high_velocity,0,false_track_count,A1_to_A2,1,1
track,scene=high_velocity__seed_101__v_p12__snr_p30|seed=101|velocity=12.0|snr=30.0|working_point=high_velocity,0,false_track_count,A1_to_A3,1,1
track,scene=high_velocity__seed_101__v_p12__snr_p30|seed=101|velocity=12.0|snr=30.0|working_point=high_velocity,1,false_track_count,A1_to_A2,1,1
track,scene=high_velocity__seed_101__v_p12__snr_p30|seed=101|velocity=12.0|snr=30.0|working_point=high_velocity,1,false_track_count,A1_to_A3,1,1
track,scene=high_velocity__seed_101__v_p12__snr_p30|seed=101|velocity=12.0|snr=30.0|working_point=high_velocity,-1,false_track_count,A1_to_A2,1,1
track,scene=high_velocity__seed_101__v_p12__snr_p30|seed=101|velocity=12.0|snr=30.0|working_point=high_velocity,-1,false_track_count,A1_to_A3,1,1
track,scene=high_velocity__seed_101__v_p12__snr_p30|seed=101|velocity=12.0|snr=30.0|working_point=high_velocity,2,false_track_count,A1_to_A2,1,1
track,scene=high_velocity__seed_101__v_p12__snr_p30|seed=101|velocity=12.0|snr=30.0|working_point=high_velocity,2,false_track_count,A1_to_A3,1,1
track,scene=high_velocity__seed_101__v_p12__snr_p30|seed=101|velocity=12.0|snr=30.0|working_point=high_velocity,-2,false_track_count,A1_to_A2,1,1
track,scene=high_velocity__seed_101__v_p12__snr_p30|seed=101|velocity=12.0|snr=30.0|working_point=high_velocity,-2,false_track_count,A1_to_A3,1,1
track,scene=high_velocity__seed_101__v_p12__snr_p30|seed=101|velocity=12.0|snr=30.0|working_point=high_velocity,4,false_track_count,A1_to_A2,1,1
track,scene=high_velocity__seed_101__v_p12__snr_p30|seed=101|velocity=12.0|snr=30.0|working_point=high_velocity,4,false_track_count,A1_to_A3,1,1
track,scene=high_velocity__seed_101__v_p12__snr_p30|seed=101|velocity=12.0|snr=30.0|working_point=high_velocity,-4,false_track_count,A1_to_A2,1,1
track,scene=high_velocity__seed_101__v_p12__snr_p30|seed=101|velocity=12.0|snr=30.0|working_point=high_velocity,-4,false_track_count,A1_to_A3,1,1
track,scene=high_velocity__seed_101__v_p12__snr_p30|seed=101|velocity=12.0|snr=30.0|working_point=high_velocity,8,false_track_count,A1_to_A2,1,1
track,scene=high_velocity__seed_101__v_p12__snr_p30|seed=101|velocity=12.0|snr=30.0|working_point=high_velocity,8,false_track_count,A1_to_A3,1,1
track,scene=high_velocity__seed_101__v_p12__snr_p30|seed=101|velocity=12.0|snr=30.0|working_point=high_velocity,-8,false_track_count,A1_to_A2,1,1
track,scene=high_velocity__seed_101__v_p12__snr_p30|seed=101|velocity=12.0|snr=30.0|working_point=high_velocity,-8,false_track_count,A1_to_A3,1,1
track,scene=alternate_texture_geometry__seed_101__v_p6d7__snr_p30|seed=101|velocity=6.7|snr=30.0|working_point=alternate_texture_geometry,0,false_track_count,A1_to_A2,1,1
track,scene=alternate_texture_geometry__seed_101__v_p6d7__snr_p30|seed=101|velocity=6.7|snr=30.0|working_point=alternate_texture_geometry,0,false_track_count,A1_to_A3,1,1
track,scene=alternate_texture_geometry__seed_101__v_p6d7__snr_p30|seed=101|velocity=6.7|snr=30.0|working_point=alternate_texture_geometry,1,false_track_count,A1_to_A2,1,1
track,scene=alternate_texture_geometry__seed_101__v_p6d7__snr_p30|seed=101|velocity=6.7|snr=30.0|working_point=alternate_texture_geometry,1,false_track_count,A1_to_A3,1,1
track,scene=alternate_texture_geometry__seed_101__v_p6d7__snr_p30|seed=101|velocity=6.7|snr=30.0|working_point=alternate_texture_geometry,-1,false_track_count,A1_to_A2,1,1
track,scene=alternate_texture_geometry__seed_101__v_p6d7__snr_p30|seed=101|velocity=6.7|snr=30.0|working_point=alternate_texture_geometry,-1,false_track_count,A1_to_A3,1,1
track,scene=alternate_texture_geometry__seed_101__v_p6d7__snr_p30|seed=101|velocity=6.7|snr=30.0|working_point=alternate_texture_geometry,2,false_track_count,A1_to_A2,1,1
track,scene=alternate_texture_geometry__seed_101__v_p6d7__snr_p30|seed=101|velocity=6.7|snr=30.0|working_point=alternate_texture_geometry,2,false_track_count,A1_to_A3,1,1
track,scene=alternate_texture_geometry__seed_101__v_p6d7__snr_p30|seed=101|velocity=6.7|snr=30.0|working_point=alternate_texture_geometry,-2,false_track_count,A1_to_A2,1,1
track,scene=alternate_texture_geometry__seed_101__v_p6d7__snr_p30|seed=101|velocity=6.7|snr=30.0|working_point=alternate_texture_geometry,-2,false_track_count,A1_to_A3,1,1
track,scene=alternate_texture_geometry__seed_101__v_p6d7__snr_p30|seed=101|velocity=6.7|snr=30.0|working_point=alternate_texture_geometry,4,false_track_count,A1_to_A2,1,1
track,scene=alternate_texture_geometry__seed_101__v_p6d7__snr_p30|seed=101|velocity=6.7|snr=30.0|working_point=alternate_texture_geometry,4,false_track_count,A1_to_A3,1,1
track,scene=alternate_texture_geometry__seed_101__v_p6d7__snr_p30|seed=101|velocity=6.7|snr=30.0|working_point=alternate_texture_geometry,-4,false_track_count,A1_to_A2,1,1
track,scene=alternate_texture_geometry__seed_101__v_p6d7__snr_p30|seed=101|velocity=6.7|snr=30.0|working_point=alternate_texture_geometry,-4,false_track_count,A1_to_A3,1,1
track,scene=alternate_texture_geometry__seed_101__v_p6d7__snr_p30|seed=101|velocity=6.7|snr=30.0|working_point=alternate_texture_geometry,8,false_track_count,A1_to_A2,1,1
track,scene=alternate_texture_geometry__seed_101__v_p6d7__snr_p30|seed=101|velocity=6.7|snr=30.0|working_point=alternate_texture_geometry,8,false_track_count,A1_to_A3,1,1
track,scene=alternate_texture_geometry__seed_101__v_p6d7__snr_p30|seed=101|velocity=6.7|snr=30.0|working_point=alternate_texture_geometry,-8,false_track_count,A1_to_A2,1,1
track,scene=alternate_texture_geometry__seed_101__v_p6d7__snr_p30|seed=101|velocity=6.7|snr=30.0|working_point=alternate_texture_geometry,-8,false_track_count,A1_to_A3,1,1
track,scene=base__seed_101__v_p6d7__snr_p30|seed=101|velocity=6.7|snr=30.0|working_point=base,0,position_rmse_m,A1_to_A2,1,1
track,scene=base__seed_101__v_p6d7__snr_p30|seed=101|velocity=6.7|snr=30.0|working_point=base,0,position_rmse_m,A1_to_A3,1,1
track,scene=base__seed_101__v_p6d7__snr_p30|seed=101|velocity=6.7|snr=30.0|working_point=base,1,position_rmse_m,A1_to_A2,1,1
track,scene=base__seed_101__v_p6d7__snr_p30|seed=101|velocity=6.7|snr=30.0|working_point=base,1,position_rmse_m,A1_to_A3,1,1
track,scene=base__seed_101__v_p6d7__snr_p30|seed=101|velocity=6.7|snr=30.0|working_point=base,-1,position_rmse_m,A1_to_A2,1,1
track,scene=base__seed_101__v_p6d7__snr_p30|seed=101|velocity=6.7|snr=30.0|working_point=base,-1,position_rmse_m,A1_to_A3,1,1
track,scene=base__seed_101__v_p6d7__snr_p30|seed=101|velocity=6.7|snr=30.0|working_point=base,2,position_rmse_m,A1_to_A2,1,1
track,scene=base__seed_101__v_p6d7__snr_p30|seed=101|velocity=6.7|snr=30.0|working_point=base,2,position_rmse_m,A1_to_A3,1,1
track,scene=base__seed_101__v_p6d7__snr_p30|seed=101|velocity=6.7|snr=30.0|working_point=base,-2,position_rmse_m,A1_to_A2,1,1
track,scene=base__seed_101__v_p6d7__snr_p30|seed=101|velocity=6.7|snr=30.0|working_point=base,-2,position_rmse_m,A1_to_A3,1,1
track,scene=base__seed_101__v_p6d7__snr_p30|seed=101|velocity=6.7|snr=30.0|working_point=base,4,position_rmse_m,A1_to_A2,1,1
track,scene=base__seed_101__v_p6d7__snr_p30|seed=101|velocity=6.7|snr=30.0|working_point=base,4,position_rmse_m,A1_to_A3,1,1
track,scene=base__seed_101__v_p6d7__snr_p30|seed=101|velocity=6.7|snr=30.0|working_point=base,-4,position_rmse_m,A1_to_A2,1,1
track,scene=base__seed_101__v_p6d7__snr_p30|seed=101|velocity=6.7|snr=30.0|working_point=base,-4,position_rmse_m,A1_to_A3,1,1
track,scene=base__seed_101__v_p6d7__snr_p30|seed=101|velocity=6.7|snr=30.0|working_point=base,8,position_rmse_m,A1_to_A2,1,1
track,scene=base__seed_101__v_p6d7__snr_p30|seed=101|velocity=6.7|snr=30.0|working_point=base,8,position_rmse_m,A1_to_A3,1,1
track,scene=base__seed_101__v_p6d7__snr_p30|seed=101|velocity=6.7|snr=30.0|working_point=base,-8,position_rmse_m,A1_to_A2,1,1
track,scene=base__seed_101__v_p6d7__snr_p30|seed=101|velocity=6.7|snr=30.0|working_point=base,-8,position_rmse_m,A1_to_A3,1,1
track,scene=base__seed_101__v_p6d7__snr_p35|seed=101|velocity=6.7|snr=35.0|working_point=base,0,position_rmse_m,A1_to_A2,1,1
track,scene=base__seed_101__v_p6d7__snr_p35|seed=101|velocity=6.7|snr=35.0|working_point=base,0,position_rmse_m,A1_to_A3,1,1
track,scene=base__seed_101__v_p6d7__snr_p35|seed=101|velocity=6.7|snr=35.0|working_point=base,1,position_rmse_m,A1_to_A2,1,1
track,scene=base__seed_101__v_p6d7__snr_p35|seed=101|velocity=6.7|snr=35.0|working_point=base,1,position_rmse_m,A1_to_A3,1,1
track,scene=base__seed_101__v_p6d7__snr_p35|seed=101|velocity=6.7|snr=35.0|working_point=base,-1,position_rmse_m,A1_to_A2,1,1
track,scene=base__seed_101__v_p6d7__snr_p35|seed=101|velocity=6.7|snr=35.0|working_point=base,-1,position_rmse_m,A1_to_A3,1,1
track,scene=base__seed_101__v_p6d7__snr_p35|seed=101|velocity=6.7|snr=35.0|working_point=base,2,position_rmse_m,A1_to_A2,1,1
track,scene=base__seed_101__v_p6d7__snr_p35|seed=101|velocity=6.7|snr=35.0|working_point=base,2,position_rmse_m,A1_to_A3,1,1
track,scene=base__seed_101__v_p6d7__snr_p35|seed=101|velocity=6.7|snr=35.0|working_point=base,-2,position_rmse_m,A1_to_A2,1,1
track,scene=base__seed_101__v_p6d7__snr_p35|seed=101|velocity=6.7|snr=35.0|working_point=base,-2,position_rmse_m,A1_to_A3,1,1
track,scene=base__seed_101__v_p6d7__snr_p35|seed=101|velocity=6.7|snr=35.0|working_point=base,4,position_rmse_m,A1_to_A2,1,1
track,scene=base__seed_101__v_p6d7__snr_p35|seed=101|velocity=6.7|snr=35.0|working_point=base,4,position_rmse_m,A1_to_A3,1,1
track,scene=base__seed_101__v_p6d7__snr_p35|seed=101|velocity=6.7|snr=35.0|working_point=base,-4,position_rmse_m,A1_to_A2,1,1
track,scene=base__seed_101__v_p6d7__snr_p35|seed=101|velocity=6.7|snr=35.0|working_point=base,-4,position_rmse_m,A1_to_A3,1,1
track,scene=base__seed_101__v_p6d7__snr_p35|seed=101|velocity=6.7|snr=35.0|working_point=base,8,position_rmse_m,A1_to_A2,1,1
track,scene=base__seed_101__v_p6d7__snr_p35|seed=101|velocity=6.7|snr=35.0|working_point=base,8,position_rmse_m,A1_to_A3,1,1
track,scene=base__seed_101__v_p6d7__snr_p35|seed=101|velocity=6.7|snr=35.0|working_point=base,-8,position_rmse_m,A1_to_A2,1,1
track,scene=base__seed_101__v_p6d7__snr_p35|seed=101|velocity=6.7|snr=35.0|working_point=base,-8,position_rmse_m,A1_to_A3,1,1
track,scene=base__seed_101__v_p12__snr_p30|seed=101|velocity=12.0|snr=30.0|working_point=base,0,position_rmse_m,A1_to_A2,1,1
track,scene=base__seed_101__v_p12__snr_p30|seed=101|velocity=12.0|snr=30.0|working_point=base,0,position_rmse_m,A1_to_A3,1,1
track,scene=base__seed_101__v_p12__snr_p30|seed=101|velocity=12.0|snr=30.0|working_point=base,1,position_rmse_m,A1_to_A2,1,1
track,scene=base__seed_101__v_p12__snr_p30|seed=101|velocity=12.0|snr=30.0|working_point=base,1,position_rmse_m,A1_to_A3,1,1
track,scene=base__seed_101__v_p12__snr_p30|seed=101|velocity=12.0|snr=30.0|working_point=base,-1,position_rmse_m,A1_to_A2,1,1
track,scene=base__seed_101__v_p12__snr_p30|seed=101|velocity=12.0|snr=30.0|working_point=base,-1,position_rmse_m,A1_to_A3,1,1
track,scene=base__seed_101__v_p12__snr_p30|seed=101|velocity=12.0|snr=30.0|working_point=base,2,position_rmse_m,A1_to_A2,1,1
track,scene=base__seed_101__v_p12__snr_p30|seed=101|velocity=12.0|snr=30.0|working_point=base,2,position_rmse_m,A1_to_A3,1,1
track,scene=base__seed_101__v_p12__snr_p30|seed=101|velocity=12.0|snr=30.0|working_point=base,-2,position_rmse_m,A1_to_A2,1,1
track,scene=base__seed_101__v_p12__snr_p30|seed=101|velocity=12.0|snr=30.0|working_point=base,-2,position_rmse_m,A1_to_A3,1,1
track,scene=base__seed_101__v_p12__snr_p30|seed=101|velocity=12.0|snr=30.0|working_point=base,4,position_rmse_m,A1_to_A2,1,1
track,scene=base__seed_101__v_p12__snr_p30|seed=101|velocity=12.0|snr=30.0|working_point=base,4,position_rmse_m,A1_to_A3,1,1
track,scene=base__seed_101__v_p12__snr_p30|seed=101|velocity=12.0|snr=30.0|working_point=base,-4,position_rmse_m,A1_to_A2,1,1
track,scene=base__seed_101__v_p12__snr_p30|seed=101|velocity=12.0|snr=30.0|working_point=base,-4,position_rmse_m,A1_to_A3,1,1
track,scene=base__seed_101__v_p12__snr_p30|seed=101|velocity=12.0|snr=30.0|working_point=base,8,position_rmse_m,A1_to_A2,1,1
track,scene=base__seed_101__v_p12__snr_p30|seed=101|velocity=12.0|snr=30.0|working_point=base,8,position_rmse_m,A1_to_A3,1,1
track,scene=base__seed_101__v_p12__snr_p30|seed=101|velocity=12.0|snr=30.0|working_point=base,-8,position_rmse_m,A1_to_A2,1,1
track,scene=base__seed_101__v_p12__snr_p30|seed=101|velocity=12.0|snr=30.0|working_point=base,-8,position_rmse_m,A1_to_A3,1,1
track,scene=base__seed_101__v_p12__snr_p35|seed=101|velocity=12.0|snr=35.0|working_point=base,0,position_rmse_m,A1_to_A2,1,1
track,scene=base__seed_101__v_p12__snr_p35|seed=101|velocity=12.0|snr=35.0|working_point=base,0,position_rmse_m,A1_to_A3,1,1
track,scene=base__seed_101__v_p12__snr_p35|seed=101|velocity=12.0|snr=35.0|working_point=base,1,position_rmse_m,A1_to_A2,1,1
track,scene=base__seed_101__v_p12__snr_p35|seed=101|velocity=12.0|snr=35.0|working_point=base,1,position_rmse_m,A1_to_A3,1,1
track,scene=base__seed_101__v_p12__snr_p35|seed=101|velocity=12.0|snr=35.0|working_point=base,-1,position_rmse_m,A1_to_A2,1,1
track,scene=base__seed_101__v_p12__snr_p35|seed=101|velocity=12.0|snr=35.0|working_point=base,-1,position_rmse_m,A1_to_A3,1,1
track,scene=base__seed_101__v_p12__snr_p35|seed=101|velocity=12.0|snr=35.0|working_point=base,2,position_rmse_m,A1_to_A2,1,1
track,scene=base__seed_101__v_p12__snr_p35|seed=101|velocity=12.0|snr=35.0|working_point=base,2,position_rmse_m,A1_to_A3,1,1
track,scene=base__seed_101__v_p12__snr_p35|seed=101|velocity=12.0|snr=35.0|working_point=base,-2,position_rmse_m,A1_to_A2,1,1
track,scene=base__seed_101__v_p12__snr_p35|seed=101|velocity=12.0|snr=35.0|working_point=base,-2,position_rmse_m,A1_to_A3,1,1
track,scene=base__seed_101__v_p12__snr_p35|seed=101|velocity=12.0|snr=35.0|working_point=base,4,position_rmse_m,A1_to_A2,1,1
track,scene=base__seed_101__v_p12__snr_p35|seed=101|velocity=12.0|snr=35.0|working_point=base,4,position_rmse_m,A1_to_A3,1,1
track,scene=base__seed_101__v_p12__snr_p35|seed=101|velocity=12.0|snr=35.0|working_point=base,-4,position_rmse_m,A1_to_A2,1,1
track,scene=base__seed_101__v_p12__snr_p35|seed=101|velocity=12.0|snr=35.0|working_point=base,-4,position_rmse_m,A1_to_A3,1,1
track,scene=base__seed_101__v_p12__snr_p35|seed=101|velocity=12.0|snr=35.0|working_point=base,8,position_rmse_m,A1_to_A2,1,1
track,scene=base__seed_101__v_p12__snr_p35|seed=101|velocity=12.0|snr=35.0|working_point=base,8,position_rmse_m,A1_to_A3,1,1
track,scene=base__seed_101__v_p12__snr_p35|seed=101|velocity=12.0|snr=35.0|working_point=base,-8,position_rmse_m,A1_to_A2,1,1
track,scene=base__seed_101__v_p12__snr_p35|seed=101|velocity=12.0|snr=35.0|working_point=base,-8,position_rmse_m,A1_to_A3,1,1
track,scene=base__seed_202__v_p6d7__snr_p30|seed=202|velocity=6.7|snr=30.0|working_point=base,0,position_rmse_m,A1_to_A2,1,1
track,scene=base__seed_202__v_p6d7__snr_p30|seed=202|velocity=6.7|snr=30.0|working_point=base,0,position_rmse_m,A1_to_A3,1,1
track,scene=base__seed_202__v_p6d7__snr_p30|seed=202|velocity=6.7|snr=30.0|working_point=base,1,position_rmse_m,A1_to_A2,1,1
track,scene=base__seed_202__v_p6d7__snr_p30|seed=202|velocity=6.7|snr=30.0|working_point=base,1,position_rmse_m,A1_to_A3,1,1
track,scene=base__seed_202__v_p6d7__snr_p30|seed=202|velocity=6.7|snr=30.0|working_point=base,-1,position_rmse_m,A1_to_A2,1,1
track,scene=base__seed_202__v_p6d7__snr_p30|seed=202|velocity=6.7|snr=30.0|working_point=base,-1,position_rmse_m,A1_to_A3,1,1
track,scene=base__seed_202__v_p6d7__snr_p30|seed=202|velocity=6.7|snr=30.0|working_point=base,2,position_rmse_m,A1_to_A2,1,1
track,scene=base__seed_202__v_p6d7__snr_p30|seed=202|velocity=6.7|snr=30.0|working_point=base,2,position_rmse_m,A1_to_A3,1,1
track,scene=base__seed_202__v_p6d7__snr_p30|seed=202|velocity=6.7|snr=30.0|working_point=base,-2,position_rmse_m,A1_to_A2,1,1
track,scene=base__seed_202__v_p6d7__snr_p30|seed=202|velocity=6.7|snr=30.0|working_point=base,-2,position_rmse_m,A1_to_A3,1,1
track,scene=base__seed_202__v_p6d7__snr_p30|seed=202|velocity=6.7|snr=30.0|working_point=base,4,position_rmse_m,A1_to_A2,1,1
track,scene=base__seed_202__v_p6d7__snr_p30|seed=202|velocity=6.7|snr=30.0|working_point=base,4,position_rmse_m,A1_to_A3,1,1
track,scene=base__seed_202__v_p6d7__snr_p30|seed=202|velocity=6.7|snr=30.0|working_point=base,-4,position_rmse_m,A1_to_A2,1,1
track,scene=base__seed_202__v_p6d7__snr_p30|seed=202|velocity=6.7|snr=30.0|working_point=base,-4,position_rmse_m,A1_to_A3,1,1
track,scene=base__seed_202__v_p6d7__snr_p30|seed=202|velocity=6.7|snr=30.0|working_point=base,8,position_rmse_m,A1_to_A2,1,1
track,scene=base__seed_202__v_p6d7__snr_p30|seed=202|velocity=6.7|snr=30.0|working_point=base,8,position_rmse_m,A1_to_A3,1,1
track,scene=base__seed_202__v_p6d7__snr_p30|seed=202|velocity=6.7|snr=30.0|working_point=base,-8,position_rmse_m,A1_to_A2,1,1
track,scene=base__seed_202__v_p6d7__snr_p30|seed=202|velocity=6.7|snr=30.0|working_point=base,-8,position_rmse_m,A1_to_A3,1,1
track,scene=base__seed_202__v_p6d7__snr_p35|seed=202|velocity=6.7|snr=35.0|working_point=base,0,position_rmse_m,A1_to_A2,1,1
track,scene=base__seed_202__v_p6d7__snr_p35|seed=202|velocity=6.7|snr=35.0|working_point=base,0,position_rmse_m,A1_to_A3,1,1
track,scene=base__seed_202__v_p6d7__snr_p35|seed=202|velocity=6.7|snr=35.0|working_point=base,1,position_rmse_m,A1_to_A2,1,1
track,scene=base__seed_202__v_p6d7__snr_p35|seed=202|velocity=6.7|snr=35.0|working_point=base,1,position_rmse_m,A1_to_A3,1,1
track,scene=base__seed_202__v_p6d7__snr_p35|seed=202|velocity=6.7|snr=35.0|working_point=base,-1,position_rmse_m,A1_to_A2,1,1
track,scene=base__seed_202__v_p6d7__snr_p35|seed=202|velocity=6.7|snr=35.0|working_point=base,-1,position_rmse_m,A1_to_A3,1,1
track,scene=base__seed_202__v_p6d7__snr_p35|seed=202|velocity=6.7|snr=35.0|working_point=base,2,position_rmse_m,A1_to_A2,1,1
track,scene=base__seed_202__v_p6d7__snr_p35|seed=202|velocity=6.7|snr=35.0|working_point=base,2,position_rmse_m,A1_to_A3,1,1
track,scene=base__seed_202__v_p6d7__snr_p35|seed=202|velocity=6.7|snr=35.0|working_point=base,-2,position_rmse_m,A1_to_A2,1,1
track,scene=base__seed_202__v_p6d7__snr_p35|seed=202|velocity=6.7|snr=35.0|working_point=base,-2,position_rmse_m,A1_to_A3,1,1
track,scene=base__seed_202__v_p6d7__snr_p35|seed=202|velocity=6.7|snr=35.0|working_point=base,4,position_rmse_m,A1_to_A2,1,1
track,scene=base__seed_202__v_p6d7__snr_p35|seed=202|velocity=6.7|snr=35.0|working_point=base,4,position_rmse_m,A1_to_A3,1,1
track,scene=base__seed_202__v_p6d7__snr_p35|seed=202|velocity=6.7|snr=35.0|working_point=base,-4,position_rmse_m,A1_to_A2,1,1
track,scene=base__seed_202__v_p6d7__snr_p35|seed=202|velocity=6.7|snr=35.0|working_point=base,-4,position_rmse_m,A1_to_A3,1,1
track,scene=base__seed_202__v_p6d7__snr_p35|seed=202|velocity=6.7|snr=35.0|working_point=base,8,position_rmse_m,A1_to_A2,1,1
track,scene=base__seed_202__v_p6d7__snr_p35|seed=202|velocity=6.7|snr=35.0|working_point=base,8,position_rmse_m,A1_to_A3,1,1
track,scene=base__seed_202__v_p6d7__snr_p35|seed=202|velocity=6.7|snr=35.0|working_point=base,-8,position_rmse_m,A1_to_A2,1,1
track,scene=base__seed_202__v_p6d7__snr_p35|seed=202|velocity=6.7|snr=35.0|working_point=base,-8,position_rmse_m,A1_to_A3,1,1
track,scene=base__seed_202__v_p12__snr_p30|seed=202|velocity=12.0|snr=30.0|working_point=base,0,position_rmse_m,A1_to_A2,1,1
track,scene=base__seed_202__v_p12__snr_p30|seed=202|velocity=12.0|snr=30.0|working_point=base,0,position_rmse_m,A1_to_A3,1,1
track,scene=base__seed_202__v_p12__snr_p30|seed=202|velocity=12.0|snr=30.0|working_point=base,1,position_rmse_m,A1_to_A2,1,1
track,scene=base__seed_202__v_p12__snr_p30|seed=202|velocity=12.0|snr=30.0|working_point=base,1,position_rmse_m,A1_to_A3,1,1
track,scene=base__seed_202__v_p12__snr_p30|seed=202|velocity=12.0|snr=30.0|working_point=base,-1,position_rmse_m,A1_to_A2,1,1
track,scene=base__seed_202__v_p12__snr_p30|seed=202|velocity=12.0|snr=30.0|working_point=base,-1,position_rmse_m,A1_to_A3,1,1
track,scene=base__seed_202__v_p12__snr_p30|seed=202|velocity=12.0|snr=30.0|working_point=base,2,position_rmse_m,A1_to_A2,1,1
track,scene=base__seed_202__v_p12__snr_p30|seed=202|velocity=12.0|snr=30.0|working_point=base,2,position_rmse_m,A1_to_A3,1,1
track,scene=base__seed_202__v_p12__snr_p30|seed=202|velocity=12.0|snr=30.0|working_point=base,-2,position_rmse_m,A1_to_A2,1,1
track,scene=base__seed_202__v_p12__snr_p30|seed=202|velocity=12.0|snr=30.0|working_point=base,-2,position_rmse_m,A1_to_A3,1,1
track,scene=base__seed_202__v_p12__snr_p30|seed=202|velocity=12.0|snr=30.0|working_point=base,4,position_rmse_m,A1_to_A2,1,1
track,scene=base__seed_202__v_p12__snr_p30|seed=202|velocity=12.0|snr=30.0|working_point=base,4,position_rmse_m,A1_to_A3,1,1
track,scene=base__seed_202__v_p12__snr_p30|seed=202|velocity=12.0|snr=30.0|working_point=base,-4,position_rmse_m,A1_to_A2,1,1
track,scene=base__seed_202__v_p12__snr_p30|seed=202|velocity=12.0|snr=30.0|working_point=base,-4,position_rmse_m,A1_to_A3,1,1
track,scene=base__seed_202__v_p12__snr_p30|seed=202|velocity=12.0|snr=30.0|working_point=base,8,position_rmse_m,A1_to_A2,1,1
track,scene=base__seed_202__v_p12__snr_p30|seed=202|velocity=12.0|snr=30.0|working_point=base,8,position_rmse_m,A1_to_A3,1,1
track,scene=base__seed_202__v_p12__snr_p30|seed=202|velocity=12.0|snr=30.0|working_point=base,-8,position_rmse_m,A1_to_A2,1,1
track,scene=base__seed_202__v_p12__snr_p30|seed=202|velocity=12.0|snr=30.0|working_point=base,-8,position_rmse_m,A1_to_A3,1,1
track,scene=base__seed_202__v_p12__snr_p35|seed=202|velocity=12.0|snr=35.0|working_point=base,0,position_rmse_m,A1_to_A2,1,1
track,scene=base__seed_202__v_p12__snr_p35|seed=202|velocity=12.0|snr=35.0|working_point=base,0,position_rmse_m,A1_to_A3,1,1
track,scene=base__seed_202__v_p12__snr_p35|seed=202|velocity=12.0|snr=35.0|working_point=base,1,position_rmse_m,A1_to_A2,1,1
track,scene=base__seed_202__v_p12__snr_p35|seed=202|velocity=12.0|snr=35.0|working_point=base,1,position_rmse_m,A1_to_A3,1,1
track,scene=base__seed_202__v_p12__snr_p35|seed=202|velocity=12.0|snr=35.0|working_point=base,-1,position_rmse_m,A1_to_A2,1,1
track,scene=base__seed_202__v_p12__snr_p35|seed=202|velocity=12.0|snr=35.0|working_point=base,-1,position_rmse_m,A1_to_A3,1,1
track,scene=base__seed_202__v_p12__snr_p35|seed=202|velocity=12.0|snr=35.0|working_point=base,2,position_rmse_m,A1_to_A2,1,1
track,scene=base__seed_202__v_p12__snr_p35|seed=202|velocity=12.0|snr=35.0|working_point=base,2,position_rmse_m,A1_to_A3,1,1
track,scene=base__seed_202__v_p12__snr_p35|seed=202|velocity=12.0|snr=35.0|working_point=base,-2,position_rmse_m,A1_to_A2,1,1
track,scene=base__seed_202__v_p12__snr_p35|seed=202|velocity=12.0|snr=35.0|working_point=base,-2,position_rmse_m,A1_to_A3,1,1
track,scene=base__seed_202__v_p12__snr_p35|seed=202|velocity=12.0|snr=35.0|working_point=base,4,position_rmse_m,A1_to_A2,1,1
track,scene=base__seed_202__v_p12__snr_p35|seed=202|velocity=12.0|snr=35.0|working_point=base,4,position_rmse_m,A1_to_A3,1,1
track,scene=base__seed_202__v_p12__snr_p35|seed=202|velocity=12.0|snr=35.0|working_point=base,-4,position_rmse_m,A1_to_A2,1,1
track,scene=base__seed_202__v_p12__snr_p35|seed=202|velocity=12.0|snr=35.0|working_point=base,-4,position_rmse_m,A1_to_A3,1,1
track,scene=base__seed_202__v_p12__snr_p35|seed=202|velocity=12.0|snr=35.0|working_point=base,8,position_rmse_m,A1_to_A2,1,1
track,scene=base__seed_202__v_p12__snr_p35|seed=202|velocity=12.0|snr=35.0|working_point=base,8,position_rmse_m,A1_to_A3,1,1
track,scene=base__seed_202__v_p12__snr_p35|seed=202|velocity=12.0|snr=35.0|working_point=base,-8,position_rmse_m,A1_to_A2,1,1
track,scene=base__seed_202__v_p12__snr_p35|seed=202|velocity=12.0|snr=35.0|working_point=base,-8,position_rmse_m,A1_to_A3,1,1
track,scene=base__seed_303__v_p6d7__snr_p30|seed=303|velocity=6.7|snr=30.0|working_point=base,0,position_rmse_m,A1_to_A2,1,1
track,scene=base__seed_303__v_p6d7__snr_p30|seed=303|velocity=6.7|snr=30.0|working_point=base,0,position_rmse_m,A1_to_A3,1,1
track,scene=base__seed_303__v_p6d7__snr_p30|seed=303|velocity=6.7|snr=30.0|working_point=base,1,position_rmse_m,A1_to_A2,1,1
track,scene=base__seed_303__v_p6d7__snr_p30|seed=303|velocity=6.7|snr=30.0|working_point=base,1,position_rmse_m,A1_to_A3,1,1
track,scene=base__seed_303__v_p6d7__snr_p30|seed=303|velocity=6.7|snr=30.0|working_point=base,-1,position_rmse_m,A1_to_A2,1,1
track,scene=base__seed_303__v_p6d7__snr_p30|seed=303|velocity=6.7|snr=30.0|working_point=base,-1,position_rmse_m,A1_to_A3,1,1
track,scene=base__seed_303__v_p6d7__snr_p30|seed=303|velocity=6.7|snr=30.0|working_point=base,2,position_rmse_m,A1_to_A2,1,1
track,scene=base__seed_303__v_p6d7__snr_p30|seed=303|velocity=6.7|snr=30.0|working_point=base,2,position_rmse_m,A1_to_A3,1,1
track,scene=base__seed_303__v_p6d7__snr_p30|seed=303|velocity=6.7|snr=30.0|working_point=base,-2,position_rmse_m,A1_to_A2,1,1
track,scene=base__seed_303__v_p6d7__snr_p30|seed=303|velocity=6.7|snr=30.0|working_point=base,-2,position_rmse_m,A1_to_A3,1,1
track,scene=base__seed_303__v_p6d7__snr_p30|seed=303|velocity=6.7|snr=30.0|working_point=base,4,position_rmse_m,A1_to_A2,1,1
track,scene=base__seed_303__v_p6d7__snr_p30|seed=303|velocity=6.7|snr=30.0|working_point=base,4,position_rmse_m,A1_to_A3,1,1
track,scene=base__seed_303__v_p6d7__snr_p30|seed=303|velocity=6.7|snr=30.0|working_point=base,-4,position_rmse_m,A1_to_A2,1,1
track,scene=base__seed_303__v_p6d7__snr_p30|seed=303|velocity=6.7|snr=30.0|working_point=base,-4,position_rmse_m,A1_to_A3,1,1
track,scene=base__seed_303__v_p6d7__snr_p30|seed=303|velocity=6.7|snr=30.0|working_point=base,8,position_rmse_m,A1_to_A2,1,1
track,scene=base__seed_303__v_p6d7__snr_p30|seed=303|velocity=6.7|snr=30.0|working_point=base,8,position_rmse_m,A1_to_A3,1,1
track,scene=base__seed_303__v_p6d7__snr_p30|seed=303|velocity=6.7|snr=30.0|working_point=base,-8,position_rmse_m,A1_to_A2,1,1
track,scene=base__seed_303__v_p6d7__snr_p30|seed=303|velocity=6.7|snr=30.0|working_point=base,-8,position_rmse_m,A1_to_A3,1,1
track,scene=base__seed_303__v_p6d7__snr_p35|seed=303|velocity=6.7|snr=35.0|working_point=base,0,position_rmse_m,A1_to_A2,1,1
track,scene=base__seed_303__v_p6d7__snr_p35|seed=303|velocity=6.7|snr=35.0|working_point=base,0,position_rmse_m,A1_to_A3,1,1
track,scene=base__seed_303__v_p6d7__snr_p35|seed=303|velocity=6.7|snr=35.0|working_point=base,1,position_rmse_m,A1_to_A2,1,1
track,scene=base__seed_303__v_p6d7__snr_p35|seed=303|velocity=6.7|snr=35.0|working_point=base,1,position_rmse_m,A1_to_A3,1,1
track,scene=base__seed_303__v_p6d7__snr_p35|seed=303|velocity=6.7|snr=35.0|working_point=base,-1,position_rmse_m,A1_to_A2,1,1
track,scene=base__seed_303__v_p6d7__snr_p35|seed=303|velocity=6.7|snr=35.0|working_point=base,-1,position_rmse_m,A1_to_A3,1,1
track,scene=base__seed_303__v_p6d7__snr_p35|seed=303|velocity=6.7|snr=35.0|working_point=base,2,position_rmse_m,A1_to_A2,1,1
track,scene=base__seed_303__v_p6d7__snr_p35|seed=303|velocity=6.7|snr=35.0|working_point=base,2,position_rmse_m,A1_to_A3,1,1
track,scene=base__seed_303__v_p6d7__snr_p35|seed=303|velocity=6.7|snr=35.0|working_point=base,-2,position_rmse_m,A1_to_A2,1,1
track,scene=base__seed_303__v_p6d7__snr_p35|seed=303|velocity=6.7|snr=35.0|working_point=base,-2,position_rmse_m,A1_to_A3,1,1
track,scene=base__seed_303__v_p6d7__snr_p35|seed=303|velocity=6.7|snr=35.0|working_point=base,4,position_rmse_m,A1_to_A2,1,1
track,scene=base__seed_303__v_p6d7__snr_p35|seed=303|velocity=6.7|snr=35.0|working_point=base,4,position_rmse_m,A1_to_A3,1,1
track,scene=base__seed_303__v_p6d7__snr_p35|seed=303|velocity=6.7|snr=35.0|working_point=base,-4,position_rmse_m,A1_to_A2,1,1
track,scene=base__seed_303__v_p6d7__snr_p35|seed=303|velocity=6.7|snr=35.0|working_point=base,-4,position_rmse_m,A1_to_A3,1,1
track,scene=base__seed_303__v_p6d7__snr_p35|seed=303|velocity=6.7|snr=35.0|working_point=base,8,position_rmse_m,A1_to_A2,1,1
track,scene=base__seed_303__v_p6d7__snr_p35|seed=303|velocity=6.7|snr=35.0|working_point=base,8,position_rmse_m,A1_to_A3,1,1
track,scene=base__seed_303__v_p6d7__snr_p35|seed=303|velocity=6.7|snr=35.0|working_point=base,-8,position_rmse_m,A1_to_A2,1,1
track,scene=base__seed_303__v_p6d7__snr_p35|seed=303|velocity=6.7|snr=35.0|working_point=base,-8,position_rmse_m,A1_to_A3,1,1
track,scene=base__seed_303__v_p12__snr_p30|seed=303|velocity=12.0|snr=30.0|working_point=base,0,position_rmse_m,A1_to_A2,1,1
track,scene=base__seed_303__v_p12__snr_p30|seed=303|velocity=12.0|snr=30.0|working_point=base,0,position_rmse_m,A1_to_A3,1,1
track,scene=base__seed_303__v_p12__snr_p30|seed=303|velocity=12.0|snr=30.0|working_point=base,1,position_rmse_m,A1_to_A2,1,1
track,scene=base__seed_303__v_p12__snr_p30|seed=303|velocity=12.0|snr=30.0|working_point=base,1,position_rmse_m,A1_to_A3,1,1
track,scene=base__seed_303__v_p12__snr_p30|seed=303|velocity=12.0|snr=30.0|working_point=base,-1,position_rmse_m,A1_to_A2,1,1
track,scene=base__seed_303__v_p12__snr_p30|seed=303|velocity=12.0|snr=30.0|working_point=base,-1,position_rmse_m,A1_to_A3,1,1
track,scene=base__seed_303__v_p12__snr_p30|seed=303|velocity=12.0|snr=30.0|working_point=base,2,position_rmse_m,A1_to_A2,1,1
track,scene=base__seed_303__v_p12__snr_p30|seed=303|velocity=12.0|snr=30.0|working_point=base,2,position_rmse_m,A1_to_A3,1,1
track,scene=base__seed_303__v_p12__snr_p30|seed=303|velocity=12.0|snr=30.0|working_point=base,-2,position_rmse_m,A1_to_A2,1,1
track,scene=base__seed_303__v_p12__snr_p30|seed=303|velocity=12.0|snr=30.0|working_point=base,-2,position_rmse_m,A1_to_A3,1,1
track,scene=base__seed_303__v_p12__snr_p30|seed=303|velocity=12.0|snr=30.0|working_point=base,4,position_rmse_m,A1_to_A2,1,1
track,scene=base__seed_303__v_p12__snr_p30|seed=303|velocity=12.0|snr=30.0|working_point=base,4,position_rmse_m,A1_to_A3,1,1
track,scene=base__seed_303__v_p12__snr_p30|seed=303|velocity=12.0|snr=30.0|working_point=base,-4,position_rmse_m,A1_to_A2,1,1
track,scene=base__seed_303__v_p12__snr_p30|seed=303|velocity=12.0|snr=30.0|working_point=base,-4,position_rmse_m,A1_to_A3,1,1
track,scene=base__seed_303__v_p12__snr_p30|seed=303|velocity=12.0|snr=30.0|working_point=base,8,position_rmse_m,A1_to_A2,1,1
track,scene=base__seed_303__v_p12__snr_p30|seed=303|velocity=12.0|snr=30.0|working_point=base,8,position_rmse_m,A1_to_A3,1,1
track,scene=base__seed_303__v_p12__snr_p30|seed=303|velocity=12.0|snr=30.0|working_point=base,-8,position_rmse_m,A1_to_A2,1,1
track,scene=base__seed_303__v_p12__snr_p30|seed=303|velocity=12.0|snr=30.0|working_point=base,-8,position_rmse_m,A1_to_A3,1,1
track,scene=base__seed_303__v_p12__snr_p35|seed=303|velocity=12.0|snr=35.0|working_point=base,0,position_rmse_m,A1_to_A2,1,1
track,scene=base__seed_303__v_p12__snr_p35|seed=303|velocity=12.0|snr=35.0|working_point=base,0,position_rmse_m,A1_to_A3,1,1
track,scene=base__seed_303__v_p12__snr_p35|seed=303|velocity=12.0|snr=35.0|working_point=base,1,position_rmse_m,A1_to_A2,1,1
track,scene=base__seed_303__v_p12__snr_p35|seed=303|velocity=12.0|snr=35.0|working_point=base,1,position_rmse_m,A1_to_A3,1,1
track,scene=base__seed_303__v_p12__snr_p35|seed=303|velocity=12.0|snr=35.0|working_point=base,-1,position_rmse_m,A1_to_A2,1,1
track,scene=base__seed_303__v_p12__snr_p35|seed=303|velocity=12.0|snr=35.0|working_point=base,-1,position_rmse_m,A1_to_A3,1,1
track,scene=base__seed_303__v_p12__snr_p35|seed=303|velocity=12.0|snr=35.0|working_point=base,2,position_rmse_m,A1_to_A2,1,1
track,scene=base__seed_303__v_p12__snr_p35|seed=303|velocity=12.0|snr=35.0|working_point=base,2,position_rmse_m,A1_to_A3,1,1
track,scene=base__seed_303__v_p12__snr_p35|seed=303|velocity=12.0|snr=35.0|working_point=base,-2,position_rmse_m,A1_to_A2,1,1
track,scene=base__seed_303__v_p12__snr_p35|seed=303|velocity=12.0|snr=35.0|working_point=base,-2,position_rmse_m,A1_to_A3,1,1
track,scene=base__seed_303__v_p12__snr_p35|seed=303|velocity=12.0|snr=35.0|working_point=base,4,position_rmse_m,A1_to_A2,1,1
track,scene=base__seed_303__v_p12__snr_p35|seed=303|velocity=12.0|snr=35.0|working_point=base,4,position_rmse_m,A1_to_A3,1,1
track,scene=base__seed_303__v_p12__snr_p35|seed=303|velocity=12.0|snr=35.0|working_point=base,-4,position_rmse_m,A1_to_A2,1,1
track,scene=base__seed_303__v_p12__snr_p35|seed=303|velocity=12.0|snr=35.0|working_point=base,-4,position_rmse_m,A1_to_A3,1,1
track,scene=base__seed_303__v_p12__snr_p35|seed=303|velocity=12.0|snr=35.0|working_point=base,8,position_rmse_m,A1_to_A2,1,1
track,scene=base__seed_303__v_p12__snr_p35|seed=303|velocity=12.0|snr=35.0|working_point=base,8,position_rmse_m,A1_to_A3,1,1
track,scene=base__seed_303__v_p12__snr_p35|seed=303|velocity=12.0|snr=35.0|working_point=base,-8,position_rmse_m,A1_to_A2,1,1
track,scene=base__seed_303__v_p12__snr_p35|seed=303|velocity=12.0|snr=35.0|working_point=base,-8,position_rmse_m,A1_to_A3,1,1
track,scene=low_snr__seed_101__v_p6d7__snr_p20|seed=101|velocity=6.7|snr=20.0|working_point=low_snr,0,position_rmse_m,A1_to_A2,1,1
track,scene=low_snr__seed_101__v_p6d7__snr_p20|seed=101|velocity=6.7|snr=20.0|working_point=low_snr,0,position_rmse_m,A1_to_A3,1,1
track,scene=low_snr__seed_101__v_p6d7__snr_p20|seed=101|velocity=6.7|snr=20.0|working_point=low_snr,1,position_rmse_m,A1_to_A2,1,1
track,scene=low_snr__seed_101__v_p6d7__snr_p20|seed=101|velocity=6.7|snr=20.0|working_point=low_snr,1,position_rmse_m,A1_to_A3,1,1
track,scene=low_snr__seed_101__v_p6d7__snr_p20|seed=101|velocity=6.7|snr=20.0|working_point=low_snr,-1,position_rmse_m,A1_to_A2,1,1
track,scene=low_snr__seed_101__v_p6d7__snr_p20|seed=101|velocity=6.7|snr=20.0|working_point=low_snr,-1,position_rmse_m,A1_to_A3,1,1
track,scene=low_snr__seed_101__v_p6d7__snr_p20|seed=101|velocity=6.7|snr=20.0|working_point=low_snr,2,position_rmse_m,A1_to_A2,1,1
track,scene=low_snr__seed_101__v_p6d7__snr_p20|seed=101|velocity=6.7|snr=20.0|working_point=low_snr,2,position_rmse_m,A1_to_A3,1,1
track,scene=low_snr__seed_101__v_p6d7__snr_p20|seed=101|velocity=6.7|snr=20.0|working_point=low_snr,-2,position_rmse_m,A1_to_A2,1,1
track,scene=low_snr__seed_101__v_p6d7__snr_p20|seed=101|velocity=6.7|snr=20.0|working_point=low_snr,-2,position_rmse_m,A1_to_A3,1,1
track,scene=low_snr__seed_101__v_p6d7__snr_p20|seed=101|velocity=6.7|snr=20.0|working_point=low_snr,4,position_rmse_m,A1_to_A2,1,1
track,scene=low_snr__seed_101__v_p6d7__snr_p20|seed=101|velocity=6.7|snr=20.0|working_point=low_snr,4,position_rmse_m,A1_to_A3,1,1
track,scene=low_snr__seed_101__v_p6d7__snr_p20|seed=101|velocity=6.7|snr=20.0|working_point=low_snr,-4,position_rmse_m,A1_to_A2,1,1
track,scene=low_snr__seed_101__v_p6d7__snr_p20|seed=101|velocity=6.7|snr=20.0|working_point=low_snr,-4,position_rmse_m,A1_to_A3,1,1
track,scene=low_snr__seed_101__v_p6d7__snr_p20|seed=101|velocity=6.7|snr=20.0|working_point=low_snr,8,position_rmse_m,A1_to_A2,1,1
track,scene=low_snr__seed_101__v_p6d7__snr_p20|seed=101|velocity=6.7|snr=20.0|working_point=low_snr,8,position_rmse_m,A1_to_A3,1,1
track,scene=low_snr__seed_101__v_p6d7__snr_p20|seed=101|velocity=6.7|snr=20.0|working_point=low_snr,-8,position_rmse_m,A1_to_A2,1,1
track,scene=low_snr__seed_101__v_p6d7__snr_p20|seed=101|velocity=6.7|snr=20.0|working_point=low_snr,-8,position_rmse_m,A1_to_A3,1,1
track,scene=high_velocity__seed_101__v_p12__snr_p30|seed=101|velocity=12.0|snr=30.0|working_point=high_velocity,0,position_rmse_m,A1_to_A2,1,1
track,scene=high_velocity__seed_101__v_p12__snr_p30|seed=101|velocity=12.0|snr=30.0|working_point=high_velocity,0,position_rmse_m,A1_to_A3,1,1
track,scene=high_velocity__seed_101__v_p12__snr_p30|seed=101|velocity=12.0|snr=30.0|working_point=high_velocity,1,position_rmse_m,A1_to_A2,1,1
track,scene=high_velocity__seed_101__v_p12__snr_p30|seed=101|velocity=12.0|snr=30.0|working_point=high_velocity,1,position_rmse_m,A1_to_A3,1,1
track,scene=high_velocity__seed_101__v_p12__snr_p30|seed=101|velocity=12.0|snr=30.0|working_point=high_velocity,-1,position_rmse_m,A1_to_A2,1,1
track,scene=high_velocity__seed_101__v_p12__snr_p30|seed=101|velocity=12.0|snr=30.0|working_point=high_velocity,-1,position_rmse_m,A1_to_A3,1,1
track,scene=high_velocity__seed_101__v_p12__snr_p30|seed=101|velocity=12.0|snr=30.0|working_point=high_velocity,2,position_rmse_m,A1_to_A2,1,1
track,scene=high_velocity__seed_101__v_p12__snr_p30|seed=101|velocity=12.0|snr=30.0|working_point=high_velocity,2,position_rmse_m,A1_to_A3,1,1
track,scene=high_velocity__seed_101__v_p12__snr_p30|seed=101|velocity=12.0|snr=30.0|working_point=high_velocity,-2,position_rmse_m,A1_to_A2,1,1
track,scene=high_velocity__seed_101__v_p12__snr_p30|seed=101|velocity=12.0|snr=30.0|working_point=high_velocity,-2,position_rmse_m,A1_to_A3,1,1
track,scene=high_velocity__seed_101__v_p12__snr_p30|seed=101|velocity=12.0|snr=30.0|working_point=high_velocity,4,position_rmse_m,A1_to_A2,1,1
track,scene=high_velocity__seed_101__v_p12__snr_p30|seed=101|velocity=12.0|snr=30.0|working_point=high_velocity,4,position_rmse_m,A1_to_A3,1,1
track,scene=high_velocity__seed_101__v_p12__snr_p30|seed=101|velocity=12.0|snr=30.0|working_point=high_velocity,-4,position_rmse_m,A1_to_A2,1,1
track,scene=high_velocity__seed_101__v_p12__snr_p30|seed=101|velocity=12.0|snr=30.0|working_point=high_velocity,-4,position_rmse_m,A1_to_A3,1,1
track,scene=high_velocity__seed_101__v_p12__snr_p30|seed=101|velocity=12.0|snr=30.0|working_point=high_velocity,8,position_rmse_m,A1_to_A2,1,1
track,scene=high_velocity__seed_101__v_p12__snr_p30|seed=101|velocity=12.0|snr=30.0|working_point=high_velocity,8,position_rmse_m,A1_to_A3,1,1
track,scene=high_velocity__seed_101__v_p12__snr_p30|seed=101|velocity=12.0|snr=30.0|working_point=high_velocity,-8,position_rmse_m,A1_to_A2,1,1
track,scene=high_velocity__seed_101__v_p12__snr_p30|seed=101|velocity=12.0|snr=30.0|working_point=high_velocity,-8,position_rmse_m,A1_to_A3,1,1
track,scene=alternate_texture_geometry__seed_101__v_p6d7__snr_p30|seed=101|velocity=6.7|snr=30.0|working_point=alternate_texture_geometry,0,position_rmse_m,A1_to_A2,1,1
track,scene=alternate_texture_geometry__seed_101__v_p6d7__snr_p30|seed=101|velocity=6.7|snr=30.0|working_point=alternate_texture_geometry,0,position_rmse_m,A1_to_A3,1,1
track,scene=alternate_texture_geometry__seed_101__v_p6d7__snr_p30|seed=101|velocity=6.7|snr=30.0|working_point=alternate_texture_geometry,1,position_rmse_m,A1_to_A2,1,1
track,scene=alternate_texture_geometry__seed_101__v_p6d7__snr_p30|seed=101|velocity=6.7|snr=30.0|working_point=alternate_texture_geometry,1,position_rmse_m,A1_to_A3,1,1
track,scene=alternate_texture_geometry__seed_101__v_p6d7__snr_p30|seed=101|velocity=6.7|snr=30.0|working_point=alternate_texture_geometry,-1,position_rmse_m,A1_to_A2,1,1
track,scene=alternate_texture_geometry__seed_101__v_p6d7__snr_p30|seed=101|velocity=6.7|snr=30.0|working_point=alternate_texture_geometry,-1,position_rmse_m,A1_to_A3,1,1
track,scene=alternate_texture_geometry__seed_101__v_p6d7__snr_p30|seed=101|velocity=6.7|snr=30.0|working_point=alternate_texture_geometry,2,position_rmse_m,A1_to_A2,1,1
track,scene=alternate_texture_geometry__seed_101__v_p6d7__snr_p30|seed=101|velocity=6.7|snr=30.0|working_point=alternate_texture_geometry,2,position_rmse_m,A1_to_A3,1,1
track,scene=alternate_texture_geometry__seed_101__v_p6d7__snr_p30|seed=101|velocity=6.7|snr=30.0|working_point=alternate_texture_geometry,-2,position_rmse_m,A1_to_A2,1,1
track,scene=alternate_texture_geometry__seed_101__v_p6d7__snr_p30|seed=101|velocity=6.7|snr=30.0|working_point=alternate_texture_geometry,-2,position_rmse_m,A1_to_A3,1,1
track,scene=alternate_texture_geometry__seed_101__v_p6d7__snr_p30|seed=101|velocity=6.7|snr=30.0|working_point=alternate_texture_geometry,4,position_rmse_m,A1_to_A2,1,1
track,scene=alternate_texture_geometry__seed_101__v_p6d7__snr_p30|seed=101|velocity=6.7|snr=30.0|working_point=alternate_texture_geometry,4,position_rmse_m,A1_to_A3,1,1
track,scene=alternate_texture_geometry__seed_101__v_p6d7__snr_p30|seed=101|velocity=6.7|snr=30.0|working_point=alternate_texture_geometry,-4,position_rmse_m,A1_to_A2,1,1
track,scene=alternate_texture_geometry__seed_101__v_p6d7__snr_p30|seed=101|velocity=6.7|snr=30.0|working_point=alternate_texture_geometry,-4,position_rmse_m,A1_to_A3,1,1
track,scene=alternate_texture_geometry__seed_101__v_p6d7__snr_p30|seed=101|velocity=6.7|snr=30.0|working_point=alternate_texture_geometry,8,position_rmse_m,A1_to_A2,1,1
track,scene=alternate_texture_geometry__seed_101__v_p6d7__snr_p30|seed=101|velocity=6.7|snr=30.0|working_point=alternate_texture_geometry,8,position_rmse_m,A1_to_A3,1,1
track,scene=alternate_texture_geometry__seed_101__v_p6d7__snr_p30|seed=101|velocity=6.7|snr=30.0|working_point=alternate_texture_geometry,-8,position_rmse_m,A1_to_A2,1,1
track,scene=alternate_texture_geometry__seed_101__v_p6d7__snr_p30|seed=101|velocity=6.7|snr=30.0|working_point=alternate_texture_geometry,-8,position_rmse_m,A1_to_A3,1,1
track,scene=base__seed_101__v_p6d7__snr_p30|seed=101|velocity=6.7|snr=30.0|working_point=base,0,track_continuity,A1_to_A2,1,1
track,scene=base__seed_101__v_p6d7__snr_p30|seed=101|velocity=6.7|snr=30.0|working_point=base,0,track_continuity,A1_to_A3,1,1
track,scene=base__seed_101__v_p6d7__snr_p30|seed=101|velocity=6.7|snr=30.0|working_point=base,1,track_continuity,A1_to_A2,1,1
track,scene=base__seed_101__v_p6d7__snr_p30|seed=101|velocity=6.7|snr=30.0|working_point=base,1,track_continuity,A1_to_A3,1,1
track,scene=base__seed_101__v_p6d7__snr_p30|seed=101|velocity=6.7|snr=30.0|working_point=base,-1,track_continuity,A1_to_A2,1,1
track,scene=base__seed_101__v_p6d7__snr_p30|seed=101|velocity=6.7|snr=30.0|working_point=base,-1,track_continuity,A1_to_A3,1,1
track,scene=base__seed_101__v_p6d7__snr_p30|seed=101|velocity=6.7|snr=30.0|working_point=base,2,track_continuity,A1_to_A2,1,1
track,scene=base__seed_101__v_p6d7__snr_p30|seed=101|velocity=6.7|snr=30.0|working_point=base,2,track_continuity,A1_to_A3,1,1
track,scene=base__seed_101__v_p6d7__snr_p30|seed=101|velocity=6.7|snr=30.0|working_point=base,-2,track_continuity,A1_to_A2,1,1
track,scene=base__seed_101__v_p6d7__snr_p30|seed=101|velocity=6.7|snr=30.0|working_point=base,-2,track_continuity,A1_to_A3,1,1
track,scene=base__seed_101__v_p6d7__snr_p30|seed=101|velocity=6.7|snr=30.0|working_point=base,4,track_continuity,A1_to_A2,1,1
track,scene=base__seed_101__v_p6d7__snr_p30|seed=101|velocity=6.7|snr=30.0|working_point=base,4,track_continuity,A1_to_A3,1,1
track,scene=base__seed_101__v_p6d7__snr_p30|seed=101|velocity=6.7|snr=30.0|working_point=base,-4,track_continuity,A1_to_A2,1,1
track,scene=base__seed_101__v_p6d7__snr_p30|seed=101|velocity=6.7|snr=30.0|working_point=base,-4,track_continuity,A1_to_A3,1,1
track,scene=base__seed_101__v_p6d7__snr_p30|seed=101|velocity=6.7|snr=30.0|working_point=base,8,track_continuity,A1_to_A2,1,1
track,scene=base__seed_101__v_p6d7__snr_p30|seed=101|velocity=6.7|snr=30.0|working_point=base,8,track_continuity,A1_to_A3,1,1
track,scene=base__seed_101__v_p6d7__snr_p30|seed=101|velocity=6.7|snr=30.0|working_point=base,-8,track_continuity,A1_to_A2,1,1
track,scene=base__seed_101__v_p6d7__snr_p30|seed=101|velocity=6.7|snr=30.0|working_point=base,-8,track_continuity,A1_to_A3,1,1
track,scene=base__seed_101__v_p6d7__snr_p35|seed=101|velocity=6.7|snr=35.0|working_point=base,0,track_continuity,A1_to_A2,1,1
track,scene=base__seed_101__v_p6d7__snr_p35|seed=101|velocity=6.7|snr=35.0|working_point=base,0,track_continuity,A1_to_A3,1,1
track,scene=base__seed_101__v_p6d7__snr_p35|seed=101|velocity=6.7|snr=35.0|working_point=base,1,track_continuity,A1_to_A2,1,1
track,scene=base__seed_101__v_p6d7__snr_p35|seed=101|velocity=6.7|snr=35.0|working_point=base,1,track_continuity,A1_to_A3,1,1
track,scene=base__seed_101__v_p6d7__snr_p35|seed=101|velocity=6.7|snr=35.0|working_point=base,-1,track_continuity,A1_to_A2,1,1
track,scene=base__seed_101__v_p6d7__snr_p35|seed=101|velocity=6.7|snr=35.0|working_point=base,-1,track_continuity,A1_to_A3,1,1
track,scene=base__seed_101__v_p6d7__snr_p35|seed=101|velocity=6.7|snr=35.0|working_point=base,2,track_continuity,A1_to_A2,1,1
track,scene=base__seed_101__v_p6d7__snr_p35|seed=101|velocity=6.7|snr=35.0|working_point=base,2,track_continuity,A1_to_A3,1,1
track,scene=base__seed_101__v_p6d7__snr_p35|seed=101|velocity=6.7|snr=35.0|working_point=base,-2,track_continuity,A1_to_A2,1,1
track,scene=base__seed_101__v_p6d7__snr_p35|seed=101|velocity=6.7|snr=35.0|working_point=base,-2,track_continuity,A1_to_A3,1,1
track,scene=base__seed_101__v_p6d7__snr_p35|seed=101|velocity=6.7|snr=35.0|working_point=base,4,track_continuity,A1_to_A2,1,1
track,scene=base__seed_101__v_p6d7__snr_p35|seed=101|velocity=6.7|snr=35.0|working_point=base,4,track_continuity,A1_to_A3,1,1
track,scene=base__seed_101__v_p6d7__snr_p35|seed=101|velocity=6.7|snr=35.0|working_point=base,-4,track_continuity,A1_to_A2,1,1
track,scene=base__seed_101__v_p6d7__snr_p35|seed=101|velocity=6.7|snr=35.0|working_point=base,-4,track_continuity,A1_to_A3,1,1
track,scene=base__seed_101__v_p6d7__snr_p35|seed=101|velocity=6.7|snr=35.0|working_point=base,8,track_continuity,A1_to_A2,1,1
track,scene=base__seed_101__v_p6d7__snr_p35|seed=101|velocity=6.7|snr=35.0|working_point=base,8,track_continuity,A1_to_A3,1,1
track,scene=base__seed_101__v_p6d7__snr_p35|seed=101|velocity=6.7|snr=35.0|working_point=base,-8,track_continuity,A1_to_A2,1,1
track,scene=base__seed_101__v_p6d7__snr_p35|seed=101|velocity=6.7|snr=35.0|working_point=base,-8,track_continuity,A1_to_A3,1,1
track,scene=base__seed_101__v_p12__snr_p30|seed=101|velocity=12.0|snr=30.0|working_point=base,0,track_continuity,A1_to_A2,1,1
track,scene=base__seed_101__v_p12__snr_p30|seed=101|velocity=12.0|snr=30.0|working_point=base,0,track_continuity,A1_to_A3,1,1
track,scene=base__seed_101__v_p12__snr_p30|seed=101|velocity=12.0|snr=30.0|working_point=base,1,track_continuity,A1_to_A2,1,1
track,scene=base__seed_101__v_p12__snr_p30|seed=101|velocity=12.0|snr=30.0|working_point=base,1,track_continuity,A1_to_A3,1,1
track,scene=base__seed_101__v_p12__snr_p30|seed=101|velocity=12.0|snr=30.0|working_point=base,-1,track_continuity,A1_to_A2,1,1
track,scene=base__seed_101__v_p12__snr_p30|seed=101|velocity=12.0|snr=30.0|working_point=base,-1,track_continuity,A1_to_A3,1,1
track,scene=base__seed_101__v_p12__snr_p30|seed=101|velocity=12.0|snr=30.0|working_point=base,2,track_continuity,A1_to_A2,1,1
track,scene=base__seed_101__v_p12__snr_p30|seed=101|velocity=12.0|snr=30.0|working_point=base,2,track_continuity,A1_to_A3,1,1
track,scene=base__seed_101__v_p12__snr_p30|seed=101|velocity=12.0|snr=30.0|working_point=base,-2,track_continuity,A1_to_A2,1,1
track,scene=base__seed_101__v_p12__snr_p30|seed=101|velocity=12.0|snr=30.0|working_point=base,-2,track_continuity,A1_to_A3,1,1
track,scene=base__seed_101__v_p12__snr_p30|seed=101|velocity=12.0|snr=30.0|working_point=base,4,track_continuity,A1_to_A2,1,1
track,scene=base__seed_101__v_p12__snr_p30|seed=101|velocity=12.0|snr=30.0|working_point=base,4,track_continuity,A1_to_A3,1,1
track,scene=base__seed_101__v_p12__snr_p30|seed=101|velocity=12.0|snr=30.0|working_point=base,-4,track_continuity,A1_to_A2,1,1
track,scene=base__seed_101__v_p12__snr_p30|seed=101|velocity=12.0|snr=30.0|working_point=base,-4,track_continuity,A1_to_A3,1,1
track,scene=base__seed_101__v_p12__snr_p30|seed=101|velocity=12.0|snr=30.0|working_point=base,8,track_continuity,A1_to_A2,1,1
track,scene=base__seed_101__v_p12__snr_p30|seed=101|velocity=12.0|snr=30.0|working_point=base,8,track_continuity,A1_to_A3,1,1
track,scene=base__seed_101__v_p12__snr_p30|seed=101|velocity=12.0|snr=30.0|working_point=base,-8,track_continuity,A1_to_A2,1,1
track,scene=base__seed_101__v_p12__snr_p30|seed=101|velocity=12.0|snr=30.0|working_point=base,-8,track_continuity,A1_to_A3,1,1
track,scene=base__seed_101__v_p12__snr_p35|seed=101|velocity=12.0|snr=35.0|working_point=base,0,track_continuity,A1_to_A2,1,1
track,scene=base__seed_101__v_p12__snr_p35|seed=101|velocity=12.0|snr=35.0|working_point=base,0,track_continuity,A1_to_A3,1,1
track,scene=base__seed_101__v_p12__snr_p35|seed=101|velocity=12.0|snr=35.0|working_point=base,1,track_continuity,A1_to_A2,1,1
track,scene=base__seed_101__v_p12__snr_p35|seed=101|velocity=12.0|snr=35.0|working_point=base,1,track_continuity,A1_to_A3,1,1
track,scene=base__seed_101__v_p12__snr_p35|seed=101|velocity=12.0|snr=35.0|working_point=base,-1,track_continuity,A1_to_A2,1,1
track,scene=base__seed_101__v_p12__snr_p35|seed=101|velocity=12.0|snr=35.0|working_point=base,-1,track_continuity,A1_to_A3,1,1
track,scene=base__seed_101__v_p12__snr_p35|seed=101|velocity=12.0|snr=35.0|working_point=base,2,track_continuity,A1_to_A2,1,1
track,scene=base__seed_101__v_p12__snr_p35|seed=101|velocity=12.0|snr=35.0|working_point=base,2,track_continuity,A1_to_A3,1,1
track,scene=base__seed_101__v_p12__snr_p35|seed=101|velocity=12.0|snr=35.0|working_point=base,-2,track_continuity,A1_to_A2,1,1
track,scene=base__seed_101__v_p12__snr_p35|seed=101|velocity=12.0|snr=35.0|working_point=base,-2,track_continuity,A1_to_A3,1,1
track,scene=base__seed_101__v_p12__snr_p35|seed=101|velocity=12.0|snr=35.0|working_point=base,4,track_continuity,A1_to_A2,1,1
track,scene=base__seed_101__v_p12__snr_p35|seed=101|velocity=12.0|snr=35.0|working_point=base,4,track_continuity,A1_to_A3,1,1
track,scene=base__seed_101__v_p12__snr_p35|seed=101|velocity=12.0|snr=35.0|working_point=base,-4,track_continuity,A1_to_A2,1,1
track,scene=base__seed_101__v_p12__snr_p35|seed=101|velocity=12.0|snr=35.0|working_point=base,-4,track_continuity,A1_to_A3,1,1
track,scene=base__seed_101__v_p12__snr_p35|seed=101|velocity=12.0|snr=35.0|working_point=base,8,track_continuity,A1_to_A2,1,1
track,scene=base__seed_101__v_p12__snr_p35|seed=101|velocity=12.0|snr=35.0|working_point=base,8,track_continuity,A1_to_A3,1,1
track,scene=base__seed_101__v_p12__snr_p35|seed=101|velocity=12.0|snr=35.0|working_point=base,-8,track_continuity,A1_to_A2,1,1
track,scene=base__seed_101__v_p12__snr_p35|seed=101|velocity=12.0|snr=35.0|working_point=base,-8,track_continuity,A1_to_A3,1,1
track,scene=base__seed_202__v_p6d7__snr_p30|seed=202|velocity=6.7|snr=30.0|working_point=base,0,track_continuity,A1_to_A2,1,1
track,scene=base__seed_202__v_p6d7__snr_p30|seed=202|velocity=6.7|snr=30.0|working_point=base,0,track_continuity,A1_to_A3,1,1
track,scene=base__seed_202__v_p6d7__snr_p30|seed=202|velocity=6.7|snr=30.0|working_point=base,1,track_continuity,A1_to_A2,1,1
track,scene=base__seed_202__v_p6d7__snr_p30|seed=202|velocity=6.7|snr=30.0|working_point=base,1,track_continuity,A1_to_A3,1,1
track,scene=base__seed_202__v_p6d7__snr_p30|seed=202|velocity=6.7|snr=30.0|working_point=base,-1,track_continuity,A1_to_A2,1,1
track,scene=base__seed_202__v_p6d7__snr_p30|seed=202|velocity=6.7|snr=30.0|working_point=base,-1,track_continuity,A1_to_A3,1,1
track,scene=base__seed_202__v_p6d7__snr_p30|seed=202|velocity=6.7|snr=30.0|working_point=base,2,track_continuity,A1_to_A2,1,1
track,scene=base__seed_202__v_p6d7__snr_p30|seed=202|velocity=6.7|snr=30.0|working_point=base,2,track_continuity,A1_to_A3,1,1
track,scene=base__seed_202__v_p6d7__snr_p30|seed=202|velocity=6.7|snr=30.0|working_point=base,-2,track_continuity,A1_to_A2,1,1
track,scene=base__seed_202__v_p6d7__snr_p30|seed=202|velocity=6.7|snr=30.0|working_point=base,-2,track_continuity,A1_to_A3,1,1
track,scene=base__seed_202__v_p6d7__snr_p30|seed=202|velocity=6.7|snr=30.0|working_point=base,4,track_continuity,A1_to_A2,1,1
track,scene=base__seed_202__v_p6d7__snr_p30|seed=202|velocity=6.7|snr=30.0|working_point=base,4,track_continuity,A1_to_A3,1,1
track,scene=base__seed_202__v_p6d7__snr_p30|seed=202|velocity=6.7|snr=30.0|working_point=base,-4,track_continuity,A1_to_A2,1,1
track,scene=base__seed_202__v_p6d7__snr_p30|seed=202|velocity=6.7|snr=30.0|working_point=base,-4,track_continuity,A1_to_A3,1,1
track,scene=base__seed_202__v_p6d7__snr_p30|seed=202|velocity=6.7|snr=30.0|working_point=base,8,track_continuity,A1_to_A2,1,1
track,scene=base__seed_202__v_p6d7__snr_p30|seed=202|velocity=6.7|snr=30.0|working_point=base,8,track_continuity,A1_to_A3,1,1
track,scene=base__seed_202__v_p6d7__snr_p30|seed=202|velocity=6.7|snr=30.0|working_point=base,-8,track_continuity,A1_to_A2,1,1
track,scene=base__seed_202__v_p6d7__snr_p30|seed=202|velocity=6.7|snr=30.0|working_point=base,-8,track_continuity,A1_to_A3,1,1
track,scene=base__seed_202__v_p6d7__snr_p35|seed=202|velocity=6.7|snr=35.0|working_point=base,0,track_continuity,A1_to_A2,1,1
track,scene=base__seed_202__v_p6d7__snr_p35|seed=202|velocity=6.7|snr=35.0|working_point=base,0,track_continuity,A1_to_A3,1,1
track,scene=base__seed_202__v_p6d7__snr_p35|seed=202|velocity=6.7|snr=35.0|working_point=base,1,track_continuity,A1_to_A2,1,1
track,scene=base__seed_202__v_p6d7__snr_p35|seed=202|velocity=6.7|snr=35.0|working_point=base,1,track_continuity,A1_to_A3,1,1
track,scene=base__seed_202__v_p6d7__snr_p35|seed=202|velocity=6.7|snr=35.0|working_point=base,-1,track_continuity,A1_to_A2,1,1
track,scene=base__seed_202__v_p6d7__snr_p35|seed=202|velocity=6.7|snr=35.0|working_point=base,-1,track_continuity,A1_to_A3,1,1
track,scene=base__seed_202__v_p6d7__snr_p35|seed=202|velocity=6.7|snr=35.0|working_point=base,2,track_continuity,A1_to_A2,1,1
track,scene=base__seed_202__v_p6d7__snr_p35|seed=202|velocity=6.7|snr=35.0|working_point=base,2,track_continuity,A1_to_A3,1,1
track,scene=base__seed_202__v_p6d7__snr_p35|seed=202|velocity=6.7|snr=35.0|working_point=base,-2,track_continuity,A1_to_A2,1,1
track,scene=base__seed_202__v_p6d7__snr_p35|seed=202|velocity=6.7|snr=35.0|working_point=base,-2,track_continuity,A1_to_A3,1,1
track,scene=base__seed_202__v_p6d7__snr_p35|seed=202|velocity=6.7|snr=35.0|working_point=base,4,track_continuity,A1_to_A2,1,1
track,scene=base__seed_202__v_p6d7__snr_p35|seed=202|velocity=6.7|snr=35.0|working_point=base,4,track_continuity,A1_to_A3,1,1
track,scene=base__seed_202__v_p6d7__snr_p35|seed=202|velocity=6.7|snr=35.0|working_point=base,-4,track_continuity,A1_to_A2,1,1
track,scene=base__seed_202__v_p6d7__snr_p35|seed=202|velocity=6.7|snr=35.0|working_point=base,-4,track_continuity,A1_to_A3,1,1
track,scene=base__seed_202__v_p6d7__snr_p35|seed=202|velocity=6.7|snr=35.0|working_point=base,8,track_continuity,A1_to_A2,1,1
track,scene=base__seed_202__v_p6d7__snr_p35|seed=202|velocity=6.7|snr=35.0|working_point=base,8,track_continuity,A1_to_A3,1,1
track,scene=base__seed_202__v_p6d7__snr_p35|seed=202|velocity=6.7|snr=35.0|working_point=base,-8,track_continuity,A1_to_A2,1,1
track,scene=base__seed_202__v_p6d7__snr_p35|seed=202|velocity=6.7|snr=35.0|working_point=base,-8,track_continuity,A1_to_A3,1,1
track,scene=base__seed_202__v_p12__snr_p30|seed=202|velocity=12.0|snr=30.0|working_point=base,0,track_continuity,A1_to_A2,1,1
track,scene=base__seed_202__v_p12__snr_p30|seed=202|velocity=12.0|snr=30.0|working_point=base,0,track_continuity,A1_to_A3,1,1
track,scene=base__seed_202__v_p12__snr_p30|seed=202|velocity=12.0|snr=30.0|working_point=base,1,track_continuity,A1_to_A2,1,1
track,scene=base__seed_202__v_p12__snr_p30|seed=202|velocity=12.0|snr=30.0|working_point=base,1,track_continuity,A1_to_A3,1,1
track,scene=base__seed_202__v_p12__snr_p30|seed=202|velocity=12.0|snr=30.0|working_point=base,-1,track_continuity,A1_to_A2,1,1
track,scene=base__seed_202__v_p12__snr_p30|seed=202|velocity=12.0|snr=30.0|working_point=base,-1,track_continuity,A1_to_A3,1,1
track,scene=base__seed_202__v_p12__snr_p30|seed=202|velocity=12.0|snr=30.0|working_point=base,2,track_continuity,A1_to_A2,1,1
track,scene=base__seed_202__v_p12__snr_p30|seed=202|velocity=12.0|snr=30.0|working_point=base,2,track_continuity,A1_to_A3,1,1
track,scene=base__seed_202__v_p12__snr_p30|seed=202|velocity=12.0|snr=30.0|working_point=base,-2,track_continuity,A1_to_A2,1,1
track,scene=base__seed_202__v_p12__snr_p30|seed=202|velocity=12.0|snr=30.0|working_point=base,-2,track_continuity,A1_to_A3,1,1
track,scene=base__seed_202__v_p12__snr_p30|seed=202|velocity=12.0|snr=30.0|working_point=base,4,track_continuity,A1_to_A2,1,1
track,scene=base__seed_202__v_p12__snr_p30|seed=202|velocity=12.0|snr=30.0|working_point=base,4,track_continuity,A1_to_A3,1,1
track,scene=base__seed_202__v_p12__snr_p30|seed=202|velocity=12.0|snr=30.0|working_point=base,-4,track_continuity,A1_to_A2,1,1
track,scene=base__seed_202__v_p12__snr_p30|seed=202|velocity=12.0|snr=30.0|working_point=base,-4,track_continuity,A1_to_A3,1,1
track,scene=base__seed_202__v_p12__snr_p30|seed=202|velocity=12.0|snr=30.0|working_point=base,8,track_continuity,A1_to_A2,1,1
track,scene=base__seed_202__v_p12__snr_p30|seed=202|velocity=12.0|snr=30.0|working_point=base,8,track_continuity,A1_to_A3,1,1
track,scene=base__seed_202__v_p12__snr_p30|seed=202|velocity=12.0|snr=30.0|working_point=base,-8,track_continuity,A1_to_A2,1,1
track,scene=base__seed_202__v_p12__snr_p30|seed=202|velocity=12.0|snr=30.0|working_point=base,-8,track_continuity,A1_to_A3,1,1
track,scene=base__seed_202__v_p12__snr_p35|seed=202|velocity=12.0|snr=35.0|working_point=base,0,track_continuity,A1_to_A2,1,1
track,scene=base__seed_202__v_p12__snr_p35|seed=202|velocity=12.0|snr=35.0|working_point=base,0,track_continuity,A1_to_A3,1,1
track,scene=base__seed_202__v_p12__snr_p35|seed=202|velocity=12.0|snr=35.0|working_point=base,1,track_continuity,A1_to_A2,1,1
track,scene=base__seed_202__v_p12__snr_p35|seed=202|velocity=12.0|snr=35.0|working_point=base,1,track_continuity,A1_to_A3,1,1
track,scene=base__seed_202__v_p12__snr_p35|seed=202|velocity=12.0|snr=35.0|working_point=base,-1,track_continuity,A1_to_A2,1,1
track,scene=base__seed_202__v_p12__snr_p35|seed=202|velocity=12.0|snr=35.0|working_point=base,-1,track_continuity,A1_to_A3,1,1
track,scene=base__seed_202__v_p12__snr_p35|seed=202|velocity=12.0|snr=35.0|working_point=base,2,track_continuity,A1_to_A2,1,1
track,scene=base__seed_202__v_p12__snr_p35|seed=202|velocity=12.0|snr=35.0|working_point=base,2,track_continuity,A1_to_A3,1,1
track,scene=base__seed_202__v_p12__snr_p35|seed=202|velocity=12.0|snr=35.0|working_point=base,-2,track_continuity,A1_to_A2,1,1
track,scene=base__seed_202__v_p12__snr_p35|seed=202|velocity=12.0|snr=35.0|working_point=base,-2,track_continuity,A1_to_A3,1,1
track,scene=base__seed_202__v_p12__snr_p35|seed=202|velocity=12.0|snr=35.0|working_point=base,4,track_continuity,A1_to_A2,1,1
track,scene=base__seed_202__v_p12__snr_p35|seed=202|velocity=12.0|snr=35.0|working_point=base,4,track_continuity,A1_to_A3,1,1
track,scene=base__seed_202__v_p12__snr_p35|seed=202|velocity=12.0|snr=35.0|working_point=base,-4,track_continuity,A1_to_A2,1,1
track,scene=base__seed_202__v_p12__snr_p35|seed=202|velocity=12.0|snr=35.0|working_point=base,-4,track_continuity,A1_to_A3,1,1
track,scene=base__seed_202__v_p12__snr_p35|seed=202|velocity=12.0|snr=35.0|working_point=base,8,track_continuity,A1_to_A2,1,1
track,scene=base__seed_202__v_p12__snr_p35|seed=202|velocity=12.0|snr=35.0|working_point=base,8,track_continuity,A1_to_A3,1,1
track,scene=base__seed_202__v_p12__snr_p35|seed=202|velocity=12.0|snr=35.0|working_point=base,-8,track_continuity,A1_to_A2,1,1
track,scene=base__seed_202__v_p12__snr_p35|seed=202|velocity=12.0|snr=35.0|working_point=base,-8,track_continuity,A1_to_A3,1,1
track,scene=base__seed_303__v_p6d7__snr_p30|seed=303|velocity=6.7|snr=30.0|working_point=base,0,track_continuity,A1_to_A2,1,1
track,scene=base__seed_303__v_p6d7__snr_p30|seed=303|velocity=6.7|snr=30.0|working_point=base,0,track_continuity,A1_to_A3,1,1
track,scene=base__seed_303__v_p6d7__snr_p30|seed=303|velocity=6.7|snr=30.0|working_point=base,1,track_continuity,A1_to_A2,1,1
track,scene=base__seed_303__v_p6d7__snr_p30|seed=303|velocity=6.7|snr=30.0|working_point=base,1,track_continuity,A1_to_A3,1,1
track,scene=base__seed_303__v_p6d7__snr_p30|seed=303|velocity=6.7|snr=30.0|working_point=base,-1,track_continuity,A1_to_A2,1,1
track,scene=base__seed_303__v_p6d7__snr_p30|seed=303|velocity=6.7|snr=30.0|working_point=base,-1,track_continuity,A1_to_A3,1,1
track,scene=base__seed_303__v_p6d7__snr_p30|seed=303|velocity=6.7|snr=30.0|working_point=base,2,track_continuity,A1_to_A2,1,1
track,scene=base__seed_303__v_p6d7__snr_p30|seed=303|velocity=6.7|snr=30.0|working_point=base,2,track_continuity,A1_to_A3,1,1
track,scene=base__seed_303__v_p6d7__snr_p30|seed=303|velocity=6.7|snr=30.0|working_point=base,-2,track_continuity,A1_to_A2,1,1
track,scene=base__seed_303__v_p6d7__snr_p30|seed=303|velocity=6.7|snr=30.0|working_point=base,-2,track_continuity,A1_to_A3,1,1
track,scene=base__seed_303__v_p6d7__snr_p30|seed=303|velocity=6.7|snr=30.0|working_point=base,4,track_continuity,A1_to_A2,1,1
track,scene=base__seed_303__v_p6d7__snr_p30|seed=303|velocity=6.7|snr=30.0|working_point=base,4,track_continuity,A1_to_A3,1,1
track,scene=base__seed_303__v_p6d7__snr_p30|seed=303|velocity=6.7|snr=30.0|working_point=base,-4,track_continuity,A1_to_A2,1,1
track,scene=base__seed_303__v_p6d7__snr_p30|seed=303|velocity=6.7|snr=30.0|working_point=base,-4,track_continuity,A1_to_A3,1,1
track,scene=base__seed_303__v_p6d7__snr_p30|seed=303|velocity=6.7|snr=30.0|working_point=base,8,track_continuity,A1_to_A2,1,1
track,scene=base__seed_303__v_p6d7__snr_p30|seed=303|velocity=6.7|snr=30.0|working_point=base,8,track_continuity,A1_to_A3,1,1
track,scene=base__seed_303__v_p6d7__snr_p30|seed=303|velocity=6.7|snr=30.0|working_point=base,-8,track_continuity,A1_to_A2,1,1
track,scene=base__seed_303__v_p6d7__snr_p30|seed=303|velocity=6.7|snr=30.0|working_point=base,-8,track_continuity,A1_to_A3,1,1
track,scene=base__seed_303__v_p6d7__snr_p35|seed=303|velocity=6.7|snr=35.0|working_point=base,0,track_continuity,A1_to_A2,1,1
track,scene=base__seed_303__v_p6d7__snr_p35|seed=303|velocity=6.7|snr=35.0|working_point=base,0,track_continuity,A1_to_A3,1,1
track,scene=base__seed_303__v_p6d7__snr_p35|seed=303|velocity=6.7|snr=35.0|working_point=base,1,track_continuity,A1_to_A2,1,1
track,scene=base__seed_303__v_p6d7__snr_p35|seed=303|velocity=6.7|snr=35.0|working_point=base,1,track_continuity,A1_to_A3,1,1
track,scene=base__seed_303__v_p6d7__snr_p35|seed=303|velocity=6.7|snr=35.0|working_point=base,-1,track_continuity,A1_to_A2,1,1
track,scene=base__seed_303__v_p6d7__snr_p35|seed=303|velocity=6.7|snr=35.0|working_point=base,-1,track_continuity,A1_to_A3,1,1
track,scene=base__seed_303__v_p6d7__snr_p35|seed=303|velocity=6.7|snr=35.0|working_point=base,2,track_continuity,A1_to_A2,1,1
track,scene=base__seed_303__v_p6d7__snr_p35|seed=303|velocity=6.7|snr=35.0|working_point=base,2,track_continuity,A1_to_A3,1,1
track,scene=base__seed_303__v_p6d7__snr_p35|seed=303|velocity=6.7|snr=35.0|working_point=base,-2,track_continuity,A1_to_A2,1,1
track,scene=base__seed_303__v_p6d7__snr_p35|seed=303|velocity=6.7|snr=35.0|working_point=base,-2,track_continuity,A1_to_A3,1,1
track,scene=base__seed_303__v_p6d7__snr_p35|seed=303|velocity=6.7|snr=35.0|working_point=base,4,track_continuity,A1_to_A2,1,1
track,scene=base__seed_303__v_p6d7__snr_p35|seed=303|velocity=6.7|snr=35.0|working_point=base,4,track_continuity,A1_to_A3,1,1
track,scene=base__seed_303__v_p6d7__snr_p35|seed=303|velocity=6.7|snr=35.0|working_point=base,-4,track_continuity,A1_to_A2,1,1
track,scene=base__seed_303__v_p6d7__snr_p35|seed=303|velocity=6.7|snr=35.0|working_point=base,-4,track_continuity,A1_to_A3,1,1
track,scene=base__seed_303__v_p6d7__snr_p35|seed=303|velocity=6.7|snr=35.0|working_point=base,8,track_continuity,A1_to_A2,1,1
track,scene=base__seed_303__v_p6d7__snr_p35|seed=303|velocity=6.7|snr=35.0|working_point=base,8,track_continuity,A1_to_A3,1,1
track,scene=base__seed_303__v_p6d7__snr_p35|seed=303|velocity=6.7|snr=35.0|working_point=base,-8,track_continuity,A1_to_A2,1,1
track,scene=base__seed_303__v_p6d7__snr_p35|seed=303|velocity=6.7|snr=35.0|working_point=base,-8,track_continuity,A1_to_A3,1,1
track,scene=base__seed_303__v_p12__snr_p30|seed=303|velocity=12.0|snr=30.0|working_point=base,0,track_continuity,A1_to_A2,1,1
track,scene=base__seed_303__v_p12__snr_p30|seed=303|velocity=12.0|snr=30.0|working_point=base,0,track_continuity,A1_to_A3,1,1
track,scene=base__seed_303__v_p12__snr_p30|seed=303|velocity=12.0|snr=30.0|working_point=base,1,track_continuity,A1_to_A2,1,1
track,scene=base__seed_303__v_p12__snr_p30|seed=303|velocity=12.0|snr=30.0|working_point=base,1,track_continuity,A1_to_A3,1,1
track,scene=base__seed_303__v_p12__snr_p30|seed=303|velocity=12.0|snr=30.0|working_point=base,-1,track_continuity,A1_to_A2,1,1
track,scene=base__seed_303__v_p12__snr_p30|seed=303|velocity=12.0|snr=30.0|working_point=base,-1,track_continuity,A1_to_A3,1,1
track,scene=base__seed_303__v_p12__snr_p30|seed=303|velocity=12.0|snr=30.0|working_point=base,2,track_continuity,A1_to_A2,1,1
track,scene=base__seed_303__v_p12__snr_p30|seed=303|velocity=12.0|snr=30.0|working_point=base,2,track_continuity,A1_to_A3,1,1
track,scene=base__seed_303__v_p12__snr_p30|seed=303|velocity=12.0|snr=30.0|working_point=base,-2,track_continuity,A1_to_A2,1,1
track,scene=base__seed_303__v_p12__snr_p30|seed=303|velocity=12.0|snr=30.0|working_point=base,-2,track_continuity,A1_to_A3,1,1
track,scene=base__seed_303__v_p12__snr_p30|seed=303|velocity=12.0|snr=30.0|working_point=base,4,track_continuity,A1_to_A2,1,1
track,scene=base__seed_303__v_p12__snr_p30|seed=303|velocity=12.0|snr=30.0|working_point=base,4,track_continuity,A1_to_A3,1,1
track,scene=base__seed_303__v_p12__snr_p30|seed=303|velocity=12.0|snr=30.0|working_point=base,-4,track_continuity,A1_to_A2,1,1
track,scene=base__seed_303__v_p12__snr_p30|seed=303|velocity=12.0|snr=30.0|working_point=base,-4,track_continuity,A1_to_A3,1,1
track,scene=base__seed_303__v_p12__snr_p30|seed=303|velocity=12.0|snr=30.0|working_point=base,8,track_continuity,A1_to_A2,1,1
track,scene=base__seed_303__v_p12__snr_p30|seed=303|velocity=12.0|snr=30.0|working_point=base,8,track_continuity,A1_to_A3,1,1
track,scene=base__seed_303__v_p12__snr_p30|seed=303|velocity=12.0|snr=30.0|working_point=base,-8,track_continuity,A1_to_A2,1,1
track,scene=base__seed_303__v_p12__snr_p30|seed=303|velocity=12.0|snr=30.0|working_point=base,-8,track_continuity,A1_to_A3,1,1
track,scene=base__seed_303__v_p12__snr_p35|seed=303|velocity=12.0|snr=35.0|working_point=base,0,track_continuity,A1_to_A2,1,1
track,scene=base__seed_303__v_p12__snr_p35|seed=303|velocity=12.0|snr=35.0|working_point=base,0,track_continuity,A1_to_A3,1,1
track,scene=base__seed_303__v_p12__snr_p35|seed=303|velocity=12.0|snr=35.0|working_point=base,1,track_continuity,A1_to_A2,1,1
track,scene=base__seed_303__v_p12__snr_p35|seed=303|velocity=12.0|snr=35.0|working_point=base,1,track_continuity,A1_to_A3,1,1
track,scene=base__seed_303__v_p12__snr_p35|seed=303|velocity=12.0|snr=35.0|working_point=base,-1,track_continuity,A1_to_A2,1,1
track,scene=base__seed_303__v_p12__snr_p35|seed=303|velocity=12.0|snr=35.0|working_point=base,-1,track_continuity,A1_to_A3,1,1
track,scene=base__seed_303__v_p12__snr_p35|seed=303|velocity=12.0|snr=35.0|working_point=base,2,track_continuity,A1_to_A2,1,1
track,scene=base__seed_303__v_p12__snr_p35|seed=303|velocity=12.0|snr=35.0|working_point=base,2,track_continuity,A1_to_A3,1,1
track,scene=base__seed_303__v_p12__snr_p35|seed=303|velocity=12.0|snr=35.0|working_point=base,-2,track_continuity,A1_to_A2,1,1
track,scene=base__seed_303__v_p12__snr_p35|seed=303|velocity=12.0|snr=35.0|working_point=base,-2,track_continuity,A1_to_A3,1,1
track,scene=base__seed_303__v_p12__snr_p35|seed=303|velocity=12.0|snr=35.0|working_point=base,4,track_continuity,A1_to_A2,1,1
track,scene=base__seed_303__v_p12__snr_p35|seed=303|velocity=12.0|snr=35.0|working_point=base,4,track_continuity,A1_to_A3,1,1
track,scene=base__seed_303__v_p12__snr_p35|seed=303|velocity=12.0|snr=35.0|working_point=base,-4,track_continuity,A1_to_A2,1,1
track,scene=base__seed_303__v_p12__snr_p35|seed=303|velocity=12.0|snr=35.0|working_point=base,-4,track_continuity,A1_to_A3,1,1
track,scene=base__seed_303__v_p12__snr_p35|seed=303|velocity=12.0|snr=35.0|working_point=base,8,track_continuity,A1_to_A2,1,1
track,scene=base__seed_303__v_p12__snr_p35|seed=303|velocity=12.0|snr=35.0|working_point=base,8,track_continuity,A1_to_A3,1,1
track,scene=base__seed_303__v_p12__snr_p35|seed=303|velocity=12.0|snr=35.0|working_point=base,-8,track_continuity,A1_to_A2,1,1
track,scene=base__seed_303__v_p12__snr_p35|seed=303|velocity=12.0|snr=35.0|working_point=base,-8,track_continuity,A1_to_A3,1,1
track,scene=low_snr__seed_101__v_p6d7__snr_p20|seed=101|velocity=6.7|snr=20.0|working_point=low_snr,0,track_continuity,A1_to_A2,1,1
track,scene=low_snr__seed_101__v_p6d7__snr_p20|seed=101|velocity=6.7|snr=20.0|working_point=low_snr,0,track_continuity,A1_to_A3,1,1
track,scene=low_snr__seed_101__v_p6d7__snr_p20|seed=101|velocity=6.7|snr=20.0|working_point=low_snr,1,track_continuity,A1_to_A2,1,1
track,scene=low_snr__seed_101__v_p6d7__snr_p20|seed=101|velocity=6.7|snr=20.0|working_point=low_snr,1,track_continuity,A1_to_A3,1,1
track,scene=low_snr__seed_101__v_p6d7__snr_p20|seed=101|velocity=6.7|snr=20.0|working_point=low_snr,-1,track_continuity,A1_to_A2,1,1
track,scene=low_snr__seed_101__v_p6d7__snr_p20|seed=101|velocity=6.7|snr=20.0|working_point=low_snr,-1,track_continuity,A1_to_A3,1,1
track,scene=low_snr__seed_101__v_p6d7__snr_p20|seed=101|velocity=6.7|snr=20.0|working_point=low_snr,2,track_continuity,A1_to_A2,1,1
track,scene=low_snr__seed_101__v_p6d7__snr_p20|seed=101|velocity=6.7|snr=20.0|working_point=low_snr,2,track_continuity,A1_to_A3,1,1
track,scene=low_snr__seed_101__v_p6d7__snr_p20|seed=101|velocity=6.7|snr=20.0|working_point=low_snr,-2,track_continuity,A1_to_A2,1,1
track,scene=low_snr__seed_101__v_p6d7__snr_p20|seed=101|velocity=6.7|snr=20.0|working_point=low_snr,-2,track_continuity,A1_to_A3,1,1
track,scene=low_snr__seed_101__v_p6d7__snr_p20|seed=101|velocity=6.7|snr=20.0|working_point=low_snr,4,track_continuity,A1_to_A2,1,1
track,scene=low_snr__seed_101__v_p6d7__snr_p20|seed=101|velocity=6.7|snr=20.0|working_point=low_snr,4,track_continuity,A1_to_A3,1,1
track,scene=low_snr__seed_101__v_p6d7__snr_p20|seed=101|velocity=6.7|snr=20.0|working_point=low_snr,-4,track_continuity,A1_to_A2,1,1
track,scene=low_snr__seed_101__v_p6d7__snr_p20|seed=101|velocity=6.7|snr=20.0|working_point=low_snr,-4,track_continuity,A1_to_A3,1,1
track,scene=low_snr__seed_101__v_p6d7__snr_p20|seed=101|velocity=6.7|snr=20.0|working_point=low_snr,8,track_continuity,A1_to_A2,1,1
track,scene=low_snr__seed_101__v_p6d7__snr_p20|seed=101|velocity=6.7|snr=20.0|working_point=low_snr,8,track_continuity,A1_to_A3,1,1
track,scene=low_snr__seed_101__v_p6d7__snr_p20|seed=101|velocity=6.7|snr=20.0|working_point=low_snr,-8,track_continuity,A1_to_A2,1,1
track,scene=low_snr__seed_101__v_p6d7__snr_p20|seed=101|velocity=6.7|snr=20.0|working_point=low_snr,-8,track_continuity,A1_to_A3,1,1
track,scene=high_velocity__seed_101__v_p12__snr_p30|seed=101|velocity=12.0|snr=30.0|working_point=high_velocity,0,track_continuity,A1_to_A2,1,1
track,scene=high_velocity__seed_101__v_p12__snr_p30|seed=101|velocity=12.0|snr=30.0|working_point=high_velocity,0,track_continuity,A1_to_A3,1,1
track,scene=high_velocity__seed_101__v_p12__snr_p30|seed=101|velocity=12.0|snr=30.0|working_point=high_velocity,1,track_continuity,A1_to_A2,1,1
track,scene=high_velocity__seed_101__v_p12__snr_p30|seed=101|velocity=12.0|snr=30.0|working_point=high_velocity,1,track_continuity,A1_to_A3,1,1
track,scene=high_velocity__seed_101__v_p12__snr_p30|seed=101|velocity=12.0|snr=30.0|working_point=high_velocity,-1,track_continuity,A1_to_A2,1,1
track,scene=high_velocity__seed_101__v_p12__snr_p30|seed=101|velocity=12.0|snr=30.0|working_point=high_velocity,-1,track_continuity,A1_to_A3,1,1
track,scene=high_velocity__seed_101__v_p12__snr_p30|seed=101|velocity=12.0|snr=30.0|working_point=high_velocity,2,track_continuity,A1_to_A2,1,1
track,scene=high_velocity__seed_101__v_p12__snr_p30|seed=101|velocity=12.0|snr=30.0|working_point=high_velocity,2,track_continuity,A1_to_A3,1,1
track,scene=high_velocity__seed_101__v_p12__snr_p30|seed=101|velocity=12.0|snr=30.0|working_point=high_velocity,-2,track_continuity,A1_to_A2,1,1
track,scene=high_velocity__seed_101__v_p12__snr_p30|seed=101|velocity=12.0|snr=30.0|working_point=high_velocity,-2,track_continuity,A1_to_A3,1,1
track,scene=high_velocity__seed_101__v_p12__snr_p30|seed=101|velocity=12.0|snr=30.0|working_point=high_velocity,4,track_continuity,A1_to_A2,1,1
track,scene=high_velocity__seed_101__v_p12__snr_p30|seed=101|velocity=12.0|snr=30.0|working_point=high_velocity,4,track_continuity,A1_to_A3,1,1
track,scene=high_velocity__seed_101__v_p12__snr_p30|seed=101|velocity=12.0|snr=30.0|working_point=high_velocity,-4,track_continuity,A1_to_A2,1,1
track,scene=high_velocity__seed_101__v_p12__snr_p30|seed=101|velocity=12.0|snr=30.0|working_point=high_velocity,-4,track_continuity,A1_to_A3,1,1
track,scene=high_velocity__seed_101__v_p12__snr_p30|seed=101|velocity=12.0|snr=30.0|working_point=high_velocity,8,track_continuity,A1_to_A2,1,1
track,scene=high_velocity__seed_101__v_p12__snr_p30|seed=101|velocity=12.0|snr=30.0|working_point=high_velocity,8,track_continuity,A1_to_A3,1,1
track,scene=high_velocity__seed_101__v_p12__snr_p30|seed=101|velocity=12.0|snr=30.0|working_point=high_velocity,-8,track_continuity,A1_to_A2,1,1
track,scene=high_velocity__seed_101__v_p12__snr_p30|seed=101|velocity=12.0|snr=30.0|working_point=high_velocity,-8,track_continuity,A1_to_A3,1,1
track,scene=alternate_texture_geometry__seed_101__v_p6d7__snr_p30|seed=101|velocity=6.7|snr=30.0|working_point=alternate_texture_geometry,0,track_continuity,A1_to_A2,1,1
track,scene=alternate_texture_geometry__seed_101__v_p6d7__snr_p30|seed=101|velocity=6.7|snr=30.0|working_point=alternate_texture_geometry,0,track_continuity,A1_to_A3,1,1
track,scene=alternate_texture_geometry__seed_101__v_p6d7__snr_p30|seed=101|velocity=6.7|snr=30.0|working_point=alternate_texture_geometry,1,track_continuity,A1_to_A2,1,1
track,scene=alternate_texture_geometry__seed_101__v_p6d7__snr_p30|seed=101|velocity=6.7|snr=30.0|working_point=alternate_texture_geometry,1,track_continuity,A1_to_A3,1,1
track,scene=alternate_texture_geometry__seed_101__v_p6d7__snr_p30|seed=101|velocity=6.7|snr=30.0|working_point=alternate_texture_geometry,-1,track_continuity,A1_to_A2,1,1
track,scene=alternate_texture_geometry__seed_101__v_p6d7__snr_p30|seed=101|velocity=6.7|snr=30.0|working_point=alternate_texture_geometry,-1,track_continuity,A1_to_A3,1,1
track,scene=alternate_texture_geometry__seed_101__v_p6d7__snr_p30|seed=101|velocity=6.7|snr=30.0|working_point=alternate_texture_geometry,2,track_continuity,A1_to_A2,1,1
track,scene=alternate_texture_geometry__seed_101__v_p6d7__snr_p30|seed=101|velocity=6.7|snr=30.0|working_point=alternate_texture_geometry,2,track_continuity,A1_to_A3,1,1
track,scene=alternate_texture_geometry__seed_101__v_p6d7__snr_p30|seed=101|velocity=6.7|snr=30.0|working_point=alternate_texture_geometry,-2,track_continuity,A1_to_A2,1,1
track,scene=alternate_texture_geometry__seed_101__v_p6d7__snr_p30|seed=101|velocity=6.7|snr=30.0|working_point=alternate_texture_geometry,-2,track_continuity,A1_to_A3,1,1
track,scene=alternate_texture_geometry__seed_101__v_p6d7__snr_p30|seed=101|velocity=6.7|snr=30.0|working_point=alternate_texture_geometry,4,track_continuity,A1_to_A2,1,1
track,scene=alternate_texture_geometry__seed_101__v_p6d7__snr_p30|seed=101|velocity=6.7|snr=30.0|working_point=alternate_texture_geometry,4,track_continuity,A1_to_A3,1,1
track,scene=alternate_texture_geometry__seed_101__v_p6d7__snr_p30|seed=101|velocity=6.7|snr=30.0|working_point=alternate_texture_geometry,-4,track_continuity,A1_to_A2,1,1
track,scene=alternate_texture_geometry__seed_101__v_p6d7__snr_p30|seed=101|velocity=6.7|snr=30.0|working_point=alternate_texture_geometry,-4,track_continuity,A1_to_A3,1,1
track,scene=alternate_texture_geometry__seed_101__v_p6d7__snr_p30|seed=101|velocity=6.7|snr=30.0|working_point=alternate_texture_geometry,8,track_continuity,A1_to_A2,1,1
track,scene=alternate_texture_geometry__seed_101__v_p6d7__snr_p30|seed=101|velocity=6.7|snr=30.0|working_point=alternate_texture_geometry,8,track_continuity,A1_to_A3,1,1
track,scene=alternate_texture_geometry__seed_101__v_p6d7__snr_p30|seed=101|velocity=6.7|snr=30.0|working_point=alternate_texture_geometry,-8,track_continuity,A1_to_A2,1,1
track,scene=alternate_texture_geometry__seed_101__v_p6d7__snr_p30|seed=101|velocity=6.7|snr=30.0|working_point=alternate_texture_geometry,-8,track_continuity,A1_to_A3,1,1
track,scene=base__seed_101__v_p6d7__snr_p30|seed=101|velocity=6.7|snr=30.0|working_point=base,0,track_continuity_after_confirmation,A1_to_A2,1,1
track,scene=base__seed_101__v_p6d7__snr_p30|seed=101|velocity=6.7|snr=30.0|working_point=base,0,track_continuity_after_confirmation,A1_to_A3,1,1
track,scene=base__seed_101__v_p6d7__snr_p30|seed=101|velocity=6.7|snr=30.0|working_point=base,1,track_continuity_after_confirmation,A1_to_A2,1,1
track,scene=base__seed_101__v_p6d7__snr_p30|seed=101|velocity=6.7|snr=30.0|working_point=base,1,track_continuity_after_confirmation,A1_to_A3,1,1
track,scene=base__seed_101__v_p6d7__snr_p30|seed=101|velocity=6.7|snr=30.0|working_point=base,-1,track_continuity_after_confirmation,A1_to_A2,1,1
track,scene=base__seed_101__v_p6d7__snr_p30|seed=101|velocity=6.7|snr=30.0|working_point=base,-1,track_continuity_after_confirmation,A1_to_A3,1,1
track,scene=base__seed_101__v_p6d7__snr_p30|seed=101|velocity=6.7|snr=30.0|working_point=base,2,track_continuity_after_confirmation,A1_to_A2,1,1
track,scene=base__seed_101__v_p6d7__snr_p30|seed=101|velocity=6.7|snr=30.0|working_point=base,2,track_continuity_after_confirmation,A1_to_A3,1,1
track,scene=base__seed_101__v_p6d7__snr_p30|seed=101|velocity=6.7|snr=30.0|working_point=base,-2,track_continuity_after_confirmation,A1_to_A2,1,1
track,scene=base__seed_101__v_p6d7__snr_p30|seed=101|velocity=6.7|snr=30.0|working_point=base,-2,track_continuity_after_confirmation,A1_to_A3,1,1
track,scene=base__seed_101__v_p6d7__snr_p30|seed=101|velocity=6.7|snr=30.0|working_point=base,4,track_continuity_after_confirmation,A1_to_A2,1,1
track,scene=base__seed_101__v_p6d7__snr_p30|seed=101|velocity=6.7|snr=30.0|working_point=base,4,track_continuity_after_confirmation,A1_to_A3,1,1
track,scene=base__seed_101__v_p6d7__snr_p30|seed=101|velocity=6.7|snr=30.0|working_point=base,-4,track_continuity_after_confirmation,A1_to_A2,1,1
track,scene=base__seed_101__v_p6d7__snr_p30|seed=101|velocity=6.7|snr=30.0|working_point=base,-4,track_continuity_after_confirmation,A1_to_A3,1,1
track,scene=base__seed_101__v_p6d7__snr_p30|seed=101|velocity=6.7|snr=30.0|working_point=base,8,track_continuity_after_confirmation,A1_to_A2,1,1
track,scene=base__seed_101__v_p6d7__snr_p30|seed=101|velocity=6.7|snr=30.0|working_point=base,8,track_continuity_after_confirmation,A1_to_A3,1,1
track,scene=base__seed_101__v_p6d7__snr_p30|seed=101|velocity=6.7|snr=30.0|working_point=base,-8,track_continuity_after_confirmation,A1_to_A2,1,1
track,scene=base__seed_101__v_p6d7__snr_p30|seed=101|velocity=6.7|snr=30.0|working_point=base,-8,track_continuity_after_confirmation,A1_to_A3,1,1
track,scene=base__seed_101__v_p6d7__snr_p35|seed=101|velocity=6.7|snr=35.0|working_point=base,0,track_continuity_after_confirmation,A1_to_A2,1,1
track,scene=base__seed_101__v_p6d7__snr_p35|seed=101|velocity=6.7|snr=35.0|working_point=base,0,track_continuity_after_confirmation,A1_to_A3,1,1
track,scene=base__seed_101__v_p6d7__snr_p35|seed=101|velocity=6.7|snr=35.0|working_point=base,1,track_continuity_after_confirmation,A1_to_A2,1,1
track,scene=base__seed_101__v_p6d7__snr_p35|seed=101|velocity=6.7|snr=35.0|working_point=base,1,track_continuity_after_confirmation,A1_to_A3,1,1
track,scene=base__seed_101__v_p6d7__snr_p35|seed=101|velocity=6.7|snr=35.0|working_point=base,-1,track_continuity_after_confirmation,A1_to_A2,1,1
track,scene=base__seed_101__v_p6d7__snr_p35|seed=101|velocity=6.7|snr=35.0|working_point=base,-1,track_continuity_after_confirmation,A1_to_A3,1,1
track,scene=base__seed_101__v_p6d7__snr_p35|seed=101|velocity=6.7|snr=35.0|working_point=base,2,track_continuity_after_confirmation,A1_to_A2,1,1
track,scene=base__seed_101__v_p6d7__snr_p35|seed=101|velocity=6.7|snr=35.0|working_point=base,2,track_continuity_after_confirmation,A1_to_A3,1,1
track,scene=base__seed_101__v_p6d7__snr_p35|seed=101|velocity=6.7|snr=35.0|working_point=base,-2,track_continuity_after_confirmation,A1_to_A2,1,1
track,scene=base__seed_101__v_p6d7__snr_p35|seed=101|velocity=6.7|snr=35.0|working_point=base,-2,track_continuity_after_confirmation,A1_to_A3,1,1
track,scene=base__seed_101__v_p6d7__snr_p35|seed=101|velocity=6.7|snr=35.0|working_point=base,4,track_continuity_after_confirmation,A1_to_A2,1,1
track,scene=base__seed_101__v_p6d7__snr_p35|seed=101|velocity=6.7|snr=35.0|working_point=base,4,track_continuity_after_confirmation,A1_to_A3,1,1
track,scene=base__seed_101__v_p6d7__snr_p35|seed=101|velocity=6.7|snr=35.0|working_point=base,-4,track_continuity_after_confirmation,A1_to_A2,1,1
track,scene=base__seed_101__v_p6d7__snr_p35|seed=101|velocity=6.7|snr=35.0|working_point=base,-4,track_continuity_after_confirmation,A1_to_A3,1,1
track,scene=base__seed_101__v_p6d7__snr_p35|seed=101|velocity=6.7|snr=35.0|working_point=base,8,track_continuity_after_confirmation,A1_to_A2,1,1
track,scene=base__seed_101__v_p6d7__snr_p35|seed=101|velocity=6.7|snr=35.0|working_point=base,8,track_continuity_after_confirmation,A1_to_A3,1,1
track,scene=base__seed_101__v_p6d7__snr_p35|seed=101|velocity=6.7|snr=35.0|working_point=base,-8,track_continuity_after_confirmation,A1_to_A2,1,1
track,scene=base__seed_101__v_p6d7__snr_p35|seed=101|velocity=6.7|snr=35.0|working_point=base,-8,track_continuity_after_confirmation,A1_to_A3,1,1
track,scene=base__seed_101__v_p12__snr_p30|seed=101|velocity=12.0|snr=30.0|working_point=base,0,track_continuity_after_confirmation,A1_to_A2,1,1
track,scene=base__seed_101__v_p12__snr_p30|seed=101|velocity=12.0|snr=30.0|working_point=base,0,track_continuity_after_confirmation,A1_to_A3,1,1
track,scene=base__seed_101__v_p12__snr_p30|seed=101|velocity=12.0|snr=30.0|working_point=base,1,track_continuity_after_confirmation,A1_to_A2,1,1
track,scene=base__seed_101__v_p12__snr_p30|seed=101|velocity=12.0|snr=30.0|working_point=base,1,track_continuity_after_confirmation,A1_to_A3,1,1
track,scene=base__seed_101__v_p12__snr_p30|seed=101|velocity=12.0|snr=30.0|working_point=base,-1,track_continuity_after_confirmation,A1_to_A2,1,1
track,scene=base__seed_101__v_p12__snr_p30|seed=101|velocity=12.0|snr=30.0|working_point=base,-1,track_continuity_after_confirmation,A1_to_A3,1,1
track,scene=base__seed_101__v_p12__snr_p30|seed=101|velocity=12.0|snr=30.0|working_point=base,2,track_continuity_after_confirmation,A1_to_A2,1,1
track,scene=base__seed_101__v_p12__snr_p30|seed=101|velocity=12.0|snr=30.0|working_point=base,2,track_continuity_after_confirmation,A1_to_A3,1,1
track,scene=base__seed_101__v_p12__snr_p30|seed=101|velocity=12.0|snr=30.0|working_point=base,-2,track_continuity_after_confirmation,A1_to_A2,1,1
track,scene=base__seed_101__v_p12__snr_p30|seed=101|velocity=12.0|snr=30.0|working_point=base,-2,track_continuity_after_confirmation,A1_to_A3,1,1
track,scene=base__seed_101__v_p12__snr_p30|seed=101|velocity=12.0|snr=30.0|working_point=base,4,track_continuity_after_confirmation,A1_to_A2,1,1
track,scene=base__seed_101__v_p12__snr_p30|seed=101|velocity=12.0|snr=30.0|working_point=base,4,track_continuity_after_confirmation,A1_to_A3,1,1
track,scene=base__seed_101__v_p12__snr_p30|seed=101|velocity=12.0|snr=30.0|working_point=base,-4,track_continuity_after_confirmation,A1_to_A2,1,1
track,scene=base__seed_101__v_p12__snr_p30|seed=101|velocity=12.0|snr=30.0|working_point=base,-4,track_continuity_after_confirmation,A1_to_A3,1,1
track,scene=base__seed_101__v_p12__snr_p30|seed=101|velocity=12.0|snr=30.0|working_point=base,8,track_continuity_after_confirmation,A1_to_A2,1,1
track,scene=base__seed_101__v_p12__snr_p30|seed=101|velocity=12.0|snr=30.0|working_point=base,8,track_continuity_after_confirmation,A1_to_A3,1,1
track,scene=base__seed_101__v_p12__snr_p30|seed=101|velocity=12.0|snr=30.0|working_point=base,-8,track_continuity_after_confirmation,A1_to_A2,1,1
track,scene=base__seed_101__v_p12__snr_p30|seed=101|velocity=12.0|snr=30.0|working_point=base,-8,track_continuity_after_confirmation,A1_to_A3,1,1
track,scene=base__seed_101__v_p12__snr_p35|seed=101|velocity=12.0|snr=35.0|working_point=base,0,track_continuity_after_confirmation,A1_to_A2,1,1
track,scene=base__seed_101__v_p12__snr_p35|seed=101|velocity=12.0|snr=35.0|working_point=base,0,track_continuity_after_confirmation,A1_to_A3,1,1
track,scene=base__seed_101__v_p12__snr_p35|seed=101|velocity=12.0|snr=35.0|working_point=base,1,track_continuity_after_confirmation,A1_to_A2,1,1
track,scene=base__seed_101__v_p12__snr_p35|seed=101|velocity=12.0|snr=35.0|working_point=base,1,track_continuity_after_confirmation,A1_to_A3,1,1
track,scene=base__seed_101__v_p12__snr_p35|seed=101|velocity=12.0|snr=35.0|working_point=base,-1,track_continuity_after_confirmation,A1_to_A2,1,1
track,scene=base__seed_101__v_p12__snr_p35|seed=101|velocity=12.0|snr=35.0|working_point=base,-1,track_continuity_after_confirmation,A1_to_A3,1,1
track,scene=base__seed_101__v_p12__snr_p35|seed=101|velocity=12.0|snr=35.0|working_point=base,2,track_continuity_after_confirmation,A1_to_A2,1,1
track,scene=base__seed_101__v_p12__snr_p35|seed=101|velocity=12.0|snr=35.0|working_point=base,2,track_continuity_after_confirmation,A1_to_A3,1,1
track,scene=base__seed_101__v_p12__snr_p35|seed=101|velocity=12.0|snr=35.0|working_point=base,-2,track_continuity_after_confirmation,A1_to_A2,1,1
track,scene=base__seed_101__v_p12__snr_p35|seed=101|velocity=12.0|snr=35.0|working_point=base,-2,track_continuity_after_confirmation,A1_to_A3,1,1
track,scene=base__seed_101__v_p12__snr_p35|seed=101|velocity=12.0|snr=35.0|working_point=base,4,track_continuity_after_confirmation,A1_to_A2,1,1
track,scene=base__seed_101__v_p12__snr_p35|seed=101|velocity=12.0|snr=35.0|working_point=base,4,track_continuity_after_confirmation,A1_to_A3,1,1
track,scene=base__seed_101__v_p12__snr_p35|seed=101|velocity=12.0|snr=35.0|working_point=base,-4,track_continuity_after_confirmation,A1_to_A2,1,1
track,scene=base__seed_101__v_p12__snr_p35|seed=101|velocity=12.0|snr=35.0|working_point=base,-4,track_continuity_after_confirmation,A1_to_A3,1,1
track,scene=base__seed_101__v_p12__snr_p35|seed=101|velocity=12.0|snr=35.0|working_point=base,8,track_continuity_after_confirmation,A1_to_A2,1,1
track,scene=base__seed_101__v_p12__snr_p35|seed=101|velocity=12.0|snr=35.0|working_point=base,8,track_continuity_after_confirmation,A1_to_A3,1,1
track,scene=base__seed_101__v_p12__snr_p35|seed=101|velocity=12.0|snr=35.0|working_point=base,-8,track_continuity_after_confirmation,A1_to_A2,1,1
track,scene=base__seed_101__v_p12__snr_p35|seed=101|velocity=12.0|snr=35.0|working_point=base,-8,track_continuity_after_confirmation,A1_to_A3,1,1
track,scene=base__seed_202__v_p6d7__snr_p30|seed=202|velocity=6.7|snr=30.0|working_point=base,0,track_continuity_after_confirmation,A1_to_A2,1,1
track,scene=base__seed_202__v_p6d7__snr_p30|seed=202|velocity=6.7|snr=30.0|working_point=base,0,track_continuity_after_confirmation,A1_to_A3,1,1
track,scene=base__seed_202__v_p6d7__snr_p30|seed=202|velocity=6.7|snr=30.0|working_point=base,1,track_continuity_after_confirmation,A1_to_A2,1,1
track,scene=base__seed_202__v_p6d7__snr_p30|seed=202|velocity=6.7|snr=30.0|working_point=base,1,track_continuity_after_confirmation,A1_to_A3,1,1
track,scene=base__seed_202__v_p6d7__snr_p30|seed=202|velocity=6.7|snr=30.0|working_point=base,-1,track_continuity_after_confirmation,A1_to_A2,1,1
track,scene=base__seed_202__v_p6d7__snr_p30|seed=202|velocity=6.7|snr=30.0|working_point=base,-1,track_continuity_after_confirmation,A1_to_A3,1,1
track,scene=base__seed_202__v_p6d7__snr_p30|seed=202|velocity=6.7|snr=30.0|working_point=base,2,track_continuity_after_confirmation,A1_to_A2,1,1
track,scene=base__seed_202__v_p6d7__snr_p30|seed=202|velocity=6.7|snr=30.0|working_point=base,2,track_continuity_after_confirmation,A1_to_A3,1,1
track,scene=base__seed_202__v_p6d7__snr_p30|seed=202|velocity=6.7|snr=30.0|working_point=base,-2,track_continuity_after_confirmation,A1_to_A2,1,1
track,scene=base__seed_202__v_p6d7__snr_p30|seed=202|velocity=6.7|snr=30.0|working_point=base,-2,track_continuity_after_confirmation,A1_to_A3,1,1
track,scene=base__seed_202__v_p6d7__snr_p30|seed=202|velocity=6.7|snr=30.0|working_point=base,4,track_continuity_after_confirmation,A1_to_A2,1,1
track,scene=base__seed_202__v_p6d7__snr_p30|seed=202|velocity=6.7|snr=30.0|working_point=base,4,track_continuity_after_confirmation,A1_to_A3,1,1
track,scene=base__seed_202__v_p6d7__snr_p30|seed=202|velocity=6.7|snr=30.0|working_point=base,-4,track_continuity_after_confirmation,A1_to_A2,1,1
track,scene=base__seed_202__v_p6d7__snr_p30|seed=202|velocity=6.7|snr=30.0|working_point=base,-4,track_continuity_after_confirmation,A1_to_A3,1,1
track,scene=base__seed_202__v_p6d7__snr_p30|seed=202|velocity=6.7|snr=30.0|working_point=base,8,track_continuity_after_confirmation,A1_to_A2,1,1
track,scene=base__seed_202__v_p6d7__snr_p30|seed=202|velocity=6.7|snr=30.0|working_point=base,8,track_continuity_after_confirmation,A1_to_A3,1,1
track,scene=base__seed_202__v_p6d7__snr_p30|seed=202|velocity=6.7|snr=30.0|working_point=base,-8,track_continuity_after_confirmation,A1_to_A2,1,1
track,scene=base__seed_202__v_p6d7__snr_p30|seed=202|velocity=6.7|snr=30.0|working_point=base,-8,track_continuity_after_confirmation,A1_to_A3,1,1
track,scene=base__seed_202__v_p6d7__snr_p35|seed=202|velocity=6.7|snr=35.0|working_point=base,0,track_continuity_after_confirmation,A1_to_A2,1,1
track,scene=base__seed_202__v_p6d7__snr_p35|seed=202|velocity=6.7|snr=35.0|working_point=base,0,track_continuity_after_confirmation,A1_to_A3,1,1
track,scene=base__seed_202__v_p6d7__snr_p35|seed=202|velocity=6.7|snr=35.0|working_point=base,1,track_continuity_after_confirmation,A1_to_A2,1,1
track,scene=base__seed_202__v_p6d7__snr_p35|seed=202|velocity=6.7|snr=35.0|working_point=base,1,track_continuity_after_confirmation,A1_to_A3,1,1
track,scene=base__seed_202__v_p6d7__snr_p35|seed=202|velocity=6.7|snr=35.0|working_point=base,-1,track_continuity_after_confirmation,A1_to_A2,1,1
track,scene=base__seed_202__v_p6d7__snr_p35|seed=202|velocity=6.7|snr=35.0|working_point=base,-1,track_continuity_after_confirmation,A1_to_A3,1,1
track,scene=base__seed_202__v_p6d7__snr_p35|seed=202|velocity=6.7|snr=35.0|working_point=base,2,track_continuity_after_confirmation,A1_to_A2,1,1
track,scene=base__seed_202__v_p6d7__snr_p35|seed=202|velocity=6.7|snr=35.0|working_point=base,2,track_continuity_after_confirmation,A1_to_A3,1,1
track,scene=base__seed_202__v_p6d7__snr_p35|seed=202|velocity=6.7|snr=35.0|working_point=base,-2,track_continuity_after_confirmation,A1_to_A2,1,1
track,scene=base__seed_202__v_p6d7__snr_p35|seed=202|velocity=6.7|snr=35.0|working_point=base,-2,track_continuity_after_confirmation,A1_to_A3,1,1
track,scene=base__seed_202__v_p6d7__snr_p35|seed=202|velocity=6.7|snr=35.0|working_point=base,4,track_continuity_after_confirmation,A1_to_A2,1,1
track,scene=base__seed_202__v_p6d7__snr_p35|seed=202|velocity=6.7|snr=35.0|working_point=base,4,track_continuity_after_confirmation,A1_to_A3,1,1
track,scene=base__seed_202__v_p6d7__snr_p35|seed=202|velocity=6.7|snr=35.0|working_point=base,-4,track_continuity_after_confirmation,A1_to_A2,1,1
track,scene=base__seed_202__v_p6d7__snr_p35|seed=202|velocity=6.7|snr=35.0|working_point=base,-4,track_continuity_after_confirmation,A1_to_A3,1,1
track,scene=base__seed_202__v_p6d7__snr_p35|seed=202|velocity=6.7|snr=35.0|working_point=base,8,track_continuity_after_confirmation,A1_to_A2,1,1
track,scene=base__seed_202__v_p6d7__snr_p35|seed=202|velocity=6.7|snr=35.0|working_point=base,8,track_continuity_after_confirmation,A1_to_A3,1,1
track,scene=base__seed_202__v_p6d7__snr_p35|seed=202|velocity=6.7|snr=35.0|working_point=base,-8,track_continuity_after_confirmation,A1_to_A2,1,1
track,scene=base__seed_202__v_p6d7__snr_p35|seed=202|velocity=6.7|snr=35.0|working_point=base,-8,track_continuity_after_confirmation,A1_to_A3,1,1
track,scene=base__seed_202__v_p12__snr_p30|seed=202|velocity=12.0|snr=30.0|working_point=base,0,track_continuity_after_confirmation,A1_to_A2,1,1
track,scene=base__seed_202__v_p12__snr_p30|seed=202|velocity=12.0|snr=30.0|working_point=base,0,track_continuity_after_confirmation,A1_to_A3,1,1
track,scene=base__seed_202__v_p12__snr_p30|seed=202|velocity=12.0|snr=30.0|working_point=base,1,track_continuity_after_confirmation,A1_to_A2,1,1
track,scene=base__seed_202__v_p12__snr_p30|seed=202|velocity=12.0|snr=30.0|working_point=base,1,track_continuity_after_confirmation,A1_to_A3,1,1
track,scene=base__seed_202__v_p12__snr_p30|seed=202|velocity=12.0|snr=30.0|working_point=base,-1,track_continuity_after_confirmation,A1_to_A2,1,1
track,scene=base__seed_202__v_p12__snr_p30|seed=202|velocity=12.0|snr=30.0|working_point=base,-1,track_continuity_after_confirmation,A1_to_A3,1,1
track,scene=base__seed_202__v_p12__snr_p30|seed=202|velocity=12.0|snr=30.0|working_point=base,2,track_continuity_after_confirmation,A1_to_A2,1,1
track,scene=base__seed_202__v_p12__snr_p30|seed=202|velocity=12.0|snr=30.0|working_point=base,2,track_continuity_after_confirmation,A1_to_A3,1,1
track,scene=base__seed_202__v_p12__snr_p30|seed=202|velocity=12.0|snr=30.0|working_point=base,-2,track_continuity_after_confirmation,A1_to_A2,1,1
track,scene=base__seed_202__v_p12__snr_p30|seed=202|velocity=12.0|snr=30.0|working_point=base,-2,track_continuity_after_confirmation,A1_to_A3,1,1
track,scene=base__seed_202__v_p12__snr_p30|seed=202|velocity=12.0|snr=30.0|working_point=base,4,track_continuity_after_confirmation,A1_to_A2,1,1
track,scene=base__seed_202__v_p12__snr_p30|seed=202|velocity=12.0|snr=30.0|working_point=base,4,track_continuity_after_confirmation,A1_to_A3,1,1
track,scene=base__seed_202__v_p12__snr_p30|seed=202|velocity=12.0|snr=30.0|working_point=base,-4,track_continuity_after_confirmation,A1_to_A2,1,1
track,scene=base__seed_202__v_p12__snr_p30|seed=202|velocity=12.0|snr=30.0|working_point=base,-4,track_continuity_after_confirmation,A1_to_A3,1,1
track,scene=base__seed_202__v_p12__snr_p30|seed=202|velocity=12.0|snr=30.0|working_point=base,8,track_continuity_after_confirmation,A1_to_A2,1,1
track,scene=base__seed_202__v_p12__snr_p30|seed=202|velocity=12.0|snr=30.0|working_point=base,8,track_continuity_after_confirmation,A1_to_A3,1,1
track,scene=base__seed_202__v_p12__snr_p30|seed=202|velocity=12.0|snr=30.0|working_point=base,-8,track_continuity_after_confirmation,A1_to_A2,1,1
track,scene=base__seed_202__v_p12__snr_p30|seed=202|velocity=12.0|snr=30.0|working_point=base,-8,track_continuity_after_confirmation,A1_to_A3,1,1
track,scene=base__seed_202__v_p12__snr_p35|seed=202|velocity=12.0|snr=35.0|working_point=base,0,track_continuity_after_confirmation,A1_to_A2,1,1
track,scene=base__seed_202__v_p12__snr_p35|seed=202|velocity=12.0|snr=35.0|working_point=base,0,track_continuity_after_confirmation,A1_to_A3,1,1
track,scene=base__seed_202__v_p12__snr_p35|seed=202|velocity=12.0|snr=35.0|working_point=base,1,track_continuity_after_confirmation,A1_to_A2,1,1
track,scene=base__seed_202__v_p12__snr_p35|seed=202|velocity=12.0|snr=35.0|working_point=base,1,track_continuity_after_confirmation,A1_to_A3,1,1
track,scene=base__seed_202__v_p12__snr_p35|seed=202|velocity=12.0|snr=35.0|working_point=base,-1,track_continuity_after_confirmation,A1_to_A2,1,1
track,scene=base__seed_202__v_p12__snr_p35|seed=202|velocity=12.0|snr=35.0|working_point=base,-1,track_continuity_after_confirmation,A1_to_A3,1,1
track,scene=base__seed_202__v_p12__snr_p35|seed=202|velocity=12.0|snr=35.0|working_point=base,2,track_continuity_after_confirmation,A1_to_A2,1,1
track,scene=base__seed_202__v_p12__snr_p35|seed=202|velocity=12.0|snr=35.0|working_point=base,2,track_continuity_after_confirmation,A1_to_A3,1,1
track,scene=base__seed_202__v_p12__snr_p35|seed=202|velocity=12.0|snr=35.0|working_point=base,-2,track_continuity_after_confirmation,A1_to_A2,1,1
track,scene=base__seed_202__v_p12__snr_p35|seed=202|velocity=12.0|snr=35.0|working_point=base,-2,track_continuity_after_confirmation,A1_to_A3,1,1
track,scene=base__seed_202__v_p12__snr_p35|seed=202|velocity=12.0|snr=35.0|working_point=base,4,track_continuity_after_confirmation,A1_to_A2,1,1
track,scene=base__seed_202__v_p12__snr_p35|seed=202|velocity=12.0|snr=35.0|working_point=base,4,track_continuity_after_confirmation,A1_to_A3,1,1
track,scene=base__seed_202__v_p12__snr_p35|seed=202|velocity=12.0|snr=35.0|working_point=base,-4,track_continuity_after_confirmation,A1_to_A2,1,1
track,scene=base__seed_202__v_p12__snr_p35|seed=202|velocity=12.0|snr=35.0|working_point=base,-4,track_continuity_after_confirmation,A1_to_A3,1,1
track,scene=base__seed_202__v_p12__snr_p35|seed=202|velocity=12.0|snr=35.0|working_point=base,8,track_continuity_after_confirmation,A1_to_A2,1,1
track,scene=base__seed_202__v_p12__snr_p35|seed=202|velocity=12.0|snr=35.0|working_point=base,8,track_continuity_after_confirmation,A1_to_A3,1,1
track,scene=base__seed_202__v_p12__snr_p35|seed=202|velocity=12.0|snr=35.0|working_point=base,-8,track_continuity_after_confirmation,A1_to_A2,1,1
track,scene=base__seed_202__v_p12__snr_p35|seed=202|velocity=12.0|snr=35.0|working_point=base,-8,track_continuity_after_confirmation,A1_to_A3,1,1
track,scene=base__seed_303__v_p6d7__snr_p30|seed=303|velocity=6.7|snr=30.0|working_point=base,0,track_continuity_after_confirmation,A1_to_A2,1,1
track,scene=base__seed_303__v_p6d7__snr_p30|seed=303|velocity=6.7|snr=30.0|working_point=base,0,track_continuity_after_confirmation,A1_to_A3,1,1
track,scene=base__seed_303__v_p6d7__snr_p30|seed=303|velocity=6.7|snr=30.0|working_point=base,1,track_continuity_after_confirmation,A1_to_A2,1,1
track,scene=base__seed_303__v_p6d7__snr_p30|seed=303|velocity=6.7|snr=30.0|working_point=base,1,track_continuity_after_confirmation,A1_to_A3,1,1
track,scene=base__seed_303__v_p6d7__snr_p30|seed=303|velocity=6.7|snr=30.0|working_point=base,-1,track_continuity_after_confirmation,A1_to_A2,1,1
track,scene=base__seed_303__v_p6d7__snr_p30|seed=303|velocity=6.7|snr=30.0|working_point=base,-1,track_continuity_after_confirmation,A1_to_A3,1,1
track,scene=base__seed_303__v_p6d7__snr_p30|seed=303|velocity=6.7|snr=30.0|working_point=base,2,track_continuity_after_confirmation,A1_to_A2,1,1
track,scene=base__seed_303__v_p6d7__snr_p30|seed=303|velocity=6.7|snr=30.0|working_point=base,2,track_continuity_after_confirmation,A1_to_A3,1,1
track,scene=base__seed_303__v_p6d7__snr_p30|seed=303|velocity=6.7|snr=30.0|working_point=base,-2,track_continuity_after_confirmation,A1_to_A2,1,1
track,scene=base__seed_303__v_p6d7__snr_p30|seed=303|velocity=6.7|snr=30.0|working_point=base,-2,track_continuity_after_confirmation,A1_to_A3,1,1
track,scene=base__seed_303__v_p6d7__snr_p30|seed=303|velocity=6.7|snr=30.0|working_point=base,4,track_continuity_after_confirmation,A1_to_A2,1,1
track,scene=base__seed_303__v_p6d7__snr_p30|seed=303|velocity=6.7|snr=30.0|working_point=base,4,track_continuity_after_confirmation,A1_to_A3,1,1
track,scene=base__seed_303__v_p6d7__snr_p30|seed=303|velocity=6.7|snr=30.0|working_point=base,-4,track_continuity_after_confirmation,A1_to_A2,1,1
track,scene=base__seed_303__v_p6d7__snr_p30|seed=303|velocity=6.7|snr=30.0|working_point=base,-4,track_continuity_after_confirmation,A1_to_A3,1,1
track,scene=base__seed_303__v_p6d7__snr_p30|seed=303|velocity=6.7|snr=30.0|working_point=base,8,track_continuity_after_confirmation,A1_to_A2,1,1
track,scene=base__seed_303__v_p6d7__snr_p30|seed=303|velocity=6.7|snr=30.0|working_point=base,8,track_continuity_after_confirmation,A1_to_A3,1,1
track,scene=base__seed_303__v_p6d7__snr_p30|seed=303|velocity=6.7|snr=30.0|working_point=base,-8,track_continuity_after_confirmation,A1_to_A2,1,1
track,scene=base__seed_303__v_p6d7__snr_p30|seed=303|velocity=6.7|snr=30.0|working_point=base,-8,track_continuity_after_confirmation,A1_to_A3,1,1
track,scene=base__seed_303__v_p6d7__snr_p35|seed=303|velocity=6.7|snr=35.0|working_point=base,0,track_continuity_after_confirmation,A1_to_A2,1,1
track,scene=base__seed_303__v_p6d7__snr_p35|seed=303|velocity=6.7|snr=35.0|working_point=base,0,track_continuity_after_confirmation,A1_to_A3,1,1
track,scene=base__seed_303__v_p6d7__snr_p35|seed=303|velocity=6.7|snr=35.0|working_point=base,1,track_continuity_after_confirmation,A1_to_A2,1,1
track,scene=base__seed_303__v_p6d7__snr_p35|seed=303|velocity=6.7|snr=35.0|working_point=base,1,track_continuity_after_confirmation,A1_to_A3,1,1
track,scene=base__seed_303__v_p6d7__snr_p35|seed=303|velocity=6.7|snr=35.0|working_point=base,-1,track_continuity_after_confirmation,A1_to_A2,1,1
track,scene=base__seed_303__v_p6d7__snr_p35|seed=303|velocity=6.7|snr=35.0|working_point=base,-1,track_continuity_after_confirmation,A1_to_A3,1,1
track,scene=base__seed_303__v_p6d7__snr_p35|seed=303|velocity=6.7|snr=35.0|working_point=base,2,track_continuity_after_confirmation,A1_to_A2,1,1
track,scene=base__seed_303__v_p6d7__snr_p35|seed=303|velocity=6.7|snr=35.0|working_point=base,2,track_continuity_after_confirmation,A1_to_A3,1,1
track,scene=base__seed_303__v_p6d7__snr_p35|seed=303|velocity=6.7|snr=35.0|working_point=base,-2,track_continuity_after_confirmation,A1_to_A2,1,1
track,scene=base__seed_303__v_p6d7__snr_p35|seed=303|velocity=6.7|snr=35.0|working_point=base,-2,track_continuity_after_confirmation,A1_to_A3,1,1
track,scene=base__seed_303__v_p6d7__snr_p35|seed=303|velocity=6.7|snr=35.0|working_point=base,4,track_continuity_after_confirmation,A1_to_A2,1,1
track,scene=base__seed_303__v_p6d7__snr_p35|seed=303|velocity=6.7|snr=35.0|working_point=base,4,track_continuity_after_confirmation,A1_to_A3,1,1
track,scene=base__seed_303__v_p6d7__snr_p35|seed=303|velocity=6.7|snr=35.0|working_point=base,-4,track_continuity_after_confirmation,A1_to_A2,1,1
track,scene=base__seed_303__v_p6d7__snr_p35|seed=303|velocity=6.7|snr=35.0|working_point=base,-4,track_continuity_after_confirmation,A1_to_A3,1,1
track,scene=base__seed_303__v_p6d7__snr_p35|seed=303|velocity=6.7|snr=35.0|working_point=base,8,track_continuity_after_confirmation,A1_to_A2,1,1
track,scene=base__seed_303__v_p6d7__snr_p35|seed=303|velocity=6.7|snr=35.0|working_point=base,8,track_continuity_after_confirmation,A1_to_A3,1,1
track,scene=base__seed_303__v_p6d7__snr_p35|seed=303|velocity=6.7|snr=35.0|working_point=base,-8,track_continuity_after_confirmation,A1_to_A2,1,1
track,scene=base__seed_303__v_p6d7__snr_p35|seed=303|velocity=6.7|snr=35.0|working_point=base,-8,track_continuity_after_confirmation,A1_to_A3,1,1
track,scene=base__seed_303__v_p12__snr_p30|seed=303|velocity=12.0|snr=30.0|working_point=base,0,track_continuity_after_confirmation,A1_to_A2,1,1
track,scene=base__seed_303__v_p12__snr_p30|seed=303|velocity=12.0|snr=30.0|working_point=base,0,track_continuity_after_confirmation,A1_to_A3,1,1
track,scene=base__seed_303__v_p12__snr_p30|seed=303|velocity=12.0|snr=30.0|working_point=base,1,track_continuity_after_confirmation,A1_to_A2,1,1
track,scene=base__seed_303__v_p12__snr_p30|seed=303|velocity=12.0|snr=30.0|working_point=base,1,track_continuity_after_confirmation,A1_to_A3,1,1
track,scene=base__seed_303__v_p12__snr_p30|seed=303|velocity=12.0|snr=30.0|working_point=base,-1,track_continuity_after_confirmation,A1_to_A2,1,1
track,scene=base__seed_303__v_p12__snr_p30|seed=303|velocity=12.0|snr=30.0|working_point=base,-1,track_continuity_after_confirmation,A1_to_A3,1,1
track,scene=base__seed_303__v_p12__snr_p30|seed=303|velocity=12.0|snr=30.0|working_point=base,2,track_continuity_after_confirmation,A1_to_A2,1,1
track,scene=base__seed_303__v_p12__snr_p30|seed=303|velocity=12.0|snr=30.0|working_point=base,2,track_continuity_after_confirmation,A1_to_A3,1,1
track,scene=base__seed_303__v_p12__snr_p30|seed=303|velocity=12.0|snr=30.0|working_point=base,-2,track_continuity_after_confirmation,A1_to_A2,1,1
track,scene=base__seed_303__v_p12__snr_p30|seed=303|velocity=12.0|snr=30.0|working_point=base,-2,track_continuity_after_confirmation,A1_to_A3,1,1
track,scene=base__seed_303__v_p12__snr_p30|seed=303|velocity=12.0|snr=30.0|working_point=base,4,track_continuity_after_confirmation,A1_to_A2,1,1
track,scene=base__seed_303__v_p12__snr_p30|seed=303|velocity=12.0|snr=30.0|working_point=base,4,track_continuity_after_confirmation,A1_to_A3,1,1
track,scene=base__seed_303__v_p12__snr_p30|seed=303|velocity=12.0|snr=30.0|working_point=base,-4,track_continuity_after_confirmation,A1_to_A2,1,1
track,scene=base__seed_303__v_p12__snr_p30|seed=303|velocity=12.0|snr=30.0|working_point=base,-4,track_continuity_after_confirmation,A1_to_A3,1,1
track,scene=base__seed_303__v_p12__snr_p30|seed=303|velocity=12.0|snr=30.0|working_point=base,8,track_continuity_after_confirmation,A1_to_A2,1,1
track,scene=base__seed_303__v_p12__snr_p30|seed=303|velocity=12.0|snr=30.0|working_point=base,8,track_continuity_after_confirmation,A1_to_A3,1,1
track,scene=base__seed_303__v_p12__snr_p30|seed=303|velocity=12.0|snr=30.0|working_point=base,-8,track_continuity_after_confirmation,A1_to_A2,1,1
track,scene=base__seed_303__v_p12__snr_p30|seed=303|velocity=12.0|snr=30.0|working_point=base,-8,track_continuity_after_confirmation,A1_to_A3,1,1
track,scene=base__seed_303__v_p12__snr_p35|seed=303|velocity=12.0|snr=35.0|working_point=base,0,track_continuity_after_confirmation,A1_to_A2,1,1
track,scene=base__seed_303__v_p12__snr_p35|seed=303|velocity=12.0|snr=35.0|working_point=base,0,track_continuity_after_confirmation,A1_to_A3,1,1
track,scene=base__seed_303__v_p12__snr_p35|seed=303|velocity=12.0|snr=35.0|working_point=base,1,track_continuity_after_confirmation,A1_to_A2,1,1
track,scene=base__seed_303__v_p12__snr_p35|seed=303|velocity=12.0|snr=35.0|working_point=base,1,track_continuity_after_confirmation,A1_to_A3,1,1
track,scene=base__seed_303__v_p12__snr_p35|seed=303|velocity=12.0|snr=35.0|working_point=base,-1,track_continuity_after_confirmation,A1_to_A2,1,1
track,scene=base__seed_303__v_p12__snr_p35|seed=303|velocity=12.0|snr=35.0|working_point=base,-1,track_continuity_after_confirmation,A1_to_A3,1,1
track,scene=base__seed_303__v_p12__snr_p35|seed=303|velocity=12.0|snr=35.0|working_point=base,2,track_continuity_after_confirmation,A1_to_A2,1,1
track,scene=base__seed_303__v_p12__snr_p35|seed=303|velocity=12.0|snr=35.0|working_point=base,2,track_continuity_after_confirmation,A1_to_A3,1,1
track,scene=base__seed_303__v_p12__snr_p35|seed=303|velocity=12.0|snr=35.0|working_point=base,-2,track_continuity_after_confirmation,A1_to_A2,1,1
track,scene=base__seed_303__v_p12__snr_p35|seed=303|velocity=12.0|snr=35.0|working_point=base,-2,track_continuity_after_confirmation,A1_to_A3,1,1
track,scene=base__seed_303__v_p12__snr_p35|seed=303|velocity=12.0|snr=35.0|working_point=base,4,track_continuity_after_confirmation,A1_to_A2,1,1
track,scene=base__seed_303__v_p12__snr_p35|seed=303|velocity=12.0|snr=35.0|working_point=base,4,track_continuity_after_confirmation,A1_to_A3,1,1
track,scene=base__seed_303__v_p12__snr_p35|seed=303|velocity=12.0|snr=35.0|working_point=base,-4,track_continuity_after_confirmation,A1_to_A2,1,1
track,scene=base__seed_303__v_p12__snr_p35|seed=303|velocity=12.0|snr=35.0|working_point=base,-4,track_continuity_after_confirmation,A1_to_A3,1,1
track,scene=base__seed_303__v_p12__snr_p35|seed=303|velocity=12.0|snr=35.0|working_point=base,8,track_continuity_after_confirmation,A1_to_A2,1,1
track,scene=base__seed_303__v_p12__snr_p35|seed=303|velocity=12.0|snr=35.0|working_point=base,8,track_continuity_after_confirmation,A1_to_A3,1,1
track,scene=base__seed_303__v_p12__snr_p35|seed=303|velocity=12.0|snr=35.0|working_point=base,-8,track_continuity_after_confirmation,A1_to_A2,1,1
track,scene=base__seed_303__v_p12__snr_p35|seed=303|velocity=12.0|snr=35.0|working_point=base,-8,track_continuity_after_confirmation,A1_to_A3,1,1
track,scene=low_snr__seed_101__v_p6d7__snr_p20|seed=101|velocity=6.7|snr=20.0|working_point=low_snr,0,track_continuity_after_confirmation,A1_to_A2,1,1
track,scene=low_snr__seed_101__v_p6d7__snr_p20|seed=101|velocity=6.7|snr=20.0|working_point=low_snr,0,track_continuity_after_confirmation,A1_to_A3,1,1
track,scene=low_snr__seed_101__v_p6d7__snr_p20|seed=101|velocity=6.7|snr=20.0|working_point=low_snr,1,track_continuity_after_confirmation,A1_to_A2,1,1
track,scene=low_snr__seed_101__v_p6d7__snr_p20|seed=101|velocity=6.7|snr=20.0|working_point=low_snr,1,track_continuity_after_confirmation,A1_to_A3,1,1
track,scene=low_snr__seed_101__v_p6d7__snr_p20|seed=101|velocity=6.7|snr=20.0|working_point=low_snr,-1,track_continuity_after_confirmation,A1_to_A2,1,1
track,scene=low_snr__seed_101__v_p6d7__snr_p20|seed=101|velocity=6.7|snr=20.0|working_point=low_snr,-1,track_continuity_after_confirmation,A1_to_A3,1,1
track,scene=low_snr__seed_101__v_p6d7__snr_p20|seed=101|velocity=6.7|snr=20.0|working_point=low_snr,2,track_continuity_after_confirmation,A1_to_A2,1,1
track,scene=low_snr__seed_101__v_p6d7__snr_p20|seed=101|velocity=6.7|snr=20.0|working_point=low_snr,2,track_continuity_after_confirmation,A1_to_A3,1,1
track,scene=low_snr__seed_101__v_p6d7__snr_p20|seed=101|velocity=6.7|snr=20.0|working_point=low_snr,-2,track_continuity_after_confirmation,A1_to_A2,1,1
track,scene=low_snr__seed_101__v_p6d7__snr_p20|seed=101|velocity=6.7|snr=20.0|working_point=low_snr,-2,track_continuity_after_confirmation,A1_to_A3,1,1
track,scene=low_snr__seed_101__v_p6d7__snr_p20|seed=101|velocity=6.7|snr=20.0|working_point=low_snr,4,track_continuity_after_confirmation,A1_to_A2,1,1
track,scene=low_snr__seed_101__v_p6d7__snr_p20|seed=101|velocity=6.7|snr=20.0|working_point=low_snr,4,track_continuity_after_confirmation,A1_to_A3,1,1
track,scene=low_snr__seed_101__v_p6d7__snr_p20|seed=101|velocity=6.7|snr=20.0|working_point=low_snr,-4,track_continuity_after_confirmation,A1_to_A2,1,1
track,scene=low_snr__seed_101__v_p6d7__snr_p20|seed=101|velocity=6.7|snr=20.0|working_point=low_snr,-4,track_continuity_after_confirmation,A1_to_A3,1,1
track,scene=low_snr__seed_101__v_p6d7__snr_p20|seed=101|velocity=6.7|snr=20.0|working_point=low_snr,8,track_continuity_after_confirmation,A1_to_A2,1,1
track,scene=low_snr__seed_101__v_p6d7__snr_p20|seed=101|velocity=6.7|snr=20.0|working_point=low_snr,8,track_continuity_after_confirmation,A1_to_A3,1,1
track,scene=low_snr__seed_101__v_p6d7__snr_p20|seed=101|velocity=6.7|snr=20.0|working_point=low_snr,-8,track_continuity_after_confirmation,A1_to_A2,1,1
track,scene=low_snr__seed_101__v_p6d7__snr_p20|seed=101|velocity=6.7|snr=20.0|working_point=low_snr,-8,track_continuity_after_confirmation,A1_to_A3,1,1
track,scene=high_velocity__seed_101__v_p12__snr_p30|seed=101|velocity=12.0|snr=30.0|working_point=high_velocity,0,track_continuity_after_confirmation,A1_to_A2,1,1
track,scene=high_velocity__seed_101__v_p12__snr_p30|seed=101|velocity=12.0|snr=30.0|working_point=high_velocity,0,track_continuity_after_confirmation,A1_to_A3,1,1
track,scene=high_velocity__seed_101__v_p12__snr_p30|seed=101|velocity=12.0|snr=30.0|working_point=high_velocity,1,track_continuity_after_confirmation,A1_to_A2,1,1
track,scene=high_velocity__seed_101__v_p12__snr_p30|seed=101|velocity=12.0|snr=30.0|working_point=high_velocity,1,track_continuity_after_confirmation,A1_to_A3,1,1
track,scene=high_velocity__seed_101__v_p12__snr_p30|seed=101|velocity=12.0|snr=30.0|working_point=high_velocity,-1,track_continuity_after_confirmation,A1_to_A2,1,1
track,scene=high_velocity__seed_101__v_p12__snr_p30|seed=101|velocity=12.0|snr=30.0|working_point=high_velocity,-1,track_continuity_after_confirmation,A1_to_A3,1,1
track,scene=high_velocity__seed_101__v_p12__snr_p30|seed=101|velocity=12.0|snr=30.0|working_point=high_velocity,2,track_continuity_after_confirmation,A1_to_A2,1,1
track,scene=high_velocity__seed_101__v_p12__snr_p30|seed=101|velocity=12.0|snr=30.0|working_point=high_velocity,2,track_continuity_after_confirmation,A1_to_A3,1,1
track,scene=high_velocity__seed_101__v_p12__snr_p30|seed=101|velocity=12.0|snr=30.0|working_point=high_velocity,-2,track_continuity_after_confirmation,A1_to_A2,1,1
track,scene=high_velocity__seed_101__v_p12__snr_p30|seed=101|velocity=12.0|snr=30.0|working_point=high_velocity,-2,track_continuity_after_confirmation,A1_to_A3,1,1
track,scene=high_velocity__seed_101__v_p12__snr_p30|seed=101|velocity=12.0|snr=30.0|working_point=high_velocity,4,track_continuity_after_confirmation,A1_to_A2,1,1
track,scene=high_velocity__seed_101__v_p12__snr_p30|seed=101|velocity=12.0|snr=30.0|working_point=high_velocity,4,track_continuity_after_confirmation,A1_to_A3,1,1
track,scene=high_velocity__seed_101__v_p12__snr_p30|seed=101|velocity=12.0|snr=30.0|working_point=high_velocity,-4,track_continuity_after_confirmation,A1_to_A2,1,1
track,scene=high_velocity__seed_101__v_p12__snr_p30|seed=101|velocity=12.0|snr=30.0|working_point=high_velocity,-4,track_continuity_after_confirmation,A1_to_A3,1,1
track,scene=high_velocity__seed_101__v_p12__snr_p30|seed=101|velocity=12.0|snr=30.0|working_point=high_velocity,8,track_continuity_after_confirmation,A1_to_A2,1,1
track,scene=high_velocity__seed_101__v_p12__snr_p30|seed=101|velocity=12.0|snr=30.0|working_point=high_velocity,8,track_continuity_after_confirmation,A1_to_A3,1,1
track,scene=high_velocity__seed_101__v_p12__snr_p30|seed=101|velocity=12.0|snr=30.0|working_point=high_velocity,-8,track_continuity_after_confirmation,A1_to_A2,1,1
track,scene=high_velocity__seed_101__v_p12__snr_p30|seed=101|velocity=12.0|snr=30.0|working_point=high_velocity,-8,track_continuity_after_confirmation,A1_to_A3,1,1
track,scene=alternate_texture_geometry__seed_101__v_p6d7__snr_p30|seed=101|velocity=6.7|snr=30.0|working_point=alternate_texture_geometry,0,track_continuity_after_confirmation,A1_to_A2,1,1
track,scene=alternate_texture_geometry__seed_101__v_p6d7__snr_p30|seed=101|velocity=6.7|snr=30.0|working_point=alternate_texture_geometry,0,track_continuity_after_confirmation,A1_to_A3,1,1
track,scene=alternate_texture_geometry__seed_101__v_p6d7__snr_p30|seed=101|velocity=6.7|snr=30.0|working_point=alternate_texture_geometry,1,track_continuity_after_confirmation,A1_to_A2,1,1
track,scene=alternate_texture_geometry__seed_101__v_p6d7__snr_p30|seed=101|velocity=6.7|snr=30.0|working_point=alternate_texture_geometry,1,track_continuity_after_confirmation,A1_to_A3,1,1
track,scene=alternate_texture_geometry__seed_101__v_p6d7__snr_p30|seed=101|velocity=6.7|snr=30.0|working_point=alternate_texture_geometry,-1,track_continuity_after_confirmation,A1_to_A2,1,1
track,scene=alternate_texture_geometry__seed_101__v_p6d7__snr_p30|seed=101|velocity=6.7|snr=30.0|working_point=alternate_texture_geometry,-1,track_continuity_after_confirmation,A1_to_A3,1,1
track,scene=alternate_texture_geometry__seed_101__v_p6d7__snr_p30|seed=101|velocity=6.7|snr=30.0|working_point=alternate_texture_geometry,2,track_continuity_after_confirmation,A1_to_A2,1,1
track,scene=alternate_texture_geometry__seed_101__v_p6d7__snr_p30|seed=101|velocity=6.7|snr=30.0|working_point=alternate_texture_geometry,2,track_continuity_after_confirmation,A1_to_A3,1,1
track,scene=alternate_texture_geometry__seed_101__v_p6d7__snr_p30|seed=101|velocity=6.7|snr=30.0|working_point=alternate_texture_geometry,-2,track_continuity_after_confirmation,A1_to_A2,1,1
track,scene=alternate_texture_geometry__seed_101__v_p6d7__snr_p30|seed=101|velocity=6.7|snr=30.0|working_point=alternate_texture_geometry,-2,track_continuity_after_confirmation,A1_to_A3,1,1
track,scene=alternate_texture_geometry__seed_101__v_p6d7__snr_p30|seed=101|velocity=6.7|snr=30.0|working_point=alternate_texture_geometry,4,track_continuity_after_confirmation,A1_to_A2,1,1
track,scene=alternate_texture_geometry__seed_101__v_p6d7__snr_p30|seed=101|velocity=6.7|snr=30.0|working_point=alternate_texture_geometry,4,track_continuity_after_confirmation,A1_to_A3,1,1
track,scene=alternate_texture_geometry__seed_101__v_p6d7__snr_p30|seed=101|velocity=6.7|snr=30.0|working_point=alternate_texture_geometry,-4,track_continuity_after_confirmation,A1_to_A2,1,1
track,scene=alternate_texture_geometry__seed_101__v_p6d7__snr_p30|seed=101|velocity=6.7|snr=30.0|working_point=alternate_texture_geometry,-4,track_continuity_after_confirmation,A1_to_A3,1,1
track,scene=alternate_texture_geometry__seed_101__v_p6d7__snr_p30|seed=101|velocity=6.7|snr=30.0|working_point=alternate_texture_geometry,8,track_continuity_after_confirmation,A1_to_A2,1,1
track,scene=alternate_texture_geometry__seed_101__v_p6d7__snr_p30|seed=101|velocity=6.7|snr=30.0|working_point=alternate_texture_geometry,8,track_continuity_after_confirmation,A1_to_A3,1,1
track,scene=alternate_texture_geometry__seed_101__v_p6d7__snr_p30|seed=101|velocity=6.7|snr=30.0|working_point=alternate_texture_geometry,-8,track_continuity_after_confirmation,A1_to_A2,1,1
track,scene=alternate_texture_geometry__seed_101__v_p6d7__snr_p30|seed=101|velocity=6.7|snr=30.0|working_point=alternate_texture_geometry,-8,track_continuity_after_confirmation,A1_to_A3,1,1
track,scene=base__seed_101__v_p6d7__snr_p30|seed=101|velocity=6.7|snr=30.0|working_point=base,0,track_id_switch_count,A1_to_A2,1,1
track,scene=base__seed_101__v_p6d7__snr_p30|seed=101|velocity=6.7|snr=30.0|working_point=base,0,track_id_switch_count,A1_to_A3,1,1
track,scene=base__seed_101__v_p6d7__snr_p30|seed=101|velocity=6.7|snr=30.0|working_point=base,1,track_id_switch_count,A1_to_A2,1,1
track,scene=base__seed_101__v_p6d7__snr_p30|seed=101|velocity=6.7|snr=30.0|working_point=base,1,track_id_switch_count,A1_to_A3,1,1
track,scene=base__seed_101__v_p6d7__snr_p30|seed=101|velocity=6.7|snr=30.0|working_point=base,-1,track_id_switch_count,A1_to_A2,1,1
track,scene=base__seed_101__v_p6d7__snr_p30|seed=101|velocity=6.7|snr=30.0|working_point=base,-1,track_id_switch_count,A1_to_A3,1,1
track,scene=base__seed_101__v_p6d7__snr_p30|seed=101|velocity=6.7|snr=30.0|working_point=base,2,track_id_switch_count,A1_to_A2,1,1
track,scene=base__seed_101__v_p6d7__snr_p30|seed=101|velocity=6.7|snr=30.0|working_point=base,2,track_id_switch_count,A1_to_A3,1,1
track,scene=base__seed_101__v_p6d7__snr_p30|seed=101|velocity=6.7|snr=30.0|working_point=base,-2,track_id_switch_count,A1_to_A2,1,1
track,scene=base__seed_101__v_p6d7__snr_p30|seed=101|velocity=6.7|snr=30.0|working_point=base,-2,track_id_switch_count,A1_to_A3,1,1
track,scene=base__seed_101__v_p6d7__snr_p30|seed=101|velocity=6.7|snr=30.0|working_point=base,4,track_id_switch_count,A1_to_A2,1,1
track,scene=base__seed_101__v_p6d7__snr_p30|seed=101|velocity=6.7|snr=30.0|working_point=base,4,track_id_switch_count,A1_to_A3,1,1
track,scene=base__seed_101__v_p6d7__snr_p30|seed=101|velocity=6.7|snr=30.0|working_point=base,-4,track_id_switch_count,A1_to_A2,1,1
track,scene=base__seed_101__v_p6d7__snr_p30|seed=101|velocity=6.7|snr=30.0|working_point=base,-4,track_id_switch_count,A1_to_A3,1,1
track,scene=base__seed_101__v_p6d7__snr_p30|seed=101|velocity=6.7|snr=30.0|working_point=base,8,track_id_switch_count,A1_to_A2,1,1
track,scene=base__seed_101__v_p6d7__snr_p30|seed=101|velocity=6.7|snr=30.0|working_point=base,8,track_id_switch_count,A1_to_A3,1,1
track,scene=base__seed_101__v_p6d7__snr_p30|seed=101|velocity=6.7|snr=30.0|working_point=base,-8,track_id_switch_count,A1_to_A2,1,1
track,scene=base__seed_101__v_p6d7__snr_p30|seed=101|velocity=6.7|snr=30.0|working_point=base,-8,track_id_switch_count,A1_to_A3,1,1
track,scene=base__seed_101__v_p6d7__snr_p35|seed=101|velocity=6.7|snr=35.0|working_point=base,0,track_id_switch_count,A1_to_A2,1,1
track,scene=base__seed_101__v_p6d7__snr_p35|seed=101|velocity=6.7|snr=35.0|working_point=base,0,track_id_switch_count,A1_to_A3,1,1
track,scene=base__seed_101__v_p6d7__snr_p35|seed=101|velocity=6.7|snr=35.0|working_point=base,1,track_id_switch_count,A1_to_A2,1,1
track,scene=base__seed_101__v_p6d7__snr_p35|seed=101|velocity=6.7|snr=35.0|working_point=base,1,track_id_switch_count,A1_to_A3,1,1
track,scene=base__seed_101__v_p6d7__snr_p35|seed=101|velocity=6.7|snr=35.0|working_point=base,-1,track_id_switch_count,A1_to_A2,1,1
track,scene=base__seed_101__v_p6d7__snr_p35|seed=101|velocity=6.7|snr=35.0|working_point=base,-1,track_id_switch_count,A1_to_A3,1,1
track,scene=base__seed_101__v_p6d7__snr_p35|seed=101|velocity=6.7|snr=35.0|working_point=base,2,track_id_switch_count,A1_to_A2,1,1
track,scene=base__seed_101__v_p6d7__snr_p35|seed=101|velocity=6.7|snr=35.0|working_point=base,2,track_id_switch_count,A1_to_A3,1,1
track,scene=base__seed_101__v_p6d7__snr_p35|seed=101|velocity=6.7|snr=35.0|working_point=base,-2,track_id_switch_count,A1_to_A2,1,1
track,scene=base__seed_101__v_p6d7__snr_p35|seed=101|velocity=6.7|snr=35.0|working_point=base,-2,track_id_switch_count,A1_to_A3,1,1
track,scene=base__seed_101__v_p6d7__snr_p35|seed=101|velocity=6.7|snr=35.0|working_point=base,4,track_id_switch_count,A1_to_A2,1,1
track,scene=base__seed_101__v_p6d7__snr_p35|seed=101|velocity=6.7|snr=35.0|working_point=base,4,track_id_switch_count,A1_to_A3,1,1
track,scene=base__seed_101__v_p6d7__snr_p35|seed=101|velocity=6.7|snr=35.0|working_point=base,-4,track_id_switch_count,A1_to_A2,1,1
track,scene=base__seed_101__v_p6d7__snr_p35|seed=101|velocity=6.7|snr=35.0|working_point=base,-4,track_id_switch_count,A1_to_A3,1,1
track,scene=base__seed_101__v_p6d7__snr_p35|seed=101|velocity=6.7|snr=35.0|working_point=base,8,track_id_switch_count,A1_to_A2,0,1
track,scene=base__seed_101__v_p6d7__snr_p35|seed=101|velocity=6.7|snr=35.0|working_point=base,8,track_id_switch_count,A1_to_A3,0,1
track,scene=base__seed_101__v_p6d7__snr_p35|seed=101|velocity=6.7|snr=35.0|working_point=base,-8,track_id_switch_count,A1_to_A2,0,1
track,scene=base__seed_101__v_p6d7__snr_p35|seed=101|velocity=6.7|snr=35.0|working_point=base,-8,track_id_switch_count,A1_to_A3,0,1
track,scene=base__seed_101__v_p12__snr_p30|seed=101|velocity=12.0|snr=30.0|working_point=base,0,track_id_switch_count,A1_to_A2,0,0
track,scene=base__seed_101__v_p12__snr_p30|seed=101|velocity=12.0|snr=30.0|working_point=base,0,track_id_switch_count,A1_to_A3,0,1
track,scene=base__seed_101__v_p12__snr_p30|seed=101|velocity=12.0|snr=30.0|working_point=base,1,track_id_switch_count,A1_to_A2,1,1
track,scene=base__seed_101__v_p12__snr_p30|seed=101|velocity=12.0|snr=30.0|working_point=base,1,track_id_switch_count,A1_to_A3,1,1
track,scene=base__seed_101__v_p12__snr_p30|seed=101|velocity=12.0|snr=30.0|working_point=base,-1,track_id_switch_count,A1_to_A2,1,1
track,scene=base__seed_101__v_p12__snr_p30|seed=101|velocity=12.0|snr=30.0|working_point=base,-1,track_id_switch_count,A1_to_A3,1,1
track,scene=base__seed_101__v_p12__snr_p30|seed=101|velocity=12.0|snr=30.0|working_point=base,2,track_id_switch_count,A1_to_A2,1,1
track,scene=base__seed_101__v_p12__snr_p30|seed=101|velocity=12.0|snr=30.0|working_point=base,2,track_id_switch_count,A1_to_A3,1,1
track,scene=base__seed_101__v_p12__snr_p30|seed=101|velocity=12.0|snr=30.0|working_point=base,-2,track_id_switch_count,A1_to_A2,1,1
track,scene=base__seed_101__v_p12__snr_p30|seed=101|velocity=12.0|snr=30.0|working_point=base,-2,track_id_switch_count,A1_to_A3,1,1
track,scene=base__seed_101__v_p12__snr_p30|seed=101|velocity=12.0|snr=30.0|working_point=base,4,track_id_switch_count,A1_to_A2,1,1
track,scene=base__seed_101__v_p12__snr_p30|seed=101|velocity=12.0|snr=30.0|working_point=base,4,track_id_switch_count,A1_to_A3,1,1
track,scene=base__seed_101__v_p12__snr_p30|seed=101|velocity=12.0|snr=30.0|working_point=base,-4,track_id_switch_count,A1_to_A2,1,1
track,scene=base__seed_101__v_p12__snr_p30|seed=101|velocity=12.0|snr=30.0|working_point=base,-4,track_id_switch_count,A1_to_A3,1,1
track,scene=base__seed_101__v_p12__snr_p30|seed=101|velocity=12.0|snr=30.0|working_point=base,8,track_id_switch_count,A1_to_A2,1,0
track,scene=base__seed_101__v_p12__snr_p30|seed=101|velocity=12.0|snr=30.0|working_point=base,8,track_id_switch_count,A1_to_A3,1,1
track,scene=base__seed_101__v_p12__snr_p30|seed=101|velocity=12.0|snr=30.0|working_point=base,-8,track_id_switch_count,A1_to_A2,1,1
track,scene=base__seed_101__v_p12__snr_p30|seed=101|velocity=12.0|snr=30.0|working_point=base,-8,track_id_switch_count,A1_to_A3,1,0
track,scene=base__seed_101__v_p12__snr_p35|seed=101|velocity=12.0|snr=35.0|working_point=base,0,track_id_switch_count,A1_to_A2,0,0
track,scene=base__seed_101__v_p12__snr_p35|seed=101|velocity=12.0|snr=35.0|working_point=base,0,track_id_switch_count,A1_to_A3,0,1
track,scene=base__seed_101__v_p12__snr_p35|seed=101|velocity=12.0|snr=35.0|working_point=base,1,track_id_switch_count,A1_to_A2,1,1
track,scene=base__seed_101__v_p12__snr_p35|seed=101|velocity=12.0|snr=35.0|working_point=base,1,track_id_switch_count,A1_to_A3,1,1
track,scene=base__seed_101__v_p12__snr_p35|seed=101|velocity=12.0|snr=35.0|working_point=base,-1,track_id_switch_count,A1_to_A2,1,1
track,scene=base__seed_101__v_p12__snr_p35|seed=101|velocity=12.0|snr=35.0|working_point=base,-1,track_id_switch_count,A1_to_A3,1,1
track,scene=base__seed_101__v_p12__snr_p35|seed=101|velocity=12.0|snr=35.0|working_point=base,2,track_id_switch_count,A1_to_A2,1,1
track,scene=base__seed_101__v_p12__snr_p35|seed=101|velocity=12.0|snr=35.0|working_point=base,2,track_id_switch_count,A1_to_A3,1,1
track,scene=base__seed_101__v_p12__snr_p35|seed=101|velocity=12.0|snr=35.0|working_point=base,-2,track_id_switch_count,A1_to_A2,1,1
track,scene=base__seed_101__v_p12__snr_p35|seed=101|velocity=12.0|snr=35.0|working_point=base,-2,track_id_switch_count,A1_to_A3,1,1
track,scene=base__seed_101__v_p12__snr_p35|seed=101|velocity=12.0|snr=35.0|working_point=base,4,track_id_switch_count,A1_to_A2,1,1
track,scene=base__seed_101__v_p12__snr_p35|seed=101|velocity=12.0|snr=35.0|working_point=base,4,track_id_switch_count,A1_to_A3,1,1
track,scene=base__seed_101__v_p12__snr_p35|seed=101|velocity=12.0|snr=35.0|working_point=base,-4,track_id_switch_count,A1_to_A2,1,0
track,scene=base__seed_101__v_p12__snr_p35|seed=101|velocity=12.0|snr=35.0|working_point=base,-4,track_id_switch_count,A1_to_A3,1,1
track,scene=base__seed_101__v_p12__snr_p35|seed=101|velocity=12.0|snr=35.0|working_point=base,8,track_id_switch_count,A1_to_A2,0,1
track,scene=base__seed_101__v_p12__snr_p35|seed=101|velocity=12.0|snr=35.0|working_point=base,8,track_id_switch_count,A1_to_A3,0,1
track,scene=base__seed_101__v_p12__snr_p35|seed=101|velocity=12.0|snr=35.0|working_point=base,-8,track_id_switch_count,A1_to_A2,1,1
track,scene=base__seed_101__v_p12__snr_p35|seed=101|velocity=12.0|snr=35.0|working_point=base,-8,track_id_switch_count,A1_to_A3,1,1
track,scene=base__seed_202__v_p6d7__snr_p30|seed=202|velocity=6.7|snr=30.0|working_point=base,0,track_id_switch_count,A1_to_A2,1,1
track,scene=base__seed_202__v_p6d7__snr_p30|seed=202|velocity=6.7|snr=30.0|working_point=base,0,track_id_switch_count,A1_to_A3,1,1
track,scene=base__seed_202__v_p6d7__snr_p30|seed=202|velocity=6.7|snr=30.0|working_point=base,1,track_id_switch_count,A1_to_A2,1,1
track,scene=base__seed_202__v_p6d7__snr_p30|seed=202|velocity=6.7|snr=30.0|working_point=base,1,track_id_switch_count,A1_to_A3,1,1
track,scene=base__seed_202__v_p6d7__snr_p30|seed=202|velocity=6.7|snr=30.0|working_point=base,-1,track_id_switch_count,A1_to_A2,1,1
track,scene=base__seed_202__v_p6d7__snr_p30|seed=202|velocity=6.7|snr=30.0|working_point=base,-1,track_id_switch_count,A1_to_A3,1,1
track,scene=base__seed_202__v_p6d7__snr_p30|seed=202|velocity=6.7|snr=30.0|working_point=base,2,track_id_switch_count,A1_to_A2,0,1
track,scene=base__seed_202__v_p6d7__snr_p30|seed=202|velocity=6.7|snr=30.0|working_point=base,2,track_id_switch_count,A1_to_A3,0,1
track,scene=base__seed_202__v_p6d7__snr_p30|seed=202|velocity=6.7|snr=30.0|working_point=base,-2,track_id_switch_count,A1_to_A2,1,1
track,scene=base__seed_202__v_p6d7__snr_p30|seed=202|velocity=6.7|snr=30.0|working_point=base,-2,track_id_switch_count,A1_to_A3,1,1
track,scene=base__seed_202__v_p6d7__snr_p30|seed=202|velocity=6.7|snr=30.0|working_point=base,4,track_id_switch_count,A1_to_A2,1,1
track,scene=base__seed_202__v_p6d7__snr_p30|seed=202|velocity=6.7|snr=30.0|working_point=base,4,track_id_switch_count,A1_to_A3,1,1
track,scene=base__seed_202__v_p6d7__snr_p30|seed=202|velocity=6.7|snr=30.0|working_point=base,-4,track_id_switch_count,A1_to_A2,1,1
track,scene=base__seed_202__v_p6d7__snr_p30|seed=202|velocity=6.7|snr=30.0|working_point=base,-4,track_id_switch_count,A1_to_A3,1,1
track,scene=base__seed_202__v_p6d7__snr_p30|seed=202|velocity=6.7|snr=30.0|working_point=base,8,track_id_switch_count,A1_to_A2,1,1
track,scene=base__seed_202__v_p6d7__snr_p30|seed=202|velocity=6.7|snr=30.0|working_point=base,8,track_id_switch_count,A1_to_A3,1,1
track,scene=base__seed_202__v_p6d7__snr_p30|seed=202|velocity=6.7|snr=30.0|working_point=base,-8,track_id_switch_count,A1_to_A2,1,0
track,scene=base__seed_202__v_p6d7__snr_p30|seed=202|velocity=6.7|snr=30.0|working_point=base,-8,track_id_switch_count,A1_to_A3,1,1
track,scene=base__seed_202__v_p6d7__snr_p35|seed=202|velocity=6.7|snr=35.0|working_point=base,0,track_id_switch_count,A1_to_A2,1,1
track,scene=base__seed_202__v_p6d7__snr_p35|seed=202|velocity=6.7|snr=35.0|working_point=base,0,track_id_switch_count,A1_to_A3,1,1
track,scene=base__seed_202__v_p6d7__snr_p35|seed=202|velocity=6.7|snr=35.0|working_point=base,1,track_id_switch_count,A1_to_A2,1,1
track,scene=base__seed_202__v_p6d7__snr_p35|seed=202|velocity=6.7|snr=35.0|working_point=base,1,track_id_switch_count,A1_to_A3,1,1
track,scene=base__seed_202__v_p6d7__snr_p35|seed=202|velocity=6.7|snr=35.0|working_point=base,-1,track_id_switch_count,A1_to_A2,1,1
track,scene=base__seed_202__v_p6d7__snr_p35|seed=202|velocity=6.7|snr=35.0|working_point=base,-1,track_id_switch_count,A1_to_A3,1,1
track,scene=base__seed_202__v_p6d7__snr_p35|seed=202|velocity=6.7|snr=35.0|working_point=base,2,track_id_switch_count,A1_to_A2,1,1
track,scene=base__seed_202__v_p6d7__snr_p35|seed=202|velocity=6.7|snr=35.0|working_point=base,2,track_id_switch_count,A1_to_A3,1,1
track,scene=base__seed_202__v_p6d7__snr_p35|seed=202|velocity=6.7|snr=35.0|working_point=base,-2,track_id_switch_count,A1_to_A2,1,1
track,scene=base__seed_202__v_p6d7__snr_p35|seed=202|velocity=6.7|snr=35.0|working_point=base,-2,track_id_switch_count,A1_to_A3,1,1
track,scene=base__seed_202__v_p6d7__snr_p35|seed=202|velocity=6.7|snr=35.0|working_point=base,4,track_id_switch_count,A1_to_A2,1,1
track,scene=base__seed_202__v_p6d7__snr_p35|seed=202|velocity=6.7|snr=35.0|working_point=base,4,track_id_switch_count,A1_to_A3,1,1
track,scene=base__seed_202__v_p6d7__snr_p35|seed=202|velocity=6.7|snr=35.0|working_point=base,-4,track_id_switch_count,A1_to_A2,1,1
track,scene=base__seed_202__v_p6d7__snr_p35|seed=202|velocity=6.7|snr=35.0|working_point=base,-4,track_id_switch_count,A1_to_A3,1,1
track,scene=base__seed_202__v_p6d7__snr_p35|seed=202|velocity=6.7|snr=35.0|working_point=base,8,track_id_switch_count,A1_to_A2,1,1
track,scene=base__seed_202__v_p6d7__snr_p35|seed=202|velocity=6.7|snr=35.0|working_point=base,8,track_id_switch_count,A1_to_A3,1,1
track,scene=base__seed_202__v_p6d7__snr_p35|seed=202|velocity=6.7|snr=35.0|working_point=base,-8,track_id_switch_count,A1_to_A2,1,1
track,scene=base__seed_202__v_p6d7__snr_p35|seed=202|velocity=6.7|snr=35.0|working_point=base,-8,track_id_switch_count,A1_to_A3,1,1
track,scene=base__seed_202__v_p12__snr_p30|seed=202|velocity=12.0|snr=30.0|working_point=base,0,track_id_switch_count,A1_to_A2,1,1
track,scene=base__seed_202__v_p12__snr_p30|seed=202|velocity=12.0|snr=30.0|working_point=base,0,track_id_switch_count,A1_to_A3,1,1
track,scene=base__seed_202__v_p12__snr_p30|seed=202|velocity=12.0|snr=30.0|working_point=base,1,track_id_switch_count,A1_to_A2,1,1
track,scene=base__seed_202__v_p12__snr_p30|seed=202|velocity=12.0|snr=30.0|working_point=base,1,track_id_switch_count,A1_to_A3,1,1
track,scene=base__seed_202__v_p12__snr_p30|seed=202|velocity=12.0|snr=30.0|working_point=base,-1,track_id_switch_count,A1_to_A2,1,1
track,scene=base__seed_202__v_p12__snr_p30|seed=202|velocity=12.0|snr=30.0|working_point=base,-1,track_id_switch_count,A1_to_A3,1,1
track,scene=base__seed_202__v_p12__snr_p30|seed=202|velocity=12.0|snr=30.0|working_point=base,2,track_id_switch_count,A1_to_A2,1,1
track,scene=base__seed_202__v_p12__snr_p30|seed=202|velocity=12.0|snr=30.0|working_point=base,2,track_id_switch_count,A1_to_A3,1,0
track,scene=base__seed_202__v_p12__snr_p30|seed=202|velocity=12.0|snr=30.0|working_point=base,-2,track_id_switch_count,A1_to_A2,1,1
track,scene=base__seed_202__v_p12__snr_p30|seed=202|velocity=12.0|snr=30.0|working_point=base,-2,track_id_switch_count,A1_to_A3,1,1
track,scene=base__seed_202__v_p12__snr_p30|seed=202|velocity=12.0|snr=30.0|working_point=base,4,track_id_switch_count,A1_to_A2,1,1
track,scene=base__seed_202__v_p12__snr_p30|seed=202|velocity=12.0|snr=30.0|working_point=base,4,track_id_switch_count,A1_to_A3,1,1
track,scene=base__seed_202__v_p12__snr_p30|seed=202|velocity=12.0|snr=30.0|working_point=base,-4,track_id_switch_count,A1_to_A2,1,1
track,scene=base__seed_202__v_p12__snr_p30|seed=202|velocity=12.0|snr=30.0|working_point=base,-4,track_id_switch_count,A1_to_A3,1,1
track,scene=base__seed_202__v_p12__snr_p30|seed=202|velocity=12.0|snr=30.0|working_point=base,8,track_id_switch_count,A1_to_A2,1,1
track,scene=base__seed_202__v_p12__snr_p30|seed=202|velocity=12.0|snr=30.0|working_point=base,8,track_id_switch_count,A1_to_A3,1,1
track,scene=base__seed_202__v_p12__snr_p30|seed=202|velocity=12.0|snr=30.0|working_point=base,-8,track_id_switch_count,A1_to_A2,0,1
track,scene=base__seed_202__v_p12__snr_p30|seed=202|velocity=12.0|snr=30.0|working_point=base,-8,track_id_switch_count,A1_to_A3,0,0
track,scene=base__seed_202__v_p12__snr_p35|seed=202|velocity=12.0|snr=35.0|working_point=base,0,track_id_switch_count,A1_to_A2,1,1
track,scene=base__seed_202__v_p12__snr_p35|seed=202|velocity=12.0|snr=35.0|working_point=base,0,track_id_switch_count,A1_to_A3,1,1
track,scene=base__seed_202__v_p12__snr_p35|seed=202|velocity=12.0|snr=35.0|working_point=base,1,track_id_switch_count,A1_to_A2,1,1
track,scene=base__seed_202__v_p12__snr_p35|seed=202|velocity=12.0|snr=35.0|working_point=base,1,track_id_switch_count,A1_to_A3,1,1
track,scene=base__seed_202__v_p12__snr_p35|seed=202|velocity=12.0|snr=35.0|working_point=base,-1,track_id_switch_count,A1_to_A2,1,1
track,scene=base__seed_202__v_p12__snr_p35|seed=202|velocity=12.0|snr=35.0|working_point=base,-1,track_id_switch_count,A1_to_A3,1,1
track,scene=base__seed_202__v_p12__snr_p35|seed=202|velocity=12.0|snr=35.0|working_point=base,2,track_id_switch_count,A1_to_A2,1,1
track,scene=base__seed_202__v_p12__snr_p35|seed=202|velocity=12.0|snr=35.0|working_point=base,2,track_id_switch_count,A1_to_A3,1,0
track,scene=base__seed_202__v_p12__snr_p35|seed=202|velocity=12.0|snr=35.0|working_point=base,-2,track_id_switch_count,A1_to_A2,1,1
track,scene=base__seed_202__v_p12__snr_p35|seed=202|velocity=12.0|snr=35.0|working_point=base,-2,track_id_switch_count,A1_to_A3,1,1
track,scene=base__seed_202__v_p12__snr_p35|seed=202|velocity=12.0|snr=35.0|working_point=base,4,track_id_switch_count,A1_to_A2,1,1
track,scene=base__seed_202__v_p12__snr_p35|seed=202|velocity=12.0|snr=35.0|working_point=base,4,track_id_switch_count,A1_to_A3,1,1
track,scene=base__seed_202__v_p12__snr_p35|seed=202|velocity=12.0|snr=35.0|working_point=base,-4,track_id_switch_count,A1_to_A2,1,1
track,scene=base__seed_202__v_p12__snr_p35|seed=202|velocity=12.0|snr=35.0|working_point=base,-4,track_id_switch_count,A1_to_A3,1,1
track,scene=base__seed_202__v_p12__snr_p35|seed=202|velocity=12.0|snr=35.0|working_point=base,8,track_id_switch_count,A1_to_A2,0,1
track,scene=base__seed_202__v_p12__snr_p35|seed=202|velocity=12.0|snr=35.0|working_point=base,8,track_id_switch_count,A1_to_A3,0,1
track,scene=base__seed_202__v_p12__snr_p35|seed=202|velocity=12.0|snr=35.0|working_point=base,-8,track_id_switch_count,A1_to_A2,0,1
track,scene=base__seed_202__v_p12__snr_p35|seed=202|velocity=12.0|snr=35.0|working_point=base,-8,track_id_switch_count,A1_to_A3,0,0
track,scene=base__seed_303__v_p6d7__snr_p30|seed=303|velocity=6.7|snr=30.0|working_point=base,0,track_id_switch_count,A1_to_A2,1,1
track,scene=base__seed_303__v_p6d7__snr_p30|seed=303|velocity=6.7|snr=30.0|working_point=base,0,track_id_switch_count,A1_to_A3,1,1
track,scene=base__seed_303__v_p6d7__snr_p30|seed=303|velocity=6.7|snr=30.0|working_point=base,1,track_id_switch_count,A1_to_A2,1,1
track,scene=base__seed_303__v_p6d7__snr_p30|seed=303|velocity=6.7|snr=30.0|working_point=base,1,track_id_switch_count,A1_to_A3,1,1
track,scene=base__seed_303__v_p6d7__snr_p30|seed=303|velocity=6.7|snr=30.0|working_point=base,-1,track_id_switch_count,A1_to_A2,1,0
track,scene=base__seed_303__v_p6d7__snr_p30|seed=303|velocity=6.7|snr=30.0|working_point=base,-1,track_id_switch_count,A1_to_A3,1,1
track,scene=base__seed_303__v_p6d7__snr_p30|seed=303|velocity=6.7|snr=30.0|working_point=base,2,track_id_switch_count,A1_to_A2,1,1
track,scene=base__seed_303__v_p6d7__snr_p30|seed=303|velocity=6.7|snr=30.0|working_point=base,2,track_id_switch_count,A1_to_A3,1,1
track,scene=base__seed_303__v_p6d7__snr_p30|seed=303|velocity=6.7|snr=30.0|working_point=base,-2,track_id_switch_count,A1_to_A2,1,1
track,scene=base__seed_303__v_p6d7__snr_p30|seed=303|velocity=6.7|snr=30.0|working_point=base,-2,track_id_switch_count,A1_to_A3,1,1
track,scene=base__seed_303__v_p6d7__snr_p30|seed=303|velocity=6.7|snr=30.0|working_point=base,4,track_id_switch_count,A1_to_A2,1,1
track,scene=base__seed_303__v_p6d7__snr_p30|seed=303|velocity=6.7|snr=30.0|working_point=base,4,track_id_switch_count,A1_to_A3,1,1
track,scene=base__seed_303__v_p6d7__snr_p30|seed=303|velocity=6.7|snr=30.0|working_point=base,-4,track_id_switch_count,A1_to_A2,1,1
track,scene=base__seed_303__v_p6d7__snr_p30|seed=303|velocity=6.7|snr=30.0|working_point=base,-4,track_id_switch_count,A1_to_A3,1,1
track,scene=base__seed_303__v_p6d7__snr_p30|seed=303|velocity=6.7|snr=30.0|working_point=base,8,track_id_switch_count,A1_to_A2,1,1
track,scene=base__seed_303__v_p6d7__snr_p30|seed=303|velocity=6.7|snr=30.0|working_point=base,8,track_id_switch_count,A1_to_A3,1,1
track,scene=base__seed_303__v_p6d7__snr_p30|seed=303|velocity=6.7|snr=30.0|working_point=base,-8,track_id_switch_count,A1_to_A2,0,1
track,scene=base__seed_303__v_p6d7__snr_p30|seed=303|velocity=6.7|snr=30.0|working_point=base,-8,track_id_switch_count,A1_to_A3,0,1
track,scene=base__seed_303__v_p6d7__snr_p35|seed=303|velocity=6.7|snr=35.0|working_point=base,0,track_id_switch_count,A1_to_A2,1,1
track,scene=base__seed_303__v_p6d7__snr_p35|seed=303|velocity=6.7|snr=35.0|working_point=base,0,track_id_switch_count,A1_to_A3,1,1
track,scene=base__seed_303__v_p6d7__snr_p35|seed=303|velocity=6.7|snr=35.0|working_point=base,1,track_id_switch_count,A1_to_A2,1,1
track,scene=base__seed_303__v_p6d7__snr_p35|seed=303|velocity=6.7|snr=35.0|working_point=base,1,track_id_switch_count,A1_to_A3,1,1
track,scene=base__seed_303__v_p6d7__snr_p35|seed=303|velocity=6.7|snr=35.0|working_point=base,-1,track_id_switch_count,A1_to_A2,1,1
track,scene=base__seed_303__v_p6d7__snr_p35|seed=303|velocity=6.7|snr=35.0|working_point=base,-1,track_id_switch_count,A1_to_A3,1,1
track,scene=base__seed_303__v_p6d7__snr_p35|seed=303|velocity=6.7|snr=35.0|working_point=base,2,track_id_switch_count,A1_to_A2,1,1
track,scene=base__seed_303__v_p6d7__snr_p35|seed=303|velocity=6.7|snr=35.0|working_point=base,2,track_id_switch_count,A1_to_A3,1,1
track,scene=base__seed_303__v_p6d7__snr_p35|seed=303|velocity=6.7|snr=35.0|working_point=base,-2,track_id_switch_count,A1_to_A2,1,0
track,scene=base__seed_303__v_p6d7__snr_p35|seed=303|velocity=6.7|snr=35.0|working_point=base,-2,track_id_switch_count,A1_to_A3,1,1
track,scene=base__seed_303__v_p6d7__snr_p35|seed=303|velocity=6.7|snr=35.0|working_point=base,4,track_id_switch_count,A1_to_A2,1,1
track,scene=base__seed_303__v_p6d7__snr_p35|seed=303|velocity=6.7|snr=35.0|working_point=base,4,track_id_switch_count,A1_to_A3,1,1
track,scene=base__seed_303__v_p6d7__snr_p35|seed=303|velocity=6.7|snr=35.0|working_point=base,-4,track_id_switch_count,A1_to_A2,1,1
track,scene=base__seed_303__v_p6d7__snr_p35|seed=303|velocity=6.7|snr=35.0|working_point=base,-4,track_id_switch_count,A1_to_A3,1,1
track,scene=base__seed_303__v_p6d7__snr_p35|seed=303|velocity=6.7|snr=35.0|working_point=base,8,track_id_switch_count,A1_to_A2,1,1
track,scene=base__seed_303__v_p6d7__snr_p35|seed=303|velocity=6.7|snr=35.0|working_point=base,8,track_id_switch_count,A1_to_A3,1,1
track,scene=base__seed_303__v_p6d7__snr_p35|seed=303|velocity=6.7|snr=35.0|working_point=base,-8,track_id_switch_count,A1_to_A2,0,1
track,scene=base__seed_303__v_p6d7__snr_p35|seed=303|velocity=6.7|snr=35.0|working_point=base,-8,track_id_switch_count,A1_to_A3,0,1
track,scene=base__seed_303__v_p12__snr_p30|seed=303|velocity=12.0|snr=30.0|working_point=base,0,track_id_switch_count,A1_to_A2,1,1
track,scene=base__seed_303__v_p12__snr_p30|seed=303|velocity=12.0|snr=30.0|working_point=base,0,track_id_switch_count,A1_to_A3,1,1
track,scene=base__seed_303__v_p12__snr_p30|seed=303|velocity=12.0|snr=30.0|working_point=base,1,track_id_switch_count,A1_to_A2,1,0
track,scene=base__seed_303__v_p12__snr_p30|seed=303|velocity=12.0|snr=30.0|working_point=base,1,track_id_switch_count,A1_to_A3,1,1
track,scene=base__seed_303__v_p12__snr_p30|seed=303|velocity=12.0|snr=30.0|working_point=base,-1,track_id_switch_count,A1_to_A2,1,1
track,scene=base__seed_303__v_p12__snr_p30|seed=303|velocity=12.0|snr=30.0|working_point=base,-1,track_id_switch_count,A1_to_A3,1,1
track,scene=base__seed_303__v_p12__snr_p30|seed=303|velocity=12.0|snr=30.0|working_point=base,2,track_id_switch_count,A1_to_A2,1,1
track,scene=base__seed_303__v_p12__snr_p30|seed=303|velocity=12.0|snr=30.0|working_point=base,2,track_id_switch_count,A1_to_A3,1,1
track,scene=base__seed_303__v_p12__snr_p30|seed=303|velocity=12.0|snr=30.0|working_point=base,-2,track_id_switch_count,A1_to_A2,1,1
track,scene=base__seed_303__v_p12__snr_p30|seed=303|velocity=12.0|snr=30.0|working_point=base,-2,track_id_switch_count,A1_to_A3,1,1
track,scene=base__seed_303__v_p12__snr_p30|seed=303|velocity=12.0|snr=30.0|working_point=base,4,track_id_switch_count,A1_to_A2,1,1
track,scene=base__seed_303__v_p12__snr_p30|seed=303|velocity=12.0|snr=30.0|working_point=base,4,track_id_switch_count,A1_to_A3,1,1
track,scene=base__seed_303__v_p12__snr_p30|seed=303|velocity=12.0|snr=30.0|working_point=base,-4,track_id_switch_count,A1_to_A2,1,1
track,scene=base__seed_303__v_p12__snr_p30|seed=303|velocity=12.0|snr=30.0|working_point=base,-4,track_id_switch_count,A1_to_A3,1,1
track,scene=base__seed_303__v_p12__snr_p30|seed=303|velocity=12.0|snr=30.0|working_point=base,8,track_id_switch_count,A1_to_A2,1,1
track,scene=base__seed_303__v_p12__snr_p30|seed=303|velocity=12.0|snr=30.0|working_point=base,8,track_id_switch_count,A1_to_A3,1,1
track,scene=base__seed_303__v_p12__snr_p30|seed=303|velocity=12.0|snr=30.0|working_point=base,-8,track_id_switch_count,A1_to_A2,0,1
track,scene=base__seed_303__v_p12__snr_p30|seed=303|velocity=12.0|snr=30.0|working_point=base,-8,track_id_switch_count,A1_to_A3,0,0
track,scene=base__seed_303__v_p12__snr_p35|seed=303|velocity=12.0|snr=35.0|working_point=base,0,track_id_switch_count,A1_to_A2,1,1
track,scene=base__seed_303__v_p12__snr_p35|seed=303|velocity=12.0|snr=35.0|working_point=base,0,track_id_switch_count,A1_to_A3,1,1
track,scene=base__seed_303__v_p12__snr_p35|seed=303|velocity=12.0|snr=35.0|working_point=base,1,track_id_switch_count,A1_to_A2,1,0
track,scene=base__seed_303__v_p12__snr_p35|seed=303|velocity=12.0|snr=35.0|working_point=base,1,track_id_switch_count,A1_to_A3,1,1
track,scene=base__seed_303__v_p12__snr_p35|seed=303|velocity=12.0|snr=35.0|working_point=base,-1,track_id_switch_count,A1_to_A2,1,1
track,scene=base__seed_303__v_p12__snr_p35|seed=303|velocity=12.0|snr=35.0|working_point=base,-1,track_id_switch_count,A1_to_A3,1,1
track,scene=base__seed_303__v_p12__snr_p35|seed=303|velocity=12.0|snr=35.0|working_point=base,2,track_id_switch_count,A1_to_A2,1,1
track,scene=base__seed_303__v_p12__snr_p35|seed=303|velocity=12.0|snr=35.0|working_point=base,2,track_id_switch_count,A1_to_A3,1,1
track,scene=base__seed_303__v_p12__snr_p35|seed=303|velocity=12.0|snr=35.0|working_point=base,-2,track_id_switch_count,A1_to_A2,1,1
track,scene=base__seed_303__v_p12__snr_p35|seed=303|velocity=12.0|snr=35.0|working_point=base,-2,track_id_switch_count,A1_to_A3,1,1
track,scene=base__seed_303__v_p12__snr_p35|seed=303|velocity=12.0|snr=35.0|working_point=base,4,track_id_switch_count,A1_to_A2,1,1
track,scene=base__seed_303__v_p12__snr_p35|seed=303|velocity=12.0|snr=35.0|working_point=base,4,track_id_switch_count,A1_to_A3,1,1
track,scene=base__seed_303__v_p12__snr_p35|seed=303|velocity=12.0|snr=35.0|working_point=base,-4,track_id_switch_count,A1_to_A2,1,1
track,scene=base__seed_303__v_p12__snr_p35|seed=303|velocity=12.0|snr=35.0|working_point=base,-4,track_id_switch_count,A1_to_A3,1,1
track,scene=base__seed_303__v_p12__snr_p35|seed=303|velocity=12.0|snr=35.0|working_point=base,8,track_id_switch_count,A1_to_A2,0,1
track,scene=base__seed_303__v_p12__snr_p35|seed=303|velocity=12.0|snr=35.0|working_point=base,8,track_id_switch_count,A1_to_A3,0,1
track,scene=base__seed_303__v_p12__snr_p35|seed=303|velocity=12.0|snr=35.0|working_point=base,-8,track_id_switch_count,A1_to_A2,0,1
track,scene=base__seed_303__v_p12__snr_p35|seed=303|velocity=12.0|snr=35.0|working_point=base,-8,track_id_switch_count,A1_to_A3,0,1
track,scene=low_snr__seed_101__v_p6d7__snr_p20|seed=101|velocity=6.7|snr=20.0|working_point=low_snr,0,track_id_switch_count,A1_to_A2,1,1
track,scene=low_snr__seed_101__v_p6d7__snr_p20|seed=101|velocity=6.7|snr=20.0|working_point=low_snr,0,track_id_switch_count,A1_to_A3,1,1
track,scene=low_snr__seed_101__v_p6d7__snr_p20|seed=101|velocity=6.7|snr=20.0|working_point=low_snr,1,track_id_switch_count,A1_to_A2,1,1
track,scene=low_snr__seed_101__v_p6d7__snr_p20|seed=101|velocity=6.7|snr=20.0|working_point=low_snr,1,track_id_switch_count,A1_to_A3,1,1
track,scene=low_snr__seed_101__v_p6d7__snr_p20|seed=101|velocity=6.7|snr=20.0|working_point=low_snr,-1,track_id_switch_count,A1_to_A2,1,0
track,scene=low_snr__seed_101__v_p6d7__snr_p20|seed=101|velocity=6.7|snr=20.0|working_point=low_snr,-1,track_id_switch_count,A1_to_A3,1,1
track,scene=low_snr__seed_101__v_p6d7__snr_p20|seed=101|velocity=6.7|snr=20.0|working_point=low_snr,2,track_id_switch_count,A1_to_A2,1,0
track,scene=low_snr__seed_101__v_p6d7__snr_p20|seed=101|velocity=6.7|snr=20.0|working_point=low_snr,2,track_id_switch_count,A1_to_A3,1,1
track,scene=low_snr__seed_101__v_p6d7__snr_p20|seed=101|velocity=6.7|snr=20.0|working_point=low_snr,-2,track_id_switch_count,A1_to_A2,1,1
track,scene=low_snr__seed_101__v_p6d7__snr_p20|seed=101|velocity=6.7|snr=20.0|working_point=low_snr,-2,track_id_switch_count,A1_to_A3,1,1
track,scene=low_snr__seed_101__v_p6d7__snr_p20|seed=101|velocity=6.7|snr=20.0|working_point=low_snr,4,track_id_switch_count,A1_to_A2,1,1
track,scene=low_snr__seed_101__v_p6d7__snr_p20|seed=101|velocity=6.7|snr=20.0|working_point=low_snr,4,track_id_switch_count,A1_to_A3,1,1
track,scene=low_snr__seed_101__v_p6d7__snr_p20|seed=101|velocity=6.7|snr=20.0|working_point=low_snr,-4,track_id_switch_count,A1_to_A2,1,1
track,scene=low_snr__seed_101__v_p6d7__snr_p20|seed=101|velocity=6.7|snr=20.0|working_point=low_snr,-4,track_id_switch_count,A1_to_A3,1,1
track,scene=low_snr__seed_101__v_p6d7__snr_p20|seed=101|velocity=6.7|snr=20.0|working_point=low_snr,8,track_id_switch_count,A1_to_A2,1,0
track,scene=low_snr__seed_101__v_p6d7__snr_p20|seed=101|velocity=6.7|snr=20.0|working_point=low_snr,8,track_id_switch_count,A1_to_A3,1,1
track,scene=low_snr__seed_101__v_p6d7__snr_p20|seed=101|velocity=6.7|snr=20.0|working_point=low_snr,-8,track_id_switch_count,A1_to_A2,0,1
track,scene=low_snr__seed_101__v_p6d7__snr_p20|seed=101|velocity=6.7|snr=20.0|working_point=low_snr,-8,track_id_switch_count,A1_to_A3,0,1
track,scene=high_velocity__seed_101__v_p12__snr_p30|seed=101|velocity=12.0|snr=30.0|working_point=high_velocity,0,track_id_switch_count,A1_to_A2,0,0
track,scene=high_velocity__seed_101__v_p12__snr_p30|seed=101|velocity=12.0|snr=30.0|working_point=high_velocity,0,track_id_switch_count,A1_to_A3,0,1
track,scene=high_velocity__seed_101__v_p12__snr_p30|seed=101|velocity=12.0|snr=30.0|working_point=high_velocity,1,track_id_switch_count,A1_to_A2,1,1
track,scene=high_velocity__seed_101__v_p12__snr_p30|seed=101|velocity=12.0|snr=30.0|working_point=high_velocity,1,track_id_switch_count,A1_to_A3,1,1
track,scene=high_velocity__seed_101__v_p12__snr_p30|seed=101|velocity=12.0|snr=30.0|working_point=high_velocity,-1,track_id_switch_count,A1_to_A2,1,1
track,scene=high_velocity__seed_101__v_p12__snr_p30|seed=101|velocity=12.0|snr=30.0|working_point=high_velocity,-1,track_id_switch_count,A1_to_A3,1,1
track,scene=high_velocity__seed_101__v_p12__snr_p30|seed=101|velocity=12.0|snr=30.0|working_point=high_velocity,2,track_id_switch_count,A1_to_A2,1,1
track,scene=high_velocity__seed_101__v_p12__snr_p30|seed=101|velocity=12.0|snr=30.0|working_point=high_velocity,2,track_id_switch_count,A1_to_A3,1,1
track,scene=high_velocity__seed_101__v_p12__snr_p30|seed=101|velocity=12.0|snr=30.0|working_point=high_velocity,-2,track_id_switch_count,A1_to_A2,1,1
track,scene=high_velocity__seed_101__v_p12__snr_p30|seed=101|velocity=12.0|snr=30.0|working_point=high_velocity,-2,track_id_switch_count,A1_to_A3,1,1
track,scene=high_velocity__seed_101__v_p12__snr_p30|seed=101|velocity=12.0|snr=30.0|working_point=high_velocity,4,track_id_switch_count,A1_to_A2,1,1
track,scene=high_velocity__seed_101__v_p12__snr_p30|seed=101|velocity=12.0|snr=30.0|working_point=high_velocity,4,track_id_switch_count,A1_to_A3,1,1
track,scene=high_velocity__seed_101__v_p12__snr_p30|seed=101|velocity=12.0|snr=30.0|working_point=high_velocity,-4,track_id_switch_count,A1_to_A2,1,1
track,scene=high_velocity__seed_101__v_p12__snr_p30|seed=101|velocity=12.0|snr=30.0|working_point=high_velocity,-4,track_id_switch_count,A1_to_A3,1,1
track,scene=high_velocity__seed_101__v_p12__snr_p30|seed=101|velocity=12.0|snr=30.0|working_point=high_velocity,8,track_id_switch_count,A1_to_A2,1,0
track,scene=high_velocity__seed_101__v_p12__snr_p30|seed=101|velocity=12.0|snr=30.0|working_point=high_velocity,8,track_id_switch_count,A1_to_A3,1,1
track,scene=high_velocity__seed_101__v_p12__snr_p30|seed=101|velocity=12.0|snr=30.0|working_point=high_velocity,-8,track_id_switch_count,A1_to_A2,1,1
track,scene=high_velocity__seed_101__v_p12__snr_p30|seed=101|velocity=12.0|snr=30.0|working_point=high_velocity,-8,track_id_switch_count,A1_to_A3,1,0
track,scene=alternate_texture_geometry__seed_101__v_p6d7__snr_p30|seed=101|velocity=6.7|snr=30.0|working_point=alternate_texture_geometry,0,track_id_switch_count,A1_to_A2,1,1
track,scene=alternate_texture_geometry__seed_101__v_p6d7__snr_p30|seed=101|velocity=6.7|snr=30.0|working_point=alternate_texture_geometry,0,track_id_switch_count,A1_to_A3,1,0
track,scene=alternate_texture_geometry__seed_101__v_p6d7__snr_p30|seed=101|velocity=6.7|snr=30.0|working_point=alternate_texture_geometry,1,track_id_switch_count,A1_to_A2,1,1
track,scene=alternate_texture_geometry__seed_101__v_p6d7__snr_p30|seed=101|velocity=6.7|snr=30.0|working_point=alternate_texture_geometry,1,track_id_switch_count,A1_to_A3,1,1
track,scene=alternate_texture_geometry__seed_101__v_p6d7__snr_p30|seed=101|velocity=6.7|snr=30.0|working_point=alternate_texture_geometry,-1,track_id_switch_count,A1_to_A2,1,1
track,scene=alternate_texture_geometry__seed_101__v_p6d7__snr_p30|seed=101|velocity=6.7|snr=30.0|working_point=alternate_texture_geometry,-1,track_id_switch_count,A1_to_A3,1,1
track,scene=alternate_texture_geometry__seed_101__v_p6d7__snr_p30|seed=101|velocity=6.7|snr=30.0|working_point=alternate_texture_geometry,2,track_id_switch_count,A1_to_A2,1,1
track,scene=alternate_texture_geometry__seed_101__v_p6d7__snr_p30|seed=101|velocity=6.7|snr=30.0|working_point=alternate_texture_geometry,2,track_id_switch_count,A1_to_A3,1,1
track,scene=alternate_texture_geometry__seed_101__v_p6d7__snr_p30|seed=101|velocity=6.7|snr=30.0|working_point=alternate_texture_geometry,-2,track_id_switch_count,A1_to_A2,1,0
track,scene=alternate_texture_geometry__seed_101__v_p6d7__snr_p30|seed=101|velocity=6.7|snr=30.0|working_point=alternate_texture_geometry,-2,track_id_switch_count,A1_to_A3,1,1
track,scene=alternate_texture_geometry__seed_101__v_p6d7__snr_p30|seed=101|velocity=6.7|snr=30.0|working_point=alternate_texture_geometry,4,track_id_switch_count,A1_to_A2,1,1
track,scene=alternate_texture_geometry__seed_101__v_p6d7__snr_p30|seed=101|velocity=6.7|snr=30.0|working_point=alternate_texture_geometry,4,track_id_switch_count,A1_to_A3,1,1
track,scene=alternate_texture_geometry__seed_101__v_p6d7__snr_p30|seed=101|velocity=6.7|snr=30.0|working_point=alternate_texture_geometry,-4,track_id_switch_count,A1_to_A2,1,1
track,scene=alternate_texture_geometry__seed_101__v_p6d7__snr_p30|seed=101|velocity=6.7|snr=30.0|working_point=alternate_texture_geometry,-4,track_id_switch_count,A1_to_A3,1,1
track,scene=alternate_texture_geometry__seed_101__v_p6d7__snr_p30|seed=101|velocity=6.7|snr=30.0|working_point=alternate_texture_geometry,8,track_id_switch_count,A1_to_A2,1,1
track,scene=alternate_texture_geometry__seed_101__v_p6d7__snr_p30|seed=101|velocity=6.7|snr=30.0|working_point=alternate_texture_geometry,8,track_id_switch_count,A1_to_A3,1,1
track,scene=alternate_texture_geometry__seed_101__v_p6d7__snr_p30|seed=101|velocity=6.7|snr=30.0|working_point=alternate_texture_geometry,-8,track_id_switch_count,A1_to_A2,1,1
track,scene=alternate_texture_geometry__seed_101__v_p6d7__snr_p30|seed=101|velocity=6.7|snr=30.0|working_point=alternate_texture_geometry,-8,track_id_switch_count,A1_to_A3,1,1
track,scene=base__seed_101__v_p6d7__snr_p30|seed=101|velocity=6.7|snr=30.0|working_point=base,0,track_pd_after_confirmation,A1_to_A2,1,1
track,scene=base__seed_101__v_p6d7__snr_p30|seed=101|velocity=6.7|snr=30.0|working_point=base,0,track_pd_after_confirmation,A1_to_A3,1,1
track,scene=base__seed_101__v_p6d7__snr_p30|seed=101|velocity=6.7|snr=30.0|working_point=base,1,track_pd_after_confirmation,A1_to_A2,1,1
track,scene=base__seed_101__v_p6d7__snr_p30|seed=101|velocity=6.7|snr=30.0|working_point=base,1,track_pd_after_confirmation,A1_to_A3,1,1
track,scene=base__seed_101__v_p6d7__snr_p30|seed=101|velocity=6.7|snr=30.0|working_point=base,-1,track_pd_after_confirmation,A1_to_A2,1,1
track,scene=base__seed_101__v_p6d7__snr_p30|seed=101|velocity=6.7|snr=30.0|working_point=base,-1,track_pd_after_confirmation,A1_to_A3,1,1
track,scene=base__seed_101__v_p6d7__snr_p30|seed=101|velocity=6.7|snr=30.0|working_point=base,2,track_pd_after_confirmation,A1_to_A2,1,1
track,scene=base__seed_101__v_p6d7__snr_p30|seed=101|velocity=6.7|snr=30.0|working_point=base,2,track_pd_after_confirmation,A1_to_A3,1,1
track,scene=base__seed_101__v_p6d7__snr_p30|seed=101|velocity=6.7|snr=30.0|working_point=base,-2,track_pd_after_confirmation,A1_to_A2,1,1
track,scene=base__seed_101__v_p6d7__snr_p30|seed=101|velocity=6.7|snr=30.0|working_point=base,-2,track_pd_after_confirmation,A1_to_A3,1,1
track,scene=base__seed_101__v_p6d7__snr_p30|seed=101|velocity=6.7|snr=30.0|working_point=base,4,track_pd_after_confirmation,A1_to_A2,1,1
track,scene=base__seed_101__v_p6d7__snr_p30|seed=101|velocity=6.7|snr=30.0|working_point=base,4,track_pd_after_confirmation,A1_to_A3,1,1
track,scene=base__seed_101__v_p6d7__snr_p30|seed=101|velocity=6.7|snr=30.0|working_point=base,-4,track_pd_after_confirmation,A1_to_A2,1,1
track,scene=base__seed_101__v_p6d7__snr_p30|seed=101|velocity=6.7|snr=30.0|working_point=base,-4,track_pd_after_confirmation,A1_to_A3,1,1
track,scene=base__seed_101__v_p6d7__snr_p30|seed=101|velocity=6.7|snr=30.0|working_point=base,8,track_pd_after_confirmation,A1_to_A2,1,1
track,scene=base__seed_101__v_p6d7__snr_p30|seed=101|velocity=6.7|snr=30.0|working_point=base,8,track_pd_after_confirmation,A1_to_A3,1,1
track,scene=base__seed_101__v_p6d7__snr_p30|seed=101|velocity=6.7|snr=30.0|working_point=base,-8,track_pd_after_confirmation,A1_to_A2,1,1
track,scene=base__seed_101__v_p6d7__snr_p30|seed=101|velocity=6.7|snr=30.0|working_point=base,-8,track_pd_after_confirmation,A1_to_A3,1,1
track,scene=base__seed_101__v_p6d7__snr_p35|seed=101|velocity=6.7|snr=35.0|working_point=base,0,track_pd_after_confirmation,A1_to_A2,1,1
track,scene=base__seed_101__v_p6d7__snr_p35|seed=101|velocity=6.7|snr=35.0|working_point=base,0,track_pd_after_confirmation,A1_to_A3,1,1
track,scene=base__seed_101__v_p6d7__snr_p35|seed=101|velocity=6.7|snr=35.0|working_point=base,1,track_pd_after_confirmation,A1_to_A2,1,1
track,scene=base__seed_101__v_p6d7__snr_p35|seed=101|velocity=6.7|snr=35.0|working_point=base,1,track_pd_after_confirmation,A1_to_A3,1,1
track,scene=base__seed_101__v_p6d7__snr_p35|seed=101|velocity=6.7|snr=35.0|working_point=base,-1,track_pd_after_confirmation,A1_to_A2,1,1
track,scene=base__seed_101__v_p6d7__snr_p35|seed=101|velocity=6.7|snr=35.0|working_point=base,-1,track_pd_after_confirmation,A1_to_A3,1,1
track,scene=base__seed_101__v_p6d7__snr_p35|seed=101|velocity=6.7|snr=35.0|working_point=base,2,track_pd_after_confirmation,A1_to_A2,1,1
track,scene=base__seed_101__v_p6d7__snr_p35|seed=101|velocity=6.7|snr=35.0|working_point=base,2,track_pd_after_confirmation,A1_to_A3,1,1
track,scene=base__seed_101__v_p6d7__snr_p35|seed=101|velocity=6.7|snr=35.0|working_point=base,-2,track_pd_after_confirmation,A1_to_A2,1,1
track,scene=base__seed_101__v_p6d7__snr_p35|seed=101|velocity=6.7|snr=35.0|working_point=base,-2,track_pd_after_confirmation,A1_to_A3,1,1
track,scene=base__seed_101__v_p6d7__snr_p35|seed=101|velocity=6.7|snr=35.0|working_point=base,4,track_pd_after_confirmation,A1_to_A2,1,1
track,scene=base__seed_101__v_p6d7__snr_p35|seed=101|velocity=6.7|snr=35.0|working_point=base,4,track_pd_after_confirmation,A1_to_A3,1,1
track,scene=base__seed_101__v_p6d7__snr_p35|seed=101|velocity=6.7|snr=35.0|working_point=base,-4,track_pd_after_confirmation,A1_to_A2,1,1
track,scene=base__seed_101__v_p6d7__snr_p35|seed=101|velocity=6.7|snr=35.0|working_point=base,-4,track_pd_after_confirmation,A1_to_A3,1,1
track,scene=base__seed_101__v_p6d7__snr_p35|seed=101|velocity=6.7|snr=35.0|working_point=base,8,track_pd_after_confirmation,A1_to_A2,1,1
track,scene=base__seed_101__v_p6d7__snr_p35|seed=101|velocity=6.7|snr=35.0|working_point=base,8,track_pd_after_confirmation,A1_to_A3,1,1
track,scene=base__seed_101__v_p6d7__snr_p35|seed=101|velocity=6.7|snr=35.0|working_point=base,-8,track_pd_after_confirmation,A1_to_A2,1,1
track,scene=base__seed_101__v_p6d7__snr_p35|seed=101|velocity=6.7|snr=35.0|working_point=base,-8,track_pd_after_confirmation,A1_to_A3,1,1
track,scene=base__seed_101__v_p12__snr_p30|seed=101|velocity=12.0|snr=30.0|working_point=base,0,track_pd_after_confirmation,A1_to_A2,1,1
track,scene=base__seed_101__v_p12__snr_p30|seed=101|velocity=12.0|snr=30.0|working_point=base,0,track_pd_after_confirmation,A1_to_A3,1,1
track,scene=base__seed_101__v_p12__snr_p30|seed=101|velocity=12.0|snr=30.0|working_point=base,1,track_pd_after_confirmation,A1_to_A2,1,1
track,scene=base__seed_101__v_p12__snr_p30|seed=101|velocity=12.0|snr=30.0|working_point=base,1,track_pd_after_confirmation,A1_to_A3,1,1
track,scene=base__seed_101__v_p12__snr_p30|seed=101|velocity=12.0|snr=30.0|working_point=base,-1,track_pd_after_confirmation,A1_to_A2,1,1
track,scene=base__seed_101__v_p12__snr_p30|seed=101|velocity=12.0|snr=30.0|working_point=base,-1,track_pd_after_confirmation,A1_to_A3,1,1
track,scene=base__seed_101__v_p12__snr_p30|seed=101|velocity=12.0|snr=30.0|working_point=base,2,track_pd_after_confirmation,A1_to_A2,1,1
track,scene=base__seed_101__v_p12__snr_p30|seed=101|velocity=12.0|snr=30.0|working_point=base,2,track_pd_after_confirmation,A1_to_A3,1,1
track,scene=base__seed_101__v_p12__snr_p30|seed=101|velocity=12.0|snr=30.0|working_point=base,-2,track_pd_after_confirmation,A1_to_A2,1,1
track,scene=base__seed_101__v_p12__snr_p30|seed=101|velocity=12.0|snr=30.0|working_point=base,-2,track_pd_after_confirmation,A1_to_A3,1,1
track,scene=base__seed_101__v_p12__snr_p30|seed=101|velocity=12.0|snr=30.0|working_point=base,4,track_pd_after_confirmation,A1_to_A2,1,1
track,scene=base__seed_101__v_p12__snr_p30|seed=101|velocity=12.0|snr=30.0|working_point=base,4,track_pd_after_confirmation,A1_to_A3,1,1
track,scene=base__seed_101__v_p12__snr_p30|seed=101|velocity=12.0|snr=30.0|working_point=base,-4,track_pd_after_confirmation,A1_to_A2,1,1
track,scene=base__seed_101__v_p12__snr_p30|seed=101|velocity=12.0|snr=30.0|working_point=base,-4,track_pd_after_confirmation,A1_to_A3,1,1
track,scene=base__seed_101__v_p12__snr_p30|seed=101|velocity=12.0|snr=30.0|working_point=base,8,track_pd_after_confirmation,A1_to_A2,1,1
track,scene=base__seed_101__v_p12__snr_p30|seed=101|velocity=12.0|snr=30.0|working_point=base,8,track_pd_after_confirmation,A1_to_A3,1,1
track,scene=base__seed_101__v_p12__snr_p30|seed=101|velocity=12.0|snr=30.0|working_point=base,-8,track_pd_after_confirmation,A1_to_A2,1,1
track,scene=base__seed_101__v_p12__snr_p30|seed=101|velocity=12.0|snr=30.0|working_point=base,-8,track_pd_after_confirmation,A1_to_A3,1,1
track,scene=base__seed_101__v_p12__snr_p35|seed=101|velocity=12.0|snr=35.0|working_point=base,0,track_pd_after_confirmation,A1_to_A2,1,1
track,scene=base__seed_101__v_p12__snr_p35|seed=101|velocity=12.0|snr=35.0|working_point=base,0,track_pd_after_confirmation,A1_to_A3,1,1
track,scene=base__seed_101__v_p12__snr_p35|seed=101|velocity=12.0|snr=35.0|working_point=base,1,track_pd_after_confirmation,A1_to_A2,1,1
track,scene=base__seed_101__v_p12__snr_p35|seed=101|velocity=12.0|snr=35.0|working_point=base,1,track_pd_after_confirmation,A1_to_A3,1,1
track,scene=base__seed_101__v_p12__snr_p35|seed=101|velocity=12.0|snr=35.0|working_point=base,-1,track_pd_after_confirmation,A1_to_A2,1,1
track,scene=base__seed_101__v_p12__snr_p35|seed=101|velocity=12.0|snr=35.0|working_point=base,-1,track_pd_after_confirmation,A1_to_A3,1,1
track,scene=base__seed_101__v_p12__snr_p35|seed=101|velocity=12.0|snr=35.0|working_point=base,2,track_pd_after_confirmation,A1_to_A2,1,1
track,scene=base__seed_101__v_p12__snr_p35|seed=101|velocity=12.0|snr=35.0|working_point=base,2,track_pd_after_confirmation,A1_to_A3,1,1
track,scene=base__seed_101__v_p12__snr_p35|seed=101|velocity=12.0|snr=35.0|working_point=base,-2,track_pd_after_confirmation,A1_to_A2,1,1
track,scene=base__seed_101__v_p12__snr_p35|seed=101|velocity=12.0|snr=35.0|working_point=base,-2,track_pd_after_confirmation,A1_to_A3,1,1
track,scene=base__seed_101__v_p12__snr_p35|seed=101|velocity=12.0|snr=35.0|working_point=base,4,track_pd_after_confirmation,A1_to_A2,1,1
track,scene=base__seed_101__v_p12__snr_p35|seed=101|velocity=12.0|snr=35.0|working_point=base,4,track_pd_after_confirmation,A1_to_A3,1,1
track,scene=base__seed_101__v_p12__snr_p35|seed=101|velocity=12.0|snr=35.0|working_point=base,-4,track_pd_after_confirmation,A1_to_A2,1,1
track,scene=base__seed_101__v_p12__snr_p35|seed=101|velocity=12.0|snr=35.0|working_point=base,-4,track_pd_after_confirmation,A1_to_A3,1,1
track,scene=base__seed_101__v_p12__snr_p35|seed=101|velocity=12.0|snr=35.0|working_point=base,8,track_pd_after_confirmation,A1_to_A2,1,1
track,scene=base__seed_101__v_p12__snr_p35|seed=101|velocity=12.0|snr=35.0|working_point=base,8,track_pd_after_confirmation,A1_to_A3,1,1
track,scene=base__seed_101__v_p12__snr_p35|seed=101|velocity=12.0|snr=35.0|working_point=base,-8,track_pd_after_confirmation,A1_to_A2,1,1
track,scene=base__seed_101__v_p12__snr_p35|seed=101|velocity=12.0|snr=35.0|working_point=base,-8,track_pd_after_confirmation,A1_to_A3,1,1
track,scene=base__seed_202__v_p6d7__snr_p30|seed=202|velocity=6.7|snr=30.0|working_point=base,0,track_pd_after_confirmation,A1_to_A2,1,1
track,scene=base__seed_202__v_p6d7__snr_p30|seed=202|velocity=6.7|snr=30.0|working_point=base,0,track_pd_after_confirmation,A1_to_A3,1,1
track,scene=base__seed_202__v_p6d7__snr_p30|seed=202|velocity=6.7|snr=30.0|working_point=base,1,track_pd_after_confirmation,A1_to_A2,1,1
track,scene=base__seed_202__v_p6d7__snr_p30|seed=202|velocity=6.7|snr=30.0|working_point=base,1,track_pd_after_confirmation,A1_to_A3,1,1
track,scene=base__seed_202__v_p6d7__snr_p30|seed=202|velocity=6.7|snr=30.0|working_point=base,-1,track_pd_after_confirmation,A1_to_A2,1,1
track,scene=base__seed_202__v_p6d7__snr_p30|seed=202|velocity=6.7|snr=30.0|working_point=base,-1,track_pd_after_confirmation,A1_to_A3,1,1
track,scene=base__seed_202__v_p6d7__snr_p30|seed=202|velocity=6.7|snr=30.0|working_point=base,2,track_pd_after_confirmation,A1_to_A2,1,1
track,scene=base__seed_202__v_p6d7__snr_p30|seed=202|velocity=6.7|snr=30.0|working_point=base,2,track_pd_after_confirmation,A1_to_A3,1,1
track,scene=base__seed_202__v_p6d7__snr_p30|seed=202|velocity=6.7|snr=30.0|working_point=base,-2,track_pd_after_confirmation,A1_to_A2,1,1
track,scene=base__seed_202__v_p6d7__snr_p30|seed=202|velocity=6.7|snr=30.0|working_point=base,-2,track_pd_after_confirmation,A1_to_A3,1,1
track,scene=base__seed_202__v_p6d7__snr_p30|seed=202|velocity=6.7|snr=30.0|working_point=base,4,track_pd_after_confirmation,A1_to_A2,1,1
track,scene=base__seed_202__v_p6d7__snr_p30|seed=202|velocity=6.7|snr=30.0|working_point=base,4,track_pd_after_confirmation,A1_to_A3,1,1
track,scene=base__seed_202__v_p6d7__snr_p30|seed=202|velocity=6.7|snr=30.0|working_point=base,-4,track_pd_after_confirmation,A1_to_A2,1,1
track,scene=base__seed_202__v_p6d7__snr_p30|seed=202|velocity=6.7|snr=30.0|working_point=base,-4,track_pd_after_confirmation,A1_to_A3,1,1
track,scene=base__seed_202__v_p6d7__snr_p30|seed=202|velocity=6.7|snr=30.0|working_point=base,8,track_pd_after_confirmation,A1_to_A2,1,1
track,scene=base__seed_202__v_p6d7__snr_p30|seed=202|velocity=6.7|snr=30.0|working_point=base,8,track_pd_after_confirmation,A1_to_A3,1,1
track,scene=base__seed_202__v_p6d7__snr_p30|seed=202|velocity=6.7|snr=30.0|working_point=base,-8,track_pd_after_confirmation,A1_to_A2,1,1
track,scene=base__seed_202__v_p6d7__snr_p30|seed=202|velocity=6.7|snr=30.0|working_point=base,-8,track_pd_after_confirmation,A1_to_A3,1,1
track,scene=base__seed_202__v_p6d7__snr_p35|seed=202|velocity=6.7|snr=35.0|working_point=base,0,track_pd_after_confirmation,A1_to_A2,1,1
track,scene=base__seed_202__v_p6d7__snr_p35|seed=202|velocity=6.7|snr=35.0|working_point=base,0,track_pd_after_confirmation,A1_to_A3,1,1
track,scene=base__seed_202__v_p6d7__snr_p35|seed=202|velocity=6.7|snr=35.0|working_point=base,1,track_pd_after_confirmation,A1_to_A2,1,1
track,scene=base__seed_202__v_p6d7__snr_p35|seed=202|velocity=6.7|snr=35.0|working_point=base,1,track_pd_after_confirmation,A1_to_A3,1,1
track,scene=base__seed_202__v_p6d7__snr_p35|seed=202|velocity=6.7|snr=35.0|working_point=base,-1,track_pd_after_confirmation,A1_to_A2,1,1
track,scene=base__seed_202__v_p6d7__snr_p35|seed=202|velocity=6.7|snr=35.0|working_point=base,-1,track_pd_after_confirmation,A1_to_A3,1,1
track,scene=base__seed_202__v_p6d7__snr_p35|seed=202|velocity=6.7|snr=35.0|working_point=base,2,track_pd_after_confirmation,A1_to_A2,1,1
track,scene=base__seed_202__v_p6d7__snr_p35|seed=202|velocity=6.7|snr=35.0|working_point=base,2,track_pd_after_confirmation,A1_to_A3,1,1
track,scene=base__seed_202__v_p6d7__snr_p35|seed=202|velocity=6.7|snr=35.0|working_point=base,-2,track_pd_after_confirmation,A1_to_A2,1,1
track,scene=base__seed_202__v_p6d7__snr_p35|seed=202|velocity=6.7|snr=35.0|working_point=base,-2,track_pd_after_confirmation,A1_to_A3,1,1
track,scene=base__seed_202__v_p6d7__snr_p35|seed=202|velocity=6.7|snr=35.0|working_point=base,4,track_pd_after_confirmation,A1_to_A2,1,1
track,scene=base__seed_202__v_p6d7__snr_p35|seed=202|velocity=6.7|snr=35.0|working_point=base,4,track_pd_after_confirmation,A1_to_A3,1,1
track,scene=base__seed_202__v_p6d7__snr_p35|seed=202|velocity=6.7|snr=35.0|working_point=base,-4,track_pd_after_confirmation,A1_to_A2,1,1
track,scene=base__seed_202__v_p6d7__snr_p35|seed=202|velocity=6.7|snr=35.0|working_point=base,-4,track_pd_after_confirmation,A1_to_A3,1,1
track,scene=base__seed_202__v_p6d7__snr_p35|seed=202|velocity=6.7|snr=35.0|working_point=base,8,track_pd_after_confirmation,A1_to_A2,1,1
track,scene=base__seed_202__v_p6d7__snr_p35|seed=202|velocity=6.7|snr=35.0|working_point=base,8,track_pd_after_confirmation,A1_to_A3,1,1
track,scene=base__seed_202__v_p6d7__snr_p35|seed=202|velocity=6.7|snr=35.0|working_point=base,-8,track_pd_after_confirmation,A1_to_A2,1,1
track,scene=base__seed_202__v_p6d7__snr_p35|seed=202|velocity=6.7|snr=35.0|working_point=base,-8,track_pd_after_confirmation,A1_to_A3,1,1
track,scene=base__seed_202__v_p12__snr_p30|seed=202|velocity=12.0|snr=30.0|working_point=base,0,track_pd_after_confirmation,A1_to_A2,1,1
track,scene=base__seed_202__v_p12__snr_p30|seed=202|velocity=12.0|snr=30.0|working_point=base,0,track_pd_after_confirmation,A1_to_A3,1,1
track,scene=base__seed_202__v_p12__snr_p30|seed=202|velocity=12.0|snr=30.0|working_point=base,1,track_pd_after_confirmation,A1_to_A2,1,1
track,scene=base__seed_202__v_p12__snr_p30|seed=202|velocity=12.0|snr=30.0|working_point=base,1,track_pd_after_confirmation,A1_to_A3,1,1
track,scene=base__seed_202__v_p12__snr_p30|seed=202|velocity=12.0|snr=30.0|working_point=base,-1,track_pd_after_confirmation,A1_to_A2,1,1
track,scene=base__seed_202__v_p12__snr_p30|seed=202|velocity=12.0|snr=30.0|working_point=base,-1,track_pd_after_confirmation,A1_to_A3,1,1
track,scene=base__seed_202__v_p12__snr_p30|seed=202|velocity=12.0|snr=30.0|working_point=base,2,track_pd_after_confirmation,A1_to_A2,1,1
track,scene=base__seed_202__v_p12__snr_p30|seed=202|velocity=12.0|snr=30.0|working_point=base,2,track_pd_after_confirmation,A1_to_A3,1,1
track,scene=base__seed_202__v_p12__snr_p30|seed=202|velocity=12.0|snr=30.0|working_point=base,-2,track_pd_after_confirmation,A1_to_A2,1,1
track,scene=base__seed_202__v_p12__snr_p30|seed=202|velocity=12.0|snr=30.0|working_point=base,-2,track_pd_after_confirmation,A1_to_A3,1,1
track,scene=base__seed_202__v_p12__snr_p30|seed=202|velocity=12.0|snr=30.0|working_point=base,4,track_pd_after_confirmation,A1_to_A2,1,1
track,scene=base__seed_202__v_p12__snr_p30|seed=202|velocity=12.0|snr=30.0|working_point=base,4,track_pd_after_confirmation,A1_to_A3,1,1
track,scene=base__seed_202__v_p12__snr_p30|seed=202|velocity=12.0|snr=30.0|working_point=base,-4,track_pd_after_confirmation,A1_to_A2,1,1
track,scene=base__seed_202__v_p12__snr_p30|seed=202|velocity=12.0|snr=30.0|working_point=base,-4,track_pd_after_confirmation,A1_to_A3,1,1
track,scene=base__seed_202__v_p12__snr_p30|seed=202|velocity=12.0|snr=30.0|working_point=base,8,track_pd_after_confirmation,A1_to_A2,1,1
track,scene=base__seed_202__v_p12__snr_p30|seed=202|velocity=12.0|snr=30.0|working_point=base,8,track_pd_after_confirmation,A1_to_A3,1,1
track,scene=base__seed_202__v_p12__snr_p30|seed=202|velocity=12.0|snr=30.0|working_point=base,-8,track_pd_after_confirmation,A1_to_A2,1,1
track,scene=base__seed_202__v_p12__snr_p30|seed=202|velocity=12.0|snr=30.0|working_point=base,-8,track_pd_after_confirmation,A1_to_A3,1,1
track,scene=base__seed_202__v_p12__snr_p35|seed=202|velocity=12.0|snr=35.0|working_point=base,0,track_pd_after_confirmation,A1_to_A2,1,1
track,scene=base__seed_202__v_p12__snr_p35|seed=202|velocity=12.0|snr=35.0|working_point=base,0,track_pd_after_confirmation,A1_to_A3,1,1
track,scene=base__seed_202__v_p12__snr_p35|seed=202|velocity=12.0|snr=35.0|working_point=base,1,track_pd_after_confirmation,A1_to_A2,1,1
track,scene=base__seed_202__v_p12__snr_p35|seed=202|velocity=12.0|snr=35.0|working_point=base,1,track_pd_after_confirmation,A1_to_A3,1,1
track,scene=base__seed_202__v_p12__snr_p35|seed=202|velocity=12.0|snr=35.0|working_point=base,-1,track_pd_after_confirmation,A1_to_A2,1,1
track,scene=base__seed_202__v_p12__snr_p35|seed=202|velocity=12.0|snr=35.0|working_point=base,-1,track_pd_after_confirmation,A1_to_A3,1,1
track,scene=base__seed_202__v_p12__snr_p35|seed=202|velocity=12.0|snr=35.0|working_point=base,2,track_pd_after_confirmation,A1_to_A2,1,1
track,scene=base__seed_202__v_p12__snr_p35|seed=202|velocity=12.0|snr=35.0|working_point=base,2,track_pd_after_confirmation,A1_to_A3,1,1
track,scene=base__seed_202__v_p12__snr_p35|seed=202|velocity=12.0|snr=35.0|working_point=base,-2,track_pd_after_confirmation,A1_to_A2,1,1
track,scene=base__seed_202__v_p12__snr_p35|seed=202|velocity=12.0|snr=35.0|working_point=base,-2,track_pd_after_confirmation,A1_to_A3,1,1
track,scene=base__seed_202__v_p12__snr_p35|seed=202|velocity=12.0|snr=35.0|working_point=base,4,track_pd_after_confirmation,A1_to_A2,1,1
track,scene=base__seed_202__v_p12__snr_p35|seed=202|velocity=12.0|snr=35.0|working_point=base,4,track_pd_after_confirmation,A1_to_A3,1,1
track,scene=base__seed_202__v_p12__snr_p35|seed=202|velocity=12.0|snr=35.0|working_point=base,-4,track_pd_after_confirmation,A1_to_A2,1,1
track,scene=base__seed_202__v_p12__snr_p35|seed=202|velocity=12.0|snr=35.0|working_point=base,-4,track_pd_after_confirmation,A1_to_A3,1,1
track,scene=base__seed_202__v_p12__snr_p35|seed=202|velocity=12.0|snr=35.0|working_point=base,8,track_pd_after_confirmation,A1_to_A2,1,1
track,scene=base__seed_202__v_p12__snr_p35|seed=202|velocity=12.0|snr=35.0|working_point=base,8,track_pd_after_confirmation,A1_to_A3,1,1
track,scene=base__seed_202__v_p12__snr_p35|seed=202|velocity=12.0|snr=35.0|working_point=base,-8,track_pd_after_confirmation,A1_to_A2,1,1
track,scene=base__seed_202__v_p12__snr_p35|seed=202|velocity=12.0|snr=35.0|working_point=base,-8,track_pd_after_confirmation,A1_to_A3,1,1
track,scene=base__seed_303__v_p6d7__snr_p30|seed=303|velocity=6.7|snr=30.0|working_point=base,0,track_pd_after_confirmation,A1_to_A2,1,1
track,scene=base__seed_303__v_p6d7__snr_p30|seed=303|velocity=6.7|snr=30.0|working_point=base,0,track_pd_after_confirmation,A1_to_A3,1,1
track,scene=base__seed_303__v_p6d7__snr_p30|seed=303|velocity=6.7|snr=30.0|working_point=base,1,track_pd_after_confirmation,A1_to_A2,1,1
track,scene=base__seed_303__v_p6d7__snr_p30|seed=303|velocity=6.7|snr=30.0|working_point=base,1,track_pd_after_confirmation,A1_to_A3,1,1
track,scene=base__seed_303__v_p6d7__snr_p30|seed=303|velocity=6.7|snr=30.0|working_point=base,-1,track_pd_after_confirmation,A1_to_A2,1,1
track,scene=base__seed_303__v_p6d7__snr_p30|seed=303|velocity=6.7|snr=30.0|working_point=base,-1,track_pd_after_confirmation,A1_to_A3,1,1
track,scene=base__seed_303__v_p6d7__snr_p30|seed=303|velocity=6.7|snr=30.0|working_point=base,2,track_pd_after_confirmation,A1_to_A2,1,1
track,scene=base__seed_303__v_p6d7__snr_p30|seed=303|velocity=6.7|snr=30.0|working_point=base,2,track_pd_after_confirmation,A1_to_A3,1,1
track,scene=base__seed_303__v_p6d7__snr_p30|seed=303|velocity=6.7|snr=30.0|working_point=base,-2,track_pd_after_confirmation,A1_to_A2,1,1
track,scene=base__seed_303__v_p6d7__snr_p30|seed=303|velocity=6.7|snr=30.0|working_point=base,-2,track_pd_after_confirmation,A1_to_A3,1,1
track,scene=base__seed_303__v_p6d7__snr_p30|seed=303|velocity=6.7|snr=30.0|working_point=base,4,track_pd_after_confirmation,A1_to_A2,1,1
track,scene=base__seed_303__v_p6d7__snr_p30|seed=303|velocity=6.7|snr=30.0|working_point=base,4,track_pd_after_confirmation,A1_to_A3,1,1
track,scene=base__seed_303__v_p6d7__snr_p30|seed=303|velocity=6.7|snr=30.0|working_point=base,-4,track_pd_after_confirmation,A1_to_A2,1,1
track,scene=base__seed_303__v_p6d7__snr_p30|seed=303|velocity=6.7|snr=30.0|working_point=base,-4,track_pd_after_confirmation,A1_to_A3,1,1
track,scene=base__seed_303__v_p6d7__snr_p30|seed=303|velocity=6.7|snr=30.0|working_point=base,8,track_pd_after_confirmation,A1_to_A2,1,1
track,scene=base__seed_303__v_p6d7__snr_p30|seed=303|velocity=6.7|snr=30.0|working_point=base,8,track_pd_after_confirmation,A1_to_A3,1,1
track,scene=base__seed_303__v_p6d7__snr_p30|seed=303|velocity=6.7|snr=30.0|working_point=base,-8,track_pd_after_confirmation,A1_to_A2,1,1
track,scene=base__seed_303__v_p6d7__snr_p30|seed=303|velocity=6.7|snr=30.0|working_point=base,-8,track_pd_after_confirmation,A1_to_A3,1,1
track,scene=base__seed_303__v_p6d7__snr_p35|seed=303|velocity=6.7|snr=35.0|working_point=base,0,track_pd_after_confirmation,A1_to_A2,1,1
track,scene=base__seed_303__v_p6d7__snr_p35|seed=303|velocity=6.7|snr=35.0|working_point=base,0,track_pd_after_confirmation,A1_to_A3,1,1
track,scene=base__seed_303__v_p6d7__snr_p35|seed=303|velocity=6.7|snr=35.0|working_point=base,1,track_pd_after_confirmation,A1_to_A2,1,1
track,scene=base__seed_303__v_p6d7__snr_p35|seed=303|velocity=6.7|snr=35.0|working_point=base,1,track_pd_after_confirmation,A1_to_A3,1,1
track,scene=base__seed_303__v_p6d7__snr_p35|seed=303|velocity=6.7|snr=35.0|working_point=base,-1,track_pd_after_confirmation,A1_to_A2,1,1
track,scene=base__seed_303__v_p6d7__snr_p35|seed=303|velocity=6.7|snr=35.0|working_point=base,-1,track_pd_after_confirmation,A1_to_A3,1,1
track,scene=base__seed_303__v_p6d7__snr_p35|seed=303|velocity=6.7|snr=35.0|working_point=base,2,track_pd_after_confirmation,A1_to_A2,1,1
track,scene=base__seed_303__v_p6d7__snr_p35|seed=303|velocity=6.7|snr=35.0|working_point=base,2,track_pd_after_confirmation,A1_to_A3,1,1
track,scene=base__seed_303__v_p6d7__snr_p35|seed=303|velocity=6.7|snr=35.0|working_point=base,-2,track_pd_after_confirmation,A1_to_A2,1,1
track,scene=base__seed_303__v_p6d7__snr_p35|seed=303|velocity=6.7|snr=35.0|working_point=base,-2,track_pd_after_confirmation,A1_to_A3,1,1
track,scene=base__seed_303__v_p6d7__snr_p35|seed=303|velocity=6.7|snr=35.0|working_point=base,4,track_pd_after_confirmation,A1_to_A2,1,1
track,scene=base__seed_303__v_p6d7__snr_p35|seed=303|velocity=6.7|snr=35.0|working_point=base,4,track_pd_after_confirmation,A1_to_A3,1,1
track,scene=base__seed_303__v_p6d7__snr_p35|seed=303|velocity=6.7|snr=35.0|working_point=base,-4,track_pd_after_confirmation,A1_to_A2,1,1
track,scene=base__seed_303__v_p6d7__snr_p35|seed=303|velocity=6.7|snr=35.0|working_point=base,-4,track_pd_after_confirmation,A1_to_A3,1,1
track,scene=base__seed_303__v_p6d7__snr_p35|seed=303|velocity=6.7|snr=35.0|working_point=base,8,track_pd_after_confirmation,A1_to_A2,1,1
track,scene=base__seed_303__v_p6d7__snr_p35|seed=303|velocity=6.7|snr=35.0|working_point=base,8,track_pd_after_confirmation,A1_to_A3,1,1
track,scene=base__seed_303__v_p6d7__snr_p35|seed=303|velocity=6.7|snr=35.0|working_point=base,-8,track_pd_after_confirmation,A1_to_A2,1,1
track,scene=base__seed_303__v_p6d7__snr_p35|seed=303|velocity=6.7|snr=35.0|working_point=base,-8,track_pd_after_confirmation,A1_to_A3,1,1
track,scene=base__seed_303__v_p12__snr_p30|seed=303|velocity=12.0|snr=30.0|working_point=base,0,track_pd_after_confirmation,A1_to_A2,1,1
track,scene=base__seed_303__v_p12__snr_p30|seed=303|velocity=12.0|snr=30.0|working_point=base,0,track_pd_after_confirmation,A1_to_A3,1,1
track,scene=base__seed_303__v_p12__snr_p30|seed=303|velocity=12.0|snr=30.0|working_point=base,1,track_pd_after_confirmation,A1_to_A2,1,1
track,scene=base__seed_303__v_p12__snr_p30|seed=303|velocity=12.0|snr=30.0|working_point=base,1,track_pd_after_confirmation,A1_to_A3,1,1
track,scene=base__seed_303__v_p12__snr_p30|seed=303|velocity=12.0|snr=30.0|working_point=base,-1,track_pd_after_confirmation,A1_to_A2,1,1
track,scene=base__seed_303__v_p12__snr_p30|seed=303|velocity=12.0|snr=30.0|working_point=base,-1,track_pd_after_confirmation,A1_to_A3,1,1
track,scene=base__seed_303__v_p12__snr_p30|seed=303|velocity=12.0|snr=30.0|working_point=base,2,track_pd_after_confirmation,A1_to_A2,1,1
track,scene=base__seed_303__v_p12__snr_p30|seed=303|velocity=12.0|snr=30.0|working_point=base,2,track_pd_after_confirmation,A1_to_A3,1,1
track,scene=base__seed_303__v_p12__snr_p30|seed=303|velocity=12.0|snr=30.0|working_point=base,-2,track_pd_after_confirmation,A1_to_A2,1,1
track,scene=base__seed_303__v_p12__snr_p30|seed=303|velocity=12.0|snr=30.0|working_point=base,-2,track_pd_after_confirmation,A1_to_A3,1,1
track,scene=base__seed_303__v_p12__snr_p30|seed=303|velocity=12.0|snr=30.0|working_point=base,4,track_pd_after_confirmation,A1_to_A2,1,1
track,scene=base__seed_303__v_p12__snr_p30|seed=303|velocity=12.0|snr=30.0|working_point=base,4,track_pd_after_confirmation,A1_to_A3,1,1
track,scene=base__seed_303__v_p12__snr_p30|seed=303|velocity=12.0|snr=30.0|working_point=base,-4,track_pd_after_confirmation,A1_to_A2,1,1
track,scene=base__seed_303__v_p12__snr_p30|seed=303|velocity=12.0|snr=30.0|working_point=base,-4,track_pd_after_confirmation,A1_to_A3,1,1
track,scene=base__seed_303__v_p12__snr_p30|seed=303|velocity=12.0|snr=30.0|working_point=base,8,track_pd_after_confirmation,A1_to_A2,1,1
track,scene=base__seed_303__v_p12__snr_p30|seed=303|velocity=12.0|snr=30.0|working_point=base,8,track_pd_after_confirmation,A1_to_A3,1,1
track,scene=base__seed_303__v_p12__snr_p30|seed=303|velocity=12.0|snr=30.0|working_point=base,-8,track_pd_after_confirmation,A1_to_A2,1,1
track,scene=base__seed_303__v_p12__snr_p30|seed=303|velocity=12.0|snr=30.0|working_point=base,-8,track_pd_after_confirmation,A1_to_A3,1,1
track,scene=base__seed_303__v_p12__snr_p35|seed=303|velocity=12.0|snr=35.0|working_point=base,0,track_pd_after_confirmation,A1_to_A2,1,1
track,scene=base__seed_303__v_p12__snr_p35|seed=303|velocity=12.0|snr=35.0|working_point=base,0,track_pd_after_confirmation,A1_to_A3,1,1
track,scene=base__seed_303__v_p12__snr_p35|seed=303|velocity=12.0|snr=35.0|working_point=base,1,track_pd_after_confirmation,A1_to_A2,1,1
track,scene=base__seed_303__v_p12__snr_p35|seed=303|velocity=12.0|snr=35.0|working_point=base,1,track_pd_after_confirmation,A1_to_A3,1,1
track,scene=base__seed_303__v_p12__snr_p35|seed=303|velocity=12.0|snr=35.0|working_point=base,-1,track_pd_after_confirmation,A1_to_A2,1,1
track,scene=base__seed_303__v_p12__snr_p35|seed=303|velocity=12.0|snr=35.0|working_point=base,-1,track_pd_after_confirmation,A1_to_A3,1,1
track,scene=base__seed_303__v_p12__snr_p35|seed=303|velocity=12.0|snr=35.0|working_point=base,2,track_pd_after_confirmation,A1_to_A2,1,1
track,scene=base__seed_303__v_p12__snr_p35|seed=303|velocity=12.0|snr=35.0|working_point=base,2,track_pd_after_confirmation,A1_to_A3,1,1
track,scene=base__seed_303__v_p12__snr_p35|seed=303|velocity=12.0|snr=35.0|working_point=base,-2,track_pd_after_confirmation,A1_to_A2,1,1
track,scene=base__seed_303__v_p12__snr_p35|seed=303|velocity=12.0|snr=35.0|working_point=base,-2,track_pd_after_confirmation,A1_to_A3,1,1
track,scene=base__seed_303__v_p12__snr_p35|seed=303|velocity=12.0|snr=35.0|working_point=base,4,track_pd_after_confirmation,A1_to_A2,1,1
track,scene=base__seed_303__v_p12__snr_p35|seed=303|velocity=12.0|snr=35.0|working_point=base,4,track_pd_after_confirmation,A1_to_A3,1,1
track,scene=base__seed_303__v_p12__snr_p35|seed=303|velocity=12.0|snr=35.0|working_point=base,-4,track_pd_after_confirmation,A1_to_A2,1,1
track,scene=base__seed_303__v_p12__snr_p35|seed=303|velocity=12.0|snr=35.0|working_point=base,-4,track_pd_after_confirmation,A1_to_A3,1,1
track,scene=base__seed_303__v_p12__snr_p35|seed=303|velocity=12.0|snr=35.0|working_point=base,8,track_pd_after_confirmation,A1_to_A2,1,1
track,scene=base__seed_303__v_p12__snr_p35|seed=303|velocity=12.0|snr=35.0|working_point=base,8,track_pd_after_confirmation,A1_to_A3,1,1
track,scene=base__seed_303__v_p12__snr_p35|seed=303|velocity=12.0|snr=35.0|working_point=base,-8,track_pd_after_confirmation,A1_to_A2,1,1
track,scene=base__seed_303__v_p12__snr_p35|seed=303|velocity=12.0|snr=35.0|working_point=base,-8,track_pd_after_confirmation,A1_to_A3,1,1
track,scene=low_snr__seed_101__v_p6d7__snr_p20|seed=101|velocity=6.7|snr=20.0|working_point=low_snr,0,track_pd_after_confirmation,A1_to_A2,1,1
track,scene=low_snr__seed_101__v_p6d7__snr_p20|seed=101|velocity=6.7|snr=20.0|working_point=low_snr,0,track_pd_after_confirmation,A1_to_A3,1,1
track,scene=low_snr__seed_101__v_p6d7__snr_p20|seed=101|velocity=6.7|snr=20.0|working_point=low_snr,1,track_pd_after_confirmation,A1_to_A2,1,1
track,scene=low_snr__seed_101__v_p6d7__snr_p20|seed=101|velocity=6.7|snr=20.0|working_point=low_snr,1,track_pd_after_confirmation,A1_to_A3,1,1
track,scene=low_snr__seed_101__v_p6d7__snr_p20|seed=101|velocity=6.7|snr=20.0|working_point=low_snr,-1,track_pd_after_confirmation,A1_to_A2,1,1
track,scene=low_snr__seed_101__v_p6d7__snr_p20|seed=101|velocity=6.7|snr=20.0|working_point=low_snr,-1,track_pd_after_confirmation,A1_to_A3,1,1
track,scene=low_snr__seed_101__v_p6d7__snr_p20|seed=101|velocity=6.7|snr=20.0|working_point=low_snr,2,track_pd_after_confirmation,A1_to_A2,1,1
track,scene=low_snr__seed_101__v_p6d7__snr_p20|seed=101|velocity=6.7|snr=20.0|working_point=low_snr,2,track_pd_after_confirmation,A1_to_A3,1,1
track,scene=low_snr__seed_101__v_p6d7__snr_p20|seed=101|velocity=6.7|snr=20.0|working_point=low_snr,-2,track_pd_after_confirmation,A1_to_A2,1,1
track,scene=low_snr__seed_101__v_p6d7__snr_p20|seed=101|velocity=6.7|snr=20.0|working_point=low_snr,-2,track_pd_after_confirmation,A1_to_A3,1,1
track,scene=low_snr__seed_101__v_p6d7__snr_p20|seed=101|velocity=6.7|snr=20.0|working_point=low_snr,4,track_pd_after_confirmation,A1_to_A2,1,1
track,scene=low_snr__seed_101__v_p6d7__snr_p20|seed=101|velocity=6.7|snr=20.0|working_point=low_snr,4,track_pd_after_confirmation,A1_to_A3,1,1
track,scene=low_snr__seed_101__v_p6d7__snr_p20|seed=101|velocity=6.7|snr=20.0|working_point=low_snr,-4,track_pd_after_confirmation,A1_to_A2,1,1
track,scene=low_snr__seed_101__v_p6d7__snr_p20|seed=101|velocity=6.7|snr=20.0|working_point=low_snr,-4,track_pd_after_confirmation,A1_to_A3,1,1
track,scene=low_snr__seed_101__v_p6d7__snr_p20|seed=101|velocity=6.7|snr=20.0|working_point=low_snr,8,track_pd_after_confirmation,A1_to_A2,1,1
track,scene=low_snr__seed_101__v_p6d7__snr_p20|seed=101|velocity=6.7|snr=20.0|working_point=low_snr,8,track_pd_after_confirmation,A1_to_A3,1,1
track,scene=low_snr__seed_101__v_p6d7__snr_p20|seed=101|velocity=6.7|snr=20.0|working_point=low_snr,-8,track_pd_after_confirmation,A1_to_A2,1,1
track,scene=low_snr__seed_101__v_p6d7__snr_p20|seed=101|velocity=6.7|snr=20.0|working_point=low_snr,-8,track_pd_after_confirmation,A1_to_A3,1,1
track,scene=high_velocity__seed_101__v_p12__snr_p30|seed=101|velocity=12.0|snr=30.0|working_point=high_velocity,0,track_pd_after_confirmation,A1_to_A2,1,1
track,scene=high_velocity__seed_101__v_p12__snr_p30|seed=101|velocity=12.0|snr=30.0|working_point=high_velocity,0,track_pd_after_confirmation,A1_to_A3,1,1
track,scene=high_velocity__seed_101__v_p12__snr_p30|seed=101|velocity=12.0|snr=30.0|working_point=high_velocity,1,track_pd_after_confirmation,A1_to_A2,1,1
track,scene=high_velocity__seed_101__v_p12__snr_p30|seed=101|velocity=12.0|snr=30.0|working_point=high_velocity,1,track_pd_after_confirmation,A1_to_A3,1,1
track,scene=high_velocity__seed_101__v_p12__snr_p30|seed=101|velocity=12.0|snr=30.0|working_point=high_velocity,-1,track_pd_after_confirmation,A1_to_A2,1,1
track,scene=high_velocity__seed_101__v_p12__snr_p30|seed=101|velocity=12.0|snr=30.0|working_point=high_velocity,-1,track_pd_after_confirmation,A1_to_A3,1,1
track,scene=high_velocity__seed_101__v_p12__snr_p30|seed=101|velocity=12.0|snr=30.0|working_point=high_velocity,2,track_pd_after_confirmation,A1_to_A2,1,1
track,scene=high_velocity__seed_101__v_p12__snr_p30|seed=101|velocity=12.0|snr=30.0|working_point=high_velocity,2,track_pd_after_confirmation,A1_to_A3,1,1
track,scene=high_velocity__seed_101__v_p12__snr_p30|seed=101|velocity=12.0|snr=30.0|working_point=high_velocity,-2,track_pd_after_confirmation,A1_to_A2,1,1
track,scene=high_velocity__seed_101__v_p12__snr_p30|seed=101|velocity=12.0|snr=30.0|working_point=high_velocity,-2,track_pd_after_confirmation,A1_to_A3,1,1
track,scene=high_velocity__seed_101__v_p12__snr_p30|seed=101|velocity=12.0|snr=30.0|working_point=high_velocity,4,track_pd_after_confirmation,A1_to_A2,1,1
track,scene=high_velocity__seed_101__v_p12__snr_p30|seed=101|velocity=12.0|snr=30.0|working_point=high_velocity,4,track_pd_after_confirmation,A1_to_A3,1,1
track,scene=high_velocity__seed_101__v_p12__snr_p30|seed=101|velocity=12.0|snr=30.0|working_point=high_velocity,-4,track_pd_after_confirmation,A1_to_A2,1,1
track,scene=high_velocity__seed_101__v_p12__snr_p30|seed=101|velocity=12.0|snr=30.0|working_point=high_velocity,-4,track_pd_after_confirmation,A1_to_A3,1,1
track,scene=high_velocity__seed_101__v_p12__snr_p30|seed=101|velocity=12.0|snr=30.0|working_point=high_velocity,8,track_pd_after_confirmation,A1_to_A2,1,1
track,scene=high_velocity__seed_101__v_p12__snr_p30|seed=101|velocity=12.0|snr=30.0|working_point=high_velocity,8,track_pd_after_confirmation,A1_to_A3,1,1
track,scene=high_velocity__seed_101__v_p12__snr_p30|seed=101|velocity=12.0|snr=30.0|working_point=high_velocity,-8,track_pd_after_confirmation,A1_to_A2,1,1
track,scene=high_velocity__seed_101__v_p12__snr_p30|seed=101|velocity=12.0|snr=30.0|working_point=high_velocity,-8,track_pd_after_confirmation,A1_to_A3,1,1
track,scene=alternate_texture_geometry__seed_101__v_p6d7__snr_p30|seed=101|velocity=6.7|snr=30.0|working_point=alternate_texture_geometry,0,track_pd_after_confirmation,A1_to_A2,1,1
track,scene=alternate_texture_geometry__seed_101__v_p6d7__snr_p30|seed=101|velocity=6.7|snr=30.0|working_point=alternate_texture_geometry,0,track_pd_after_confirmation,A1_to_A3,1,1
track,scene=alternate_texture_geometry__seed_101__v_p6d7__snr_p30|seed=101|velocity=6.7|snr=30.0|working_point=alternate_texture_geometry,1,track_pd_after_confirmation,A1_to_A2,1,1
track,scene=alternate_texture_geometry__seed_101__v_p6d7__snr_p30|seed=101|velocity=6.7|snr=30.0|working_point=alternate_texture_geometry,1,track_pd_after_confirmation,A1_to_A3,1,1
track,scene=alternate_texture_geometry__seed_101__v_p6d7__snr_p30|seed=101|velocity=6.7|snr=30.0|working_point=alternate_texture_geometry,-1,track_pd_after_confirmation,A1_to_A2,1,1
track,scene=alternate_texture_geometry__seed_101__v_p6d7__snr_p30|seed=101|velocity=6.7|snr=30.0|working_point=alternate_texture_geometry,-1,track_pd_after_confirmation,A1_to_A3,1,1
track,scene=alternate_texture_geometry__seed_101__v_p6d7__snr_p30|seed=101|velocity=6.7|snr=30.0|working_point=alternate_texture_geometry,2,track_pd_after_confirmation,A1_to_A2,1,1
track,scene=alternate_texture_geometry__seed_101__v_p6d7__snr_p30|seed=101|velocity=6.7|snr=30.0|working_point=alternate_texture_geometry,2,track_pd_after_confirmation,A1_to_A3,1,1
track,scene=alternate_texture_geometry__seed_101__v_p6d7__snr_p30|seed=101|velocity=6.7|snr=30.0|working_point=alternate_texture_geometry,-2,track_pd_after_confirmation,A1_to_A2,1,1
track,scene=alternate_texture_geometry__seed_101__v_p6d7__snr_p30|seed=101|velocity=6.7|snr=30.0|working_point=alternate_texture_geometry,-2,track_pd_after_confirmation,A1_to_A3,1,1
track,scene=alternate_texture_geometry__seed_101__v_p6d7__snr_p30|seed=101|velocity=6.7|snr=30.0|working_point=alternate_texture_geometry,4,track_pd_after_confirmation,A1_to_A2,1,1
track,scene=alternate_texture_geometry__seed_101__v_p6d7__snr_p30|seed=101|velocity=6.7|snr=30.0|working_point=alternate_texture_geometry,4,track_pd_after_confirmation,A1_to_A3,1,1
track,scene=alternate_texture_geometry__seed_101__v_p6d7__snr_p30|seed=101|velocity=6.7|snr=30.0|working_point=alternate_texture_geometry,-4,track_pd_after_confirmation,A1_to_A2,1,1
track,scene=alternate_texture_geometry__seed_101__v_p6d7__snr_p30|seed=101|velocity=6.7|snr=30.0|working_point=alternate_texture_geometry,-4,track_pd_after_confirmation,A1_to_A3,1,1
track,scene=alternate_texture_geometry__seed_101__v_p6d7__snr_p30|seed=101|velocity=6.7|snr=30.0|working_point=alternate_texture_geometry,8,track_pd_after_confirmation,A1_to_A2,1,1
track,scene=alternate_texture_geometry__seed_101__v_p6d7__snr_p30|seed=101|velocity=6.7|snr=30.0|working_point=alternate_texture_geometry,8,track_pd_after_confirmation,A1_to_A3,1,1
track,scene=alternate_texture_geometry__seed_101__v_p6d7__snr_p30|seed=101|velocity=6.7|snr=30.0|working_point=alternate_texture_geometry,-8,track_pd_after_confirmation,A1_to_A2,1,1
track,scene=alternate_texture_geometry__seed_101__v_p6d7__snr_p30|seed=101|velocity=6.7|snr=30.0|working_point=alternate_texture_geometry,-8,track_pd_after_confirmation,A1_to_A3,1,1
track,scene=base__seed_101__v_p6d7__snr_p30|seed=101|velocity=6.7|snr=30.0|working_point=base,0,track_pd_all_visible,A1_to_A2,1,1
track,scene=base__seed_101__v_p6d7__snr_p30|seed=101|velocity=6.7|snr=30.0|working_point=base,0,track_pd_all_visible,A1_to_A3,1,1
track,scene=base__seed_101__v_p6d7__snr_p30|seed=101|velocity=6.7|snr=30.0|working_point=base,1,track_pd_all_visible,A1_to_A2,1,1
track,scene=base__seed_101__v_p6d7__snr_p30|seed=101|velocity=6.7|snr=30.0|working_point=base,1,track_pd_all_visible,A1_to_A3,1,1
track,scene=base__seed_101__v_p6d7__snr_p30|seed=101|velocity=6.7|snr=30.0|working_point=base,-1,track_pd_all_visible,A1_to_A2,1,1
track,scene=base__seed_101__v_p6d7__snr_p30|seed=101|velocity=6.7|snr=30.0|working_point=base,-1,track_pd_all_visible,A1_to_A3,1,1
track,scene=base__seed_101__v_p6d7__snr_p30|seed=101|velocity=6.7|snr=30.0|working_point=base,2,track_pd_all_visible,A1_to_A2,1,1
track,scene=base__seed_101__v_p6d7__snr_p30|seed=101|velocity=6.7|snr=30.0|working_point=base,2,track_pd_all_visible,A1_to_A3,1,1
track,scene=base__seed_101__v_p6d7__snr_p30|seed=101|velocity=6.7|snr=30.0|working_point=base,-2,track_pd_all_visible,A1_to_A2,1,1
track,scene=base__seed_101__v_p6d7__snr_p30|seed=101|velocity=6.7|snr=30.0|working_point=base,-2,track_pd_all_visible,A1_to_A3,1,1
track,scene=base__seed_101__v_p6d7__snr_p30|seed=101|velocity=6.7|snr=30.0|working_point=base,4,track_pd_all_visible,A1_to_A2,1,1
track,scene=base__seed_101__v_p6d7__snr_p30|seed=101|velocity=6.7|snr=30.0|working_point=base,4,track_pd_all_visible,A1_to_A3,1,1
track,scene=base__seed_101__v_p6d7__snr_p30|seed=101|velocity=6.7|snr=30.0|working_point=base,-4,track_pd_all_visible,A1_to_A2,1,1
track,scene=base__seed_101__v_p6d7__snr_p30|seed=101|velocity=6.7|snr=30.0|working_point=base,-4,track_pd_all_visible,A1_to_A3,1,1
track,scene=base__seed_101__v_p6d7__snr_p30|seed=101|velocity=6.7|snr=30.0|working_point=base,8,track_pd_all_visible,A1_to_A2,1,1
track,scene=base__seed_101__v_p6d7__snr_p30|seed=101|velocity=6.7|snr=30.0|working_point=base,8,track_pd_all_visible,A1_to_A3,1,1
track,scene=base__seed_101__v_p6d7__snr_p30|seed=101|velocity=6.7|snr=30.0|working_point=base,-8,track_pd_all_visible,A1_to_A2,1,1
track,scene=base__seed_101__v_p6d7__snr_p30|seed=101|velocity=6.7|snr=30.0|working_point=base,-8,track_pd_all_visible,A1_to_A3,1,1
track,scene=base__seed_101__v_p6d7__snr_p35|seed=101|velocity=6.7|snr=35.0|working_point=base,0,track_pd_all_visible,A1_to_A2,1,1
track,scene=base__seed_101__v_p6d7__snr_p35|seed=101|velocity=6.7|snr=35.0|working_point=base,0,track_pd_all_visible,A1_to_A3,1,1
track,scene=base__seed_101__v_p6d7__snr_p35|seed=101|velocity=6.7|snr=35.0|working_point=base,1,track_pd_all_visible,A1_to_A2,1,1
track,scene=base__seed_101__v_p6d7__snr_p35|seed=101|velocity=6.7|snr=35.0|working_point=base,1,track_pd_all_visible,A1_to_A3,1,1
track,scene=base__seed_101__v_p6d7__snr_p35|seed=101|velocity=6.7|snr=35.0|working_point=base,-1,track_pd_all_visible,A1_to_A2,1,1
track,scene=base__seed_101__v_p6d7__snr_p35|seed=101|velocity=6.7|snr=35.0|working_point=base,-1,track_pd_all_visible,A1_to_A3,1,1
track,scene=base__seed_101__v_p6d7__snr_p35|seed=101|velocity=6.7|snr=35.0|working_point=base,2,track_pd_all_visible,A1_to_A2,1,1
track,scene=base__seed_101__v_p6d7__snr_p35|seed=101|velocity=6.7|snr=35.0|working_point=base,2,track_pd_all_visible,A1_to_A3,1,1
track,scene=base__seed_101__v_p6d7__snr_p35|seed=101|velocity=6.7|snr=35.0|working_point=base,-2,track_pd_all_visible,A1_to_A2,1,1
track,scene=base__seed_101__v_p6d7__snr_p35|seed=101|velocity=6.7|snr=35.0|working_point=base,-2,track_pd_all_visible,A1_to_A3,1,1
track,scene=base__seed_101__v_p6d7__snr_p35|seed=101|velocity=6.7|snr=35.0|working_point=base,4,track_pd_all_visible,A1_to_A2,1,1
track,scene=base__seed_101__v_p6d7__snr_p35|seed=101|velocity=6.7|snr=35.0|working_point=base,4,track_pd_all_visible,A1_to_A3,1,1
track,scene=base__seed_101__v_p6d7__snr_p35|seed=101|velocity=6.7|snr=35.0|working_point=base,-4,track_pd_all_visible,A1_to_A2,1,1
track,scene=base__seed_101__v_p6d7__snr_p35|seed=101|velocity=6.7|snr=35.0|working_point=base,-4,track_pd_all_visible,A1_to_A3,1,1
track,scene=base__seed_101__v_p6d7__snr_p35|seed=101|velocity=6.7|snr=35.0|working_point=base,8,track_pd_all_visible,A1_to_A2,1,1
track,scene=base__seed_101__v_p6d7__snr_p35|seed=101|velocity=6.7|snr=35.0|working_point=base,8,track_pd_all_visible,A1_to_A3,1,1
track,scene=base__seed_101__v_p6d7__snr_p35|seed=101|velocity=6.7|snr=35.0|working_point=base,-8,track_pd_all_visible,A1_to_A2,1,1
track,scene=base__seed_101__v_p6d7__snr_p35|seed=101|velocity=6.7|snr=35.0|working_point=base,-8,track_pd_all_visible,A1_to_A3,1,1
track,scene=base__seed_101__v_p12__snr_p30|seed=101|velocity=12.0|snr=30.0|working_point=base,0,track_pd_all_visible,A1_to_A2,1,1
track,scene=base__seed_101__v_p12__snr_p30|seed=101|velocity=12.0|snr=30.0|working_point=base,0,track_pd_all_visible,A1_to_A3,1,1
track,scene=base__seed_101__v_p12__snr_p30|seed=101|velocity=12.0|snr=30.0|working_point=base,1,track_pd_all_visible,A1_to_A2,1,1
track,scene=base__seed_101__v_p12__snr_p30|seed=101|velocity=12.0|snr=30.0|working_point=base,1,track_pd_all_visible,A1_to_A3,1,1
track,scene=base__seed_101__v_p12__snr_p30|seed=101|velocity=12.0|snr=30.0|working_point=base,-1,track_pd_all_visible,A1_to_A2,1,1
track,scene=base__seed_101__v_p12__snr_p30|seed=101|velocity=12.0|snr=30.0|working_point=base,-1,track_pd_all_visible,A1_to_A3,1,1
track,scene=base__seed_101__v_p12__snr_p30|seed=101|velocity=12.0|snr=30.0|working_point=base,2,track_pd_all_visible,A1_to_A2,1,1
track,scene=base__seed_101__v_p12__snr_p30|seed=101|velocity=12.0|snr=30.0|working_point=base,2,track_pd_all_visible,A1_to_A3,1,1
track,scene=base__seed_101__v_p12__snr_p30|seed=101|velocity=12.0|snr=30.0|working_point=base,-2,track_pd_all_visible,A1_to_A2,1,1
track,scene=base__seed_101__v_p12__snr_p30|seed=101|velocity=12.0|snr=30.0|working_point=base,-2,track_pd_all_visible,A1_to_A3,1,1
track,scene=base__seed_101__v_p12__snr_p30|seed=101|velocity=12.0|snr=30.0|working_point=base,4,track_pd_all_visible,A1_to_A2,1,1
track,scene=base__seed_101__v_p12__snr_p30|seed=101|velocity=12.0|snr=30.0|working_point=base,4,track_pd_all_visible,A1_to_A3,1,1
track,scene=base__seed_101__v_p12__snr_p30|seed=101|velocity=12.0|snr=30.0|working_point=base,-4,track_pd_all_visible,A1_to_A2,1,1
track,scene=base__seed_101__v_p12__snr_p30|seed=101|velocity=12.0|snr=30.0|working_point=base,-4,track_pd_all_visible,A1_to_A3,1,1
track,scene=base__seed_101__v_p12__snr_p30|seed=101|velocity=12.0|snr=30.0|working_point=base,8,track_pd_all_visible,A1_to_A2,1,1
track,scene=base__seed_101__v_p12__snr_p30|seed=101|velocity=12.0|snr=30.0|working_point=base,8,track_pd_all_visible,A1_to_A3,1,1
track,scene=base__seed_101__v_p12__snr_p30|seed=101|velocity=12.0|snr=30.0|working_point=base,-8,track_pd_all_visible,A1_to_A2,1,1
track,scene=base__seed_101__v_p12__snr_p30|seed=101|velocity=12.0|snr=30.0|working_point=base,-8,track_pd_all_visible,A1_to_A3,1,1
track,scene=base__seed_101__v_p12__snr_p35|seed=101|velocity=12.0|snr=35.0|working_point=base,0,track_pd_all_visible,A1_to_A2,1,1
track,scene=base__seed_101__v_p12__snr_p35|seed=101|velocity=12.0|snr=35.0|working_point=base,0,track_pd_all_visible,A1_to_A3,1,1
track,scene=base__seed_101__v_p12__snr_p35|seed=101|velocity=12.0|snr=35.0|working_point=base,1,track_pd_all_visible,A1_to_A2,1,1
track,scene=base__seed_101__v_p12__snr_p35|seed=101|velocity=12.0|snr=35.0|working_point=base,1,track_pd_all_visible,A1_to_A3,1,1
track,scene=base__seed_101__v_p12__snr_p35|seed=101|velocity=12.0|snr=35.0|working_point=base,-1,track_pd_all_visible,A1_to_A2,1,1
track,scene=base__seed_101__v_p12__snr_p35|seed=101|velocity=12.0|snr=35.0|working_point=base,-1,track_pd_all_visible,A1_to_A3,1,1
track,scene=base__seed_101__v_p12__snr_p35|seed=101|velocity=12.0|snr=35.0|working_point=base,2,track_pd_all_visible,A1_to_A2,1,1
track,scene=base__seed_101__v_p12__snr_p35|seed=101|velocity=12.0|snr=35.0|working_point=base,2,track_pd_all_visible,A1_to_A3,1,1
track,scene=base__seed_101__v_p12__snr_p35|seed=101|velocity=12.0|snr=35.0|working_point=base,-2,track_pd_all_visible,A1_to_A2,1,1
track,scene=base__seed_101__v_p12__snr_p35|seed=101|velocity=12.0|snr=35.0|working_point=base,-2,track_pd_all_visible,A1_to_A3,1,1
track,scene=base__seed_101__v_p12__snr_p35|seed=101|velocity=12.0|snr=35.0|working_point=base,4,track_pd_all_visible,A1_to_A2,1,1
track,scene=base__seed_101__v_p12__snr_p35|seed=101|velocity=12.0|snr=35.0|working_point=base,4,track_pd_all_visible,A1_to_A3,1,1
track,scene=base__seed_101__v_p12__snr_p35|seed=101|velocity=12.0|snr=35.0|working_point=base,-4,track_pd_all_visible,A1_to_A2,1,1
track,scene=base__seed_101__v_p12__snr_p35|seed=101|velocity=12.0|snr=35.0|working_point=base,-4,track_pd_all_visible,A1_to_A3,1,1
track,scene=base__seed_101__v_p12__snr_p35|seed=101|velocity=12.0|snr=35.0|working_point=base,8,track_pd_all_visible,A1_to_A2,1,1
track,scene=base__seed_101__v_p12__snr_p35|seed=101|velocity=12.0|snr=35.0|working_point=base,8,track_pd_all_visible,A1_to_A3,1,1
track,scene=base__seed_101__v_p12__snr_p35|seed=101|velocity=12.0|snr=35.0|working_point=base,-8,track_pd_all_visible,A1_to_A2,1,1
track,scene=base__seed_101__v_p12__snr_p35|seed=101|velocity=12.0|snr=35.0|working_point=base,-8,track_pd_all_visible,A1_to_A3,1,1
track,scene=base__seed_202__v_p6d7__snr_p30|seed=202|velocity=6.7|snr=30.0|working_point=base,0,track_pd_all_visible,A1_to_A2,1,1
track,scene=base__seed_202__v_p6d7__snr_p30|seed=202|velocity=6.7|snr=30.0|working_point=base,0,track_pd_all_visible,A1_to_A3,1,1
track,scene=base__seed_202__v_p6d7__snr_p30|seed=202|velocity=6.7|snr=30.0|working_point=base,1,track_pd_all_visible,A1_to_A2,1,1
track,scene=base__seed_202__v_p6d7__snr_p30|seed=202|velocity=6.7|snr=30.0|working_point=base,1,track_pd_all_visible,A1_to_A3,1,1
track,scene=base__seed_202__v_p6d7__snr_p30|seed=202|velocity=6.7|snr=30.0|working_point=base,-1,track_pd_all_visible,A1_to_A2,1,1
track,scene=base__seed_202__v_p6d7__snr_p30|seed=202|velocity=6.7|snr=30.0|working_point=base,-1,track_pd_all_visible,A1_to_A3,1,1
track,scene=base__seed_202__v_p6d7__snr_p30|seed=202|velocity=6.7|snr=30.0|working_point=base,2,track_pd_all_visible,A1_to_A2,1,1
track,scene=base__seed_202__v_p6d7__snr_p30|seed=202|velocity=6.7|snr=30.0|working_point=base,2,track_pd_all_visible,A1_to_A3,1,1
track,scene=base__seed_202__v_p6d7__snr_p30|seed=202|velocity=6.7|snr=30.0|working_point=base,-2,track_pd_all_visible,A1_to_A2,1,1
track,scene=base__seed_202__v_p6d7__snr_p30|seed=202|velocity=6.7|snr=30.0|working_point=base,-2,track_pd_all_visible,A1_to_A3,1,1
track,scene=base__seed_202__v_p6d7__snr_p30|seed=202|velocity=6.7|snr=30.0|working_point=base,4,track_pd_all_visible,A1_to_A2,1,1
track,scene=base__seed_202__v_p6d7__snr_p30|seed=202|velocity=6.7|snr=30.0|working_point=base,4,track_pd_all_visible,A1_to_A3,1,1
track,scene=base__seed_202__v_p6d7__snr_p30|seed=202|velocity=6.7|snr=30.0|working_point=base,-4,track_pd_all_visible,A1_to_A2,1,1
track,scene=base__seed_202__v_p6d7__snr_p30|seed=202|velocity=6.7|snr=30.0|working_point=base,-4,track_pd_all_visible,A1_to_A3,1,1
track,scene=base__seed_202__v_p6d7__snr_p30|seed=202|velocity=6.7|snr=30.0|working_point=base,8,track_pd_all_visible,A1_to_A2,1,1
track,scene=base__seed_202__v_p6d7__snr_p30|seed=202|velocity=6.7|snr=30.0|working_point=base,8,track_pd_all_visible,A1_to_A3,1,1
track,scene=base__seed_202__v_p6d7__snr_p30|seed=202|velocity=6.7|snr=30.0|working_point=base,-8,track_pd_all_visible,A1_to_A2,1,1
track,scene=base__seed_202__v_p6d7__snr_p30|seed=202|velocity=6.7|snr=30.0|working_point=base,-8,track_pd_all_visible,A1_to_A3,1,1
track,scene=base__seed_202__v_p6d7__snr_p35|seed=202|velocity=6.7|snr=35.0|working_point=base,0,track_pd_all_visible,A1_to_A2,1,1
track,scene=base__seed_202__v_p6d7__snr_p35|seed=202|velocity=6.7|snr=35.0|working_point=base,0,track_pd_all_visible,A1_to_A3,1,1
track,scene=base__seed_202__v_p6d7__snr_p35|seed=202|velocity=6.7|snr=35.0|working_point=base,1,track_pd_all_visible,A1_to_A2,1,1
track,scene=base__seed_202__v_p6d7__snr_p35|seed=202|velocity=6.7|snr=35.0|working_point=base,1,track_pd_all_visible,A1_to_A3,1,1
track,scene=base__seed_202__v_p6d7__snr_p35|seed=202|velocity=6.7|snr=35.0|working_point=base,-1,track_pd_all_visible,A1_to_A2,1,1
track,scene=base__seed_202__v_p6d7__snr_p35|seed=202|velocity=6.7|snr=35.0|working_point=base,-1,track_pd_all_visible,A1_to_A3,1,1
track,scene=base__seed_202__v_p6d7__snr_p35|seed=202|velocity=6.7|snr=35.0|working_point=base,2,track_pd_all_visible,A1_to_A2,1,1
track,scene=base__seed_202__v_p6d7__snr_p35|seed=202|velocity=6.7|snr=35.0|working_point=base,2,track_pd_all_visible,A1_to_A3,1,1
track,scene=base__seed_202__v_p6d7__snr_p35|seed=202|velocity=6.7|snr=35.0|working_point=base,-2,track_pd_all_visible,A1_to_A2,1,1
track,scene=base__seed_202__v_p6d7__snr_p35|seed=202|velocity=6.7|snr=35.0|working_point=base,-2,track_pd_all_visible,A1_to_A3,1,1
track,scene=base__seed_202__v_p6d7__snr_p35|seed=202|velocity=6.7|snr=35.0|working_point=base,4,track_pd_all_visible,A1_to_A2,1,1
track,scene=base__seed_202__v_p6d7__snr_p35|seed=202|velocity=6.7|snr=35.0|working_point=base,4,track_pd_all_visible,A1_to_A3,1,1
track,scene=base__seed_202__v_p6d7__snr_p35|seed=202|velocity=6.7|snr=35.0|working_point=base,-4,track_pd_all_visible,A1_to_A2,1,1
track,scene=base__seed_202__v_p6d7__snr_p35|seed=202|velocity=6.7|snr=35.0|working_point=base,-4,track_pd_all_visible,A1_to_A3,1,1
track,scene=base__seed_202__v_p6d7__snr_p35|seed=202|velocity=6.7|snr=35.0|working_point=base,8,track_pd_all_visible,A1_to_A2,1,1
track,scene=base__seed_202__v_p6d7__snr_p35|seed=202|velocity=6.7|snr=35.0|working_point=base,8,track_pd_all_visible,A1_to_A3,1,1
track,scene=base__seed_202__v_p6d7__snr_p35|seed=202|velocity=6.7|snr=35.0|working_point=base,-8,track_pd_all_visible,A1_to_A2,1,1
track,scene=base__seed_202__v_p6d7__snr_p35|seed=202|velocity=6.7|snr=35.0|working_point=base,-8,track_pd_all_visible,A1_to_A3,1,1
track,scene=base__seed_202__v_p12__snr_p30|seed=202|velocity=12.0|snr=30.0|working_point=base,0,track_pd_all_visible,A1_to_A2,1,1
track,scene=base__seed_202__v_p12__snr_p30|seed=202|velocity=12.0|snr=30.0|working_point=base,0,track_pd_all_visible,A1_to_A3,1,1
track,scene=base__seed_202__v_p12__snr_p30|seed=202|velocity=12.0|snr=30.0|working_point=base,1,track_pd_all_visible,A1_to_A2,1,1
track,scene=base__seed_202__v_p12__snr_p30|seed=202|velocity=12.0|snr=30.0|working_point=base,1,track_pd_all_visible,A1_to_A3,1,1
track,scene=base__seed_202__v_p12__snr_p30|seed=202|velocity=12.0|snr=30.0|working_point=base,-1,track_pd_all_visible,A1_to_A2,1,1
track,scene=base__seed_202__v_p12__snr_p30|seed=202|velocity=12.0|snr=30.0|working_point=base,-1,track_pd_all_visible,A1_to_A3,1,1
track,scene=base__seed_202__v_p12__snr_p30|seed=202|velocity=12.0|snr=30.0|working_point=base,2,track_pd_all_visible,A1_to_A2,1,1
track,scene=base__seed_202__v_p12__snr_p30|seed=202|velocity=12.0|snr=30.0|working_point=base,2,track_pd_all_visible,A1_to_A3,1,1
track,scene=base__seed_202__v_p12__snr_p30|seed=202|velocity=12.0|snr=30.0|working_point=base,-2,track_pd_all_visible,A1_to_A2,1,1
track,scene=base__seed_202__v_p12__snr_p30|seed=202|velocity=12.0|snr=30.0|working_point=base,-2,track_pd_all_visible,A1_to_A3,1,1
track,scene=base__seed_202__v_p12__snr_p30|seed=202|velocity=12.0|snr=30.0|working_point=base,4,track_pd_all_visible,A1_to_A2,1,1
track,scene=base__seed_202__v_p12__snr_p30|seed=202|velocity=12.0|snr=30.0|working_point=base,4,track_pd_all_visible,A1_to_A3,1,1
track,scene=base__seed_202__v_p12__snr_p30|seed=202|velocity=12.0|snr=30.0|working_point=base,-4,track_pd_all_visible,A1_to_A2,1,1
track,scene=base__seed_202__v_p12__snr_p30|seed=202|velocity=12.0|snr=30.0|working_point=base,-4,track_pd_all_visible,A1_to_A3,1,1
track,scene=base__seed_202__v_p12__snr_p30|seed=202|velocity=12.0|snr=30.0|working_point=base,8,track_pd_all_visible,A1_to_A2,1,1
track,scene=base__seed_202__v_p12__snr_p30|seed=202|velocity=12.0|snr=30.0|working_point=base,8,track_pd_all_visible,A1_to_A3,1,1
track,scene=base__seed_202__v_p12__snr_p30|seed=202|velocity=12.0|snr=30.0|working_point=base,-8,track_pd_all_visible,A1_to_A2,1,1
track,scene=base__seed_202__v_p12__snr_p30|seed=202|velocity=12.0|snr=30.0|working_point=base,-8,track_pd_all_visible,A1_to_A3,1,1
track,scene=base__seed_202__v_p12__snr_p35|seed=202|velocity=12.0|snr=35.0|working_point=base,0,track_pd_all_visible,A1_to_A2,1,1
track,scene=base__seed_202__v_p12__snr_p35|seed=202|velocity=12.0|snr=35.0|working_point=base,0,track_pd_all_visible,A1_to_A3,1,1
track,scene=base__seed_202__v_p12__snr_p35|seed=202|velocity=12.0|snr=35.0|working_point=base,1,track_pd_all_visible,A1_to_A2,1,1
track,scene=base__seed_202__v_p12__snr_p35|seed=202|velocity=12.0|snr=35.0|working_point=base,1,track_pd_all_visible,A1_to_A3,1,1
track,scene=base__seed_202__v_p12__snr_p35|seed=202|velocity=12.0|snr=35.0|working_point=base,-1,track_pd_all_visible,A1_to_A2,1,1
track,scene=base__seed_202__v_p12__snr_p35|seed=202|velocity=12.0|snr=35.0|working_point=base,-1,track_pd_all_visible,A1_to_A3,1,1
track,scene=base__seed_202__v_p12__snr_p35|seed=202|velocity=12.0|snr=35.0|working_point=base,2,track_pd_all_visible,A1_to_A2,1,1
track,scene=base__seed_202__v_p12__snr_p35|seed=202|velocity=12.0|snr=35.0|working_point=base,2,track_pd_all_visible,A1_to_A3,1,1
track,scene=base__seed_202__v_p12__snr_p35|seed=202|velocity=12.0|snr=35.0|working_point=base,-2,track_pd_all_visible,A1_to_A2,1,1
track,scene=base__seed_202__v_p12__snr_p35|seed=202|velocity=12.0|snr=35.0|working_point=base,-2,track_pd_all_visible,A1_to_A3,1,1
track,scene=base__seed_202__v_p12__snr_p35|seed=202|velocity=12.0|snr=35.0|working_point=base,4,track_pd_all_visible,A1_to_A2,1,1
track,scene=base__seed_202__v_p12__snr_p35|seed=202|velocity=12.0|snr=35.0|working_point=base,4,track_pd_all_visible,A1_to_A3,1,1
track,scene=base__seed_202__v_p12__snr_p35|seed=202|velocity=12.0|snr=35.0|working_point=base,-4,track_pd_all_visible,A1_to_A2,1,1
track,scene=base__seed_202__v_p12__snr_p35|seed=202|velocity=12.0|snr=35.0|working_point=base,-4,track_pd_all_visible,A1_to_A3,1,1
track,scene=base__seed_202__v_p12__snr_p35|seed=202|velocity=12.0|snr=35.0|working_point=base,8,track_pd_all_visible,A1_to_A2,1,1
track,scene=base__seed_202__v_p12__snr_p35|seed=202|velocity=12.0|snr=35.0|working_point=base,8,track_pd_all_visible,A1_to_A3,1,1
track,scene=base__seed_202__v_p12__snr_p35|seed=202|velocity=12.0|snr=35.0|working_point=base,-8,track_pd_all_visible,A1_to_A2,1,1
track,scene=base__seed_202__v_p12__snr_p35|seed=202|velocity=12.0|snr=35.0|working_point=base,-8,track_pd_all_visible,A1_to_A3,1,1
track,scene=base__seed_303__v_p6d7__snr_p30|seed=303|velocity=6.7|snr=30.0|working_point=base,0,track_pd_all_visible,A1_to_A2,1,1
track,scene=base__seed_303__v_p6d7__snr_p30|seed=303|velocity=6.7|snr=30.0|working_point=base,0,track_pd_all_visible,A1_to_A3,1,1
track,scene=base__seed_303__v_p6d7__snr_p30|seed=303|velocity=6.7|snr=30.0|working_point=base,1,track_pd_all_visible,A1_to_A2,1,1
track,scene=base__seed_303__v_p6d7__snr_p30|seed=303|velocity=6.7|snr=30.0|working_point=base,1,track_pd_all_visible,A1_to_A3,1,1
track,scene=base__seed_303__v_p6d7__snr_p30|seed=303|velocity=6.7|snr=30.0|working_point=base,-1,track_pd_all_visible,A1_to_A2,1,1
track,scene=base__seed_303__v_p6d7__snr_p30|seed=303|velocity=6.7|snr=30.0|working_point=base,-1,track_pd_all_visible,A1_to_A3,1,1
track,scene=base__seed_303__v_p6d7__snr_p30|seed=303|velocity=6.7|snr=30.0|working_point=base,2,track_pd_all_visible,A1_to_A2,1,1
track,scene=base__seed_303__v_p6d7__snr_p30|seed=303|velocity=6.7|snr=30.0|working_point=base,2,track_pd_all_visible,A1_to_A3,1,1
track,scene=base__seed_303__v_p6d7__snr_p30|seed=303|velocity=6.7|snr=30.0|working_point=base,-2,track_pd_all_visible,A1_to_A2,1,1
track,scene=base__seed_303__v_p6d7__snr_p30|seed=303|velocity=6.7|snr=30.0|working_point=base,-2,track_pd_all_visible,A1_to_A3,1,1
track,scene=base__seed_303__v_p6d7__snr_p30|seed=303|velocity=6.7|snr=30.0|working_point=base,4,track_pd_all_visible,A1_to_A2,1,1
track,scene=base__seed_303__v_p6d7__snr_p30|seed=303|velocity=6.7|snr=30.0|working_point=base,4,track_pd_all_visible,A1_to_A3,1,1
track,scene=base__seed_303__v_p6d7__snr_p30|seed=303|velocity=6.7|snr=30.0|working_point=base,-4,track_pd_all_visible,A1_to_A2,1,1
track,scene=base__seed_303__v_p6d7__snr_p30|seed=303|velocity=6.7|snr=30.0|working_point=base,-4,track_pd_all_visible,A1_to_A3,1,1
track,scene=base__seed_303__v_p6d7__snr_p30|seed=303|velocity=6.7|snr=30.0|working_point=base,8,track_pd_all_visible,A1_to_A2,1,1
track,scene=base__seed_303__v_p6d7__snr_p30|seed=303|velocity=6.7|snr=30.0|working_point=base,8,track_pd_all_visible,A1_to_A3,1,1
track,scene=base__seed_303__v_p6d7__snr_p30|seed=303|velocity=6.7|snr=30.0|working_point=base,-8,track_pd_all_visible,A1_to_A2,1,1
track,scene=base__seed_303__v_p6d7__snr_p30|seed=303|velocity=6.7|snr=30.0|working_point=base,-8,track_pd_all_visible,A1_to_A3,1,1
track,scene=base__seed_303__v_p6d7__snr_p35|seed=303|velocity=6.7|snr=35.0|working_point=base,0,track_pd_all_visible,A1_to_A2,1,1
track,scene=base__seed_303__v_p6d7__snr_p35|seed=303|velocity=6.7|snr=35.0|working_point=base,0,track_pd_all_visible,A1_to_A3,1,1
track,scene=base__seed_303__v_p6d7__snr_p35|seed=303|velocity=6.7|snr=35.0|working_point=base,1,track_pd_all_visible,A1_to_A2,1,1
track,scene=base__seed_303__v_p6d7__snr_p35|seed=303|velocity=6.7|snr=35.0|working_point=base,1,track_pd_all_visible,A1_to_A3,1,1
track,scene=base__seed_303__v_p6d7__snr_p35|seed=303|velocity=6.7|snr=35.0|working_point=base,-1,track_pd_all_visible,A1_to_A2,1,1
track,scene=base__seed_303__v_p6d7__snr_p35|seed=303|velocity=6.7|snr=35.0|working_point=base,-1,track_pd_all_visible,A1_to_A3,1,1
track,scene=base__seed_303__v_p6d7__snr_p35|seed=303|velocity=6.7|snr=35.0|working_point=base,2,track_pd_all_visible,A1_to_A2,1,1
track,scene=base__seed_303__v_p6d7__snr_p35|seed=303|velocity=6.7|snr=35.0|working_point=base,2,track_pd_all_visible,A1_to_A3,1,1
track,scene=base__seed_303__v_p6d7__snr_p35|seed=303|velocity=6.7|snr=35.0|working_point=base,-2,track_pd_all_visible,A1_to_A2,1,1
track,scene=base__seed_303__v_p6d7__snr_p35|seed=303|velocity=6.7|snr=35.0|working_point=base,-2,track_pd_all_visible,A1_to_A3,1,1
track,scene=base__seed_303__v_p6d7__snr_p35|seed=303|velocity=6.7|snr=35.0|working_point=base,4,track_pd_all_visible,A1_to_A2,1,1
track,scene=base__seed_303__v_p6d7__snr_p35|seed=303|velocity=6.7|snr=35.0|working_point=base,4,track_pd_all_visible,A1_to_A3,1,1
track,scene=base__seed_303__v_p6d7__snr_p35|seed=303|velocity=6.7|snr=35.0|working_point=base,-4,track_pd_all_visible,A1_to_A2,1,1
track,scene=base__seed_303__v_p6d7__snr_p35|seed=303|velocity=6.7|snr=35.0|working_point=base,-4,track_pd_all_visible,A1_to_A3,1,1
track,scene=base__seed_303__v_p6d7__snr_p35|seed=303|velocity=6.7|snr=35.0|working_point=base,8,track_pd_all_visible,A1_to_A2,1,1
track,scene=base__seed_303__v_p6d7__snr_p35|seed=303|velocity=6.7|snr=35.0|working_point=base,8,track_pd_all_visible,A1_to_A3,1,1
track,scene=base__seed_303__v_p6d7__snr_p35|seed=303|velocity=6.7|snr=35.0|working_point=base,-8,track_pd_all_visible,A1_to_A2,1,1
track,scene=base__seed_303__v_p6d7__snr_p35|seed=303|velocity=6.7|snr=35.0|working_point=base,-8,track_pd_all_visible,A1_to_A3,1,1
track,scene=base__seed_303__v_p12__snr_p30|seed=303|velocity=12.0|snr=30.0|working_point=base,0,track_pd_all_visible,A1_to_A2,1,1
track,scene=base__seed_303__v_p12__snr_p30|seed=303|velocity=12.0|snr=30.0|working_point=base,0,track_pd_all_visible,A1_to_A3,1,1
track,scene=base__seed_303__v_p12__snr_p30|seed=303|velocity=12.0|snr=30.0|working_point=base,1,track_pd_all_visible,A1_to_A2,1,1
track,scene=base__seed_303__v_p12__snr_p30|seed=303|velocity=12.0|snr=30.0|working_point=base,1,track_pd_all_visible,A1_to_A3,1,1
track,scene=base__seed_303__v_p12__snr_p30|seed=303|velocity=12.0|snr=30.0|working_point=base,-1,track_pd_all_visible,A1_to_A2,1,1
track,scene=base__seed_303__v_p12__snr_p30|seed=303|velocity=12.0|snr=30.0|working_point=base,-1,track_pd_all_visible,A1_to_A3,1,1
track,scene=base__seed_303__v_p12__snr_p30|seed=303|velocity=12.0|snr=30.0|working_point=base,2,track_pd_all_visible,A1_to_A2,1,1
track,scene=base__seed_303__v_p12__snr_p30|seed=303|velocity=12.0|snr=30.0|working_point=base,2,track_pd_all_visible,A1_to_A3,1,1
track,scene=base__seed_303__v_p12__snr_p30|seed=303|velocity=12.0|snr=30.0|working_point=base,-2,track_pd_all_visible,A1_to_A2,1,1
track,scene=base__seed_303__v_p12__snr_p30|seed=303|velocity=12.0|snr=30.0|working_point=base,-2,track_pd_all_visible,A1_to_A3,1,1
track,scene=base__seed_303__v_p12__snr_p30|seed=303|velocity=12.0|snr=30.0|working_point=base,4,track_pd_all_visible,A1_to_A2,1,1
track,scene=base__seed_303__v_p12__snr_p30|seed=303|velocity=12.0|snr=30.0|working_point=base,4,track_pd_all_visible,A1_to_A3,1,1
track,scene=base__seed_303__v_p12__snr_p30|seed=303|velocity=12.0|snr=30.0|working_point=base,-4,track_pd_all_visible,A1_to_A2,1,1
track,scene=base__seed_303__v_p12__snr_p30|seed=303|velocity=12.0|snr=30.0|working_point=base,-4,track_pd_all_visible,A1_to_A3,1,1
track,scene=base__seed_303__v_p12__snr_p30|seed=303|velocity=12.0|snr=30.0|working_point=base,8,track_pd_all_visible,A1_to_A2,1,1
track,scene=base__seed_303__v_p12__snr_p30|seed=303|velocity=12.0|snr=30.0|working_point=base,8,track_pd_all_visible,A1_to_A3,1,1
track,scene=base__seed_303__v_p12__snr_p30|seed=303|velocity=12.0|snr=30.0|working_point=base,-8,track_pd_all_visible,A1_to_A2,1,1
track,scene=base__seed_303__v_p12__snr_p30|seed=303|velocity=12.0|snr=30.0|working_point=base,-8,track_pd_all_visible,A1_to_A3,1,1
track,scene=base__seed_303__v_p12__snr_p35|seed=303|velocity=12.0|snr=35.0|working_point=base,0,track_pd_all_visible,A1_to_A2,1,1
track,scene=base__seed_303__v_p12__snr_p35|seed=303|velocity=12.0|snr=35.0|working_point=base,0,track_pd_all_visible,A1_to_A3,1,1
track,scene=base__seed_303__v_p12__snr_p35|seed=303|velocity=12.0|snr=35.0|working_point=base,1,track_pd_all_visible,A1_to_A2,1,1
track,scene=base__seed_303__v_p12__snr_p35|seed=303|velocity=12.0|snr=35.0|working_point=base,1,track_pd_all_visible,A1_to_A3,1,1
track,scene=base__seed_303__v_p12__snr_p35|seed=303|velocity=12.0|snr=35.0|working_point=base,-1,track_pd_all_visible,A1_to_A2,1,1
track,scene=base__seed_303__v_p12__snr_p35|seed=303|velocity=12.0|snr=35.0|working_point=base,-1,track_pd_all_visible,A1_to_A3,1,1
track,scene=base__seed_303__v_p12__snr_p35|seed=303|velocity=12.0|snr=35.0|working_point=base,2,track_pd_all_visible,A1_to_A2,1,1
track,scene=base__seed_303__v_p12__snr_p35|seed=303|velocity=12.0|snr=35.0|working_point=base,2,track_pd_all_visible,A1_to_A3,1,1
track,scene=base__seed_303__v_p12__snr_p35|seed=303|velocity=12.0|snr=35.0|working_point=base,-2,track_pd_all_visible,A1_to_A2,1,1
track,scene=base__seed_303__v_p12__snr_p35|seed=303|velocity=12.0|snr=35.0|working_point=base,-2,track_pd_all_visible,A1_to_A3,1,1
track,scene=base__seed_303__v_p12__snr_p35|seed=303|velocity=12.0|snr=35.0|working_point=base,4,track_pd_all_visible,A1_to_A2,1,1
track,scene=base__seed_303__v_p12__snr_p35|seed=303|velocity=12.0|snr=35.0|working_point=base,4,track_pd_all_visible,A1_to_A3,1,1
track,scene=base__seed_303__v_p12__snr_p35|seed=303|velocity=12.0|snr=35.0|working_point=base,-4,track_pd_all_visible,A1_to_A2,1,1
track,scene=base__seed_303__v_p12__snr_p35|seed=303|velocity=12.0|snr=35.0|working_point=base,-4,track_pd_all_visible,A1_to_A3,1,1
track,scene=base__seed_303__v_p12__snr_p35|seed=303|velocity=12.0|snr=35.0|working_point=base,8,track_pd_all_visible,A1_to_A2,1,1
track,scene=base__seed_303__v_p12__snr_p35|seed=303|velocity=12.0|snr=35.0|working_point=base,8,track_pd_all_visible,A1_to_A3,1,1
track,scene=base__seed_303__v_p12__snr_p35|seed=303|velocity=12.0|snr=35.0|working_point=base,-8,track_pd_all_visible,A1_to_A2,1,1
track,scene=base__seed_303__v_p12__snr_p35|seed=303|velocity=12.0|snr=35.0|working_point=base,-8,track_pd_all_visible,A1_to_A3,1,1
track,scene=low_snr__seed_101__v_p6d7__snr_p20|seed=101|velocity=6.7|snr=20.0|working_point=low_snr,0,track_pd_all_visible,A1_to_A2,1,1
track,scene=low_snr__seed_101__v_p6d7__snr_p20|seed=101|velocity=6.7|snr=20.0|working_point=low_snr,0,track_pd_all_visible,A1_to_A3,1,1
track,scene=low_snr__seed_101__v_p6d7__snr_p20|seed=101|velocity=6.7|snr=20.0|working_point=low_snr,1,track_pd_all_visible,A1_to_A2,1,1
track,scene=low_snr__seed_101__v_p6d7__snr_p20|seed=101|velocity=6.7|snr=20.0|working_point=low_snr,1,track_pd_all_visible,A1_to_A3,1,1
track,scene=low_snr__seed_101__v_p6d7__snr_p20|seed=101|velocity=6.7|snr=20.0|working_point=low_snr,-1,track_pd_all_visible,A1_to_A2,1,1
track,scene=low_snr__seed_101__v_p6d7__snr_p20|seed=101|velocity=6.7|snr=20.0|working_point=low_snr,-1,track_pd_all_visible,A1_to_A3,1,1
track,scene=low_snr__seed_101__v_p6d7__snr_p20|seed=101|velocity=6.7|snr=20.0|working_point=low_snr,2,track_pd_all_visible,A1_to_A2,1,1
track,scene=low_snr__seed_101__v_p6d7__snr_p20|seed=101|velocity=6.7|snr=20.0|working_point=low_snr,2,track_pd_all_visible,A1_to_A3,1,1
track,scene=low_snr__seed_101__v_p6d7__snr_p20|seed=101|velocity=6.7|snr=20.0|working_point=low_snr,-2,track_pd_all_visible,A1_to_A2,1,1
track,scene=low_snr__seed_101__v_p6d7__snr_p20|seed=101|velocity=6.7|snr=20.0|working_point=low_snr,-2,track_pd_all_visible,A1_to_A3,1,1
track,scene=low_snr__seed_101__v_p6d7__snr_p20|seed=101|velocity=6.7|snr=20.0|working_point=low_snr,4,track_pd_all_visible,A1_to_A2,1,1
track,scene=low_snr__seed_101__v_p6d7__snr_p20|seed=101|velocity=6.7|snr=20.0|working_point=low_snr,4,track_pd_all_visible,A1_to_A3,1,1
track,scene=low_snr__seed_101__v_p6d7__snr_p20|seed=101|velocity=6.7|snr=20.0|working_point=low_snr,-4,track_pd_all_visible,A1_to_A2,1,1
track,scene=low_snr__seed_101__v_p6d7__snr_p20|seed=101|velocity=6.7|snr=20.0|working_point=low_snr,-4,track_pd_all_visible,A1_to_A3,1,1
track,scene=low_snr__seed_101__v_p6d7__snr_p20|seed=101|velocity=6.7|snr=20.0|working_point=low_snr,8,track_pd_all_visible,A1_to_A2,1,1
track,scene=low_snr__seed_101__v_p6d7__snr_p20|seed=101|velocity=6.7|snr=20.0|working_point=low_snr,8,track_pd_all_visible,A1_to_A3,1,1
track,scene=low_snr__seed_101__v_p6d7__snr_p20|seed=101|velocity=6.7|snr=20.0|working_point=low_snr,-8,track_pd_all_visible,A1_to_A2,1,1
track,scene=low_snr__seed_101__v_p6d7__snr_p20|seed=101|velocity=6.7|snr=20.0|working_point=low_snr,-8,track_pd_all_visible,A1_to_A3,1,1
track,scene=high_velocity__seed_101__v_p12__snr_p30|seed=101|velocity=12.0|snr=30.0|working_point=high_velocity,0,track_pd_all_visible,A1_to_A2,1,1
track,scene=high_velocity__seed_101__v_p12__snr_p30|seed=101|velocity=12.0|snr=30.0|working_point=high_velocity,0,track_pd_all_visible,A1_to_A3,1,1
track,scene=high_velocity__seed_101__v_p12__snr_p30|seed=101|velocity=12.0|snr=30.0|working_point=high_velocity,1,track_pd_all_visible,A1_to_A2,1,1
track,scene=high_velocity__seed_101__v_p12__snr_p30|seed=101|velocity=12.0|snr=30.0|working_point=high_velocity,1,track_pd_all_visible,A1_to_A3,1,1
track,scene=high_velocity__seed_101__v_p12__snr_p30|seed=101|velocity=12.0|snr=30.0|working_point=high_velocity,-1,track_pd_all_visible,A1_to_A2,1,1
track,scene=high_velocity__seed_101__v_p12__snr_p30|seed=101|velocity=12.0|snr=30.0|working_point=high_velocity,-1,track_pd_all_visible,A1_to_A3,1,1
track,scene=high_velocity__seed_101__v_p12__snr_p30|seed=101|velocity=12.0|snr=30.0|working_point=high_velocity,2,track_pd_all_visible,A1_to_A2,1,1
track,scene=high_velocity__seed_101__v_p12__snr_p30|seed=101|velocity=12.0|snr=30.0|working_point=high_velocity,2,track_pd_all_visible,A1_to_A3,1,1
track,scene=high_velocity__seed_101__v_p12__snr_p30|seed=101|velocity=12.0|snr=30.0|working_point=high_velocity,-2,track_pd_all_visible,A1_to_A2,1,1
track,scene=high_velocity__seed_101__v_p12__snr_p30|seed=101|velocity=12.0|snr=30.0|working_point=high_velocity,-2,track_pd_all_visible,A1_to_A3,1,1
track,scene=high_velocity__seed_101__v_p12__snr_p30|seed=101|velocity=12.0|snr=30.0|working_point=high_velocity,4,track_pd_all_visible,A1_to_A2,1,1
track,scene=high_velocity__seed_101__v_p12__snr_p30|seed=101|velocity=12.0|snr=30.0|working_point=high_velocity,4,track_pd_all_visible,A1_to_A3,1,1
track,scene=high_velocity__seed_101__v_p12__snr_p30|seed=101|velocity=12.0|snr=30.0|working_point=high_velocity,-4,track_pd_all_visible,A1_to_A2,1,1
track,scene=high_velocity__seed_101__v_p12__snr_p30|seed=101|velocity=12.0|snr=30.0|working_point=high_velocity,-4,track_pd_all_visible,A1_to_A3,1,1
track,scene=high_velocity__seed_101__v_p12__snr_p30|seed=101|velocity=12.0|snr=30.0|working_point=high_velocity,8,track_pd_all_visible,A1_to_A2,1,1
track,scene=high_velocity__seed_101__v_p12__snr_p30|seed=101|velocity=12.0|snr=30.0|working_point=high_velocity,8,track_pd_all_visible,A1_to_A3,1,1
track,scene=high_velocity__seed_101__v_p12__snr_p30|seed=101|velocity=12.0|snr=30.0|working_point=high_velocity,-8,track_pd_all_visible,A1_to_A2,1,1
track,scene=high_velocity__seed_101__v_p12__snr_p30|seed=101|velocity=12.0|snr=30.0|working_point=high_velocity,-8,track_pd_all_visible,A1_to_A3,1,1
track,scene=alternate_texture_geometry__seed_101__v_p6d7__snr_p30|seed=101|velocity=6.7|snr=30.0|working_point=alternate_texture_geometry,0,track_pd_all_visible,A1_to_A2,1,1
track,scene=alternate_texture_geometry__seed_101__v_p6d7__snr_p30|seed=101|velocity=6.7|snr=30.0|working_point=alternate_texture_geometry,0,track_pd_all_visible,A1_to_A3,1,1
track,scene=alternate_texture_geometry__seed_101__v_p6d7__snr_p30|seed=101|velocity=6.7|snr=30.0|working_point=alternate_texture_geometry,1,track_pd_all_visible,A1_to_A2,1,1
track,scene=alternate_texture_geometry__seed_101__v_p6d7__snr_p30|seed=101|velocity=6.7|snr=30.0|working_point=alternate_texture_geometry,1,track_pd_all_visible,A1_to_A3,1,1
track,scene=alternate_texture_geometry__seed_101__v_p6d7__snr_p30|seed=101|velocity=6.7|snr=30.0|working_point=alternate_texture_geometry,-1,track_pd_all_visible,A1_to_A2,1,1
track,scene=alternate_texture_geometry__seed_101__v_p6d7__snr_p30|seed=101|velocity=6.7|snr=30.0|working_point=alternate_texture_geometry,-1,track_pd_all_visible,A1_to_A3,1,1
track,scene=alternate_texture_geometry__seed_101__v_p6d7__snr_p30|seed=101|velocity=6.7|snr=30.0|working_point=alternate_texture_geometry,2,track_pd_all_visible,A1_to_A2,1,1
track,scene=alternate_texture_geometry__seed_101__v_p6d7__snr_p30|seed=101|velocity=6.7|snr=30.0|working_point=alternate_texture_geometry,2,track_pd_all_visible,A1_to_A3,1,1
track,scene=alternate_texture_geometry__seed_101__v_p6d7__snr_p30|seed=101|velocity=6.7|snr=30.0|working_point=alternate_texture_geometry,-2,track_pd_all_visible,A1_to_A2,1,1
track,scene=alternate_texture_geometry__seed_101__v_p6d7__snr_p30|seed=101|velocity=6.7|snr=30.0|working_point=alternate_texture_geometry,-2,track_pd_all_visible,A1_to_A3,1,1
track,scene=alternate_texture_geometry__seed_101__v_p6d7__snr_p30|seed=101|velocity=6.7|snr=30.0|working_point=alternate_texture_geometry,4,track_pd_all_visible,A1_to_A2,1,1
track,scene=alternate_texture_geometry__seed_101__v_p6d7__snr_p30|seed=101|velocity=6.7|snr=30.0|working_point=alternate_texture_geometry,4,track_pd_all_visible,A1_to_A3,1,1
track,scene=alternate_texture_geometry__seed_101__v_p6d7__snr_p30|seed=101|velocity=6.7|snr=30.0|working_point=alternate_texture_geometry,-4,track_pd_all_visible,A1_to_A2,1,1
track,scene=alternate_texture_geometry__seed_101__v_p6d7__snr_p30|seed=101|velocity=6.7|snr=30.0|working_point=alternate_texture_geometry,-4,track_pd_all_visible,A1_to_A3,1,1
track,scene=alternate_texture_geometry__seed_101__v_p6d7__snr_p30|seed=101|velocity=6.7|snr=30.0|working_point=alternate_texture_geometry,8,track_pd_all_visible,A1_to_A2,1,1
track,scene=alternate_texture_geometry__seed_101__v_p6d7__snr_p30|seed=101|velocity=6.7|snr=30.0|working_point=alternate_texture_geometry,8,track_pd_all_visible,A1_to_A3,1,1
track,scene=alternate_texture_geometry__seed_101__v_p6d7__snr_p30|seed=101|velocity=6.7|snr=30.0|working_point=alternate_texture_geometry,-8,track_pd_all_visible,A1_to_A2,1,1
track,scene=alternate_texture_geometry__seed_101__v_p6d7__snr_p30|seed=101|velocity=6.7|snr=30.0|working_point=alternate_texture_geometry,-8,track_pd_all_visible,A1_to_A3,1,1
track,scene=base__seed_101__v_p6d7__snr_p30|seed=101|velocity=6.7|snr=30.0|working_point=base,0,unique_false_track_count,A1_to_A2,1,1
track,scene=base__seed_101__v_p6d7__snr_p30|seed=101|velocity=6.7|snr=30.0|working_point=base,0,unique_false_track_count,A1_to_A3,1,1
track,scene=base__seed_101__v_p6d7__snr_p30|seed=101|velocity=6.7|snr=30.0|working_point=base,1,unique_false_track_count,A1_to_A2,1,1
track,scene=base__seed_101__v_p6d7__snr_p30|seed=101|velocity=6.7|snr=30.0|working_point=base,1,unique_false_track_count,A1_to_A3,1,1
track,scene=base__seed_101__v_p6d7__snr_p30|seed=101|velocity=6.7|snr=30.0|working_point=base,-1,unique_false_track_count,A1_to_A2,1,1
track,scene=base__seed_101__v_p6d7__snr_p30|seed=101|velocity=6.7|snr=30.0|working_point=base,-1,unique_false_track_count,A1_to_A3,1,1
track,scene=base__seed_101__v_p6d7__snr_p30|seed=101|velocity=6.7|snr=30.0|working_point=base,2,unique_false_track_count,A1_to_A2,1,1
track,scene=base__seed_101__v_p6d7__snr_p30|seed=101|velocity=6.7|snr=30.0|working_point=base,2,unique_false_track_count,A1_to_A3,1,1
track,scene=base__seed_101__v_p6d7__snr_p30|seed=101|velocity=6.7|snr=30.0|working_point=base,-2,unique_false_track_count,A1_to_A2,1,1
track,scene=base__seed_101__v_p6d7__snr_p30|seed=101|velocity=6.7|snr=30.0|working_point=base,-2,unique_false_track_count,A1_to_A3,1,1
track,scene=base__seed_101__v_p6d7__snr_p30|seed=101|velocity=6.7|snr=30.0|working_point=base,4,unique_false_track_count,A1_to_A2,1,1
track,scene=base__seed_101__v_p6d7__snr_p30|seed=101|velocity=6.7|snr=30.0|working_point=base,4,unique_false_track_count,A1_to_A3,1,1
track,scene=base__seed_101__v_p6d7__snr_p30|seed=101|velocity=6.7|snr=30.0|working_point=base,-4,unique_false_track_count,A1_to_A2,1,1
track,scene=base__seed_101__v_p6d7__snr_p30|seed=101|velocity=6.7|snr=30.0|working_point=base,-4,unique_false_track_count,A1_to_A3,1,1
track,scene=base__seed_101__v_p6d7__snr_p30|seed=101|velocity=6.7|snr=30.0|working_point=base,8,unique_false_track_count,A1_to_A2,1,1
track,scene=base__seed_101__v_p6d7__snr_p30|seed=101|velocity=6.7|snr=30.0|working_point=base,8,unique_false_track_count,A1_to_A3,1,1
track,scene=base__seed_101__v_p6d7__snr_p30|seed=101|velocity=6.7|snr=30.0|working_point=base,-8,unique_false_track_count,A1_to_A2,1,1
track,scene=base__seed_101__v_p6d7__snr_p30|seed=101|velocity=6.7|snr=30.0|working_point=base,-8,unique_false_track_count,A1_to_A3,1,1
track,scene=base__seed_101__v_p6d7__snr_p35|seed=101|velocity=6.7|snr=35.0|working_point=base,0,unique_false_track_count,A1_to_A2,1,1
track,scene=base__seed_101__v_p6d7__snr_p35|seed=101|velocity=6.7|snr=35.0|working_point=base,0,unique_false_track_count,A1_to_A3,1,1
track,scene=base__seed_101__v_p6d7__snr_p35|seed=101|velocity=6.7|snr=35.0|working_point=base,1,unique_false_track_count,A1_to_A2,1,1
track,scene=base__seed_101__v_p6d7__snr_p35|seed=101|velocity=6.7|snr=35.0|working_point=base,1,unique_false_track_count,A1_to_A3,1,1
track,scene=base__seed_101__v_p6d7__snr_p35|seed=101|velocity=6.7|snr=35.0|working_point=base,-1,unique_false_track_count,A1_to_A2,1,1
track,scene=base__seed_101__v_p6d7__snr_p35|seed=101|velocity=6.7|snr=35.0|working_point=base,-1,unique_false_track_count,A1_to_A3,1,1
track,scene=base__seed_101__v_p6d7__snr_p35|seed=101|velocity=6.7|snr=35.0|working_point=base,2,unique_false_track_count,A1_to_A2,1,1
track,scene=base__seed_101__v_p6d7__snr_p35|seed=101|velocity=6.7|snr=35.0|working_point=base,2,unique_false_track_count,A1_to_A3,1,1
track,scene=base__seed_101__v_p6d7__snr_p35|seed=101|velocity=6.7|snr=35.0|working_point=base,-2,unique_false_track_count,A1_to_A2,1,1
track,scene=base__seed_101__v_p6d7__snr_p35|seed=101|velocity=6.7|snr=35.0|working_point=base,-2,unique_false_track_count,A1_to_A3,1,1
track,scene=base__seed_101__v_p6d7__snr_p35|seed=101|velocity=6.7|snr=35.0|working_point=base,4,unique_false_track_count,A1_to_A2,1,1
track,scene=base__seed_101__v_p6d7__snr_p35|seed=101|velocity=6.7|snr=35.0|working_point=base,4,unique_false_track_count,A1_to_A3,1,1
track,scene=base__seed_101__v_p6d7__snr_p35|seed=101|velocity=6.7|snr=35.0|working_point=base,-4,unique_false_track_count,A1_to_A2,1,1
track,scene=base__seed_101__v_p6d7__snr_p35|seed=101|velocity=6.7|snr=35.0|working_point=base,-4,unique_false_track_count,A1_to_A3,1,1
track,scene=base__seed_101__v_p6d7__snr_p35|seed=101|velocity=6.7|snr=35.0|working_point=base,8,unique_false_track_count,A1_to_A2,1,1
track,scene=base__seed_101__v_p6d7__snr_p35|seed=101|velocity=6.7|snr=35.0|working_point=base,8,unique_false_track_count,A1_to_A3,1,1
track,scene=base__seed_101__v_p6d7__snr_p35|seed=101|velocity=6.7|snr=35.0|working_point=base,-8,unique_false_track_count,A1_to_A2,1,1
track,scene=base__seed_101__v_p6d7__snr_p35|seed=101|velocity=6.7|snr=35.0|working_point=base,-8,unique_false_track_count,A1_to_A3,1,1
track,scene=base__seed_101__v_p12__snr_p30|seed=101|velocity=12.0|snr=30.0|working_point=base,0,unique_false_track_count,A1_to_A2,1,1
track,scene=base__seed_101__v_p12__snr_p30|seed=101|velocity=12.0|snr=30.0|working_point=base,0,unique_false_track_count,A1_to_A3,1,1
track,scene=base__seed_101__v_p12__snr_p30|seed=101|velocity=12.0|snr=30.0|working_point=base,1,unique_false_track_count,A1_to_A2,1,1
track,scene=base__seed_101__v_p12__snr_p30|seed=101|velocity=12.0|snr=30.0|working_point=base,1,unique_false_track_count,A1_to_A3,1,1
track,scene=base__seed_101__v_p12__snr_p30|seed=101|velocity=12.0|snr=30.0|working_point=base,-1,unique_false_track_count,A1_to_A2,1,1
track,scene=base__seed_101__v_p12__snr_p30|seed=101|velocity=12.0|snr=30.0|working_point=base,-1,unique_false_track_count,A1_to_A3,1,1
track,scene=base__seed_101__v_p12__snr_p30|seed=101|velocity=12.0|snr=30.0|working_point=base,2,unique_false_track_count,A1_to_A2,1,1
track,scene=base__seed_101__v_p12__snr_p30|seed=101|velocity=12.0|snr=30.0|working_point=base,2,unique_false_track_count,A1_to_A3,1,1
track,scene=base__seed_101__v_p12__snr_p30|seed=101|velocity=12.0|snr=30.0|working_point=base,-2,unique_false_track_count,A1_to_A2,1,1
track,scene=base__seed_101__v_p12__snr_p30|seed=101|velocity=12.0|snr=30.0|working_point=base,-2,unique_false_track_count,A1_to_A3,1,1
track,scene=base__seed_101__v_p12__snr_p30|seed=101|velocity=12.0|snr=30.0|working_point=base,4,unique_false_track_count,A1_to_A2,1,1
track,scene=base__seed_101__v_p12__snr_p30|seed=101|velocity=12.0|snr=30.0|working_point=base,4,unique_false_track_count,A1_to_A3,1,1
track,scene=base__seed_101__v_p12__snr_p30|seed=101|velocity=12.0|snr=30.0|working_point=base,-4,unique_false_track_count,A1_to_A2,1,1
track,scene=base__seed_101__v_p12__snr_p30|seed=101|velocity=12.0|snr=30.0|working_point=base,-4,unique_false_track_count,A1_to_A3,1,1
track,scene=base__seed_101__v_p12__snr_p30|seed=101|velocity=12.0|snr=30.0|working_point=base,8,unique_false_track_count,A1_to_A2,1,1
track,scene=base__seed_101__v_p12__snr_p30|seed=101|velocity=12.0|snr=30.0|working_point=base,8,unique_false_track_count,A1_to_A3,1,1
track,scene=base__seed_101__v_p12__snr_p30|seed=101|velocity=12.0|snr=30.0|working_point=base,-8,unique_false_track_count,A1_to_A2,1,1
track,scene=base__seed_101__v_p12__snr_p30|seed=101|velocity=12.0|snr=30.0|working_point=base,-8,unique_false_track_count,A1_to_A3,1,1
track,scene=base__seed_101__v_p12__snr_p35|seed=101|velocity=12.0|snr=35.0|working_point=base,0,unique_false_track_count,A1_to_A2,1,1
track,scene=base__seed_101__v_p12__snr_p35|seed=101|velocity=12.0|snr=35.0|working_point=base,0,unique_false_track_count,A1_to_A3,1,1
track,scene=base__seed_101__v_p12__snr_p35|seed=101|velocity=12.0|snr=35.0|working_point=base,1,unique_false_track_count,A1_to_A2,1,1
track,scene=base__seed_101__v_p12__snr_p35|seed=101|velocity=12.0|snr=35.0|working_point=base,1,unique_false_track_count,A1_to_A3,1,1
track,scene=base__seed_101__v_p12__snr_p35|seed=101|velocity=12.0|snr=35.0|working_point=base,-1,unique_false_track_count,A1_to_A2,1,1
track,scene=base__seed_101__v_p12__snr_p35|seed=101|velocity=12.0|snr=35.0|working_point=base,-1,unique_false_track_count,A1_to_A3,1,1
track,scene=base__seed_101__v_p12__snr_p35|seed=101|velocity=12.0|snr=35.0|working_point=base,2,unique_false_track_count,A1_to_A2,1,1
track,scene=base__seed_101__v_p12__snr_p35|seed=101|velocity=12.0|snr=35.0|working_point=base,2,unique_false_track_count,A1_to_A3,1,1
track,scene=base__seed_101__v_p12__snr_p35|seed=101|velocity=12.0|snr=35.0|working_point=base,-2,unique_false_track_count,A1_to_A2,1,1
track,scene=base__seed_101__v_p12__snr_p35|seed=101|velocity=12.0|snr=35.0|working_point=base,-2,unique_false_track_count,A1_to_A3,1,1
track,scene=base__seed_101__v_p12__snr_p35|seed=101|velocity=12.0|snr=35.0|working_point=base,4,unique_false_track_count,A1_to_A2,1,1
track,scene=base__seed_101__v_p12__snr_p35|seed=101|velocity=12.0|snr=35.0|working_point=base,4,unique_false_track_count,A1_to_A3,1,1
track,scene=base__seed_101__v_p12__snr_p35|seed=101|velocity=12.0|snr=35.0|working_point=base,-4,unique_false_track_count,A1_to_A2,1,1
track,scene=base__seed_101__v_p12__snr_p35|seed=101|velocity=12.0|snr=35.0|working_point=base,-4,unique_false_track_count,A1_to_A3,1,1
track,scene=base__seed_101__v_p12__snr_p35|seed=101|velocity=12.0|snr=35.0|working_point=base,8,unique_false_track_count,A1_to_A2,1,1
track,scene=base__seed_101__v_p12__snr_p35|seed=101|velocity=12.0|snr=35.0|working_point=base,8,unique_false_track_count,A1_to_A3,1,1
track,scene=base__seed_101__v_p12__snr_p35|seed=101|velocity=12.0|snr=35.0|working_point=base,-8,unique_false_track_count,A1_to_A2,1,1
track,scene=base__seed_101__v_p12__snr_p35|seed=101|velocity=12.0|snr=35.0|working_point=base,-8,unique_false_track_count,A1_to_A3,1,1
track,scene=base__seed_202__v_p6d7__snr_p30|seed=202|velocity=6.7|snr=30.0|working_point=base,0,unique_false_track_count,A1_to_A2,1,1
track,scene=base__seed_202__v_p6d7__snr_p30|seed=202|velocity=6.7|snr=30.0|working_point=base,0,unique_false_track_count,A1_to_A3,1,1
track,scene=base__seed_202__v_p6d7__snr_p30|seed=202|velocity=6.7|snr=30.0|working_point=base,1,unique_false_track_count,A1_to_A2,1,1
track,scene=base__seed_202__v_p6d7__snr_p30|seed=202|velocity=6.7|snr=30.0|working_point=base,1,unique_false_track_count,A1_to_A3,1,1
track,scene=base__seed_202__v_p6d7__snr_p30|seed=202|velocity=6.7|snr=30.0|working_point=base,-1,unique_false_track_count,A1_to_A2,1,1
track,scene=base__seed_202__v_p6d7__snr_p30|seed=202|velocity=6.7|snr=30.0|working_point=base,-1,unique_false_track_count,A1_to_A3,1,1
track,scene=base__seed_202__v_p6d7__snr_p30|seed=202|velocity=6.7|snr=30.0|working_point=base,2,unique_false_track_count,A1_to_A2,1,1
track,scene=base__seed_202__v_p6d7__snr_p30|seed=202|velocity=6.7|snr=30.0|working_point=base,2,unique_false_track_count,A1_to_A3,1,1
track,scene=base__seed_202__v_p6d7__snr_p30|seed=202|velocity=6.7|snr=30.0|working_point=base,-2,unique_false_track_count,A1_to_A2,1,1
track,scene=base__seed_202__v_p6d7__snr_p30|seed=202|velocity=6.7|snr=30.0|working_point=base,-2,unique_false_track_count,A1_to_A3,1,1
track,scene=base__seed_202__v_p6d7__snr_p30|seed=202|velocity=6.7|snr=30.0|working_point=base,4,unique_false_track_count,A1_to_A2,1,1
track,scene=base__seed_202__v_p6d7__snr_p30|seed=202|velocity=6.7|snr=30.0|working_point=base,4,unique_false_track_count,A1_to_A3,1,1
track,scene=base__seed_202__v_p6d7__snr_p30|seed=202|velocity=6.7|snr=30.0|working_point=base,-4,unique_false_track_count,A1_to_A2,1,1
track,scene=base__seed_202__v_p6d7__snr_p30|seed=202|velocity=6.7|snr=30.0|working_point=base,-4,unique_false_track_count,A1_to_A3,1,1
track,scene=base__seed_202__v_p6d7__snr_p30|seed=202|velocity=6.7|snr=30.0|working_point=base,8,unique_false_track_count,A1_to_A2,1,1
track,scene=base__seed_202__v_p6d7__snr_p30|seed=202|velocity=6.7|snr=30.0|working_point=base,8,unique_false_track_count,A1_to_A3,1,1
track,scene=base__seed_202__v_p6d7__snr_p30|seed=202|velocity=6.7|snr=30.0|working_point=base,-8,unique_false_track_count,A1_to_A2,1,1
track,scene=base__seed_202__v_p6d7__snr_p30|seed=202|velocity=6.7|snr=30.0|working_point=base,-8,unique_false_track_count,A1_to_A3,1,1
track,scene=base__seed_202__v_p6d7__snr_p35|seed=202|velocity=6.7|snr=35.0|working_point=base,0,unique_false_track_count,A1_to_A2,1,1
track,scene=base__seed_202__v_p6d7__snr_p35|seed=202|velocity=6.7|snr=35.0|working_point=base,0,unique_false_track_count,A1_to_A3,1,1
track,scene=base__seed_202__v_p6d7__snr_p35|seed=202|velocity=6.7|snr=35.0|working_point=base,1,unique_false_track_count,A1_to_A2,1,1
track,scene=base__seed_202__v_p6d7__snr_p35|seed=202|velocity=6.7|snr=35.0|working_point=base,1,unique_false_track_count,A1_to_A3,1,1
track,scene=base__seed_202__v_p6d7__snr_p35|seed=202|velocity=6.7|snr=35.0|working_point=base,-1,unique_false_track_count,A1_to_A2,1,1
track,scene=base__seed_202__v_p6d7__snr_p35|seed=202|velocity=6.7|snr=35.0|working_point=base,-1,unique_false_track_count,A1_to_A3,1,1
track,scene=base__seed_202__v_p6d7__snr_p35|seed=202|velocity=6.7|snr=35.0|working_point=base,2,unique_false_track_count,A1_to_A2,1,1
track,scene=base__seed_202__v_p6d7__snr_p35|seed=202|velocity=6.7|snr=35.0|working_point=base,2,unique_false_track_count,A1_to_A3,1,1
track,scene=base__seed_202__v_p6d7__snr_p35|seed=202|velocity=6.7|snr=35.0|working_point=base,-2,unique_false_track_count,A1_to_A2,1,1
track,scene=base__seed_202__v_p6d7__snr_p35|seed=202|velocity=6.7|snr=35.0|working_point=base,-2,unique_false_track_count,A1_to_A3,1,1
track,scene=base__seed_202__v_p6d7__snr_p35|seed=202|velocity=6.7|snr=35.0|working_point=base,4,unique_false_track_count,A1_to_A2,1,1
track,scene=base__seed_202__v_p6d7__snr_p35|seed=202|velocity=6.7|snr=35.0|working_point=base,4,unique_false_track_count,A1_to_A3,1,1
track,scene=base__seed_202__v_p6d7__snr_p35|seed=202|velocity=6.7|snr=35.0|working_point=base,-4,unique_false_track_count,A1_to_A2,1,1
track,scene=base__seed_202__v_p6d7__snr_p35|seed=202|velocity=6.7|snr=35.0|working_point=base,-4,unique_false_track_count,A1_to_A3,1,1
track,scene=base__seed_202__v_p6d7__snr_p35|seed=202|velocity=6.7|snr=35.0|working_point=base,8,unique_false_track_count,A1_to_A2,1,1
track,scene=base__seed_202__v_p6d7__snr_p35|seed=202|velocity=6.7|snr=35.0|working_point=base,8,unique_false_track_count,A1_to_A3,1,1
track,scene=base__seed_202__v_p6d7__snr_p35|seed=202|velocity=6.7|snr=35.0|working_point=base,-8,unique_false_track_count,A1_to_A2,1,1
track,scene=base__seed_202__v_p6d7__snr_p35|seed=202|velocity=6.7|snr=35.0|working_point=base,-8,unique_false_track_count,A1_to_A3,1,1
track,scene=base__seed_202__v_p12__snr_p30|seed=202|velocity=12.0|snr=30.0|working_point=base,0,unique_false_track_count,A1_to_A2,1,1
track,scene=base__seed_202__v_p12__snr_p30|seed=202|velocity=12.0|snr=30.0|working_point=base,0,unique_false_track_count,A1_to_A3,1,1
track,scene=base__seed_202__v_p12__snr_p30|seed=202|velocity=12.0|snr=30.0|working_point=base,1,unique_false_track_count,A1_to_A2,1,1
track,scene=base__seed_202__v_p12__snr_p30|seed=202|velocity=12.0|snr=30.0|working_point=base,1,unique_false_track_count,A1_to_A3,1,1
track,scene=base__seed_202__v_p12__snr_p30|seed=202|velocity=12.0|snr=30.0|working_point=base,-1,unique_false_track_count,A1_to_A2,1,1
track,scene=base__seed_202__v_p12__snr_p30|seed=202|velocity=12.0|snr=30.0|working_point=base,-1,unique_false_track_count,A1_to_A3,1,1
track,scene=base__seed_202__v_p12__snr_p30|seed=202|velocity=12.0|snr=30.0|working_point=base,2,unique_false_track_count,A1_to_A2,1,1
track,scene=base__seed_202__v_p12__snr_p30|seed=202|velocity=12.0|snr=30.0|working_point=base,2,unique_false_track_count,A1_to_A3,1,1
track,scene=base__seed_202__v_p12__snr_p30|seed=202|velocity=12.0|snr=30.0|working_point=base,-2,unique_false_track_count,A1_to_A2,1,1
track,scene=base__seed_202__v_p12__snr_p30|seed=202|velocity=12.0|snr=30.0|working_point=base,-2,unique_false_track_count,A1_to_A3,1,1
track,scene=base__seed_202__v_p12__snr_p30|seed=202|velocity=12.0|snr=30.0|working_point=base,4,unique_false_track_count,A1_to_A2,1,1
track,scene=base__seed_202__v_p12__snr_p30|seed=202|velocity=12.0|snr=30.0|working_point=base,4,unique_false_track_count,A1_to_A3,1,1
track,scene=base__seed_202__v_p12__snr_p30|seed=202|velocity=12.0|snr=30.0|working_point=base,-4,unique_false_track_count,A1_to_A2,1,1
track,scene=base__seed_202__v_p12__snr_p30|seed=202|velocity=12.0|snr=30.0|working_point=base,-4,unique_false_track_count,A1_to_A3,1,1
track,scene=base__seed_202__v_p12__snr_p30|seed=202|velocity=12.0|snr=30.0|working_point=base,8,unique_false_track_count,A1_to_A2,1,1
track,scene=base__seed_202__v_p12__snr_p30|seed=202|velocity=12.0|snr=30.0|working_point=base,8,unique_false_track_count,A1_to_A3,1,1
track,scene=base__seed_202__v_p12__snr_p30|seed=202|velocity=12.0|snr=30.0|working_point=base,-8,unique_false_track_count,A1_to_A2,1,1
track,scene=base__seed_202__v_p12__snr_p30|seed=202|velocity=12.0|snr=30.0|working_point=base,-8,unique_false_track_count,A1_to_A3,1,1
track,scene=base__seed_202__v_p12__snr_p35|seed=202|velocity=12.0|snr=35.0|working_point=base,0,unique_false_track_count,A1_to_A2,1,1
track,scene=base__seed_202__v_p12__snr_p35|seed=202|velocity=12.0|snr=35.0|working_point=base,0,unique_false_track_count,A1_to_A3,1,1
track,scene=base__seed_202__v_p12__snr_p35|seed=202|velocity=12.0|snr=35.0|working_point=base,1,unique_false_track_count,A1_to_A2,1,1
track,scene=base__seed_202__v_p12__snr_p35|seed=202|velocity=12.0|snr=35.0|working_point=base,1,unique_false_track_count,A1_to_A3,1,1
track,scene=base__seed_202__v_p12__snr_p35|seed=202|velocity=12.0|snr=35.0|working_point=base,-1,unique_false_track_count,A1_to_A2,1,1
track,scene=base__seed_202__v_p12__snr_p35|seed=202|velocity=12.0|snr=35.0|working_point=base,-1,unique_false_track_count,A1_to_A3,1,1
track,scene=base__seed_202__v_p12__snr_p35|seed=202|velocity=12.0|snr=35.0|working_point=base,2,unique_false_track_count,A1_to_A2,1,1
track,scene=base__seed_202__v_p12__snr_p35|seed=202|velocity=12.0|snr=35.0|working_point=base,2,unique_false_track_count,A1_to_A3,1,1
track,scene=base__seed_202__v_p12__snr_p35|seed=202|velocity=12.0|snr=35.0|working_point=base,-2,unique_false_track_count,A1_to_A2,1,1
track,scene=base__seed_202__v_p12__snr_p35|seed=202|velocity=12.0|snr=35.0|working_point=base,-2,unique_false_track_count,A1_to_A3,1,1
track,scene=base__seed_202__v_p12__snr_p35|seed=202|velocity=12.0|snr=35.0|working_point=base,4,unique_false_track_count,A1_to_A2,1,1
track,scene=base__seed_202__v_p12__snr_p35|seed=202|velocity=12.0|snr=35.0|working_point=base,4,unique_false_track_count,A1_to_A3,1,1
track,scene=base__seed_202__v_p12__snr_p35|seed=202|velocity=12.0|snr=35.0|working_point=base,-4,unique_false_track_count,A1_to_A2,1,1
track,scene=base__seed_202__v_p12__snr_p35|seed=202|velocity=12.0|snr=35.0|working_point=base,-4,unique_false_track_count,A1_to_A3,1,1
track,scene=base__seed_202__v_p12__snr_p35|seed=202|velocity=12.0|snr=35.0|working_point=base,8,unique_false_track_count,A1_to_A2,1,1
track,scene=base__seed_202__v_p12__snr_p35|seed=202|velocity=12.0|snr=35.0|working_point=base,8,unique_false_track_count,A1_to_A3,1,1
track,scene=base__seed_202__v_p12__snr_p35|seed=202|velocity=12.0|snr=35.0|working_point=base,-8,unique_false_track_count,A1_to_A2,1,1
track,scene=base__seed_202__v_p12__snr_p35|seed=202|velocity=12.0|snr=35.0|working_point=base,-8,unique_false_track_count,A1_to_A3,1,1
track,scene=base__seed_303__v_p6d7__snr_p30|seed=303|velocity=6.7|snr=30.0|working_point=base,0,unique_false_track_count,A1_to_A2,1,1
track,scene=base__seed_303__v_p6d7__snr_p30|seed=303|velocity=6.7|snr=30.0|working_point=base,0,unique_false_track_count,A1_to_A3,1,1
track,scene=base__seed_303__v_p6d7__snr_p30|seed=303|velocity=6.7|snr=30.0|working_point=base,1,unique_false_track_count,A1_to_A2,1,1
track,scene=base__seed_303__v_p6d7__snr_p30|seed=303|velocity=6.7|snr=30.0|working_point=base,1,unique_false_track_count,A1_to_A3,1,1
track,scene=base__seed_303__v_p6d7__snr_p30|seed=303|velocity=6.7|snr=30.0|working_point=base,-1,unique_false_track_count,A1_to_A2,1,1
track,scene=base__seed_303__v_p6d7__snr_p30|seed=303|velocity=6.7|snr=30.0|working_point=base,-1,unique_false_track_count,A1_to_A3,1,1
track,scene=base__seed_303__v_p6d7__snr_p30|seed=303|velocity=6.7|snr=30.0|working_point=base,2,unique_false_track_count,A1_to_A2,1,1
track,scene=base__seed_303__v_p6d7__snr_p30|seed=303|velocity=6.7|snr=30.0|working_point=base,2,unique_false_track_count,A1_to_A3,1,1
track,scene=base__seed_303__v_p6d7__snr_p30|seed=303|velocity=6.7|snr=30.0|working_point=base,-2,unique_false_track_count,A1_to_A2,1,1
track,scene=base__seed_303__v_p6d7__snr_p30|seed=303|velocity=6.7|snr=30.0|working_point=base,-2,unique_false_track_count,A1_to_A3,1,1
track,scene=base__seed_303__v_p6d7__snr_p30|seed=303|velocity=6.7|snr=30.0|working_point=base,4,unique_false_track_count,A1_to_A2,1,1
track,scene=base__seed_303__v_p6d7__snr_p30|seed=303|velocity=6.7|snr=30.0|working_point=base,4,unique_false_track_count,A1_to_A3,1,1
track,scene=base__seed_303__v_p6d7__snr_p30|seed=303|velocity=6.7|snr=30.0|working_point=base,-4,unique_false_track_count,A1_to_A2,1,1
track,scene=base__seed_303__v_p6d7__snr_p30|seed=303|velocity=6.7|snr=30.0|working_point=base,-4,unique_false_track_count,A1_to_A3,1,1
track,scene=base__seed_303__v_p6d7__snr_p30|seed=303|velocity=6.7|snr=30.0|working_point=base,8,unique_false_track_count,A1_to_A2,1,1
track,scene=base__seed_303__v_p6d7__snr_p30|seed=303|velocity=6.7|snr=30.0|working_point=base,8,unique_false_track_count,A1_to_A3,1,1
track,scene=base__seed_303__v_p6d7__snr_p30|seed=303|velocity=6.7|snr=30.0|working_point=base,-8,unique_false_track_count,A1_to_A2,1,1
track,scene=base__seed_303__v_p6d7__snr_p30|seed=303|velocity=6.7|snr=30.0|working_point=base,-8,unique_false_track_count,A1_to_A3,1,1
track,scene=base__seed_303__v_p6d7__snr_p35|seed=303|velocity=6.7|snr=35.0|working_point=base,0,unique_false_track_count,A1_to_A2,1,1
track,scene=base__seed_303__v_p6d7__snr_p35|seed=303|velocity=6.7|snr=35.0|working_point=base,0,unique_false_track_count,A1_to_A3,1,1
track,scene=base__seed_303__v_p6d7__snr_p35|seed=303|velocity=6.7|snr=35.0|working_point=base,1,unique_false_track_count,A1_to_A2,1,1
track,scene=base__seed_303__v_p6d7__snr_p35|seed=303|velocity=6.7|snr=35.0|working_point=base,1,unique_false_track_count,A1_to_A3,1,1
track,scene=base__seed_303__v_p6d7__snr_p35|seed=303|velocity=6.7|snr=35.0|working_point=base,-1,unique_false_track_count,A1_to_A2,1,1
track,scene=base__seed_303__v_p6d7__snr_p35|seed=303|velocity=6.7|snr=35.0|working_point=base,-1,unique_false_track_count,A1_to_A3,1,1
track,scene=base__seed_303__v_p6d7__snr_p35|seed=303|velocity=6.7|snr=35.0|working_point=base,2,unique_false_track_count,A1_to_A2,1,1
track,scene=base__seed_303__v_p6d7__snr_p35|seed=303|velocity=6.7|snr=35.0|working_point=base,2,unique_false_track_count,A1_to_A3,1,1
track,scene=base__seed_303__v_p6d7__snr_p35|seed=303|velocity=6.7|snr=35.0|working_point=base,-2,unique_false_track_count,A1_to_A2,1,1
track,scene=base__seed_303__v_p6d7__snr_p35|seed=303|velocity=6.7|snr=35.0|working_point=base,-2,unique_false_track_count,A1_to_A3,1,1
track,scene=base__seed_303__v_p6d7__snr_p35|seed=303|velocity=6.7|snr=35.0|working_point=base,4,unique_false_track_count,A1_to_A2,1,1
track,scene=base__seed_303__v_p6d7__snr_p35|seed=303|velocity=6.7|snr=35.0|working_point=base,4,unique_false_track_count,A1_to_A3,1,1
track,scene=base__seed_303__v_p6d7__snr_p35|seed=303|velocity=6.7|snr=35.0|working_point=base,-4,unique_false_track_count,A1_to_A2,1,1
track,scene=base__seed_303__v_p6d7__snr_p35|seed=303|velocity=6.7|snr=35.0|working_point=base,-4,unique_false_track_count,A1_to_A3,1,1
track,scene=base__seed_303__v_p6d7__snr_p35|seed=303|velocity=6.7|snr=35.0|working_point=base,8,unique_false_track_count,A1_to_A2,1,1
track,scene=base__seed_303__v_p6d7__snr_p35|seed=303|velocity=6.7|snr=35.0|working_point=base,8,unique_false_track_count,A1_to_A3,1,1
track,scene=base__seed_303__v_p6d7__snr_p35|seed=303|velocity=6.7|snr=35.0|working_point=base,-8,unique_false_track_count,A1_to_A2,1,1
track,scene=base__seed_303__v_p6d7__snr_p35|seed=303|velocity=6.7|snr=35.0|working_point=base,-8,unique_false_track_count,A1_to_A3,1,1
track,scene=base__seed_303__v_p12__snr_p30|seed=303|velocity=12.0|snr=30.0|working_point=base,0,unique_false_track_count,A1_to_A2,1,1
track,scene=base__seed_303__v_p12__snr_p30|seed=303|velocity=12.0|snr=30.0|working_point=base,0,unique_false_track_count,A1_to_A3,1,1
track,scene=base__seed_303__v_p12__snr_p30|seed=303|velocity=12.0|snr=30.0|working_point=base,1,unique_false_track_count,A1_to_A2,1,1
track,scene=base__seed_303__v_p12__snr_p30|seed=303|velocity=12.0|snr=30.0|working_point=base,1,unique_false_track_count,A1_to_A3,1,1
track,scene=base__seed_303__v_p12__snr_p30|seed=303|velocity=12.0|snr=30.0|working_point=base,-1,unique_false_track_count,A1_to_A2,1,1
track,scene=base__seed_303__v_p12__snr_p30|seed=303|velocity=12.0|snr=30.0|working_point=base,-1,unique_false_track_count,A1_to_A3,1,1
track,scene=base__seed_303__v_p12__snr_p30|seed=303|velocity=12.0|snr=30.0|working_point=base,2,unique_false_track_count,A1_to_A2,1,1
track,scene=base__seed_303__v_p12__snr_p30|seed=303|velocity=12.0|snr=30.0|working_point=base,2,unique_false_track_count,A1_to_A3,1,1
track,scene=base__seed_303__v_p12__snr_p30|seed=303|velocity=12.0|snr=30.0|working_point=base,-2,unique_false_track_count,A1_to_A2,1,1
track,scene=base__seed_303__v_p12__snr_p30|seed=303|velocity=12.0|snr=30.0|working_point=base,-2,unique_false_track_count,A1_to_A3,1,1
track,scene=base__seed_303__v_p12__snr_p30|seed=303|velocity=12.0|snr=30.0|working_point=base,4,unique_false_track_count,A1_to_A2,1,1
track,scene=base__seed_303__v_p12__snr_p30|seed=303|velocity=12.0|snr=30.0|working_point=base,4,unique_false_track_count,A1_to_A3,1,1
track,scene=base__seed_303__v_p12__snr_p30|seed=303|velocity=12.0|snr=30.0|working_point=base,-4,unique_false_track_count,A1_to_A2,1,1
track,scene=base__seed_303__v_p12__snr_p30|seed=303|velocity=12.0|snr=30.0|working_point=base,-4,unique_false_track_count,A1_to_A3,1,1
track,scene=base__seed_303__v_p12__snr_p30|seed=303|velocity=12.0|snr=30.0|working_point=base,8,unique_false_track_count,A1_to_A2,1,1
track,scene=base__seed_303__v_p12__snr_p30|seed=303|velocity=12.0|snr=30.0|working_point=base,8,unique_false_track_count,A1_to_A3,1,1
track,scene=base__seed_303__v_p12__snr_p30|seed=303|velocity=12.0|snr=30.0|working_point=base,-8,unique_false_track_count,A1_to_A2,1,1
track,scene=base__seed_303__v_p12__snr_p30|seed=303|velocity=12.0|snr=30.0|working_point=base,-8,unique_false_track_count,A1_to_A3,1,1
track,scene=base__seed_303__v_p12__snr_p35|seed=303|velocity=12.0|snr=35.0|working_point=base,0,unique_false_track_count,A1_to_A2,1,1
track,scene=base__seed_303__v_p12__snr_p35|seed=303|velocity=12.0|snr=35.0|working_point=base,0,unique_false_track_count,A1_to_A3,1,1
track,scene=base__seed_303__v_p12__snr_p35|seed=303|velocity=12.0|snr=35.0|working_point=base,1,unique_false_track_count,A1_to_A2,1,1
track,scene=base__seed_303__v_p12__snr_p35|seed=303|velocity=12.0|snr=35.0|working_point=base,1,unique_false_track_count,A1_to_A3,1,1
track,scene=base__seed_303__v_p12__snr_p35|seed=303|velocity=12.0|snr=35.0|working_point=base,-1,unique_false_track_count,A1_to_A2,1,1
track,scene=base__seed_303__v_p12__snr_p35|seed=303|velocity=12.0|snr=35.0|working_point=base,-1,unique_false_track_count,A1_to_A3,1,1
track,scene=base__seed_303__v_p12__snr_p35|seed=303|velocity=12.0|snr=35.0|working_point=base,2,unique_false_track_count,A1_to_A2,1,1
track,scene=base__seed_303__v_p12__snr_p35|seed=303|velocity=12.0|snr=35.0|working_point=base,2,unique_false_track_count,A1_to_A3,1,1
track,scene=base__seed_303__v_p12__snr_p35|seed=303|velocity=12.0|snr=35.0|working_point=base,-2,unique_false_track_count,A1_to_A2,1,1
track,scene=base__seed_303__v_p12__snr_p35|seed=303|velocity=12.0|snr=35.0|working_point=base,-2,unique_false_track_count,A1_to_A3,1,1
track,scene=base__seed_303__v_p12__snr_p35|seed=303|velocity=12.0|snr=35.0|working_point=base,4,unique_false_track_count,A1_to_A2,1,1
track,scene=base__seed_303__v_p12__snr_p35|seed=303|velocity=12.0|snr=35.0|working_point=base,4,unique_false_track_count,A1_to_A3,1,1
track,scene=base__seed_303__v_p12__snr_p35|seed=303|velocity=12.0|snr=35.0|working_point=base,-4,unique_false_track_count,A1_to_A2,1,1
track,scene=base__seed_303__v_p12__snr_p35|seed=303|velocity=12.0|snr=35.0|working_point=base,-4,unique_false_track_count,A1_to_A3,1,1
track,scene=base__seed_303__v_p12__snr_p35|seed=303|velocity=12.0|snr=35.0|working_point=base,8,unique_false_track_count,A1_to_A2,1,1
track,scene=base__seed_303__v_p12__snr_p35|seed=303|velocity=12.0|snr=35.0|working_point=base,8,unique_false_track_count,A1_to_A3,1,1
track,scene=base__seed_303__v_p12__snr_p35|seed=303|velocity=12.0|snr=35.0|working_point=base,-8,unique_false_track_count,A1_to_A2,1,1
track,scene=base__seed_303__v_p12__snr_p35|seed=303|velocity=12.0|snr=35.0|working_point=base,-8,unique_false_track_count,A1_to_A3,1,1
track,scene=low_snr__seed_101__v_p6d7__snr_p20|seed=101|velocity=6.7|snr=20.0|working_point=low_snr,0,unique_false_track_count,A1_to_A2,1,1
track,scene=low_snr__seed_101__v_p6d7__snr_p20|seed=101|velocity=6.7|snr=20.0|working_point=low_snr,0,unique_false_track_count,A1_to_A3,1,1
track,scene=low_snr__seed_101__v_p6d7__snr_p20|seed=101|velocity=6.7|snr=20.0|working_point=low_snr,1,unique_false_track_count,A1_to_A2,1,1
track,scene=low_snr__seed_101__v_p6d7__snr_p20|seed=101|velocity=6.7|snr=20.0|working_point=low_snr,1,unique_false_track_count,A1_to_A3,1,1
track,scene=low_snr__seed_101__v_p6d7__snr_p20|seed=101|velocity=6.7|snr=20.0|working_point=low_snr,-1,unique_false_track_count,A1_to_A2,1,1
track,scene=low_snr__seed_101__v_p6d7__snr_p20|seed=101|velocity=6.7|snr=20.0|working_point=low_snr,-1,unique_false_track_count,A1_to_A3,1,1
track,scene=low_snr__seed_101__v_p6d7__snr_p20|seed=101|velocity=6.7|snr=20.0|working_point=low_snr,2,unique_false_track_count,A1_to_A2,1,1
track,scene=low_snr__seed_101__v_p6d7__snr_p20|seed=101|velocity=6.7|snr=20.0|working_point=low_snr,2,unique_false_track_count,A1_to_A3,1,1
track,scene=low_snr__seed_101__v_p6d7__snr_p20|seed=101|velocity=6.7|snr=20.0|working_point=low_snr,-2,unique_false_track_count,A1_to_A2,1,1
track,scene=low_snr__seed_101__v_p6d7__snr_p20|seed=101|velocity=6.7|snr=20.0|working_point=low_snr,-2,unique_false_track_count,A1_to_A3,1,1
track,scene=low_snr__seed_101__v_p6d7__snr_p20|seed=101|velocity=6.7|snr=20.0|working_point=low_snr,4,unique_false_track_count,A1_to_A2,1,1
track,scene=low_snr__seed_101__v_p6d7__snr_p20|seed=101|velocity=6.7|snr=20.0|working_point=low_snr,4,unique_false_track_count,A1_to_A3,1,1
track,scene=low_snr__seed_101__v_p6d7__snr_p20|seed=101|velocity=6.7|snr=20.0|working_point=low_snr,-4,unique_false_track_count,A1_to_A2,1,1
track,scene=low_snr__seed_101__v_p6d7__snr_p20|seed=101|velocity=6.7|snr=20.0|working_point=low_snr,-4,unique_false_track_count,A1_to_A3,1,1
track,scene=low_snr__seed_101__v_p6d7__snr_p20|seed=101|velocity=6.7|snr=20.0|working_point=low_snr,8,unique_false_track_count,A1_to_A2,1,1
track,scene=low_snr__seed_101__v_p6d7__snr_p20|seed=101|velocity=6.7|snr=20.0|working_point=low_snr,8,unique_false_track_count,A1_to_A3,1,1
track,scene=low_snr__seed_101__v_p6d7__snr_p20|seed=101|velocity=6.7|snr=20.0|working_point=low_snr,-8,unique_false_track_count,A1_to_A2,1,1
track,scene=low_snr__seed_101__v_p6d7__snr_p20|seed=101|velocity=6.7|snr=20.0|working_point=low_snr,-8,unique_false_track_count,A1_to_A3,1,1
track,scene=high_velocity__seed_101__v_p12__snr_p30|seed=101|velocity=12.0|snr=30.0|working_point=high_velocity,0,unique_false_track_count,A1_to_A2,1,1
track,scene=high_velocity__seed_101__v_p12__snr_p30|seed=101|velocity=12.0|snr=30.0|working_point=high_velocity,0,unique_false_track_count,A1_to_A3,1,1
track,scene=high_velocity__seed_101__v_p12__snr_p30|seed=101|velocity=12.0|snr=30.0|working_point=high_velocity,1,unique_false_track_count,A1_to_A2,1,1
track,scene=high_velocity__seed_101__v_p12__snr_p30|seed=101|velocity=12.0|snr=30.0|working_point=high_velocity,1,unique_false_track_count,A1_to_A3,1,1
track,scene=high_velocity__seed_101__v_p12__snr_p30|seed=101|velocity=12.0|snr=30.0|working_point=high_velocity,-1,unique_false_track_count,A1_to_A2,1,1
track,scene=high_velocity__seed_101__v_p12__snr_p30|seed=101|velocity=12.0|snr=30.0|working_point=high_velocity,-1,unique_false_track_count,A1_to_A3,1,1
track,scene=high_velocity__seed_101__v_p12__snr_p30|seed=101|velocity=12.0|snr=30.0|working_point=high_velocity,2,unique_false_track_count,A1_to_A2,1,1
track,scene=high_velocity__seed_101__v_p12__snr_p30|seed=101|velocity=12.0|snr=30.0|working_point=high_velocity,2,unique_false_track_count,A1_to_A3,1,1
track,scene=high_velocity__seed_101__v_p12__snr_p30|seed=101|velocity=12.0|snr=30.0|working_point=high_velocity,-2,unique_false_track_count,A1_to_A2,1,1
track,scene=high_velocity__seed_101__v_p12__snr_p30|seed=101|velocity=12.0|snr=30.0|working_point=high_velocity,-2,unique_false_track_count,A1_to_A3,1,1
track,scene=high_velocity__seed_101__v_p12__snr_p30|seed=101|velocity=12.0|snr=30.0|working_point=high_velocity,4,unique_false_track_count,A1_to_A2,1,1
track,scene=high_velocity__seed_101__v_p12__snr_p30|seed=101|velocity=12.0|snr=30.0|working_point=high_velocity,4,unique_false_track_count,A1_to_A3,1,1
track,scene=high_velocity__seed_101__v_p12__snr_p30|seed=101|velocity=12.0|snr=30.0|working_point=high_velocity,-4,unique_false_track_count,A1_to_A2,1,1
track,scene=high_velocity__seed_101__v_p12__snr_p30|seed=101|velocity=12.0|snr=30.0|working_point=high_velocity,-4,unique_false_track_count,A1_to_A3,1,1
track,scene=high_velocity__seed_101__v_p12__snr_p30|seed=101|velocity=12.0|snr=30.0|working_point=high_velocity,8,unique_false_track_count,A1_to_A2,1,1
track,scene=high_velocity__seed_101__v_p12__snr_p30|seed=101|velocity=12.0|snr=30.0|working_point=high_velocity,8,unique_false_track_count,A1_to_A3,1,1
track,scene=high_velocity__seed_101__v_p12__snr_p30|seed=101|velocity=12.0|snr=30.0|working_point=high_velocity,-8,unique_false_track_count,A1_to_A2,1,1
track,scene=high_velocity__seed_101__v_p12__snr_p30|seed=101|velocity=12.0|snr=30.0|working_point=high_velocity,-8,unique_false_track_count,A1_to_A3,1,1
track,scene=alternate_texture_geometry__seed_101__v_p6d7__snr_p30|seed=101|velocity=6.7|snr=30.0|working_point=alternate_texture_geometry,0,unique_false_track_count,A1_to_A2,1,1
track,scene=alternate_texture_geometry__seed_101__v_p6d7__snr_p30|seed=101|velocity=6.7|snr=30.0|working_point=alternate_texture_geometry,0,unique_false_track_count,A1_to_A3,1,1
track,scene=alternate_texture_geometry__seed_101__v_p6d7__snr_p30|seed=101|velocity=6.7|snr=30.0|working_point=alternate_texture_geometry,1,unique_false_track_count,A1_to_A2,1,1
track,scene=alternate_texture_geometry__seed_101__v_p6d7__snr_p30|seed=101|velocity=6.7|snr=30.0|working_point=alternate_texture_geometry,1,unique_false_track_count,A1_to_A3,1,1
track,scene=alternate_texture_geometry__seed_101__v_p6d7__snr_p30|seed=101|velocity=6.7|snr=30.0|working_point=alternate_texture_geometry,-1,unique_false_track_count,A1_to_A2,1,1
track,scene=alternate_texture_geometry__seed_101__v_p6d7__snr_p30|seed=101|velocity=6.7|snr=30.0|working_point=alternate_texture_geometry,-1,unique_false_track_count,A1_to_A3,1,1
track,scene=alternate_texture_geometry__seed_101__v_p6d7__snr_p30|seed=101|velocity=6.7|snr=30.0|working_point=alternate_texture_geometry,2,unique_false_track_count,A1_to_A2,1,1
track,scene=alternate_texture_geometry__seed_101__v_p6d7__snr_p30|seed=101|velocity=6.7|snr=30.0|working_point=alternate_texture_geometry,2,unique_false_track_count,A1_to_A3,1,1
track,scene=alternate_texture_geometry__seed_101__v_p6d7__snr_p30|seed=101|velocity=6.7|snr=30.0|working_point=alternate_texture_geometry,-2,unique_false_track_count,A1_to_A2,1,1
track,scene=alternate_texture_geometry__seed_101__v_p6d7__snr_p30|seed=101|velocity=6.7|snr=30.0|working_point=alternate_texture_geometry,-2,unique_false_track_count,A1_to_A3,1,1
track,scene=alternate_texture_geometry__seed_101__v_p6d7__snr_p30|seed=101|velocity=6.7|snr=30.0|working_point=alternate_texture_geometry,4,unique_false_track_count,A1_to_A2,1,1
track,scene=alternate_texture_geometry__seed_101__v_p6d7__snr_p30|seed=101|velocity=6.7|snr=30.0|working_point=alternate_texture_geometry,4,unique_false_track_count,A1_to_A3,1,1
track,scene=alternate_texture_geometry__seed_101__v_p6d7__snr_p30|seed=101|velocity=6.7|snr=30.0|working_point=alternate_texture_geometry,-4,unique_false_track_count,A1_to_A2,1,1
track,scene=alternate_texture_geometry__seed_101__v_p6d7__snr_p30|seed=101|velocity=6.7|snr=30.0|working_point=alternate_texture_geometry,-4,unique_false_track_count,A1_to_A3,1,1
track,scene=alternate_texture_geometry__seed_101__v_p6d7__snr_p30|seed=101|velocity=6.7|snr=30.0|working_point=alternate_texture_geometry,8,unique_false_track_count,A1_to_A2,1,1
track,scene=alternate_texture_geometry__seed_101__v_p6d7__snr_p30|seed=101|velocity=6.7|snr=30.0|working_point=alternate_texture_geometry,8,unique_false_track_count,A1_to_A3,1,1
track,scene=alternate_texture_geometry__seed_101__v_p6d7__snr_p30|seed=101|velocity=6.7|snr=30.0|working_point=alternate_texture_geometry,-8,unique_false_track_count,A1_to_A2,1,1
track,scene=alternate_texture_geometry__seed_101__v_p6d7__snr_p30|seed=101|velocity=6.7|snr=30.0|working_point=alternate_texture_geometry,-8,unique_false_track_count,A1_to_A3,1,1
track,scene=base__seed_101__v_p6d7__snr_p30|seed=101|velocity=6.7|snr=30.0|working_point=base,0,velocity_rmse_mps_ground_speed,A1_to_A2,1,1
track,scene=base__seed_101__v_p6d7__snr_p30|seed=101|velocity=6.7|snr=30.0|working_point=base,0,velocity_rmse_mps_ground_speed,A1_to_A3,1,1
track,scene=base__seed_101__v_p6d7__snr_p30|seed=101|velocity=6.7|snr=30.0|working_point=base,1,velocity_rmse_mps_ground_speed,A1_to_A2,1,1
track,scene=base__seed_101__v_p6d7__snr_p30|seed=101|velocity=6.7|snr=30.0|working_point=base,1,velocity_rmse_mps_ground_speed,A1_to_A3,1,1
track,scene=base__seed_101__v_p6d7__snr_p30|seed=101|velocity=6.7|snr=30.0|working_point=base,-1,velocity_rmse_mps_ground_speed,A1_to_A2,1,1
track,scene=base__seed_101__v_p6d7__snr_p30|seed=101|velocity=6.7|snr=30.0|working_point=base,-1,velocity_rmse_mps_ground_speed,A1_to_A3,1,1
track,scene=base__seed_101__v_p6d7__snr_p30|seed=101|velocity=6.7|snr=30.0|working_point=base,2,velocity_rmse_mps_ground_speed,A1_to_A2,1,1
track,scene=base__seed_101__v_p6d7__snr_p30|seed=101|velocity=6.7|snr=30.0|working_point=base,2,velocity_rmse_mps_ground_speed,A1_to_A3,1,1
track,scene=base__seed_101__v_p6d7__snr_p30|seed=101|velocity=6.7|snr=30.0|working_point=base,-2,velocity_rmse_mps_ground_speed,A1_to_A2,1,1
track,scene=base__seed_101__v_p6d7__snr_p30|seed=101|velocity=6.7|snr=30.0|working_point=base,-2,velocity_rmse_mps_ground_speed,A1_to_A3,1,1
track,scene=base__seed_101__v_p6d7__snr_p30|seed=101|velocity=6.7|snr=30.0|working_point=base,4,velocity_rmse_mps_ground_speed,A1_to_A2,1,1
track,scene=base__seed_101__v_p6d7__snr_p30|seed=101|velocity=6.7|snr=30.0|working_point=base,4,velocity_rmse_mps_ground_speed,A1_to_A3,1,1
track,scene=base__seed_101__v_p6d7__snr_p30|seed=101|velocity=6.7|snr=30.0|working_point=base,-4,velocity_rmse_mps_ground_speed,A1_to_A2,1,1
track,scene=base__seed_101__v_p6d7__snr_p30|seed=101|velocity=6.7|snr=30.0|working_point=base,-4,velocity_rmse_mps_ground_speed,A1_to_A3,1,1
track,scene=base__seed_101__v_p6d7__snr_p30|seed=101|velocity=6.7|snr=30.0|working_point=base,8,velocity_rmse_mps_ground_speed,A1_to_A2,1,1
track,scene=base__seed_101__v_p6d7__snr_p30|seed=101|velocity=6.7|snr=30.0|working_point=base,8,velocity_rmse_mps_ground_speed,A1_to_A3,1,1
track,scene=base__seed_101__v_p6d7__snr_p30|seed=101|velocity=6.7|snr=30.0|working_point=base,-8,velocity_rmse_mps_ground_speed,A1_to_A2,1,1
track,scene=base__seed_101__v_p6d7__snr_p30|seed=101|velocity=6.7|snr=30.0|working_point=base,-8,velocity_rmse_mps_ground_speed,A1_to_A3,1,1
track,scene=base__seed_101__v_p6d7__snr_p35|seed=101|velocity=6.7|snr=35.0|working_point=base,0,velocity_rmse_mps_ground_speed,A1_to_A2,1,1
track,scene=base__seed_101__v_p6d7__snr_p35|seed=101|velocity=6.7|snr=35.0|working_point=base,0,velocity_rmse_mps_ground_speed,A1_to_A3,1,1
track,scene=base__seed_101__v_p6d7__snr_p35|seed=101|velocity=6.7|snr=35.0|working_point=base,1,velocity_rmse_mps_ground_speed,A1_to_A2,1,1
track,scene=base__seed_101__v_p6d7__snr_p35|seed=101|velocity=6.7|snr=35.0|working_point=base,1,velocity_rmse_mps_ground_speed,A1_to_A3,1,1
track,scene=base__seed_101__v_p6d7__snr_p35|seed=101|velocity=6.7|snr=35.0|working_point=base,-1,velocity_rmse_mps_ground_speed,A1_to_A2,1,1
track,scene=base__seed_101__v_p6d7__snr_p35|seed=101|velocity=6.7|snr=35.0|working_point=base,-1,velocity_rmse_mps_ground_speed,A1_to_A3,1,1
track,scene=base__seed_101__v_p6d7__snr_p35|seed=101|velocity=6.7|snr=35.0|working_point=base,2,velocity_rmse_mps_ground_speed,A1_to_A2,1,1
track,scene=base__seed_101__v_p6d7__snr_p35|seed=101|velocity=6.7|snr=35.0|working_point=base,2,velocity_rmse_mps_ground_speed,A1_to_A3,1,1
track,scene=base__seed_101__v_p6d7__snr_p35|seed=101|velocity=6.7|snr=35.0|working_point=base,-2,velocity_rmse_mps_ground_speed,A1_to_A2,1,1
track,scene=base__seed_101__v_p6d7__snr_p35|seed=101|velocity=6.7|snr=35.0|working_point=base,-2,velocity_rmse_mps_ground_speed,A1_to_A3,1,1
track,scene=base__seed_101__v_p6d7__snr_p35|seed=101|velocity=6.7|snr=35.0|working_point=base,4,velocity_rmse_mps_ground_speed,A1_to_A2,1,1
track,scene=base__seed_101__v_p6d7__snr_p35|seed=101|velocity=6.7|snr=35.0|working_point=base,4,velocity_rmse_mps_ground_speed,A1_to_A3,1,1
track,scene=base__seed_101__v_p6d7__snr_p35|seed=101|velocity=6.7|snr=35.0|working_point=base,-4,velocity_rmse_mps_ground_speed,A1_to_A2,1,1
track,scene=base__seed_101__v_p6d7__snr_p35|seed=101|velocity=6.7|snr=35.0|working_point=base,-4,velocity_rmse_mps_ground_speed,A1_to_A3,1,1
track,scene=base__seed_101__v_p6d7__snr_p35|seed=101|velocity=6.7|snr=35.0|working_point=base,8,velocity_rmse_mps_ground_speed,A1_to_A2,1,1
track,scene=base__seed_101__v_p6d7__snr_p35|seed=101|velocity=6.7|snr=35.0|working_point=base,8,velocity_rmse_mps_ground_speed,A1_to_A3,1,1
track,scene=base__seed_101__v_p6d7__snr_p35|seed=101|velocity=6.7|snr=35.0|working_point=base,-8,velocity_rmse_mps_ground_speed,A1_to_A2,1,1
track,scene=base__seed_101__v_p6d7__snr_p35|seed=101|velocity=6.7|snr=35.0|working_point=base,-8,velocity_rmse_mps_ground_speed,A1_to_A3,1,1
track,scene=base__seed_101__v_p12__snr_p30|seed=101|velocity=12.0|snr=30.0|working_point=base,0,velocity_rmse_mps_ground_speed,A1_to_A2,1,1
track,scene=base__seed_101__v_p12__snr_p30|seed=101|velocity=12.0|snr=30.0|working_point=base,0,velocity_rmse_mps_ground_speed,A1_to_A3,1,1
track,scene=base__seed_101__v_p12__snr_p30|seed=101|velocity=12.0|snr=30.0|working_point=base,1,velocity_rmse_mps_ground_speed,A1_to_A2,1,1
track,scene=base__seed_101__v_p12__snr_p30|seed=101|velocity=12.0|snr=30.0|working_point=base,1,velocity_rmse_mps_ground_speed,A1_to_A3,1,1
track,scene=base__seed_101__v_p12__snr_p30|seed=101|velocity=12.0|snr=30.0|working_point=base,-1,velocity_rmse_mps_ground_speed,A1_to_A2,1,1
track,scene=base__seed_101__v_p12__snr_p30|seed=101|velocity=12.0|snr=30.0|working_point=base,-1,velocity_rmse_mps_ground_speed,A1_to_A3,1,1
track,scene=base__seed_101__v_p12__snr_p30|seed=101|velocity=12.0|snr=30.0|working_point=base,2,velocity_rmse_mps_ground_speed,A1_to_A2,1,1
track,scene=base__seed_101__v_p12__snr_p30|seed=101|velocity=12.0|snr=30.0|working_point=base,2,velocity_rmse_mps_ground_speed,A1_to_A3,1,1
track,scene=base__seed_101__v_p12__snr_p30|seed=101|velocity=12.0|snr=30.0|working_point=base,-2,velocity_rmse_mps_ground_speed,A1_to_A2,1,1
track,scene=base__seed_101__v_p12__snr_p30|seed=101|velocity=12.0|snr=30.0|working_point=base,-2,velocity_rmse_mps_ground_speed,A1_to_A3,1,1
track,scene=base__seed_101__v_p12__snr_p30|seed=101|velocity=12.0|snr=30.0|working_point=base,4,velocity_rmse_mps_ground_speed,A1_to_A2,1,1
track,scene=base__seed_101__v_p12__snr_p30|seed=101|velocity=12.0|snr=30.0|working_point=base,4,velocity_rmse_mps_ground_speed,A1_to_A3,1,1
track,scene=base__seed_101__v_p12__snr_p30|seed=101|velocity=12.0|snr=30.0|working_point=base,-4,velocity_rmse_mps_ground_speed,A1_to_A2,1,1
track,scene=base__seed_101__v_p12__snr_p30|seed=101|velocity=12.0|snr=30.0|working_point=base,-4,velocity_rmse_mps_ground_speed,A1_to_A3,1,1
track,scene=base__seed_101__v_p12__snr_p30|seed=101|velocity=12.0|snr=30.0|working_point=base,8,velocity_rmse_mps_ground_speed,A1_to_A2,1,1
track,scene=base__seed_101__v_p12__snr_p30|seed=101|velocity=12.0|snr=30.0|working_point=base,8,velocity_rmse_mps_ground_speed,A1_to_A3,1,1
track,scene=base__seed_101__v_p12__snr_p30|seed=101|velocity=12.0|snr=30.0|working_point=base,-8,velocity_rmse_mps_ground_speed,A1_to_A2,1,1
track,scene=base__seed_101__v_p12__snr_p30|seed=101|velocity=12.0|snr=30.0|working_point=base,-8,velocity_rmse_mps_ground_speed,A1_to_A3,1,1
track,scene=base__seed_101__v_p12__snr_p35|seed=101|velocity=12.0|snr=35.0|working_point=base,0,velocity_rmse_mps_ground_speed,A1_to_A2,1,1
track,scene=base__seed_101__v_p12__snr_p35|seed=101|velocity=12.0|snr=35.0|working_point=base,0,velocity_rmse_mps_ground_speed,A1_to_A3,1,1
track,scene=base__seed_101__v_p12__snr_p35|seed=101|velocity=12.0|snr=35.0|working_point=base,1,velocity_rmse_mps_ground_speed,A1_to_A2,1,1
track,scene=base__seed_101__v_p12__snr_p35|seed=101|velocity=12.0|snr=35.0|working_point=base,1,velocity_rmse_mps_ground_speed,A1_to_A3,1,1
track,scene=base__seed_101__v_p12__snr_p35|seed=101|velocity=12.0|snr=35.0|working_point=base,-1,velocity_rmse_mps_ground_speed,A1_to_A2,1,1
track,scene=base__seed_101__v_p12__snr_p35|seed=101|velocity=12.0|snr=35.0|working_point=base,-1,velocity_rmse_mps_ground_speed,A1_to_A3,1,1
track,scene=base__seed_101__v_p12__snr_p35|seed=101|velocity=12.0|snr=35.0|working_point=base,2,velocity_rmse_mps_ground_speed,A1_to_A2,1,1
track,scene=base__seed_101__v_p12__snr_p35|seed=101|velocity=12.0|snr=35.0|working_point=base,2,velocity_rmse_mps_ground_speed,A1_to_A3,1,1
track,scene=base__seed_101__v_p12__snr_p35|seed=101|velocity=12.0|snr=35.0|working_point=base,-2,velocity_rmse_mps_ground_speed,A1_to_A2,1,1
track,scene=base__seed_101__v_p12__snr_p35|seed=101|velocity=12.0|snr=35.0|working_point=base,-2,velocity_rmse_mps_ground_speed,A1_to_A3,1,1
track,scene=base__seed_101__v_p12__snr_p35|seed=101|velocity=12.0|snr=35.0|working_point=base,4,velocity_rmse_mps_ground_speed,A1_to_A2,1,1
track,scene=base__seed_101__v_p12__snr_p35|seed=101|velocity=12.0|snr=35.0|working_point=base,4,velocity_rmse_mps_ground_speed,A1_to_A3,1,1
track,scene=base__seed_101__v_p12__snr_p35|seed=101|velocity=12.0|snr=35.0|working_point=base,-4,velocity_rmse_mps_ground_speed,A1_to_A2,1,1
track,scene=base__seed_101__v_p12__snr_p35|seed=101|velocity=12.0|snr=35.0|working_point=base,-4,velocity_rmse_mps_ground_speed,A1_to_A3,1,1
track,scene=base__seed_101__v_p12__snr_p35|seed=101|velocity=12.0|snr=35.0|working_point=base,8,velocity_rmse_mps_ground_speed,A1_to_A2,1,1
track,scene=base__seed_101__v_p12__snr_p35|seed=101|velocity=12.0|snr=35.0|working_point=base,8,velocity_rmse_mps_ground_speed,A1_to_A3,1,1
track,scene=base__seed_101__v_p12__snr_p35|seed=101|velocity=12.0|snr=35.0|working_point=base,-8,velocity_rmse_mps_ground_speed,A1_to_A2,1,1
track,scene=base__seed_101__v_p12__snr_p35|seed=101|velocity=12.0|snr=35.0|working_point=base,-8,velocity_rmse_mps_ground_speed,A1_to_A3,1,1
track,scene=base__seed_202__v_p6d7__snr_p30|seed=202|velocity=6.7|snr=30.0|working_point=base,0,velocity_rmse_mps_ground_speed,A1_to_A2,1,1
track,scene=base__seed_202__v_p6d7__snr_p30|seed=202|velocity=6.7|snr=30.0|working_point=base,0,velocity_rmse_mps_ground_speed,A1_to_A3,1,1
track,scene=base__seed_202__v_p6d7__snr_p30|seed=202|velocity=6.7|snr=30.0|working_point=base,1,velocity_rmse_mps_ground_speed,A1_to_A2,1,1
track,scene=base__seed_202__v_p6d7__snr_p30|seed=202|velocity=6.7|snr=30.0|working_point=base,1,velocity_rmse_mps_ground_speed,A1_to_A3,1,1
track,scene=base__seed_202__v_p6d7__snr_p30|seed=202|velocity=6.7|snr=30.0|working_point=base,-1,velocity_rmse_mps_ground_speed,A1_to_A2,1,1
track,scene=base__seed_202__v_p6d7__snr_p30|seed=202|velocity=6.7|snr=30.0|working_point=base,-1,velocity_rmse_mps_ground_speed,A1_to_A3,1,1
track,scene=base__seed_202__v_p6d7__snr_p30|seed=202|velocity=6.7|snr=30.0|working_point=base,2,velocity_rmse_mps_ground_speed,A1_to_A2,1,1
track,scene=base__seed_202__v_p6d7__snr_p30|seed=202|velocity=6.7|snr=30.0|working_point=base,2,velocity_rmse_mps_ground_speed,A1_to_A3,1,1
track,scene=base__seed_202__v_p6d7__snr_p30|seed=202|velocity=6.7|snr=30.0|working_point=base,-2,velocity_rmse_mps_ground_speed,A1_to_A2,1,1
track,scene=base__seed_202__v_p6d7__snr_p30|seed=202|velocity=6.7|snr=30.0|working_point=base,-2,velocity_rmse_mps_ground_speed,A1_to_A3,1,1
track,scene=base__seed_202__v_p6d7__snr_p30|seed=202|velocity=6.7|snr=30.0|working_point=base,4,velocity_rmse_mps_ground_speed,A1_to_A2,1,1
track,scene=base__seed_202__v_p6d7__snr_p30|seed=202|velocity=6.7|snr=30.0|working_point=base,4,velocity_rmse_mps_ground_speed,A1_to_A3,1,1
track,scene=base__seed_202__v_p6d7__snr_p30|seed=202|velocity=6.7|snr=30.0|working_point=base,-4,velocity_rmse_mps_ground_speed,A1_to_A2,1,1
track,scene=base__seed_202__v_p6d7__snr_p30|seed=202|velocity=6.7|snr=30.0|working_point=base,-4,velocity_rmse_mps_ground_speed,A1_to_A3,1,1
track,scene=base__seed_202__v_p6d7__snr_p30|seed=202|velocity=6.7|snr=30.0|working_point=base,8,velocity_rmse_mps_ground_speed,A1_to_A2,1,1
track,scene=base__seed_202__v_p6d7__snr_p30|seed=202|velocity=6.7|snr=30.0|working_point=base,8,velocity_rmse_mps_ground_speed,A1_to_A3,1,1
track,scene=base__seed_202__v_p6d7__snr_p30|seed=202|velocity=6.7|snr=30.0|working_point=base,-8,velocity_rmse_mps_ground_speed,A1_to_A2,1,1
track,scene=base__seed_202__v_p6d7__snr_p30|seed=202|velocity=6.7|snr=30.0|working_point=base,-8,velocity_rmse_mps_ground_speed,A1_to_A3,1,1
track,scene=base__seed_202__v_p6d7__snr_p35|seed=202|velocity=6.7|snr=35.0|working_point=base,0,velocity_rmse_mps_ground_speed,A1_to_A2,1,1
track,scene=base__seed_202__v_p6d7__snr_p35|seed=202|velocity=6.7|snr=35.0|working_point=base,0,velocity_rmse_mps_ground_speed,A1_to_A3,1,1
track,scene=base__seed_202__v_p6d7__snr_p35|seed=202|velocity=6.7|snr=35.0|working_point=base,1,velocity_rmse_mps_ground_speed,A1_to_A2,1,1
track,scene=base__seed_202__v_p6d7__snr_p35|seed=202|velocity=6.7|snr=35.0|working_point=base,1,velocity_rmse_mps_ground_speed,A1_to_A3,1,1
track,scene=base__seed_202__v_p6d7__snr_p35|seed=202|velocity=6.7|snr=35.0|working_point=base,-1,velocity_rmse_mps_ground_speed,A1_to_A2,1,1
track,scene=base__seed_202__v_p6d7__snr_p35|seed=202|velocity=6.7|snr=35.0|working_point=base,-1,velocity_rmse_mps_ground_speed,A1_to_A3,1,1
track,scene=base__seed_202__v_p6d7__snr_p35|seed=202|velocity=6.7|snr=35.0|working_point=base,2,velocity_rmse_mps_ground_speed,A1_to_A2,1,1
track,scene=base__seed_202__v_p6d7__snr_p35|seed=202|velocity=6.7|snr=35.0|working_point=base,2,velocity_rmse_mps_ground_speed,A1_to_A3,1,1
track,scene=base__seed_202__v_p6d7__snr_p35|seed=202|velocity=6.7|snr=35.0|working_point=base,-2,velocity_rmse_mps_ground_speed,A1_to_A2,1,1
track,scene=base__seed_202__v_p6d7__snr_p35|seed=202|velocity=6.7|snr=35.0|working_point=base,-2,velocity_rmse_mps_ground_speed,A1_to_A3,1,1
track,scene=base__seed_202__v_p6d7__snr_p35|seed=202|velocity=6.7|snr=35.0|working_point=base,4,velocity_rmse_mps_ground_speed,A1_to_A2,1,1
track,scene=base__seed_202__v_p6d7__snr_p35|seed=202|velocity=6.7|snr=35.0|working_point=base,4,velocity_rmse_mps_ground_speed,A1_to_A3,1,1
track,scene=base__seed_202__v_p6d7__snr_p35|seed=202|velocity=6.7|snr=35.0|working_point=base,-4,velocity_rmse_mps_ground_speed,A1_to_A2,1,1
track,scene=base__seed_202__v_p6d7__snr_p35|seed=202|velocity=6.7|snr=35.0|working_point=base,-4,velocity_rmse_mps_ground_speed,A1_to_A3,1,1
track,scene=base__seed_202__v_p6d7__snr_p35|seed=202|velocity=6.7|snr=35.0|working_point=base,8,velocity_rmse_mps_ground_speed,A1_to_A2,1,1
track,scene=base__seed_202__v_p6d7__snr_p35|seed=202|velocity=6.7|snr=35.0|working_point=base,8,velocity_rmse_mps_ground_speed,A1_to_A3,1,1
track,scene=base__seed_202__v_p6d7__snr_p35|seed=202|velocity=6.7|snr=35.0|working_point=base,-8,velocity_rmse_mps_ground_speed,A1_to_A2,1,1
track,scene=base__seed_202__v_p6d7__snr_p35|seed=202|velocity=6.7|snr=35.0|working_point=base,-8,velocity_rmse_mps_ground_speed,A1_to_A3,1,1
track,scene=base__seed_202__v_p12__snr_p30|seed=202|velocity=12.0|snr=30.0|working_point=base,0,velocity_rmse_mps_ground_speed,A1_to_A2,1,1
track,scene=base__seed_202__v_p12__snr_p30|seed=202|velocity=12.0|snr=30.0|working_point=base,0,velocity_rmse_mps_ground_speed,A1_to_A3,1,1
track,scene=base__seed_202__v_p12__snr_p30|seed=202|velocity=12.0|snr=30.0|working_point=base,1,velocity_rmse_mps_ground_speed,A1_to_A2,1,1
track,scene=base__seed_202__v_p12__snr_p30|seed=202|velocity=12.0|snr=30.0|working_point=base,1,velocity_rmse_mps_ground_speed,A1_to_A3,1,1
track,scene=base__seed_202__v_p12__snr_p30|seed=202|velocity=12.0|snr=30.0|working_point=base,-1,velocity_rmse_mps_ground_speed,A1_to_A2,1,1
track,scene=base__seed_202__v_p12__snr_p30|seed=202|velocity=12.0|snr=30.0|working_point=base,-1,velocity_rmse_mps_ground_speed,A1_to_A3,1,1
track,scene=base__seed_202__v_p12__snr_p30|seed=202|velocity=12.0|snr=30.0|working_point=base,2,velocity_rmse_mps_ground_speed,A1_to_A2,1,1
track,scene=base__seed_202__v_p12__snr_p30|seed=202|velocity=12.0|snr=30.0|working_point=base,2,velocity_rmse_mps_ground_speed,A1_to_A3,1,1
track,scene=base__seed_202__v_p12__snr_p30|seed=202|velocity=12.0|snr=30.0|working_point=base,-2,velocity_rmse_mps_ground_speed,A1_to_A2,1,1
track,scene=base__seed_202__v_p12__snr_p30|seed=202|velocity=12.0|snr=30.0|working_point=base,-2,velocity_rmse_mps_ground_speed,A1_to_A3,1,1
track,scene=base__seed_202__v_p12__snr_p30|seed=202|velocity=12.0|snr=30.0|working_point=base,4,velocity_rmse_mps_ground_speed,A1_to_A2,1,1
track,scene=base__seed_202__v_p12__snr_p30|seed=202|velocity=12.0|snr=30.0|working_point=base,4,velocity_rmse_mps_ground_speed,A1_to_A3,1,1
track,scene=base__seed_202__v_p12__snr_p30|seed=202|velocity=12.0|snr=30.0|working_point=base,-4,velocity_rmse_mps_ground_speed,A1_to_A2,1,1
track,scene=base__seed_202__v_p12__snr_p30|seed=202|velocity=12.0|snr=30.0|working_point=base,-4,velocity_rmse_mps_ground_speed,A1_to_A3,1,1
track,scene=base__seed_202__v_p12__snr_p30|seed=202|velocity=12.0|snr=30.0|working_point=base,8,velocity_rmse_mps_ground_speed,A1_to_A2,1,1
track,scene=base__seed_202__v_p12__snr_p30|seed=202|velocity=12.0|snr=30.0|working_point=base,8,velocity_rmse_mps_ground_speed,A1_to_A3,1,1
track,scene=base__seed_202__v_p12__snr_p30|seed=202|velocity=12.0|snr=30.0|working_point=base,-8,velocity_rmse_mps_ground_speed,A1_to_A2,1,1
track,scene=base__seed_202__v_p12__snr_p30|seed=202|velocity=12.0|snr=30.0|working_point=base,-8,velocity_rmse_mps_ground_speed,A1_to_A3,1,1
track,scene=base__seed_202__v_p12__snr_p35|seed=202|velocity=12.0|snr=35.0|working_point=base,0,velocity_rmse_mps_ground_speed,A1_to_A2,1,1
track,scene=base__seed_202__v_p12__snr_p35|seed=202|velocity=12.0|snr=35.0|working_point=base,0,velocity_rmse_mps_ground_speed,A1_to_A3,1,1
track,scene=base__seed_202__v_p12__snr_p35|seed=202|velocity=12.0|snr=35.0|working_point=base,1,velocity_rmse_mps_ground_speed,A1_to_A2,1,1
track,scene=base__seed_202__v_p12__snr_p35|seed=202|velocity=12.0|snr=35.0|working_point=base,1,velocity_rmse_mps_ground_speed,A1_to_A3,1,1
track,scene=base__seed_202__v_p12__snr_p35|seed=202|velocity=12.0|snr=35.0|working_point=base,-1,velocity_rmse_mps_ground_speed,A1_to_A2,1,1
track,scene=base__seed_202__v_p12__snr_p35|seed=202|velocity=12.0|snr=35.0|working_point=base,-1,velocity_rmse_mps_ground_speed,A1_to_A3,1,1
track,scene=base__seed_202__v_p12__snr_p35|seed=202|velocity=12.0|snr=35.0|working_point=base,2,velocity_rmse_mps_ground_speed,A1_to_A2,1,1
track,scene=base__seed_202__v_p12__snr_p35|seed=202|velocity=12.0|snr=35.0|working_point=base,2,velocity_rmse_mps_ground_speed,A1_to_A3,1,1
track,scene=base__seed_202__v_p12__snr_p35|seed=202|velocity=12.0|snr=35.0|working_point=base,-2,velocity_rmse_mps_ground_speed,A1_to_A2,1,1
track,scene=base__seed_202__v_p12__snr_p35|seed=202|velocity=12.0|snr=35.0|working_point=base,-2,velocity_rmse_mps_ground_speed,A1_to_A3,1,1
track,scene=base__seed_202__v_p12__snr_p35|seed=202|velocity=12.0|snr=35.0|working_point=base,4,velocity_rmse_mps_ground_speed,A1_to_A2,1,1
track,scene=base__seed_202__v_p12__snr_p35|seed=202|velocity=12.0|snr=35.0|working_point=base,4,velocity_rmse_mps_ground_speed,A1_to_A3,1,1
track,scene=base__seed_202__v_p12__snr_p35|seed=202|velocity=12.0|snr=35.0|working_point=base,-4,velocity_rmse_mps_ground_speed,A1_to_A2,1,1
track,scene=base__seed_202__v_p12__snr_p35|seed=202|velocity=12.0|snr=35.0|working_point=base,-4,velocity_rmse_mps_ground_speed,A1_to_A3,1,1
track,scene=base__seed_202__v_p12__snr_p35|seed=202|velocity=12.0|snr=35.0|working_point=base,8,velocity_rmse_mps_ground_speed,A1_to_A2,1,1
track,scene=base__seed_202__v_p12__snr_p35|seed=202|velocity=12.0|snr=35.0|working_point=base,8,velocity_rmse_mps_ground_speed,A1_to_A3,1,1
track,scene=base__seed_202__v_p12__snr_p35|seed=202|velocity=12.0|snr=35.0|working_point=base,-8,velocity_rmse_mps_ground_speed,A1_to_A2,1,1
track,scene=base__seed_202__v_p12__snr_p35|seed=202|velocity=12.0|snr=35.0|working_point=base,-8,velocity_rmse_mps_ground_speed,A1_to_A3,1,1
track,scene=base__seed_303__v_p6d7__snr_p30|seed=303|velocity=6.7|snr=30.0|working_point=base,0,velocity_rmse_mps_ground_speed,A1_to_A2,1,1
track,scene=base__seed_303__v_p6d7__snr_p30|seed=303|velocity=6.7|snr=30.0|working_point=base,0,velocity_rmse_mps_ground_speed,A1_to_A3,1,1
track,scene=base__seed_303__v_p6d7__snr_p30|seed=303|velocity=6.7|snr=30.0|working_point=base,1,velocity_rmse_mps_ground_speed,A1_to_A2,1,1
track,scene=base__seed_303__v_p6d7__snr_p30|seed=303|velocity=6.7|snr=30.0|working_point=base,1,velocity_rmse_mps_ground_speed,A1_to_A3,1,1
track,scene=base__seed_303__v_p6d7__snr_p30|seed=303|velocity=6.7|snr=30.0|working_point=base,-1,velocity_rmse_mps_ground_speed,A1_to_A2,1,1
track,scene=base__seed_303__v_p6d7__snr_p30|seed=303|velocity=6.7|snr=30.0|working_point=base,-1,velocity_rmse_mps_ground_speed,A1_to_A3,1,1
track,scene=base__seed_303__v_p6d7__snr_p30|seed=303|velocity=6.7|snr=30.0|working_point=base,2,velocity_rmse_mps_ground_speed,A1_to_A2,1,1
track,scene=base__seed_303__v_p6d7__snr_p30|seed=303|velocity=6.7|snr=30.0|working_point=base,2,velocity_rmse_mps_ground_speed,A1_to_A3,1,1
track,scene=base__seed_303__v_p6d7__snr_p30|seed=303|velocity=6.7|snr=30.0|working_point=base,-2,velocity_rmse_mps_ground_speed,A1_to_A2,1,1
track,scene=base__seed_303__v_p6d7__snr_p30|seed=303|velocity=6.7|snr=30.0|working_point=base,-2,velocity_rmse_mps_ground_speed,A1_to_A3,1,1
track,scene=base__seed_303__v_p6d7__snr_p30|seed=303|velocity=6.7|snr=30.0|working_point=base,4,velocity_rmse_mps_ground_speed,A1_to_A2,1,1
track,scene=base__seed_303__v_p6d7__snr_p30|seed=303|velocity=6.7|snr=30.0|working_point=base,4,velocity_rmse_mps_ground_speed,A1_to_A3,1,1
track,scene=base__seed_303__v_p6d7__snr_p30|seed=303|velocity=6.7|snr=30.0|working_point=base,-4,velocity_rmse_mps_ground_speed,A1_to_A2,1,1
track,scene=base__seed_303__v_p6d7__snr_p30|seed=303|velocity=6.7|snr=30.0|working_point=base,-4,velocity_rmse_mps_ground_speed,A1_to_A3,1,1
track,scene=base__seed_303__v_p6d7__snr_p30|seed=303|velocity=6.7|snr=30.0|working_point=base,8,velocity_rmse_mps_ground_speed,A1_to_A2,1,1
track,scene=base__seed_303__v_p6d7__snr_p30|seed=303|velocity=6.7|snr=30.0|working_point=base,8,velocity_rmse_mps_ground_speed,A1_to_A3,1,1
track,scene=base__seed_303__v_p6d7__snr_p30|seed=303|velocity=6.7|snr=30.0|working_point=base,-8,velocity_rmse_mps_ground_speed,A1_to_A2,1,1
track,scene=base__seed_303__v_p6d7__snr_p30|seed=303|velocity=6.7|snr=30.0|working_point=base,-8,velocity_rmse_mps_ground_speed,A1_to_A3,1,1
track,scene=base__seed_303__v_p6d7__snr_p35|seed=303|velocity=6.7|snr=35.0|working_point=base,0,velocity_rmse_mps_ground_speed,A1_to_A2,1,1
track,scene=base__seed_303__v_p6d7__snr_p35|seed=303|velocity=6.7|snr=35.0|working_point=base,0,velocity_rmse_mps_ground_speed,A1_to_A3,1,1
track,scene=base__seed_303__v_p6d7__snr_p35|seed=303|velocity=6.7|snr=35.0|working_point=base,1,velocity_rmse_mps_ground_speed,A1_to_A2,1,1
track,scene=base__seed_303__v_p6d7__snr_p35|seed=303|velocity=6.7|snr=35.0|working_point=base,1,velocity_rmse_mps_ground_speed,A1_to_A3,1,1
track,scene=base__seed_303__v_p6d7__snr_p35|seed=303|velocity=6.7|snr=35.0|working_point=base,-1,velocity_rmse_mps_ground_speed,A1_to_A2,1,1
track,scene=base__seed_303__v_p6d7__snr_p35|seed=303|velocity=6.7|snr=35.0|working_point=base,-1,velocity_rmse_mps_ground_speed,A1_to_A3,1,1
track,scene=base__seed_303__v_p6d7__snr_p35|seed=303|velocity=6.7|snr=35.0|working_point=base,2,velocity_rmse_mps_ground_speed,A1_to_A2,1,1
track,scene=base__seed_303__v_p6d7__snr_p35|seed=303|velocity=6.7|snr=35.0|working_point=base,2,velocity_rmse_mps_ground_speed,A1_to_A3,1,1
track,scene=base__seed_303__v_p6d7__snr_p35|seed=303|velocity=6.7|snr=35.0|working_point=base,-2,velocity_rmse_mps_ground_speed,A1_to_A2,1,1
track,scene=base__seed_303__v_p6d7__snr_p35|seed=303|velocity=6.7|snr=35.0|working_point=base,-2,velocity_rmse_mps_ground_speed,A1_to_A3,1,1
track,scene=base__seed_303__v_p6d7__snr_p35|seed=303|velocity=6.7|snr=35.0|working_point=base,4,velocity_rmse_mps_ground_speed,A1_to_A2,1,1
track,scene=base__seed_303__v_p6d7__snr_p35|seed=303|velocity=6.7|snr=35.0|working_point=base,4,velocity_rmse_mps_ground_speed,A1_to_A3,1,1
track,scene=base__seed_303__v_p6d7__snr_p35|seed=303|velocity=6.7|snr=35.0|working_point=base,-4,velocity_rmse_mps_ground_speed,A1_to_A2,1,1
track,scene=base__seed_303__v_p6d7__snr_p35|seed=303|velocity=6.7|snr=35.0|working_point=base,-4,velocity_rmse_mps_ground_speed,A1_to_A3,1,1
track,scene=base__seed_303__v_p6d7__snr_p35|seed=303|velocity=6.7|snr=35.0|working_point=base,8,velocity_rmse_mps_ground_speed,A1_to_A2,1,1
track,scene=base__seed_303__v_p6d7__snr_p35|seed=303|velocity=6.7|snr=35.0|working_point=base,8,velocity_rmse_mps_ground_speed,A1_to_A3,1,1
track,scene=base__seed_303__v_p6d7__snr_p35|seed=303|velocity=6.7|snr=35.0|working_point=base,-8,velocity_rmse_mps_ground_speed,A1_to_A2,1,1
track,scene=base__seed_303__v_p6d7__snr_p35|seed=303|velocity=6.7|snr=35.0|working_point=base,-8,velocity_rmse_mps_ground_speed,A1_to_A3,1,1
track,scene=base__seed_303__v_p12__snr_p30|seed=303|velocity=12.0|snr=30.0|working_point=base,0,velocity_rmse_mps_ground_speed,A1_to_A2,1,1
track,scene=base__seed_303__v_p12__snr_p30|seed=303|velocity=12.0|snr=30.0|working_point=base,0,velocity_rmse_mps_ground_speed,A1_to_A3,1,1
track,scene=base__seed_303__v_p12__snr_p30|seed=303|velocity=12.0|snr=30.0|working_point=base,1,velocity_rmse_mps_ground_speed,A1_to_A2,1,1
track,scene=base__seed_303__v_p12__snr_p30|seed=303|velocity=12.0|snr=30.0|working_point=base,1,velocity_rmse_mps_ground_speed,A1_to_A3,1,1
track,scene=base__seed_303__v_p12__snr_p30|seed=303|velocity=12.0|snr=30.0|working_point=base,-1,velocity_rmse_mps_ground_speed,A1_to_A2,1,1
track,scene=base__seed_303__v_p12__snr_p30|seed=303|velocity=12.0|snr=30.0|working_point=base,-1,velocity_rmse_mps_ground_speed,A1_to_A3,1,1
track,scene=base__seed_303__v_p12__snr_p30|seed=303|velocity=12.0|snr=30.0|working_point=base,2,velocity_rmse_mps_ground_speed,A1_to_A2,1,1
track,scene=base__seed_303__v_p12__snr_p30|seed=303|velocity=12.0|snr=30.0|working_point=base,2,velocity_rmse_mps_ground_speed,A1_to_A3,1,1
track,scene=base__seed_303__v_p12__snr_p30|seed=303|velocity=12.0|snr=30.0|working_point=base,-2,velocity_rmse_mps_ground_speed,A1_to_A2,1,1
track,scene=base__seed_303__v_p12__snr_p30|seed=303|velocity=12.0|snr=30.0|working_point=base,-2,velocity_rmse_mps_ground_speed,A1_to_A3,1,1
track,scene=base__seed_303__v_p12__snr_p30|seed=303|velocity=12.0|snr=30.0|working_point=base,4,velocity_rmse_mps_ground_speed,A1_to_A2,1,1
track,scene=base__seed_303__v_p12__snr_p30|seed=303|velocity=12.0|snr=30.0|working_point=base,4,velocity_rmse_mps_ground_speed,A1_to_A3,1,1
track,scene=base__seed_303__v_p12__snr_p30|seed=303|velocity=12.0|snr=30.0|working_point=base,-4,velocity_rmse_mps_ground_speed,A1_to_A2,1,1
track,scene=base__seed_303__v_p12__snr_p30|seed=303|velocity=12.0|snr=30.0|working_point=base,-4,velocity_rmse_mps_ground_speed,A1_to_A3,1,1
track,scene=base__seed_303__v_p12__snr_p30|seed=303|velocity=12.0|snr=30.0|working_point=base,8,velocity_rmse_mps_ground_speed,A1_to_A2,1,1
track,scene=base__seed_303__v_p12__snr_p30|seed=303|velocity=12.0|snr=30.0|working_point=base,8,velocity_rmse_mps_ground_speed,A1_to_A3,1,1
track,scene=base__seed_303__v_p12__snr_p30|seed=303|velocity=12.0|snr=30.0|working_point=base,-8,velocity_rmse_mps_ground_speed,A1_to_A2,1,1
track,scene=base__seed_303__v_p12__snr_p30|seed=303|velocity=12.0|snr=30.0|working_point=base,-8,velocity_rmse_mps_ground_speed,A1_to_A3,1,1
track,scene=base__seed_303__v_p12__snr_p35|seed=303|velocity=12.0|snr=35.0|working_point=base,0,velocity_rmse_mps_ground_speed,A1_to_A2,1,1
track,scene=base__seed_303__v_p12__snr_p35|seed=303|velocity=12.0|snr=35.0|working_point=base,0,velocity_rmse_mps_ground_speed,A1_to_A3,1,1
track,scene=base__seed_303__v_p12__snr_p35|seed=303|velocity=12.0|snr=35.0|working_point=base,1,velocity_rmse_mps_ground_speed,A1_to_A2,1,1
track,scene=base__seed_303__v_p12__snr_p35|seed=303|velocity=12.0|snr=35.0|working_point=base,1,velocity_rmse_mps_ground_speed,A1_to_A3,1,1
track,scene=base__seed_303__v_p12__snr_p35|seed=303|velocity=12.0|snr=35.0|working_point=base,-1,velocity_rmse_mps_ground_speed,A1_to_A2,1,1
track,scene=base__seed_303__v_p12__snr_p35|seed=303|velocity=12.0|snr=35.0|working_point=base,-1,velocity_rmse_mps_ground_speed,A1_to_A3,1,1
track,scene=base__seed_303__v_p12__snr_p35|seed=303|velocity=12.0|snr=35.0|working_point=base,2,velocity_rmse_mps_ground_speed,A1_to_A2,1,1
track,scene=base__seed_303__v_p12__snr_p35|seed=303|velocity=12.0|snr=35.0|working_point=base,2,velocity_rmse_mps_ground_speed,A1_to_A3,1,1
track,scene=base__seed_303__v_p12__snr_p35|seed=303|velocity=12.0|snr=35.0|working_point=base,-2,velocity_rmse_mps_ground_speed,A1_to_A2,1,1
track,scene=base__seed_303__v_p12__snr_p35|seed=303|velocity=12.0|snr=35.0|working_point=base,-2,velocity_rmse_mps_ground_speed,A1_to_A3,1,1
track,scene=base__seed_303__v_p12__snr_p35|seed=303|velocity=12.0|snr=35.0|working_point=base,4,velocity_rmse_mps_ground_speed,A1_to_A2,1,1
track,scene=base__seed_303__v_p12__snr_p35|seed=303|velocity=12.0|snr=35.0|working_point=base,4,velocity_rmse_mps_ground_speed,A1_to_A3,1,1
track,scene=base__seed_303__v_p12__snr_p35|seed=303|velocity=12.0|snr=35.0|working_point=base,-4,velocity_rmse_mps_ground_speed,A1_to_A2,1,1
track,scene=base__seed_303__v_p12__snr_p35|seed=303|velocity=12.0|snr=35.0|working_point=base,-4,velocity_rmse_mps_ground_speed,A1_to_A3,1,1
track,scene=base__seed_303__v_p12__snr_p35|seed=303|velocity=12.0|snr=35.0|working_point=base,8,velocity_rmse_mps_ground_speed,A1_to_A2,1,1
track,scene=base__seed_303__v_p12__snr_p35|seed=303|velocity=12.0|snr=35.0|working_point=base,8,velocity_rmse_mps_ground_speed,A1_to_A3,1,1
track,scene=base__seed_303__v_p12__snr_p35|seed=303|velocity=12.0|snr=35.0|working_point=base,-8,velocity_rmse_mps_ground_speed,A1_to_A2,1,1
track,scene=base__seed_303__v_p12__snr_p35|seed=303|velocity=12.0|snr=35.0|working_point=base,-8,velocity_rmse_mps_ground_speed,A1_to_A3,1,1
track,scene=low_snr__seed_101__v_p6d7__snr_p20|seed=101|velocity=6.7|snr=20.0|working_point=low_snr,0,velocity_rmse_mps_ground_speed,A1_to_A2,1,1
track,scene=low_snr__seed_101__v_p6d7__snr_p20|seed=101|velocity=6.7|snr=20.0|working_point=low_snr,0,velocity_rmse_mps_ground_speed,A1_to_A3,1,1
track,scene=low_snr__seed_101__v_p6d7__snr_p20|seed=101|velocity=6.7|snr=20.0|working_point=low_snr,1,velocity_rmse_mps_ground_speed,A1_to_A2,1,1
track,scene=low_snr__seed_101__v_p6d7__snr_p20|seed=101|velocity=6.7|snr=20.0|working_point=low_snr,1,velocity_rmse_mps_ground_speed,A1_to_A3,1,1
track,scene=low_snr__seed_101__v_p6d7__snr_p20|seed=101|velocity=6.7|snr=20.0|working_point=low_snr,-1,velocity_rmse_mps_ground_speed,A1_to_A2,1,1
track,scene=low_snr__seed_101__v_p6d7__snr_p20|seed=101|velocity=6.7|snr=20.0|working_point=low_snr,-1,velocity_rmse_mps_ground_speed,A1_to_A3,1,1
track,scene=low_snr__seed_101__v_p6d7__snr_p20|seed=101|velocity=6.7|snr=20.0|working_point=low_snr,2,velocity_rmse_mps_ground_speed,A1_to_A2,1,1
track,scene=low_snr__seed_101__v_p6d7__snr_p20|seed=101|velocity=6.7|snr=20.0|working_point=low_snr,2,velocity_rmse_mps_ground_speed,A1_to_A3,1,1
track,scene=low_snr__seed_101__v_p6d7__snr_p20|seed=101|velocity=6.7|snr=20.0|working_point=low_snr,-2,velocity_rmse_mps_ground_speed,A1_to_A2,1,1
track,scene=low_snr__seed_101__v_p6d7__snr_p20|seed=101|velocity=6.7|snr=20.0|working_point=low_snr,-2,velocity_rmse_mps_ground_speed,A1_to_A3,1,1
track,scene=low_snr__seed_101__v_p6d7__snr_p20|seed=101|velocity=6.7|snr=20.0|working_point=low_snr,4,velocity_rmse_mps_ground_speed,A1_to_A2,1,1
track,scene=low_snr__seed_101__v_p6d7__snr_p20|seed=101|velocity=6.7|snr=20.0|working_point=low_snr,4,velocity_rmse_mps_ground_speed,A1_to_A3,1,1
track,scene=low_snr__seed_101__v_p6d7__snr_p20|seed=101|velocity=6.7|snr=20.0|working_point=low_snr,-4,velocity_rmse_mps_ground_speed,A1_to_A2,1,1
track,scene=low_snr__seed_101__v_p6d7__snr_p20|seed=101|velocity=6.7|snr=20.0|working_point=low_snr,-4,velocity_rmse_mps_ground_speed,A1_to_A3,1,1
track,scene=low_snr__seed_101__v_p6d7__snr_p20|seed=101|velocity=6.7|snr=20.0|working_point=low_snr,8,velocity_rmse_mps_ground_speed,A1_to_A2,1,1
track,scene=low_snr__seed_101__v_p6d7__snr_p20|seed=101|velocity=6.7|snr=20.0|working_point=low_snr,8,velocity_rmse_mps_ground_speed,A1_to_A3,1,1
track,scene=low_snr__seed_101__v_p6d7__snr_p20|seed=101|velocity=6.7|snr=20.0|working_point=low_snr,-8,velocity_rmse_mps_ground_speed,A1_to_A2,1,1
track,scene=low_snr__seed_101__v_p6d7__snr_p20|seed=101|velocity=6.7|snr=20.0|working_point=low_snr,-8,velocity_rmse_mps_ground_speed,A1_to_A3,1,1
track,scene=high_velocity__seed_101__v_p12__snr_p30|seed=101|velocity=12.0|snr=30.0|working_point=high_velocity,0,velocity_rmse_mps_ground_speed,A1_to_A2,1,1
track,scene=high_velocity__seed_101__v_p12__snr_p30|seed=101|velocity=12.0|snr=30.0|working_point=high_velocity,0,velocity_rmse_mps_ground_speed,A1_to_A3,1,1
track,scene=high_velocity__seed_101__v_p12__snr_p30|seed=101|velocity=12.0|snr=30.0|working_point=high_velocity,1,velocity_rmse_mps_ground_speed,A1_to_A2,1,1
track,scene=high_velocity__seed_101__v_p12__snr_p30|seed=101|velocity=12.0|snr=30.0|working_point=high_velocity,1,velocity_rmse_mps_ground_speed,A1_to_A3,1,1
track,scene=high_velocity__seed_101__v_p12__snr_p30|seed=101|velocity=12.0|snr=30.0|working_point=high_velocity,-1,velocity_rmse_mps_ground_speed,A1_to_A2,1,1
track,scene=high_velocity__seed_101__v_p12__snr_p30|seed=101|velocity=12.0|snr=30.0|working_point=high_velocity,-1,velocity_rmse_mps_ground_speed,A1_to_A3,1,1
track,scene=high_velocity__seed_101__v_p12__snr_p30|seed=101|velocity=12.0|snr=30.0|working_point=high_velocity,2,velocity_rmse_mps_ground_speed,A1_to_A2,1,1
track,scene=high_velocity__seed_101__v_p12__snr_p30|seed=101|velocity=12.0|snr=30.0|working_point=high_velocity,2,velocity_rmse_mps_ground_speed,A1_to_A3,1,1
track,scene=high_velocity__seed_101__v_p12__snr_p30|seed=101|velocity=12.0|snr=30.0|working_point=high_velocity,-2,velocity_rmse_mps_ground_speed,A1_to_A2,1,1
track,scene=high_velocity__seed_101__v_p12__snr_p30|seed=101|velocity=12.0|snr=30.0|working_point=high_velocity,-2,velocity_rmse_mps_ground_speed,A1_to_A3,1,1
track,scene=high_velocity__seed_101__v_p12__snr_p30|seed=101|velocity=12.0|snr=30.0|working_point=high_velocity,4,velocity_rmse_mps_ground_speed,A1_to_A2,1,1
track,scene=high_velocity__seed_101__v_p12__snr_p30|seed=101|velocity=12.0|snr=30.0|working_point=high_velocity,4,velocity_rmse_mps_ground_speed,A1_to_A3,1,1
track,scene=high_velocity__seed_101__v_p12__snr_p30|seed=101|velocity=12.0|snr=30.0|working_point=high_velocity,-4,velocity_rmse_mps_ground_speed,A1_to_A2,1,1
track,scene=high_velocity__seed_101__v_p12__snr_p30|seed=101|velocity=12.0|snr=30.0|working_point=high_velocity,-4,velocity_rmse_mps_ground_speed,A1_to_A3,1,1
track,scene=high_velocity__seed_101__v_p12__snr_p30|seed=101|velocity=12.0|snr=30.0|working_point=high_velocity,8,velocity_rmse_mps_ground_speed,A1_to_A2,1,1
track,scene=high_velocity__seed_101__v_p12__snr_p30|seed=101|velocity=12.0|snr=30.0|working_point=high_velocity,8,velocity_rmse_mps_ground_speed,A1_to_A3,1,1
track,scene=high_velocity__seed_101__v_p12__snr_p30|seed=101|velocity=12.0|snr=30.0|working_point=high_velocity,-8,velocity_rmse_mps_ground_speed,A1_to_A2,1,1
track,scene=high_velocity__seed_101__v_p12__snr_p30|seed=101|velocity=12.0|snr=30.0|working_point=high_velocity,-8,velocity_rmse_mps_ground_speed,A1_to_A3,1,1
track,scene=alternate_texture_geometry__seed_101__v_p6d7__snr_p30|seed=101|velocity=6.7|snr=30.0|working_point=alternate_texture_geometry,0,velocity_rmse_mps_ground_speed,A1_to_A2,1,1
track,scene=alternate_texture_geometry__seed_101__v_p6d7__snr_p30|seed=101|velocity=6.7|snr=30.0|working_point=alternate_texture_geometry,0,velocity_rmse_mps_ground_speed,A1_to_A3,1,1
track,scene=alternate_texture_geometry__seed_101__v_p6d7__snr_p30|seed=101|velocity=6.7|snr=30.0|working_point=alternate_texture_geometry,1,velocity_rmse_mps_ground_speed,A1_to_A2,1,1
track,scene=alternate_texture_geometry__seed_101__v_p6d7__snr_p30|seed=101|velocity=6.7|snr=30.0|working_point=alternate_texture_geometry,1,velocity_rmse_mps_ground_speed,A1_to_A3,1,1
track,scene=alternate_texture_geometry__seed_101__v_p6d7__snr_p30|seed=101|velocity=6.7|snr=30.0|working_point=alternate_texture_geometry,-1,velocity_rmse_mps_ground_speed,A1_to_A2,1,1
track,scene=alternate_texture_geometry__seed_101__v_p6d7__snr_p30|seed=101|velocity=6.7|snr=30.0|working_point=alternate_texture_geometry,-1,velocity_rmse_mps_ground_speed,A1_to_A3,1,1
track,scene=alternate_texture_geometry__seed_101__v_p6d7__snr_p30|seed=101|velocity=6.7|snr=30.0|working_point=alternate_texture_geometry,2,velocity_rmse_mps_ground_speed,A1_to_A2,1,1
track,scene=alternate_texture_geometry__seed_101__v_p6d7__snr_p30|seed=101|velocity=6.7|snr=30.0|working_point=alternate_texture_geometry,2,velocity_rmse_mps_ground_speed,A1_to_A3,1,1
track,scene=alternate_texture_geometry__seed_101__v_p6d7__snr_p30|seed=101|velocity=6.7|snr=30.0|working_point=alternate_texture_geometry,-2,velocity_rmse_mps_ground_speed,A1_to_A2,1,1
track,scene=alternate_texture_geometry__seed_101__v_p6d7__snr_p30|seed=101|velocity=6.7|snr=30.0|working_point=alternate_texture_geometry,-2,velocity_rmse_mps_ground_speed,A1_to_A3,1,1
track,scene=alternate_texture_geometry__seed_101__v_p6d7__snr_p30|seed=101|velocity=6.7|snr=30.0|working_point=alternate_texture_geometry,4,velocity_rmse_mps_ground_speed,A1_to_A2,1,1
track,scene=alternate_texture_geometry__seed_101__v_p6d7__snr_p30|seed=101|velocity=6.7|snr=30.0|working_point=alternate_texture_geometry,4,velocity_rmse_mps_ground_speed,A1_to_A3,1,1
track,scene=alternate_texture_geometry__seed_101__v_p6d7__snr_p30|seed=101|velocity=6.7|snr=30.0|working_point=alternate_texture_geometry,-4,velocity_rmse_mps_ground_speed,A1_to_A2,1,1
track,scene=alternate_texture_geometry__seed_101__v_p6d7__snr_p30|seed=101|velocity=6.7|snr=30.0|working_point=alternate_texture_geometry,-4,velocity_rmse_mps_ground_speed,A1_to_A3,1,1
track,scene=alternate_texture_geometry__seed_101__v_p6d7__snr_p30|seed=101|velocity=6.7|snr=30.0|working_point=alternate_texture_geometry,8,velocity_rmse_mps_ground_speed,A1_to_A2,1,1
track,scene=alternate_texture_geometry__seed_101__v_p6d7__snr_p30|seed=101|velocity=6.7|snr=30.0|working_point=alternate_texture_geometry,8,velocity_rmse_mps_ground_speed,A1_to_A3,1,1
track,scene=alternate_texture_geometry__seed_101__v_p6d7__snr_p30|seed=101|velocity=6.7|snr=30.0|working_point=alternate_texture_geometry,-8,velocity_rmse_mps_ground_speed,A1_to_A2,1,1
track,scene=alternate_texture_geometry__seed_101__v_p6d7__snr_p30|seed=101|velocity=6.7|snr=30.0|working_point=alternate_texture_geometry,-8,velocity_rmse_mps_ground_speed,A1_to_A3,1,1
